{
  "channels": [
    "A",
    "B",
    "C",
    "D"
  ],
  "v_supply": 10.0,
  "kv": 0.12732395447351627,
  "step_delta_pct": 15.0,
  "G_duty_to_current": [
    [
      0.04066666666666666,
      -0.0005833333333333334,
      0.004083333333333332,
      -0.0019166666666666666
    ],
    [
      -0.0005000000000000002,
      0.039583333333333325,
      0.004999999999999999,
      -0.0023333333333333335
    ],
    [
      0.0,
      0.00016666666666666666,
      0.02066666666666667,
      0.0
    ],
    [
      0.007416666666666664,
      0.01016666666666666,
      0.0032499999999999938,
      0.05266666666666666
    ]
  ],
  "R_full": [
    [
      3.1103541064606937,
      0.019227866891523546,
      -0.6371321913634523,
      0.11404513405309907
    ],
    [
      0.013331493064055016,
      3.183796408573619,
      -0.7951655874703968,
      0.14153943636160543
    ],
    [
      -0.00010751204083915334,
      -0.025675777488496924,
      6.167249132488451,
      -0.0011414470674323014
    ],
    [
      -0.44057557699244254,
      -0.6157169092994867,
      -0.13735403396252144,
      2.3742312372642145
    ]
  ],
  "cond_Rinv": 2.7188996637029064,
  "notes": {
    "A": {
      "own_delta_a": 0.61,
      "duty_step_pct": 15.0
    },
    "B": {
      "own_delta_a": 0.5937499999999999,
      "duty_step_pct": 15.0
    },
    "C": {
      "own_delta_a": 0.31000000000000005,
      "duty_step_pct": 15.0
    },
    "D": {
      "own_delta_a": 0.7899999999999999,
      "duty_step_pct": 15.0
    }
  }
}