{
  "channels": [
    "A",
    "B",
    "C",
    "D"
  ],
  "v_supply": 10.0,
  "kv": 0.12732395447351627,
  "step_delta_pct": 15.0,
  "G_duty_to_current": [
    [
      0.041666666666666664,
      -0.0006296296296296299,
      -0.0021666666666666666,
      0.005333333333333332
    ],
    [
      -0.00033333333333333365,
      0.0435925925925926,
      -0.0035833333333333338,
      0.006666666666666665
    ],
    [
      0.008999999999999992,
      0.011379629629629639,
      0.05500000000000001,
      0.0047500000000000025
    ],
    [
      0.0,
      7.407407407407407e-05,
      -0.00016666666666666666,
      0.02
    ]
  ],
  "R_full": [
    [
      3.0304511576061564,
      0.014454663957834716,
      0.11777494013841315,
      -0.8409100782971263
    ],
    [
      -0.016660324160603607,
      2.8742999614313613,
      0.18358668450025248,
      -0.9972590716031025
    ],
    [
      -0.4920961162489463,
      -0.5957166207888163,
      2.2561591818640556,
      -0.20603996776338906
    ],
    [
      -0.004039096064442686,
      -0.01560986058594888,
      0.018121375832199527,
      6.3681742760615005
    ]
  ],
  "cond_Rinv": 2.9874227393475166,
  "notes": {
    "A": {
      "own_delta_a": 0.625,
      "duty_step_pct": 15.0
    },
    "B": {
      "own_delta_a": 0.653888888888889,
      "duty_step_pct": 15.0
    },
    "C": {
      "own_delta_a": 0.8250000000000001,
      "duty_step_pct": 15.0
    },
    "D": {
      "own_delta_a": 0.3,
      "duty_step_pct": 15.0
    }
  }
}