{
  "K_x": [
    [
      1.5168413264782399,
      -0.2769482508435896,
      -0.04316689503295393,
      -1.028279514514118
    ],
    [
      -0.3160972392625507,
      1.4990740967301799,
      0.00834189185186566,
      -1.0397036384422198
    ],
    [
      -0.42079304081523283,
      -0.4718527075763778,
      1.4309853535410373,
      -0.46522467035687237
    ],
    [
      -0.3141990000240207,
      -0.24794727473416256,
      -0.1686842662969864,
      1.1330090051378252
    ]
  ],
  "K_d": [
    [
      -0.0,
      -0.0,
      -0.0,
      -0.0
    ],
    [
      -0.0,
      -0.0,
      -0.0,
      -0.0
    ],
    [
      -0.0,
      -0.0,
      -0.0,
      -0.0
    ],
    [
      -0.0,
      -0.0,
      -0.0,
      -0.0
    ]
  ],
  "K_z": [
    [
      30.336826529564796,
      -5.538965016871793,
      -0.8633379006590786,
      -20.565590290282355
    ],
    [
      -6.321944785251013,
      29.981481934603597,
      0.16683783703731342,
      -20.794072768844398
    ],
    [
      -8.415860816304654,
      -9.437054151527558,
      28.619707070820745,
      -9.304493407137445
    ],
    [
      -6.283980000480414,
      -4.958945494683251,
      -3.3736853259397273,
      22.660180102756506
    ]
  ],
  "q_track": 1.0,
  "q_spread": 33.33333333333333,
  "q_integral": 5.0,
  "q_derivative": 0.0,
  "r_duty": 0.22500000000000003,
  "closed_loop_eig": [
    [
      0.0,
      0.0
    ],
    [
      0.0,
      0.0
    ],
    [
      0.0,
      0.0
    ],
    [
      0.0,
      0.0
    ],
    [
      0.9916919703223526,
      0.0
    ],
    [
      0.9406948304655307,
      0.0
    ],
    [
      0.9220980585977436,
      0.0
    ],
    [
      0.9171296658550026,
      0.0
    ],
    [
      -3.4053869014629054e-17,
      0.0
    ],
    [
      7.836527652573414e-17,
      0.0
    ],
    [
      3.210915010738621e-17,
      0.0
    ],
    [
      -3.347870700173347e-17,
      0.0
    ]
  ],
  "channels": [
    "A",
    "B",
    "C",
    "D"
  ]
}