{
  "K_x": [
    [
      2.0961496155656314,
      -0.2928828404157977,
      -1.4699781546292794,
      -0.0436614342104405
    ],
    [
      -0.3029207433981207,
      2.1525606154215446,
      -1.5513181069245614,
      -0.014813048523377623
    ],
    [
      -0.5347499855433646,
      -0.5194987384769849,
      1.9668819254653407,
      -0.2615507531482626
    ],
    [
      -0.47723233918842645,
      -0.6029687377399185,
      -0.6037706332283291,
      1.8164811353948265
    ]
  ],
  "K_d": [
    [
      -0.0,
      -0.0,
      -0.0,
      -0.0
    ],
    [
      -0.0,
      -0.0,
      -0.0,
      -0.0
    ],
    [
      -0.0,
      -0.0,
      -0.0,
      -0.0
    ],
    [
      -0.0,
      -0.0,
      -0.0,
      -0.0
    ]
  ],
  "K_z": [
    [
      41.92299231131262,
      -5.857656808315956,
      -29.39956309258558,
      -0.8732286842088112
    ],
    [
      -6.058414867962416,
      43.051212308430884,
      -31.02636213849123,
      -0.2962609704675536
    ],
    [
      -10.694999710867295,
      -10.389974769539702,
      39.33763850930683,
      -5.231015062965257
    ],
    [
      -9.544646783768531,
      -12.059374754798368,
      -12.075412664566581,
      36.329622707896526
    ]
  ],
  "q_track": 1.0,
  "q_spread": 75.0,
  "q_integral": 5.0,
  "q_derivative": 0.0,
  "r_duty": 0.08000000000000002,
  "closed_loop_eig": [
    [
      0.0,
      0.0
    ],
    [
      0.0,
      0.0
    ],
    [
      0.0,
      0.0
    ],
    [
      0.0,
      0.0
    ],
    [
      0.9863101174552303,
      0.0
    ],
    [
      0.9095074978387916,
      0.0
    ],
    [
      0.9014892999624539,
      0.0
    ],
    [
      0.8996465462636013,
      0.0
    ],
    [
      -6.072086029066433e-17,
      3.949017082146632e-17
    ],
    [
      -6.072086029066433e-17,
      -3.949017082146632e-17
    ],
    [
      9.211842125785796e-17,
      1.7967610045182355e-17
    ],
    [
      9.211842125785796e-17,
      -1.7967610045182355e-17
    ]
  ],
  "channels": [
    "A",
    "B",
    "C",
    "D"
  ]
}