{
  "A": {
    "R": 0.25600921072449845,
    "L": 0.0009457700837508491,
    "C": 0.0011277799570194066,
    "f0_hz": 154.10444276034877,
    "resid_rms_a": 0.03232052615411843,
    "n_points": 23
  },
  "B": {
    "R": 0.22401264976606222,
    "L": 0.0007890583163301964,
    "C": 0.0013281344306762348,
    "f0_hz": 155.4692713559022,
    "resid_rms_a": 0.03374048312124224,
    "n_points": 23
  },
  "C": {
    "R": 0.25363055919525074,
    "L": 0.0009234868603441899,
    "C": 0.0011653826969044306,
    "f0_hz": 153.41594112518408,
    "resid_rms_a": 0.03393327864187486,
    "n_points": 23
  },
  "D": {
    "R": 0.2785653688362349,
    "L": 0.0010851465129544534,
    "C": 0.0009962343727064789,
    "f0_hz": 153.07179714407437,
    "resid_rms_a": 0.02966119160501175,
    "n_points": 23
  }
}