{
  "channels": [
    "A",
    "B",
    "C",
    "D"
  ],
  "v_supply": 10.0,
  "ts": 0.05,
  "A": [
    [
      -3288.7000338658167,
      -20.330381793498216,
      673.6649871992531,
      -120.58441688153755
    ],
    [
      -16.895447127479738,
      -4034.931693491332,
      1007.7399490174622,
      -179.37766250267308
    ],
    [
      0.11641967574837271,
      27.80307830143613,
      -6678.220770991668,
      1.236018742060798
    ],
    [
      406.00561466388336,
      567.4044029530324,
      126.57648743537598,
      -2187.936107171426
    ]
  ],
  "B": [
    [
      134.62463727818454,
      0.0,
      0.0,
      0.0
    ],
    [
      0.0,
      161.3619067671484,
      0.0,
      0.0
    ],
    [
      0.0,
      0.0,
      137.87305476773298,
      0.0
    ],
    [
      0.0,
      0.0,
      0.0,
      117.33342267935797
    ]
  ],
  "C": [
    [
      0.0655307994757536,
      0.0,
      0.0,
      0.0
    ],
    [
      0.0,
      0.06544502617801047,
      0.0,
      0.0
    ],
    [
      0.0,
      0.0,
      0.06422607578676942,
      0.0
    ],
    [
      0.0,
      0.0,
      0.0,
      0.0651890482398957
    ]
  ],
  "D": [
    [
      0.0,
      0.0,
      0.0,
      0.0
    ],
    [
      0.0,
      0.0,
      0.0,
      0.0
    ],
    [
      0.0,
      0.0,
      0.0,
      0.0
    ],
    [
      0.0,
      0.0,
      0.0,
      0.0
    ]
  ],
  "Ad": [
    [
      -7.879375195655893e-52,
      -6.3357377420325594e-52,
      -3.2320158823046447e-52,
      -1.95588572851112e-51
    ],
    [
      -6.736427704346584e-52,
      -5.416703506698492e-52,
      -2.763193881470295e-52,
      -1.6721735519514934e-51
    ],
    [
      -2.4333006382347145e-54,
      -1.9565960889735593e-54,
      -9.9810785930495e-55,
      -6.040146424457846e-54
    ],
    [
      6.596954300411125e-51,
      5.3045541436613286e-51,
      2.705983728953758e-51,
      1.6375522738056542e-50
    ]
  ],
  "Bd": [
    [
      0.04066666666666667,
      -0.0005833333333333334,
      0.004083333333333332,
      -0.0019166666666666668
    ],
    [
      -0.0005000000000000004,
      0.03958333333333332,
      0.004999999999999999,
      -0.0023333333333333344
    ],
    [
      -1.168395646209796e-22,
      0.00016666666666666663,
      0.02066666666666667,
      -1.752940174254223e-21
    ],
    [
      0.007416666666666665,
      0.010166666666666662,
      0.0032499999999999938,
      0.05266666666666667
    ]
  ],
  "L": [
    [
      0.0009457700837508491,
      0.0,
      0.0,
      0.0
    ],
    [
      0.0,
      0.0007890583163301964,
      0.0,
      0.0
    ],
    [
      0.0,
      0.0,
      0.0009234868603441899,
      0.0
    ],
    [
      0.0,
      0.0,
      0.0,
      0.0010851465129544534
    ]
  ],
  "R": [
    [
      3.1103541064606937,
      0.019227866891523546,
      -0.6371321913634523,
      0.11404513405309907
    ],
    [
      0.013331493064055016,
      3.183796408573619,
      -0.7951655874703968,
      0.14153943636160543
    ],
    [
      -0.00010751204083915334,
      -0.025675777488496924,
      6.167249132488451,
      -0.0011414470674323014
    ],
    [
      -0.44057557699244254,
      -0.6157169092994867,
      -0.13735403396252144,
      2.3742312372642145
    ]
  ],
  "Kv": [
    0.12732395447351627,
    0.12732395447351627,
    0.12732395447351627,
    0.12732395447351627
  ],
  "missing_coupling_pairs": [
    "AB",
    "AC",
    "AD",
    "BC",
    "BD",
    "CD"
  ],
  "coupling_from_fit": true,
  "sens": {
    "A": 15.26,
    "B": 15.28,
    "C": 15.57,
    "D": 15.34
  }
}