{
  "channels": [
    "A",
    "B",
    "C",
    "D"
  ],
  "v_supply": 10.0,
  "ts": 0.05,
  "A": [
    [
      -3204.2154955754445,
      -15.2834861306975,
      -124.52808791680859,
      889.1273817439262
    ],
    [
      21.114186132767124,
      -3642.6964926994774,
      -232.66554664056937,
      1263.8597819248894
    ],
    [
      532.8674801778324,
      645.0731963493109,
      -2443.0874750325843,
      223.11088182304678
    ],
    [
      3.7221665611270485,
      14.385025800294,
      -16.6994738644662,
      -5868.492595274819
    ]
  ],
  "B": [
    [
      134.62463727818454,
      0.0,
      0.0,
      0.0
    ],
    [
      0.0,
      161.3619067671484,
      0.0,
      0.0
    ],
    [
      0.0,
      0.0,
      137.87305476773298,
      0.0
    ],
    [
      0.0,
      0.0,
      0.0,
      117.33342267935797
    ]
  ],
  "C": [
    [
      0.0655307994757536,
      0.0,
      0.0,
      0.0
    ],
    [
      0.0,
      0.06544502617801047,
      0.0,
      0.0
    ],
    [
      0.0,
      0.0,
      0.06422607578676942,
      0.0
    ],
    [
      0.0,
      0.0,
      0.0,
      0.0651890482398957
    ]
  ],
  "D": [
    [
      0.0,
      0.0,
      0.0,
      0.0
    ],
    [
      0.0,
      0.0,
      0.0,
      0.0
    ],
    [
      0.0,
      0.0,
      0.0,
      0.0
    ],
    [
      0.0,
      0.0,
      0.0,
      0.0
    ]
  ],
  "Ad": [
    [
      -1.6602253959144938e-61,
      -9.118282811271912e-62,
      -1.2033426390811355e-61,
      -9.45449407391484e-62
    ],
    [
      -1.5565596619333504e-61,
      -8.548548038080666e-62,
      -1.1281301692734005e-61,
      -8.864004547643834e-62
    ],
    [
      5.2521721733144537e-61,
      2.8843797350204093e-61,
      3.806387128829311e-61,
      2.990875954996209e-61
    ],
    [
      -3.794787185818443e-63,
      -2.084049999695128e-63,
      -2.7502498503950703e-63,
      -2.1609737586406882e-63
    ]
  ],
  "Bd": [
    [
      0.04166666666666666,
      -0.0006296296296296296,
      -0.0021666666666666657,
      0.005333333333333331
    ],
    [
      -0.00033333333333333327,
      0.043592592592592586,
      -0.0035833333333333325,
      0.006666666666666665
    ],
    [
      0.00899999999999999,
      0.011379629629629634,
      0.05499999999999999,
      0.004750000000000002
    ],
    [
      4.731060422822193e-21,
      7.407407407407409e-05,
      -0.00016666666666666666,
      0.020000000000000004
    ]
  ],
  "L": [
    [
      0.0009457700837508491,
      0.0,
      0.0,
      0.0
    ],
    [
      0.0,
      0.0007890583163301964,
      0.0,
      0.0
    ],
    [
      0.0,
      0.0,
      0.0009234868603441899,
      0.0
    ],
    [
      0.0,
      0.0,
      0.0,
      0.0010851465129544534
    ]
  ],
  "R": [
    [
      3.0304511576061564,
      0.014454663957834716,
      0.11777494013841315,
      -0.8409100782971263
    ],
    [
      -0.016660324160603607,
      2.8742999614313613,
      0.18358668450025248,
      -0.9972590716031025
    ],
    [
      -0.4920961162489463,
      -0.5957166207888163,
      2.2561591818640556,
      -0.20603996776338906
    ],
    [
      -0.004039096064442686,
      -0.01560986058594888,
      0.018121375832199527,
      6.3681742760615005
    ]
  ],
  "Kv": [
    0.12732395447351627,
    0.12732395447351627,
    0.12732395447351627,
    0.12732395447351627
  ],
  "missing_coupling_pairs": [
    "AB",
    "AC",
    "AD",
    "BC",
    "BD",
    "CD"
  ],
  "coupling_from_fit": true,
  "sens": {
    "A": 15.26,
    "B": 15.28,
    "C": 15.57,
    "D": 15.34
  }
}