frame,t,theta_deg,area_px,cx,cy,d1,d2,ang_deg,rcx,rcy,rd1,rd2,rang
0,573631.865399,69.477,47,140.091,2.541,48.993,139.745,71.386,452.73,193.83,64.27,181.59,71.09
1,573631.872549,68.41,52,143.893,2.646,51.53,140.038,72.309,457.67,193.96,67.6,181.89,72.0
2,573631.876241,68.571,50,143.431,2.743,51.471,140.879,72.491,457.04,194.12,67.57,182.9,72.16
3,573631.884573,68.841,47,143.206,2.73,51.299,142.119,72.661,456.68,194.08,67.28,184.9,72.41
4,573631.888174,68.731,47,143.109,2.742,51.448,141.831,72.685,456.65,194.05,67.43,184.43,72.44
5,573631.897013,68.842,47,143.057,2.764,51.361,142.296,72.725,456.57,194.1,67.38,185.11,72.48
6,573631.90078,68.869,44,143.129,2.739,51.335,142.398,72.744,456.77,194.0,67.23,185.59,72.5
7,573631.904786,68.674,47,143.354,2.638,51.54,141.719,72.515,457.02,193.94,67.65,183.78,72.21
8,573631.908497,68.824,49,143.184,2.568,51.551,142.712,72.663,456.74,193.86,67.64,185.38,72.38
9,573631.912936,68.635,47,143.102,2.664,51.743,142.033,72.541,456.59,194.0,67.88,184.65,72.26
10,573631.916769,68.898,47,143.319,2.621,51.342,142.605,72.651,456.96,193.86,67.23,185.55,72.45
11,573631.924282,68.357,49,143.96,2.75,51.591,139.882,72.102,457.77,194.09,67.68,181.6,71.81
12,573631.928386,68.52,49,143.46,2.854,51.563,140.812,72.413,457.16,194.22,67.63,183.06,72.12
13,573631.932129,69.451,45,140.171,2.66,49.101,139.888,71.245,452.94,193.96,64.48,181.56,70.99
14,573631.936325,68.499,49,143.619,2.679,51.691,141.035,72.41,457.39,193.88,67.57,183.56,72.22
15,573631.940642,68.568,49,143.467,2.667,51.609,141.24,72.47,457.02,194.02,67.72,183.37,72.17
16,573631.9486,68.51,48,143.255,2.575,51.688,141.093,72.549,456.85,193.88,67.88,183.01,72.22
17,573631.960027,68.513,49,143.287,2.865,51.675,141.077,72.564,456.88,194.25,67.81,183.2,72.26
18,573631.964143,68.781,49,142.984,2.842,51.523,142.354,72.761,456.47,194.22,67.61,184.9,72.47
19,573631.97223,68.341,49,143.475,2.702,51.715,140.121,72.293,457.12,194.07,67.94,181.45,71.91
20,573631.97646,68.505,50,143.199,2.481,51.604,140.832,72.526,456.82,193.74,67.74,182.66,72.21
21,573631.979899,68.411,49,143.312,2.523,51.579,140.181,72.366,456.85,193.86,67.77,181.56,72.03
22,573631.984238,68.587,51,143.221,2.701,51.48,141.004,72.527,456.86,194.01,67.52,183.28,72.21
23,573631.987838,68.533,49,143.257,2.904,51.561,140.894,72.49,456.84,194.3,67.66,182.97,72.18
24,573631.992118,69.134,52,143.29,2.741,51.099,143.463,72.873,456.89,194.08,67.03,186.41,72.59
25,573632.000845,68.293,52,143.683,2.746,51.743,139.899,72.216,457.39,194.1,67.89,181.69,71.9
26,573632.004968,68.398,49,143.511,2.635,51.636,140.257,72.422,457.26,193.91,67.72,181.99,72.13
27,573632.008412,68.702,50,142.986,2.616,51.57,141.982,72.829,456.48,193.86,67.62,184.77,72.64
28,573632.012026,68.396,51,143.322,2.616,51.73,140.501,72.52,456.89,193.95,67.91,182.45,72.19
29,573632.016108,68.805,49,143.057,2.584,51.54,142.557,72.847,456.75,193.82,67.49,185.48,72.59
30,573632.024826,68.335,52,143.752,2.532,51.747,140.17,72.421,457.54,193.82,67.86,182.03,72.07
31,573632.02863,68.511,51,143.268,2.749,51.637,140.958,72.6,456.86,194.1,67.75,183.05,72.3
32,573632.032424,68.311,48,143.675,2.886,51.64,139.732,72.178,457.39,194.28,67.76,181.46,71.85
33,573632.036912,68.75,50,142.995,2.75,51.507,142.116,72.786,456.31,194.12,67.68,184.39,72.56
34,573632.048546,68.429,50,143.239,2.621,51.776,140.826,72.508,456.79,193.91,68.05,182.55,72.22
35,573632.05248,69.508,48,140.037,2.468,49.074,140.178,71.314,452.78,193.7,64.44,181.95,71.05
36,573632.061371,68.036,53,143.637,2.927,52.118,139.343,71.972,457.29,194.36,68.4,180.87,71.65
37,573632.064535,68.588,51,143.143,2.728,51.658,141.502,72.597,456.63,194.07,67.78,183.9,72.33
38,573632.068169,68.489,48,143.311,2.607,51.712,141.03,72.49,456.83,193.91,67.87,183.23,72.23
39,573632.07691,68.571,53,142.889,2.664,51.729,141.587,72.745,456.13,194.08,67.88,183.53,72.54
40,573632.080736,68.439,50,143.321,2.654,51.76,140.847,72.464,456.95,193.99,67.97,182.68,72.11
41,573632.084531,68.639,51,142.902,2.665,51.685,141.896,72.771,456.32,193.94,67.84,184.3,72.56
42,573632.088099,68.663,50,142.861,2.752,51.635,141.913,72.73,456.25,194.1,67.77,184.38,72.47
43,573632.092249,68.559,49,142.56,2.839,51.74,141.54,72.907,455.86,194.24,67.92,183.65,72.64
44,573632.100448,68.464,54,143.038,2.816,51.644,140.687,72.588,456.63,194.16,67.79,182.42,72.28
45,573632.104624,68.479,51,143.101,2.819,51.658,140.819,72.566,456.58,194.21,67.82,182.66,72.25
46,573632.107648,68.637,51,142.726,2.769,51.636,141.748,72.854,455.95,194.06,68.11,183.72,72.63
47,573632.113046,68.409,50,143.209,2.668,51.593,140.206,72.657,456.88,193.97,67.73,181.71,72.33
48,573632.116299,68.699,51,143.257,2.649,51.349,141.353,72.588,456.81,193.97,67.36,183.71,72.3
49,573632.124867,68.573,50,143.17,2.768,51.493,140.954,72.567,456.73,194.12,67.57,183.03,72.27
50,573632.137183,68.539,52,143.207,2.762,51.503,140.771,72.505,456.76,194.12,67.63,182.42,72.18
51,573632.140752,68.758,50,142.902,2.637,51.384,141.822,72.69,456.15,194.04,67.49,183.55,72.44
52,573632.143978,68.57,51,143.278,2.546,51.543,141.075,72.446,456.8,193.86,67.66,182.98,72.15
53,573632.153662,68.633,50,143.322,2.682,51.44,141.187,72.476,456.9,194.03,67.54,182.93,72.18
54,573632.15599,68.584,49,143.591,2.825,51.368,140.685,72.38,457.39,194.19,67.4,182.42,72.02
55,573632.160635,68.919,52,143.247,2.766,51.295,142.611,72.757,456.82,194.12,67.3,185.26,72.47
56,573632.164473,68.8,49,143.325,2.723,51.392,142.113,72.701,456.85,194.07,67.39,184.95,72.45
57,573632.167722,68.416,48,143.739,2.534,51.479,139.939,72.535,457.46,193.82,67.54,181.75,72.22
58,573632.17683,68.602,49,143.325,2.595,51.465,141.062,72.531,456.95,193.92,67.58,182.96,72.18
59,573632.180227,68.805,47,142.908,2.652,51.404,142.179,72.787,456.43,193.97,67.4,184.71,72.47
60,573632.184284,68.691,49,143.154,2.652,51.35,141.309,72.709,456.62,193.93,67.37,183.73,72.52
61,573632.189224,68.942,47,142.883,2.763,51.212,142.527,72.833,456.34,194.12,67.2,185.12,72.55
62,573632.1919,68.795,47,143.484,2.745,51.151,141.415,72.591,457.13,194.09,67.12,183.64,72.29
63,573632.200732,68.867,45,142.894,2.779,51.304,142.3,72.948,456.13,194.07,67.78,184.15,72.72
64,573632.20419,68.524,51,142.452,3.045,51.509,140.693,72.996,455.77,194.49,67.6,182.7,72.71
65,573632.208106,68.614,50,143.383,2.691,51.431,141.04,72.554,457.06,194.01,67.5,182.93,72.23
66,573632.212578,68.743,45,143.327,2.578,51.417,141.818,72.6,456.88,193.88,67.44,184.4,72.33
67,573632.220139,68.354,47,143.856,2.441,51.551,139.752,72.706,457.61,193.69,67.64,181.51,72.4
68,573632.228551,68.585,47,143.538,2.707,51.642,141.438,72.549,457.21,194.04,67.76,183.68,72.25
69,573632.231881,68.239,49,142.578,2.729,52.25,140.938,72.971,455.75,194.11,68.72,182.58,72.75
70,573632.241028,68.52,55,142.995,2.598,52.005,142.021,72.764,456.44,193.9,68.22,184.2,72.53
71,573632.244086,68.466,50,142.881,2.671,52.087,141.906,72.756,456.31,194.01,68.34,184.46,72.46
72,573632.253065,68.232,50,143.185,2.68,52.168,140.672,72.511,456.75,194.01,68.45,182.67,72.2
73,573632.255925,68.228,51,143.126,2.756,52.117,140.51,72.535,456.67,194.11,68.39,182.47,72.23
74,573632.261608,68.488,51,142.764,2.732,51.942,141.649,72.845,456.22,194.04,68.11,184.0,72.59
75,573632.264164,68.338,49,143.129,2.796,51.944,140.717,72.56,456.68,194.16,68.16,182.73,72.25
76,573632.268379,68.358,52,143.072,2.828,51.862,140.622,72.631,456.54,194.19,68.1,182.62,72.36
77,573632.276293,68.247,51,143.372,2.782,51.748,139.629,72.43,456.99,194.14,67.9,181.35,72.12
78,573632.280043,68.829,49,142.976,2.674,51.465,142.499,72.77,456.57,193.89,67.27,186.01,72.58
79,573632.284518,68.526,50,143.221,2.626,51.617,141.0,72.531,456.77,193.89,67.59,183.57,72.29
80,573632.287693,68.438,49,143.059,2.74,51.687,140.641,72.522,456.59,194.09,67.82,182.63,72.22
81,573632.292816,68.418,52,143.083,2.79,51.668,140.464,72.584,456.62,194.15,67.8,182.41,72.28
82,573632.296096,68.152,49,143.214,2.684,51.873,139.389,72.667,456.75,193.92,68.34,180.72,72.38
83,573632.305093,68.398,52,143.181,2.775,51.75,140.563,72.491,456.74,194.13,67.9,182.55,72.19
84,573632.317215,68.834,50,143.088,2.672,51.517,142.679,72.705,456.68,193.98,67.57,185.56,72.44
85,573632.319944,68.725,47,143.107,2.667,51.654,142.36,72.661,456.55,194.0,67.82,185.02,72.39
86,573632.328982,68.419,48,143.235,2.755,51.804,140.843,72.412,456.81,194.11,67.98,182.89,72.1
87,573632.331803,68.317,48,143.595,2.733,51.764,140.104,72.213,457.28,194.08,67.92,181.95,71.9
88,573632.335787,68.341,49,143.391,2.729,51.785,140.31,72.348,457.02,194.07,67.95,182.2,72.03
89,573632.340005,68.482,50,143.39,2.678,51.629,140.754,72.435,457.07,194.02,67.81,182.44,72.07
90,573632.343941,68.519,48,143.396,2.659,51.607,140.93,72.428,457.15,193.93,67.66,183.4,72.11
91,573632.352672,68.387,48,143.528,2.619,51.676,140.298,72.355,457.0,193.98,67.96,181.3,72.09
92,573632.356629,68.558,51,143.381,2.62,51.55,141.016,72.498,457.01,193.93,67.64,183.12,72.19
93,573632.360464,68.748,47,143.023,2.678,51.57,142.276,72.748,456.52,194.0,67.67,184.79,72.46
94,573632.364226,68.341,46,143.482,2.673,51.738,140.181,72.538,457.13,194.01,67.92,181.67,72.25
95,573632.368107,68.639,51,143.048,2.709,51.632,141.752,72.759,456.51,194.04,67.74,184.28,72.49
96,573632.37207,68.614,49,142.965,2.734,51.684,141.738,72.71,456.36,194.1,67.82,184.3,72.44
97,573632.380136,68.407,49,142.848,2.792,51.76,140.651,72.772,456.18,194.2,67.96,182.32,72.51
98,573632.38439,68.739,53,143.017,2.678,51.51,142.053,72.74,456.37,193.98,67.78,184.27,72.52
99,573632.388458,68.658,48,143.188,2.727,51.539,141.618,72.621,456.63,194.07,67.67,184.01,72.38
100,573632.392529,68.55,46,143.355,2.739,51.595,141.086,72.509,456.93,194.11,67.74,183.16,72.18
101,573632.405245,68.943,49,143.344,2.607,51.373,142.984,72.702,457.01,193.86,67.34,185.82,72.45
102,573632.408098,68.553,47,143.368,2.636,51.615,141.161,72.519,456.99,193.95,67.73,183.27,72.21
103,573632.412269,68.75,50,143.169,2.628,51.551,142.236,72.683,456.71,193.94,67.64,184.75,72.4
104,573632.418159,68.276,47,142.96,2.827,51.815,139.991,72.595,456.21,194.29,68.05,181.36,72.4
105,573632.424004,68.341,53,143.567,2.682,51.723,140.138,72.308,457.4,193.95,67.83,182.11,72.01
106,573632.432184,68.625,50,142.968,2.7,51.664,141.75,72.719,456.38,193.99,67.84,184.09,72.52
107,573632.435984,68.453,47,143.225,2.743,51.853,141.188,72.509,456.65,194.1,68.02,183.77,72.28
108,573632.44031,68.498,48,143.36,2.691,51.677,140.992,72.434,456.98,194.02,67.81,183.09,72.13
109,573632.444302,68.445,49,143.515,2.659,51.69,140.695,72.31,456.87,194.09,67.94,182.25,72.04
110,573632.448371,68.407,50,143.207,2.615,51.81,140.785,72.523,456.77,193.92,67.99,182.83,72.22
111,573632.456791,68.557,50,142.809,2.646,51.817,141.741,72.755,456.19,193.95,68.05,184.06,72.49
112,573632.459931,68.741,51,142.948,2.654,51.632,142.397,72.784,456.56,193.89,67.7,184.71,72.55
113,573632.465102,68.659,46,143.192,2.701,51.571,141.712,72.567,456.69,194.02,67.66,184.45,72.34
114,573632.468108,68.743,48,142.802,2.76,51.539,142.153,72.812,456.28,194.07,67.58,184.67,72.56
115,573632.472164,68.807,49,142.907,2.759,51.423,142.244,72.807,456.54,194.05,67.41,185.31,72.52
116,573632.480195,68.655,46,142.966,2.781,51.506,141.508,72.638,456.31,194.15,67.56,184.2,72.42
117,573632.49261,68.776,48,142.82,2.765,51.481,142.206,72.826,456.25,194.08,67.51,184.84,72.6
118,573632.496085,68.578,49,142.792,2.818,51.692,141.535,72.77,456.11,194.17,67.99,183.6,72.53
119,573632.500351,68.48,51,142.93,2.786,51.745,141.061,72.705,456.35,194.14,67.94,183.18,72.44
120,573632.508851,68.107,49,143.432,2.63,51.872,139.115,72.685,456.95,193.96,68.1,180.62,72.44
121,573632.511766,68.371,48,143.323,2.715,51.806,140.553,72.446,457.07,194.07,68.03,182.03,72.02
122,573632.516972,68.469,48,142.707,2.69,51.951,141.552,72.857,456.05,194.01,68.22,183.85,72.6
123,573632.519908,68.262,50,143.095,2.684,52.131,140.757,72.539,456.63,194.01,68.41,182.79,72.23
124,573632.524371,68.69,47,143.056,2.587,51.805,142.553,72.76,456.63,193.86,67.95,185.37,72.49
125,573632.532357,68.323,48,143.351,2.699,52.006,140.797,72.372,456.96,194.04,68.24,182.83,72.06
126,573632.535854,68.445,48,142.772,2.73,52.003,141.543,72.821,456.08,194.12,68.28,183.49,72.57
127,573632.540718,68.014,51,143.511,2.557,52.122,139.224,72.651,457.16,193.85,68.39,180.82,72.34
128,573632.544301,68.269,47,143.927,2.402,51.778,139.846,72.628,457.66,193.65,67.91,181.83,72.34
129,573632.547893,68.294,47,143.856,2.412,51.75,139.921,72.646,457.61,193.65,67.89,181.73,72.34
130,573632.556428,68.558,47,143.457,2.594,51.687,141.394,72.523,457.19,193.86,67.79,183.86,72.2
131,573632.560228,68.512,46,143.354,2.62,51.789,141.382,72.567,456.84,193.93,67.98,183.85,72.33
132,573632.563809,68.498,47,143.462,2.621,51.673,140.978,72.419,457.05,193.95,67.93,182.81,72.1
133,573632.568102,68.75,47,143.034,2.622,51.612,142.404,72.763,456.64,193.88,67.68,185.31,72.46
134,573632.576093,68.359,47,142.685,2.817,51.874,140.662,72.764,455.88,194.27,68.11,182.13,72.59
135,573632.584058,68.5,52,143.099,2.682,51.716,141.107,72.641,456.6,194.02,67.85,183.39,72.34
136,573632.588178,68.426,49,143.488,2.68,51.655,140.479,72.382,457.15,194.01,67.78,182.41,72.07
137,573632.596947,68.455,50,143.573,2.634,51.57,140.428,72.377,457.26,193.95,67.66,182.35,72.07
138,573632.599942,68.371,49,143.711,2.591,51.589,139.962,72.37,457.28,193.95,67.74,181.32,72.06
139,573632.608395,68.89,52,143.337,2.589,51.32,142.492,72.673,456.99,193.85,67.23,185.64,72.44
140,573632.612533,68.401,47,143.879,2.383,51.544,140.022,72.667,457.64,193.62,67.63,181.87,72.36
141,573632.616004,68.866,50,143.411,2.587,51.383,142.514,72.613,457.14,193.83,67.32,185.5,72.38
142,573632.620958,68.788,48,143.148,2.569,51.58,142.558,72.677,456.61,193.84,67.85,184.85,72.4
143,573632.624505,68.577,48,143.36,2.639,51.571,141.194,72.511,457.03,193.95,67.7,183.09,72.19
144,573632.632549,69.056,51,143.493,2.55,51.182,143.182,72.718,457.17,193.79,67.02,186.3,72.45
145,573632.636962,68.287,51,143.92,2.671,51.775,139.947,71.978,457.7,194.01,67.93,181.75,71.65
146,573632.640407,68.597,47,143.4,2.696,51.586,141.362,72.47,457.04,194.03,67.69,183.55,72.16
147,573632.643762,68.709,49,143.008,2.673,51.587,142.075,72.713,456.39,194.01,67.82,183.9,72.48
148,573632.647835,68.269,48,143.772,2.484,51.712,139.668,72.614,457.37,193.7,67.97,181.02,72.41
149,573632.652717,68.737,51,143.371,2.6,51.54,142.121,72.556,457.04,193.85,67.51,185.06,72.34
150,573632.665059,68.329,48,143.637,2.49,51.725,140.073,72.609,457.22,193.78,67.93,181.75,72.36
151,573632.668516,68.396,50,143.536,2.664,51.728,140.493,72.367,457.32,193.99,67.87,182.19,71.99
152,573632.676343,68.427,49,143.52,2.678,51.715,140.648,72.337,457.21,194.03,67.91,182.4,71.98
153,573632.684642,68.459,48,143.516,2.675,51.649,140.666,72.32,457.13,194.05,67.86,182.16,71.94
154,573632.688698,68.657,50,143.037,2.679,51.585,141.736,72.639,456.47,194.04,67.72,183.83,72.36
155,573632.692465,68.4,47,143.404,2.778,51.697,140.437,72.319,457.02,194.15,67.88,181.94,71.98
156,573632.696542,68.771,51,142.871,2.764,51.464,142.125,72.708,456.32,194.11,67.53,184.59,72.42
157,573632.700236,68.572,50,143.083,2.747,51.59,141.211,72.63,456.47,194.16,67.74,182.94,72.36
158,573632.708756,68.659,49,142.686,2.815,51.569,141.704,72.822,455.82,194.3,68.06,183.18,72.55
159,573632.712564,68.191,52,143.452,2.612,51.772,139.353,72.668,457.07,193.92,67.93,180.75,72.4
160,573632.716214,68.45,52,143.251,2.756,51.591,140.453,72.471,456.81,194.13,67.73,182.37,72.13
161,573632.72007,68.498,51,143.423,2.676,51.559,140.668,72.437,457.08,193.99,67.65,182.61,72.14
162,573632.724272,68.689,49,142.809,2.683,51.638,142.081,72.781,456.17,194.04,67.8,184.27,72.51
163,573632.728204,68.578,51,142.82,2.693,51.843,141.947,72.776,456.31,193.96,67.9,184.66,72.51
164,573632.736856,68.315,49,143.402,2.66,51.872,140.386,72.338,457.09,193.98,68.08,182.09,72.0
165,573632.748473,68.492,50,143.3,2.623,51.701,141.019,72.489,456.95,193.91,67.81,183.32,72.2
166,573632.751982,68.469,46,143.411,2.647,51.729,140.949,72.363,457.04,193.97,67.88,183.02,72.05
167,573632.761053,68.264,49,143.674,2.591,51.838,139.979,72.339,457.44,193.86,68.01,181.63,72.06
168,573632.764269,68.343,48,143.395,2.681,51.903,140.644,72.369,456.98,194.09,68.28,182.26,72.0
169,573632.768128,68.201,50,143.557,2.724,51.925,139.827,72.243,457.24,194.07,68.13,181.59,71.93
170,573632.772261,68.28,48,143.814,2.452,51.664,139.603,72.614,457.57,193.71,67.78,181.32,72.31
171,573632.776192,68.389,47,142.794,2.754,51.941,141.028,72.724,456.03,194.2,68.21,182.58,72.5
172,573632.784065,68.201,51,143.575,2.564,51.792,139.468,72.632,457.32,193.8,67.91,181.03,72.38
173,573632.788336,68.561,50,143.259,2.677,51.63,141.252,72.55,456.78,194.03,67.78,183.21,72.26
174,573632.792146,68.329,51,143.373,2.776,51.723,140.065,72.36,456.97,194.16,67.9,181.87,72.01
175,573632.795794,68.532,52,143.233,2.7,51.572,140.915,72.626,456.78,193.99,67.88,182.26,72.33
176,573632.800019,68.842,48,143.022,2.704,51.401,142.41,72.801,456.45,194.06,67.49,184.7,72.52
177,573632.804123,68.772,47,143.041,2.728,51.445,142.081,72.745,456.44,194.07,67.54,184.68,72.51
178,573632.812514,68.273,47,143.634,2.592,51.644,139.507,72.634,457.29,193.9,67.76,181.31,72.33
179,573632.815893,68.343,50,143.6,2.64,51.599,139.818,72.543,457.32,193.93,67.69,181.54,72.26
180,573632.819903,68.614,50,143.332,2.689,51.481,141.179,72.573,456.87,194.05,67.58,183.11,72.28
181,573632.824263,68.29,49,143.761,2.712,51.706,139.78,72.157,457.52,194.04,67.84,181.45,71.85
182,573632.836571,68.624,48,143.417,2.625,51.577,141.508,72.493,457.06,193.93,67.68,183.74,72.19
183,573632.840189,68.272,48,143.82,2.671,51.803,139.931,72.08,457.61,194.0,67.98,181.58,71.75
184,573632.84441,68.398,49,143.785,2.58,51.742,140.542,72.179,457.53,193.9,67.93,182.15,71.86
185,573632.848292,68.371,48,143.746,2.606,51.741,140.372,72.191,457.53,193.91,67.9,182.09,71.85
186,573632.852089,68.483,51,143.469,2.606,51.709,140.985,72.427,457.12,193.91,67.85,183.08,72.12
187,573632.856449,68.702,50,143.173,2.603,51.647,142.19,72.645,456.75,193.89,67.79,184.52,72.37
188,573632.86483,68.243,47,143.851,2.602,51.764,139.647,72.263,457.61,193.91,67.92,181.36,71.95
189,573632.868751,68.761,51,143.223,2.664,51.505,142.177,72.6,456.7,194.0,67.52,185.18,72.33
190,573632.873031,68.33,51,143.232,2.745,51.802,140.284,72.498,456.7,194.12,68.02,181.44,72.27
191,573632.876463,68.435,51,143.207,2.797,51.738,140.761,72.476,456.72,194.16,67.94,182.78,72.2
192,573632.880325,68.598,50,143.428,2.688,51.459,141.021,72.464,457.07,194.02,67.52,183.13,72.16
193,573632.888203,69.068,50,143.216,2.606,51.08,142.977,72.75,456.78,193.9,67.01,185.75,72.47
194,573632.893046,68.713,47,143.309,2.657,51.402,141.589,72.496,456.91,193.98,67.45,183.86,72.2
195,573632.896209,68.999,48,143.052,2.623,51.146,142.715,72.784,456.57,193.93,67.11,185.39,72.5
196,573632.900038,68.67,47,143.251,2.65,51.323,141.101,72.561,456.95,193.92,67.38,182.73,72.27
197,573632.904594,68.854,48,142.955,2.72,51.354,142.353,72.718,456.43,194.06,67.39,184.89,72.43
198,573632.91301,68.803,49,142.988,2.69,51.424,142.222,72.742,456.19,194.04,67.62,184.57,72.55
199,573632.924997,68.421,51,142.549,2.839,51.885,141.074,72.804,455.79,194.25,68.13,183.03,72.57
200,573632.928651,68.193,53,143.503,2.563,51.804,139.453,72.662,457.15,193.86,67.97,181.12,72.35
201,573632.932421,68.574,51,143.326,2.651,51.633,141.343,72.5,456.9,193.99,67.78,183.53,72.17
202,573632.940917,68.663,50,142.951,2.667,51.679,142.032,72.674,456.38,193.98,67.87,184.38,72.41
203,573632.943744,68.298,50,143.68,2.681,51.781,140.032,72.16,457.39,194.01,67.94,181.86,71.84
204,573632.948476,68.494,52,143.36,2.629,51.698,141.02,72.452,456.98,193.94,67.83,183.13,72.15
205,573632.952231,68.478,50,143.392,2.612,51.697,140.922,72.438,457.02,193.9,67.87,182.81,72.17
206,573632.955811,68.401,51,143.537,2.627,51.683,140.404,72.352,457.26,193.93,67.83,182.12,72.02
207,573632.964825,68.332,49,143.629,2.592,51.698,140.018,72.402,457.37,193.88,67.84,181.67,72.08
208,573632.967872,68.422,53,143.329,2.677,51.675,140.509,72.507,456.86,193.99,67.99,181.9,72.2
209,573632.972578,68.689,51,142.868,2.702,51.619,142.03,72.819,456.23,194.02,67.81,184.45,72.58
210,573632.975882,68.431,50,143.208,2.715,51.751,140.775,72.577,456.77,194.05,67.91,182.8,72.27
211,573632.979933,68.307,51,143.416,2.753,51.764,140.04,72.334,457.1,194.1,67.94,181.67,72.01
212,573632.98926,68.766,50,143.002,2.702,51.5,142.195,72.722,456.65,193.94,67.44,185.44,72.49
213,573632.992084,68.433,50,143.374,2.674,51.732,140.731,72.429,457.01,193.98,67.91,182.89,72.09
214,573632.996029,68.509,52,143.341,2.614,51.625,140.915,72.512,456.84,193.91,67.84,182.95,72.26
215,573633.000745,68.247,52,143.436,2.717,51.837,139.873,72.292,457.06,194.08,68.06,181.3,71.97
216,573633.00875,68.717,49,143.348,2.567,51.543,142.004,72.568,456.73,193.88,67.65,184.68,72.38
217,573633.01645,68.647,49,142.945,2.643,51.743,142.108,72.727,456.5,193.91,67.87,184.43,72.46
218,573633.020609,68.643,49,142.924,2.654,51.735,142.059,72.725,456.44,193.93,67.84,184.55,72.47
219,573633.028411,68.302,51,143.394,2.67,51.859,140.267,72.385,457.07,193.99,68.06,181.95,72.06
220,573633.0319,68.124,50,143.449,2.798,51.977,139.502,72.192,457.05,194.15,68.24,181.1,71.92
221,573633.04103,68.551,45,142.072,3.262,51.268,140.204,73.206,455.19,194.82,67.28,181.8,72.95
222,573633.044362,68.387,53,143.053,2.729,51.82,140.687,72.589,456.58,194.07,68.0,182.7,72.28
223,573633.048096,68.501,49,143.184,2.694,51.684,141.024,72.575,456.78,194.01,67.84,182.95,72.27
224,573633.052326,68.228,47,143.415,2.564,51.716,139.43,72.704,456.97,193.75,68.2,180.82,72.41
225,573633.056216,68.812,52,143.221,2.636,51.429,142.296,72.717,456.9,193.86,67.25,185.57,72.49
226,573633.064844,68.572,49,143.408,2.646,51.598,141.238,72.454,456.92,193.98,67.78,183.22,72.19
227,573633.067948,69.519,48,139.873,2.496,49.01,140.069,71.306,452.56,193.69,64.51,181.71,71.05
228,573633.07204,68.342,52,143.739,2.638,51.693,140.065,72.214,457.39,194.01,67.9,181.67,71.84
229,573633.077062,68.617,52,142.912,2.754,51.607,141.544,72.707,456.3,194.1,67.76,183.91,72.45
230,573633.07982,68.709,48,142.911,2.742,51.572,142.027,72.738,456.24,194.12,67.72,184.25,72.5
231,573633.08848,68.384,50,143.15,2.775,51.781,140.565,72.544,456.45,194.2,67.95,182.47,72.3
232,573633.100589,68.352,47,142.679,2.586,52.157,141.386,72.852,456.07,193.88,68.46,183.63,72.57
233,573633.104186,68.809,51,143.285,2.629,51.516,142.515,72.686,456.84,193.93,67.59,185.27,72.43
234,573633.108041,69.32,46,140.305,2.37,49.173,139.245,71.111,453.03,193.6,64.51,180.89,70.8
235,573633.116888,68.677,49,143.495,2.614,51.55,141.767,72.457,457.07,193.9,67.57,184.86,72.27
236,573633.120559,68.573,47,143.396,2.629,51.662,141.421,72.474,456.94,193.95,67.74,184.04,72.2
237,573633.124759,68.763,50,143.092,2.643,51.532,142.264,72.731,456.5,193.94,67.73,184.58,72.52
238,573633.128921,68.771,48,143.073,2.658,51.53,142.314,72.699,456.65,193.96,67.59,185.05,72.42
239,573633.131894,68.567,48,143.281,2.674,51.59,141.184,72.546,456.92,193.99,67.72,183.09,72.22
240,573633.140659,68.758,50,143.124,2.658,51.492,142.122,72.747,456.75,193.9,67.42,184.95,72.54
241,573633.144581,68.332,48,143.725,2.492,51.609,139.774,72.625,457.44,193.76,67.72,181.53,72.32
242,573633.148525,69.652,45,139.821,2.524,48.859,140.512,71.204,452.3,193.8,64.05,182.66,70.84
243,573633.15177,68.414,50,143.97,2.542,51.523,140.046,72.298,457.77,193.83,67.59,181.9,71.99
244,573633.156494,68.473,51,143.457,2.67,51.625,140.689,72.471,457.14,194.02,67.77,182.55,72.1
245,573633.160108,68.534,50,143.519,2.651,51.533,140.823,72.432,457.19,193.97,67.61,182.87,72.12
246,573633.168258,68.52,48,142.805,2.742,51.696,141.177,72.831,455.98,194.17,67.95,182.7,72.6
247,573633.173253,68.142,50,143.585,2.288,51.88,139.346,72.949,457.15,193.46,68.07,181.16,72.77
248,573633.185165,68.77,48,143.199,2.608,51.536,142.322,72.655,456.57,193.91,67.85,184.12,72.41
249,573633.193062,68.217,47,143.361,2.656,51.869,139.775,72.475,456.84,194.04,68.08,181.19,72.22
250,573633.195944,68.456,50,143.364,2.611,51.753,140.931,72.517,456.98,193.91,67.91,183.01,72.21
251,573633.199749,68.552,46,142.813,2.622,51.907,141.955,72.835,456.18,193.9,68.28,183.97,72.6
252,573633.204272,68.655,52,143.019,2.624,51.75,142.178,72.808,456.58,193.89,67.84,184.73,72.56
253,573633.208209,68.234,49,143.696,2.577,51.861,139.853,72.414,457.41,193.88,68.04,181.64,72.1
254,573633.217147,68.428,52,143.29,2.681,51.802,140.893,72.547,456.89,194.01,67.97,182.97,72.24
255,573633.22024,68.32,47,143.49,2.627,51.785,140.179,72.478,457.14,193.91,67.91,182.11,72.23
256,573633.223608,68.286,49,143.467,2.609,51.805,140.02,72.555,457.09,193.88,68.02,181.73,72.3
257,573633.229143,69.455,50,139.93,2.452,49.156,140.071,71.357,452.56,193.71,64.5,182.13,71.08
258,573633.23244,69.181,49,143.259,2.485,51.037,143.594,72.824,456.86,193.76,66.91,186.47,72.57
259,573633.236396,68.754,49,143.076,2.611,51.636,142.491,72.721,456.39,193.93,67.85,185.03,72.47
260,573633.244831,68.417,49,143.269,2.74,51.762,140.716,72.426,456.9,194.09,67.91,182.67,72.08
261,573633.248291,68.536,48,143.356,2.714,51.565,140.917,72.445,456.99,194.04,67.62,183.34,72.16
262,573633.252621,67.712,44,142.603,2.359,52.593,138.672,73.453,455.96,193.58,69.04,180.11,73.16
263,573633.255944,68.602,53,143.116,2.733,51.594,141.412,72.642,456.66,194.07,67.7,183.66,72.34
264,573633.260244,68.284,48,143.636,2.728,51.773,139.929,72.168,457.33,194.08,67.93,181.73,71.85
265,573633.273022,68.434,50,143.187,2.714,51.79,140.897,72.491,456.75,194.05,67.96,182.97,72.19
266,573633.275963,68.32,49,143.036,2.725,51.992,140.739,72.499,456.49,194.09,68.26,182.52,72.18
267,573633.283955,68.433,51,142.67,2.761,51.972,141.389,72.82,455.96,194.09,68.34,183.48,72.58
268,573633.292581,68.562,52,142.728,2.71,51.821,141.785,72.827,456.14,194.04,68.0,184.15,72.54
269,573633.296066,68.379,50,143.272,2.684,51.788,140.55,72.478,456.99,194.03,67.98,182.19,72.06
270,573633.301072,68.463,47,143.277,2.732,51.659,140.718,72.39,456.61,194.16,67.91,182.35,72.1
271,573633.303775,68.62,49,143.111,2.708,51.56,141.435,72.624,456.7,194.03,67.63,183.86,72.34
272,573633.308383,68.411,48,143.716,2.661,51.507,139.984,72.297,457.44,193.99,67.58,181.81,71.99
273,573633.312291,68.964,49,143.192,2.653,51.27,142.83,72.693,456.77,193.92,67.18,185.79,72.47
274,573633.320899,68.578,49,143.303,2.659,51.537,141.109,72.544,456.9,193.98,67.63,183.23,72.24
275,573633.323805,68.565,49,143.343,2.674,51.545,141.043,72.533,456.95,194.0,67.63,183.14,72.23
276,573633.328636,68.745,49,143.107,2.659,51.553,142.206,72.715,456.63,193.98,67.65,184.7,72.43
277,573633.332503,68.304,50,143.558,2.639,51.814,140.156,72.368,457.35,193.93,68.1,181.65,71.96
278,573633.335819,68.167,54,143.643,2.667,51.938,139.654,72.261,457.41,193.99,68.18,181.34,71.89
279,573633.345035,68.526,52,143.565,2.543,51.697,141.219,72.491,457.3,193.81,67.8,183.56,72.2
280,573633.356771,68.268,46,143.979,2.448,51.746,139.753,72.402,457.8,193.63,67.82,181.79,72.21
281,573633.360149,68.388,50,143.645,2.567,51.789,140.612,72.415,457.4,193.83,67.95,182.42,72.12
282,573633.364781,68.412,48,143.739,2.564,51.727,140.587,72.357,457.45,193.88,67.91,182.5,72.01
283,573633.372204,68.378,49,143.696,2.573,51.764,140.48,72.364,457.39,193.9,67.96,182.36,72.02
284,573633.376433,68.411,52,143.597,2.591,51.746,140.635,72.434,457.32,193.89,67.91,182.48,72.11
285,573633.380283,68.454,51,143.499,2.605,51.72,140.828,72.491,457.06,193.9,67.95,182.82,72.23
286,573633.384012,68.86,51,143.323,2.594,51.483,142.75,72.684,456.94,193.88,67.51,185.81,72.44
287,573633.388173,68.763,48,143.043,2.634,51.634,142.548,72.742,456.45,193.94,67.83,185.1,72.5
288,573633.396778,68.473,48,143.256,2.676,51.791,141.143,72.564,456.84,194.0,67.96,183.24,72.26
289,573633.400235,68.311,47,143.77,2.405,51.65,139.756,72.795,457.43,193.61,67.78,181.61,72.57
290,573633.404887,68.187,48,143.629,2.742,51.904,139.687,72.193,457.38,194.07,68.15,181.43,71.83
291,573633.407873,68.244,51,143.478,2.755,51.818,139.799,72.288,457.12,194.18,68.15,181.25,71.91
292,573633.412311,68.587,53,142.947,2.735,51.705,141.621,72.726,456.34,194.07,67.89,184.02,72.47
293,573633.420714,68.728,49,142.949,2.691,51.635,142.326,72.818,456.43,194.02,67.75,184.86,72.53
294,573633.423896,68.372,48,143.229,2.79,51.89,140.785,72.429,456.77,194.16,68.08,182.95,72.12
295,573633.429223,68.401,49,143.2,2.714,51.834,140.811,72.526,456.69,194.05,68.03,182.95,72.27
296,573633.441552,68.722,50,142.862,2.658,51.725,142.537,72.809,456.39,193.89,67.68,185.5,72.57
297,573633.448868,68.322,51,143.202,2.72,52.009,140.795,72.342,456.85,194.01,68.18,183.05,72.09
298,573633.451737,68.435,46,142.951,2.704,51.889,141.17,72.588,456.42,194.02,68.07,183.67,72.34
299,573633.456556,68.322,48,143.16,2.779,51.929,140.579,72.394,456.71,194.14,68.14,182.57,72.08
300,573633.46086,68.272,48,143.134,2.83,51.965,140.37,72.36,456.52,194.27,68.26,181.81,72.05
301,573633.463877,68.285,48,143.062,2.862,51.942,140.388,72.426,456.31,194.24,68.33,182.21,72.23
302,573633.472981,68.322,49,143.158,2.818,51.872,140.423,72.432,456.72,194.19,68.06,182.38,72.12
303,573633.476088,68.659,49,142.729,2.759,51.717,142.11,72.843,456.14,194.11,67.86,184.59,72.56
304,573633.481372,68.348,49,142.921,2.791,51.929,140.74,72.617,456.4,194.15,68.14,182.77,72.31
305,573633.484017,68.276,50,143.139,2.848,51.833,140.038,72.444,456.75,194.22,68.03,181.65,72.11
306,573633.488436,68.332,49,143.439,2.695,51.679,139.964,72.497,457.13,194.02,67.82,181.61,72.17
307,573633.496855,68.409,50,143.201,2.764,51.706,140.514,72.523,456.77,194.12,67.85,182.49,72.21
308,573633.499957,68.39,48,143.375,2.764,51.733,140.472,72.416,456.91,194.15,67.91,182.21,72.12
309,573633.503919,68.043,45,142.145,2.521,52.667,140.851,73.216,455.4,193.81,69.14,182.65,72.91
310,573633.50788,68.359,50,143.426,2.724,51.746,140.313,72.431,457.1,194.06,67.91,182.05,72.11
311,573633.512557,68.58,51,142.959,2.645,51.703,141.578,72.838,456.13,194.07,68.02,183.12,72.58
312,573633.524969,68.422,52,143.276,2.584,51.836,140.947,72.656,456.87,193.88,68.02,183.01,72.35
313,573633.528098,68.83,49,143.411,2.478,51.614,142.921,72.836,457.04,193.73,67.72,185.67,72.55
314,573633.537087,68.26,52,143.899,2.513,51.993,140.372,72.208,457.74,193.8,68.2,182.2,71.84
315,573633.539882,68.267,48,143.759,2.548,51.97,140.355,72.306,457.35,193.91,68.29,181.5,71.99
316,573633.548959,68.396,53,143.587,2.516,51.86,140.854,72.486,457.23,193.79,68.02,183.08,72.2
317,573633.552312,68.733,49,143.325,2.495,51.767,142.724,72.707,456.97,193.72,67.86,185.46,72.45
318,573633.556295,68.687,49,143.3,2.502,51.846,142.647,72.7,456.79,193.76,68.11,185.22,72.45
319,573633.560596,69.321,46,140.168,2.327,49.37,139.806,71.228,452.92,193.53,64.82,181.47,70.96
320,573633.563854,68.642,48,143.633,2.472,51.705,141.969,72.534,457.34,193.73,67.84,184.35,72.23
321,573633.572894,68.737,49,143.261,2.545,51.728,142.638,72.716,456.83,193.83,67.87,185.27,72.43
322,573633.576179,68.248,48,143.739,2.478,51.851,139.917,72.546,457.46,193.74,68.03,181.71,72.24
323,573633.579964,68.46,51,143.345,2.64,51.752,140.957,72.566,456.92,193.98,67.95,183.02,72.24
324,573633.584039,68.675,49,143.033,2.667,51.649,142.024,72.759,456.54,193.99,67.77,184.48,72.47
325,573633.587952,68.511,49,143.192,2.71,51.634,140.95,72.579,456.82,193.99,67.7,182.99,72.32
326,573633.591844,68.315,49,143.391,2.817,51.748,140.051,72.314,457.06,194.19,67.92,181.71,71.98
327,573633.600287,68.755,50,142.852,2.756,51.493,142.107,72.811,456.26,194.1,67.63,184.5,72.54
328,573633.613045,68.442,50,143.02,2.778,51.755,140.852,72.593,456.39,194.12,68.08,182.77,72.36
329,573633.615996,68.449,48,143.078,2.8,51.699,140.745,72.488,456.55,194.16,67.91,182.75,72.21
330,573633.624887,68.397,48,142.438,2.708,52.018,141.285,72.964,455.76,194.01,68.36,183.42,72.67
331,573633.628703,68.262,53,143.008,2.776,51.94,140.237,72.55,456.54,194.12,68.15,182.06,72.26
332,573633.632533,68.457,48,142.769,2.791,51.867,141.248,72.664,456.15,194.15,68.05,183.6,72.39
333,573633.637128,68.51,50,142.633,2.795,51.935,141.771,72.78,456.02,194.15,68.15,184.15,72.49
334,573633.640775,68.436,50,142.454,2.788,52.008,141.504,72.892,455.73,194.17,68.27,183.62,72.62
335,573633.648739,68.356,51,142.881,2.778,51.903,140.719,72.619,456.21,194.18,68.22,182.51,72.3
336,573633.652139,68.674,50,142.781,2.722,51.706,142.176,72.799,456.34,194.04,67.75,184.99,72.5
337,573633.656569,68.326,49,143.492,2.731,51.792,140.233,72.229,457.22,194.05,67.93,182.21,71.94
338,573633.660182,68.287,48,143.308,2.777,51.866,140.194,72.378,456.94,194.12,68.05,181.99,72.08
339,573633.664838,68.571,49,142.793,2.751,51.759,141.667,72.827,456.18,194.05,67.9,184.17,72.63
340,573633.667717,68.577,52,142.798,2.778,51.744,141.671,72.805,456.13,194.14,68.06,183.79,72.52
341,573633.676968,68.407,51,142.786,2.805,51.808,140.778,72.836,456.1,194.2,68.01,182.72,72.56
342,573633.679863,68.785,50,142.966,2.713,51.505,142.333,72.851,456.64,193.92,67.35,185.61,72.6
343,573633.685782,68.549,48,142.874,2.646,51.672,141.293,72.943,456.18,193.99,67.89,183.06,72.73
344,573633.692443,68.628,51,143.153,2.669,51.641,141.71,72.728,456.63,194.01,67.71,184.51,72.45
345,573633.70078,68.257,50,143.737,2.658,51.801,139.836,72.225,457.44,194.01,68.0,181.59,71.87
346,573633.70408,68.402,51,143.785,2.533,51.719,140.505,72.359,457.54,193.81,67.85,182.44,72.05
347,573633.713005,68.21,46,143.94,2.451,51.842,139.66,72.438,457.78,193.66,67.95,181.39,72.18
348,573633.715847,68.548,48,143.408,2.566,51.771,141.559,72.6,456.92,193.86,67.88,184.29,72.37
349,573633.725097,68.513,48,142.985,2.533,51.975,141.898,72.811,456.4,193.81,68.26,184.24,72.56
350,573633.728259,68.651,50,143.212,2.55,51.841,142.4,72.763,456.77,193.83,68.03,184.95,72.48
351,573633.731933,68.154,47,143.878,2.443,51.939,139.58,72.532,457.64,193.7,68.15,181.28,72.22
352,573633.736659,68.292,48,144.037,2.344,51.702,139.782,72.643,457.73,193.62,67.85,181.21,72.38
353,573633.740058,68.447,49,143.636,2.56,51.717,140.781,72.483,457.47,193.79,67.81,183.21,72.17
354,573633.743922,68.333,49,143.95,2.43,51.628,139.833,72.541,457.74,193.68,67.73,181.61,72.23
355,573633.753075,68.516,50,143.478,2.6,51.634,140.986,72.523,457.09,193.91,67.73,183.23,72.22
356,573633.756411,68.768,48,143.094,2.617,51.553,142.357,72.776,456.78,193.83,67.54,185.33,72.51
357,573633.760259,69.383,45,140.21,2.384,49.082,139.387,71.237,452.91,193.59,64.4,181.07,70.88
358,573633.764456,68.391,50,143.907,2.485,51.568,140.025,72.331,457.68,193.75,67.65,181.88,72.02
359,573633.767818,68.484,48,143.281,2.677,51.658,140.849,72.483,456.87,194.0,67.78,182.9,72.18
360,573633.777229,68.333,49,142.551,2.747,51.851,140.434,72.947,455.93,193.97,68.17,181.91,72.8
361,573633.789439,68.649,51,142.822,2.683,51.71,142.027,72.792,456.5,193.88,67.66,185.3,72.55
362,573633.792285,68.271,50,143.049,2.776,51.963,140.36,72.394,456.38,194.13,68.32,182.12,72.14
363,573633.800813,68.45,53,142.536,2.733,51.925,141.363,72.814,455.82,194.07,68.55,182.91,72.51
364,573633.804831,68.364,54,142.884,2.762,51.844,140.61,72.582,456.36,194.11,68.03,182.59,72.28
365,573633.808035,68.405,48,143.076,2.773,51.817,140.791,72.449,456.47,194.15,68.05,182.69,72.18
366,573633.812607,68.329,48,143.573,2.725,51.652,139.875,72.236,457.25,194.07,67.77,181.67,71.93
367,573633.81582,68.424,50,143.246,2.708,51.655,140.468,72.522,456.83,194.0,67.82,182.22,72.27
368,573633.820277,68.621,49,143.168,2.736,51.539,141.379,72.532,456.73,194.08,67.62,183.62,72.23
369,573633.829224,68.578,48,143.017,2.755,51.584,141.236,72.589,456.48,194.11,67.67,183.61,72.31
370,573633.83201,68.86,48,142.868,2.727,51.43,142.603,72.832,456.5,194.0,67.38,185.23,72.57
371,573633.836105,68.825,49,142.859,2.726,51.483,142.529,72.732,456.37,194.05,67.53,185.33,72.46
372,573633.840056,68.525,49,142.947,2.815,51.681,141.167,72.562,456.33,194.2,67.79,183.68,72.31
373,573633.84434,68.292,48,143.493,2.653,51.662,139.675,72.598,457.14,193.97,67.79,181.41,72.29
374,573633.852714,68.769,51,143.15,2.727,51.443,142.058,72.609,456.74,193.98,67.25,185.41,72.41
375,573633.856383,68.725,48,142.985,2.7,51.552,142.079,72.727,456.48,194.03,67.65,184.52,72.44
376,573633.860859,68.457,50,143.19,2.708,51.734,140.888,72.515,456.75,194.04,67.89,182.95,72.21
377,573633.863974,68.559,49,143.331,2.642,51.583,141.112,72.505,456.94,193.96,67.68,183.24,72.2
378,573633.874155,68.334,47,143.964,2.369,51.547,139.622,72.582,457.76,193.6,67.63,181.35,72.27
379,573633.88,68.511,46,143.416,2.616,51.691,141.107,72.469,457.05,193.92,67.83,183.22,72.16
380,573633.885,68.623,51,143.082,2.59,51.692,141.817,72.73,456.49,193.92,67.95,183.7,72.46
381,573633.892437,68.284,49,143.827,2.613,51.797,139.992,72.148,457.58,193.92,67.96,181.8,71.83
382,573633.895999,68.472,51,143.466,2.572,51.722,140.948,72.535,457.12,193.86,67.87,183.01,72.23
383,573633.904409,68.58,47,143.497,2.569,51.644,141.413,72.541,457.2,193.85,67.78,183.83,72.19
384,573633.909188,68.322,48,143.837,2.53,51.743,140.074,72.356,457.59,193.81,67.89,181.9,72.04
385,573633.911722,68.572,47,143.484,2.571,51.661,141.408,72.561,457.06,193.86,67.75,183.95,72.31
386,573633.916563,68.703,50,143.214,2.55,51.641,142.182,72.756,456.74,193.81,67.85,184.4,72.5
387,573633.919939,68.372,50,143.678,2.564,51.745,140.394,72.359,457.44,193.87,67.96,181.97,71.99
388,573633.928944,68.511,51,143.443,2.588,51.666,141.042,72.524,457.08,193.88,67.79,183.15,72.22
389,573633.932332,68.645,48,143.477,2.558,51.587,141.667,72.544,457.18,193.83,67.67,184.14,72.26
390,573633.936379,68.842,49,143.209,2.537,51.543,142.803,72.8,456.87,193.77,67.56,185.73,72.56
391,573633.94099,68.777,47,143.084,2.585,51.636,142.64,72.801,456.46,193.86,67.9,185.06,72.52
392,573633.943817,68.569,49,143.343,2.601,51.682,141.444,72.601,456.99,193.87,67.76,183.74,72.34
393,573633.947914,68.515,47,143.408,2.707,51.592,140.865,72.448,457.0,194.12,67.85,182.6,72.1
394,573633.960691,68.354,47,143.65,2.504,51.56,139.778,72.725,457.35,193.77,67.65,181.55,72.42
395,573633.963711,68.526,49,143.326,2.727,51.578,140.891,72.511,456.93,194.07,67.68,182.98,72.21
396,573633.96885,68.544,49,143.178,2.718,51.612,141.1,72.607,456.74,194.05,67.72,183.23,72.31
397,573633.971907,68.725,50,142.884,2.725,51.58,142.157,72.795,456.28,194.08,67.71,184.4,72.5
398,573633.980831,68.239,47,143.486,2.595,51.783,139.676,72.613,457.2,193.86,67.93,181.27,72.33
399,573633.984199,68.499,47,143.184,2.778,51.7,141.057,72.438,456.67,194.14,67.85,183.3,72.18
400,573633.987945,68.357,48,143.498,2.546,51.66,140.068,72.652,457.15,193.83,67.78,181.94,72.35
401,573633.992315,68.46,48,143.249,2.765,51.737,140.914,72.413,456.79,194.15,67.92,183.0,72.08
402,573633.996316,68.37,50,143.337,2.719,51.779,140.471,72.373,456.92,194.05,68.07,181.71,72.07
403,573634.00452,68.363,49,143.623,2.601,51.64,140.048,72.447,457.32,193.9,67.75,181.9,72.14
404,573634.008399,68.426,47,143.357,2.744,51.711,140.631,72.327,457.02,194.08,67.87,182.43,72.0
405,573634.012237,68.492,50,143.15,2.713,51.692,140.994,72.531,456.7,194.05,67.83,183.1,72.23
406,573634.016165,68.464,51,142.503,2.874,51.675,140.77,72.881,455.81,194.35,67.67,182.62,72.62
407,573634.020254,68.533,51,142.919,2.75,51.677,141.207,72.644,456.48,194.03,67.66,183.87,72.39
408,573634.023881,68.718,50,142.827,2.709,51.573,142.089,72.807,456.15,194.04,67.77,184.48,72.58
409,573634.032519,68.206,48,143.474,2.606,51.743,139.368,72.641,456.96,193.93,68.02,180.65,72.4
410,573634.044761,68.888,52,143.487,2.527,51.23,142.226,72.725,457.15,193.79,67.17,185.19,72.48
411,573634.048058,68.819,47,143.084,2.624,51.492,142.515,72.761,456.53,193.94,67.7,184.81,72.48
412,573634.056717,68.795,48,143.055,2.593,51.511,142.414,72.802,456.63,193.87,67.57,185.18,72.53
413,573634.06006,68.413,46,143.445,2.629,51.773,140.72,72.436,457.08,193.94,67.94,182.72,72.13
414,573634.06396,68.468,50,143.697,2.559,51.673,140.789,72.359,457.46,193.8,67.7,183.2,72.12
415,573634.068582,68.309,49,143.927,2.543,51.73,139.961,72.226,457.71,193.83,67.87,181.76,71.91
416,573634.071772,69.443,47,140.259,2.363,49.167,140.02,71.174,453.06,193.57,64.55,181.74,70.9
417,573634.080883,68.956,53,143.496,2.407,51.419,143.192,72.692,457.15,193.6,67.44,186.06,72.46
418,573634.083883,68.352,49,143.611,2.547,51.91,140.717,72.301,457.14,193.83,68.2,182.8,72.08
419,573634.089226,68.287,52,143.587,2.625,51.912,140.321,72.304,457.16,193.94,68.12,182.45,72.05
420,573634.092646,68.238,52,143.927,2.578,51.887,139.953,72.118,457.74,193.86,68.08,181.68,71.81
421,573634.095799,68.49,50,143.562,2.569,51.78,141.222,72.402,457.2,193.87,67.93,183.52,72.1
422,573634.099881,68.43,49,143.607,2.583,51.776,140.835,72.41,457.22,193.89,67.89,183.21,72.12
423,573634.108205,68.264,50,143.843,2.54,51.82,139.927,72.334,457.61,193.82,67.99,181.73,72.02
424,573634.112013,68.745,51,143.422,2.567,51.572,142.259,72.652,457.05,193.84,67.6,185.36,72.42
425,573634.11666,68.574,49,143.566,2.586,51.648,141.384,72.419,457.17,193.85,67.69,183.99,72.22
426,573634.124633,68.55,50,143.57,2.626,51.573,141.026,72.418,457.25,193.94,67.66,183.16,72.11
427,573634.131992,68.81,50,142.988,2.632,51.476,142.413,72.81,456.42,193.93,67.61,184.88,72.55
428,573634.136978,68.743,47,142.871,2.718,51.616,142.365,72.754,456.32,194.05,67.73,184.91,72.47
429,573634.144818,68.39,49,143.135,2.789,51.802,140.653,72.472,456.65,194.11,68.0,182.62,72.23
430,573634.147955,68.35,48,143.538,2.66,51.645,139.986,72.426,457.21,193.98,67.76,181.81,72.12
431,573634.156835,68.472,49,143.198,2.74,51.701,140.889,72.472,456.77,194.09,67.84,182.96,72.16
432,573634.159749,68.493,49,143.108,2.711,51.705,141.035,72.585,456.65,194.05,67.85,183.14,72.28
433,573634.16462,68.6,52,142.732,2.751,51.702,141.699,72.801,456.07,194.13,67.87,183.82,72.54
434,573634.16773,68.517,52,142.592,2.797,51.812,141.474,72.851,455.84,194.21,68.03,183.34,72.57
435,573634.172531,68.444,52,143.116,2.719,51.749,140.849,72.549,456.66,194.06,67.9,182.91,72.24
436,573634.175974,68.429,51,143.291,2.689,51.716,140.664,72.459,457.0,194.0,67.82,182.8,72.13
437,573634.184218,68.455,49,143.132,2.699,51.766,140.962,72.535,456.63,194.01,67.92,183.44,72.3
438,573634.188165,68.145,47,143.511,2.515,51.832,139.235,72.705,456.98,193.83,68.08,180.57,72.46
439,573634.191732,68.246,51,143.456,2.626,51.792,139.744,72.491,457.1,193.94,67.95,181.5,72.18
440,573634.196494,68.49,51,143.182,2.699,51.707,141.02,72.543,456.75,194.03,67.84,183.13,72.24
441,573634.200247,68.557,46,143.2,2.655,51.692,141.397,72.602,456.72,193.97,67.8,183.86,72.33
442,573634.213243,68.321,47,143.774,2.511,51.68,139.901,72.491,457.51,193.79,67.8,181.7,72.18
443,573634.215766,68.704,51,143.185,2.623,51.591,142.051,72.68,456.54,193.93,67.83,184.55,72.45
444,573634.220721,68.513,48,143.414,2.621,51.652,141.015,72.492,456.97,193.92,67.85,183.07,72.22
445,573634.223979,68.721,48,143.007,2.627,51.639,142.29,72.779,456.33,193.95,67.87,184.5,72.53
446,573634.232329,68.345,46,142.531,2.852,51.578,139.771,73.224,455.71,194.35,67.58,181.2,73.03
447,573634.235966,68.563,51,142.947,2.67,51.781,141.681,72.741,456.42,193.99,67.79,184.33,72.52
448,573634.240202,68.509,50,142.871,2.697,51.752,141.263,72.827,456.13,194.12,67.95,182.9,72.58
449,573634.24378,68.415,52,143.316,2.665,51.723,140.599,72.528,456.92,193.99,67.87,182.56,72.22
450,573634.247922,68.838,49,143.24,2.557,51.526,142.73,72.758,456.81,193.84,67.61,185.4,72.47
451,573634.252024,68.526,49,143.501,2.556,51.761,141.393,72.499,457.16,193.84,67.92,183.59,72.2
452,573634.260238,68.251,48,142.589,2.736,52.046,140.462,72.927,455.94,194.08,68.31,182.39,72.64
453,573634.264014,68.564,54,143.06,2.598,51.821,141.798,72.709,456.68,193.84,67.93,184.42,72.44
454,573634.268106,68.316,49,143.711,2.598,51.836,140.289,72.251,457.47,193.9,68.03,182.03,71.93
455,573634.271776,68.844,51,143.489,2.535,51.527,142.767,72.618,457.18,193.77,67.52,185.71,72.38
456,573634.276087,68.267,51,143.981,2.609,51.843,140.011,71.973,457.74,193.93,68.01,181.94,71.67
457,573634.284907,68.267,48,143.845,2.592,51.782,139.842,72.232,457.61,193.9,67.94,181.61,71.91
458,573634.296934,68.854,51,143.441,2.585,51.511,142.792,72.632,457.1,193.85,67.48,185.92,72.39
459,573634.300193,68.166,46,142.438,2.673,52.389,140.861,72.938,455.79,193.98,68.78,182.75,72.66
460,573634.308819,68.593,56,142.877,2.723,51.716,141.693,72.765,456.33,194.06,67.86,184.05,72.48
461,573634.31241,68.466,47,143.143,2.776,51.753,140.994,72.501,456.65,194.14,67.9,183.25,72.21
462,573634.316471,68.562,48,143.188,2.716,51.575,141.111,72.563,456.71,194.06,67.66,183.4,72.28
463,573634.320405,68.442,50,143.276,2.739,51.659,140.589,72.49,456.89,194.08,67.85,181.95,72.16
464,573634.323964,68.851,50,143.013,2.694,51.381,142.412,72.776,456.58,194.0,67.39,185.19,72.5
465,573634.32834,68.695,49,142.88,2.725,51.614,142.06,72.754,456.43,194.0,67.59,184.98,72.5
466,573634.336669,68.786,49,142.964,2.699,51.517,142.371,72.754,456.58,193.93,67.48,185.65,72.51
467,573634.340578,68.435,50,143.398,2.659,51.767,140.842,72.315,457.02,193.98,67.93,182.9,72.0
468,573634.344855,68.585,49,142.967,2.666,51.705,141.61,72.692,456.4,193.99,67.84,184.05,72.42
469,573634.347796,68.133,50,143.469,2.564,51.894,139.334,72.617,456.95,193.88,68.14,180.98,72.38
470,573634.352241,68.468,51,143.247,2.672,51.738,140.966,72.562,456.94,193.97,67.86,183.13,72.22
471,573634.36081,68.338,49,143.435,2.695,51.879,140.54,72.302,457.07,194.03,68.07,182.51,71.99
472,573634.363725,68.42,47,143.422,2.651,51.786,140.802,72.348,457.06,193.97,67.95,182.84,72.04
473,573634.368905,68.352,48,143.602,2.59,51.79,140.386,72.337,457.41,193.88,67.94,182.06,71.96
474,573634.381057,68.502,49,143.404,2.614,51.76,141.243,72.446,457.06,193.91,67.91,183.36,72.15
475,573634.389004,68.669,47,143.002,2.634,51.768,142.314,72.681,456.47,193.9,67.96,184.77,72.45
476,573634.391916,68.283,49,143.366,2.684,51.987,140.498,72.315,457.09,194.0,68.23,182.16,71.96
477,573634.39616,68.22,48,143.663,2.591,51.848,139.737,72.355,457.37,193.89,68.03,181.49,72.04
478,573634.400119,68.512,48,143.387,2.649,51.797,141.406,72.405,456.98,193.97,67.94,183.82,72.12
479,573634.403767,68.697,47,143.088,2.601,51.749,142.444,72.75,456.7,193.84,67.85,184.93,72.51
480,573634.41263,68.633,51,143.077,2.598,51.793,142.156,72.716,456.59,193.9,67.96,184.65,72.43
481,573634.415882,68.163,50,143.599,2.642,51.984,139.756,72.315,457.28,193.96,68.21,181.51,72.0
482,573634.420461,68.595,51,143.121,2.674,51.736,141.763,72.695,456.77,193.89,67.63,184.94,72.49
483,573634.423819,68.222,51,143.846,2.635,51.91,139.913,72.091,457.61,193.95,68.11,181.69,71.77
484,573634.427935,68.318,46,143.717,2.412,51.635,139.761,72.813,457.4,193.55,67.7,181.7,72.68
485,573634.437195,68.529,51,143.223,2.666,51.702,141.248,72.637,456.43,194.07,68.0,182.86,72.44
486,573634.44038,68.531,49,142.724,2.723,51.857,141.688,72.894,456.16,194.01,68.17,183.84,72.61
487,573634.444427,68.477,50,142.596,2.827,51.662,140.814,72.98,456.04,194.16,67.8,182.48,72.75
488,573634.448399,68.538,51,143.326,2.653,51.578,140.97,72.505,456.96,193.99,67.73,182.84,72.15
489,573634.452694,68.339,49,143.574,2.624,51.737,140.165,72.386,457.31,193.93,67.9,181.83,72.06
490,573634.464449,68.135,49,143.567,2.572,51.907,139.378,72.495,456.97,193.96,68.17,180.55,72.31
491,573634.467712,68.46,53,143.384,2.628,51.745,140.94,72.532,457.01,193.94,67.89,183.03,72.23
492,573634.477319,68.285,46,142.666,2.699,52.104,140.824,72.868,456.04,194.04,68.38,182.86,72.59
493,573634.479945,68.624,50,142.982,2.514,51.897,142.384,72.796,456.55,193.73,68.04,184.94,72.56
494,573634.489161,68.029,48,143.763,2.44,52.151,139.392,72.469,457.58,193.61,68.34,180.99,72.25
495,573634.49172,68.229,48,143.897,2.362,51.842,139.772,72.558,457.67,193.59,68.01,181.54,72.25
496,573634.497196,68.508,49,143.51,2.543,51.841,141.5,72.415,457.18,193.8,68.03,183.62,72.17
497,573634.499936,68.453,46,143.389,2.586,51.875,141.246,72.476,456.78,193.88,68.08,183.94,72.3
498,573634.504235,69.172,45,140.543,2.327,49.326,138.725,71.081,453.42,193.53,64.72,180.01,70.74
499,573634.512908,68.338,49,143.525,2.637,51.905,140.615,72.229,456.99,194.0,68.18,182.32,71.97
500,573634.516568,68.531,50,143.292,2.7,51.575,140.919,72.473,456.91,194.05,67.74,182.77,72.12
501,573634.520401,68.764,48,142.918,2.719,51.494,142.165,72.776,456.39,194.05,67.57,184.65,72.49
502,573634.524606,68.503,47,143.087,2.785,51.639,140.916,72.54,456.62,194.15,67.77,182.98,72.24
503,573634.529065,68.88,49,142.955,2.739,51.3,142.369,72.796,456.44,194.08,67.31,184.92,72.51
504,573634.531743,68.499,47,143.114,2.795,51.559,140.67,72.597,456.65,194.16,67.66,182.66,72.29
505,573634.541156,68.435,52,143.214,2.797,51.565,140.293,72.53,456.82,194.14,67.69,181.77,72.26
506,573634.553163,68.604,49,143.199,2.699,51.534,141.259,72.567,456.62,194.03,67.76,183.1,72.3
507,573634.556062,68.586,49,143.409,2.653,51.552,141.197,72.447,457.04,193.97,67.64,183.35,72.14
508,573634.564859,68.515,48,143.357,2.633,51.694,141.143,72.513,456.9,193.94,67.89,183.26,72.25
509,573634.567851,68.487,47,143.296,2.622,51.776,141.19,72.534,456.83,193.91,68.1,183.12,72.24
510,573634.572417,68.511,51,142.944,2.679,51.927,141.755,72.679,456.37,193.98,68.29,183.85,72.4
511,573634.575781,68.203,48,143.738,2.56,51.915,139.816,72.336,457.46,193.85,68.12,181.58,72.02
512,573634.579842,68.41,52,143.36,2.653,51.868,140.963,72.448,456.88,193.96,68.15,183.01,72.19
513,573634.588501,68.229,51,143.665,2.65,51.97,140.123,72.228,457.41,193.96,68.19,181.87,71.92
514,573634.592196,68.282,47,143.94,2.416,51.719,139.766,72.525,457.78,193.64,67.83,181.7,72.23
515,573634.596412,68.516,49,143.371,2.627,51.769,141.351,72.491,457.01,193.9,68.02,183.58,72.2
516,573634.600252,68.759,49,143.155,2.582,51.687,142.665,72.716,456.75,193.86,67.8,185.5,72.45
517,573634.604116,68.394,49,144.035,2.341,51.622,140.192,72.524,457.85,193.56,67.72,182.09,72.22
518,573634.608186,68.584,49,143.08,2.63,51.715,141.632,72.69,456.4,194.0,67.99,183.39,72.46
519,573634.616115,68.377,48,143.632,2.692,51.667,140.208,72.232,457.33,194.03,67.79,182.08,71.92
520,573634.621102,68.781,51,143.037,2.61,51.502,142.298,72.803,456.61,193.89,67.55,185.05,72.53
521,573634.623584,68.302,49,143.727,2.663,51.726,139.907,72.2,457.45,193.99,67.87,181.7,71.88
522,573634.628689,68.51,52,143.353,2.612,51.647,140.978,72.571,456.93,193.92,67.74,183.24,72.28
523,573634.641272,68.532,48,143.223,2.62,51.707,141.282,72.597,456.8,193.93,67.85,183.44,72.29
524,573634.644368,68.469,48,142.826,2.682,51.849,141.279,72.808,456.03,194.12,68.1,182.82,72.59
525,573634.653193,68.509,51,143.41,2.553,51.772,141.32,72.483,457.04,193.84,67.93,183.51,72.18
526,573634.656729,68.355,49,143.557,2.576,51.857,140.591,72.349,457.29,193.87,68.06,182.72,71.98
527,573634.664695,68.658,51,143.111,2.601,51.767,142.242,72.66,456.61,193.91,67.9,184.94,72.38
528,573634.668128,68.222,48,142.409,2.84,52.154,140.571,72.843,455.66,194.22,68.47,182.58,72.59
529,573634.672301,68.3,50,143.532,2.473,51.914,140.406,72.632,457.19,193.74,68.12,182.37,72.33
530,573634.67578,68.379,49,143.507,2.604,51.861,140.747,72.392,457.17,193.91,68.05,182.76,72.08
531,573634.6804,68.457,48,143.292,2.625,51.875,141.273,72.519,456.83,193.93,68.11,183.44,72.25
532,573634.68412,68.527,50,143.055,2.639,51.877,141.713,72.661,456.52,193.95,68.06,184.18,72.39
533,573634.692916,68.361,48,143.285,2.67,51.917,140.788,72.458,456.75,194.0,68.14,183.07,72.22
534,573634.696029,68.383,49,143.199,2.703,51.89,140.854,72.514,456.76,194.04,68.09,182.9,72.21
535,573634.700439,68.442,48,143.115,2.703,51.782,140.927,72.605,456.49,194.03,68.08,182.69,72.37
536,573634.703879,68.252,51,143.538,2.774,51.811,139.831,72.276,457.29,194.14,67.93,181.58,71.9
537,573634.707884,68.5,47,143.088,2.732,51.704,141.075,72.633,456.35,194.12,68.1,182.99,72.34
538,573634.716348,68.197,52,143.488,2.716,51.804,139.476,72.412,457.14,194.05,67.97,180.98,72.13
539,573634.728809,68.601,49,143.303,2.668,51.576,141.358,72.543,456.9,193.99,67.67,183.56,72.24
540,573634.732022,68.454,49,143.505,2.644,51.684,140.734,72.393,457.16,193.96,67.81,182.77,72.09
541,573634.741044,68.511,50,143.335,2.634,51.707,141.149,72.512,456.94,193.95,67.84,183.29,72.21
542,573634.743893,68.537,49,143.323,2.613,51.724,141.358,72.497,456.93,193.92,67.87,183.54,72.19
543,573634.748179,68.348,48,142.714,2.737,51.956,140.814,72.773,455.96,194.17,68.19,182.45,72.55
544,573634.752085,68.129,47,143.817,2.305,51.949,139.454,72.757,457.5,193.51,68.18,181.2,72.49
545,573634.756548,68.486,50,143.386,2.586,51.811,141.281,72.437,456.94,193.88,67.99,183.58,72.18
546,573634.760442,68.388,46,142.977,2.578,51.902,140.919,72.863,456.4,193.84,68.2,182.55,72.69
547,573634.769108,68.22,52,143.74,2.571,51.945,139.996,72.122,457.41,193.91,68.19,181.46,71.81
548,573634.772368,68.616,47,143.589,2.516,51.746,141.915,72.432,457.25,193.75,67.78,184.78,72.22
549,573634.776994,68.342,48,143.9,2.545,51.86,140.515,72.113,457.68,193.83,68.04,182.49,71.8
550,573634.779728,68.487,49,143.455,2.594,51.812,141.291,72.467,457.04,193.92,68.02,183.2,72.14
551,573634.784468,68.455,51,143.453,2.595,51.81,141.081,72.482,457.18,193.86,67.95,183.46,72.16
552,573634.792757,68.323,50,143.687,2.621,51.791,140.21,72.333,457.44,193.92,67.96,181.93,72.01
553,573634.795829,68.506,51,143.359,2.675,51.668,141.014,72.545,456.97,194.0,67.79,183.12,72.24
554,573634.800458,68.528,50,143.295,2.685,51.636,141.067,72.556,456.87,194.0,67.83,182.97,72.28
555,573634.813149,68.573,50,143.275,2.695,51.557,141.132,72.578,456.9,194.02,67.67,183.08,72.28
556,573634.821369,68.564,50,143.334,2.679,51.545,141.044,72.524,456.92,193.99,67.71,182.95,72.25
557,573634.824248,68.355,49,143.512,2.533,51.616,139.936,72.758,457.13,193.83,67.73,181.63,72.47
558,573634.82771,68.558,50,143.321,2.659,51.622,141.216,72.55,456.75,194.05,67.81,182.79,72.26
559,573634.832164,68.572,52,142.961,2.592,51.714,141.557,72.849,456.44,193.8,68.06,183.24,72.64
560,573634.836116,68.318,50,143.128,2.695,51.973,140.672,72.489,456.7,194.0,68.17,182.66,72.21
561,573634.844781,68.494,50,143.321,2.621,51.773,141.225,72.519,456.86,193.96,67.96,183.13,72.22
562,573634.848022,68.163,51,143.761,2.632,52.003,139.805,72.182,457.5,193.95,68.23,181.57,71.86
563,573634.851963,68.24,50,143.725,2.606,51.967,140.178,72.196,457.38,193.94,68.21,181.85,71.89
564,573634.855956,69.259,47,140.329,2.362,49.426,139.564,71.126,453.29,193.53,64.92,180.74,70.76
565,573634.860308,68.689,51,143.406,2.508,51.811,142.56,72.596,456.92,193.78,67.96,185.59,72.36
566,573634.868021,68.471,48,143.55,2.574,51.866,141.337,72.394,457.27,193.83,67.96,183.93,72.15
567,573634.8722,68.509,46,143.165,2.638,51.93,141.744,72.562,456.71,193.95,68.14,184.08,72.27
568,573634.875818,68.601,49,142.995,2.624,51.868,142.157,72.692,456.49,193.93,68.06,184.64,72.4
569,573634.879987,68.286,48,142.49,2.747,52.172,141.013,72.859,455.88,194.09,68.46,183.05,72.54
570,573634.88405,68.581,55,142.837,2.667,51.795,141.829,72.831,456.24,193.98,68.02,184.15,72.56
571,573634.896099,68.042,44,143.12,2.672,51.78,138.476,72.703,456.34,194.05,68.19,179.31,72.4
572,573634.899784,68.592,52,143.438,2.685,51.544,141.216,72.526,457.02,193.98,67.77,183.27,72.23
573,573634.907973,68.196,51,143.511,2.766,51.838,139.565,72.218,456.9,194.17,68.1,180.73,71.98
574,573634.911818,68.285,52,143.095,2.763,51.958,140.433,72.511,456.63,194.12,68.19,182.36,72.2
575,573634.920336,68.665,49,142.912,2.665,51.704,142.115,72.797,456.38,193.98,67.85,184.59,72.51
576,573634.9238,68.363,48,143.209,2.676,51.902,140.762,72.484,456.74,194.01,68.1,182.92,72.18
577,573634.928696,68.189,50,143.596,2.648,51.947,139.81,72.258,457.28,193.97,68.16,181.57,71.94
578,573634.932919,68.436,50,143.325,2.622,51.803,140.947,72.474,457.09,193.89,67.98,182.91,72.11
579,573634.935948,68.373,50,143.487,2.594,51.849,140.679,72.358,457.22,193.86,68.0,182.9,72.03
580,573634.945221,68.162,50,143.562,2.661,52.076,139.997,72.215,457.32,194.01,68.35,181.59,71.81
581,573634.948291,68.501,52,142.928,2.644,51.928,141.694,72.682,456.31,193.93,68.32,183.78,72.42
582,573634.95198,68.486,51,142.902,2.687,52.0,141.793,72.633,456.41,194.0,68.21,184.34,72.35
583,573634.956452,68.441,51,142.824,2.686,52.086,141.746,72.662,456.26,194.02,68.35,184.09,72.37
584,573634.959914,68.328,49,143.323,2.677,51.981,140.76,72.371,456.97,194.0,68.23,182.6,72.05
585,573634.964251,68.174,51,143.495,2.698,52.02,139.918,72.252,457.16,194.03,68.25,181.7,71.94
586,573634.972717,68.275,50,143.477,2.667,51.883,140.168,72.322,457.32,193.96,68.05,181.94,71.92
587,573634.984413,68.423,51,143.332,2.695,51.69,140.559,72.509,457.06,193.97,67.83,182.12,72.24
588,573634.987925,68.632,48,143.256,2.683,51.557,141.501,72.588,456.7,194.03,67.57,184.46,72.35
589,573634.997033,68.329,44,143.856,2.415,51.597,139.725,72.686,457.66,193.62,67.67,181.45,72.42
590,573635.000169,68.573,50,143.262,2.672,51.62,141.304,72.562,456.57,194.09,67.77,183.1,72.35
591,573635.004108,68.578,47,143.358,2.709,51.563,141.178,72.476,456.97,194.05,67.66,183.32,72.17
592,573635.008001,68.53,47,143.365,2.697,51.597,140.972,72.425,456.98,194.03,67.7,183.05,72.12
593,573635.011769,68.106,48,142.378,2.762,52.325,140.322,72.98,455.67,194.11,68.69,182.2,72.7
594,573635.019963,68.581,53,143.438,2.617,51.578,141.237,72.54,457.08,193.92,67.67,183.41,72.24
595,573635.023869,68.577,45,143.542,2.628,51.655,141.424,72.41,457.22,193.94,67.78,183.63,72.1
596,573635.02781,67.881,44,143.032,2.316,52.051,138.24,73.602,456.51,193.52,68.32,179.53,73.32
597,573635.032034,68.51,50,143.386,2.628,51.793,141.38,72.435,456.97,193.96,67.99,183.34,72.11
598,573635.035943,68.634,47,143.127,2.576,51.813,142.215,72.684,456.52,193.89,68.07,184.41,72.41
599,573635.040094,68.46,49,142.893,2.577,52.061,141.8,72.763,456.35,193.87,68.32,184.14,72.48
600,573635.048007,68.379,50,143.548,2.585,51.914,140.892,72.368,457.22,193.88,68.11,182.95,72.06
601,573635.052169,68.411,50,142.859,2.721,51.858,140.936,72.771,456.09,194.19,68.04,182.66,72.52
602,573635.056044,68.488,54,142.984,2.621,51.95,141.673,72.701,456.47,193.93,68.17,184.02,72.41
603,573635.059953,68.226,47,142.466,2.796,52.181,140.67,72.91,455.77,194.15,68.55,182.48,72.65
604,573635.072765,68.564,55,142.986,2.618,51.838,141.844,72.734,456.48,193.92,68.02,184.24,72.45
605,573635.076247,68.644,47,142.874,2.613,51.768,142.157,72.801,456.23,193.9,68.08,184.39,72.55
606,573635.08468,68.435,50,143.286,2.673,51.758,140.815,72.456,456.88,194.0,67.91,182.86,72.15
607,573635.088244,68.502,49,143.223,2.659,51.677,141.012,72.537,456.8,193.98,67.81,183.11,72.24
608,573635.097362,68.222,51,143.447,2.735,51.857,139.773,72.27,457.09,194.08,68.05,181.51,71.95
609,573635.100078,68.502,50,143.19,2.702,51.663,140.975,72.536,456.71,194.03,67.85,183.02,72.26
610,573635.104834,69.602,44,139.8,2.505,49.025,140.655,71.266,452.5,193.75,64.39,182.52,71.02
611,573635.108659,68.209,54,143.764,2.584,51.94,139.913,72.258,457.5,193.88,68.14,181.73,71.95
612,573635.112148,68.439,51,143.262,2.667,51.774,140.884,72.517,456.85,193.99,67.93,182.95,72.21
613,573635.116419,68.265,48,142.452,2.842,52.06,140.583,72.907,455.71,194.16,68.5,182.56,72.65
614,573635.125112,68.718,54,143.032,2.58,51.733,142.532,72.796,456.54,193.87,67.88,185.14,72.51
615,573635.128538,68.404,50,143.372,2.64,51.945,141.132,72.3,456.99,193.96,68.16,183.26,71.99
616,573635.132238,68.588,48,142.915,2.619,51.868,142.073,72.728,456.38,193.92,68.06,184.53,72.44
617,573635.136418,68.614,49,142.937,2.63,51.849,142.191,72.707,456.55,193.89,67.98,185.15,72.42
618,573635.139832,68.197,44,143.018,2.702,52.032,140.092,72.66,456.26,194.04,68.35,181.73,72.52
619,573635.148714,68.358,50,143.224,2.674,51.953,140.869,72.512,456.8,194.0,68.17,182.94,72.21
620,573635.160899,68.431,48,143.26,2.632,51.834,140.996,72.507,456.78,193.94,68.07,183.08,72.24
621,573635.16409,68.641,48,143.043,2.63,51.732,142.036,72.697,456.52,193.94,67.86,184.66,72.42
622,573635.172998,68.443,49,143.503,2.571,51.681,140.657,72.493,457.28,193.83,67.8,182.6,72.2
623,573635.176202,68.492,49,143.298,2.653,51.73,141.092,72.505,456.89,193.97,67.88,183.21,72.2
624,573635.180001,69.431,48,139.954,2.479,49.186,139.996,71.306,452.66,193.72,64.58,181.71,71.05
625,573635.184687,68.284,51,143.886,2.517,51.795,139.982,72.311,457.69,193.77,67.93,181.79,72.03
626,573635.188242,68.355,50,143.421,2.659,51.818,140.486,72.434,457.06,193.98,67.99,182.42,72.13
627,573635.193071,68.49,51,143.337,2.638,51.671,140.919,72.516,456.99,193.95,67.82,182.79,72.2
628,573635.200372,68.33,49,143.634,2.595,51.719,140.062,72.349,457.4,193.9,67.83,181.84,71.99
629,573635.204593,68.5,49,143.296,2.632,51.734,141.16,72.504,456.9,193.94,67.88,183.28,72.2
630,573635.208335,68.316,50,143.66,2.581,51.8,140.192,72.279,457.26,193.98,68.16,181.5,71.9
631,573635.212474,68.341,51,143.571,2.576,51.788,140.318,72.361,457.38,193.87,67.95,181.94,71.98
632,573635.215824,68.222,49,143.835,2.401,51.764,139.52,72.573,457.6,193.6,67.91,181.12,72.34
633,573635.224599,68.403,49,143.578,2.555,51.804,140.739,72.37,457.26,193.84,67.97,182.75,72.06
634,573635.227874,68.424,51,143.505,2.555,51.822,140.92,72.422,457.2,193.84,68.01,182.81,72.1
635,573635.231975,68.664,49,143.241,2.571,51.728,142.173,72.6,456.75,193.81,67.88,184.74,72.39
636,573635.236031,68.694,50,143.25,2.474,51.798,142.557,72.684,456.82,193.73,67.96,185.17,72.4
637,573635.249112,68.278,47,143.964,2.386,51.785,139.922,72.473,457.85,193.54,67.84,181.75,72.25
638,573635.252065,68.254,48,143.708,2.538,51.892,140.062,72.386,457.43,193.82,68.08,181.89,72.08
639,573635.256442,68.142,50,143.488,2.62,51.9,139.401,72.451,456.98,193.98,68.12,180.69,72.25
640,573635.260177,68.683,51,143.183,2.642,51.649,142.076,72.661,456.59,193.94,67.86,184.62,72.44
641,573635.264384,68.244,50,143.745,2.676,51.839,139.857,72.124,457.47,194.01,68.01,181.64,71.81
642,573635.268016,68.49,50,143.305,2.676,51.709,141.023,72.507,456.91,194.0,67.85,183.11,72.2
643,573635.276383,68.366,50,143.632,2.624,51.677,140.168,72.342,457.44,193.93,67.79,181.83,71.97
644,573635.280517,68.436,50,143.164,2.658,51.803,140.945,72.587,456.43,193.99,68.41,182.41,72.28
645,573635.284088,68.769,49,142.96,2.711,51.54,142.325,72.78,456.44,194.04,67.63,184.86,72.49
646,573635.288229,68.61,48,143.134,2.686,51.622,141.541,72.577,456.59,194.04,67.81,183.79,72.28
647,573635.292144,68.516,48,143.3,2.673,51.652,141.034,72.509,456.86,193.98,67.81,183.03,72.25
648,573635.300851,68.557,49,143.388,2.642,51.612,141.178,72.472,457.05,193.95,67.73,183.15,72.16
649,573635.304232,67.905,45,141.992,2.851,52.388,139.277,72.954,455.14,194.31,68.95,180.69,72.62
650,573635.309415,68.772,55,143.114,2.607,51.668,142.7,72.744,456.65,193.91,67.79,185.36,72.46
651,573635.311948,68.389,48,143.614,2.512,51.749,140.507,72.469,457.24,193.78,67.96,182.43,72.2
652,573635.316342,68.595,49,143.478,2.572,51.694,141.643,72.463,457.0,193.91,67.81,184.05,72.19
653,573635.320248,68.652,47,143.014,2.6,51.801,142.301,72.717,456.28,193.92,68.12,184.51,72.49
654,573635.33234,68.362,50,143.28,2.625,51.962,140.913,72.499,456.84,193.9,68.18,183.01,72.26
655,573635.341664,68.219,50,143.689,2.659,51.931,139.95,72.189,457.42,194.01,68.17,181.63,71.82
656,573635.344555,68.262,49,143.607,2.654,51.858,140.019,72.271,457.26,194.02,68.12,181.46,71.89
657,573635.353016,68.404,48,143.63,2.603,51.718,140.517,72.358,457.33,193.91,67.86,182.46,72.05
658,573635.355975,68.803,50,143.269,2.579,51.561,142.602,72.684,456.87,193.81,67.6,185.62,72.5
659,573635.360629,68.518,50,143.536,2.552,51.743,141.291,72.421,457.21,193.84,67.89,183.49,72.12
660,573635.363697,68.615,49,143.064,2.632,51.749,141.92,72.719,456.56,193.93,67.91,184.29,72.46
661,573635.368589,68.771,48,143.115,2.58,51.656,142.655,72.759,456.64,193.87,67.78,185.3,72.47
662,573635.376571,68.206,54,143.636,2.6,51.946,139.917,72.297,457.3,193.91,68.16,181.61,71.97
663,573635.379756,68.103,48,142.991,2.746,51.947,139.293,72.541,456.13,194.19,68.38,179.88,72.31
664,573635.383931,68.516,54,143.422,2.622,51.743,141.284,72.519,457.06,193.93,67.89,183.47,72.22
665,573635.388464,68.58,49,143.454,2.561,51.702,141.573,72.521,457.1,193.85,67.84,183.83,72.22
666,573635.39186,68.667,49,143.074,2.598,51.746,142.244,72.72,456.59,193.9,67.9,184.75,72.43
667,573635.396134,68.354,49,143.568,2.586,51.848,140.557,72.35,457.27,193.9,68.08,182.31,72.0
668,573635.404827,68.78,49,143.216,2.532,51.665,142.74,72.72,456.93,193.74,67.72,185.5,72.49
669,573635.417303,68.532,48,143.515,2.577,51.782,141.491,72.387,457.18,193.83,67.84,184.28,72.18
670,573635.420276,68.292,45,142.972,2.717,51.928,140.396,72.623,456.25,194.17,68.41,181.55,72.36
671,573635.429211,68.445,50,143.222,2.616,51.877,141.205,72.574,456.85,193.91,68.1,183.12,72.25
672,573635.431793,68.245,51,142.591,2.77,52.092,140.546,72.843,455.92,194.14,68.36,182.63,72.55
673,573635.436193,68.535,55,142.93,2.637,51.877,141.769,72.745,456.4,193.95,68.07,184.14,72.45
674,573635.440117,68.601,47,142.814,2.657,51.874,142.176,72.757,456.22,193.94,68.18,184.64,72.51
675,573635.443939,68.232,48,143.715,2.456,51.826,139.751,72.588,457.43,193.72,68.0,181.51,72.28
676,573635.452892,68.544,49,143.317,2.636,51.686,141.301,72.527,456.7,194.02,67.87,183.17,72.3
677,573635.456368,68.658,50,142.978,2.639,51.738,142.165,72.724,456.47,193.95,67.89,184.66,72.44
678,573635.460289,68.363,49,143.296,2.681,51.909,140.778,72.392,456.81,194.01,68.14,182.9,72.13
679,573635.464697,68.277,50,143.482,2.711,51.854,140.102,72.307,457.18,194.04,68.05,181.76,71.97
680,573635.46827,68.296,48,143.654,2.579,51.711,139.829,72.412,457.36,193.88,67.85,181.6,72.1
681,573635.471797,68.319,48,143.762,2.446,51.632,139.755,72.622,457.5,193.7,67.74,181.52,72.32
682,573635.480722,68.587,50,143.134,2.662,51.654,141.484,72.557,456.57,193.99,67.74,184.12,72.32
683,573635.484105,68.664,50,142.876,2.678,51.683,142.047,72.707,456.33,194.0,67.82,184.48,72.42
684,573635.488357,68.339,53,143.355,2.664,51.852,140.477,72.423,457.05,193.98,68.04,182.23,72.06
685,573635.491819,68.481,52,143.351,2.638,51.716,140.986,72.476,456.9,193.92,67.95,182.91,72.25
686,573635.505052,68.655,50,143.101,2.608,51.729,142.122,72.647,456.58,193.91,67.87,184.73,72.38
687,573635.508159,68.255,50,143.82,2.62,51.883,140.042,72.062,457.57,193.94,68.07,181.87,71.74
688,573635.513017,68.584,50,143.429,2.569,51.722,141.651,72.447,457.08,193.81,67.72,184.29,72.17
689,573635.516543,68.749,48,143.192,2.553,51.722,142.696,72.654,456.74,193.84,67.87,185.35,72.37
690,573635.520039,68.266,48,143.826,2.616,51.921,140.213,72.042,457.53,193.93,68.11,182.22,71.74
691,573635.528705,68.365,51,143.712,2.536,51.812,140.528,72.283,457.51,193.82,67.96,182.39,71.92
692,573635.532249,68.614,49,143.459,2.547,51.693,141.76,72.455,457.11,193.83,67.83,184.07,72.15
693,573635.536325,68.326,48,143.757,2.532,51.763,140.153,72.289,457.44,193.79,67.98,181.9,72.03
694,573635.540292,69.414,49,140.036,2.409,49.233,140.02,71.21,452.66,193.66,64.59,181.97,70.91
695,573635.544237,68.553,50,143.62,2.509,51.693,141.373,72.484,457.36,193.78,67.84,183.4,72.16
696,573635.553151,68.653,49,143.115,2.599,51.709,142.049,72.688,456.64,193.9,67.85,184.5,72.4
697,573635.55656,67.8,45,142.965,2.719,52.202,138.159,72.717,456.33,194.06,68.63,179.13,72.41
698,573635.560903,68.699,50,143.197,2.594,51.68,142.262,72.728,456.81,193.88,67.79,184.95,72.46
699,573635.563673,68.498,45,143.276,2.65,51.726,141.119,72.523,456.83,193.95,67.86,183.59,72.28
700,573635.568916,68.679,49,142.968,2.661,51.67,142.108,72.778,456.45,193.98,67.8,184.58,72.49
701,573635.571806,68.149,53,143.436,2.664,51.998,139.708,72.329,457.11,193.98,68.24,181.31,72.01
702,573635.581068,68.599,52,143.014,2.621,51.773,141.887,72.8,456.55,193.9,67.89,184.66,72.51
703,573635.593465,68.257,48,142.508,2.741,52.184,140.867,72.913,455.81,194.12,68.52,182.56,72.65
704,573635.59648,68.137,54,143.577,2.48,52.005,139.649,72.63,457.19,193.78,68.33,181.42,72.25
705,573635.604818,68.369,50,143.483,2.589,51.847,140.646,72.447,457.14,193.89,68.03,182.63,72.14
706,573635.60786,69.394,46,140.032,2.405,49.242,139.914,71.152,452.69,193.64,64.64,181.8,70.91
707,573635.612208,68.269,50,143.592,2.595,52.067,140.624,72.338,457.28,193.9,68.32,182.6,72.02
708,573635.616199,68.492,51,142.979,2.674,51.814,141.328,72.714,456.31,194.08,67.98,183.18,72.49
709,573635.620157,68.444,51,142.83,2.612,52.071,141.722,72.795,456.4,193.87,68.32,184.19,72.47
710,573635.623788,68.442,50,142.759,2.611,52.083,141.746,72.799,456.17,193.92,68.35,184.09,72.51
711,573635.63234,68.156,52,143.121,2.743,52.231,140.379,72.822,456.72,194.06,68.53,182.12,72.54
712,573635.635931,68.805,50,142.753,2.785,51.73,143.078,73.522,456.18,194.13,67.88,185.82,73.24
713,573635.640553,68.289,48,142.097,3.204,51.908,140.317,73.678,455.1,194.73,68.19,182.1,73.45
714,573635.643938,68.823,51,142.402,3.101,50.898,140.893,73.832,455.67,194.59,66.85,182.8,73.53
715,573635.64806,69.753,51,142.45,2.974,49.923,144.257,74.0,455.79,194.38,65.5,187.49,73.74
716,573635.656398,69.483,44,143.015,2.726,49.213,140.415,73.961,456.52,194.06,64.58,182.4,73.68
717,573635.660249,69.906,50,141.904,3.172,49.032,142.721,73.647,455.07,194.64,64.33,185.45,73.38
718,573635.664397,70.025,54,141.879,3.119,48.693,142.541,73.321,455.06,194.59,63.98,184.87,73.02
719,573635.668457,70.439,52,139.292,2.973,46.821,139.843,71.97,451.65,194.41,61.43,181.93,71.7
720,573635.681247,70.194,45,142.019,2.967,48.567,143.333,72.965,455.22,194.38,63.71,186.26,72.69
721,573635.684431,70.01,49,139.563,2.985,47.776,139.756,71.769,452.09,194.39,62.7,181.7,71.46
722,573635.693014,69.451,49,139.823,2.806,48.943,139.436,71.547,452.48,194.11,64.35,181.15,71.27
723,573635.69617,69.321,50,142.462,2.733,50.583,143.24,72.703,455.78,194.1,66.44,185.85,72.41
724,573635.699737,68.933,55,140.306,2.769,50.134,139.474,71.612,453.02,194.13,65.79,181.25,71.33
725,573635.708926,68.632,59,140.497,2.609,50.721,139.205,71.419,453.28,193.92,66.56,180.92,71.14
726,573635.712472,68.318,59,140.651,2.529,51.242,138.697,71.182,453.48,193.79,67.31,180.21,70.87
727,573635.71753,68.173,58,140.64,2.535,51.61,138.81,71.148,453.48,193.82,67.72,180.43,70.86
728,573635.719763,67.988,59,140.858,2.453,52.026,138.808,71.09,453.75,193.71,68.27,180.4,70.79
729,573635.724348,67.769,58,141.045,2.447,52.413,138.535,70.998,454.0,193.71,68.78,180.03,70.7
730,573635.732058,67.765,59,140.999,2.428,52.623,139.064,71.004,453.94,193.68,69.06,180.7,70.7
731,573635.735923,67.536,59,141.144,2.387,52.865,138.356,70.903,454.22,193.59,69.42,179.55,70.54
732,573635.740126,67.613,57,141.171,2.463,52.752,138.509,70.858,454.17,193.73,69.22,180.0,70.55
733,573635.744217,67.638,59,141.173,2.464,52.883,138.998,70.985,454.17,193.72,69.39,180.64,70.68
734,573635.747768,67.872,59,140.888,2.632,52.489,139.349,71.035,453.8,193.95,68.88,181.09,70.73
735,573635.756461,68.399,55,140.742,2.677,52.273,141.995,71.372,453.61,194.0,68.6,184.5,71.07
736,573635.76888,68.495,57,140.787,2.815,51.819,141.359,71.508,453.66,194.19,68.0,183.65,71.21
737,573635.772274,68.471,58,140.879,2.821,51.787,141.121,71.485,453.78,194.19,67.96,183.34,71.18
738,573635.77715,68.49,57,140.799,2.909,51.689,140.973,71.606,453.73,194.27,67.89,182.8,71.29
739,573635.784954,68.159,59,140.443,3.027,51.884,139.459,71.57,453.18,194.47,68.1,181.09,71.27
740,573635.788925,68.853,55,140.762,3.058,51.429,142.558,71.923,453.78,194.46,67.56,184.56,71.59
741,573635.791858,68.61,60,140.868,3.009,51.758,141.911,71.848,453.8,194.42,67.95,184.11,71.56
742,573635.796085,68.195,61,140.857,3.083,52.053,140.136,71.8,453.64,194.56,68.35,181.75,71.49
743,573635.800159,68.024,55,141.011,2.847,52.542,140.405,71.599,453.86,194.24,69.13,181.53,71.33
744,573635.808565,67.996,66,141.142,2.98,52.5,140.12,71.66,454.1,194.41,68.92,181.83,71.36
745,573635.812597,67.881,62,141.247,3.002,52.75,140.098,71.633,454.35,194.43,69.33,181.59,71.3
746,573635.815918,67.784,65,141.198,2.977,53.006,140.189,71.52,454.26,194.38,69.58,181.87,71.2
747,573635.820085,67.808,61,141.274,2.993,53.165,140.758,71.521,454.4,194.34,69.89,182.41,71.2
748,573635.824215,67.684,63,141.189,2.986,53.554,141.039,71.45,454.16,194.41,70.28,183.2,71.14
749,573635.827911,67.675,61,141.388,2.943,53.56,141.0,71.244,454.49,194.33,70.3,182.95,70.95
750,573635.836113,67.349,60,141.571,2.807,54.082,140.432,71.225,454.66,194.09,71.16,182.02,70.93
751,573635.840912,67.19,63,141.469,2.9,54.159,139.704,71.271,454.53,194.28,71.14,181.29,70.94
752,573635.853388,67.234,64,141.805,2.846,54.192,140.041,71.373,455.15,194.13,71.21,181.3,71.05
753,573635.8611,67.024,67,141.755,2.811,54.441,139.468,71.457,454.84,194.2,71.46,180.95,71.15
754,573635.863862,67.281,65,141.718,2.944,54.11,140.106,71.487,454.9,194.34,71.07,181.61,71.21
755,573635.868324,67.282,62,141.336,3.079,54.123,140.142,71.708,454.32,194.56,71.02,181.94,71.43
756,573635.872494,67.038,62,141.858,2.836,54.421,139.496,71.566,455.17,194.09,71.64,180.61,71.23
757,573635.876433,66.164,65,142.869,2.392,56.048,138.69,70.034,456.43,193.61,73.52,180.05,69.68
758,573635.884558,66.085,64,142.852,2.357,56.585,139.585,69.829,456.32,193.6,74.23,181.26,69.49
759,573635.887919,65.887,65,143.619,1.925,56.906,139.293,69.559,457.4,192.96,74.73,180.69,69.19
760,573635.892666,65.557,65,144.329,1.613,57.347,138.589,69.463,458.27,192.56,75.35,179.7,69.11
761,573635.895749,65.363,66,144.962,1.395,57.665,138.328,69.432,459.05,192.35,75.62,179.55,69.08
762,573635.900888,65.342,65,145.257,1.2,57.828,138.61,69.712,459.45,192.06,75.9,179.77,69.36
763,573635.903942,65.204,65,146.085,0.94,57.868,137.982,69.644,460.43,191.66,76.14,178.98,69.36
764,573635.913072,65.093,61,145.949,0.579,58.345,138.54,70.205,460.31,191.27,76.52,179.75,69.86
765,573635.916583,65.896,62,145.96,1.01,56.673,138.77,70.744,460.31,191.84,74.31,180.03,70.42
766,573635.920285,66.19,61,146.286,0.968,55.903,138.475,70.922,460.73,191.79,73.3,179.64,70.61
767,573635.924291,66.968,54,147.668,0.138,55.363,141.505,70.442,462.54,190.69,72.58,183.61,70.12
768,573635.936709,67.438,50,147.167,0.357,54.437,141.881,70.715,461.74,191.04,71.39,183.64,70.41
769,573635.940188,67.973,50,148.057,0.031,54.259,144.674,70.114,463.07,190.54,71.15,187.45,69.8
770,573635.948999,65.613,47,147.174,-0.288,56.139,135.964,68.629,461.84,190.17,73.57,176.81,68.25
771,573635.952028,67.71,51,148.012,0.09,54.928,144.816,69.639,462.99,190.63,72.01,187.93,69.3
772,573635.960725,65.853,52,146.426,0.459,55.576,135.858,68.585,460.97,191.11,72.88,176.37,68.22
773,573635.963953,65.965,54,145.35,0.687,56.17,137.909,69.554,459.57,191.4,73.68,179.04,69.21
774,573635.968248,65.996,51,145.115,1.025,55.833,137.246,69.673,459.27,191.84,73.25,178.21,69.34
775,573635.971995,67.416,59,146.536,1.088,54.613,142.206,70.177,460.97,191.99,71.62,184.28,69.88
776,573635.976133,66.535,60,144.371,1.66,55.018,138.169,70.567,458.33,192.66,72.19,179.32,70.24
777,573635.98012,66.86,56,144.009,2.09,53.95,137.284,70.603,457.95,193.24,70.66,178.4,70.22
778,573635.989348,67.772,57,144.213,2.294,53.202,140.638,71.538,458.0,193.55,69.78,182.49,71.26
779,573635.991844,68.601,60,144.034,2.543,51.682,141.651,72.293,457.71,193.88,67.82,183.62,72.04
780,573635.996025,68.926,56,142.495,3.081,50.43,140.249,73.117,455.84,194.52,66.19,182.16,72.84
781,573636.000362,69.713,62,142.606,3.2,49.064,141.507,73.488,456.09,194.7,64.28,183.82,73.15
782,573636.004081,70.071,58,142.458,3.289,47.937,140.635,73.797,455.83,194.8,62.91,182.57,73.5
783,573636.012879,70.337,55,142.31,3.332,46.933,139.481,74.25,455.58,194.86,61.61,181.18,73.98
784,573636.025132,71.721,53,139.975,3.9,45.966,146.557,74.732,452.56,195.61,60.37,189.92,74.48
785,573636.027986,70.441,51,142.819,3.253,46.437,138.709,74.541,456.15,194.73,61.03,180.1,74.35
786,573636.037149,71.457,51,140.012,3.963,47.094,148.089,74.61,452.62,195.68,61.83,192.27,74.35
787,573636.040157,69.039,50,141.88,3.236,48.539,135.686,75.457,455.02,194.73,63.74,176.22,75.19
788,573636.044651,70.259,53,140.66,3.729,49.384,146.208,74.225,453.21,195.48,64.84,189.03,74.03
789,573636.048222,69.652,48,141.086,3.567,50.618,145.571,73.871,454.0,195.16,66.44,189.03,73.6
790,573636.051845,69.447,48,141.218,3.489,51.467,146.599,73.68,454.29,195.02,67.58,189.88,73.42
791,573636.05585,68.789,51,141.544,3.428,52.299,144.551,73.57,454.52,194.99,68.66,187.34,73.26
792,573636.064389,68.353,52,142.076,3.186,53.145,144.068,73.211,455.41,194.6,69.83,186.65,72.91
793,573636.068882,67.095,46,143.998,2.418,53.846,138.351,73.103,457.81,193.55,70.8,179.05,72.97
794,573636.072424,67.245,53,141.823,2.97,54.299,140.383,72.602,455.09,194.35,71.28,182.02,72.31
795,573636.07619,67.737,58,142.329,2.782,54.224,143.124,72.707,455.61,194.14,71.16,185.83,72.41
796,573636.080573,67.774,59,142.097,2.73,54.263,143.456,72.659,455.22,194.07,71.27,186.34,72.4
797,573636.088837,67.993,61,142.291,2.683,53.799,143.572,72.64,455.57,194.01,70.6,186.41,72.34
798,573636.092437,68.109,58,142.406,2.684,53.368,143.139,72.635,455.72,194.01,70.03,185.84,72.34
799,573636.096299,68.148,58,142.705,2.533,53.126,142.732,72.651,456.12,193.79,69.75,184.89,72.38
800,573636.100316,67.664,59,143.204,2.415,53.473,140.706,72.567,456.88,193.65,70.12,182.51,72.21
801,573636.113185,66.654,61,141.732,2.369,55.942,141.167,73.482,454.87,193.58,73.43,183.0,73.24
802,573636.116073,65.445,60,142.644,1.914,57.272,137.815,73.365,456.06,192.96,75.15,178.88,73.1
803,573636.125823,65.669,60,140.338,2.29,57.619,139.848,74.492,452.95,193.51,75.67,181.28,74.26
804,573636.1281,65.839,61,140.198,2.129,57.623,140.782,74.382,452.89,193.24,75.67,182.99,74.08
805,573636.132421,65.501,60,139.577,2.26,57.527,138.725,74.762,452.14,193.42,75.55,179.79,74.48
806,573636.140651,65.27,60,140.452,1.732,57.678,137.875,74.12,453.17,192.75,75.73,179.02,73.82
807,573636.144395,65.531,60,139.109,2.367,56.83,137.203,74.963,451.6,193.49,74.69,178.26,74.61
808,573636.148715,65.063,62,138.865,1.593,58.026,137.625,74.932,451.03,192.58,76.22,178.63,74.71
809,573636.151898,65.6,61,139.432,1.858,56.83,137.569,74.34,451.76,192.94,74.64,178.45,74.08
810,573636.156462,65.589,60,139.165,1.757,56.987,137.889,74.398,451.54,192.77,74.83,179.23,74.12
811,573636.164559,66.037,60,137.751,2.783,55.505,136.661,75.426,449.82,194.09,72.93,177.32,75.13
812,573636.16776,66.209,59,137.423,2.979,55.265,136.997,75.321,449.25,194.39,72.57,178.06,75.08
813,573636.17256,66.347,58,137.288,3.106,54.925,136.901,75.229,449.07,194.55,72.12,177.94,74.99
814,573636.176467,66.66,56,138.626,2.309,55.435,139.92,74.14,450.84,193.5,72.79,181.93,73.87
815,573636.179759,65.796,52,137.745,2.509,55.521,135.421,74.487,449.61,193.79,72.92,176.19,74.41
816,573636.189444,66.533,52,138.263,2.528,54.822,137.666,74.255,450.3,193.8,72.01,178.81,73.98
817,573636.200992,67.859,51,139.263,2.867,53.18,141.103,73.886,451.49,194.27,69.82,183.64,73.7
818,573636.204034,67.823,54,139.1,3.123,52.956,140.292,74.282,451.41,194.56,69.58,182.34,74.04
819,573636.208602,67.393,51,138.908,2.894,53.656,139.58,74.955,451.15,194.19,70.69,181.2,74.7
820,573636.216239,67.909,55,140.008,3.145,52.725,140.201,74.576,452.62,194.59,69.15,182.19,74.36
821,573636.219806,68.113,52,140.441,3.152,52.328,140.375,74.599,453.16,194.6,68.73,182.33,74.35
822,573636.223651,68.488,50,140.682,3.148,51.871,141.455,74.613,453.38,194.6,68.11,184.0,74.4
823,573636.227944,68.609,52,140.637,3.174,51.579,141.417,74.641,453.43,194.64,67.71,183.72,74.38
824,573636.231819,68.837,50,141.977,2.999,50.858,140.875,73.774,455.22,194.41,66.77,182.79,73.47
825,573636.240334,69.117,51,142.061,3.045,50.462,141.568,73.456,455.17,194.47,66.56,183.28,73.09
826,573636.244147,69.402,49,142.475,2.989,49.911,141.867,73.027,455.81,194.41,65.47,184.31,72.75
827,573636.247789,69.86,54,143.208,2.616,49.311,143.214,72.558,456.91,193.88,64.63,186.2,72.21
828,573636.252104,69.807,52,143.822,2.599,49.256,142.694,71.974,457.52,193.9,64.57,185.54,71.7
829,573636.25607,69.968,52,142.023,2.42,47.702,139.256,70.385,455.34,193.66,62.58,180.68,70.04
830,573636.264958,69.648,52,144.816,2.457,49.42,142.096,71.104,458.86,193.77,65.05,184.06,70.72
831,573636.268331,70.041,47,143.051,2.401,47.947,140.462,69.813,456.84,193.55,62.93,182.57,69.45
832,573636.272835,69.417,49,144.98,2.742,49.603,141.091,70.911,459.04,194.11,65.02,183.19,70.61
833,573636.285073,69.647,47,145.081,2.088,48.272,138.789,68.639,459.45,193.19,63.3,179.85,68.2
834,573636.293563,69.752,55,144.939,2.154,48.413,139.891,68.856,459.06,193.34,63.48,181.64,68.53
835,573636.29576,69.526,55,145.317,2.133,48.791,139.489,69.179,459.59,193.3,63.99,180.96,68.84
836,573636.300504,68.67,57,144.828,2.184,50.779,139.605,71.544,458.89,193.36,66.61,181.24,71.24
837,573636.304511,68.159,60,144.223,2.324,52.138,140.144,73.488,458.01,193.55,68.43,181.71,73.21
838,573636.308335,67.901,54,143.296,2.337,52.982,140.833,74.977,456.87,193.44,69.74,182.73,74.68
839,573636.317059,67.657,62,143.026,2.284,53.133,139.77,75.596,456.53,193.46,69.77,181.14,75.31
840,573636.31986,67.586,62,142.458,2.38,52.938,138.837,75.621,455.74,193.6,69.51,180.07,75.38
841,573636.324369,68.271,59,141.778,2.594,52.079,140.671,75.482,454.96,193.85,68.39,182.5,75.24
842,573636.329068,68.391,58,141.028,2.778,51.528,139.917,74.479,453.8,194.11,67.8,181.09,74.2
843,573636.331674,68.931,57,140.461,2.831,50.702,141.039,73.299,453.19,194.2,66.57,183.07,73.01
844,573636.335895,68.881,53,140.034,2.87,50.187,139.292,71.93,452.7,194.27,65.83,180.62,71.56
845,573636.344652,69.287,51,139.942,2.522,50.122,141.71,70.688,452.7,193.73,65.83,184.31,70.32
846,573636.34851,69.211,55,138.999,2.64,50.344,141.842,69.994,451.4,193.95,66.06,184.49,69.68
847,573636.3525,68.331,58,138.697,2.512,50.877,137.785,69.563,451.08,193.77,66.76,179.27,69.3
848,573636.356156,68.573,58,137.856,2.649,51.115,139.918,69.885,449.7,194.01,67.18,181.62,69.62
849,573636.369401,68.793,54,137.332,2.577,51.382,142.043,71.42,449.18,193.87,67.46,184.66,71.13
850,573636.371749,68.32,59,137.588,2.326,52.007,140.778,72.063,449.52,193.53,68.28,183.01,71.78
851,573636.376801,68.111,56,137.442,2.392,52.477,140.762,73.046,449.35,193.58,68.97,182.95,72.75
852,573636.380253,67.32,64,136.761,2.436,53.739,139.371,73.825,448.36,193.7,70.58,180.95,73.59
853,573636.384265,67.165,60,137.075,2.316,54.549,140.565,74.364,448.83,193.5,71.64,182.72,74.1
854,573636.393171,66.031,57,137.603,1.96,55.865,137.515,75.002,449.68,192.92,73.54,177.93,74.79
855,573636.39629,65.981,62,137.084,2.208,56.84,139.641,74.941,448.75,193.37,74.71,181.07,74.68
856,573636.400322,65.439,62,137.188,2.173,57.919,139.341,74.896,448.98,193.3,76.07,181.11,74.63
857,573636.404179,64.889,66,137.283,2.18,58.861,138.698,74.726,449.09,193.31,77.31,180.29,74.45
858,573636.408361,64.644,63,137.446,2.091,59.685,139.37,74.373,449.27,193.21,78.4,181.0,74.11
859,573636.411854,64.458,64,137.277,2.272,60.131,139.458,74.151,449.09,193.44,78.97,181.26,73.87
860,573636.420569,64.188,66,137.738,2.251,60.418,138.756,73.635,449.99,193.27,79.47,179.49,73.36
861,573636.424014,64.333,65,137.875,2.406,60.253,139.104,73.264,449.96,193.58,79.21,180.41,72.92
862,573636.428282,64.496,66,138.075,2.541,59.942,139.212,72.859,450.22,193.77,78.71,180.58,72.52
863,573636.432566,65.031,63,138.375,2.613,58.936,139.618,72.592,450.63,193.85,77.4,181.29,72.27
864,573636.435769,65.732,65,138.636,2.705,57.501,139.902,72.535,450.86,194.02,75.49,181.82,72.23
865,573636.445153,66.112,57,139.595,2.585,55.985,138.254,72.636,452.18,193.85,73.51,179.44,72.32
866,573636.45698,68.885,61,140.04,3.191,51.058,141.731,71.774,452.71,194.65,67.0,184.1,71.5
867,573636.460158,69.346,57,140.48,3.285,50.053,141.908,71.35,453.34,194.75,65.75,184.14,71.05
868,573636.468948,69.16,54,140.281,3.312,49.961,140.435,70.898,452.97,194.83,65.67,182.08,70.58
869,573636.472213,69.404,59,140.611,3.204,49.921,141.913,70.877,453.45,194.7,65.5,184.48,70.57
870,573636.475862,69.297,60,140.751,3.184,50.08,141.66,70.682,453.6,194.68,65.72,184.04,70.37
871,573636.479981,68.96,62,141.145,3.096,50.641,141.054,70.63,454.11,194.57,66.45,183.27,70.32
872,573636.484026,68.605,61,141.31,3.163,51.381,140.85,70.698,454.38,194.6,67.51,182.53,70.39
873,573636.488342,68.501,60,141.375,3.144,51.857,141.495,71.16,454.49,194.6,68.06,183.55,70.83
874,573636.496711,68.425,56,141.358,3.194,52.331,142.312,71.54,454.51,194.63,68.67,184.72,71.24
875,573636.499857,67.709,62,141.786,3.085,53.3,140.518,71.907,454.9,194.55,69.97,182.28,71.61
876,573636.504186,67.525,60,141.736,3.155,53.89,140.966,72.341,455.05,194.57,70.79,182.42,72.03
877,573636.508067,67.266,61,141.97,3.08,54.374,140.7,72.538,455.22,194.51,71.37,182.54,72.22
878,573636.511877,67.122,62,142.091,3.064,54.565,140.352,72.685,455.56,194.44,71.7,181.29,72.38
879,573636.521015,67.278,61,142.098,3.003,54.567,141.269,72.637,455.32,194.43,71.61,183.44,72.33
880,573636.523787,67.06,64,142.271,2.947,54.6,140.085,72.531,455.54,194.36,71.67,181.72,72.23
881,573636.528563,66.992,65,142.621,2.877,54.386,139.147,72.233,456.18,194.21,71.41,180.18,71.91
882,573636.536289,67.359,63,142.397,2.945,53.928,140.088,71.611,455.79,194.33,70.78,181.65,71.32
883,573636.543793,67.141,63,144.176,2.589,53.518,137.768,70.49,458.04,193.9,70.21,178.89,70.15
884,573636.548182,67.576,64,142.412,2.983,53.576,140.451,71.204,455.74,194.41,70.3,182.36,70.89
885,573636.556741,67.232,64,143.721,2.713,53.307,137.745,70.707,457.5,194.05,69.93,178.76,70.36
886,573636.559731,67.403,65,143.912,2.803,52.893,137.652,70.634,457.7,194.18,69.39,178.74,70.3
887,573636.5649,67.468,65,143.948,2.808,52.758,137.678,70.711,457.74,194.18,69.21,178.77,70.38
888,573636.572943,67.418,68,143.651,2.757,52.949,137.887,70.959,457.37,194.11,69.46,179.03,70.63
889,573636.575825,67.631,64,143.588,2.907,52.5,137.948,71.059,457.27,194.31,68.88,179.11,70.74
890,573636.580368,68.099,63,142.299,3.183,52.271,140.139,71.662,455.52,194.65,68.69,181.95,71.4
891,573636.584699,68.058,59,142.367,3.25,52.152,139.569,71.666,455.59,194.78,68.44,181.35,71.4
892,573636.588567,68.032,64,142.113,3.305,52.23,139.621,71.901,455.34,194.84,68.54,181.29,71.61
893,573636.597385,67.8,65,142.169,3.26,52.534,139.037,71.972,455.41,194.78,68.93,180.55,71.67
894,573636.600163,67.799,66,142.141,3.247,52.598,139.205,72.009,455.35,194.74,69.08,180.73,71.73
895,573636.604577,67.415,59,142.88,3.183,52.967,137.918,71.65,456.35,194.68,69.49,179.07,71.34
896,573636.608258,66.063,67,142.82,2.799,56.189,138.488,71.185,456.26,194.17,73.71,179.85,70.86
897,573636.612128,65.183,68,143.05,2.505,57.996,138.175,71.26,456.61,193.78,76.06,179.37,70.89
898,573636.624659,64.2,65,144.611,1.573,59.847,137.508,70.762,458.6,192.53,78.55,178.48,70.37
899,573636.632332,64.275,63,143.873,1.544,60.108,138.479,71.739,457.66,192.52,78.82,179.7,71.39
900,573636.635949,64.424,62,144.337,1.37,59.665,138.206,71.522,458.21,192.3,78.25,179.37,71.21
901,573636.640613,64.657,61,144.6,1.217,59.056,137.972,71.525,458.61,192.08,77.47,178.94,71.19
902,573636.648268,65.636,50,145.697,0.422,58.483,141.764,71.044,460.0,191.05,76.7,183.98,70.72
903,573636.651976,65.91,55,144.0,1.392,56.864,139.314,72.058,457.78,192.33,74.59,180.78,71.76
904,573636.655918,66.275,53,144.282,1.205,55.902,138.942,71.881,458.07,192.13,73.3,180.15,71.62
905,573636.659861,67.371,45,147.496,-0.461,55.533,144.331,70.344,462.5,189.86,72.85,186.64,69.93
906,573636.663862,67.765,48,146.471,-0.058,54.648,144.418,70.867,461.05,190.42,71.64,187.71,70.58
907,573636.67243,65.939,49,145.284,-0.409,55.136,135.23,68.873,459.49,189.96,72.31,175.59,68.51
908,573636.67644,67.986,47,145.654,0.416,53.752,143.402,71.033,460.04,191.0,70.57,185.54,70.71
909,573636.68019,66.045,47,144.997,-0.267,56.14,138.269,70.196,459.04,190.15,73.69,179.32,69.87
910,573636.684237,65.948,49,144.936,-0.097,56.4,138.382,70.227,459.12,190.37,73.91,179.65,69.84
911,573636.687779,67.481,50,145.408,0.723,54.748,142.952,70.819,459.6,191.46,71.79,185.56,70.5
912,573636.696458,65.506,55,145.013,0.42,56.137,135.4,69.057,459.23,191.05,73.52,175.76,68.59
913,573636.709185,65.509,57,143.264,1.196,57.084,137.702,70.994,456.9,192.04,74.9,178.98,70.68
914,573636.71196,66.237,54,143.812,1.366,56.568,140.385,71.473,457.47,192.26,74.41,181.89,71.23
915,573636.716571,65.639,60,142.689,1.745,56.765,137.619,71.589,456.1,192.69,74.67,178.66,71.22
916,573636.724502,66.768,64,143.881,2.036,55.471,140.628,71.799,457.72,193.14,72.75,182.69,71.46
917,573636.727875,66.521,61,142.224,2.588,54.803,137.556,72.202,455.56,193.88,71.95,178.76,71.94
918,573636.732771,68.386,61,141.438,3.135,51.589,140.053,73.521,454.57,194.59,67.69,181.76,73.19
919,573636.735865,70.133,55,141.235,3.476,47.854,140.813,74.244,454.12,195.11,62.67,183.28,73.92
920,573636.74004,71.601,51,139.596,3.716,45.422,143.906,75.131,452.48,195.29,59.63,185.91,74.8
921,573636.748326,72.546,46,140.354,3.849,42.351,141.197,75.499,453.07,195.51,55.65,183.51,75.23
922,573636.752084,74.307,47,138.232,4.355,40.064,148.121,76.13,450.27,196.21,52.67,191.6,75.89
923,573636.756011,73.297,42,139.552,4.072,39.268,136.623,76.64,452.01,195.77,51.69,177.67,76.35
924,573636.760511,75.434,54,136.976,4.879,38.292,152.261,76.474,448.63,196.89,50.3,197.82,76.26
925,573636.764191,75.015,47,137.896,4.759,38.864,150.301,76.354,449.82,196.7,51.12,194.97,76.11
926,573636.772758,74.704,41,138.16,4.951,39.836,151.003,76.125,450.32,196.94,52.34,195.58,75.92
927,573636.776129,73.867,47,138.738,4.853,41.469,149.241,75.861,450.91,196.85,54.46,193.9,75.63
928,573636.781145,71.518,50,140.927,4.486,43.452,137.067,73.951,453.81,196.36,57.06,178.11,73.71
929,573636.793299,68.978,52,141.59,3.877,50.834,141.707,73.65,454.67,195.52,66.86,183.48,73.41
930,573636.800617,67.772,56,143.056,3.292,53.016,140.143,72.915,456.58,194.8,69.57,181.89,72.61
931,573636.803794,67.304,60,142.743,3.061,54.663,141.671,72.84,456.11,194.52,71.75,183.75,72.55
932,573636.808279,65.911,63,144.229,2.478,56.228,137.76,72.132,458.11,193.74,73.76,178.73,71.82
933,573636.811939,65.394,60,143.936,2.256,57.528,138.162,72.13,457.75,193.43,75.45,179.16,71.86
934,573636.816069,64.979,59,144.145,1.929,58.216,137.643,72.017,457.96,192.98,76.35,178.43,71.86
935,573636.824361,64.77,61,144.265,1.736,58.496,137.234,71.883,458.12,192.78,76.73,178.12,71.57
936,573636.828091,64.876,65,144.235,1.618,58.199,137.073,71.889,458.04,192.64,76.29,177.78,71.65
937,573636.831762,65.754,60,145.78,0.55,57.81,140.776,70.825,460.13,191.2,75.85,182.94,70.55
938,573636.836386,65.466,53,144.17,1.377,56.905,137.041,71.664,458.01,192.32,74.63,177.87,71.36
939,573636.840093,64.19,53,145.328,-0.002,60.149,138.153,71.38,459.52,190.46,78.89,179.04,71.14
940,573636.844568,63.932,55,145.784,-0.127,60.955,138.709,70.844,460.07,190.33,79.93,180.2,70.52
941,573636.852322,63.877,56,145.507,-0.431,61.521,139.728,71.172,459.76,189.92,80.69,181.37,70.82
942,573636.856282,63.66,57,144.717,-0.402,61.812,139.314,71.604,458.78,190.0,81.28,180.45,71.22
943,573636.860409,63.955,58,144.735,-0.441,61.278,139.56,71.322,458.75,189.9,80.36,181.23,70.98
944,573636.864703,64.25,57,142.812,-0.645,59.4,136.725,69.784,456.3,189.62,77.96,177.55,69.4
945,573636.877058,65.169,61,141.777,-0.223,57.77,137.568,69.817,455.0,190.19,75.78,178.91,69.49
946,573636.881107,65.42,59,141.262,-0.01,57.158,137.41,69.77,454.29,190.48,74.99,178.58,69.45
947,573636.889157,66.388,61,140.555,0.576,55.952,139.693,70.332,453.15,191.3,73.55,180.74,70.04
948,573636.89197,66.813,56,140.376,0.781,55.608,141.234,70.54,453.02,191.57,72.97,183.52,70.24
949,573636.901105,65.723,57,141.098,0.801,55.732,135.552,70.917,453.98,191.57,73.14,176.23,70.61
950,573636.90391,66.571,66,139.583,1.64,55.403,139.336,71.344,452.16,192.62,72.73,180.88,71.02
951,573636.908451,66.672,64,139.298,1.985,55.296,139.636,71.718,451.77,193.07,72.6,181.3,71.43
952,573636.912245,66.603,60,139.352,2.153,55.493,139.746,71.894,451.79,193.31,72.84,181.62,71.59
953,573636.915735,66.803,58,138.853,2.749,55.135,139.976,72.373,451.39,194.02,72.45,181.1,72.06
954,573636.920067,66.617,62,138.548,3.012,55.206,139.102,72.825,450.88,194.39,72.52,180.35,72.54
955,573636.928839,66.704,64,139.188,3.106,54.48,137.755,73.01,451.74,194.51,71.55,178.74,72.65
956,573636.931752,67.342,66,138.508,3.613,53.486,138.843,73.791,450.67,195.22,70.23,180.42,73.52
957,573636.937216,66.826,62,138.558,3.472,54.601,138.748,74.101,450.73,195.03,71.7,180.29,73.83
958,573636.939997,66.334,60,138.387,3.59,55.675,138.697,74.529,450.45,195.18,73.15,180.21,74.31
959,573636.944279,65.755,58,138.714,3.578,56.804,138.331,74.79,450.93,195.17,74.58,179.72,74.53
960,573636.952891,65.205,63,138.54,3.535,58.076,138.484,75.321,450.75,195.1,76.26,179.81,75.04
961,573636.964871,64.875,57,140.444,2.573,60.205,141.794,74.545,453.17,193.84,79.03,184.23,74.27
962,573636.968106,65.089,53,141.201,2.196,60.231,142.994,73.859,454.12,193.3,79.19,185.55,73.61
963,573636.977128,64.947,51,140.634,2.555,59.569,140.671,73.961,453.34,193.87,78.19,182.21,73.75
964,573636.979858,65.459,49,142.242,1.6,59.636,143.584,72.761,455.34,192.59,78.36,186.12,72.48
965,573636.984221,65.007,48,140.123,2.696,58.204,137.76,73.167,452.79,194.04,76.34,179.12,72.93
966,573636.987912,65.844,54,142.134,1.852,57.934,141.569,72.429,455.41,192.86,76.1,183.97,72.1
967,573636.991811,64.8,56,141.477,1.468,58.509,137.413,71.675,454.59,192.39,76.8,178.42,71.34
968,573636.996351,65.5,54,142.051,1.306,57.776,139.319,71.77,455.31,192.18,75.84,180.89,71.47
969,573637.004678,66.455,57,143.603,1.193,56.262,140.842,71.241,457.28,192.06,73.82,182.91,70.92
970,573637.007907,66.278,56,142.9,1.482,55.608,138.224,71.141,456.47,192.43,72.97,179.75,70.86
971,573637.011918,67.106,62,143.577,1.354,54.719,140.658,71.279,457.24,192.27,71.8,182.65,70.96
972,573637.016094,67.237,56,142.366,1.778,54.098,139.815,71.73,455.65,192.78,71.15,181.23,71.43
973,573637.01996,67.47,63,143.638,1.638,53.292,139.081,71.842,457.29,192.67,69.93,180.28,71.52
974,573637.028805,67.367,60,142.454,2.072,54.403,141.37,73.983,455.79,193.19,71.41,183.53,73.7
975,573637.031754,66.344,62,142.737,2.07,55.351,137.95,75.776,456.13,193.21,72.67,179.16,75.43
976,573637.03618,66.559,60,141.793,2.36,55.648,139.887,76.847,455.05,193.54,73.03,181.37,76.54
977,573637.040158,67.237,59,140.405,2.784,55.268,142.84,77.829,453.14,194.09,72.59,185.35,77.59
978,573637.052136,66.647,54,140.894,3.156,54.198,136.729,77.796,453.65,194.61,71.19,177.4,77.55
979,573637.056038,68.525,56,139.077,3.641,53.1,145.043,76.776,451.4,195.23,69.74,188.34,76.54
980,573637.064934,69.909,51,138.691,3.842,50.357,146.598,75.19,451.17,195.38,66.24,190.33,74.88
981,573637.068126,69.991,52,138.214,3.998,49.476,144.598,74.437,450.4,195.66,65.05,187.46,74.18
982,573637.07248,70.685,53,138.417,3.914,48.25,145.874,73.618,450.44,195.64,63.35,189.25,73.31
983,573637.080854,71.051,51,138.669,3.79,47.442,146.099,73.201,450.87,195.47,62.28,189.83,72.93
984,573637.08473,70.545,44,137.273,4.166,46.934,140.917,73.055,449.19,195.99,61.68,183.13,72.91
985,573637.08838,71.572,51,138.606,3.673,46.575,147.338,72.672,450.77,195.33,61.14,191.46,72.4
986,573637.092066,69.806,53,140.692,3.165,46.928,135.943,71.201,453.57,194.67,61.66,176.88,70.97
987,573637.09647,70.181,52,139.473,3.241,48.323,142.527,72.597,452.19,194.65,63.54,184.38,72.29
988,573637.10452,70.092,56,140.067,3.207,49.262,144.669,72.872,452.73,194.67,64.67,187.76,72.62
989,573637.107985,68.501,59,140.319,2.878,52.396,142.967,73.188,453.01,194.26,68.78,185.74,72.91
990,573637.112381,66.501,61,141.812,2.518,55.247,138.558,72.943,455.09,193.74,72.5,180.24,72.6
991,573637.116386,65.384,59,141.512,2.319,57.683,138.481,73.556,454.72,193.49,75.73,179.48,73.21
992,573637.119733,64.053,68,141.131,2.133,60.086,137.326,74.18,454.08,193.26,78.87,178.37,73.87
993,573637.129195,63.883,64,139.901,2.108,61.393,139.465,74.94,452.47,193.22,80.61,181.13,74.66
994,573637.141377,63.051,66,139.96,1.714,62.09,137.005,74.735,452.53,192.71,81.51,177.88,74.5
995,573637.144138,63.339,65,139.229,1.863,61.37,136.769,75.109,451.6,192.9,80.58,177.7,74.83
996,573637.148527,63.886,65,138.796,1.969,60.288,136.968,75.219,451.03,193.05,79.16,177.97,74.96
997,573637.156628,64.378,63,138.76,2.008,59.149,136.782,75.041,450.98,193.09,77.65,177.66,74.85
998,573637.159788,64.852,60,138.584,2.141,57.983,136.442,75.105,450.8,193.27,76.15,177.2,74.84
999,573637.164543,65.41,59,138.414,2.284,56.758,136.4,75.197,450.64,193.44,74.56,177.03,74.91
1000,573637.168507,66.1,59,137.937,2.532,55.573,137.17,75.32,449.88,193.81,72.96,178.36,75.07
1001,573637.171896,66.495,58,138.048,2.629,54.711,137.181,75.25,450.1,193.91,71.85,178.13,75.02
1002,573637.181085,66.166,58,139.751,1.658,56.519,139.868,74.204,452.34,192.66,74.13,181.93,73.91
1003,573637.183799,64.219,51,138.981,1.722,58.837,135.279,74.687,451.25,192.74,77.26,175.93,74.39
1004,573637.188902,64.548,57,140.085,1.624,59.855,139.279,73.664,452.72,192.6,78.59,181.0,73.37
1005,573637.191775,64.412,53,140.837,1.687,60.248,139.495,72.995,453.27,192.73,79.38,180.57,72.89
1006,573637.195949,64.263,56,140.846,1.786,60.556,139.453,72.75,453.6,192.78,79.64,181.14,72.51
1007,573637.204799,64.538,54,140.96,1.762,60.179,139.976,72.618,453.82,192.77,79.04,181.84,72.33
1008,573637.207747,64.743,54,140.63,1.949,59.45,139.331,72.778,453.41,193.06,78.06,180.79,72.46
1009,573637.212083,65.64,56,141.427,1.916,57.869,140.301,72.425,454.6,192.97,75.9,182.32,72.05
1010,573637.216132,66.931,54,139.75,1.78,54.64,139.444,71.073,452.36,192.81,71.7,181.45,70.78
1011,573637.22439,67.813,53,140.262,2.212,52.304,138.508,71.284,452.98,193.4,68.64,180.01,70.99
1012,573637.231936,67.95,50,142.098,2.893,52.57,140.035,72.632,455.38,194.25,68.95,181.97,72.31
1013,573637.236368,68.966,54,140.776,2.663,49.944,139.149,71.459,453.6,193.99,65.58,180.89,71.21
1014,573637.244828,69.599,56,141.672,2.997,48.495,139.121,71.461,455.02,194.38,63.64,180.19,71.12
1015,573637.247998,70.593,52,141.68,3.204,46.922,141.216,71.575,454.87,194.68,61.58,183.34,71.3
1016,573637.256797,71.476,52,141.205,3.543,45.661,143.725,71.77,453.93,195.19,59.98,186.88,71.55
1017,573637.260288,71.538,52,141.22,3.782,45.065,142.305,71.657,454.06,195.53,59.16,184.4,71.42
1018,573637.264095,71.709,60,141.863,3.681,44.666,142.318,71.544,455.0,195.34,58.62,184.74,71.25
1019,573637.268823,71.83,60,141.913,3.812,44.613,143.069,71.632,455.03,195.54,58.53,186.0,71.33
1020,573637.27182,71.916,56,142.203,3.794,44.865,144.534,71.729,455.7,195.37,59.02,186.93,71.36
1021,573637.276062,71.201,54,142.862,3.689,45.716,141.865,71.848,456.4,195.24,60.25,183.47,71.54
1022,573637.285195,70.699,56,143.269,3.538,47.067,142.396,71.875,456.88,195.12,61.79,184.88,71.55
1023,573637.288168,69.566,58,144.878,3.289,48.234,138.157,71.582,458.93,194.82,63.28,179.35,71.28
1024,573637.291847,69.056,63,144.053,3.277,50.025,139.951,72.361,457.89,194.78,65.66,181.47,72.07
1025,573637.295938,68.5,62,144.403,3.373,51.084,139.379,72.36,458.35,194.88,67.09,180.85,72.03
1026,573637.30018,67.827,60,144.939,3.147,52.432,138.925,72.116,459.15,194.59,68.8,179.93,71.76
1027,573637.313195,65.884,56,143.949,2.952,57.411,140.514,72.524,457.71,194.36,75.32,182.32,72.21
1028,573637.316252,63.593,54,145.743,1.807,60.68,136.438,72.923,459.98,192.88,79.61,176.94,72.6
1029,573637.320273,62.064,52,145.707,0.628,63.685,135.938,70.246,460.0,191.32,83.5,176.52,69.82
1030,573637.324079,61.698,52,145.871,0.482,64.205,135.42,69.899,460.25,191.11,84.18,175.8,69.5
1031,573637.332442,62.7,54,145.421,1.065,63.986,139.508,72.359,459.65,191.87,83.94,180.87,72.04
1032,573637.336692,61.676,62,145.467,-0.08,65.705,138.482,71.629,459.64,190.38,86.22,179.63,71.29
1033,573637.340393,61.96,65,144.855,-0.206,65.277,138.86,71.612,458.84,190.17,85.78,180.09,71.32
1034,573637.345152,62.643,71,144.595,-0.118,63.571,138.338,71.06,458.56,190.32,83.4,179.6,70.7
1035,573637.347754,63.088,67,144.379,-0.246,62.15,137.31,70.936,458.32,190.14,81.52,178.4,70.56
1036,573637.352342,63.93,62,143.893,-0.293,60.448,137.545,70.867,457.63,190.13,79.34,178.48,70.48
1037,573637.360306,65.973,55,142.153,0.087,58.427,143.496,71.231,455.42,190.6,76.67,186.31,70.91
1038,573637.364551,66.612,57,142.22,-0.03,56.99,143.567,71.103,455.55,190.43,74.79,186.54,70.77
1039,573637.367576,67.346,53,141.895,0.136,55.403,143.839,71.291,455.31,190.61,72.74,185.98,70.95
1040,573637.373014,67.626,50,140.796,0.485,54.462,143.074,72.058,453.74,191.09,71.51,185.43,71.79
1041,573637.376516,67.501,54,140.116,0.762,54.051,141.247,72.733,452.78,191.48,70.97,183.43,72.47
1042,573637.384336,67.566,59,139.59,1.001,53.92,141.294,73.467,452.18,191.77,70.83,183.19,73.18
1043,573637.397197,66.791,62,138.745,1.651,54.316,137.83,75.753,450.77,192.59,71.52,179.11,75.61
1044,573637.399847,67.066,57,136.596,2.829,53.409,137.059,77.732,448.03,194.2,70.12,178.32,77.6
1045,573637.409154,66.919,53,137.453,2.277,54.42,138.815,77.493,449.11,193.46,71.53,179.99,77.24
1046,573637.411856,67.333,52,137.116,2.611,54.076,140.322,77.81,448.83,193.88,71.07,182.16,77.55
1047,573637.416753,67.098,50,137.777,2.809,54.055,138.905,77.459,449.76,194.1,70.98,180.54,77.27
1048,573637.420249,67.316,50,136.147,3.386,54.317,140.843,77.393,447.41,194.92,71.38,183.09,77.25
1049,573637.423798,67.09,52,136.661,3.505,54.911,141.057,76.762,448.31,195.04,72.09,183.61,76.54
1050,573637.428532,66.707,58,134.171,3.336,54.764,138.489,76.573,445.04,194.83,71.95,180.14,76.35
1051,573637.436837,66.96,53,134.377,3.37,54.795,140.005,77.399,445.51,194.83,72.01,181.99,77.11
1052,573637.440075,67.073,57,134.309,3.597,54.063,138.783,77.566,445.28,195.16,71.06,180.1,77.31
1053,573637.444416,67.767,57,134.295,3.779,53.409,141.156,77.648,445.22,195.4,70.18,183.57,77.44
1054,573637.448052,67.874,56,135.021,3.821,53.221,141.305,76.785,446.04,195.51,69.87,183.96,76.64
1055,573637.452566,67.678,65,135.426,3.874,53.0,139.546,76.002,446.67,195.54,69.63,181.46,75.76
1056,573637.461276,68.545,55,135.674,3.858,51.99,142.141,75.46,447.01,195.52,68.3,184.76,75.22
1057,573637.463814,68.112,60,137.269,3.311,52.392,140.542,74.452,449.1,194.84,68.73,182.79,74.17
1058,573637.468444,67.659,59,137.811,3.165,53.015,139.471,73.772,449.81,194.64,69.58,181.03,73.55
1059,573637.477138,66.159,64,140.394,2.802,55.69,137.778,72.415,453.15,194.15,73.1,178.93,72.11
1060,573637.484384,64.421,62,140.814,2.349,59.659,138.177,72.259,453.6,193.57,78.32,179.55,71.99
1061,573637.487826,62.761,62,141.252,1.971,63.053,137.762,72.375,454.17,193.08,82.74,179.0,72.09
1062,573637.49705,60.524,57,141.609,1.262,67.856,137.903,73.14,454.87,192.07,89.11,178.68,72.71
1063,573637.500229,59.041,57,143.637,-0.072,69.596,135.29,72.673,457.26,190.4,91.29,175.73,72.34
1064,573637.50868,58.748,52,143.837,-1.2,71.321,137.473,70.424,457.65,188.85,93.58,178.42,70.09
1065,573637.512374,60.966,49,145.061,-1.111,68.747,141.65,70.424,459.21,188.99,90.2,183.66,70.07
1066,573637.516757,59.683,58,143.621,-1.354,68.792,136.281,70.108,457.32,188.69,90.26,176.99,69.73
1067,573637.519445,60.983,63,144.181,-1.528,66.639,137.38,70.317,457.98,188.44,87.55,178.34,70.0
1068,573637.524434,62.786,66,145.182,-1.524,63.328,138.479,69.712,459.33,188.5,83.07,179.58,69.36
1069,573637.528084,63.398,66,144.593,-1.249,61.917,138.272,70.483,458.63,188.84,81.21,179.42,70.09
1070,573637.537017,63.158,66,144.333,-1.122,61.914,137.12,72.414,458.13,189.04,81.28,177.87,72.07
1071,573637.540179,63.396,63,144.005,-0.843,61.221,136.709,74.063,457.72,189.38,80.35,177.49,73.8
1072,573637.543679,65.01,59,142.164,-0.32,59.811,141.58,75.546,455.39,190.03,78.55,183.53,75.26
1073,573637.549161,64.713,55,143.429,-0.358,58.231,136.325,76.045,456.96,190.01,76.47,176.78,75.81
1074,573637.552129,66.94,54,141.658,0.401,56.35,143.859,75.817,454.74,190.98,73.99,186.74,75.57
1075,573637.565039,67.966,57,141.381,1.157,53.597,142.866,74.517,454.58,191.92,70.48,184.57,74.2
1076,573637.567991,67.806,54,140.396,1.693,52.989,140.277,73.636,453.01,192.75,69.58,181.73,73.41
1077,573637.572676,68.604,53,140.289,2.104,52.198,143.081,72.874,452.96,193.26,68.52,185.74,72.61
1078,573637.576019,68.572,59,140.723,2.389,52.346,143.282,72.292,453.53,193.63,68.7,186.14,72.0
1079,573637.580002,67.604,59,140.533,2.542,54.206,142.272,72.088,453.31,193.82,71.15,184.78,71.79
1080,573637.58905,66.505,61,140.047,2.937,56.071,140.644,72.534,452.67,194.34,73.6,182.7,72.24
1081,573637.591966,65.659,66,141.22,2.782,57.067,138.457,72.505,454.2,194.13,74.89,179.89,72.19
1082,573637.596475,65.592,60,140.241,3.294,56.775,137.39,74.243,452.85,194.78,74.6,178.49,74.01
1083,573637.599825,66.121,60,139.359,3.505,55.719,137.643,75.839,451.79,195.05,73.17,178.68,75.59
1084,573637.604248,66.57,63,140.211,3.037,55.229,138.896,75.488,452.8,194.41,72.63,180.44,75.27
1085,573637.612972,67.583,59,138.407,4.098,52.644,138.05,76.861,450.56,195.83,69.14,179.2,76.65
1086,573637.615904,68.518,55,139.994,3.312,51.8,141.45,75.916,452.63,194.78,68.02,183.72,75.69
1087,573637.62034,68.812,49,139.549,3.367,50.722,140.34,75.67,452.06,194.83,66.53,182.53,75.49
1088,573637.624288,68.693,53,139.483,3.465,51.013,140.388,75.448,452.06,194.93,67.02,182.25,75.23
1089,573637.628406,68.264,50,139.649,3.157,52.523,141.831,75.413,452.18,194.57,69.04,184.23,75.11
1090,573637.6371,68.1,51,140.797,2.984,52.761,141.455,75.062,453.64,194.38,69.26,183.79,74.8
1091,573637.649125,67.401,55,141.022,2.175,54.71,142.367,74.74,453.81,193.33,71.83,184.33,74.46
1092,573637.652327,66.607,61,138.933,2.17,54.964,138.433,73.327,451.34,193.3,72.17,179.66,73.02
1093,573637.656468,66.009,60,139.378,2.053,56.033,137.81,72.822,451.86,193.09,73.7,179.05,72.49
1094,573637.66492,65.916,59,139.416,2.056,56.877,139.38,72.674,451.88,193.17,74.66,181.16,72.38
1095,573637.667848,65.942,59,139.521,2.091,57.404,140.813,72.398,451.97,193.25,75.3,183.06,72.13
1096,573637.67237,65.667,61,139.713,2.079,57.872,140.451,71.861,452.19,193.21,75.97,182.63,71.58
1097,573637.675758,65.29,64,139.264,2.264,58.436,139.789,71.846,451.73,193.43,76.72,181.46,71.54
1098,573637.680577,65.229,61,139.413,2.344,58.533,139.696,71.787,451.86,193.56,76.83,181.55,71.47
1099,573637.688842,64.937,66,139.623,2.291,58.825,138.866,71.85,452.1,193.44,77.4,179.99,71.58
1100,573637.692082,64.662,63,139.999,2.358,58.773,137.332,72.031,452.73,193.56,77.15,178.22,71.67
1101,573637.69612,64.888,65,139.153,2.582,58.701,138.317,72.797,451.61,193.88,76.97,179.63,72.45
1102,573637.699813,65.121,65,138.869,2.926,58.175,138.281,73.366,451.21,194.3,76.39,179.51,73.06
1103,573637.704002,65.404,60,138.481,3.167,57.652,138.516,73.719,450.51,194.66,75.68,180.17,73.5
1104,573637.71287,65.508,58,138.837,3.352,57.292,138.201,73.665,451.08,194.89,75.2,179.58,73.4
1105,573637.716569,65.589,52,139.91,2.695,58.794,142.263,73.612,452.33,194.05,77.19,184.83,73.41
1106,573637.720443,63.22,51,139.367,1.564,61.71,136.96,72.666,451.85,192.47,81.08,178.09,72.34
1107,573637.723907,64.053,49,141.728,1.686,60.457,138.175,72.503,454.88,192.68,79.33,179.56,72.18
1108,573637.732542,63.861,69,140.925,1.669,60.608,137.572,73.653,453.81,192.65,79.56,178.74,73.35
1109,573637.739993,64.278,67,141.479,1.563,59.986,138.214,74.123,454.51,192.51,78.74,179.55,73.82
1110,573637.743916,65.472,60,140.071,1.866,58.907,141.896,74.712,452.72,192.91,77.34,184.22,74.42
1111,573637.748529,65.404,56,142.167,1.656,57.435,137.996,74.265,455.52,192.6,75.42,179.4,73.87
1112,573637.752324,67.011,54,140.528,2.21,56.095,143.631,73.969,453.1,193.4,73.69,186.23,73.7
1113,573637.755973,67.948,55,140.23,2.45,54.66,145.584,73.661,452.88,193.7,71.75,189.11,73.38
1114,573637.764574,67.981,58,140.386,2.651,53.625,143.029,73.3,453.09,193.96,70.39,185.79,73.02
1115,573637.768441,67.24,57,141.386,2.661,53.026,137.064,72.732,454.4,194.0,69.6,178.12,72.41
1116,573637.772142,68.0,59,142.516,2.514,52.028,138.89,71.883,455.85,193.82,68.23,180.4,71.61
1117,573637.777118,68.068,58,142.735,2.421,51.954,139.097,71.81,456.04,193.68,68.23,180.69,71.58
1118,573637.780392,68.339,54,143.329,2.391,51.484,139.482,71.477,456.96,193.64,67.54,181.21,71.15
1119,573637.783744,68.558,51,142.151,2.544,51.537,140.98,72.25,455.4,193.83,67.64,183.13,71.96
1120,573637.793176,68.055,50,142.811,2.424,52.867,141.464,72.304,456.33,193.66,69.4,183.46,71.97
1121,573637.795843,67.546,52,142.768,2.287,54.424,142.494,73.321,456.13,193.49,71.43,184.9,73.02
1122,573637.80059,67.056,52,140.567,2.303,54.405,139.559,73.421,453.29,193.51,71.41,181.18,73.14
1123,573637.804212,66.491,57,140.161,2.46,55.272,138.563,74.0,452.83,193.7,72.56,180.04,73.73
1124,573637.808296,66.528,62,140.433,2.551,55.371,139.021,74.321,453.15,193.81,72.68,180.55,74.02
1125,573637.821047,67.215,62,139.947,3.103,54.466,140.64,74.392,452.54,194.54,71.51,182.68,74.12
1126,573637.823816,67.16,61,140.408,2.954,54.287,139.86,73.871,453.22,194.33,71.29,181.42,73.57
1127,573637.828616,66.608,65,140.312,3.046,55.174,138.97,73.44,453.06,194.46,72.45,180.35,73.17
1128,573637.831735,65.427,67,140.334,2.858,57.386,137.996,72.848,453.02,194.21,75.39,179.26,72.56
1129,573637.840448,64.671,61,139.571,2.897,59.2,138.38,73.074,452.04,194.29,77.7,179.77,72.79
1130,573637.844552,64.053,59,139.143,2.749,60.665,138.653,73.507,451.48,194.09,79.63,180.13,73.22
1131,573637.848113,63.859,52,140.33,1.998,61.87,140.428,72.854,452.93,193.16,81.17,182.26,72.61
1132,573637.852441,61.731,52,139.405,0.968,64.611,136.421,72.144,451.86,191.73,84.83,177.31,71.82
1133,573637.856115,61.962,58,139.364,0.886,64.621,137.475,73.174,451.84,191.61,84.83,178.85,72.9
1134,573637.859804,62.277,61,138.593,0.92,64.141,137.88,74.0,450.92,191.66,84.18,178.91,73.6
1135,573637.868991,62.357,73,138.905,1.04,63.732,137.365,75.214,451.15,191.82,83.71,178.42,74.93
1136,573637.872413,63.358,59,137.013,1.309,62.883,140.235,76.953,448.85,192.14,82.65,181.63,76.65
1137,573637.876223,64.212,55,137.624,1.308,60.958,140.12,77.322,449.6,192.16,80.03,182.05,77.03
1138,573637.879957,65.339,51,136.769,1.729,58.739,140.779,77.694,448.77,192.69,77.16,182.07,77.32
1139,573637.884136,66.742,58,135.148,2.063,56.64,143.441,77.996,446.28,193.15,74.43,186.48,77.79
1140,573637.89296,67.287,58,135.198,2.213,54.981,142.394,77.385,446.48,193.3,72.31,184.62,77.21
1141,573637.90435,65.049,61,136.031,2.335,57.679,136.729,76.074,447.42,193.48,75.82,177.52,75.99
1142,573637.908516,63.671,61,137.496,1.607,61.047,137.638,74.874,449.28,192.57,80.2,178.96,74.65
1143,573637.917034,62.303,59,137.166,1.367,63.902,137.484,75.572,448.74,192.33,83.9,178.26,75.36
1144,573637.920352,61.638,55,137.772,1.109,65.379,137.63,75.573,449.72,191.85,85.86,178.92,75.38
1145,573637.92447,61.335,58,137.503,1.121,66.359,138.339,75.429,449.37,191.91,87.15,179.85,75.14
1146,573637.927837,61.62,60,136.922,1.182,66.04,138.937,75.886,448.57,191.98,86.77,180.62,75.64
1147,573637.932054,61.738,57,137.607,1.171,65.72,138.796,75.103,449.46,192.02,86.43,180.09,74.78
1148,573637.936233,62.118,63,136.047,1.085,64.407,137.727,74.543,447.49,191.87,84.59,179.12,74.27
1149,573637.944961,62.259,63,135.799,1.487,63.656,136.756,74.639,447.21,192.38,83.63,177.93,74.33
1150,573637.947948,63.239,62,136.092,1.84,62.027,137.754,74.389,447.56,192.87,81.46,179.18,74.11
1151,573637.953007,64.245,61,135.55,2.169,60.529,139.296,74.395,446.79,193.31,79.55,180.85,74.12
1152,573637.956039,65.049,65,136.199,2.542,58.521,138.726,73.595,447.79,193.78,76.88,180.15,73.28
1153,573637.960278,65.786,64,136.499,2.779,57.158,139.359,73.007,448.08,194.12,75.06,181.21,72.72
1154,573637.969056,66.155,63,137.262,2.89,56.337,139.359,72.34,449.24,194.21,74.0,181.1,71.98
1155,573637.972039,66.069,63,137.611,2.746,56.552,139.416,72.111,449.64,194.02,74.32,180.95,71.8
1156,573637.975659,65.872,67,137.994,2.854,56.522,138.268,72.295,450.05,194.21,74.22,179.6,72.02
1157,573637.980771,65.873,63,138.764,2.974,56.21,137.516,72.251,450.93,194.4,73.8,178.81,72.02
1158,573637.993668,66.5,60,138.464,3.358,55.576,139.379,73.551,450.56,194.9,72.98,181.12,73.31
1159,573637.996014,65.883,50,140.912,2.583,55.763,136.473,73.332,453.73,193.91,73.17,177.01,73.1
1160,573638.005162,64.069,52,141.984,1.556,61.174,139.897,73.385,455.09,192.48,80.41,181.72,73.13
1161,573638.007922,62.734,61,141.77,1.391,63.339,138.256,74.358,454.95,192.27,83.14,179.73,74.08
1162,573638.012329,62.457,70,142.04,1.466,63.611,137.561,74.746,455.25,192.37,83.5,178.66,74.44
1163,573638.020775,62.781,70,142.618,1.498,63.107,137.973,75.41,455.98,192.41,82.84,179.15,75.11
1164,573638.023911,63.593,64,142.247,1.747,61.906,139.196,75.279,455.47,192.76,81.25,180.7,75.01
1165,573638.027734,64.62,55,142.866,1.841,60.133,140.293,74.663,456.35,192.84,78.99,181.82,74.34
1166,573638.031912,65.726,53,141.296,2.3,58.235,141.655,74.067,454.33,193.47,76.48,183.42,73.79
1167,573638.036097,67.197,56,141.415,2.411,56.026,144.558,73.18,454.43,193.65,73.54,187.72,72.89
1168,573638.044275,67.705,56,141.582,2.536,54.129,142.678,72.253,454.71,193.81,71.04,185.13,71.94
1169,573638.048054,67.913,54,140.68,2.951,52.931,140.767,71.74,453.45,194.39,69.46,183.02,71.51
1170,573638.051805,67.826,58,142.98,2.238,52.285,138.533,70.237,456.49,193.44,68.58,179.96,69.91
1171,573638.056023,68.042,58,142.022,2.849,51.401,137.461,70.613,455.21,194.27,67.42,178.64,70.29
1172,573638.059712,67.738,56,143.183,1.919,53.122,140.223,69.884,456.76,193.03,69.68,182.19,69.55
1173,573638.068103,67.093,52,143.403,1.748,54.73,140.608,70.515,457.03,192.8,71.8,182.63,70.19
1174,573638.080649,66.8,56,142.719,1.085,55.082,139.823,71.141,456.17,191.92,72.26,181.67,70.84
1175,573638.084178,66.466,63,142.102,1.388,55.454,138.884,71.62,455.35,192.28,72.84,180.32,71.31
1176,573638.08868,66.938,63,142.114,1.604,55.254,141.05,72.062,455.33,192.6,72.53,183.01,71.75
1177,573638.096837,66.658,69,141.776,1.803,55.348,139.691,72.063,455.2,192.76,72.7,180.6,71.74
1178,573638.099999,66.545,64,141.609,1.892,55.519,139.485,72.049,454.79,192.95,72.89,180.92,71.72
1179,573638.103621,66.422,62,140.897,2.213,55.59,138.979,72.391,453.7,193.36,73.1,180.44,72.15
1180,573638.108433,66.295,59,140.395,2.49,55.587,138.269,72.725,453.03,193.77,72.98,179.66,72.5
1181,573638.11182,66.417,60,139.18,2.869,55.745,139.338,73.499,451.53,194.26,73.17,181.01,73.24
1182,573638.121163,65.098,49,140.166,1.286,59.318,140.876,72.795,452.82,192.15,77.89,183.06,72.5
1183,573638.123997,63.954,51,141.193,1.709,60.894,138.682,73.0,454.07,192.75,79.92,179.99,72.72
1184,573638.127775,62.933,64,139.862,2.029,63.196,138.883,75.3,452.42,193.1,82.98,180.45,75.01
1185,573638.131883,62.25,69,138.589,2.177,64.27,138.035,77.112,450.72,193.29,84.43,179.28,76.85
1186,573638.136111,63.002,56,137.736,2.551,63.14,139.087,78.233,449.7,193.83,82.94,180.45,77.8
1187,573638.144965,64.65,57,135.816,3.146,61.007,142.49,78.919,446.95,194.59,80.19,184.98,78.78
1188,573638.147926,65.705,56,135.281,3.688,58.393,141.924,78.111,446.43,195.29,76.78,183.79,77.88
1189,573638.152596,65.858,66,136.961,3.482,56.658,138.528,75.864,448.66,195.02,74.42,180.11,75.61
1190,573638.164302,67.07,56,136.588,2.49,54.547,140.002,72.747,448.2,193.73,71.65,182.08,72.43
1191,573638.172264,67.202,51,136.501,2.188,54.93,141.76,72.434,447.86,193.43,72.21,183.85,72.2
1192,573638.176026,66.48,52,136.742,2.049,56.288,141.051,72.666,448.43,193.2,73.95,183.34,72.34
1193,573638.180011,65.079,64,135.041,2.027,58.011,137.675,73.323,446.26,193.14,76.13,179.03,72.99
1194,573638.18402,64.934,64,134.618,2.246,59.19,139.708,75.835,445.64,193.4,77.76,181.71,75.59
1195,573638.188129,64.813,64,134.596,2.348,59.347,139.452,77.642,445.49,193.53,78.03,180.88,77.39
1196,573638.196668,64.99,62,134.84,2.364,58.686,138.809,78.703,445.89,193.52,77.13,180.36,78.48
1197,573638.200409,65.512,68,134.939,2.435,57.545,138.827,79.41,446.03,193.61,75.63,180.44,79.21
1198,573638.2036,64.999,64,135.682,2.632,58.094,137.459,78.648,446.99,193.88,76.33,178.68,78.44
1199,573638.208653,63.956,66,135.47,2.638,60.386,137.534,77.81,446.93,193.76,79.5,179.03,77.4
1200,573638.212111,62.917,61,135.708,2.511,62.781,137.895,76.727,447.07,193.73,82.49,179.1,76.5
1201,573638.220949,61.632,53,137.283,1.327,66.23,139.391,74.839,449.12,192.11,87.22,180.39,74.53
1202,573638.224303,58.863,65,137.131,0.343,70.533,136.404,73.964,448.89,190.89,92.64,177.37,73.65
1203,573638.22784,58.1,74,137.265,0.121,72.473,137.147,74.646,449.07,190.59,95.19,178.25,74.32
1204,573638.232262,57.29,77,137.212,0.021,73.774,136.521,75.824,448.91,190.49,96.89,177.58,75.48
1205,573638.236185,57.969,60,136.877,0.251,73.209,138.031,76.738,448.62,190.75,96.16,179.24,76.4
1206,573638.24875,60.675,60,136.136,1.068,68.739,140.351,77.748,447.58,191.82,90.31,182.43,77.5
1207,573638.251784,62.143,63,136.762,1.491,65.01,139.127,76.753,448.4,192.39,85.4,180.83,76.5
1208,573638.260872,63.923,66,136.883,1.766,60.149,136.835,74.075,448.55,192.77,79.05,177.77,73.85
1209,573638.263876,64.804,60,136.924,1.876,58.072,136.409,72.842,448.65,192.94,76.25,177.24,72.58
1210,573638.272713,65.252,59,138.561,0.802,57.986,138.515,70.61,450.77,191.54,76.11,180.14,70.29
1211,573638.276132,66.044,55,139.219,0.358,57.47,141.541,69.859,451.63,190.96,75.41,184.11,69.55
1212,573638.279803,65.59,54,139.828,0.242,58.293,141.053,69.668,452.36,190.84,76.53,183.29,69.3
1213,573638.284147,64.061,58,138.377,0.527,60.163,137.542,69.767,450.58,191.17,78.97,178.77,69.45
1214,573638.288036,63.936,58,139.214,0.651,61.756,140.551,72.009,451.6,191.33,81.07,182.67,71.7
1215,573638.292205,63.527,63,138.618,1.129,62.256,139.659,73.881,450.83,191.94,81.74,181.51,73.59
1216,573638.300764,63.565,63,138.811,1.595,61.625,138.429,75.298,451.15,192.55,80.91,179.54,74.96
1217,573638.304233,64.555,68,138.814,1.928,60.131,139.954,76.161,451.02,192.98,78.99,181.62,75.88
1218,573638.308196,64.761,68,138.994,2.148,59.332,139.147,75.935,451.3,193.27,77.92,180.74,75.68
1219,573638.312284,64.969,67,139.306,2.493,58.366,137.946,75.443,451.64,193.67,76.79,179.19,75.25
1220,573638.315786,65.309,61,139.088,2.779,57.773,138.306,74.898,451.56,194.08,75.89,179.36,74.58
1221,573638.324373,65.648,58,138.735,3.184,57.376,139.148,74.518,451.02,194.68,75.28,180.5,74.22
1222,573638.337187,62.928,71,142.01,1.803,63.225,138.922,73.752,455.21,192.83,82.98,180.46,73.43
1223,573638.34028,62.505,67,141.353,1.634,64.176,139.008,74.952,454.39,192.59,84.25,180.42,74.63
1224,573638.348475,62.95,63,141.607,1.713,63.377,139.361,75.219,454.58,192.72,83.2,180.96,74.9
1225,573638.35192,64.664,58,140.478,2.041,61.632,144.027,75.74,453.32,193.09,80.95,186.62,75.47
1226,573638.355729,65.806,55,140.38,2.445,59.158,144.35,74.719,453.01,193.7,77.7,187.02,74.47
1227,573638.361304,66.935,59,140.159,2.804,56.426,144.027,73.438,452.71,194.18,74.05,187.35,73.16
1228,573638.364061,67.389,58,140.214,2.831,54.459,141.648,72.011,452.76,194.25,71.55,183.51,71.78
1229,573638.368063,67.39,61,140.632,2.695,53.171,138.299,70.877,453.36,194.07,69.76,179.75,70.61
1230,573638.376185,67.819,55,142.126,1.652,53.061,140.545,69.2,455.27,192.71,69.64,182.34,68.83
1231,573638.380513,66.749,52,142.059,1.207,55.845,141.469,69.499,455.37,192.04,73.29,183.53,69.21
1232,573638.384162,66.375,51,142.682,0.988,57.069,142.407,69.714,456.13,191.79,74.87,184.88,69.37
1233,573638.388189,65.07,56,141.434,1.032,57.741,136.984,69.101,454.51,191.85,75.74,178.05,68.76
1234,573638.392286,64.826,66,141.112,1.227,59.005,138.714,70.993,454.12,192.09,77.4,180.21,70.64
1235,573638.401011,64.938,66,140.681,1.633,59.059,139.423,72.478,453.37,192.64,77.57,180.84,72.2
1236,573638.4039,65.111,67,140.541,1.684,58.619,139.281,73.419,453.4,192.64,76.97,180.66,73.15
1237,573638.408592,65.7,66,139.842,2.085,57.236,139.087,74.228,452.45,193.18,75.16,180.48,73.98
1238,573638.417147,67.25,60,138.501,2.79,53.862,139.283,74.716,450.63,194.15,70.71,180.95,74.48
1239,573638.423965,65.308,55,138.953,1.265,57.794,138.352,73.349,451.21,192.15,75.89,179.38,73.02
1240,573638.42781,64.461,63,139.389,1.402,60.0,139.174,74.309,451.84,192.29,78.79,180.97,74.06
1241,573638.437055,63.792,60,138.322,1.957,62.057,140.515,76.581,450.55,193.0,81.51,182.25,76.26
1242,573638.439937,64.692,58,136.663,2.419,61.631,144.172,77.728,448.2,193.61,80.98,187.19,77.48
1243,573638.443803,63.908,63,137.518,2.551,61.309,139.397,77.182,449.49,193.77,80.55,180.87,76.9
1244,573638.452746,63.522,68,136.595,2.896,61.017,136.857,77.401,448.18,194.24,80.15,177.88,77.16
1245,573638.456044,63.993,63,135.527,3.304,60.054,136.959,77.449,446.8,194.78,78.86,177.98,77.26
1246,573638.45986,64.767,61,136.79,2.553,59.837,140.364,75.626,448.41,193.79,78.57,182.9,75.42
1247,573638.463908,65.072,58,136.161,2.467,59.591,141.386,75.162,447.68,193.67,78.27,183.7,74.92
1248,573638.46846,64.413,63,134.646,2.289,59.528,137.833,74.252,445.68,193.46,78.19,179.33,73.99
1249,573638.477088,64.825,68,134.372,2.589,59.598,140.105,75.341,445.27,193.85,78.32,182.06,75.07
1250,573638.480374,64.829,68,134.232,2.868,59.388,139.631,75.816,445.15,194.21,78.04,181.4,75.54
1251,573638.484019,64.815,62,134.396,3.011,58.925,138.469,76.278,445.49,194.37,77.45,179.82,76.05
1252,573638.488352,64.027,65,135.26,2.985,59.911,136.802,75.915,446.45,194.37,78.7,177.91,75.67
1253,573638.492064,63.55,63,134.344,3.065,61.501,138.076,76.315,445.22,194.47,80.81,179.59,76.11
1254,573638.505154,61.062,65,135.544,1.31,66.068,136.545,75.24,446.84,192.15,86.79,177.6,74.96
1255,573638.507606,61.069,77,136.022,1.298,66.549,137.565,76.283,447.44,192.13,87.43,178.89,76.01
1256,573638.512366,61.025,65,135.971,1.205,66.629,137.543,77.938,447.4,192.01,87.53,178.62,77.63
1257,573638.516428,61.691,54,135.054,1.476,65.552,138.228,79.07,446.18,192.35,86.15,179.54,78.81
1258,573638.519709,63.331,61,134.745,1.73,63.32,141.075,79.741,445.86,192.66,83.23,183.1,79.57
1259,573638.528306,63.602,68,136.802,1.715,61.091,137.404,78.341,448.46,192.67,80.26,178.61,78.11
1260,573638.532426,63.607,66,135.961,1.871,60.781,136.733,78.051,447.35,192.89,79.85,177.73,77.84
1261,573638.536299,63.522,61,137.631,0.929,61.876,138.783,75.932,449.47,191.65,81.29,180.6,75.72
1262,573638.540837,63.043,59,138.423,0.576,62.812,138.556,74.346,450.59,191.18,82.59,179.87,74.04
1263,573638.544069,62.493,62,138.498,0.088,64.341,139.311,73.432,450.61,190.61,84.5,180.75,73.14
1264,573638.553146,61.335,62,137.733,-0.175,66.167,137.935,72.576,449.81,190.24,86.92,179.59,72.38
1265,573638.555863,59.988,65,137.672,-0.122,68.518,136.987,73.415,449.67,190.27,90.0,177.88,73.09
1266,573638.561395,60.045,66,137.963,0.03,69.176,138.543,74.482,449.97,190.48,90.84,180.08,74.18
1267,573638.563789,60.11,70,137.861,0.405,68.756,137.97,75.271,450.0,190.95,90.31,178.9,74.91
1268,573638.568333,60.589,72,138.093,0.782,67.646,137.755,75.542,450.27,191.42,88.89,178.59,75.26
1269,573638.576951,60.99,68,137.857,1.001,66.454,137.028,75.378,449.92,191.69,87.3,178.28,75.01
1270,573638.589194,62.186,55,139.235,-0.044,65.179,139.689,71.32,451.64,190.39,85.61,181.41,71.02
1271,573638.592226,60.942,70,138.581,0.123,66.751,137.435,72.356,450.77,190.62,87.64,178.68,72.04
1272,573638.596345,60.781,71,138.953,0.329,66.833,136.91,73.04,451.25,190.89,87.74,177.99,72.72
1273,573638.604861,61.685,60,139.041,0.719,65.769,138.658,73.581,451.37,191.4,86.35,180.24,73.27
1274,573638.608322,62.416,59,138.737,1.264,64.094,138.418,73.857,451.07,192.1,84.16,179.47,73.47
1275,573638.611972,64.109,65,137.642,1.724,61.759,141.434,74.374,449.61,192.71,81.15,183.35,74.09
1276,573638.615927,64.472,68,139.031,1.752,59.327,137.664,73.579,451.33,192.78,77.88,178.87,73.31
1277,573638.619993,65.776,63,137.364,2.687,56.354,137.346,74.33,449.17,194.01,73.98,178.51,74.08
1278,573638.628861,66.709,58,138.882,1.939,55.307,139.879,72.96,451.16,193.02,72.62,181.85,72.68
1279,573638.632163,66.739,58,139.362,1.755,56.062,141.956,72.533,451.61,192.9,73.55,183.86,72.34
1280,573638.636499,66.41,55,138.368,1.834,56.426,140.999,71.465,450.51,192.89,74.06,183.39,71.17
1281,573638.640757,65.581,64,138.46,2.221,57.226,138.425,71.712,450.69,193.38,75.16,179.46,71.41
1282,573638.643736,65.984,66,138.475,2.652,57.364,140.946,72.837,450.64,193.95,75.32,183.19,72.54
1283,573638.652881,65.81,65,138.563,2.951,57.456,140.219,73.311,450.92,194.3,75.45,181.79,73.0
1284,573638.656523,65.673,68,138.695,3.262,57.101,138.614,74.053,450.95,194.74,74.99,179.96,73.78
1285,573638.659498,66.292,62,138.137,3.793,56.002,139.282,74.626,450.17,195.46,73.52,180.96,74.37
1286,573638.664286,65.829,54,140.034,2.219,57.929,141.473,73.708,452.64,193.37,76.06,183.85,73.43
1287,573638.673101,64.948,71,140.509,2.422,58.842,138.963,75.24,453.33,193.61,77.29,180.27,74.97
1288,573638.679756,66.106,61,139.34,2.645,58.153,143.57,76.345,451.75,193.92,76.37,186.47,76.09
1289,573638.684508,66.913,53,139.374,2.957,56.695,144.583,76.097,451.77,194.34,74.48,187.43,75.82
1290,573638.693181,66.3,63,139.914,3.091,55.582,138.278,75.19,452.54,194.5,72.98,179.36,74.98
1291,573638.695986,66.649,58,142.363,2.18,55.568,140.192,73.439,455.68,193.34,72.93,181.9,73.15
1292,573638.704203,66.041,57,141.845,1.824,57.671,142.017,73.599,454.99,192.87,75.68,184.51,73.32
1293,573638.708237,64.386,60,140.012,1.637,59.94,138.65,72.883,452.64,192.6,78.7,180.19,72.55
1294,573638.71228,63.608,66,139.985,1.72,62.346,140.257,73.985,452.64,192.7,81.87,182.04,73.69
1295,573638.717034,63.034,69,139.566,2.076,63.409,139.835,74.913,452.04,193.17,83.26,181.65,74.62
1296,573638.721347,62.56,68,139.341,2.214,64.045,138.979,75.646,451.8,193.32,84.12,180.33,75.4
1297,573638.729228,62.516,66,138.832,2.377,63.651,137.924,76.176,451.07,193.57,83.58,179.18,75.91
1298,573638.732127,63.365,54,138.226,2.609,62.617,139.675,76.081,450.13,193.97,82.18,181.08,75.92
1299,573638.736225,61.659,65,138.051,1.226,64.96,136.84,74.462,450.11,192.05,85.31,177.81,74.15
1300,573638.74035,62.018,74,137.905,1.484,64.895,138.31,75.473,449.85,192.39,85.25,179.69,75.19
1301,573638.744334,62.561,60,137.179,1.8,64.385,139.724,76.259,449.08,192.79,84.61,180.97,75.94
1302,573638.748195,63.67,62,135.568,2.262,63.119,142.306,76.939,446.88,193.41,82.96,184.6,76.69
1303,573638.761009,63.195,68,135.101,2.547,61.543,136.471,77.125,446.28,193.76,80.84,177.58,76.87
1304,573638.764467,63.694,59,136.768,1.782,61.427,138.61,75.175,448.55,192.78,80.71,179.85,74.85
1305,573638.768459,64.192,60,135.947,1.474,61.227,140.638,74.738,447.39,192.42,80.56,182.2,74.43
1306,573638.771725,63.216,60,134.09,1.432,61.916,137.398,73.972,444.95,192.34,81.33,178.79,73.71
1307,573638.780905,63.185,72,133.696,1.669,62.865,139.358,75.071,444.3,192.66,82.66,180.74,74.78
1308,573638.784413,62.925,69,133.44,1.999,63.09,138.612,75.941,444.32,193.02,82.93,179.75,75.65
1309,573638.788566,62.598,74,133.346,2.265,63.076,137.051,77.028,444.01,193.4,82.9,178.15,76.8
1310,573638.792537,62.032,62,132.928,2.364,64.168,136.824,77.514,443.42,193.54,84.31,177.99,77.29
1311,573638.796393,62.106,56,132.425,2.578,64.481,137.829,77.954,442.7,193.86,84.7,179.15,77.78
1312,573638.800486,60.056,68,133.33,0.963,67.768,135.767,76.681,444.03,191.68,89.07,176.48,76.4
1313,573638.809185,60.499,75,133.289,1.203,67.706,137.492,77.89,443.89,191.99,88.98,178.89,77.65
1314,573638.812464,61.465,60,132.315,1.346,67.191,140.659,79.555,442.57,192.17,88.36,182.58,79.29
1315,573638.815651,62.323,59,131.815,1.792,65.607,141.246,79.913,441.97,192.76,86.25,183.73,79.72
1316,573638.820805,62.366,64,133.434,2.128,63.899,137.765,78.667,444.13,193.2,83.99,179.07,78.45
1317,573638.823827,62.416,65,132.505,2.368,63.492,137.118,78.527,442.95,193.51,83.48,178.06,78.37
1318,573638.832392,62.499,63,134.301,1.57,64.136,138.895,76.717,445.23,192.45,84.38,180.4,76.51
1319,573638.845112,61.149,65,134.512,0.954,66.749,138.33,73.804,445.54,191.69,87.69,179.89,73.52
1320,573638.848038,60.647,69,134.677,1.204,67.932,138.581,74.362,445.72,192.02,89.24,180.27,74.07
1321,573638.856467,60.466,75,135.134,1.594,68.109,138.172,74.834,446.34,192.53,89.46,179.51,74.48
1322,573638.860228,60.204,70,135.488,1.674,68.067,136.977,75.411,446.83,192.62,89.45,177.88,75.13
1323,573638.864093,60.868,65,135.361,2.206,66.864,137.348,75.845,446.58,193.34,87.82,178.58,75.58
1324,573638.868223,62.186,52,136.513,1.984,65.609,140.612,74.911,448.12,193.05,86.19,182.62,74.62
1325,573638.871712,60.106,61,137.238,0.981,67.976,136.388,73.813,449.04,191.73,89.28,177.35,73.5
1326,573638.876051,60.728,74,137.568,1.105,67.424,137.895,74.514,449.53,191.89,88.52,179.12,74.17
1327,573638.884175,61.98,59,137.988,1.393,65.663,139.775,74.409,449.98,192.28,86.24,181.51,74.09
1328,573638.889159,63.22,58,137.869,1.75,63.777,141.548,74.193,450.05,192.7,83.83,182.96,73.86
1329,573638.891564,63.36,66,139.545,1.666,61.66,137.519,72.784,452.03,192.65,80.94,178.73,72.47
1330,573638.89685,64.21,67,138.675,2.233,59.564,136.904,73.048,450.9,193.4,78.17,177.83,72.8
1331,573638.900001,65.258,62,140.983,1.226,58.751,140.371,71.024,453.85,192.11,77.06,182.79,70.73
1332,573638.909182,65.058,62,141.347,0.659,59.93,142.114,70.503,454.36,191.36,78.62,184.74,70.18
1333,573638.912052,64.255,58,140.789,0.754,60.827,140.037,69.668,453.75,191.47,79.79,182.29,69.37
1334,573638.916238,63.797,69,140.967,1.086,61.816,139.999,70.348,453.89,191.91,81.11,181.92,70.0
1335,573638.924646,63.516,66,141.192,1.671,61.512,137.935,72.518,454.1,192.67,80.75,179.21,72.24
1336,573638.931809,64.757,58,140.535,2.345,59.367,139.207,73.475,453.29,193.58,77.94,180.44,73.2
1337,573638.936701,63.744,58,141.703,0.857,61.749,139.582,72.756,454.81,191.59,81.06,181.32,72.45
1338,573638.94018,63.835,72,141.519,1.18,61.312,139.045,73.303,454.59,192.01,80.47,180.72,73.0
1339,573638.944201,65.417,58,140.19,1.716,60.055,144.359,74.253,452.82,192.72,78.87,187.22,73.94
1340,573638.947792,66.096,56,139.678,2.259,58.472,144.304,73.877,452.19,193.42,76.82,186.67,73.64
1341,573638.952048,65.289,65,140.794,2.083,57.688,137.997,73.239,453.67,193.16,75.8,179.37,72.92
1342,573638.960836,65.808,57,140.372,1.758,57.143,139.444,73.224,453.2,192.74,75.07,180.96,72.88
1343,573638.964032,66.188,54,140.102,1.827,56.854,140.818,72.641,452.48,192.97,74.74,182.38,72.47
1344,573638.968535,65.094,62,138.715,1.786,58.677,139.33,72.048,450.91,192.84,77.02,180.57,71.67
1345,573638.972382,64.554,71,137.79,2.355,60.385,140.542,73.445,449.7,193.56,79.33,182.13,73.16
1346,573638.976027,63.962,68,137.585,2.779,60.746,138.381,74.885,449.66,194.08,79.78,179.44,74.55
1347,573638.984309,63.75,64,136.76,3.047,60.932,137.764,75.98,448.4,194.45,80.03,179.07,75.72
1348,573638.98807,64.394,55,135.422,3.662,59.816,138.405,77.186,446.64,195.27,78.57,179.58,77.01
1349,573638.992026,63.287,63,135.522,2.285,61.662,137.174,75.769,446.84,193.44,80.99,178.33,75.48
1350,573638.996481,63.688,66,135.387,2.539,61.177,138.02,77.367,446.65,193.75,80.4,179.39,77.14
1351,573638.999978,65.255,60,133.579,3.085,59.882,143.058,78.393,444.38,194.43,78.8,185.25,78.13
1352,573639.013544,64.704,69,132.66,3.66,58.702,137.378,78.519,443.15,195.15,77.27,178.67,78.27
1353,573639.016659,65.052,58,134.549,2.787,59.182,140.311,77.155,445.5,194.03,77.62,183.25,77.1
1354,573639.020999,64.731,58,133.335,2.669,59.704,139.865,77.105,443.84,193.97,78.51,181.53,76.92
1355,573639.023898,63.609,65,132.208,2.326,61.284,137.872,76.357,442.65,193.46,80.57,179.06,76.12
1356,573639.028389,63.229,66,131.628,2.599,63.081,140.046,77.551,441.75,193.84,82.91,182.26,77.32
1357,573639.037158,62.374,74,131.41,2.765,63.981,137.98,78.864,441.46,194.04,84.1,179.55,78.65
1358,573639.040408,61.438,65,131.656,2.722,65.274,136.526,79.187,441.87,193.98,85.81,177.47,78.92
1359,573639.044414,59.674,56,131.367,1.174,68.64,135.942,77.466,441.4,191.95,90.23,176.94,77.22
1360,573639.048189,59.533,65,131.423,1.376,69.197,136.471,78.385,441.5,192.2,90.99,177.53,78.16
1361,573639.051871,59.581,74,131.636,1.498,69.435,137.135,79.244,441.74,192.37,91.28,178.48,79.03
1362,573639.060464,60.881,61,130.231,1.564,68.964,141.72,80.605,439.83,192.47,90.73,183.98,80.45
1363,573639.064306,61.109,63,130.479,1.88,67.66,140.04,80.106,440.33,192.86,88.99,181.94,79.89
1364,573639.068356,60.28,69,131.384,1.773,67.324,135.798,79.248,441.42,192.74,88.49,176.72,79.04
1365,573639.072329,60.649,65,131.196,1.875,66.458,135.583,78.919,441.17,192.89,87.33,176.44,78.72
1366,573639.076113,60.884,67,132.872,0.824,67.251,138.211,76.457,443.26,191.52,88.36,179.98,76.23
1367,573639.084257,60.218,66,132.467,0.206,68.397,137.703,74.922,442.94,190.7,89.87,179.32,74.69
1368,573639.092512,58.899,72,132.952,0.681,71.291,138.014,75.102,443.53,191.3,93.69,179.4,74.84
1369,573639.097952,58.082,74,133.535,0.57,71.896,135.985,75.976,444.22,191.19,94.46,176.78,75.69
1370,573639.099993,58.779,62,133.503,0.99,70.806,136.599,76.571,444.18,191.73,93.02,177.68,76.31
1371,573639.103842,58.692,60,134.948,-0.291,71.721,138.023,75.3,446.12,190.03,94.25,179.52,75.06
1372,573639.112977,58.946,79,135.397,-0.042,70.616,136.892,75.427,446.6,190.38,92.79,177.97,75.13
1373,573639.115844,59.87,60,135.818,0.206,69.132,137.725,75.31,447.21,190.7,90.82,178.72,74.93
1374,573639.120417,61.426,62,135.384,0.615,67.284,140.674,75.1,446.59,191.26,88.39,182.83,74.85
1375,573639.124074,61.199,66,137.02,0.571,65.747,136.47,73.862,448.85,191.17,86.36,177.42,73.48
1376,573639.127808,62.0,66,136.976,1.042,63.756,135.805,74.026,448.68,191.84,83.7,176.55,73.76
1377,573639.136602,62.896,69,139.051,-0.007,63.814,140.064,72.012,451.28,190.5,83.8,181.77,71.7
1378,573639.140523,61.906,65,138.404,-0.065,65.018,138.067,70.379,450.57,190.39,85.34,179.55,70.04
1379,573639.143802,61.381,68,139.204,0.263,66.62,139.085,70.685,451.64,190.8,87.46,180.63,70.34
1380,573639.148606,60.726,70,139.53,0.707,67.473,137.987,71.665,452.06,191.36,88.58,179.16,71.34
1381,573639.151891,61.206,67,139.599,1.192,66.281,137.609,73.106,452.16,192.02,86.99,178.7,72.73
1382,573639.161232,60.907,52,141.2,-0.393,66.749,137.281,73.235,454.12,189.98,87.61,178.55,72.85
1383,573639.164464,62.185,67,140.654,0.676,64.783,138.836,72.951,453.42,191.35,85.16,179.73,72.64
1384,573639.168335,63.477,59,140.315,1.211,62.925,140.908,73.131,453.18,192.04,82.6,182.64,72.74
1385,573639.180982,65.699,63,141.986,1.433,58.274,141.602,71.522,455.2,192.37,76.46,184.06,71.21
1386,573639.189323,65.906,58,141.9,1.268,58.142,142.422,71.042,455.07,192.16,76.27,185.1,70.73
1387,573639.191894,64.933,68,140.076,1.624,59.023,139.311,70.814,452.79,192.6,77.46,181.0,70.44
1388,573639.196595,65.01,70,140.102,2.111,59.338,140.46,72.034,452.91,193.19,77.93,181.99,71.72
1389,573639.200124,64.61,70,140.259,2.416,59.384,138.494,73.265,452.94,193.65,77.95,179.91,72.97
1390,573639.204156,65.172,59,139.237,2.974,58.393,139.066,74.361,451.6,194.38,76.65,180.63,74.09
1391,573639.213503,64.146,59,139.467,1.535,60.109,137.839,73.124,451.93,192.48,78.92,179.15,72.83
1392,573639.215788,64.549,64,139.72,1.855,59.71,138.943,74.922,452.17,192.92,78.42,180.53,74.61
1393,573639.220317,65.887,59,137.61,2.499,58.507,143.208,76.306,449.45,193.75,76.85,185.91,76.08
1394,573639.224084,65.715,64,139.095,2.678,56.934,138.43,75.667,451.48,193.95,74.76,179.98,75.37
1395,573639.228046,65.872,62,139.222,2.301,56.862,139.103,75.476,451.56,193.49,74.68,180.65,75.22
1396,573639.236813,66.293,58,138.153,2.15,56.688,140.993,75.552,450.18,193.29,74.43,183.4,75.3
1397,573639.240541,65.223,64,135.743,1.974,58.064,138.546,74.574,447.07,193.06,76.26,180.15,74.34
1398,573639.244037,64.479,67,134.99,2.336,60.526,140.482,76.045,446.12,193.51,79.52,182.68,75.79
1399,573639.248519,63.369,69,134.215,2.769,62.035,138.397,77.67,445.15,194.04,81.54,179.79,77.46
1400,573639.252476,62.62,64,133.097,3.021,63.377,137.807,79.102,443.62,194.39,83.28,179.19,78.93
1401,573639.265112,61.267,72,132.009,2.025,66.505,138.343,79.942,442.33,193.05,87.45,179.68,79.7
1402,573639.268393,61.719,59,131.8,2.313,65.323,137.873,80.505,442.01,193.44,85.86,179.32,80.28
1403,573639.276594,62.375,69,130.955,2.739,63.642,137.254,79.417,440.87,194.01,83.66,178.67,79.21
1404,573639.279995,62.542,62,130.846,2.346,64.145,139.115,78.821,440.69,193.48,84.38,181.07,78.64
1405,573639.28901,62.296,64,130.279,1.879,64.809,139.4,78.184,439.86,192.99,85.33,181.03,78.02
1406,573639.291958,61.5,67,129.52,1.634,66.507,139.383,77.527,438.97,192.58,87.44,181.35,77.31
1407,573639.296604,60.462,70,128.847,2.031,68.132,138.196,78.114,438.21,193.05,89.6,179.73,77.91
1408,573639.300955,59.179,72,129.37,1.94,69.719,136.074,79.133,438.81,192.95,91.66,177.16,78.92
1409,573639.303889,59.118,63,129.019,2.121,69.964,136.311,80.021,438.43,193.17,92.02,177.22,79.82
1410,573639.307874,57.966,65,129.709,0.737,72.216,136.149,79.036,439.34,191.38,95.0,177.45,78.93
1411,573639.317002,58.724,76,130.229,0.922,71.014,136.785,79.619,439.92,191.61,93.36,178.08,79.41
1412,573639.319907,60.361,64,129.784,1.159,69.435,140.404,80.065,439.3,191.94,91.29,182.65,79.9
1413,573639.324378,59.868,69,131.476,1.249,68.386,136.23,78.344,441.59,192.03,89.89,177.36,78.07
1414,573639.328199,60.092,69,131.881,0.93,68.092,136.566,77.83,442.04,191.65,89.52,177.49,77.61
1415,573639.332256,60.679,66,133.499,0.132,68.041,138.943,76.189,444.07,190.61,89.47,179.97,76.04
1416,573639.340301,59.855,70,133.903,-0.258,69.799,138.988,74.604,444.66,190.11,91.71,180.73,74.31
1417,573639.352899,57.569,60,135.027,0.464,72.795,135.738,76.899,446.18,191.03,95.64,176.38,76.66
1418,573639.356564,57.238,66,135.848,-0.594,73.66,136.117,75.398,447.31,189.66,96.75,177.06,75.11
1419,573639.364721,58.299,68,136.806,-0.324,71.67,136.388,75.629,448.43,190.0,94.16,177.24,75.33
1420,573639.36823,60.301,58,136.91,0.175,69.244,139.761,74.832,448.61,190.67,90.94,181.67,74.53
1421,573639.371968,60.314,70,138.486,0.178,67.754,136.809,73.147,450.72,190.64,89.0,177.89,72.75
1422,573639.376698,61.447,71,139.331,-0.202,66.451,139.028,72.236,451.67,190.21,87.3,180.49,71.95
1423,573639.379674,61.897,65,140.038,-0.632,66.038,140.191,70.852,452.55,189.69,86.7,181.86,70.52
1424,573639.384196,60.678,68,139.916,-0.603,67.856,138.563,69.844,452.53,189.69,89.06,179.93,69.48
1425,573639.39282,60.074,71,139.726,0.046,69.153,138.615,70.695,452.37,190.48,90.82,179.64,70.33
1426,573639.396139,59.723,68,139.94,0.386,68.922,136.7,72.416,452.53,190.97,90.46,177.61,72.08
1427,573639.400305,61.572,55,139.402,1.198,65.968,138.57,73.352,451.68,192.14,86.53,179.66,73.15
1428,573639.404588,61.392,72,140.564,0.095,66.119,138.091,72.563,453.43,190.59,86.77,179.11,72.16
1429,573639.407956,63.702,60,138.724,0.802,63.603,143.562,73.608,450.84,191.55,83.56,185.92,73.32
1430,573639.417185,64.27,61,139.394,1.32,61.146,140.849,72.638,451.93,192.18,80.31,182.38,72.35
1431,573639.419833,63.956,66,139.473,1.549,59.991,136.634,72.686,451.91,192.53,78.72,177.53,72.41
1432,573639.424515,65.165,64,141.079,0.583,59.148,140.827,70.991,454.03,191.25,77.61,183.05,70.67
1433,573639.432313,63.364,74,138.629,1.494,62.342,139.057,72.03,450.78,192.45,81.86,180.49,71.69
1434,573639.4401,63.021,68,138.446,2.012,62.559,137.899,74.002,450.59,193.07,82.23,179.13,73.71
1435,573639.444409,63.835,59,137.095,2.743,61.064,138.479,75.637,448.82,194.07,80.18,179.95,75.39
1436,573639.453155,64.819,61,136.615,2.225,59.806,140.562,76.117,448.33,193.36,78.56,182.42,75.81
1437,573639.456216,66.468,63,134.996,2.999,57.422,143.822,76.447,446.11,194.38,75.47,186.46,76.27
1438,573639.460048,65.319,67,135.596,3.218,57.123,136.799,76.097,446.88,194.68,75.03,177.88,75.86
1439,573639.469112,66.202,64,136.344,2.537,57.128,141.574,75.447,447.87,193.78,75.03,184.18,75.2
1440,573639.471905,65.43,59,134.627,2.292,57.989,139.461,74.571,445.76,193.44,76.21,181.08,74.3
1441,573639.475821,64.79,69,133.921,2.646,59.775,140.336,75.993,444.56,193.96,78.59,181.9,75.75
1442,573639.479878,64.051,72,133.344,3.095,60.652,138.611,77.479,444.02,194.48,79.72,180.14,77.27
1443,573639.484288,63.63,66,132.629,3.324,61.258,137.915,78.721,443.06,194.79,80.51,179.32,78.5
1444,573639.492883,62.702,60,133.688,1.963,63.554,138.576,78.395,444.4,192.99,83.53,180.29,78.17
1445,573639.496433,62.694,69,132.855,2.378,63.483,138.383,79.093,443.29,193.54,83.47,179.95,78.89
1446,573639.499921,63.984,62,131.388,2.761,62.617,142.761,80.119,441.41,194.03,82.32,185.78,79.93
1447,573639.504322,62.89,70,132.488,2.802,62.61,137.39,79.2,442.95,194.04,82.33,178.9,78.9
1448,573639.508502,62.921,66,132.606,2.322,63.019,138.437,78.998,442.94,193.45,82.93,179.87,78.8
1449,573639.521254,61.74,71,131.443,1.832,65.901,139.188,77.432,441.5,192.83,86.61,181.17,77.2
1450,573639.524885,60.457,70,131.227,2.142,68.137,138.185,78.074,441.28,193.2,89.58,179.65,77.87
1451,573639.528373,59.353,66,131.05,2.149,69.454,136.254,79.173,441.07,193.22,91.31,177.15,78.9
1452,573639.53197,58.753,63,131.869,0.989,71.651,138.128,78.778,441.98,191.71,94.22,179.61,78.58
1453,573639.536714,58.626,76,131.404,1.295,71.18,136.72,79.311,441.44,192.1,93.58,177.95,79.09
1454,573639.544428,60.272,61,130.239,1.595,69.55,140.255,79.956,439.82,192.53,91.51,181.96,79.81
1455,573639.548278,59.759,66,131.121,1.734,68.504,136.019,78.902,441.02,192.69,90.06,177.07,78.74
1456,573639.552054,60.497,66,132.773,1.023,67.848,137.773,77.2,443.17,191.76,89.19,178.93,76.92
1457,573639.555763,60.217,66,131.972,0.553,68.407,137.72,75.289,442.2,191.16,89.88,179.29,75.02
1458,573639.560263,58.961,73,132.134,0.661,70.873,137.45,74.914,442.4,191.3,93.19,178.48,74.63
1459,573639.569137,57.706,70,132.627,0.846,72.754,136.177,76.224,443.08,191.52,95.58,177.32,75.93
1460,573639.572341,57.19,57,133.901,-0.571,74.866,138.168,76.163,444.62,189.68,98.41,179.61,75.93
1461,573639.577227,57.477,70,133.275,-0.019,73.378,136.484,77.139,443.91,190.39,96.44,177.66,76.91
1462,573639.579871,59.278,63,133.585,0.342,70.775,138.539,77.491,444.53,190.89,92.93,179.72,77.07
1463,573639.584475,60.723,65,133.504,0.884,68.218,139.495,76.761,444.17,191.59,89.64,181.46,76.51
1464,573639.592306,60.778,69,135.535,0.243,67.313,137.881,75.328,446.77,190.77,88.48,178.89,75.09
1465,573639.600684,59.947,73,136.132,-0.377,69.133,138.044,72.53,447.57,189.96,90.78,179.5,72.18
1466,573639.605712,58.771,77,136.407,0.085,71.235,137.395,73.446,447.96,190.55,93.55,178.66,73.12
1467,573639.607747,58.559,67,136.419,0.497,71.188,136.474,75.594,447.93,191.1,93.48,177.52,75.3
1468,573639.612401,58.104,64,137.077,-0.606,71.59,135.491,74.457,448.89,189.63,94.04,176.0,74.12
1469,573639.620722,59.626,69,137.637,-0.181,68.991,136.442,75.784,449.47,190.16,90.75,177.21,75.59
1470,573639.623952,62.583,57,136.53,0.565,65.876,143.066,75.366,448.18,191.14,86.56,185.66,75.14
1471,573639.627645,61.883,67,137.379,0.912,64.449,136.756,74.585,449.26,191.64,84.66,177.51,74.35
1472,573639.631779,62.767,70,139.358,-0.158,64.095,140.067,72.784,451.79,190.25,84.13,182.13,72.48
1473,573639.636049,61.791,67,138.567,-0.304,65.656,138.901,71.409,450.85,190.06,86.2,180.08,71.0
1474,573639.645219,60.62,69,138.105,0.24,68.035,138.678,72.201,450.12,190.79,89.36,180.01,71.87
1475,573639.647855,59.689,71,138.3,0.703,68.94,136.6,74.126,450.4,191.37,90.52,177.53,73.82
1476,573639.651856,60.881,58,137.418,1.263,67.135,137.962,75.634,449.24,192.12,88.19,178.95,75.37
1477,573639.655951,60.832,75,137.952,0.441,67.121,137.721,75.126,449.97,191.04,88.07,179.08,74.81
1478,573639.659953,63.374,59,136.005,1.158,64.223,143.301,75.938,447.36,191.96,84.46,185.36,75.72
1479,573639.668758,63.849,63,136.618,1.646,61.951,140.564,74.517,448.3,192.58,81.38,182.51,74.27
1480,573639.671866,63.798,65,138.093,1.053,61.399,139.056,73.445,450.1,191.83,80.66,180.91,73.19
1481,573639.67618,64.016,62,137.636,0.805,61.848,141.168,72.78,449.55,191.53,81.19,183.61,72.49
1482,573639.688614,61.669,60,134.866,2.315,65.271,137.54,76.557,445.93,193.49,85.74,178.83,76.32
1483,573639.697034,61.731,63,135.421,1.405,65.601,138.511,76.374,446.79,192.24,86.15,180.52,76.09
1484,573639.699954,62.8,64,134.709,1.993,63.408,138.721,76.981,445.7,193.05,83.33,180.29,76.72
1485,573639.703658,64.836,63,133.291,2.762,60.836,143.07,76.877,443.88,194.07,79.94,186.13,76.65
1486,573639.708246,63.801,71,133.774,2.888,60.258,136.487,76.43,444.51,194.25,79.15,177.55,76.21
1487,573639.711827,64.756,69,135.327,1.915,60.328,141.458,75.002,446.55,192.97,79.23,184.07,74.75
1488,573639.720856,63.806,69,134.266,1.899,61.994,140.445,74.595,445.23,192.93,81.46,182.53,74.31
1489,573639.724403,62.662,69,133.964,2.396,63.713,138.737,75.662,444.84,193.56,83.73,180.28,75.43
1490,573639.727958,62.081,66,133.711,2.533,64.392,137.524,77.341,444.43,193.76,84.6,178.87,77.11
1491,573639.731991,61.072,64,134.127,1.391,66.278,137.019,77.014,445.03,192.25,87.14,178.33,76.83
1492,573639.736174,62.399,61,132.849,1.843,64.883,140.044,79.065,443.16,192.9,85.28,181.7,78.94
1493,573639.739921,63.686,62,133.224,2.396,62.713,141.469,78.342,443.86,193.52,82.49,183.15,78.22
1494,573639.74814,63.215,66,135.577,1.682,62.451,138.584,76.985,446.7,192.66,82.11,180.01,76.82
1495,573639.752525,63.476,66,135.393,1.171,63.068,141.225,76.012,446.68,191.96,82.89,183.4,75.77
1496,573639.756205,61.24,71,134.128,1.326,66.297,137.79,75.542,445.1,192.17,87.15,178.6,75.2
1497,573639.7603,59.999,70,134.14,1.663,68.594,137.183,77.132,445.0,192.61,90.13,178.41,76.88
1498,573639.773075,59.129,73,133.379,0.85,70.436,137.272,78.925,444.06,191.52,92.59,178.41,78.67
1499,573639.776657,61.494,61,132.627,1.371,67.593,141.629,79.347,443.02,192.21,88.84,184.25,79.14
1500,573639.781331,61.269,67,134.194,1.578,65.969,137.235,77.582,445.07,192.49,86.68,178.54,77.34
1501,573639.783891,62.035,67,134.463,0.947,65.754,140.222,76.586,445.43,191.67,86.38,182.46,76.34
1502,573639.788474,60.915,68,133.675,0.572,67.752,139.376,75.133,444.4,191.19,89.01,181.37,74.86
1503,573639.797003,59.402,70,132.828,0.89,70.455,138.417,75.594,443.38,191.59,92.6,179.88,75.29
1504,573639.799977,58.205,67,132.674,1.171,71.737,136.152,77.699,443.18,191.95,94.26,177.03,77.38
1505,573639.804128,58.094,62,133.29,-0.01,72.885,137.903,77.405,444.0,190.38,95.75,179.72,77.14
1506,573639.808135,58.962,69,132.396,0.562,70.78,137.276,78.477,442.68,191.15,93.06,178.46,78.26
1507,573639.811905,61.254,64,131.583,1.134,67.527,140.411,78.311,441.68,191.9,88.76,182.68,78.09
1508,573639.815841,61.103,68,133.258,0.737,66.66,137.943,76.697,443.76,191.37,87.67,179.71,76.53
1509,573639.825141,61.215,65,133.227,0.341,66.805,138.735,75.535,443.62,190.96,87.81,179.95,75.35
1510,573639.828125,59.585,72,132.805,0.13,69.778,137.83,74.378,443.25,190.63,91.78,178.54,74.06
1511,573639.831666,58.25,73,132.674,0.647,72.045,136.91,76.01,443.11,191.27,94.67,178.14,75.73
1512,573639.836899,58.278,62,132.065,1.1,71.688,136.341,78.538,442.29,191.87,94.2,177.37,78.32
1513,573639.840043,58.11,76,132.977,0.139,72.032,136.351,77.844,443.58,190.58,94.65,177.51,77.6
1514,573639.84871,60.651,59,131.75,0.656,68.775,140.321,78.989,441.79,191.3,90.47,181.92,78.79
1515,573639.860986,60.991,65,134.405,0.094,67.717,139.639,74.152,445.36,190.59,88.93,181.38,73.92
1516,573639.86383,59.123,71,134.42,0.267,70.868,138.093,73.898,445.33,190.81,93.13,179.36,73.58
1517,573639.872924,57.93,69,134.656,0.642,72.366,136.293,76.012,445.71,191.26,95.08,177.16,75.72
1518,573639.875929,57.334,55,134.457,-0.488,73.341,135.881,75.894,445.52,189.75,96.4,176.65,75.63
1519,573639.879941,59.42,76,135.219,0.445,69.864,137.327,77.049,446.37,191.0,91.81,178.5,76.78
1520,573639.884003,61.741,61,134.651,1.029,66.768,141.023,76.53,445.66,191.77,87.82,182.58,76.31
1521,573639.88804,61.393,67,135.357,1.312,65.355,136.497,75.328,446.57,192.18,85.84,177.49,75.07
1522,573639.892115,62.014,68,137.287,0.242,65.764,140.145,73.005,449.15,190.77,86.35,182.14,72.67
1523,573639.899987,60.323,71,136.664,0.114,68.764,138.885,72.062,448.3,190.61,90.28,180.64,71.73
1524,573639.903879,58.704,74,136.687,0.648,71.313,137.281,73.74,448.32,191.29,93.65,178.49,73.41
1525,573639.907963,59.287,62,136.006,1.271,70.073,137.201,76.244,447.41,192.11,92.02,178.36,75.98
1526,573639.91197,59.38,78,136.765,0.433,69.898,137.234,76.008,448.5,191.01,91.75,178.32,75.64
1527,573639.915933,62.525,56,135.628,1.12,65.88,142.795,76.279,446.89,191.91,86.59,185.31,76.04
1528,573639.924767,62.378,67,136.465,1.626,63.564,137.097,75.084,448.0,192.59,83.49,178.18,74.87
1529,573639.927942,63.354,68,138.299,0.578,63.183,140.885,72.895,450.42,191.22,82.94,183.23,72.6
1530,573639.932053,61.833,68,137.521,0.531,65.99,139.798,71.95,449.45,191.14,86.66,181.61,71.64
1531,573639.940539,60.483,59,136.463,1.621,67.782,137.576,76.22,447.95,192.6,89.01,178.69,75.98
1532,573639.948421,60.593,72,136.806,0.845,67.248,136.961,75.854,448.46,191.55,88.31,177.95,75.52
1533,573639.951926,63.744,59,135.45,1.49,63.046,142.517,76.5,446.59,192.44,82.87,184.74,76.31
1534,573639.961122,64.313,65,137.957,0.639,61.592,142.096,73.016,449.97,191.3,80.85,184.86,72.73
1535,573639.963917,61.688,70,136.263,0.742,65.418,137.932,72.293,447.81,191.44,85.89,179.33,71.95
1536,573639.972983,60.234,71,136.028,1.26,68.086,137.143,74.914,447.46,192.09,89.43,178.32,74.62
1537,573639.976181,60.855,59,134.85,1.77,66.96,137.49,77.685,445.9,192.77,87.95,178.75,77.47
1538,573639.980552,61.366,72,135.147,0.986,66.129,137.996,77.719,446.26,191.7,86.93,179.49,77.51
1539,573639.984873,63.997,63,133.703,1.481,61.892,141.169,78.052,444.69,192.33,81.35,183.06,77.76
1540,573639.988336,64.037,65,133.709,2.138,59.98,137.005,76.92,444.43,193.26,78.8,178.18,76.71
1541,573639.99222,64.187,65,135.279,0.842,61.227,140.613,74.765,446.43,191.57,80.44,182.74,74.49
1542,573640.000211,61.822,68,133.924,0.864,65.676,139.082,74.418,444.74,191.58,86.28,180.96,74.14
1543,573640.004329,59.932,71,133.232,1.386,68.853,137.424,76.997,443.88,192.22,90.5,178.6,76.77
1544,573640.008204,59.322,58,133.511,0.223,70.78,138.727,78.556,444.12,190.79,92.89,180.24,78.36
1545,573640.012451,60.592,74,132.518,1.181,67.451,137.369,79.997,442.85,191.95,88.7,178.63,79.8
1546,573640.015689,63.294,63,130.895,1.603,63.53,141.363,80.214,440.82,192.51,83.61,183.07,80.07
1547,573640.02462,62.685,61,131.873,1.56,63.133,137.58,78.083,442.08,192.45,83.03,178.94,77.87
1548,573640.029239,63.029,65,133.063,1.014,63.859,140.801,75.888,443.57,191.79,83.91,183.14,75.67
1549,573640.037206,58.114,72,132.257,1.313,71.607,135.561,77.472,442.56,192.14,94.1,176.41,77.21
1550,573640.040008,57.168,57,130.901,-0.148,73.63,135.803,78.472,440.79,190.2,96.8,176.77,78.24
1551,573640.043873,58.655,72,131.203,0.817,70.892,136.28,81.224,441.18,191.46,93.21,177.36,81.03
1552,573640.053048,61.683,61,130.165,1.577,66.64,140.487,80.456,439.71,192.5,87.71,182.1,80.34
1553,573640.055922,61.462,68,131.008,2.061,65.068,136.201,78.75,440.94,193.13,85.52,177.21,78.54
1554,573640.060093,60.91,74,132.519,0.945,67.166,138.151,75.712,442.99,191.66,88.31,179.62,75.48
1555,573640.063797,58.614,76,132.524,0.519,71.455,137.203,75.187,443.09,191.07,93.91,177.95,74.89
1556,573640.067816,57.097,70,132.539,0.868,74.005,136.235,77.888,442.92,191.55,97.26,177.24,77.64
1557,573640.076531,56.581,59,132.817,-0.442,74.981,136.141,78.369,443.38,189.82,98.56,177.36,78.19
1558,573640.080233,59.234,66,132.11,0.453,71.46,139.696,80.195,442.36,190.99,93.94,181.71,79.99
1559,573640.084288,60.874,64,132.853,0.971,67.924,139.55,78.305,443.5,191.64,89.34,180.95,78.1
1560,573640.087955,61.142,68,135.234,0.371,67.42,139.691,76.05,446.28,190.94,88.6,181.46,75.8
1561,573640.092075,59.65,74,135.231,-0.135,70.0,138.537,74.063,446.45,190.26,91.95,180.12,73.76
1562,573640.10047,57.398,75,135.21,-0.045,74.163,137.644,74.713,446.43,190.35,97.45,178.76,74.43
1563,573640.113473,59.867,62,135.179,0.282,69.615,138.673,77.449,446.48,190.78,91.48,179.96,77.13
1564,573640.116969,60.808,68,136.594,0.177,67.315,138.013,74.833,448.01,190.65,88.55,179.56,74.6
1565,573640.121007,60.66,69,137.06,-0.572,67.879,138.532,72.629,448.66,189.75,89.12,179.81,72.3
1566,573640.129357,58.152,73,136.434,-0.611,72.278,136.975,71.898,447.99,189.64,94.95,177.68,71.49
1567,573640.132113,56.742,67,136.246,-0.206,74.662,136.142,74.86,447.77,190.16,98.08,176.9,74.54
1568,573640.136305,58.436,59,136.752,-0.635,73.012,139.484,75.867,448.39,189.6,95.89,181.38,75.59
1569,573640.140538,59.658,61,135.059,-0.031,69.936,138.443,77.368,446.07,190.36,92.04,179.68,77.15
1570,573640.14411,62.573,63,135.123,0.485,65.105,141.34,75.078,446.27,191.08,85.52,183.85,74.81
1571,573640.153083,62.564,66,137.093,-0.347,64.148,139.223,72.799,448.86,190.0,84.22,181.12,72.51
1572,573640.156314,60.866,74,136.32,-0.603,67.323,138.282,71.191,447.85,189.68,88.47,179.37,70.86
1573,573640.160418,58.659,72,135.679,-0.143,71.362,137.199,73.178,447.07,190.25,93.74,178.28,72.85
1574,573640.164497,58.826,61,134.723,0.64,70.833,136.838,76.761,445.74,191.28,93.04,177.93,76.52
1575,573640.168352,59.839,73,135.033,0.048,69.034,137.401,77.201,446.21,190.47,90.74,178.5,76.95
1576,573640.177329,63.19,62,133.415,0.872,63.931,141.743,77.564,444.05,191.57,84.02,184.37,77.35
1577,573640.179995,63.337,68,134.153,1.372,61.242,136.476,75.7,445.06,192.23,80.45,177.67,75.43
1578,573640.184992,63.275,71,135.519,0.238,62.739,139.512,72.935,446.73,190.8,82.43,181.21,72.65
1579,573640.192564,59.454,68,134.465,0.997,69.682,137.108,76.043,445.42,191.75,91.54,178.31,75.78
1580,573640.197202,58.505,66,133.874,0.116,70.989,135.881,77.701,444.73,190.57,93.34,176.76,77.52
1581,573640.204882,62.227,63,133.058,1.285,65.54,140.653,79.365,443.56,192.09,86.17,182.75,79.14
1582,573640.208127,63.68,67,134.821,1.939,61.15,137.917,76.399,445.76,192.91,80.6,179.26,76.21
1583,573640.217125,61.262,71,134.498,1.271,66.226,137.74,73.468,445.63,192.07,87.05,178.56,73.16
1584,573640.220116,59.698,69,134.495,1.555,69.244,137.238,76.214,445.47,192.47,90.98,178.47,75.94
1585,573640.229065,60.184,58,135.303,0.629,69.123,139.022,77.601,446.5,191.24,90.83,180.79,77.36
1586,573640.232024,62.118,65,133.508,1.175,65.99,141.108,79.469,444.15,191.93,86.8,183.43,79.28
1587,573640.235936,63.123,65,135.725,1.597,62.312,137.837,76.96,447.06,192.53,81.87,179.25,76.71
1588,573640.239955,63.494,65,136.652,0.913,62.511,140.069,75.453,448.31,191.63,82.12,182.02,75.18
1589,573640.243871,61.549,71,136.002,0.582,66.246,139.052,74.405,447.39,191.22,87.03,180.71,74.13
1590,573640.248133,59.124,67,135.541,0.929,70.446,137.273,76.537,446.86,191.63,92.57,178.31,76.28
1591,573640.256457,58.918,59,136.464,-0.43,72.091,139.639,77.678,447.92,189.87,94.73,181.34,77.47
1592,573640.260457,60.038,66,135.031,0.597,68.751,137.659,79.374,446.17,191.22,90.27,178.91,79.11
1593,573640.264029,62.51,63,134.324,1.151,64.823,140.434,78.261,445.32,191.9,85.21,182.34,78.07
1594,573640.268359,62.832,66,136.204,0.419,64.245,140.7,76.0,447.62,190.99,84.4,182.82,75.73
1595,573640.281391,57.892,70,135.116,0.43,72.282,135.992,75.96,446.31,190.98,94.97,176.75,75.66
1596,573640.284017,58.339,58,133.291,0.71,72.143,137.442,79.528,443.81,191.38,94.78,178.57,79.37
1597,573640.288582,58.914,69,133.031,0.202,70.98,137.474,80.358,443.62,190.66,93.31,178.65,80.12
1598,573640.292485,61.324,64,133.404,0.929,65.797,137.12,78.558,443.98,191.63,86.48,178.55,78.38
1599,573640.295776,62.238,61,133.78,0.441,64.738,138.985,76.4,444.34,191.1,85.06,180.29,76.26
1600,573640.304702,59.758,73,133.012,-0.026,68.977,136.953,74.008,443.46,190.41,90.63,178.01,73.66
1601,573640.307796,57.373,70,132.959,0.243,73.26,135.876,76.202,443.55,190.74,96.27,176.64,75.87
1602,573640.3126,57.913,58,131.966,0.448,72.965,137.359,79.234,442.21,190.95,96.06,178.38,79.0
1603,573640.316358,58.657,67,131.307,-0.017,71.463,137.385,80.563,441.39,190.39,93.98,178.23,80.26
1604,573640.320466,61.636,62,131.201,0.675,66.122,139.182,79.048,441.36,191.24,86.99,180.51,78.89
1605,573640.3244,62.373,62,133.239,-0.063,65.353,140.934,76.17,443.88,190.34,85.89,183.3,75.95
1606,573640.332305,59.288,75,132.359,-0.244,69.735,136.54,74.251,442.7,190.11,91.63,177.59,73.98
1607,573640.336189,57.042,72,132.31,0.135,74.006,136.034,76.67,442.63,190.59,97.25,177.02,76.4
1608,573640.339754,55.711,60,131.603,-1.172,76.18,135.222,77.578,441.71,188.86,100.14,175.99,77.32
1609,573640.344142,58.607,70,130.864,-0.111,72.119,138.451,80.981,440.69,190.22,94.95,179.78,80.77
1610,573640.348295,61.266,64,131.313,0.743,66.94,139.243,79.136,441.42,191.34,88.06,180.85,78.91
1611,573640.356057,62.095,64,133.454,0.175,65.715,140.414,75.929,444.07,190.68,86.35,182.6,75.71
1612,573640.364693,57.067,69,133.367,0.165,74.186,136.457,75.944,444.0,190.64,97.48,177.53,75.66
1613,573640.369321,55.269,57,133.052,-0.914,76.699,134.625,76.432,443.58,189.19,100.84,175.34,76.24
1614,573640.372115,58.443,66,132.088,0.143,72.834,139.171,80.373,442.42,190.56,95.78,180.75,80.16
1615,573640.380951,60.346,67,133.07,0.826,68.198,137.84,78.137,443.64,191.5,89.7,178.87,77.9
1616,573640.384054,61.869,65,134.949,0.469,66.307,140.633,74.332,445.97,191.08,87.11,182.89,74.1
1617,573640.388057,58.692,74,134.564,0.137,71.432,137.466,72.497,445.69,190.6,93.88,178.29,72.12
1618,573640.392901,56.666,69,134.883,0.438,74.724,135.983,75.338,445.96,191.01,98.15,176.86,75.04
1619,573640.3959,56.139,64,134.481,-0.739,75.591,135.669,76.605,445.47,189.43,99.34,176.39,76.31
1620,573640.400421,59.934,66,134.029,0.242,69.936,139.593,78.367,444.86,190.73,91.91,181.5,78.13
1621,573640.408404,61.323,68,134.914,0.919,65.636,136.78,76.128,446.12,191.57,86.33,177.84,75.78
1622,573640.412444,61.725,68,137.144,-0.358,66.255,139.866,72.429,448.85,190.01,87.03,181.5,72.14
1623,573640.416153,58.708,74,136.687,-0.273,71.691,138.027,72.317,448.33,190.09,94.13,179.48,71.97
1624,573640.420451,57.557,62,135.988,0.258,73.288,136.614,76.249,447.38,190.78,96.25,177.59,75.98
1625,573640.42438,57.756,75,136.19,-0.629,72.664,136.195,76.792,447.69,189.59,95.44,177.17,76.52
1626,573640.432557,61.046,65,136.046,0.128,66.643,137.66,76.874,447.65,190.61,87.53,178.41,76.47
1627,573640.436455,63.151,65,137.592,-0.242,63.538,140.682,74.124,449.42,190.14,83.45,182.74,73.82
1628,573640.439674,60.989,73,137.146,-0.648,67.114,138.385,71.654,449.02,189.57,88.11,179.73,71.35
1629,573640.449247,58.374,58,136.286,-0.221,72.084,137.467,76.127,447.85,190.12,94.71,178.48,75.87
1630,573640.455959,59.854,66,134.407,-0.073,69.604,138.595,78.834,445.49,190.29,91.52,179.77,78.57
1631,573640.460288,62.714,68,134.497,0.723,63.586,138.702,77.042,445.47,191.38,83.55,180.39,76.81
1632,573640.464181,63.703,65,135.845,0.069,62.653,141.421,73.514,447.17,190.56,82.3,183.79,73.23
1633,573640.467899,60.181,77,134.504,0.329,68.368,137.49,72.972,445.58,190.86,89.82,178.64,72.65
1634,573640.471819,58.256,66,133.649,0.975,71.882,136.626,76.632,444.35,191.71,94.43,177.71,76.38
1635,573640.475917,57.49,71,132.852,-0.153,73.099,136.013,77.997,443.33,190.21,96.07,176.99,77.75
1636,573640.484014,61.801,59,131.625,1.123,66.518,140.77,79.958,441.78,191.87,87.47,182.95,79.75
1637,573640.487944,63.252,65,131.624,2.096,61.818,137.354,77.727,441.68,193.21,81.24,178.6,77.55
1638,573640.492019,62.367,78,132.658,1.356,64.16,138.336,73.821,443.09,192.23,84.29,180.08,73.54
1639,573640.495948,59.77,72,132.458,1.423,69.215,137.476,74.936,442.83,192.3,90.94,178.9,74.65
1640,573640.499986,59.345,60,133.546,0.215,71.387,140.009,76.916,444.21,190.72,93.85,181.74,76.68
1641,573640.508847,60.292,67,132.129,0.802,68.132,137.48,79.722,442.31,191.4,89.77,178.55,79.57
1642,573640.512242,62.951,66,132.93,1.523,62.697,137.87,78.489,443.47,192.4,82.41,179.45,78.24
1643,573640.516055,63.876,65,134.097,0.753,62.117,141.071,76.369,444.7,191.49,81.68,182.54,76.17
1644,573640.520416,61.04,72,133.694,0.63,66.811,137.984,75.397,444.41,191.26,87.81,179.2,75.08
1645,573640.523684,58.882,66,133.441,1.075,70.647,136.7,78.386,444.08,191.83,92.83,177.79,78.16
1646,573640.532494,57.888,69,133.917,-0.245,72.451,136.296,79.339,444.76,190.08,95.2,177.44,79.15
1647,573640.537564,60.662,60,133.898,0.69,67.574,137.916,80.61,444.84,191.35,88.7,179.22,80.29
1648,573640.53993,62.285,67,134.661,0.842,64.88,139.507,78.616,445.68,191.52,85.25,181.5,78.41
1649,573640.546126,61.082,75,134.89,0.197,67.258,139.089,75.574,446.03,190.67,88.36,180.77,75.34
1650,573640.551785,57.325,60,133.902,0.547,73.929,136.939,79.104,444.6,191.18,97.15,177.66,78.95
1651,573640.560949,58.067,67,132.451,-0.064,73.802,139.533,81.892,442.83,190.31,97.01,181.4,81.68
1652,573640.564431,60.19,69,133.157,0.851,68.608,138.011,80.272,443.83,191.51,90.23,179.15,80.04
1653,573640.567505,61.349,64,134.36,0.562,67.09,139.922,76.591,445.23,191.18,88.16,181.86,76.33
1654,573640.572877,58.421,75,134.023,0.45,72.228,137.925,75.084,444.84,191.02,94.96,178.99,74.82
1655,573640.575951,55.457,62,134.613,-0.862,78.246,137.993,76.504,445.45,189.25,102.89,178.95,76.09
1656,573640.585247,56.171,70,133.515,-0.227,76.059,136.619,79.469,444.1,190.08,100.05,177.53,79.25
1657,573640.589178,59.303,69,133.33,0.671,70.11,137.339,79.596,443.91,191.29,92.17,178.55,79.38
1658,573640.592618,61.699,66,134.769,0.318,66.658,140.6,76.372,445.82,190.85,87.57,182.93,76.13
1659,573640.595873,59.117,74,134.332,-0.127,70.7,137.742,73.489,445.28,190.26,92.89,179.02,73.17
1660,573640.599821,55.189,66,135.075,-1.454,77.987,136.612,74.191,446.17,188.51,102.49,177.61,73.85
1661,573640.608793,55.264,73,133.976,-1.283,77.773,136.491,77.651,444.81,188.71,102.19,177.64,77.36
1662,573640.621298,59.563,57,134.332,-1.077,69.251,136.701,74.286,445.33,189.08,90.85,178.12,73.81
1663,573640.624768,57.46,72,134.424,-0.807,73.041,135.793,74.354,445.38,189.38,95.95,176.65,74.05
1664,573640.628388,55.511,63,133.983,-2.195,77.293,136.502,76.316,444.87,187.52,101.6,177.55,76.08
1665,573640.636915,58.254,65,132.672,-1.24,73.408,139.519,79.78,443.09,188.77,96.49,181.49,79.58
1666,573640.640256,60.15,68,132.895,-0.326,67.892,136.404,79.025,443.45,189.97,89.26,177.26,78.8
1667,573640.643997,61.636,70,134.239,-0.976,66.039,139.007,74.982,445.13,189.16,86.75,180.87,74.72
1668,573640.648133,58.614,75,134.284,-0.898,71.153,136.62,74.215,445.2,189.26,93.47,177.72,73.92
1669,573640.651989,55.803,59,134.028,-2.128,76.252,135.668,74.85,444.86,187.62,100.18,176.51,74.54
1670,573640.660899,57.417,69,132.905,-1.343,74.705,138.722,79.756,443.36,188.63,98.22,180.3,79.54
1671,573640.663774,59.61,73,133.147,-0.195,69.257,136.903,79.638,443.71,190.15,91.06,177.87,79.44
1672,573640.667876,62.237,65,135.061,-0.34,65.395,140.391,76.04,446.18,190.01,85.9,182.44,75.8
1673,573640.671906,59.831,75,134.842,-0.118,69.347,137.989,73.884,445.93,190.29,91.09,179.46,73.58
1674,573640.676015,57.539,63,134.501,0.219,73.308,136.586,76.262,445.46,190.72,96.3,177.62,75.99
1675,573640.684873,56.53,70,133.718,-0.833,76.237,138.237,78.735,444.43,189.31,100.22,179.65,78.49
1676,573640.688787,58.894,74,133.761,0.329,71.162,137.745,79.237,444.55,190.83,93.54,179.01,78.99
1677,573640.692422,61.576,63,134.731,0.693,66.525,139.762,76.726,445.64,191.39,87.42,181.2,76.55
1678,573640.704875,57.461,72,134.804,0.176,73.969,137.521,76.597,445.91,190.64,97.19,178.72,76.28
1679,573640.713175,59.652,74,133.868,0.862,69.883,138.312,78.181,444.66,191.54,91.87,179.66,77.94
1680,573640.715971,62.073,61,135.446,0.792,65.528,139.913,75.795,446.7,191.48,86.07,182.01,75.54
1681,573640.719819,60.789,71,135.124,0.547,67.749,138.822,73.371,446.42,191.13,89.01,180.32,73.07
1682,573640.723871,58.587,63,135.092,0.94,71.378,136.95,75.358,446.23,191.68,93.74,178.08,75.08
1683,573640.728463,57.129,74,135.273,-0.375,74.093,136.515,77.007,446.46,189.92,97.35,177.55,76.73
1684,573640.736902,60.06,76,134.412,0.556,69.026,138.305,78.496,445.3,191.15,90.73,179.69,78.27
1685,573640.740115,62.657,62,135.887,0.453,64.513,140.453,76.116,447.18,191.04,84.76,182.59,75.87
1686,573640.743922,61.418,71,135.295,0.435,66.521,139.044,73.647,446.69,190.96,87.44,180.27,73.38
1687,573640.748163,58.22,61,136.471,-0.944,72.825,138.278,73.912,447.81,189.17,95.82,179.13,73.53
1688,573640.752059,58.007,71,134.158,-0.641,73.604,138.926,77.821,445.05,189.56,96.8,180.18,77.56
1689,573640.755851,60.006,74,134.128,0.231,68.773,137.572,78.777,444.86,190.64,90.6,178.94,78.65
1690,573640.764669,62.885,65,135.112,0.113,64.292,141.059,77.034,446.26,190.58,84.47,183.51,76.81
1691,573640.768027,61.482,71,134.147,0.117,66.16,138.577,74.648,444.96,190.61,86.96,179.95,74.37
1692,573640.772339,59.324,64,133.834,0.395,69.792,136.799,76.289,444.6,190.96,91.69,177.92,76.04
1693,573640.776346,57.514,72,133.748,-0.863,73.149,136.193,78.325,444.53,189.21,96.29,176.94,78.09
1694,573640.788906,62.134,66,133.632,-0.191,65.315,139.739,78.045,444.34,190.17,85.84,181.82,77.83
1695,573640.792594,61.293,74,132.844,0.103,66.356,138.146,75.739,443.43,190.54,87.24,179.41,75.49
1696,573640.800462,57.859,74,132.799,-0.371,72.78,136.803,78.27,443.29,189.9,95.67,177.78,78.0
1697,573640.803718,59.761,74,131.711,0.295,69.321,137.649,80.237,441.84,190.78,91.13,179.12,80.04
1698,573640.813119,61.589,65,132.529,0.223,66.297,139.339,78.508,442.92,190.71,87.25,180.4,78.25
1699,573640.816677,60.33,74,131.952,0.44,68.286,137.95,76.583,442.17,191.0,89.75,179.5,76.33
1700,573640.820263,57.337,58,132.619,-0.779,74.06,137.225,76.436,442.94,189.4,97.32,178.25,76.06
1701,573640.82383,57.678,66,130.964,-0.123,74.241,138.852,80.042,440.89,190.21,97.66,180.35,79.83
1702,573640.827867,59.37,76,131.287,0.691,70.572,138.517,80.288,441.29,191.3,92.77,180.28,80.1
1703,573640.832037,60.751,69,132.19,0.552,68.162,139.504,78.068,442.44,191.15,89.63,181.22,77.88
1704,573640.84098,59.208,72,132.072,0.956,70.449,137.616,76.67,442.36,191.66,92.6,178.92,76.44
1705,573640.844019,57.014,61,132.971,-0.397,75.17,138.07,76.566,443.42,189.89,98.83,179.5,76.29
1706,573640.848147,57.666,60,131.628,0.242,74.397,139.097,79.276,441.79,190.7,97.81,180.82,79.06
1707,573640.852176,58.968,73,132.102,0.756,71.242,138.194,79.171,442.25,191.41,93.67,179.56,78.95
1708,573640.856185,59.824,72,132.638,0.481,69.823,138.905,76.844,443.08,191.04,91.82,180.34,76.59
1709,573640.864859,58.167,71,132.846,0.807,72.237,136.956,76.568,443.32,191.48,94.92,178.18,76.31
1710,573640.876911,59.238,71,133.374,0.475,71.025,138.863,77.994,444.01,191.03,93.33,180.7,77.76
1711,573640.880723,59.244,74,133.416,0.319,70.637,138.13,75.508,444.03,190.85,92.83,179.61,75.22
1712,573640.889006,57.586,66,133.519,0.555,73.219,136.594,75.877,444.19,191.17,96.19,177.69,75.61
1713,573640.891918,56.091,73,133.712,-0.619,76.156,136.511,76.379,444.43,189.54,100.2,177.51,76.14
1714,573640.896367,57.6,71,133.207,-0.038,73.462,137.099,77.708,443.79,190.36,96.54,178.37,77.45
1715,573640.900567,59.671,70,133.812,-0.052,69.926,138.477,76.772,444.43,190.43,91.85,179.8,76.6
1716,573640.903839,59.339,72,133.608,-0.025,70.58,138.402,74.652,444.43,190.37,92.78,179.69,74.37
1717,573640.908254,57.835,64,133.499,0.276,72.597,136.37,75.925,444.16,190.81,95.36,177.39,75.67
1718,573640.916246,57.198,68,132.62,-0.903,75.206,138.824,77.444,443.1,189.2,98.91,180.14,77.18
1719,573640.920164,58.689,71,133.425,-0.076,71.293,137.184,77.304,444.03,190.33,93.7,178.37,77.07
1720,573640.923526,60.363,70,133.991,-0.471,68.879,139.288,75.578,444.74,189.83,90.56,180.73,75.33
1721,573640.92881,58.888,71,133.714,-0.21,71.011,137.426,74.647,444.49,190.14,93.31,178.63,74.39
1722,573640.931712,56.279,61,133.697,-1.493,75.532,136.058,74.914,444.43,188.46,99.25,177.05,74.62
1723,573640.941322,58.559,66,132.313,-0.535,73.228,140.383,78.115,442.58,189.71,96.27,182.49,77.87
1724,573640.943979,59.936,73,133.58,0.019,69.277,138.284,77.201,444.3,190.44,91.03,179.87,76.94
1725,573640.947864,60.467,71,133.851,-0.229,68.322,138.606,74.945,444.63,190.13,89.8,180.08,74.67
1726,573640.951897,58.7,66,133.821,0.288,70.947,136.563,75.307,444.74,190.79,93.25,177.28,74.97
1727,573640.964407,59.047,70,132.675,0.188,71.62,139.248,78.03,443.12,190.66,94.11,181.12,77.77
1728,573640.968073,60.646,67,133.716,0.319,68.181,139.088,76.834,444.41,190.86,89.59,180.85,76.61
1729,573640.97711,57.498,59,134.69,-0.713,73.925,137.578,75.007,445.74,189.47,97.16,178.87,74.73
1730,573640.979771,58.069,67,132.374,0.024,73.933,139.786,77.938,442.7,190.44,97.17,181.86,77.7
1731,573640.984235,59.294,73,132.453,1.139,69.971,137.026,78.154,442.8,191.91,91.95,178.29,77.92
1732,573640.992841,61.089,71,133.638,0.744,67.496,139.613,75.738,444.35,191.41,88.67,181.69,75.47
1733,573640.996347,59.598,68,133.369,1.199,69.615,137.56,75.283,444.0,192.01,91.46,178.94,75.01
1734,573641.000804,57.641,70,133.848,-0.127,73.372,137.085,75.695,444.63,190.24,96.49,178.01,75.5
1735,573641.003991,59.571,62,133.045,0.795,70.2,138.609,77.665,443.62,191.45,92.29,179.96,77.43
1736,573641.008137,61.286,68,134.147,0.582,66.958,139.369,76.775,444.91,191.21,88.02,180.99,76.53
1737,573641.016284,60.895,71,133.995,0.356,67.568,138.909,75.052,444.88,190.89,88.8,180.52,74.76
1738,573641.020559,59.204,61,133.724,0.761,70.077,136.872,76.689,444.45,191.44,92.05,178.01,76.45
1739,573641.023531,58.722,70,133.025,-0.501,72.428,139.503,78.43,443.52,189.75,95.22,181.32,78.19
1740,573641.028642,60.396,76,133.583,0.179,68.376,138.414,78.443,444.27,190.65,89.86,180.08,78.22
1741,573641.031779,61.652,68,134.591,-0.369,66.392,139.823,76.364,445.59,189.94,87.23,181.91,76.12
1742,573641.041166,59.726,70,134.141,-0.122,69.248,137.36,76.15,445.15,190.25,91.01,178.28,75.85
1743,573641.053171,61.031,68,133.921,-0.47,67.642,139.658,78.602,444.63,189.81,88.92,181.38,78.38
1744,573641.056212,60.367,74,133.436,-0.603,68.327,138.19,76.624,444.14,189.63,89.81,179.62,76.36
1745,573641.059982,57.653,62,134.394,-1.784,73.831,137.989,76.402,445.24,188.07,97.13,179.08,76.13
1746,573641.068973,57.615,68,131.798,-1.211,74.123,138.393,79.753,441.93,188.82,97.44,179.97,79.58
1747,573641.072559,59.007,76,132.333,-0.44,70.799,137.493,79.637,442.62,189.82,93.08,178.81,79.42
1748,573641.075685,60.264,72,132.64,-0.627,68.872,138.853,77.867,443.06,189.6,90.56,180.32,77.64
1749,573641.080266,58.691,71,132.255,-0.197,71.186,136.988,77.401,442.58,190.16,93.55,178.18,77.14
1750,573641.084213,55.89,66,131.869,-1.471,75.864,135.28,77.462,442.02,188.46,99.75,176.13,77.26
1751,573641.092862,58.358,65,130.393,-0.374,73.471,140.051,79.941,440.09,189.9,96.62,182.14,79.73
1752,573641.095991,59.573,68,131.76,-0.248,70.475,139.158,78.989,441.86,190.09,92.66,180.94,78.79
1753,573641.100166,59.016,77,131.383,-0.035,71.025,137.965,77.175,441.47,190.37,93.37,179.41,76.91
1754,573641.103927,57.579,62,131.035,0.518,73.09,136.328,78.198,440.96,191.11,96.05,177.41,77.98
1755,573641.108148,56.552,66,129.851,-0.422,75.937,137.77,79.606,439.42,189.84,99.84,179.31,79.39
1756,573641.116126,58.094,77,130.775,0.297,72.742,137.632,79.144,440.52,190.82,95.66,178.85,78.95
1757,573641.119996,58.831,74,131.163,0.088,71.604,138.35,77.009,441.14,190.53,94.11,180.11,76.76
1758,573641.123873,56.349,68,132.249,-0.934,76.048,137.238,75.569,442.56,189.18,99.96,178.56,75.28
1759,573641.127998,56.24,70,131.566,-0.577,75.768,136.343,77.344,441.65,189.64,99.61,177.46,77.09
1760,573641.136691,59.316,72,132.641,-0.48,70.884,138.905,76.68,442.99,189.83,93.13,180.62,76.48
1761,573641.144411,58.173,72,132.641,-0.344,72.734,137.922,76.004,443.1,189.96,95.6,179.28,75.76
1762,573641.148525,55.209,61,133.458,-1.932,77.297,135.469,77.376,444.01,187.87,101.64,176.04,77.03
1763,573641.151691,57.61,62,133.879,-0.538,73.244,136.731,77.417,444.61,189.69,96.26,178.03,77.2
1764,573641.160402,58.872,76,134.433,-1.001,71.406,138.128,75.553,445.35,189.13,93.83,179.54,75.29
1765,573641.168078,57.333,63,134.276,-0.548,73.475,136.125,76.977,445.2,189.7,96.54,176.9,76.75
1766,573641.1722,56.532,66,133.346,-1.741,75.95,137.723,78.543,444.01,188.1,99.85,178.93,78.33
1767,573641.175529,58.61,73,134.695,-1.176,72.067,138.362,77.729,445.7,188.86,94.73,179.73,77.47
1768,573641.180012,59.176,75,135.344,-1.554,70.766,138.104,75.707,446.49,188.41,93.0,179.38,75.44
1769,573641.184013,57.684,69,135.241,-1.216,72.96,136.48,75.943,446.49,188.82,95.88,177.23,75.69
1770,573641.192357,56.15,72,135.328,-2.274,75.821,136.119,76.288,446.54,187.42,99.64,177.02,76.01
1771,573641.195776,57.827,70,134.565,-1.483,73.205,137.48,77.727,445.5,188.45,96.23,178.88,77.54
1772,573641.199994,59.447,73,135.069,-1.567,70.387,138.466,76.517,446.12,188.41,92.49,179.66,76.3
1773,573641.204058,58.6,70,134.745,-1.173,71.698,137.613,75.609,445.83,188.87,94.22,178.79,75.36
1774,573641.207924,55.878,63,134.404,-2.353,75.942,135.379,75.58,445.38,187.32,99.8,176.01,75.28
1775,573641.211747,58.202,64,133.393,-1.244,73.537,139.558,77.846,444.02,188.78,96.64,181.56,77.61
1776,573641.225113,59.125,76,134.055,-0.779,70.775,137.917,75.287,444.89,189.41,92.99,179.39,75.01
1777,573641.22747,57.965,63,133.478,-0.156,72.316,136.333,76.386,444.08,190.27,94.98,177.2,76.19
1778,573641.232236,57.958,68,132.14,-0.866,74.149,139.761,77.576,442.44,189.25,97.48,181.69,77.37
1779,573641.235845,59.178,71,132.862,-0.211,70.95,138.474,77.022,443.25,190.18,93.28,179.73,76.8
1780,573641.245117,59.581,72,132.798,-0.225,70.133,138.515,75.306,443.27,190.14,92.15,180.27,75.03
1781,573641.247827,58.384,63,132.238,0.413,71.707,136.787,76.137,442.57,190.97,94.24,177.87,75.87
1782,573641.252501,57.944,72,131.147,-0.575,73.643,138.755,77.558,441.21,189.66,96.84,180.12,77.24
1783,573641.256232,59.772,72,131.598,0.311,69.558,138.163,77.203,441.76,190.8,91.45,179.82,76.93
1784,573641.260447,60.23,75,132.582,-0.199,68.757,138.479,75.332,442.98,190.17,90.38,179.99,75.06
1785,573641.263748,57.627,68,133.739,-1.204,73.515,137.302,74.437,444.44,188.85,96.63,178.57,74.13
1786,573641.273037,57.454,69,132.108,-0.775,73.843,137.26,77.336,442.57,189.38,97.16,177.85,76.94
1787,573641.276362,59.666,72,132.008,0.198,69.775,138.156,77.801,442.24,190.67,91.71,179.79,77.56
1788,573641.279596,60.748,70,133.114,-0.236,68.006,139.169,76.085,443.65,190.12,89.4,180.83,75.83
1789,573641.284439,59.137,71,132.995,0.129,70.418,137.27,76.104,443.52,190.6,92.53,178.57,75.84
1790,573641.287996,57.083,71,133.155,-1.019,74.19,136.524,76.796,443.75,189.07,97.51,177.55,76.52
1791,573641.296377,58.9,71,132.518,-0.094,71.059,137.571,78.189,442.89,190.29,93.39,179.02,77.95
1792,573641.308193,57.196,68,133.669,-1.3,74.188,136.937,76.563,444.34,188.64,97.61,177.91,76.42
1793,573641.312603,58.357,71,132.534,-0.414,72.306,137.822,78.512,442.92,189.86,95.03,179.32,78.28
1794,573641.321125,59.735,70,132.818,-0.262,69.472,137.84,78.02,443.26,190.07,91.34,179.07,77.8
1795,573641.324207,59.503,76,133.014,-0.343,70.001,137.935,76.551,443.63,189.95,92.04,179.14,76.3
1796,573641.328162,57.489,61,133.946,-1.558,74.256,138.161,76.142,444.59,188.41,97.68,179.34,75.96
1797,573641.332538,57.93,68,132.272,-0.711,73.276,138.007,78.416,442.51,189.45,96.41,179.43,78.19
1798,573641.335802,59.355,73,132.54,-0.484,70.742,138.784,78.011,442.96,189.77,92.99,180.48,77.78
1799,573641.340669,59.154,77,132.23,-0.494,70.794,138.07,76.872,442.56,189.76,93.06,179.51,76.64
1800,573641.348524,56.48,59,132.469,-1.667,75.052,135.908,76.05,442.8,188.21,98.7,176.66,75.79
1801,573641.352251,58.269,67,130.692,-0.81,73.682,140.098,78.804,440.51,189.34,96.86,182.33,78.59
1802,573641.355519,58.881,75,131.776,-0.446,71.423,138.196,78.079,441.96,189.82,93.89,179.76,77.85
1803,573641.360797,58.694,81,131.697,-0.518,71.57,137.74,76.982,441.87,189.72,94.09,179.11,76.74
1804,573641.364781,57.947,62,131.182,0.13,72.408,136.439,78.187,441.15,190.6,95.16,177.53,77.97
1805,573641.372202,57.907,66,130.426,-0.79,74.106,139.482,78.786,440.17,189.36,97.42,181.56,78.57
1806,573641.376429,58.656,77,131.4,-0.349,71.856,138.139,77.825,441.36,189.99,94.45,179.61,77.65
1807,573641.38016,58.243,79,131.45,-0.524,72.384,137.529,76.785,441.59,189.71,95.18,178.74,76.53
1808,573641.38904,57.327,70,130.036,-0.846,74.671,138.319,79.252,439.68,189.25,98.26,179.96,78.99
1809,573641.395997,59.076,71,131.389,-0.336,71.312,138.767,77.75,441.38,189.97,93.74,180.5,77.5
1810,573641.399856,58.543,76,131.949,-0.674,71.979,137.927,76.347,442.1,189.56,94.63,179.3,76.1
1811,573641.409658,57.107,68,130.641,-1.065,75.326,138.704,79.137,440.46,188.98,99.11,180.08,78.94
1812,573641.412082,58.789,75,131.885,-0.427,71.661,138.292,77.988,442.04,189.86,94.19,179.93,77.78
1813,573641.416492,58.568,79,132.647,-0.764,71.812,137.706,76.21,443.06,189.42,94.37,179.2,75.94
1814,573641.42423,56.034,64,133.564,-1.988,76.853,137.556,75.754,444.08,187.77,101.13,178.68,75.47
1815,573641.42806,56.887,67,131.192,-1.241,75.888,138.915,78.826,441.12,188.74,99.92,180.35,78.58
1816,573641.432378,58.464,76,132.35,-0.599,72.3,138.233,77.754,442.68,189.63,95.02,179.91,77.52
1817,573641.43625,58.617,75,132.963,-0.9,71.917,138.102,75.954,443.44,189.26,94.51,179.59,75.7
1818,573641.439847,56.018,68,133.742,-2.104,76.725,137.271,75.331,444.44,187.65,100.86,178.5,75.04
1819,573641.448894,57.001,69,131.435,-1.412,75.859,139.285,78.274,441.48,188.55,99.72,181.23,78.04
1820,573641.452339,58.383,76,132.52,-0.692,72.472,138.242,77.39,442.88,189.5,95.28,179.66,77.13
1821,573641.456161,58.599,77,133.053,-0.983,71.894,137.985,75.808,443.59,189.15,94.48,179.39,75.53
1822,573641.460431,56.176,68,133.649,-2.126,76.41,137.27,75.169,444.41,187.65,100.34,178.59,74.82
1823,573641.463812,57.186,67,131.443,-1.429,75.526,139.368,77.943,441.49,188.53,99.28,181.35,77.71
1824,573641.473225,58.492,76,132.526,-0.729,72.212,138.173,77.001,442.87,189.47,94.91,179.71,76.76
1825,573641.47764,58.529,76,132.769,-0.953,72.032,137.974,75.559,443.21,189.18,94.7,179.2,75.33
1826,573641.48525,57.004,68,131.029,-1.233,75.03,137.776,78.066,440.97,188.75,98.77,178.99,77.82
1827,573641.488484,58.993,74,132.191,-0.601,71.346,138.5,76.737,442.48,189.63,93.75,180.29,76.49
1828,573641.49206,58.72,77,132.469,-0.755,71.68,138.055,75.515,442.81,189.44,94.21,179.54,75.24
1829,573641.500306,57.783,64,131.795,-0.064,72.648,136.268,77.074,441.94,190.35,95.45,177.31,76.84
1830,573641.504588,57.836,64,130.361,-0.836,73.614,138.281,78.642,440.22,189.19,97.05,179.47,78.36
1831,573641.507586,59.713,72,132.475,-0.617,70.032,138.86,76.464,442.8,189.62,92.04,180.6,76.2
1832,573641.512757,59.005,75,132.748,-0.779,71.225,138.31,75.448,443.2,189.41,93.6,179.95,75.17
1833,573641.516014,57.873,61,132.255,-0.218,72.582,136.482,77.218,442.49,190.18,95.36,177.42,77.03
1834,573641.524567,58.212,59,131.042,-0.695,72.877,138.345,78.728,440.87,189.53,95.83,179.75,78.58
1835,573641.527806,60.028,73,132.852,-0.575,69.439,138.995,76.708,443.29,189.67,91.26,180.76,76.45
1836,573641.531693,59.08,74,132.997,-0.622,71.123,138.416,75.775,443.62,189.59,93.5,179.75,75.51
1837,573641.535794,56.161,61,133.501,-1.93,75.845,136.202,76.696,444.17,187.88,99.67,177.24,76.42
1838,573641.540015,57.585,63,131.305,-1.16,74.114,138.26,78.879,441.34,188.84,97.52,179.75,78.67
1839,573641.548993,59.761,74,132.981,-0.567,69.75,138.502,76.958,443.49,189.68,91.68,180.01,76.75
1840,573641.561119,58.399,70,132.239,-0.432,72.349,138.069,78.058,442.42,189.86,95.11,179.55,77.83
1841,573641.564025,59.807,69,132.907,-0.569,70.046,139.28,76.707,443.44,189.66,92.06,181.12,76.48
1842,573641.568413,58.389,71,132.779,-0.21,72.0,137.365,76.479,443.32,190.14,94.64,178.49,76.17
1843,573641.576109,56.859,70,132.729,-1.05,74.574,136.409,76.893,443.16,189.03,98.06,177.32,76.65
1844,573641.580125,58.771,73,131.818,-0.194,71.636,138.17,77.867,441.99,190.16,94.15,179.84,77.63
1845,573641.58392,59.286,76,132.578,-0.608,70.494,138.019,76.406,443.01,189.62,92.65,179.51,76.15
1846,573641.587989,56.927,67,133.405,-1.749,75.182,137.77,75.423,444.03,188.11,98.82,179.25,75.15
1847,573641.59221,56.792,68,132.104,-1.153,74.715,136.422,77.573,442.4,188.88,98.26,177.21,77.31
1848,573641.600033,59.1,77,131.612,-0.255,71.301,138.841,77.86,441.59,190.12,93.77,180.18,77.67
1849,573641.60408,58.945,77,132.335,-0.714,71.184,137.988,76.416,442.66,189.48,93.54,179.59,76.16
1850,573641.608392,56.669,71,133.078,-1.794,75.615,137.614,75.866,443.62,188.02,99.48,178.89,75.64
1851,573641.611729,57.588,64,131.964,-0.835,73.496,137.119,77.686,442.06,189.32,96.67,178.2,77.48
1852,573641.615754,59.146,79,131.749,-0.473,71.018,138.479,77.411,441.9,189.79,93.33,180.27,77.18
1853,573641.62454,58.737,78,132.101,-0.833,71.77,138.293,76.42,442.39,189.32,94.34,179.82,76.17
1854,573641.628392,57.759,61,131.281,-0.098,72.738,136.346,78.294,441.28,190.29,95.59,177.4,78.08
1855,573641.631759,58.106,61,130.296,-0.929,73.55,139.206,79.104,440.08,189.14,96.78,180.65,78.92
1856,573641.636816,59.204,73,131.867,-0.738,70.988,138.654,77.22,442.01,189.45,93.31,180.36,76.97
1857,573641.64537,55.376,65,131.761,-2.048,76.651,134.903,77.039,441.96,187.67,100.77,175.49,76.87
1858,573641.651833,58.21,66,130.972,-0.8,72.81,138.208,78.636,440.88,189.35,95.71,179.9,78.42
1859,573641.655926,58.899,72,131.958,-0.982,71.424,138.27,76.979,442.1,189.15,93.88,179.75,76.74
1860,573641.664809,55.34,70,131.361,-1.902,76.806,135.055,77.565,441.53,187.92,100.95,176.11,77.46
1861,573641.668022,58.33,75,130.984,-0.628,72.604,138.285,78.47,440.9,189.58,95.43,180.01,78.25
1862,573641.676941,58.514,74,131.946,-0.978,72.036,137.922,76.719,442.18,189.13,94.73,179.13,76.47
1863,573641.6801,55.944,69,132.779,-2.143,77.076,137.634,75.833,443.22,187.6,101.3,179.1,75.56
1864,573641.684259,56.448,68,130.206,-1.55,76.598,138.591,79.245,439.87,188.39,100.61,180.46,79.04
1865,573641.688556,58.101,70,130.795,-0.314,72.462,137.128,78.364,440.6,190.02,95.26,178.36,78.15
1866,573641.692056,58.174,78,132.011,-0.858,72.828,138.105,76.347,442.31,189.27,95.75,179.49,76.09
1867,573641.700368,56.023,66,133.004,-2.029,77.156,138.061,75.927,443.57,187.77,101.3,179.73,75.6
1868,573641.70402,56.564,71,130.532,-1.506,76.039,138.0,79.258,440.3,188.42,99.97,179.62,79.04
1869,573641.708288,58.934,73,132.324,-0.89,71.651,138.85,77.065,442.56,189.27,94.19,180.46,76.82
1870,573641.711988,57.852,75,132.992,-1.111,73.435,138.008,75.977,443.51,188.96,96.5,179.54,75.7
1871,573641.716181,54.957,64,133.092,-2.56,78.161,136.123,76.503,443.64,187.04,102.71,177.13,76.22
1872,573641.720136,57.686,68,132.366,-1.201,73.698,137.867,78.005,442.62,188.81,96.93,179.47,77.84
1873,573641.732609,57.474,70,133.468,-1.245,73.945,137.525,76.281,444.16,188.78,97.19,178.73,76.04
1874,573641.740682,58.333,75,132.784,-1.202,72.49,138.082,77.515,443.24,188.83,95.26,179.68,77.27
1875,573641.743725,58.462,75,133.726,-1.732,72.147,137.931,75.769,444.47,188.15,94.79,179.47,75.5
1876,573641.752901,56.146,68,134.607,-2.855,76.762,137.794,75.227,445.64,186.65,100.9,179.09,74.94
1877,573641.756012,57.342,68,131.944,-2.004,74.909,138.815,78.437,442.21,187.73,98.59,180.34,78.18
1878,573641.76021,58.935,76,133.321,-1.344,71.488,138.541,76.663,443.92,188.66,93.97,180.05,76.43
1879,573641.763759,58.284,74,133.62,-1.567,72.631,138.158,75.769,444.37,188.35,95.46,179.57,75.52
1880,573641.768427,57.353,59,132.847,-0.931,73.483,136.215,77.579,443.4,189.16,96.56,177.42,77.29
1881,573641.77232,58.26,66,132.712,-1.264,72.665,138.127,77.551,443.14,188.75,95.5,179.76,77.32
1882,573641.780066,58.902,73,133.305,-1.42,71.381,138.199,76.146,443.93,188.56,93.79,179.85,75.89
1883,573641.784354,57.816,66,132.968,-1.047,73.38,137.766,76.389,443.51,189.04,96.45,179.05,76.16
1884,573641.787948,56.562,68,131.563,-2.018,76.001,137.923,78.234,441.83,187.74,99.95,179.0,77.93
1885,573641.792257,58.849,75,131.896,-0.674,71.577,138.369,77.398,442.04,189.55,94.08,179.96,77.19
1886,573641.796097,58.847,73,132.811,-1.086,71.519,138.247,75.838,443.27,189.0,94.01,179.65,75.6
1887,573641.805203,56.564,68,133.664,-1.982,76.141,138.186,75.481,444.25,187.82,100.14,179.48,75.19
1888,573641.817184,58.433,73,132.202,-0.528,72.622,138.724,75.882,442.58,189.7,95.48,180.17,75.66
1889,573641.820004,57.546,59,131.653,0.007,73.23,136.465,77.896,441.71,190.46,96.2,177.35,77.75
1890,573641.828499,59.354,69,131.492,-0.268,70.76,138.816,77.918,441.56,190.06,93.0,180.69,77.69
1891,573641.83235,59.497,72,133.082,-0.895,70.35,138.6,75.627,443.62,189.25,92.47,180.13,75.34
1892,573641.836288,57.838,66,132.95,-0.567,73.415,137.915,76.786,443.44,189.68,96.47,179.38,76.54
1893,573641.840097,57.077,68,131.636,-1.592,75.278,138.503,79.068,441.79,188.28,99.03,179.83,78.84
1894,573641.84414,59.522,72,132.474,-0.554,70.351,138.704,77.668,442.84,189.69,92.46,180.5,77.43
1895,573641.848115,58.948,80,133.776,-1.246,71.358,138.342,75.72,444.63,188.75,93.8,179.62,75.49
1896,573641.856521,56.648,61,134.835,-2.4,76.388,138.944,76.042,445.89,187.26,100.37,180.76,75.77
1897,573641.859538,57.651,65,132.155,-1.829,74.031,138.356,79.22,442.34,187.94,97.49,179.86,79.03
1898,573641.864026,59.714,67,133.774,-1.162,70.276,139.348,76.866,444.53,188.89,92.34,181.3,76.63
1899,573641.867738,58.151,71,133.864,-1.446,72.847,138.049,76.457,444.64,188.52,95.73,179.53,76.2
1900,573641.871991,55.305,65,133.606,-2.6,76.865,135.039,78.373,444.27,187.05,101.01,175.79,77.97
1901,573641.881081,59.027,70,132.725,-1.302,71.416,138.773,78.374,443.16,188.7,93.86,180.55,78.15
1902,573641.884022,59.086,75,133.969,-1.747,71.09,138.376,76.329,444.81,188.12,93.43,179.89,76.09
1903,573641.88852,56.658,64,134.964,-2.958,76.34,138.891,75.882,446.05,186.52,100.39,180.18,75.55
1904,573641.892439,56.706,69,131.996,-2.46,75.789,138.064,79.438,442.2,187.17,99.62,179.64,79.23
1905,573641.905599,58.248,72,133.259,-1.658,72.668,138.088,76.746,443.94,188.22,95.54,179.32,76.5
1906,573641.908253,54.848,69,132.617,-2.745,77.672,134.905,76.977,443.07,186.83,102.17,175.58,76.77
1907,573641.916667,58.553,73,132.812,-1.517,72.028,138.063,76.871,443.32,188.42,94.68,179.53,76.62
1908,573641.920264,56.089,73,133.673,-2.718,76.904,137.843,75.714,444.38,186.85,101.07,179.34,75.44
1909,573641.923971,56.495,71,130.833,-1.982,76.292,138.207,79.526,440.69,187.79,100.3,179.87,79.32
1910,573641.932362,58.599,74,131.609,-0.911,72.123,138.424,77.722,441.67,189.22,94.81,180.06,77.47
1911,573641.936498,58.03,72,132.044,-1.179,73.334,138.504,76.547,442.28,188.87,96.39,180.2,76.29
1912,573641.940347,56.622,58,131.152,-0.416,74.795,135.952,78.447,441.24,189.79,98.37,177.04,78.15
1913,573641.944423,58.104,65,130.394,-0.783,73.586,139.266,78.737,439.96,189.35,96.79,181.66,78.64
1914,573641.947724,58.297,74,131.617,-0.782,72.569,138.089,76.626,441.71,189.4,95.41,179.47,76.4
1915,573641.956631,55.884,68,132.38,-2.053,77.433,138.061,75.459,442.72,187.7,101.77,179.74,75.15
1916,573641.960563,56.451,73,130.082,-1.384,76.261,137.991,79.292,439.76,188.56,100.3,179.48,79.08
1917,573641.964306,59.047,74,131.302,-0.577,71.523,139.06,77.085,441.31,189.66,94.0,181.04,76.85
1918,573641.968477,57.936,75,132.63,-1.205,73.564,138.572,75.854,443.03,188.84,96.68,180.28,75.58
1919,573641.97168,54.484,61,132.094,-2.224,78.491,135.115,76.543,442.34,187.51,102.98,175.84,76.15
1920,573641.980683,58.065,70,131.302,-1.075,73.413,138.786,78.779,441.32,188.96,96.6,180.47,78.56
1921,573641.993308,56.941,65,131.503,-1.838,76.277,139.83,79.165,441.61,187.95,100.3,181.76,79.0
1922,573641.995698,58.713,74,132.832,-0.979,72.004,138.649,77.36,443.3,189.13,94.63,180.42,77.12
1923,573642.0006,58.209,75,133.999,-1.564,72.934,138.443,75.749,444.83,188.37,95.87,179.84,75.47
1924,573642.009,55.057,63,133.862,-2.475,77.926,136.053,76.615,444.65,187.14,102.42,176.93,76.37
1925,573642.013153,58.149,65,132.794,-1.339,73.115,138.55,77.946,443.26,188.65,96.07,180.48,77.69
1926,573642.016916,58.764,71,133.8,-1.384,71.771,138.404,76.209,444.54,188.6,94.34,179.8,75.95
1927,573642.019865,56.248,69,134.639,-2.785,76.704,138.058,74.913,445.6,186.76,100.83,179.48,74.62
1928,573642.02432,56.303,70,131.928,-2.051,76.615,138.092,78.69,442.11,187.71,100.71,179.68,78.47
1929,573642.032308,58.831,74,132.77,-1.004,71.837,138.799,77.125,443.26,189.09,94.43,180.48,76.88
1930,573642.035828,58.339,73,133.475,-1.302,72.663,138.434,76.043,444.18,188.71,95.51,179.93,75.76
1931,573642.040773,54.771,66,132.665,-2.529,77.689,134.678,75.437,443.1,187.09,102.08,175.28,75.13
1932,573642.044083,58.32,71,132.051,-1.048,72.934,138.875,77.74,442.32,189.03,95.87,180.62,77.49
1933,573642.047801,58.638,73,132.969,-1.069,71.978,138.303,76.046,443.45,189.03,94.6,179.85,75.8
1934,573642.056598,56.193,69,133.79,-2.382,76.701,137.852,74.863,444.53,187.29,100.79,179.36,74.57
1935,573642.060217,56.935,72,130.837,-1.484,75.618,138.598,78.657,440.69,188.45,99.41,180.4,78.44
1936,573642.063762,58.902,73,131.802,-0.538,71.547,138.521,76.839,441.97,189.71,94.02,180.32,76.59
1937,573642.067802,58.501,71,131.963,-0.673,72.527,138.811,76.116,442.17,189.54,95.32,180.6,75.85
1938,573642.076997,58.991,68,130.517,-0.207,71.91,139.584,77.755,440.24,190.14,94.52,181.85,77.56
1939,573642.085032,58.883,78,131.886,-0.56,71.622,138.592,76.125,442.1,189.68,94.14,180.26,75.87
1940,573642.088631,56.956,62,132.894,-1.727,75.913,139.217,75.352,443.41,188.16,99.73,181.16,75.04
1941,573642.092032,58.082,68,130.196,-0.902,73.663,139.328,78.764,439.9,189.17,96.96,181.22,78.53
1942,573642.096274,59.538,68,132.023,-0.504,70.537,139.134,76.378,442.24,189.77,92.74,180.8,76.14
1943,573642.099768,57.129,65,133.315,-2.097,75.285,138.71,75.144,443.99,187.64,99.02,180.22,74.85
1944,573642.108825,57.035,66,130.698,-1.44,75.474,138.705,78.968,440.53,188.5,99.23,180.48,78.75
1945,573642.112123,59.414,77,131.644,-0.524,70.801,139.144,77.78,441.72,189.74,93.06,181.04,77.57
1946,573642.11593,59.002,76,133.128,-1.125,71.488,138.809,76.311,443.68,188.95,93.95,180.56,76.05
1947,573642.120058,56.674,59,134.062,-2.371,76.2,138.697,76.15,444.76,187.23,100.44,180.08,75.99
1948,573642.12416,58.716,64,132.471,-1.1,72.178,138.994,78.286,442.77,188.97,94.89,180.77,78.08
1949,573642.132403,59.165,70,133.484,-1.248,71.108,138.731,76.853,444.21,188.76,93.48,180.2,76.62
1950,573642.136435,56.566,66,134.411,-2.733,76.188,138.279,75.858,445.26,186.76,100.42,179.3,75.61
1951,573642.140539,56.55,71,131.658,-2.244,76.091,138.045,79.695,441.76,187.44,100.07,179.45,79.49
1952,573642.144046,58.848,74,132.913,-1.222,71.697,138.596,77.708,443.34,188.83,94.25,180.1,77.5
1953,573642.148156,58.322,73,133.528,-1.468,72.857,138.738,77.06,444.24,188.47,95.77,180.27,76.83
1954,573642.152461,54.911,60,133.077,-2.581,77.438,134.711,78.3,443.68,187.02,101.75,175.41,78.11
1955,573642.166063,58.443,77,133.577,-1.61,72.745,139.0,76.923,444.26,188.31,95.62,180.57,76.71
1956,573642.173003,57.647,74,131.327,-1.556,74.392,139.014,79.545,441.33,188.35,97.79,180.93,79.34
1957,573642.175973,58.424,70,132.708,-1.253,72.463,138.385,77.037,443.1,188.79,95.24,179.95,76.81
1958,573642.184271,56.146,69,133.688,-2.67,77.14,138.472,75.808,444.39,186.92,101.39,180.0,75.5
1959,573642.189273,55.952,73,130.64,-2.017,77.394,138.23,79.6,440.48,187.72,101.78,179.77,79.41
1960,573642.192347,58.424,74,131.401,-0.875,72.746,138.926,77.749,441.5,189.25,95.69,180.33,77.53
1961,573642.196284,57.722,73,132.21,-1.222,73.96,138.495,76.705,442.58,188.79,97.26,179.88,76.45
1962,573642.20018,54.094,65,131.14,-2.283,79.107,134.891,76.898,441.11,187.41,103.97,175.6,76.63
1963,573642.204129,57.827,69,130.288,-0.827,74.015,139.003,78.514,439.99,189.32,97.29,180.98,78.29
1964,573642.212998,58.162,78,131.689,-0.898,73.183,138.73,76.578,441.84,189.23,96.2,180.42,76.32
1965,573642.215969,55.864,62,132.404,-2.2,77.955,138.918,75.658,442.73,187.52,102.45,180.81,75.38
1966,573642.220971,56.102,67,129.434,-1.592,77.285,138.576,79.265,438.86,188.31,101.61,180.43,79.06
1967,573642.224102,57.868,75,130.875,-0.542,73.36,137.926,77.035,440.87,189.73,96.4,179.18,76.68
1968,573642.228423,56.218,68,132.402,-1.904,76.998,138.476,75.038,442.75,187.87,101.32,180.04,74.75
1969,573642.237136,55.711,71,129.742,-1.475,77.735,137.982,78.704,439.28,188.46,102.2,179.62,78.47
1970,573642.249078,54.217,61,131.572,-2.289,78.813,134.788,75.968,441.67,187.4,103.57,175.47,75.68
1971,573642.252533,58.039,71,131.265,-0.901,73.696,139.222,78.052,441.26,189.23,96.86,181.22,77.82
1972,573642.260992,58.584,76,133.395,-1.107,72.525,139.138,76.025,444.09,188.95,95.34,180.76,75.77
1973,573642.263928,56.137,66,134.815,-2.47,77.207,138.561,74.938,445.94,187.2,101.38,180.18,74.57
1974,573642.268183,57.004,64,131.573,-1.176,74.941,137.613,79.286,441.56,188.86,98.53,179.16,79.14
1975,573642.271756,58.547,73,133.967,-1.079,72.442,138.83,76.25,444.74,189.0,95.25,180.46,76.01
1976,573642.275788,56.433,69,135.327,-2.747,76.72,138.758,74.839,446.52,186.81,100.81,180.45,74.54
1977,573642.280244,56.292,73,132.557,-2.061,76.903,138.574,78.503,442.92,187.7,101.08,180.28,78.27
1978,573642.288749,58.517,75,133.636,-1.102,72.417,138.667,76.746,444.3,188.98,95.17,180.29,76.48
1979,573642.291867,58.075,73,134.716,-1.473,73.291,138.597,76.091,445.82,188.48,96.32,180.02,75.78
1980,573642.295735,54.847,64,133.829,-2.597,77.589,134.757,76.127,444.61,187.0,101.95,175.32,75.84
1981,573642.299868,58.774,71,133.405,-1.22,72.503,139.854,77.405,443.91,188.84,95.33,181.58,77.17
1982,573642.303986,58.597,74,134.88,-1.521,72.401,138.952,76.057,446.02,188.41,95.17,180.44,75.79
1983,573642.312595,56.08,63,135.072,-2.853,77.086,138.137,75.532,446.0,186.71,101.38,179.15,75.28
1984,573642.315942,58.306,71,132.784,-1.327,73.281,139.482,77.888,443.01,188.61,96.59,181.2,77.79
1985,573642.319844,58.801,70,134.176,-1.323,72.072,139.133,76.175,445.08,188.68,94.72,180.87,75.9
1986,573642.323993,56.566,70,134.604,-2.657,76.374,138.617,75.155,445.48,186.91,100.48,180.1,74.89
1987,573642.336361,58.914,71,132.883,-0.96,71.685,138.838,76.361,443.27,189.17,94.28,180.07,76.05
1988,573642.339855,57.234,64,134.05,-2.302,75.247,139.034,74.854,444.93,187.39,98.95,180.49,74.54
1989,573642.348758,59.216,72,131.676,-0.536,71.566,139.832,77.018,441.8,189.71,94.05,182.03,76.78
1990,573642.35188,58.637,70,132.0,-0.659,72.484,139.268,76.483,442.31,189.53,95.31,180.88,76.22
1991,573642.356577,54.986,62,130.774,-1.793,77.447,134.978,76.546,440.64,188.05,101.79,175.73,76.27
1992,573642.364846,58.708,72,130.105,-0.2,72.518,139.62,78.214,439.72,190.15,95.34,181.66,77.96
1993,573642.368124,58.897,77,131.593,-0.31,71.911,139.205,76.68,441.78,189.98,94.55,180.84,76.47
1994,573642.371536,56.495,62,132.216,-1.595,76.729,139.001,75.858,442.49,188.32,100.85,180.94,75.59
1995,573642.376721,57.71,66,129.27,-0.577,74.696,139.826,79.211,438.7,189.62,98.28,181.84,79.0
1996,573642.380023,58.769,71,131.111,0.119,72.001,138.868,77.022,441.15,190.55,94.68,180.44,76.77
1997,573642.388612,56.466,72,132.014,-1.429,76.557,138.584,75.786,442.21,188.54,100.64,180.36,75.52
1998,573642.392006,56.936,72,129.233,-0.565,75.657,138.675,79.692,438.6,189.65,99.48,180.55,79.49
1999,573642.395818,58.817,69,131.109,0.043,72.041,139.135,77.206,441.13,190.45,94.73,180.85,76.97
2000,573642.400164,58.271,65,131.679,-0.154,73.359,139.489,77.193,441.75,190.23,96.41,181.6,76.93
2001,573642.403845,56.615,70,130.194,-1.008,76.537,139.092,79.434,439.93,189.05,100.66,180.83,79.23
2002,573642.41292,58.835,76,131.495,-0.126,72.182,139.48,77.867,441.47,190.27,94.89,181.35,77.66
2003,573642.420953,55.529,70,132.613,-1.468,76.916,135.896,77.706,442.87,188.43,101.23,176.54,77.39
2004,573642.428823,58.183,76,133.676,-1.153,73.372,139.172,77.097,444.38,188.9,96.42,181.0,76.84
2005,573642.436952,55.759,61,134.244,-2.754,78.007,138.636,76.546,445.06,186.75,102.68,180.11,76.35
2006,573642.439824,58.071,65,132.412,-1.357,73.844,139.624,78.603,442.78,188.62,97.07,181.57,78.37
2007,573642.444561,57.954,75,133.955,-1.613,73.448,138.426,77.122,444.86,188.27,96.55,179.87,76.83
2008,573642.447979,55.635,66,134.427,-3.196,77.962,138.115,76.253,445.35,186.24,102.41,179.53,75.94
2009,573642.452143,56.691,67,131.777,-2.381,76.193,138.745,79.714,441.87,187.26,100.2,180.42,79.5
2010,573642.455973,58.151,68,133.722,-1.789,73.245,138.805,77.16,444.46,188.05,96.32,180.12,76.9
2011,573642.464627,55.901,67,134.619,-3.453,77.73,138.648,75.815,445.62,185.88,102.13,180.4,75.55
2012,573642.468435,55.81,71,131.503,-2.732,77.513,137.938,79.83,441.53,186.82,101.89,179.56,79.6
2013,573642.472041,58.036,71,132.834,-1.745,73.361,138.577,77.458,443.31,188.12,96.41,180.33,77.22
2014,573642.476246,57.473,67,133.236,-1.941,74.714,138.953,77.135,443.82,187.87,98.2,180.69,76.88
2015,573642.479678,55.649,64,131.24,-2.734,78.138,138.477,79.2,441.29,186.77,102.8,179.79,78.97
2016,573642.489051,58.113,74,131.864,-1.438,73.454,139.053,77.653,442.0,188.53,96.56,180.86,77.4
2017,573642.492298,57.758,72,132.993,-1.68,74.091,138.879,76.808,443.66,188.19,97.46,180.2,76.56
2018,573642.496119,53.846,63,132.268,-2.922,79.294,134.406,77.628,442.58,186.57,104.23,175.02,77.45
2019,573642.500242,57.823,74,131.229,-1.197,74.105,139.155,77.801,441.18,188.84,97.42,181.02,77.55
2020,573642.508731,54.353,62,131.687,-2.279,78.727,135.086,76.296,441.82,187.41,103.47,175.84,76.02
2021,573642.5161,57.885,68,130.806,-0.757,74.265,139.698,77.921,440.66,189.42,97.61,181.87,77.68
2022,573642.519842,58.092,73,132.349,-0.706,73.641,139.325,76.6,442.74,189.47,96.82,181.02,76.35
2023,573642.529239,57.093,65,129.606,-0.548,75.387,138.765,78.935,439.17,189.59,99.34,180.34,78.67
2024,573642.531839,58.175,70,132.175,-0.401,73.501,139.383,76.312,442.45,189.89,96.58,181.42,76.05
2025,573642.541396,55.883,72,132.806,-1.916,77.78,138.676,74.998,443.27,187.89,102.24,180.38,74.71
2026,573642.544088,56.314,70,129.966,-1.136,76.908,138.664,78.744,439.54,188.86,101.26,180.43,78.53
2027,573642.548141,58.335,68,131.576,-0.214,73.068,139.192,76.404,441.7,190.11,96.13,180.93,76.13
2028,573642.55188,56.498,68,133.33,-1.832,76.926,139.367,74.735,443.95,188.01,101.11,181.24,74.43
2029,573642.5559,56.216,72,130.368,-1.198,77.174,138.784,78.527,440.07,188.8,101.54,180.55,78.26
2030,573642.564695,58.336,68,131.732,-0.229,72.771,138.627,76.483,441.84,190.12,95.65,180.31,76.21
2031,573642.56819,58.183,69,132.65,-0.631,73.62,139.642,75.863,443.18,189.57,96.8,181.28,75.6
2032,573642.571808,56.32,70,130.85,-1.452,77.071,138.979,78.005,440.71,188.5,101.31,180.9,77.77
2033,573642.576078,58.73,74,131.685,-0.406,72.397,139.471,76.628,441.76,189.89,95.16,181.43,76.36
2034,573642.579936,58.59,71,132.959,-0.842,72.754,139.601,75.973,443.57,189.29,95.66,181.24,75.71
2035,573642.584051,55.804,57,131.141,-2.137,77.838,138.497,77.782,441.06,187.59,102.39,180.1,77.56
2036,573642.591994,58.542,75,131.568,-0.8,72.715,139.334,77.042,441.65,189.37,95.57,181.36,76.79
2037,573642.604663,58.821,73,131.752,-1.014,72.369,139.788,77.276,441.85,189.09,95.13,181.81,77.01
2038,573642.608094,58.901,73,133.555,-1.45,72.015,139.423,76.451,444.27,188.51,94.66,181.21,76.18
2039,573642.616746,56.445,61,134.034,-3.053,76.452,138.316,75.53,444.79,186.36,100.64,179.75,75.32
2040,573642.620669,58.88,66,132.162,-1.344,72.373,140.032,77.362,442.43,188.65,95.11,182.26,77.12
2041,573642.6243,58.796,74,133.748,-1.515,72.037,139.044,76.825,444.63,188.35,94.65,180.42,76.7
2042,573642.628651,57.566,61,132.346,-0.923,72.975,136.062,78.084,442.66,189.21,95.89,177.0,77.87
2043,573642.632294,58.851,67,131.831,-1.265,72.378,139.924,78.213,441.92,188.74,95.26,181.61,77.97
2044,573642.640704,59.051,69,133.615,-1.481,71.928,139.864,76.986,444.34,188.47,94.55,181.78,76.73
2045,573642.644496,56.51,70,134.093,-2.993,76.461,138.567,76.063,444.92,186.51,100.43,180.16,75.73
2046,573642.647773,58.433,63,132.008,-1.388,73.147,139.728,78.48,442.11,188.59,96.17,181.92,78.32
2047,573642.652342,58.649,69,133.233,-1.231,72.355,139.069,77.279,443.86,188.79,95.11,180.79,77.03
2048,573642.655758,56.708,71,134.098,-2.754,76.37,139.13,76.126,444.95,186.79,100.38,180.88,75.85
2049,573642.660443,57.096,68,131.019,-1.896,75.648,139.257,79.551,440.92,187.91,99.44,181.25,79.35
2050,573642.66862,58.456,67,132.718,-0.973,72.71,138.984,77.337,443.16,189.13,95.55,180.88,77.09
2051,573642.671918,56.5,71,133.767,-2.554,76.862,139.256,76.064,444.49,187.06,101.01,181.14,75.79
2052,573642.676219,56.482,71,130.625,-1.845,76.789,139.06,79.72,440.41,187.98,100.94,181.0,79.52
2053,573642.685197,56.367,66,133.398,-2.379,77.223,139.422,76.046,444.01,187.29,101.49,181.38,75.77
2054,573642.691888,56.156,68,130.198,-1.672,77.471,139.104,79.538,439.78,188.23,101.82,180.9,79.35
2055,573642.696468,58.052,70,131.045,-0.472,73.558,139.01,77.395,440.87,189.82,96.73,180.6,77.16
2056,573642.700176,57.786,67,131.659,-0.801,74.633,140.0,77.29,441.82,189.34,98.13,181.93,77.07
2057,573642.704527,55.357,67,129.719,-1.719,78.498,138.089,79.131,439.24,188.13,103.24,179.62,78.89
2058,573642.707949,57.907,73,130.237,-0.37,73.894,139.081,77.322,439.93,189.93,97.13,181.09,77.08
2059,573642.712285,57.54,69,131.245,-0.764,74.873,139.502,77.017,441.27,189.4,98.44,181.36,76.78
2060,573642.720403,55.415,63,129.342,-1.67,78.512,138.316,78.99,438.74,188.2,103.25,179.95,78.77
2061,573642.724012,58.131,74,129.844,-0.453,73.541,139.288,77.391,439.44,189.81,96.69,181.27,77.15
2062,573642.72833,57.638,71,131.576,-1.088,74.657,139.478,76.728,441.66,188.99,98.13,181.47,76.47
2063,573642.732155,53.742,61,130.455,-2.457,79.512,134.442,76.791,440.23,187.18,104.51,175.03,76.51
2064,573642.736338,57.979,71,130.162,-0.926,73.886,139.348,77.509,439.83,189.2,97.12,181.43,77.27
2065,573642.74486,57.457,74,132.32,-1.547,74.508,138.509,76.738,442.77,188.37,98.06,179.79,76.57
2066,573642.7484,53.653,66,131.0,-2.927,79.692,134.463,76.387,440.87,186.56,104.73,175.01,76.06
2067,573642.752176,57.785,73,130.609,-1.336,74.231,139.245,77.604,440.41,188.66,97.57,181.29,77.36
2068,573642.756387,57.956,72,132.672,-1.747,74.053,139.571,76.679,443.12,188.11,97.35,181.39,76.44
2069,573642.760193,53.92,63,131.831,-3.184,79.252,134.572,76.052,442.01,186.23,104.15,175.16,75.76
2070,573642.773069,57.737,74,133.516,-2.038,74.222,139.044,76.594,444.22,187.73,97.6,180.49,76.35
2071,573642.775815,54.065,61,132.638,-3.465,79.107,134.795,76.143,443.05,185.86,103.95,175.41,75.86
2072,573642.780646,58.012,67,132.036,-1.829,74.316,140.286,77.594,442.26,188.01,97.72,182.23,77.31
2073,573642.784021,57.942,74,134.402,-2.154,74.071,139.554,76.522,445.42,187.57,97.4,181.11,76.27
2074,573642.787895,55.468,62,134.821,-3.687,78.375,138.259,75.498,445.75,185.6,103.05,179.42,75.25
2075,573642.796789,58.172,64,132.586,-1.931,74.317,140.919,77.447,442.97,187.88,97.66,183.42,77.21
2076,573642.799984,57.794,77,134.815,-2.082,74.162,139.148,76.454,445.91,187.67,97.48,180.74,76.21
2077,573642.804909,55.43,59,134.778,-3.54,78.4,138.173,75.574,445.75,185.77,103.05,179.56,75.28
2078,573642.807903,57.861,68,132.707,-1.761,74.354,139.768,77.173,443.05,188.12,97.76,181.6,76.91
2079,573642.811792,58.12,72,134.711,-1.893,73.823,139.78,76.133,445.75,187.93,97.02,181.62,75.88
2080,573642.821045,55.583,64,134.993,-3.358,78.262,138.467,75.117,446.1,186.01,102.82,180.13,74.82
2081,573642.824243,58.101,64,132.437,-1.617,74.339,140.68,77.217,442.61,188.26,97.88,182.94,77.09
2082,573642.828864,58.143,75,134.167,-1.506,73.583,139.417,76.125,445.06,188.43,96.75,180.99,75.87
2083,573642.831786,55.784,62,134.265,-3.027,78.099,138.889,75.131,445.09,186.45,102.66,180.53,74.85
2084,573642.836287,58.293,63,131.839,-1.307,74.109,141.008,77.217,441.99,188.7,97.39,183.58,76.98
2085,573642.844956,58.493,75,133.289,-1.146,73.124,139.922,75.976,443.89,188.92,96.12,181.77,75.76
2086,573642.857102,58.688,73,132.262,-0.719,72.808,140.095,75.926,442.52,189.5,95.68,182.18,75.69
2087,573642.86044,56.354,65,132.451,-2.211,76.886,138.77,74.974,442.79,187.52,101.05,180.61,74.7
2088,573642.864599,58.741,65,130.026,-0.777,73.081,140.834,77.613,439.59,189.4,96.09,183.26,77.4
2089,573642.872795,59.227,73,132.505,-1.031,71.784,140.301,75.652,442.85,189.08,94.33,182.56,75.39
2090,573642.876377,57.063,61,133.585,-2.541,76.097,139.957,74.716,444.17,187.06,100.09,182.2,74.52
2091,573642.880488,58.795,64,130.781,-1.18,73.115,141.122,77.765,440.56,188.87,96.15,183.58,77.55
2092,573642.884459,59.226,75,132.791,-1.057,71.468,139.679,76.33,443.29,189.03,93.94,181.56,76.05
2093,573642.887846,57.193,63,133.829,-2.627,75.658,139.641,75.158,444.59,186.98,99.41,181.72,74.89
2094,573642.897002,59.109,65,131.504,-1.131,72.647,141.498,77.98,441.49,188.93,95.49,184.06,77.73
2095,573642.899699,59.197,73,133.197,-1.188,71.652,139.92,76.863,443.79,188.85,94.18,181.87,76.63
2096,573642.903923,57.339,62,134.223,-2.83,75.489,139.879,75.579,445.09,186.7,99.19,182.0,75.32
2097,573642.908408,58.998,65,131.532,-1.35,72.947,141.627,78.406,441.54,188.63,95.89,184.48,78.24
2098,573642.911852,58.823,77,133.742,-1.43,72.17,139.411,77.2,444.49,188.53,94.86,181.22,76.97
2099,573642.920076,56.914,64,134.446,-3.058,76.061,139.332,75.937,445.31,186.41,100.01,181.07,75.69
2100,573642.923963,58.639,65,131.746,-1.545,73.38,140.998,78.637,441.86,188.38,96.45,183.52,78.43
2101,573642.927813,58.53,78,133.752,-1.581,72.736,139.327,77.438,444.5,188.33,95.61,181.11,77.19
2102,573642.932152,56.593,64,134.338,-3.16,76.62,139.161,76.243,445.17,186.26,100.73,180.87,75.95
2103,573642.940408,58.115,69,133.626,-1.63,73.361,138.882,77.416,444.31,188.27,96.46,180.38,77.16
2104,573642.948247,56.117,67,134.13,-3.276,77.452,138.929,76.329,444.92,186.11,101.86,180.31,76.02
2105,573642.952536,58.482,63,131.611,-1.555,73.831,141.23,78.555,441.63,188.37,97.06,183.68,78.31
2106,573642.960782,56.044,67,133.81,-3.069,77.642,139.007,76.493,444.55,186.38,102.04,180.86,76.24
2107,573642.964,57.642,60,130.638,-1.848,75.145,140.402,79.238,440.42,187.97,98.8,182.76,79.04
2108,573642.973116,57.874,75,132.871,-1.536,74.13,139.399,77.467,443.39,188.38,97.47,181.12,77.24
2109,573642.975972,55.736,64,133.435,-3.104,78.195,138.888,76.12,444.03,186.31,102.83,180.7,75.89
2110,573642.9797,57.262,65,130.111,-1.842,75.871,140.297,78.936,439.7,187.95,99.85,182.42,78.76
2111,573642.984077,57.701,73,132.486,-1.512,74.575,139.565,77.259,442.86,188.42,98.04,181.45,77.03
2112,573642.988467,55.011,66,132.44,-3.067,79.257,138.216,76.207,442.84,186.36,104.17,179.89,75.9
2113,573642.996123,57.796,65,129.976,-1.383,75.283,141.261,78.421,439.46,188.6,99.01,183.63,78.19
2114,573643.000123,57.608,72,131.98,-1.288,74.577,139.212,77.14,442.2,188.72,98.04,181.05,76.89
2115,573643.004088,55.379,63,132.402,-2.883,78.993,139.038,75.922,442.69,186.63,103.88,180.7,75.68
2116,573643.008383,57.704,69,129.616,-1.2,75.407,141.135,78.143,438.99,188.82,99.22,183.72,77.98
2117,573643.011729,57.432,77,131.952,-1.23,74.937,139.211,76.976,442.19,188.79,98.53,180.95,76.74
2118,573643.016246,55.062,63,132.341,-2.843,79.335,138.531,75.699,442.73,186.69,104.19,180.29,75.37
2119,573643.029261,57.443,72,132.056,-1.22,75.151,139.648,76.772,442.27,188.82,98.77,181.69,76.51
2120,573643.036481,57.714,68,129.876,-0.814,75.073,140.548,77.767,439.44,189.34,98.68,183.01,77.53
2121,573643.039867,57.374,76,132.724,-1.144,75.131,139.349,76.59,443.16,188.91,98.75,181.21,76.33
2122,573643.048184,53.627,62,131.579,-2.555,79.996,134.893,75.739,441.76,187.03,105.12,175.77,75.43
2123,573643.052626,57.621,71,130.596,-0.885,75.106,140.249,77.035,440.38,189.25,98.71,182.6,76.78
2124,573643.056276,57.355,77,133.406,-1.339,75.06,139.147,76.456,444.06,188.64,98.64,180.9,76.22
2125,573643.060758,53.548,61,132.311,-2.841,80.059,134.744,76.735,442.62,186.65,105.3,175.45,76.58
2126,573643.063698,57.64,71,131.245,-1.003,74.81,139.768,76.817,441.2,189.11,98.3,182.04,76.56
2127,573643.073032,57.569,78,133.919,-1.405,74.668,139.231,76.094,444.81,188.57,98.12,180.8,75.78
2128,573643.076477,54.86,64,133.821,-3.101,79.258,137.702,75.306,444.59,186.34,104.13,179.21,75.0
2129,573643.079662,57.934,72,132.01,-1.152,74.312,139.975,76.113,442.14,188.93,97.69,181.94,75.84
2130,573643.084626,57.833,72,133.925,-1.602,74.313,139.585,76.063,444.83,188.27,97.69,181.11,75.85
2131,573643.087952,54.037,62,132.448,-3.066,78.953,134.442,75.287,442.87,186.39,103.74,175.1,75.03
2132,573643.091807,58.106,75,131.946,-1.201,73.687,139.467,76.168,442.14,188.85,96.83,181.54,75.9
2133,573643.101006,58.438,71,133.818,-1.63,73.397,140.226,76.007,444.61,188.27,96.48,182.18,75.76
2134,573643.112472,58.68,66,133.554,-1.699,73.08,140.588,76.123,444.34,188.17,96.09,182.44,75.87
2135,573643.116181,57.037,66,131.083,-2.255,75.93,139.551,77.916,440.93,187.46,99.88,181.28,77.69
2136,573643.124484,58.652,76,132.148,-1.175,72.428,139.223,76.081,442.36,188.89,95.19,181.09,75.8
2137,573643.127893,58.748,65,133.171,-1.602,72.936,140.587,76.456,443.73,188.32,95.86,182.8,76.21
2138,573643.132048,57.291,69,130.756,-2.095,75.41,139.55,78.398,440.52,187.67,99.16,181.46,78.19
2139,573643.135993,58.808,74,132.173,-1.095,72.153,139.315,76.311,442.4,188.99,94.83,181.19,76.04
2140,573643.140042,58.782,65,133.065,-1.45,72.784,140.428,76.777,443.68,188.5,95.67,182.35,76.53
2141,573643.147985,57.413,72,130.617,-1.859,75.041,139.333,79.014,440.39,187.96,98.65,181.36,78.81
2142,573643.152177,58.72,69,132.614,-1.056,72.28,139.209,76.762,442.91,189.05,95.03,180.82,76.5
2143,573643.155976,57.142,67,134.139,-2.834,75.86,139.82,75.614,444.97,186.7,99.7,181.86,75.35
2144,573643.159752,57.343,65,130.343,-1.468,74.799,138.618,79.647,440.06,188.5,98.26,180.45,79.41
2145,573643.164637,58.951,67,132.937,-0.92,72.374,140.322,77.061,443.43,189.21,95.11,182.6,76.81
2146,573643.16772,56.772,72,133.929,-2.654,76.404,139.43,75.71,444.72,186.92,100.44,181.28,75.45
2147,573643.177257,57.416,66,130.824,-1.662,75.254,139.737,79.146,440.63,188.22,98.96,181.77,78.94
2148,573643.179918,58.524,71,133.043,-0.821,72.984,139.78,77.196,443.63,189.32,95.95,181.59,76.96
2149,573643.184608,56.524,66,134.177,-2.435,76.606,138.883,75.394,444.93,187.2,100.75,180.63,75.17
2150,573643.193289,58.294,69,132.657,-0.876,73.565,139.973,77.236,443.09,189.26,96.67,182.21,76.98
2151,573643.199976,55.665,60,132.703,-2.459,77.967,138.233,76.479,443.11,187.18,102.48,179.88,76.22
2152,573643.204525,58.375,63,130.291,-0.802,74.017,141.158,78.525,439.98,189.35,97.29,183.82,78.31
2153,573643.212853,55.862,64,131.463,-1.384,76.498,136.315,77.532,441.52,188.58,100.56,177.44,77.28
2154,573643.215933,58.406,69,129.713,-0.699,73.836,140.935,78.318,439.21,189.5,97.1,183.29,78.1
2155,573643.220341,57.649,77,132.074,-1.22,74.395,139.029,77.293,442.32,188.81,97.8,180.82,77.04
2156,573643.228828,55.138,62,131.868,-2.848,78.906,138.044,76.494,442.1,186.68,103.64,179.73,76.17
2157,573643.231709,58.169,72,129.719,-0.986,74.197,140.679,77.734,439.19,189.12,97.55,183.06,77.48
2158,573643.237184,57.488,77,131.888,-1.482,74.486,138.585,77.448,442.09,188.45,97.92,180.22,77.23
2159,573643.240186,55.07,57,131.707,-3.058,78.991,137.957,76.679,441.86,186.38,103.84,179.47,76.42
2160,573643.244383,57.885,73,129.73,-1.112,74.401,139.952,77.505,439.26,188.95,97.79,182.26,77.27
2161,573643.252272,56.971,65,131.425,-1.554,75.037,137.667,77.523,441.55,188.35,98.7,178.79,77.28
2162,573643.255835,55.706,63,129.478,-2.435,78.241,138.862,79.283,438.93,187.2,102.86,180.79,79.07
2163,573643.260636,57.814,74,130.248,-1.16,74.375,139.627,77.318,439.94,188.89,97.76,181.82,77.08
2164,573643.263798,57.681,66,131.972,-1.748,75.077,140.428,77.58,442.17,188.12,98.69,182.64,77.34
2165,573643.268467,55.917,68,129.664,-2.513,78.184,139.515,79.391,439.15,187.09,102.79,181.65,79.18
2166,573643.280824,56.925,58,131.85,-1.678,75.614,138.556,77.598,442.03,188.21,99.37,180.32,77.36
2167,573643.288924,56.942,68,132.325,-1.434,75.25,137.948,76.959,442.62,188.56,98.92,179.21,76.75
2168,573643.292026,55.625,64,133.993,-3.251,78.611,139.23,75.64,444.77,186.15,103.3,181.08,75.37
2169,573643.296415,55.639,66,130.845,-2.631,78.485,139.057,79.218,440.66,186.99,103.07,181.01,79.06
2170,573643.304745,57.667,64,133.32,-1.645,75.364,140.908,77.05,443.88,188.26,99.06,183.14,76.78
2171,573643.308033,55.13,72,134.521,-3.367,79.115,138.384,74.913,445.47,186.0,103.95,180.0,74.61
2172,573643.312001,57.008,52,131.8,-1.849,76.328,140.173,77.93,441.89,187.98,100.35,182.31,77.67
2173,573643.315859,57.636,70,133.891,-1.643,75.209,140.497,76.451,444.65,188.26,98.84,182.7,76.18
2174,573643.319926,55.348,62,134.385,-3.373,79.316,139.497,74.97,445.3,185.99,104.21,181.49,74.68
2175,573643.327959,57.924,58,131.833,-1.526,75.295,141.787,76.728,441.94,188.41,98.98,184.34,76.47
2176,573643.33194,57.085,69,133.484,-1.515,75.25,138.481,76.303,444.16,188.42,98.9,180.1,76.03
2177,573643.33579,55.41,59,133.819,-3.222,79.026,139.204,74.876,444.59,186.22,103.73,181.03,74.52
2178,573643.340026,58.071,63,131.023,-1.281,74.875,141.574,76.422,440.93,188.74,98.4,184.34,76.17
2179,573643.344205,57.649,76,133.234,-1.546,74.57,139.356,75.981,443.83,188.4,98.04,180.93,75.77
2180,573643.352287,53.928,64,131.457,-2.967,79.353,134.77,74.99,441.53,186.52,104.27,175.45,74.68
2181,573643.356215,57.932,72,130.657,-1.003,74.269,139.887,76.133,440.41,189.11,97.63,182.09,75.87
2182,573643.369169,58.557,74,130.555,-0.614,73.181,140.288,75.934,440.34,189.62,96.17,182.7,75.68
2183,573643.372067,57.728,63,131.603,-1.058,73.741,138.106,76.082,441.76,189.02,96.93,179.61,75.8
2184,573643.380949,56.64,71,129.621,-1.803,76.544,139.199,78.012,439.08,188.04,100.65,181.14,77.77
2185,573643.383748,58.262,68,131.233,-0.734,73.183,139.123,76.018,441.19,189.46,96.2,180.97,75.74
2186,573643.388912,57.107,66,133.25,-2.613,76.032,140.002,74.682,443.86,187.0,99.89,182.27,74.41
2187,573643.391802,56.715,65,129.992,-2.002,76.425,139.257,78.144,439.59,187.78,100.46,181.31,77.92
2188,573643.396247,58.773,61,132.005,-0.754,72.837,140.493,76.636,442.24,189.43,95.72,182.88,76.39
2189,573643.404507,56.846,71,133.481,-2.617,76.105,139.158,74.974,444.12,186.99,100.02,181.06,74.7
2190,573643.408659,57.139,66,130.335,-1.806,75.56,139.256,78.431,439.97,188.12,99.18,181.25,78.3
2191,573643.411886,58.975,71,133.27,-0.988,72.697,141.045,76.877,443.84,189.13,95.54,183.45,76.63
2192,573643.416638,57.386,62,131.994,-0.665,73.501,136.372,77.767,442.28,189.52,96.64,177.22,77.53
2193,573643.420213,59.255,67,131.13,-0.709,72.452,141.726,77.723,441.07,189.48,95.22,184.51,77.49
2194,573643.428953,58.686,74,133.873,-1.203,72.869,140.205,77.051,444.62,188.84,95.76,182.35,76.8
2195,573643.432493,57.229,60,132.265,-0.837,73.723,136.2,78.067,442.61,189.27,96.91,177.33,77.78
2196,573643.43629,59.153,73,131.467,-0.783,72.305,141.015,77.512,441.51,189.4,95.03,183.36,77.23
2197,573643.441811,58.18,77,134.022,-1.525,73.356,139.128,77.566,444.85,188.38,96.36,180.9,77.39
2198,573643.448332,58.76,75,131.596,-0.931,72.704,140.187,77.212,441.68,189.2,95.55,182.49,76.97
2199,573643.456448,58.47,67,133.118,-1.57,73.748,141.024,77.639,443.65,188.35,96.93,183.37,77.4
2200,573643.460423,56.074,67,130.787,-2.419,77.093,138.128,79.495,440.64,187.21,101.36,179.71,79.28
2201,573643.469128,56.489,56,134.126,-3.658,77.528,140.423,75.601,444.97,185.67,101.72,182.81,75.38
2202,573643.471865,56.032,53,129.745,-2.662,77.54,138.78,80.135,439.15,186.95,101.86,180.77,80.01
2203,573643.481031,57.663,67,131.787,-1.508,73.905,138.165,77.364,441.77,188.49,97.19,179.25,77.17
2204,573643.484628,56.75,62,131.762,-1.906,75.37,137.463,77.626,441.99,187.88,99.13,178.61,77.39
2205,573643.488474,56.855,63,129.424,-2.184,76.273,139.501,79.916,438.84,187.52,100.3,181.62,79.73
2206,573643.492123,58.16,68,131.991,-1.659,74.113,140.486,77.714,442.27,188.21,97.47,182.46,77.51
2207,573643.495939,55.435,62,132.478,-3.216,78.147,137.743,76.199,442.82,186.19,102.71,179.25,75.94
2208,573643.505125,57.859,62,129.807,-1.518,74.78,140.563,78.357,439.31,188.42,98.33,182.9,78.15
2209,573643.507854,57.408,73,132.199,-1.701,74.952,139.148,77.846,442.58,188.14,98.53,180.85,77.65
2210,573643.512449,55.396,60,132.372,-3.318,78.813,138.779,76.553,442.69,186.06,103.59,180.23,76.22
2211,573643.515882,57.957,72,129.909,-1.305,74.651,140.703,77.607,439.44,188.7,98.14,183.08,77.35
2212,573643.520416,57.48,69,131.983,-1.651,75.269,140.011,77.93,442.22,188.24,98.96,182.0,77.68
2213,573643.524481,55.228,62,129.432,-2.533,78.811,138.188,79.377,438.83,187.04,103.61,179.82,79.1
2214,573643.532309,57.595,72,130.168,-1.032,75.012,139.974,77.341,439.79,189.06,98.62,182.14,77.08
2215,573643.545088,57.395,71,131.308,-1.062,75.292,139.728,76.817,441.29,189.02,98.98,181.67,76.52
2216,573643.548205,55.984,65,133.686,-2.95,78.256,139.887,75.784,444.42,186.47,103.04,181.75,75.48
2217,573643.556877,55.71,67,130.478,-2.333,78.438,139.227,79.182,440.21,187.34,103.1,181.23,78.97
2218,573643.560082,57.332,64,132.77,-1.408,75.629,140.113,76.998,443.21,188.56,99.45,181.95,76.72
2219,573643.564311,55.144,69,133.901,-3.379,79.469,139.052,75.327,444.66,185.98,104.44,180.88,75.05
2220,573643.567845,55.835,59,130.752,-2.491,78.37,139.553,78.79,440.53,187.12,103.07,181.53,78.58
2221,573643.572569,57.422,69,133.622,-1.715,75.735,140.654,76.845,444.41,188.13,99.56,182.76,76.61
2222,573643.580833,55.377,61,134.325,-3.412,79.287,139.547,75.071,445.23,185.94,104.17,181.57,74.79
2223,573643.584095,57.773,69,131.483,-1.494,75.483,141.548,76.664,441.44,188.47,99.21,184.07,76.39
2224,573643.588004,57.166,77,134.017,-1.767,75.62,139.466,76.536,444.83,188.09,99.38,181.31,76.27
2225,573643.59194,53.47,57,132.332,-3.221,80.094,134.556,76.215,442.63,186.24,105.28,175.28,75.9
2226,573643.596129,57.45,74,131.337,-1.237,75.086,139.556,76.062,441.35,188.8,98.67,181.68,75.79
2227,573643.600162,57.914,66,133.188,-1.805,74.965,141.127,76.162,443.75,188.05,98.52,183.51,75.9
2228,573643.608068,55.815,71,130.354,-2.48,78.182,139.146,77.887,439.98,187.18,102.74,181.34,77.62
2229,573643.612053,57.71,67,131.739,-1.291,74.408,139.287,75.947,441.91,188.7,97.83,180.91,75.7
2230,573643.615789,57.108,62,132.302,-1.669,74.817,137.769,76.117,442.63,188.22,98.32,179.32,75.85
2231,573643.625062,58.067,66,132.538,-1.387,73.716,139.369,75.953,442.96,188.59,96.89,181.23,75.68
2232,573643.632959,56.389,64,134.186,-3.276,76.845,138.82,73.96,444.98,186.14,101.0,180.41,73.65
2233,573643.635731,58.208,56,131.575,-1.584,74.004,140.471,76.801,441.56,188.29,97.43,182.79,76.65
2234,573643.645604,55.867,66,133.516,-3.293,77.66,138.404,74.865,444.17,186.1,102.05,180.11,74.58
2235,573643.648506,58.749,66,131.372,-1.233,73.451,141.58,76.573,441.32,188.8,96.67,183.66,76.3
2236,573643.656224,57.714,72,133.133,-1.344,73.549,137.696,76.56,443.72,188.65,96.64,179.26,76.31
2237,573643.660566,54.626,60,131.946,-2.788,77.881,134.53,75.758,442.24,186.73,102.31,175.04,75.26
2238,573643.663776,58.493,74,131.475,-0.774,73.221,140.11,76.419,441.53,189.41,96.22,182.4,76.16
2239,573643.668335,58.751,66,133.468,-1.236,73.236,141.176,76.84,444.1,188.8,96.25,183.56,76.59
2240,573643.672357,57.345,64,130.714,-1.649,75.775,140.434,78.572,440.51,188.24,99.6,182.81,78.35
2241,573643.675843,58.317,71,132.21,-0.659,73.188,139.347,76.294,442.42,189.57,96.19,181.16,76.02
2242,573643.685027,57.205,62,134.415,-2.598,76.118,140.534,75.464,445.35,186.94,100.21,182.52,75.22
2243,573643.687999,56.788,64,131.025,-2.094,76.498,139.662,78.636,440.89,187.7,100.46,181.78,78.48
2244,573643.692333,58.794,67,133.312,-0.949,73.273,141.419,76.982,443.95,189.17,96.32,183.75,76.72
2245,573643.695943,56.632,70,134.729,-2.791,76.57,139.215,74.993,445.69,186.75,100.65,181.13,74.76
2246,573643.700171,58.909,59,132.011,-0.939,73.033,141.427,76.934,442.08,189.3,96.12,183.91,76.53
2247,573643.713194,56.74,63,132.708,-1.451,74.857,136.49,77.522,443.17,188.51,98.36,177.58,77.24
2248,573643.716044,58.873,70,130.865,-0.882,72.854,140.934,77.384,440.73,189.26,95.75,183.47,77.15
2249,573643.720679,58.343,72,133.444,-1.66,73.673,140.375,77.227,444.24,188.2,96.93,181.93,77.0
2250,573643.724213,56.57,63,131.869,-1.422,74.742,135.669,78.14,442.04,188.55,98.22,176.53,77.92
2251,573643.728481,58.467,75,130.94,-1.092,73.111,139.795,77.014,440.83,188.98,96.09,182.0,76.77
2252,573643.736819,57.373,62,132.001,-1.82,74.193,137.608,77.215,442.28,188.0,97.53,178.98,76.99
2253,573643.740235,56.67,64,130.027,-2.467,76.482,139.194,79.519,439.63,187.15,100.56,181.2,79.32
2254,573643.744076,57.862,68,131.364,-1.44,73.515,138.196,77.26,441.33,188.51,96.67,179.68,77.01
2255,573643.747833,57.181,68,131.76,-1.903,74.537,137.524,77.65,441.92,187.91,97.97,178.98,77.41
2256,573643.752528,56.694,60,129.305,-2.258,76.108,138.601,80.219,438.73,187.39,100.13,180.5,79.97
2257,573643.760866,58.221,67,132.412,-1.781,73.907,140.336,77.861,442.77,188.07,97.13,182.71,77.64
2258,573643.763892,56.162,61,133.679,-3.492,77.379,138.959,75.684,444.39,185.83,101.67,180.82,75.42
2259,573643.768352,58.197,65,130.555,-1.686,74.65,141.65,78.015,440.36,188.19,98.15,184.23,77.77
2260,573643.772455,57.265,72,132.636,-1.797,74.69,138.121,78.122,443.05,188.04,98.16,179.77,77.88
2261,573643.77578,53.914,55,131.427,-3.267,79.129,134.345,77.056,441.51,186.1,104.02,174.81,76.84
2262,573643.785173,57.697,74,130.772,-1.243,74.782,139.936,77.52,440.61,188.78,98.29,182.18,77.28
2263,573643.797068,57.349,68,131.636,-1.121,75.115,139.225,76.887,441.68,188.97,98.73,181.02,76.65
2264,573643.800102,56.499,64,132.562,-1.669,76.04,137.767,77.638,442.99,188.2,99.96,179.12,77.41
2265,573643.804396,55.686,68,130.242,-2.259,78.076,138.502,79.968,439.91,187.42,102.65,180.27,79.76
2266,573643.812415,57.708,65,133.278,-1.488,75.639,141.585,77.461,443.95,188.43,99.46,183.74,77.24
2267,573643.816163,55.225,67,134.092,-3.444,79.346,139.115,75.726,444.91,185.89,104.27,180.97,75.45
2268,573643.819896,56.925,56,130.906,-2.014,76.794,140.717,78.419,440.67,187.78,100.97,183.19,78.14
2269,573643.824158,57.105,74,133.767,-1.801,75.938,139.823,77.195,444.52,188.03,99.79,181.96,76.9
2270,573643.828093,54.83,60,133.818,-3.594,79.874,138.671,75.563,444.57,185.65,105.05,180.43,75.26
2271,573643.836812,57.604,73,131.327,-1.437,75.558,141.025,76.346,441.25,188.55,99.32,183.51,76.12
2272,573643.839855,57.299,67,133.51,-1.985,75.902,140.492,76.852,444.32,187.75,99.85,182.3,76.57
2273,573643.844748,54.758,64,130.85,-2.833,79.38,137.565,78.248,440.81,186.65,104.41,178.76,78.0
2274,573643.847803,57.342,71,131.285,-1.293,75.281,139.507,76.034,441.22,188.74,98.93,181.62,75.78
2275,573643.851971,57.647,62,132.689,-1.958,75.519,141.123,76.527,443.1,187.85,99.26,183.51,76.27
2276,573643.860359,56.204,74,129.56,-2.305,77.709,139.705,78.587,439.03,187.37,102.17,181.95,78.33
2277,573643.864348,57.46,65,132.091,-1.581,75.13,139.678,76.432,442.41,188.31,98.79,181.44,76.2
2278,573643.86803,55.531,65,133.29,-3.473,78.349,138.434,74.7,443.87,185.86,102.96,180.12,74.42
2279,573643.872249,58.065,58,130.841,-1.638,74.885,141.572,76.889,440.7,188.27,98.42,184.33,76.64
2280,573643.882032,56.268,57,131.757,-1.332,75.174,135.372,77.063,441.89,188.67,98.8,176.16,76.84
2281,573643.888108,58.114,75,130.935,-1.138,74.133,140.341,76.431,440.79,188.94,97.45,182.59,76.18
2282,573643.892452,58.337,67,133.199,-1.622,74.002,140.978,76.642,443.82,188.28,97.28,183.15,76.36
2283,573643.895875,55.602,65,130.846,-2.495,77.883,137.861,78.007,440.72,187.09,102.46,179.23,77.68
2284,573643.904354,56.466,62,134.358,-3.23,77.188,139.723,74.572,445.29,186.18,101.45,181.47,74.21
2285,573643.912828,56.545,59,130.885,-2.37,77.087,139.833,78.215,440.75,187.29,101.33,181.98,77.99
2286,573643.915925,58.078,67,133.495,-1.208,74.042,140.028,77.015,444.21,188.8,97.32,181.92,76.79
2287,573643.920108,56.115,61,134.158,-3.026,77.44,138.9,75.142,444.99,186.45,101.77,180.68,74.87
2288,573643.923938,58.605,62,131.964,-1.128,73.762,141.595,77.14,442.06,188.95,96.97,184.27,76.95
2289,573643.928289,58.534,70,134.328,-1.369,73.624,141.044,76.642,445.25,188.62,96.77,183.26,76.38
2290,573643.936286,54.601,61,132.992,-2.768,78.272,135.124,77.458,443.5,186.78,102.85,175.81,77.19
2291,573643.94067,58.302,72,131.685,-0.718,73.596,140.066,76.65,441.81,189.48,96.72,182.29,76.39
2292,573643.944186,57.307,66,133.132,-1.246,74.109,137.205,76.623,443.78,188.76,97.43,178.25,76.37
2293,573643.948375,56.15,57,130.925,-1.888,76.822,137.915,78.748,440.93,187.89,101.05,179.13,78.52
2294,573643.952433,58.315,73,131.987,-0.611,73.623,140.169,76.225,442.15,189.63,96.76,182.32,75.94
2295,573643.956271,58.343,59,133.009,-1.254,73.955,140.911,76.96,443.68,188.73,97.22,183.03,76.71
2296,573643.968993,58.982,65,133.238,-1.065,73.278,142.204,76.781,443.8,189.02,96.31,184.9,76.53
2297,573643.977227,59.018,66,130.298,-0.85,73.539,142.857,77.822,439.75,189.32,96.76,185.79,77.72
2298,573643.980492,58.364,73,133.175,-1.364,73.638,140.39,77.337,443.68,188.64,96.8,182.49,77.1
2299,573643.989069,56.15,62,131.527,-1.589,75.69,135.883,77.417,441.6,188.23,99.69,176.77,77.1
2300,573643.991974,58.437,74,130.289,-0.701,73.444,140.312,77.086,440.0,189.47,96.62,182.52,76.85
2301,573643.996506,58.541,67,132.376,-1.441,73.685,141.189,77.551,442.76,188.52,96.89,183.48,77.32
2302,573644.001063,57.1,64,129.061,-1.622,75.83,139.606,79.632,438.4,188.22,99.79,181.79,79.37
2303,573644.005683,58.07,64,131.179,-0.979,73.743,139.431,77.273,441.04,189.12,97.02,181.12,77.01
2304,573644.01267,56.667,63,133.045,-3.055,76.79,139.744,75.96,443.54,186.41,100.92,181.8,75.71
2305,573644.016319,56.439,62,129.65,-2.505,77.048,139.37,79.436,439.08,187.11,101.28,181.59,79.29
2306,573644.01994,58.364,69,132.566,-1.449,74.166,141.398,78.062,442.93,188.5,97.5,183.71,77.8
2307,573644.024975,55.146,62,132.692,-3.56,78.96,138.165,76.455,443.12,185.73,103.78,179.72,76.19
2308,573644.028044,58.237,63,130.642,-1.483,74.653,141.815,77.973,440.35,188.48,98.11,184.96,77.75
2309,573644.032102,57.844,74,133.319,-1.71,74.692,140.339,78.041,443.89,188.17,98.17,182.52,77.8
2310,573644.040978,54.007,60,132.025,-3.079,79.145,134.671,78.632,442.25,186.35,104.03,175.25,78.39
2311,573644.052622,55.343,69,130.088,-2.643,78.87,138.693,80.315,439.68,186.94,103.68,180.46,80.16
2312,573644.056888,56.936,58,132.096,-1.417,75.945,139.201,77.783,442.17,188.54,99.92,180.34,77.41
2313,573644.064229,55.27,57,134.014,-3.6,79.399,139.367,75.838,444.81,185.69,104.35,181.18,75.58
2314,573644.068325,57.259,51,131.536,-2.018,76.246,140.975,78.598,441.54,187.76,100.26,183.34,78.39
2315,573644.072193,57.363,68,134.027,-1.882,75.937,140.802,77.494,444.89,187.92,99.85,182.8,77.26
2316,573644.076048,55.694,60,132.166,-1.605,76.741,136.16,78.082,442.42,188.31,100.84,177.14,77.86
2317,573644.080304,57.591,70,130.738,-1.287,75.559,140.98,77.442,440.63,188.73,99.31,183.36,77.14
2318,573644.089248,57.159,75,133.877,-2.061,75.924,140.003,77.402,444.66,187.68,99.76,181.97,77.22
2319,573644.091801,54.841,67,131.034,-2.816,79.259,137.637,78.692,440.97,186.7,104.2,179.07,78.46
2320,573644.096932,57.234,70,131.409,-1.37,75.652,139.784,76.504,441.45,188.62,99.41,182.0,76.24
2321,573644.099649,56.439,62,132.285,-1.991,76.124,137.7,77.032,442.66,187.73,100.2,178.74,76.7
2322,573644.104253,55.195,64,130.195,-2.835,78.837,138.121,79.086,439.78,186.75,103.53,179.68,78.97
2323,573644.107748,57.061,61,132.465,-1.806,75.947,139.674,77.073,442.83,188.04,99.81,181.78,76.82
2324,573644.116866,54.982,62,133.286,-3.659,79.051,137.76,75.119,443.87,185.62,103.88,179.24,74.84
2325,573644.120026,57.394,53,131.051,-1.929,75.586,140.272,77.431,440.92,187.89,99.32,182.84,77.19
2326,573644.123991,57.27,69,133.446,-2.067,75.78,140.157,77.015,444.11,187.72,99.68,182.25,76.82
2327,573644.127998,55.247,63,131.885,-2.32,77.468,135.901,77.014,442.12,187.39,101.73,176.82,76.7
2328,573644.131702,57.717,73,130.666,-1.265,75.003,140.427,76.276,440.44,188.77,98.59,182.72,76.02
2329,573644.141701,56.221,69,132.403,-1.9,75.943,136.592,76.511,442.78,187.92,99.79,177.84,76.25
2330,573644.143876,55.239,65,130.725,-2.749,78.676,137.989,78.508,440.56,186.78,103.44,179.56,78.28
2331,573644.152397,56.33,59,132.242,-1.386,75.617,136.392,77.13,442.57,188.59,99.39,177.35,76.87
2332,573644.155825,57.958,62,130.866,-1.488,75.345,142.015,77.725,440.68,188.52,98.99,184.83,77.44
2333,573644.15986,58.11,68,134.185,-1.579,74.699,141.397,76.487,445.02,188.35,98.16,183.85,76.23
2334,573644.168961,55.982,62,132.943,-1.677,76.236,136.267,76.651,443.44,188.22,100.18,177.29,76.4
2335,573644.171924,58.281,72,131.563,-0.953,74.288,141.297,76.49,441.54,189.19,97.67,183.65,76.22
2336,573644.175717,58.322,67,134.403,-1.65,74.333,141.549,76.525,445.28,188.27,97.7,183.89,76.28
2337,573644.180191,55.688,68,131.706,-2.518,78.015,138.399,78.02,441.75,187.15,102.45,180.23,77.8
2338,573644.184294,57.915,71,132.624,-0.989,74.198,139.687,76.02,442.91,189.15,97.51,181.68,75.66
2339,573644.193182,56.837,57,135.285,-3.169,76.59,140.011,74.578,446.5,186.25,100.68,181.89,74.29
2340,573644.196179,57.262,53,132.816,-1.967,75.166,138.99,77.344,443.27,187.81,98.82,180.8,77.11
2341,573644.200101,57.843,62,133.818,-1.561,73.915,138.874,76.261,444.6,188.37,97.11,180.72,76.0
2342,573644.204088,56.336,65,134.884,-3.528,77.157,139.194,74.791,445.94,185.79,101.38,181.04,74.51
2343,573644.20837,58.719,61,132.106,-1.616,73.691,141.924,76.801,442.23,188.33,96.91,184.38,76.5
2344,573644.216174,58.346,81,134.605,-1.933,73.414,139.89,77.091,445.53,187.9,96.48,181.82,76.85
2345,573644.22871,58.971,62,133.54,-1.902,73.246,142.092,76.953,444.24,187.91,96.28,184.52,76.75
2346,573644.232133,57.065,70,130.216,-2.339,76.05,139.878,78.879,439.87,187.33,99.98,182.08,78.67
2347,573644.236736,58.738,62,132.939,-1.318,73.453,141.541,77.405,443.46,188.68,96.56,183.97,77.16
2348,573644.245017,57.039,70,133.848,-3.292,76.415,140.451,75.386,444.58,186.1,100.43,182.68,75.12
2349,573644.248285,59.055,54,131.164,-1.497,73.485,142.906,77.89,441.11,188.45,96.58,186.1,77.68
2350,573644.25302,58.276,76,133.419,-1.436,73.792,140.333,77.685,444.04,188.52,96.99,182.45,77.46
2351,573644.255996,55.015,60,131.77,-2.596,77.345,134.896,78.331,441.92,187.0,101.66,175.56,78.09
2352,573644.260464,58.224,70,130.471,-0.654,73.639,139.837,77.272,440.23,189.56,96.79,182.05,77.03
2353,573644.269093,58.633,66,132.729,-1.263,73.808,141.798,77.972,443.13,188.76,97.02,184.39,77.74
2354,573644.271732,56.685,68,129.637,-1.874,76.67,139.594,79.676,439.18,187.9,100.83,181.54,79.51
2355,573644.276402,58.348,57,132.074,-0.739,74.09,141.188,77.79,442.41,189.41,97.41,183.38,77.59
2356,573644.280227,56.962,67,134.435,-2.467,76.043,139.477,75.331,445.25,187.15,100.03,181.54,75.13
2357,573644.283835,57.939,54,131.334,-1.308,74.54,140.424,78.73,441.21,188.67,98.11,182.58,78.48
2358,573644.292921,58.244,69,133.404,-1.252,74.444,141.448,77.821,444.0,188.77,97.84,183.93,77.58
2359,573644.295861,55.256,63,133.338,-3.341,79.029,138.669,76.41,443.93,186.05,103.81,180.31,76.07
2360,573644.299997,58.148,62,130.947,-1.131,74.649,141.455,77.341,440.84,188.93,98.11,184.16,77.09
2361,573644.309238,55.047,54,129.681,-3.361,80.19,139.969,80.342,439.25,186.06,105.24,182.09,80.09
2362,573644.313196,57.457,55,131.136,-1.282,75.319,140.014,77.355,441.0,188.71,99.05,182.39,77.17
2363,573644.321033,56.485,67,132.802,-2.098,75.841,137.356,77.621,443.34,187.64,99.71,178.47,77.35
2364,573644.323999,55.966,63,130.55,-2.606,77.637,138.713,79.869,440.22,186.96,102.08,180.74,79.73
2365,573644.328057,57.713,64,133.561,-1.853,75.385,141.128,77.96,444.21,187.98,99.08,183.53,77.72
2366,573644.332118,55.279,62,132.626,-2.719,77.629,136.293,77.378,443.05,186.82,102.06,177.24,77.12
2367,573644.336017,57.542,67,130.638,-1.726,75.665,140.984,77.988,440.4,188.14,99.47,183.24,77.83
2368,573644.344611,57.327,72,134.158,-2.354,75.755,140.328,77.803,445.02,187.31,99.54,182.61,77.54
2369,573644.347957,55.065,62,132.582,-2.718,77.861,135.967,77.391,443.0,186.82,102.36,176.83,77.13
2370,573644.351897,57.039,71,131.15,-1.52,76.005,139.699,76.764,441.06,188.42,99.91,181.75,76.49
2371,573644.355997,56.575,61,132.402,-2.189,76.19,138.313,77.394,442.9,187.52,100.08,180.47,77.2
2372,573644.359861,55.928,69,129.992,-2.65,78.264,139.699,79.391,439.55,186.91,102.92,181.77,79.18
2373,573644.368155,57.601,58,133.287,-1.829,75.989,141.821,77.693,443.89,187.98,99.83,184.43,77.49
2374,573644.371925,55.139,62,133.667,-3.665,79.187,138.539,75.22,444.36,185.61,104.06,180.23,74.94
2375,573644.375753,58.005,55,130.464,-1.619,75.813,143.086,77.263,440.15,188.3,99.68,186.07,77.04
2376,573644.380154,57.169,70,133.506,-1.83,76.164,140.481,77.545,444.14,188.01,100.1,182.71,77.29
2377,573644.383995,54.756,61,131.955,-2.362,78.275,135.645,77.188,442.17,187.28,102.89,176.47,76.98
2378,573644.387898,57.234,73,130.596,-0.994,75.632,139.748,76.362,440.39,189.11,99.4,181.96,76.1
2379,573644.397452,56.183,68,132.068,-1.622,76.132,136.794,76.747,442.38,188.26,100.11,177.76,76.47
2380,573644.399931,55.114,68,130.314,-2.514,78.848,137.861,78.528,440.03,187.09,103.66,179.42,78.3
2381,573644.408845,54.972,63,133.421,-3.58,79.717,138.885,74.783,444.03,185.72,104.77,180.69,74.5
2382,573644.412051,57.818,56,129.674,-1.689,76.575,143.773,77.781,439.02,188.12,100.96,186.8,77.64
2383,573644.420567,58.326,61,133.107,-1.419,74.947,142.735,76.715,443.63,188.56,98.5,185.57,76.46
2384,573644.423938,55.635,65,132.326,-1.805,76.93,136.29,76.378,442.72,188.02,101.16,177.14,76.09
2385,573644.427789,58.019,72,130.894,-0.808,74.645,140.937,76.189,440.73,189.38,98.11,183.38,75.93
2386,573644.431679,56.565,66,132.555,-1.485,75.334,136.723,76.118,442.98,188.47,98.98,178.03,75.85
2387,573644.435989,55.264,60,130.959,-2.491,78.466,137.707,77.925,440.86,187.12,103.17,179.08,77.64
2388,573644.444831,56.59,59,132.109,-1.144,75.102,136.392,76.252,442.31,188.87,98.86,176.96,75.95
2389,573644.447892,57.224,65,132.706,-1.531,74.969,138.486,76.37,443.14,188.41,98.52,180.18,76.11
2390,573644.452102,57.095,59,130.332,-1.941,76.201,140.269,78.377,439.99,187.88,100.16,182.55,78.18
2391,573644.456837,58.172,71,134.025,-1.509,74.299,140.886,76.996,444.9,188.43,97.73,182.94,76.8
2392,573644.459633,56.736,60,132.446,-1.317,74.677,136.146,76.858,442.79,188.7,98.12,177.13,76.62
2393,573644.464143,58.661,70,131.196,-0.95,73.556,141.426,76.306,441.11,189.19,96.68,183.97,76.03
2394,573644.47253,57.516,66,133.117,-1.599,73.935,137.663,76.528,443.7,188.31,97.14,179.22,76.28
2395,573644.485417,56.767,66,134.57,-3.497,76.778,140.096,74.989,445.6,185.82,100.9,182.24,74.75
2396,573644.489557,58.349,56,131.676,-1.899,74.168,141.342,77.828,441.63,187.86,97.71,183.53,77.55
2397,573644.496805,57.622,68,133.526,-1.611,73.733,137.69,76.865,444.15,188.31,96.92,178.88,76.62
2398,573644.499756,55.941,59,134.031,-3.618,77.613,138.584,75.76,444.89,185.66,102.01,180.11,75.48
2399,573644.504279,58.782,62,131.652,-1.328,73.485,141.781,76.612,441.76,188.68,96.57,184.55,76.36
2400,573644.508281,58.41,69,134.393,-1.965,73.706,140.703,77.55,445.41,187.8,96.85,182.76,77.38
2401,573644.51248,56.257,63,131.188,-2.603,76.882,138.408,78.965,441.16,186.98,101.08,180.06,78.74
2402,573644.520524,58.41,65,131.548,-1.048,73.415,140.147,76.376,441.52,189.04,96.46,182.2,76.04
2403,573644.523728,57.148,68,132.727,-1.578,74.181,136.748,77.543,443.28,188.33,97.51,177.64,77.24
2404,573644.528143,57.03,55,130.445,-2.192,76.073,139.789,79.581,440.13,187.53,100.04,181.74,79.39
2405,573644.531771,58.359,69,133.783,-1.465,74.121,141.289,77.864,444.53,188.48,97.43,183.61,77.62
2406,573644.536092,56.547,60,132.164,-1.525,75.076,136.194,77.891,442.42,188.41,98.68,177.19,77.66
2407,573644.540087,58.458,69,130.69,-0.973,73.939,141.339,77.555,440.49,189.14,97.18,184.02,77.32
2408,573644.548467,58.357,73,133.852,-1.65,74.151,141.343,77.893,444.64,188.25,97.52,183.37,77.66
2409,573644.552345,56.038,61,130.85,-2.363,77.272,138.321,79.055,440.73,187.29,101.59,179.94,78.83
2410,573644.55566,57.79,64,131.025,-0.895,74.362,139.51,76.589,440.79,189.29,97.83,181.23,76.22
2411,573644.560638,57.422,62,132.203,-1.551,74.813,138.942,77.513,442.49,188.37,98.32,180.81,77.27
2412,573644.573025,57.906,66,133.457,-1.531,74.904,140.98,77.923,444.04,188.41,98.47,183.19,77.7
2413,573644.576056,55.993,64,131.837,-1.771,76.118,136.095,77.899,442.06,188.06,100.1,176.89,77.67
2414,573644.585102,57.8,70,133.526,-1.9,75.115,140.961,78.008,444.17,187.92,98.73,183.3,77.77
2415,573644.588125,55.272,60,130.795,-2.885,78.529,137.846,78.96,440.66,186.6,103.25,179.33,78.73
2416,573644.597276,56.824,62,131.549,-1.385,75.698,138.332,76.896,441.59,188.6,99.51,179.91,76.64
2417,573644.599793,56.718,60,132.202,-1.939,75.727,137.996,77.63,442.53,187.84,99.56,179.39,77.41
2418,573644.603907,56.319,62,129.968,-2.552,77.604,139.935,79.714,439.44,187.08,101.99,182.33,79.55
2419,573644.607693,57.773,65,133.309,-1.938,75.61,141.785,77.707,443.85,187.87,99.38,184.31,77.45
2420,573644.611894,55.043,61,133.819,-3.862,79.482,138.72,76.035,444.59,185.3,104.51,180.28,75.7
2421,573644.616044,57.904,60,130.922,-1.627,75.6,142.282,76.97,440.79,188.28,99.39,184.92,76.76
2422,573644.624524,57.391,72,134.203,-2.218,75.85,140.748,77.617,445.04,187.5,99.68,183.02,77.37
2423,573644.627942,55.192,57,131.208,-2.913,78.891,138.204,78.741,441.2,186.57,103.72,179.77,78.51
2424,573644.631826,56.887,63,131.964,-1.391,75.993,139.108,76.448,442.07,188.62,99.89,180.99,76.1
2425,573644.635904,56.638,61,132.926,-1.99,76.092,138.369,77.038,443.43,187.79,100.05,179.67,76.83
2426,573644.640022,56.266,63,130.552,-2.462,77.769,140.04,79.05,440.34,187.18,102.2,182.25,78.8
2427,573644.648444,57.778,67,133.996,-1.796,75.676,141.928,77.12,444.74,188.06,99.45,184.48,76.85
2428,573644.660103,57.854,67,134.236,-1.984,75.424,141.755,76.985,445.14,187.81,99.14,184.13,76.7
2429,573644.664041,55.32,55,131.213,-2.802,78.835,138.552,78.249,441.25,186.65,103.79,180.18,77.95
2430,573644.66788,57.252,67,131.714,-1.152,75.418,139.419,75.886,441.76,188.93,99.11,181.44,75.56
2431,573644.676325,56.71,61,132.829,-1.784,75.56,137.663,76.465,443.34,188.06,99.32,178.99,76.22
2432,573644.680069,55.866,59,130.672,-2.565,77.949,138.916,78.389,440.48,187.04,102.46,180.81,78.16
2433,573644.683993,58.014,67,133.608,-1.638,74.934,141.461,76.728,444.28,188.27,98.48,183.94,76.47
2434,573644.687882,55.754,64,132.463,-2.021,76.538,136.008,76.369,442.82,187.76,100.58,176.98,76.1
2435,573644.691886,58.008,73,130.762,-1.089,74.617,140.838,76.392,440.59,188.99,98.06,183.37,76.13
2436,573644.701162,58.06,80,134.071,-1.849,74.386,140.606,76.77,444.99,187.94,97.75,183.1,76.39
2437,573644.703876,56.297,61,132.65,-1.812,75.558,136.167,76.284,443.07,188.03,99.3,177.2,76.02
2438,573644.70772,57.714,69,131.596,-0.92,74.519,139.51,75.769,441.6,189.23,97.92,181.57,75.44
2439,573644.712592,57.065,59,132.456,-1.635,74.625,137.258,76.311,443.0,188.23,98.08,178.59,75.92
2440,573644.715826,57.893,60,130.543,-1.563,74.949,141.013,77.79,440.29,188.36,98.52,183.6,77.56
2441,573644.724773,58.339,72,134.034,-1.426,74.216,141.394,76.949,444.88,188.53,97.56,183.65,76.72
2442,573644.728464,56.035,61,133.779,-3.283,77.697,139.07,75.13,444.44,186.13,102.14,180.77,74.88
2443,573644.732032,58.333,74,131.042,-0.913,74.063,141.079,76.077,440.81,189.24,97.37,183.24,75.74
2444,573644.744956,57.922,69,131.752,-0.652,74.107,139.541,75.969,441.85,189.57,97.39,181.53,75.67
2445,573644.753197,57.429,63,132.717,-1.405,74.21,137.851,76.876,443.25,188.56,97.54,179.14,76.58
2446,573644.755799,57.936,55,130.578,-1.462,74.758,140.824,78.572,440.15,188.45,98.46,183.11,78.48
2447,573644.760577,58.434,74,134.035,-1.326,73.989,141.341,77.354,444.85,188.67,97.25,183.69,77.13
2448,573644.76417,56.614,61,132.384,-1.441,75.056,136.398,77.448,442.85,188.38,98.92,177.32,77.08
2449,573644.768119,58.539,77,130.914,-0.656,73.611,141.041,76.674,440.79,189.56,96.74,183.62,76.42
2450,573644.776873,57.105,67,132.611,-1.449,74.335,136.871,76.94,443.05,188.51,97.68,178.19,76.69
2451,573644.779769,55.649,60,131.141,-2.503,77.607,137.539,78.905,441.06,187.14,101.99,178.88,78.71
2452,573644.784937,57.648,62,131.734,-0.932,74.272,138.797,76.501,441.99,189.19,97.67,180.52,76.29
2453,573644.788782,57.33,60,132.323,-1.476,74.455,137.93,77.433,442.65,188.47,97.85,179.48,77.19
2454,573644.791752,57.517,59,130.229,-1.883,75.565,140.706,79.177,439.81,187.89,99.52,182.88,79.02
2455,573644.800884,58.406,68,133.663,-1.601,74.099,141.436,77.681,444.31,188.3,97.33,183.99,77.41
2456,573644.803668,56.186,64,132.287,-1.82,75.673,135.98,77.54,442.75,187.99,99.53,176.56,77.22
2457,573644.808795,58.099,73,130.712,-1.07,74.31,140.618,77.166,440.53,189.01,97.67,183.06,76.92
2458,573644.812189,58.514,66,133.249,-1.802,74.261,142.183,77.898,443.81,188.05,97.61,184.85,77.66
2459,573644.815874,56.666,65,129.838,-2.385,77.158,140.409,79.296,439.3,187.34,101.36,182.92,79.08
2460,573644.828894,57.298,55,131.962,-1.641,74.952,138.732,77.565,442.23,188.21,98.55,180.66,77.27
2461,573644.832108,57.732,59,129.767,-1.825,75.759,141.905,79.127,439.11,188.1,99.71,184.78,78.75
2462,573644.840886,54.961,52,129.394,-3.303,80.033,139.398,79.951,438.92,186.02,105.3,181.12,79.77
2463,573644.84399,57.72,69,130.39,-0.977,75.19,140.792,77.055,440.11,189.13,98.83,183.31,76.8
2464,573644.853084,56.413,66,132.069,-1.655,75.589,136.64,77.589,442.34,188.23,99.34,177.9,77.35
2465,573644.856154,55.384,61,130.405,-2.606,78.578,138.326,79.383,440.15,187.02,103.2,179.96,79.18
2466,573644.860714,56.802,63,132.688,-1.286,76.129,139.039,77.513,443.18,188.73,100.06,181.07,77.32
2467,573644.864273,55.813,65,133.803,-3.376,78.693,140.047,75.625,444.52,185.99,103.42,182.16,75.36
2468,573644.867848,57.668,53,131.195,-1.562,75.602,141.358,77.768,441.11,188.37,99.38,183.85,77.49
2469,573644.876887,57.374,68,133.701,-1.595,76.013,140.986,77.763,444.39,188.32,99.9,183.33,77.52
2470,573644.880233,55.34,62,132.104,-1.943,77.478,136.235,77.419,442.39,187.82,101.9,177.13,77.18
2471,573644.88393,57.293,75,130.764,-0.8,75.71,140.117,76.567,440.54,189.39,99.52,182.25,76.31
2472,573644.888269,56.499,60,132.25,-1.619,76.178,138.017,77.112,442.55,188.27,100.21,179.03,76.89
2473,573644.892104,54.657,67,130.398,-2.641,79.413,137.28,78.965,440.14,186.92,104.4,178.64,78.73
2474,573644.901164,56.657,60,132.709,-1.299,76.413,139.021,77.371,443.29,188.68,100.39,181.12,77.19
2475,573644.913207,57.405,74,133.382,-1.579,75.764,140.642,77.374,444.0,188.36,99.66,182.67,77.14
2476,573644.916083,55.522,62,131.872,-1.898,77.201,136.376,76.766,442.16,187.95,101.37,177.37,76.39
2477,573644.919742,57.159,72,130.184,-0.651,75.682,139.553,76.451,439.79,189.56,99.59,181.32,76.17
2478,573644.929054,56.606,61,131.663,-1.533,75.908,137.917,76.635,441.81,188.4,99.76,179.57,76.38
2479,573644.931762,56.109,60,129.148,-2.138,78.038,139.949,78.925,438.45,187.61,102.6,182.3,78.68
2480,573644.936663,57.347,62,132.069,-1.159,75.792,140.474,77.063,442.33,188.87,99.63,182.66,76.84
2481,573644.939854,55.972,60,131.185,-1.289,75.988,135.789,77.056,441.16,188.72,99.87,176.73,76.81
2482,573644.94376,57.934,70,129.891,-0.877,75.072,141.407,76.637,439.36,189.29,98.72,183.85,76.38
2483,573644.952491,57.778,71,133.195,-1.585,74.891,140.453,76.612,443.78,188.33,98.4,182.85,76.33
2484,573644.956187,55.319,62,131.678,-1.953,77.291,135.834,76.728,441.78,187.89,101.51,176.77,76.52
2485,573644.959606,57.754,72,130.829,-0.719,74.878,140.339,75.832,440.69,189.48,98.39,182.75,75.56
2486,573644.96416,56.695,68,132.031,-1.367,75.185,136.926,76.747,442.36,188.6,98.89,177.76,76.47
2487,573644.96782,56.816,63,129.936,-1.806,76.434,139.647,78.714,439.52,188.02,100.53,181.54,78.5
2488,573644.971843,58.086,65,133.301,-1.232,74.678,141.264,76.742,443.88,188.8,98.14,183.75,76.48
2489,573644.980597,55.507,63,133.518,-3.192,78.339,138.334,75.187,444.22,186.25,102.88,180.01,74.85
2490,573644.984476,58.146,64,130.951,-0.964,74.635,141.419,76.305,440.83,189.14,98.21,183.7,76.05
2491,573644.997274,57.769,61,132.518,-0.919,74.38,139.462,76.158,442.83,189.23,97.76,181.35,75.9
2492,573645.005286,57.206,63,132.787,-1.527,74.681,137.883,76.822,443.26,188.41,98.13,179.45,76.57
2493,573645.007927,57.614,61,130.705,-1.775,75.364,140.703,78.51,440.5,188.07,99.08,183.17,78.3
2494,573645.01241,58.259,70,134.28,-1.502,74.44,141.499,77.075,445.17,188.44,97.84,183.86,76.85
2495,573645.016248,56.377,60,132.546,-1.789,75.494,136.337,77.225,442.93,188.06,99.23,177.38,76.98
2496,573645.020238,58.493,72,131.004,-0.978,73.808,141.23,76.708,440.86,189.15,97.02,183.73,76.47
2497,573645.028263,57.312,67,133.019,-1.692,74.294,137.565,76.889,443.58,188.19,97.62,179.1,76.64
2498,573645.032352,55.888,60,131.263,-2.63,77.348,137.921,78.67,441.27,186.94,101.69,179.42,78.44
2499,573645.03623,57.805,61,131.755,-1.025,74.257,139.373,76.073,441.91,189.06,97.62,180.97,75.75
2500,573645.040621,57.123,61,132.61,-1.762,74.683,137.578,77.249,443.05,188.09,98.17,178.87,77.02
2501,573645.043782,58.577,56,130.798,-1.278,74.273,142.462,77.513,440.57,188.78,97.65,185.6,77.23
2502,573645.048544,58.302,67,134.16,-1.682,74.166,141.149,77.676,444.98,188.21,97.46,183.54,77.43
2503,573645.056695,55.721,59,133.548,-3.536,78.133,138.725,76.027,444.14,185.82,102.65,180.31,75.83
2504,573645.05988,58.086,71,130.898,-1.07,74.354,140.649,76.773,440.73,189.03,97.74,182.98,76.53
2505,573645.065192,57.151,68,132.472,-1.694,74.517,137.377,77.449,442.85,188.18,97.93,178.83,77.21
2506,573645.067819,56.087,59,130.564,-2.509,77.297,138.543,79.238,440.26,187.12,101.57,180.55,79.05
2507,573645.081234,55.725,61,133.543,-3.612,78.439,139.281,75.824,444.27,185.7,103.01,181.14,75.48
2508,573645.083796,58.134,57,130.639,-1.423,75.149,142.345,77.473,440.56,188.62,99.02,184.54,77.08
2509,573645.088668,57.903,72,133.904,-1.709,74.816,140.802,78.049,444.62,188.18,98.31,183.18,77.8
2510,573645.0924,56.048,53,130.467,-2.38,77.684,139.095,79.12,440.21,187.27,102.13,181.01,78.91
2511,573645.095706,57.936,69,130.57,-0.771,74.928,141.141,76.877,440.3,189.42,98.5,183.66,76.63
2512,573645.104976,58.374,60,132.948,-1.543,74.808,142.663,78.08,443.5,188.36,98.36,185.22,77.87
2513,573645.107857,56.508,66,129.655,-2.101,77.449,140.35,79.651,439.17,187.61,101.83,182.62,79.5
2514,573645.112491,57.785,58,133.071,-1.304,75.524,141.669,78.129,443.57,188.7,99.26,184.27,77.89
2515,573645.116335,55.897,59,133.056,-2.495,77.613,138.428,76.712,443.65,187.11,102.05,179.99,76.48
2516,573645.120023,58.354,55,129.784,-1.049,75.279,143.479,77.842,439.32,189.04,98.96,186.77,77.61
2517,573645.124247,57.609,66,133.612,-1.634,75.786,141.473,77.887,444.22,188.3,99.59,183.87,77.69
2518,573645.132121,55.337,60,132.06,-1.929,77.44,136.16,77.575,442.38,187.84,101.8,177.22,77.28
2519,573645.135963,57.065,70,130.737,-0.676,75.995,139.778,76.298,440.56,189.53,99.87,182.0,76.03
2520,573645.139851,56.452,62,131.958,-1.596,76.249,137.972,77.28,442.3,188.27,100.24,179.47,77.01
2521,573645.144061,55.931,63,129.746,-2.174,78.016,139.267,79.382,439.3,187.52,102.57,181.39,79.15
2522,573645.148094,56.651,62,132.445,-1.324,76.47,139.101,77.283,442.89,188.63,100.58,180.55,77.08
2523,573645.156279,55.884,59,131.113,-1.084,76.099,135.68,78.05,441.05,189.0,100.0,176.56,77.84
2524,573645.168782,55.531,57,129.752,-2.365,78.592,138.865,79.043,439.21,187.32,103.36,180.43,78.87
2525,573645.171984,57.082,59,130.916,-1.075,75.936,139.734,76.094,440.74,189.01,99.81,181.75,75.78
2526,573645.175825,55.964,64,134.012,-3.444,78.409,140.088,74.877,444.74,185.92,103.05,182.08,74.61
2527,573645.185024,56.824,47,129.776,-2.448,77.817,142.207,78.561,439.22,187.22,102.23,185.46,78.35
2528,573645.187813,57.449,67,133.812,-1.662,75.759,140.802,77.089,444.62,188.28,99.76,182.85,76.92
2529,573645.192587,55.688,68,132.249,-1.949,76.72,136.102,76.731,442.54,187.85,100.83,177.11,76.47
2530,573645.195717,57.723,70,130.793,-1.111,75.223,140.861,76.278,440.55,189.02,98.91,182.99,75.97
2531,573645.200219,56.705,67,132.888,-1.827,75.581,137.682,76.684,443.39,188.01,99.31,179.22,76.43
2532,573645.208973,55.745,64,130.735,-2.562,78.167,138.869,78.539,440.56,187.03,102.76,180.72,78.31
2533,573645.211832,56.891,56,131.964,-1.153,75.479,138.18,76.115,442.09,188.93,99.21,179.54,75.87
2534,573645.216205,56.55,64,132.635,-1.59,75.324,136.654,76.846,443.13,188.28,99.04,177.78,76.55
2535,573645.220564,58.217,52,131.798,-1.583,74.856,142.122,77.482,441.89,188.35,98.36,185.22,77.23
2536,573645.224035,57.731,69,134.719,-1.666,75.16,140.778,77.084,445.71,188.23,98.76,183.04,76.83
2537,573645.232162,55.53,56,134.241,-3.581,78.744,139.129,75.217,445.12,185.71,103.46,181.05,74.93
2538,573645.236032,57.789,73,131.788,-1.035,75.057,140.81,75.717,441.89,189.08,98.64,183.18,75.45
2539,573645.239864,56.926,66,133.08,-1.542,74.785,137.04,76.644,443.59,188.38,98.31,177.98,76.33
2540,573645.243862,56.396,61,132.559,-1.789,75.682,136.745,77.116,442.95,188.05,99.49,177.92,76.87
2541,573645.252068,55.627,61,133.85,-3.384,78.385,138.84,75.065,444.59,185.97,103.02,180.61,74.79
2542,573645.260016,58.238,60,131.067,-1.193,74.674,141.86,76.404,440.96,188.86,98.21,184.13,76.1
2543,573645.264351,58.306,66,133.784,-1.378,74.384,141.582,77.252,444.64,188.58,97.84,183.61,77.01
2544,573645.272253,58.076,78,130.696,-0.464,74.226,140.368,75.88,440.48,189.83,97.56,182.68,75.61
2545,573645.2762,56.934,66,131.893,-1.247,74.683,136.879,76.803,441.96,188.82,98.19,177.77,76.57
2546,573645.284583,57.146,64,129.683,-1.662,75.964,140.026,78.819,439.16,188.21,99.9,182.18,78.59
2547,573645.28884,58.359,66,132.907,-0.996,74.292,141.62,77.023,443.39,189.12,97.65,184.25,76.8
2548,573645.291476,55.398,63,132.888,-3.344,78.748,138.674,75.267,443.38,185.99,103.53,180.53,74.93
2549,573645.296593,58.416,54,129.947,-0.659,74.216,141.703,76.67,439.4,189.65,97.49,184.03,76.57
2550,573645.299724,58.545,67,133.059,-1.332,74.081,141.967,77.311,443.69,188.63,97.4,184.42,77.07
2551,573645.309073,56.165,59,129.966,-2.072,77.27,138.775,78.688,439.63,187.66,101.63,180.44,78.44
2552,573645.311687,57.722,72,130.527,-0.387,74.466,139.441,76.289,440.28,189.94,97.9,181.57,75.99
2553,573645.316716,57.494,64,131.585,-1.167,74.476,138.59,77.254,441.74,188.87,97.92,180.18,76.99
2554,573645.319956,57.182,65,129.36,-1.628,76.107,140.425,79.29,438.75,188.26,100.06,182.85,79.08
2555,573645.324228,58.266,68,133.015,-1.086,74.524,141.688,77.837,443.49,188.99,97.94,184.3,77.6
2556,573645.327713,56.366,68,131.64,-1.357,75.564,136.424,77.584,441.75,188.62,99.33,177.53,77.34
2557,573645.337256,58.221,76,130.18,-0.591,74.372,141.22,77.011,439.8,189.66,97.77,183.77,76.77
2558,573645.341101,58.24,68,133.422,-1.54,74.598,141.723,77.703,444.11,188.41,98.13,184.1,77.54
2559,573645.348609,57.321,58,131.173,-0.943,74.951,138.818,76.363,441.21,189.15,98.52,180.54,76.15
2560,573645.352014,56.403,60,132.56,-1.708,75.805,136.992,77.304,442.99,188.16,99.65,178.14,77.05
2561,573645.361336,57.986,55,130.706,-1.121,75.039,141.548,77.525,440.43,189.0,98.72,184.13,77.22
2562,573645.364302,57.664,73,134.067,-1.658,75.342,140.856,77.962,444.86,188.24,99.02,183.17,77.72
2563,573645.36796,55.702,62,132.426,-2.033,76.799,136.29,77.553,442.77,187.74,100.94,177.33,77.31
2564,573645.372011,57.529,76,130.871,-0.984,75.396,140.435,76.746,440.7,189.14,99.11,182.72,76.49
2565,573645.376169,56.543,63,132.455,-1.851,75.904,137.678,77.528,442.83,187.98,99.75,179.2,77.28
2566,573645.384331,55.557,61,130.405,-2.547,78.183,138.235,79.533,440.13,187.04,102.83,179.74,79.33
2567,573645.388167,57.058,60,133.043,-1.425,76.048,139.848,77.627,443.59,188.51,100.04,181.68,77.36
2568,573645.391829,56.116,65,132.282,-1.943,76.385,137.01,77.457,442.59,187.85,100.39,178.3,77.21
2569,573645.396015,57.996,63,130.353,-1.411,75.527,142.507,77.486,439.96,188.58,99.28,185.52,77.28
2570,573645.399998,57.432,68,133.89,-1.991,76.012,141.207,77.743,444.59,187.81,99.91,183.5,77.52
2571,573645.403985,55.059,56,130.802,-2.922,79.114,138.132,78.719,440.76,186.52,104.09,179.44,78.47
2572,573645.412298,57.112,71,130.79,-1.039,75.914,139.805,76.289,440.58,189.08,99.78,181.86,76.05
2573,573645.420209,56.561,64,129.509,-2.283,77.705,141.012,79.171,438.94,187.4,102.16,183.62,78.96
2574,573645.426081,57.978,57,132.906,-1.459,75.843,143.035,77.415,443.35,188.5,99.67,186.02,77.16
2575,573645.427879,55.734,61,131.777,-1.787,76.771,136.352,77.345,441.93,188.06,100.91,177.42,77.1
2576,573645.436288,57.653,69,130.004,-1.132,75.628,141.348,77.175,439.59,188.93,99.41,184.06,76.93
2577,573645.440307,57.776,71,133.634,-1.907,75.376,141.357,77.261,444.29,187.92,99.06,183.83,77.01
2578,573645.444003,55.976,61,130.109,-2.302,78.254,139.854,78.408,439.66,187.41,102.81,182.28,78.17
2579,573645.448038,57.341,69,130.922,-0.862,75.557,140.015,76.02,440.81,189.29,99.29,182.31,75.75
2580,573645.451978,56.144,62,131.868,-1.498,75.902,136.243,77.085,442.12,188.38,99.91,177.05,76.79
2581,573645.460642,56.548,58,130.048,-1.997,77.218,140.08,78.639,439.65,187.78,101.52,182.36,78.42
2582,573645.464234,57.397,72,133.759,-1.438,75.833,140.742,77.513,444.57,188.47,99.65,182.73,77.35
2583,573645.467618,55.985,66,132.044,-1.587,76.306,136.403,76.916,442.27,188.33,100.3,177.49,76.67
2584,573645.473018,57.697,73,130.457,-0.762,75.359,141.018,76.335,440.16,189.42,99.04,183.68,76.1
2585,573645.475683,56.618,64,132.351,-1.52,75.524,137.263,76.647,442.62,188.43,99.28,178.43,76.38
2586,573645.480627,55.342,62,130.675,-2.505,78.424,137.905,78.301,440.51,187.1,103.11,179.43,78.06
2587,573645.488973,56.726,57,132.175,-1.192,75.569,137.739,76.3,442.48,188.84,99.35,178.97,76.06
2588,573645.49194,56.523,63,132.188,-1.451,75.486,136.85,76.958,442.5,188.5,99.22,177.98,76.72
2589,573645.496602,57.94,59,130.628,-0.92,74.995,141.285,76.494,440.35,189.27,98.71,183.7,76.21
2590,573645.505202,56.272,52,129.409,-1.997,77.467,139.519,79.567,438.84,187.77,101.87,181.54,79.37
2591,573645.512227,58.348,69,130.994,-0.821,74.178,141.356,76.017,440.89,189.35,97.48,184.06,75.75
2592,573645.516538,57.197,65,132.734,-1.68,74.826,138.119,76.706,443.19,188.21,98.33,179.77,76.45
2593,573645.519979,56.394,64,130.843,-2.266,76.778,138.717,78.7,440.71,187.42,100.94,180.52,78.48
2594,573645.528062,55.451,61,133.834,-3.744,78.645,138.676,75.349,444.62,185.49,103.33,180.54,75.06
2595,573645.537171,58.182,65,131.166,-1.513,74.641,141.574,76.606,441.03,188.48,98.21,183.91,76.35
2596,573645.539938,58.192,74,134.576,-2.036,74.372,141.105,77.095,445.58,187.69,97.81,183.57,76.76
2597,573645.544126,56.137,61,132.874,-2.144,75.982,136.363,76.966,443.39,187.58,99.89,177.33,76.7
2598,573645.548759,57.772,74,131.626,-0.975,74.613,139.91,76.202,441.68,189.15,98.07,182.02,75.92
2599,573645.552204,58.447,61,133.722,-1.879,74.352,142.085,77.304,444.42,187.95,97.72,184.71,77.05
2600,573645.556668,57.355,67,130.383,-2.074,76.051,140.983,78.81,440.04,187.71,100.0,183.59,78.56
2601,573645.564809,58.573,61,133.97,-1.688,74.147,142.202,77.628,444.73,188.2,97.45,184.89,77.39
2602,573645.567754,55.522,63,133.392,-3.042,77.612,137.101,76.141,444.01,186.42,102.0,178.37,75.88
2603,573645.572976,58.107,67,131.149,-1.127,74.429,140.875,76.785,441.07,188.96,97.87,183.13,76.5
2604,573645.57612,58.338,67,134.102,-1.908,74.43,141.798,77.611,445.03,187.87,97.88,183.89,77.42
2605,573645.579927,56.178,60,130.936,-2.618,77.451,139.146,78.963,440.82,186.95,101.84,181.04,78.75
2606,573645.592976,56.116,60,134.315,-3.698,77.918,139.761,75.503,445.22,185.68,102.09,181.86,75.22
2607,573645.595976,56.677,54,133.268,-2.051,75.0,136.522,77.371,443.84,187.71,98.6,177.49,77.13
2608,573645.600752,57.817,68,134.412,-1.812,75.048,140.9,77.884,445.35,188.03,98.65,183.07,77.64
2609,573645.603902,55.846,62,132.634,-2.289,76.526,136.308,77.325,443.04,187.4,100.58,177.35,77.08
2610,573645.612834,57.758,70,130.925,-1.075,75.015,140.61,76.782,440.77,189.02,98.61,182.92,76.53
2611,573645.615879,56.937,63,132.559,-1.896,75.152,137.752,77.592,443.01,187.91,98.81,178.95,77.3
2612,573645.620114,55.487,63,130.712,-2.826,78.144,137.92,79.203,440.59,186.66,102.81,179.15,79.0
2613,573645.624167,57.259,58,132.62,-1.528,75.393,139.397,77.324,443.08,188.38,99.1,181.25,77.1
2614,573645.62813,56.561,61,131.968,-1.694,75.488,136.988,77.755,442.2,188.18,99.23,178.11,77.54
2615,573645.63174,58.242,61,130.386,-1.282,74.917,142.34,77.43,440.04,188.77,98.53,185.38,77.16
2616,573645.640204,57.594,71,133.682,-1.85,75.486,140.852,78.031,444.36,187.98,99.21,183.18,77.79
2617,573645.644382,55.609,63,132.052,-2.187,76.953,136.237,77.534,442.28,187.52,101.16,177.29,77.29
2618,573645.647584,57.446,72,130.66,-0.957,75.405,140.132,76.645,440.46,189.17,99.13,182.24,76.37
2619,573645.652593,56.177,62,132.32,-1.733,75.88,136.32,77.078,442.66,188.13,99.72,177.49,76.83
2620,573645.655886,55.906,58,130.402,-2.377,77.569,138.378,79.144,440.14,187.26,102.01,180.04,78.93
2621,573645.664768,57.329,62,133.56,-1.376,76.001,140.791,77.789,444.35,188.58,99.98,182.74,77.62
2622,573645.673008,57.842,70,130.177,-1.209,75.429,141.714,77.253,439.78,188.84,99.16,184.41,77.02
2623,573645.677959,57.586,71,133.963,-1.997,75.762,141.338,77.49,444.72,187.8,99.57,183.78,77.24
2624,573645.680419,55.561,59,132.392,-2.034,77.01,136.175,77.432,442.72,187.73,101.24,177.19,77.19
2625,573645.684022,57.27,67,131.357,-1.049,75.573,139.774,76.274,441.35,189.06,99.32,182.01,75.97
2626,573645.692385,56.349,68,132.716,-1.948,76.08,137.296,77.094,443.21,187.83,100.03,178.44,76.84
2627,573645.696124,56.294,55,129.768,-2.017,77.251,139.206,79.76,439.29,187.75,101.57,181.18,79.56
2628,573645.699999,57.345,63,133.699,-1.635,75.915,140.691,77.744,444.49,188.25,99.81,182.65,77.47
2629,573645.704229,55.595,67,132.493,-1.979,76.834,135.981,77.136,442.91,187.72,101.17,176.85,76.85
2630,573645.70804,57.675,72,130.854,-1.167,75.393,140.994,76.621,440.71,188.89,99.09,183.54,76.36
2631,573645.717153,56.514,64,132.811,-1.905,75.658,137.127,76.866,443.31,187.91,99.42,178.52,76.62
2632,573645.720577,55.278,61,131.058,-2.839,78.729,138.22,78.437,441.0,186.67,103.5,179.83,78.2
2633,573645.724168,56.731,60,131.856,-1.228,75.979,138.504,75.916,441.94,188.86,99.88,180.41,75.54
2634,573645.728717,56.476,64,132.468,-1.894,75.876,137.387,76.874,442.91,187.9,99.78,178.49,76.62
2635,573645.732422,56.709,56,130.257,-2.25,76.932,140.16,78.535,439.93,187.43,101.21,182.2,78.31
2636,573645.740692,57.594,71,133.906,-1.779,75.512,140.903,77.354,444.68,188.07,99.26,183.13,77.11
2637,573645.744859,55.763,62,132.289,-2.04,76.665,136.264,76.881,442.66,187.57,101.13,177.15,76.53
2638,573645.747674,57.701,75,130.818,-1.031,75.08,140.508,76.131,440.67,189.07,98.67,182.95,75.87
2639,573645.753052,56.192,68,132.163,-1.7,75.692,136.034,76.737,442.4,188.17,99.46,176.97,76.43
2640,573645.761061,57.712,66,133.321,-1.305,75.373,141.101,76.992,443.91,188.7,99.05,183.53,76.73
2641,573645.768337,56.29,58,134.476,-3.325,77.395,139.451,74.396,445.42,186.07,101.68,181.42,74.11
2642,573645.771888,58.822,60,130.863,-1.229,74.39,143.696,76.538,440.72,188.81,97.77,187.06,76.29
2643,573645.78109,56.247,54,129.549,-2.274,77.78,139.987,79.201,439.13,187.36,102.4,181.44,79.04
2644,573645.784744,57.79,72,130.674,-0.791,74.975,140.66,76.263,440.4,189.42,98.59,182.94,75.98
2645,573645.79311,56.932,65,132.226,-1.525,74.877,137.231,76.939,442.53,188.41,98.4,178.62,76.69
2646,573645.796231,56.818,60,130.119,-2.126,76.71,140.161,79.113,439.74,187.61,100.85,182.47,78.91
2647,573645.799974,58.382,62,133.461,-1.295,74.64,142.374,77.334,444.17,188.71,98.12,185.03,77.11
2648,573645.803973,56.162,65,132.506,-1.863,75.93,136.359,77.026,442.87,187.96,99.8,177.42,76.77
2649,573645.807911,58.172,72,130.78,-0.994,74.479,141.228,76.826,440.61,189.12,97.89,183.87,76.57
2650,573645.816944,58.25,71,134.29,-1.783,74.409,141.404,77.548,445.19,188.07,97.81,183.72,77.29
2651,573645.820011,56.568,61,130.944,-2.319,77.066,139.879,78.504,440.83,187.35,101.32,182.0,78.28
2652,573645.823777,57.613,62,131.737,-0.926,74.761,139.577,75.901,441.87,189.2,98.33,181.42,75.62
2653,573645.829084,56.582,62,133.361,-1.889,75.224,136.587,76.87,444.03,187.93,98.86,177.63,76.59
2654,573645.831896,57.182,54,130.943,-2.169,76.048,140.316,79.037,440.8,187.55,100.0,182.46,78.8
2655,573645.836196,57.939,69,134.503,-1.672,74.887,141.079,77.604,445.48,188.23,98.48,183.28,77.4
2656,573645.845027,56.179,70,132.992,-1.979,75.902,136.366,77.278,443.54,187.76,99.88,177.28,77.0
2657,573645.857729,56.46,61,133.397,-1.801,75.163,136.037,76.899,443.96,187.98,99.0,176.73,76.68
2658,573645.860217,56.107,57,132.131,-1.187,75.374,135.166,77.532,442.44,188.84,99.07,175.76,77.31
2659,573645.868918,56.805,70,132.642,-1.802,75.216,137.382,77.272,443.09,188.04,98.87,178.62,77.02
2660,573645.871906,58.215,56,130.263,-1.259,75.164,142.7,77.452,439.89,188.77,98.85,185.59,77.19
2661,573645.877082,57.848,70,134.087,-1.786,75.135,141.186,77.657,444.88,188.07,98.74,183.59,77.41
2662,573645.880088,56.244,58,132.277,-1.751,75.798,136.412,77.602,442.66,188.11,99.62,177.32,77.31
2663,573645.883921,57.621,77,130.793,-0.899,75.089,140.217,76.445,440.6,189.25,98.7,182.45,76.19
2664,573645.892343,58.508,63,132.976,-1.805,74.713,143.024,77.583,443.55,188.02,98.27,185.6,77.29
2665,573645.896249,56.821,65,129.634,-2.208,77.043,140.778,79.258,439.1,187.5,101.29,183.29,79.05
2666,573645.899628,58.244,58,133.067,-1.539,75.014,142.532,77.579,443.61,188.37,98.61,185.16,77.38
2667,573645.904743,55.017,61,133.334,-3.88,79.56,138.768,75.419,443.91,185.34,104.52,180.54,75.16
2668,573645.907788,58.127,48,129.708,-1.301,75.515,143.009,77.303,439.06,188.79,99.23,185.85,77.18
2669,573645.9119,57.799,65,133.477,-1.873,75.365,141.426,77.713,444.16,187.96,99.12,183.73,77.49
2670,573645.921162,54.862,61,131.857,-2.489,78.154,135.791,77.561,442.02,187.1,102.81,176.5,77.23
2671,573645.924159,57.289,74,130.758,-0.892,75.494,139.7,76.318,440.56,189.25,99.23,181.78,76.03
2672,573645.928248,55.823,64,131.904,-1.642,76.046,135.372,77.049,442.12,188.25,99.94,176.23,76.79
2673,573645.932705,55.771,60,130.191,-2.323,77.815,138.338,79.052,439.83,187.36,102.33,179.87,78.86
2674,573645.945362,54.196,58,132.611,-3.657,80.404,137.439,76.035,442.99,185.61,105.67,178.86,75.77
2675,573645.948058,57.356,63,130.302,-1.188,75.932,140.768,76.737,440.01,188.86,99.8,183.25,76.47
2676,573645.952411,57.636,66,133.34,-1.679,75.713,141.44,77.495,444.01,188.17,99.56,183.81,77.22
2677,573645.956317,55.811,64,130.072,-2.323,78.403,139.527,78.927,439.69,187.34,103.08,181.59,78.71
2678,573645.960303,57.253,58,131.038,-0.835,75.817,140.162,76.099,440.86,189.32,99.65,182.18,75.75
2679,573645.968867,56.095,69,132.146,-1.587,76.236,136.669,77.159,442.44,188.29,100.29,177.71,76.89
2680,573645.972072,57.454,53,130.66,-0.943,75.851,140.991,76.452,440.35,189.24,99.89,183.15,76.14
2681,573645.976329,57.555,63,134.0,-1.698,75.777,141.245,77.262,444.87,188.16,99.59,183.68,76.97
2682,573645.979835,55.793,61,132.376,-1.81,76.732,136.49,77.086,442.7,188.03,100.86,177.59,76.84
2683,573645.984347,57.714,74,130.896,-0.988,75.284,140.944,76.351,440.73,189.13,98.95,183.39,76.07
2684,573645.987895,56.482,65,132.696,-1.873,75.733,137.147,76.693,443.15,187.95,99.51,178.54,76.44
2685,573645.996852,55.945,59,132.374,-2.178,76.676,136.926,77.422,442.61,187.54,100.89,177.83,77.21
2686,573646.000528,57.283,62,134.253,-1.851,75.661,139.986,77.525,445.1,187.97,99.48,181.5,77.36
2687,573646.00402,56.186,64,132.943,-2.265,76.225,136.974,76.607,443.48,187.43,100.19,178.11,76.33
2688,573646.008228,57.621,58,131.118,-1.379,75.44,140.873,76.268,440.92,188.63,99.21,182.99,75.94
2689,573646.012483,57.504,76,134.621,-2.105,75.396,140.339,77.284,445.58,187.65,99.07,182.49,77.03
2690,573646.020495,55.794,63,133.023,-2.42,76.576,136.216,76.819,443.58,187.12,100.91,177.05,76.5
2691,573646.033009,55.877,60,133.143,-2.2,75.855,135.219,76.788,443.7,187.51,99.72,175.94,76.54
2692,573646.03798,57.411,65,133.92,-1.645,75.31,139.824,77.08,444.77,188.23,99.01,181.55,76.84
2693,573646.044558,55.871,64,134.356,-3.641,78.023,139.064,75.153,445.27,185.63,102.55,180.82,74.88
2694,573646.04829,58.848,58,130.986,-1.369,74.434,143.889,76.557,440.69,188.62,97.95,187.01,76.35
2695,573646.051871,58.34,69,134.605,-1.993,74.656,142.235,77.037,445.54,187.81,98.1,184.91,76.79
2696,573646.056382,56.102,57,131.065,-2.615,77.718,139.349,78.424,440.99,186.96,102.17,181.32,78.2
2697,573646.059979,57.216,63,132.025,-0.979,75.022,138.551,76.316,442.22,189.11,98.53,180.46,75.96
2698,573646.064247,57.344,60,132.893,-1.641,74.928,138.861,76.828,443.43,188.24,98.49,180.49,76.6
2699,573646.072991,57.483,62,130.29,-1.81,75.906,141.209,78.768,439.87,188.07,99.85,183.78,78.46
2700,573646.075786,58.238,67,133.981,-1.352,74.76,142.024,77.283,444.8,188.63,98.26,184.49,77.07
2701,573646.081273,55.833,64,132.679,-1.999,76.586,136.37,76.805,443.1,187.78,100.66,177.44,76.54
2702,573646.085177,58.089,77,131.02,-0.766,74.366,140.686,76.5,440.96,189.42,97.74,183.06,76.22
2703,573646.08803,56.972,68,132.774,-1.518,74.754,137.153,76.875,443.27,188.42,98.23,178.59,76.63
2704,573646.096676,54.207,54,132.173,-2.935,78.386,134.025,77.919,442.49,186.6,102.95,174.49,77.79
2705,573646.100487,57.444,65,131.753,-0.918,74.741,138.893,76.096,441.95,189.23,98.28,180.75,75.87
2706,573646.104491,56.951,61,132.476,-1.633,74.988,137.504,77.02,442.91,188.25,98.6,178.65,76.77
2707,573646.113275,57.944,71,134.214,-1.617,74.717,140.777,77.828,445.14,188.25,98.22,182.96,77.56
2708,573646.120158,55.742,63,132.433,-2.212,76.581,136.042,77.154,442.78,187.5,100.65,177.02,76.9
2709,573646.124575,57.905,76,130.895,-0.975,74.576,140.357,76.423,440.77,189.14,98.01,182.74,76.16
2710,573646.128044,56.613,65,132.151,-1.746,74.852,136.022,77.195,442.46,188.11,98.38,176.99,76.94
2711,573646.136997,57.807,59,133.225,-1.58,74.758,140.319,77.414,443.99,188.32,98.18,183.17,77.25
2712,573646.140088,56.088,63,134.21,-3.532,77.499,138.907,75.397,445.06,185.79,101.84,180.68,75.12
2713,573646.149119,58.475,62,130.664,-1.445,74.701,142.868,77.214,440.42,188.53,98.22,185.76,76.98
2714,573646.151866,57.937,70,134.036,-1.95,74.817,140.937,78.007,444.82,187.85,98.32,183.27,77.77
2715,573646.155947,56.154,61,132.592,-2.068,75.852,136.187,77.566,442.93,187.59,99.98,177.12,77.37
2716,573646.160093,57.589,73,131.389,-1.081,75.097,140.11,76.378,441.36,189.01,98.71,182.26,76.12
2717,573646.164193,56.76,63,132.76,-1.895,75.27,137.315,77.585,443.18,187.94,98.95,178.4,77.38
2718,573646.172733,57.212,62,130.693,-2.146,76.105,140.535,79.152,440.48,187.57,100.07,182.92,78.96
2719,573646.175973,57.532,68,134.454,-1.687,75.727,141.064,78.126,445.38,188.18,99.52,183.33,77.9
2720,573646.180024,54.785,67,133.516,-3.682,79.312,137.541,76.263,444.12,185.59,104.25,178.82,76.02
2721,573646.184003,57.581,67,131.105,-1.282,75.359,140.567,76.867,441.05,188.75,99.11,182.88,76.6
2722,573646.188114,57.459,67,134.51,-2.072,75.548,140.449,78.124,445.45,187.67,99.25,182.61,77.91
2723,573646.200903,57.197,68,131.756,-1.062,75.572,139.495,76.154,441.89,189.03,99.3,181.57,75.87
2724,573646.204874,56.169,64,132.821,-1.881,76.239,136.935,77.352,443.51,187.87,100.23,178.13,77.0
2725,573646.213344,57.284,67,134.36,-1.735,75.881,140.394,77.71,445.17,188.14,99.74,182.33,77.43
2726,573646.216441,55.677,68,132.503,-1.982,76.81,136.221,77.419,442.9,187.77,101.0,177.27,77.12
2727,573646.224737,57.594,73,131.052,-1.106,75.407,140.709,76.428,440.93,188.98,99.12,183.05,76.17
2728,573646.228382,56.306,66,132.766,-1.97,75.894,136.805,76.9,443.25,187.82,99.73,178.1,76.65
2729,573646.231558,55.786,61,132.985,-2.027,76.418,135.905,76.926,443.39,187.73,100.54,176.63,76.7
2730,573646.236692,57.784,52,134.474,-2.271,74.653,140.034,78.327,445.38,187.45,98.13,182.18,78.06
2731,573646.239968,55.393,69,134.331,-4.333,79.559,140.084,74.604,445.14,184.73,104.63,182.04,74.31
2732,573646.2483,56.474,40,129.626,-2.13,76.864,139.166,79.705,439.1,187.61,101.06,181.13,79.51
2733,573646.25241,57.943,65,134.099,-1.979,75.189,141.662,77.35,444.95,187.8,98.85,184.0,77.12
2734,573646.256216,55.705,61,132.493,-2.293,76.836,136.366,76.936,442.97,187.39,100.99,177.17,76.62
2735,573646.260024,57.57,72,131.065,-1.092,75.274,140.367,76.051,441.02,188.99,98.94,182.65,75.77
2736,573646.264382,56.704,66,132.541,-1.911,75.324,137.211,76.935,442.97,187.89,99.01,178.49,76.69
2737,573646.26788,55.995,66,130.62,-2.576,77.463,138.506,78.817,440.43,187.01,101.85,180.2,78.6
2738,573646.277,57.511,66,133.942,-1.579,75.6,140.747,77.389,444.76,188.32,99.39,182.55,77.22
2739,573646.28879,58.041,69,134.52,-1.98,74.948,141.595,77.327,445.61,187.77,98.54,183.55,77.13
2740,573646.292333,55.779,62,132.799,-2.204,76.615,136.233,77.128,443.29,187.51,100.71,177.16,76.86
2741,573646.300342,57.715,68,131.495,-0.981,74.845,140.126,75.844,441.61,189.13,98.37,182.21,75.53
2742,573646.303941,56.553,68,132.908,-1.793,75.578,137.122,77.041,443.45,188.04,99.32,178.33,76.81
2743,573646.308268,56.704,58,130.484,-2.196,76.849,139.989,79.071,440.28,187.46,101.12,182.23,78.78
2744,573646.311689,57.953,68,134.092,-1.438,75.159,141.643,77.386,444.9,188.53,98.77,184.19,77.14
2745,573646.316273,56.061,63,132.735,-1.631,75.99,136.106,77.314,443.17,188.27,99.88,177.06,77.07
2746,573646.324417,57.936,71,131.199,-0.989,74.79,140.883,76.577,441.2,189.12,98.31,183.24,76.31
2747,573646.328024,56.838,68,133.271,-1.659,75.266,137.596,76.931,443.9,188.23,98.89,179.12,76.68
2748,573646.33231,55.983,60,132.677,-1.817,76.216,136.236,77.235,443.05,188.01,100.24,177.14,77.0
2749,573646.335777,57.506,61,131.595,-0.926,74.694,139.039,75.818,441.61,189.24,98.21,180.92,75.45
2750,573646.339936,56.642,65,132.532,-1.458,75.211,136.78,76.964,443.11,188.49,98.86,177.5,76.6
2751,573646.344099,58.174,52,131.305,-1.445,74.736,141.723,77.805,441.29,188.52,98.23,184.53,77.58
2752,573646.353063,57.926,60,134.03,-1.529,74.885,141.02,77.294,444.79,188.38,98.34,183.46,76.96
2753,573646.35599,55.913,64,132.343,-1.906,76.466,136.436,76.88,442.65,187.82,100.73,177.4,76.67
2754,573646.359889,57.658,73,130.506,-0.711,75.033,140.257,76.463,440.3,189.49,98.62,182.51,76.17
2755,573646.364175,56.615,67,131.819,-1.511,74.833,135.994,76.949,441.99,188.43,98.33,176.95,76.76
2756,573646.377295,57.665,59,132.785,-1.199,75.003,140.227,77.479,443.26,188.82,98.56,182.36,77.27
2757,573646.380012,56.355,63,133.746,-3.201,77.224,139.383,74.873,444.4,186.24,101.48,181.17,74.6
2758,573646.384557,58.776,55,130.347,-1.286,74.422,143.564,77.174,439.96,188.76,97.89,186.66,76.87
2759,573646.388494,57.937,71,133.302,-1.719,74.865,141.028,77.755,443.86,188.16,98.39,183.42,77.51
2760,573646.391686,55.855,59,131.505,-2.04,76.536,136.356,77.501,441.58,187.72,100.61,177.46,77.25
2761,573646.400678,57.53,74,130.298,-0.749,75.09,139.869,76.287,440.02,189.43,98.7,182.04,76.01
2762,573646.403714,56.923,67,131.8,-1.635,75.064,137.541,77.528,441.98,188.26,98.77,178.36,77.28
2763,573646.408254,56.024,59,129.876,-2.547,77.609,138.873,79.354,439.45,187.05,102.04,180.75,79.15
2764,573646.412037,57.733,66,133.249,-1.499,75.204,140.866,77.966,443.83,188.45,98.86,183.24,77.75
2765,573646.415763,55.968,67,132.177,-1.948,76.281,136.301,77.372,442.42,187.85,100.28,177.28,77.13
2766,573646.41998,58.127,65,130.475,-1.112,74.707,141.478,77.155,440.25,188.97,98.25,184.0,76.87
2767,573646.429153,58.014,67,134.077,-1.979,75.1,141.775,77.728,444.9,187.81,98.72,184.19,77.51
2768,573646.431935,55.378,61,131.166,-2.903,78.528,138.216,78.883,441.13,186.58,103.24,179.82,78.66
2769,573646.436614,57.342,67,131.512,-1.111,75.407,139.741,76.219,441.56,188.95,99.12,181.68,75.93
2770,573646.439879,56.343,64,132.83,-1.916,75.758,136.691,77.555,443.35,187.87,99.61,177.65,77.31
2771,573646.44389,56.505,54,130.634,-2.609,77.433,140.313,79.344,440.41,186.98,101.79,182.62,79.13
2772,573646.452522,57.663,65,134.327,-1.838,75.684,141.49,78.065,445.2,188.0,99.45,183.99,77.82
2773,573646.465647,58.255,60,134.335,-2.211,75.107,142.752,77.646,445.27,187.5,98.74,185.33,77.43
2774,573646.468065,55.402,57,131.555,-3.033,78.547,138.331,78.979,441.64,186.41,103.27,179.93,78.75
2775,573646.477063,56.693,57,133.096,-1.662,75.997,138.398,77.033,443.81,188.16,99.82,179.98,76.89
2776,573646.480172,56.104,65,132.793,-2.203,76.34,136.886,77.223,443.29,187.47,100.46,177.92,76.94
2777,573646.484458,57.52,53,131.115,-2.097,75.829,141.206,78.49,441.04,187.65,99.68,183.84,78.27
2778,573646.489037,57.315,70,134.346,-2.02,75.763,140.297,77.79,445.26,187.75,99.58,182.34,77.54
2779,573646.491823,55.573,63,132.433,-2.283,76.93,136.076,77.188,442.78,187.41,101.11,177.05,76.93
2780,573646.496056,57.352,75,130.914,-1.241,75.579,140.098,76.256,440.8,188.79,99.33,182.4,75.99
2781,573646.50482,55.953,71,132.096,-1.975,75.996,135.739,76.985,442.34,187.83,99.87,176.63,76.75
2782,573646.507699,55.561,63,132.327,-2.174,76.546,135.353,77.081,442.57,187.54,100.7,175.93,76.84
2783,573646.512776,57.548,62,133.387,-1.63,75.653,140.989,77.366,443.99,188.28,99.42,183.39,77.11
2784,573646.516929,56.1,62,132.03,-1.868,76.148,136.529,77.099,442.26,187.96,100.07,177.68,76.84
2785,573646.519756,58.301,64,130.105,-1.223,75.035,142.798,77.088,439.77,188.8,98.65,185.77,76.86
2786,573646.529243,57.656,69,133.807,-1.836,75.494,141.112,77.477,444.53,188.0,99.21,183.51,77.23
2787,573646.532234,55.498,61,132.285,-2.174,77.046,136.021,77.0,442.59,187.55,101.26,177.01,76.74
2788,573646.536292,57.175,70,131.204,-0.794,75.684,139.619,75.88,441.21,189.45,99.65,181.57,75.55
2789,573646.544805,57.116,56,130.075,-1.869,76.383,140.684,78.989,439.67,187.95,100.42,183.15,78.78
2790,573646.551822,58.07,65,133.9,-1.469,75.339,142.448,77.136,444.69,188.47,99.02,185.03,76.93
2791,573646.555896,55.51,62,133.009,-2.394,77.284,136.482,76.578,443.52,187.26,101.58,177.57,76.31
2792,573646.560519,58.039,68,131.235,-1.01,74.699,141.119,76.372,441.21,189.1,98.17,183.68,76.11
2793,573646.568307,56.868,60,130.465,-2.344,77.527,141.843,78.66,440.17,187.33,101.91,184.67,78.44
2794,573646.572318,57.211,61,131.538,-0.928,75.269,138.987,76.289,441.56,189.21,99.04,180.75,75.99
2795,573646.581072,56.439,67,132.934,-1.688,75.248,136.116,77.168,443.54,188.16,98.92,176.75,76.96
2796,573646.583895,56.104,55,131.306,-2.632,77.355,138.707,78.647,441.2,187.0,101.6,180.81,78.4
2797,573646.588552,57.635,71,134.706,-1.742,75.12,140.33,77.417,445.73,188.12,98.73,182.36,77.18
2798,573646.591951,55.802,65,133.299,-2.269,76.415,135.957,76.62,443.91,187.35,100.63,176.83,76.32
2799,573646.596012,57.788,75,131.605,-1.133,74.865,140.447,76.253,441.69,188.94,98.38,182.81,75.99
2800,573646.605141,57.257,62,133.406,-1.928,74.704,138.118,76.89,444.07,187.88,98.16,179.75,76.64
2801,573646.608304,55.663,63,131.391,-2.865,77.769,137.874,78.601,441.41,186.63,102.27,179.26,78.37
2802,573646.612005,57.342,58,133.956,-1.604,74.972,138.935,77.367,445.12,188.21,98.41,181.12,77.39
2803,573646.616414,56.835,63,133.151,-1.982,74.979,137.059,76.804,443.75,187.8,98.55,178.21,76.54
2804,573646.620167,58.433,66,131.321,-1.312,74.284,141.901,76.706,441.23,188.77,97.77,184.44,76.41
2805,573646.633376,56.548,57,129.744,-2.321,76.95,139.596,79.789,439.26,187.35,101.18,181.65,79.6
2806,573646.635972,58.222,75,130.859,-0.965,74.308,141.103,76.45,440.64,189.18,97.66,183.53,76.21
2807,573646.64083,57.549,66,132.938,-1.805,74.308,138.484,77.168,443.52,188.03,97.72,179.78,76.89
2808,573646.644263,57.065,65,130.502,-2.189,76.064,139.904,78.978,440.19,187.55,100.02,182.09,78.73
2809,573646.647904,58.126,68,133.947,-1.456,74.601,141.275,77.593,444.7,188.5,98.03,183.73,77.35
2810,573646.656368,56.739,64,132.191,-1.567,74.898,136.563,77.596,442.46,188.35,98.44,177.68,77.36
2811,573646.66026,58.541,65,130.499,-0.992,74.058,141.903,77.238,440.22,189.14,97.41,184.47,76.97
2812,573646.663876,58.293,68,133.926,-1.704,74.403,141.567,77.805,444.72,188.16,97.77,184.21,77.54
2813,573646.668075,56.134,55,131.886,-2.099,76.331,136.978,78.103,442.32,187.64,100.37,177.64,77.7
2814,573646.671961,57.771,69,131.217,-0.784,74.564,139.817,76.377,441.24,189.43,98.11,181.89,76.11
2815,573646.680625,57.144,62,132.295,-1.572,74.904,138.063,77.502,442.57,188.36,98.51,179.22,77.27
2816,573646.68405,57.08,60,130.134,-2.005,76.257,140.316,79.559,439.68,187.78,100.29,182.39,79.38
2817,573646.687984,57.829,71,133.735,-1.393,75.123,141.089,78.066,444.46,188.58,98.75,183.37,77.83
2818,573646.692568,55.926,68,132.172,-1.813,76.27,136.132,77.776,442.47,188.01,100.29,177.04,77.53
2819,573646.695959,57.994,73,130.566,-0.88,74.783,141.097,77.197,440.34,189.26,98.29,183.68,76.95
2820,573646.699969,58.269,63,133.715,-1.808,74.876,142.368,77.953,444.46,188.03,98.44,184.88,77.73
2821,573646.708818,55.7,59,130.693,-2.568,78.193,138.757,79.348,440.48,187.07,102.67,180.69,79.16
2822,573646.721019,57.538,56,129.886,-1.959,76.217,142.0,79.488,439.33,187.82,100.26,184.84,79.3
2823,573646.724065,57.944,66,133.595,-1.696,75.338,141.949,78.23,444.21,188.2,99.0,184.7,77.97
2824,573646.732412,55.604,65,132.364,-2.113,76.883,136.099,77.641,442.76,187.57,101.12,176.84,77.48
2825,573646.736198,57.486,73,130.681,-1.127,75.503,140.469,76.912,440.49,188.94,99.24,182.87,76.66
2826,573646.74018,56.547,64,132.354,-1.942,75.697,137.317,77.575,442.74,187.85,99.53,178.44,77.3
2827,573646.744228,55.061,61,130.611,-2.936,78.806,137.604,79.244,440.41,186.53,103.61,179.05,79.03
2828,573646.747929,57.286,61,133.311,-1.762,75.929,140.495,77.945,443.95,188.09,99.77,182.9,77.72
2829,573646.756487,56.079,64,132.042,-1.958,76.212,136.568,77.699,442.36,187.76,100.35,177.44,77.42
2830,573646.76027,57.323,58,130.117,-1.37,76.153,141.047,77.337,439.68,188.66,100.22,183.46,77.02
2831,573646.764145,57.384,73,133.831,-2.018,75.842,140.708,77.902,444.51,187.79,99.66,182.89,77.71
2832,573646.768135,55.821,57,132.138,-1.912,76.44,136.069,77.668,442.38,187.89,100.5,177.05,77.44
2833,573646.77218,57.246,72,130.887,-1.103,75.913,140.31,76.26,440.68,188.98,99.8,182.44,75.95
2834,573646.776444,56.279,63,132.323,-2.017,76.429,137.674,77.453,442.59,187.77,100.48,178.95,77.22
2835,573646.784324,56.564,58,130.18,-2.358,77.275,140.242,79.22,439.82,187.29,101.62,182.55,79.02
2836,573646.788339,57.687,64,133.731,-1.714,75.932,142.051,77.389,444.46,188.14,99.81,184.55,77.18
2837,573646.792548,54.563,61,134.0,-4.244,80.496,138.834,75.226,444.83,184.93,105.52,180.72,74.94
2838,573646.800624,57.515,64,134.689,-2.377,76.203,141.885,77.02,445.67,187.3,100.13,184.44,76.77
2839,573646.808242,55.412,62,131.218,-2.839,78.922,139.026,78.732,441.19,186.67,103.75,180.89,78.51
2840,573646.812604,57.125,60,131.45,-1.267,75.69,139.443,75.675,441.53,188.75,99.46,181.38,75.36
2841,573646.821386,56.89,64,130.622,-2.229,77.073,141.096,78.878,440.17,187.58,101.33,183.91,78.46
2842,573646.823908,57.895,62,134.482,-1.829,75.541,142.134,77.264,445.41,188.01,99.27,184.75,77.01
2843,573646.832834,55.276,62,133.419,-2.598,77.598,136.227,76.489,444.04,186.79,102.54,176.99,76.22
2844,573646.835822,57.469,74,131.806,-1.225,75.361,140.141,76.214,441.93,188.82,99.06,182.27,75.95
2845,573646.841035,58.503,63,134.319,-2.078,74.687,142.951,76.92,445.28,187.68,98.18,185.57,76.63
2846,573646.843985,56.714,64,130.802,-2.396,77.384,141.003,78.326,440.61,187.26,101.73,183.54,78.1
2847,573646.847825,57.321,58,132.023,-1.136,75.316,139.493,75.623,442.02,188.98,98.99,180.91,75.33
2848,573646.852166,56.872,65,133.159,-1.902,75.213,137.624,76.495,443.85,187.91,98.86,178.73,76.15
2849,573646.860429,57.508,56,131.074,-1.068,75.698,140.915,76.247,440.95,189.03,99.53,183.31,75.95
2850,573646.863828,57.632,76,134.658,-1.727,75.211,140.489,77.336,445.63,188.15,98.83,182.69,77.08
2851,573646.868446,55.656,57,131.333,-2.82,78.056,138.359,77.788,441.51,186.63,102.68,179.58,77.57
2852,573646.872844,57.826,76,131.055,-0.885,74.779,140.433,75.857,440.96,189.29,98.34,182.61,75.53
2853,573646.875846,57.315,64,132.822,-1.75,74.554,138.057,76.674,443.36,188.1,98.02,179.42,76.43
2854,573646.885129,56.107,63,130.734,-2.47,77.208,138.455,78.481,440.58,187.14,101.6,179.8,78.24
2855,573646.888955,58.251,61,133.597,-1.502,74.41,141.412,77.068,444.31,188.43,97.81,183.74,76.84
2856,573646.896593,58.592,64,130.126,-0.985,74.255,142.488,76.829,439.71,189.13,97.62,185.42,76.57
2857,573646.900169,58.418,71,133.959,-1.646,74.284,141.838,77.406,444.76,188.25,97.69,184.45,77.15
2858,573646.908036,56.148,60,132.28,-1.937,75.886,136.229,77.169,442.58,187.86,99.75,177.28,76.92
2859,573646.912057,57.937,70,131.134,-0.697,74.316,139.994,76.026,441.04,189.51,97.67,182.14,75.73
2860,573646.915846,56.697,65,132.085,-1.437,74.732,136.107,77.257,442.37,188.46,98.4,176.83,76.97
2861,573646.920029,57.577,56,130.39,-1.811,75.372,140.577,78.946,440.11,188.02,99.1,182.96,78.74
2862,573646.92394,58.126,69,133.983,-1.35,74.776,141.607,77.527,444.75,188.64,98.27,184.14,77.28
2863,573646.928189,56.841,59,132.114,-1.346,74.852,136.848,78.062,442.35,188.65,98.36,178.03,77.85
2864,573646.936899,58.432,69,130.732,-0.84,74.076,141.5,77.001,440.64,189.33,97.34,184.01,76.67
2865,573646.94031,58.445,70,134.242,-1.86,74.335,142.044,77.856,445.02,187.99,97.66,184.9,77.59
2866,573646.944302,56.201,59,130.959,-2.549,77.508,139.33,79.323,440.85,187.04,101.91,181.28,79.12
2867,573646.948465,57.673,64,131.621,-1.058,74.788,139.854,76.385,441.73,189.03,98.32,181.73,76.1
2868,573646.95241,56.402,63,133.182,-1.953,75.424,136.302,77.18,443.77,187.84,99.11,177.38,76.93
2869,573646.961074,56.437,55,132.687,-1.937,75.334,136.262,78.064,443.12,187.86,99.02,177.29,77.82
2870,573646.972961,57.521,75,130.907,-1.158,75.337,140.294,76.971,440.83,188.89,99.04,182.46,76.7
2871,573646.976314,56.292,68,132.425,-1.959,75.677,136.365,77.54,442.81,187.83,99.47,177.41,77.29
2872,573646.984663,56.001,62,132.85,-2.034,75.967,135.855,77.355,443.32,187.73,99.86,176.79,77.11
2873,573646.98888,55.961,51,131.177,-1.171,76.106,135.963,77.218,441.27,188.87,100.06,176.93,77.1
2874,573646.991568,55.48,65,133.954,-4.028,79.189,139.737,75.296,444.72,185.13,104.07,181.77,75.03
2875,573646.996033,58.614,45,130.835,-1.796,75.494,144.959,77.52,440.49,188.13,99.34,188.35,77.17
2876,573647.000026,56.945,63,133.575,-1.764,76.271,139.835,78.268,444.32,188.06,100.29,181.55,78.08
2877,573647.003765,55.761,65,131.72,-1.804,76.565,136.081,77.798,441.87,187.93,100.83,177.08,77.46
2878,573647.0128,57.101,72,130.321,-0.904,75.971,139.87,76.494,439.97,189.26,99.88,182.03,76.21
2879,573647.01592,56.31,65,131.635,-1.708,76.119,137.226,77.41,441.79,188.16,100.13,178.06,77.18
2880,573647.020354,55.737,62,129.575,-2.32,78.113,138.746,79.532,439.05,187.34,102.71,180.6,79.33
2881,573647.024139,56.053,59,131.692,-1.363,76.744,137.432,77.005,441.64,188.58,101.06,177.94,76.7
2882,573647.02833,55.307,67,131.583,-2.072,77.479,136.123,77.31,441.71,187.67,101.87,177.09,77.06
2883,573647.03744,57.433,69,129.812,-0.948,75.777,140.775,76.82,439.31,189.16,99.66,183.33,76.61
2884,573647.040078,57.324,74,133.542,-1.823,76.032,140.829,77.62,444.17,188.02,99.92,183.16,77.37
2885,573647.044097,55.067,61,130.346,-2.628,79.098,138.135,78.729,440.1,186.91,104.04,179.78,78.45
2886,573647.0486,56.986,67,130.754,-0.846,76.165,139.792,76.097,440.59,189.31,100.09,182.02,75.82
2887,573647.06046,56.733,58,129.704,-2.135,77.311,140.94,79.101,439.13,187.6,101.69,183.28,78.9
2888,573647.064043,57.511,63,133.528,-1.53,76.053,141.589,77.69,444.16,188.4,99.95,184.13,77.44
2889,573647.068573,55.695,63,132.185,-1.851,76.706,136.1,77.163,442.49,187.92,100.91,177.13,76.85
2890,573647.076832,56.547,59,133.075,-1.946,75.955,137.784,76.748,443.66,187.85,99.8,179.38,76.49
2891,573647.079775,54.93,60,131.217,-3.036,79.278,137.975,78.404,441.2,186.41,104.22,179.51,78.17
2892,573647.089334,57.037,58,134.594,-2.031,75.641,139.02,78.314,445.55,187.75,99.41,180.85,78.05
2893,573647.092245,56.521,61,133.262,-2.069,75.786,137.386,76.53,443.93,187.66,99.59,178.94,76.21
2894,573647.096918,58.067,54,131.687,-1.887,75.302,142.369,77.491,441.75,187.96,98.96,185.46,77.21
2895,573647.099947,58.019,66,135.071,-2.199,75.063,141.727,77.016,446.23,187.51,98.68,183.97,76.81
2896,573647.104297,56.135,66,133.51,-2.314,76.073,136.517,76.639,444.23,187.32,100.05,177.53,76.34
2897,573647.112494,57.764,74,131.873,-1.297,74.877,140.375,76.024,442.0,188.73,98.42,182.57,75.74
2898,573647.116419,57.043,65,133.544,-2.113,74.887,137.658,76.788,444.29,187.62,98.45,178.88,76.54
2899,573647.119757,56.81,59,131.396,-2.615,76.634,139.99,78.436,441.35,186.99,100.71,182.37,78.21
2900,573647.124823,57.842,62,134.371,-1.82,74.868,140.66,77.087,445.29,188.06,98.45,183.01,76.83
2901,573647.128029,56.57,64,133.27,-2.236,75.416,136.89,76.796,443.88,187.47,99.1,178.11,76.54
2902,573647.132266,58.454,60,130.851,-1.449,74.553,142.499,77.002,440.64,188.58,98.19,184.88,76.68
2903,573647.145121,56.222,61,130.216,-2.889,77.815,139.961,79.305,439.87,186.56,102.42,182.06,79.12
2904,573647.152963,58.553,50,133.108,-1.949,74.398,142.605,77.726,443.75,187.88,97.89,185.13,77.58
2905,573647.155868,56.728,64,129.832,-2.515,76.987,140.328,79.498,439.34,187.11,101.22,182.74,79.27
2906,573647.16467,58.307,60,133.248,-1.412,74.923,142.61,77.808,443.88,188.53,98.5,185.15,77.61
2907,573647.167822,54.884,57,133.02,-3.516,78.802,136.992,76.417,443.45,185.84,103.57,178.18,76.16
2908,573647.171771,58.112,60,130.63,-1.059,74.648,141.31,76.701,440.42,189.04,98.15,183.73,76.44
2909,573647.175782,57.179,66,132.824,-1.574,74.782,137.969,77.367,443.32,188.34,98.27,179.63,77.13
2910,573647.179915,55.601,59,130.711,-2.571,77.841,137.784,78.683,440.61,186.92,102.54,178.92,78.41
2911,573647.189729,57.132,60,131.426,-0.846,75.185,138.537,76.451,441.49,189.34,98.95,180.07,76.16
2912,573647.192485,57.107,60,132.123,-1.407,74.858,137.841,77.539,442.42,188.55,98.41,179.18,77.32
2913,573647.196431,58.419,57,130.502,-1.089,74.576,142.402,77.61,440.03,189.0,98.03,184.93,77.26
2914,573647.200247,57.96,73,134.193,-1.451,75.079,141.519,77.679,445.01,188.51,98.66,184.02,77.44
2915,573647.204308,56.017,57,133.724,-3.165,77.836,139.257,75.888,444.39,186.25,102.37,180.76,75.6
2916,573647.208252,57.8,71,130.934,-0.854,74.843,140.452,76.547,440.82,189.3,98.36,182.83,76.28
2917,573647.216095,56.795,70,132.763,-1.677,75.07,137.079,77.367,443.14,188.23,98.68,178.18,77.12
2918,573647.228924,56.607,60,132.332,-1.67,75.32,136.85,77.79,442.65,188.22,98.98,178.06,77.56
2919,573647.232225,58.123,58,130.613,-1.57,74.992,142.004,78.232,440.23,188.4,98.65,184.67,77.94
2920,573647.241049,57.852,69,134.455,-2.011,75.178,141.282,77.836,445.36,187.77,98.8,183.69,77.59
2921,573647.244116,55.503,56,131.362,-3.015,78.468,138.547,78.612,441.47,186.41,103.21,179.99,78.38
2922,573647.248759,57.609,72,131.126,-1.088,75.326,140.614,76.643,441.02,189.01,99.01,182.92,76.39
2923,573647.251716,56.904,64,133.012,-2.085,75.415,138.111,77.427,443.55,187.67,99.1,179.74,77.18
2924,573647.256073,55.876,64,130.742,-2.785,77.896,138.856,79.448,440.59,186.73,102.4,180.77,79.24
2925,573647.264188,57.576,60,133.96,-1.626,75.799,141.368,77.835,444.76,188.31,99.73,183.76,77.62
2926,573647.267715,56.206,62,132.962,-2.307,76.206,137.01,77.046,443.47,187.38,100.14,178.28,76.79
2927,573647.272046,57.786,65,130.954,-1.434,75.42,141.479,77.066,440.84,188.54,99.13,184.16,76.81
2928,573647.275882,57.709,71,134.474,-2.098,75.432,141.199,77.894,445.41,187.66,99.15,183.48,77.65
2929,573647.280034,55.466,58,131.247,-2.985,78.527,138.521,78.734,441.25,186.47,103.24,180.19,78.5
2930,573647.283964,56.722,65,131.584,-0.966,76.341,139.129,76.169,441.65,189.16,100.36,180.87,75.85
2931,573647.293161,56.658,59,132.395,-1.822,75.589,137.524,77.496,442.64,188.07,99.33,178.66,77.32
2932,573647.296428,56.959,58,130.369,-2.249,76.74,140.744,79.054,440.02,187.47,100.88,183.09,78.9
2933,573647.300544,57.565,69,134.168,-1.663,75.941,141.592,77.755,445.01,188.24,99.83,184.12,77.54
2934,573647.309077,58.157,74,130.593,-1.022,74.901,141.967,76.553,440.36,189.08,98.44,184.85,76.3
2935,573647.316106,58.112,64,133.824,-1.972,75.286,142.517,77.449,444.61,187.83,99.02,185.06,77.25
2936,573647.320344,56.187,59,130.022,-2.492,78.148,140.431,79.043,439.64,187.23,102.46,182.98,78.75
2937,573647.329125,56.608,56,131.545,-1.34,75.467,137.124,77.78,441.62,188.66,99.17,178.43,77.56
2938,573647.331769,57.739,60,130.118,-1.697,75.942,142.273,78.485,439.73,188.18,99.83,185.28,78.27
2939,573647.340715,57.924,64,133.998,-1.653,75.332,141.858,77.4,444.83,188.23,99.03,184.24,77.18
2940,573647.34402,53.723,50,132.344,-3.398,79.874,134.993,76.254,442.64,185.96,104.94,175.79,75.94
2941,573647.348068,58.089,70,130.695,-0.867,74.862,141.622,76.168,440.43,189.3,98.43,184.13,75.89
2942,573647.352209,56.575,63,132.426,-1.671,75.362,136.812,76.539,442.75,188.23,99.04,177.96,76.28
2943,573647.355906,56.293,59,133.017,-1.707,75.508,136.063,76.606,443.54,188.16,99.25,177.06,76.36
2944,573647.36059,57.193,61,133.271,-1.369,75.171,138.742,76.952,443.82,188.57,99.0,179.77,76.71
2945,573647.368666,56.631,65,132.619,-1.681,75.426,137.132,76.876,443.03,188.2,99.12,178.44,76.62
2946,573647.371733,58.536,56,130.609,-1.172,74.72,143.151,76.966,440.16,189.01,98.47,185.65,76.61
2947,573647.376339,58.207,68,134.534,-1.778,74.74,141.86,77.284,445.46,188.09,98.21,184.43,77.03
2948,573647.37974,55.876,60,132.842,-2.215,76.524,136.409,76.925,443.35,187.33,100.94,177.2,76.71
2949,573647.38421,57.729,72,131.394,-0.919,74.772,140.04,75.896,441.39,189.23,98.28,182.18,75.63
2950,573647.396427,57.307,61,130.247,-2.216,76.411,141.468,78.782,439.89,187.5,100.45,184.19,78.57
2951,573647.404694,55.191,58,133.245,-3.904,79.168,138.685,76.159,443.81,185.29,104.04,180.41,75.89
2952,573647.408178,58.225,63,130.95,-1.363,74.865,142.171,76.564,440.73,188.66,98.44,184.73,76.31
2953,573647.416588,58.552,65,134.016,-1.931,74.289,142.393,77.499,444.85,187.87,97.66,184.89,77.27
2954,573647.419795,56.292,57,130.89,-2.609,77.356,139.391,78.754,440.76,186.97,101.7,181.37,78.54
2955,573647.423668,57.79,68,131.474,-0.919,74.852,140.428,76.05,441.52,189.22,98.36,182.84,75.78
2956,573647.428331,57.206,61,132.571,-1.775,74.906,138.3,77.261,443.04,188.05,98.5,179.63,77.05
2957,573647.432241,56.87,58,130.036,-2.222,76.465,139.906,79.354,439.61,187.53,100.42,182.17,79.19
2958,573647.435898,57.827,66,133.772,-1.498,75.139,141.112,77.889,444.52,188.46,98.81,183.23,77.74
2959,573647.445069,56.483,60,132.071,-1.59,75.357,136.472,77.867,442.3,188.32,99.04,177.55,77.64
2960,573647.447781,58.138,72,130.763,-0.884,74.565,141.256,76.652,440.55,189.27,98.02,183.79,76.41
2961,573647.452423,58.439,64,133.774,-1.808,74.731,142.777,77.813,444.54,188.04,98.24,185.43,77.55
2962,573647.456026,56.632,60,130.169,-2.296,77.129,140.231,79.418,439.79,187.43,101.28,182.63,79.24
2963,573647.460009,57.765,56,131.712,-0.947,75.087,140.774,76.657,441.64,189.2,98.75,182.54,76.37
2964,573647.468102,56.488,63,132.334,-1.742,75.742,137.186,77.416,442.71,188.09,99.56,178.66,77.12
2965,573647.472134,58.208,52,129.39,-1.574,75.483,143.275,79.239,438.8,188.34,99.25,186.5,79.03
2966,573647.485154,57.776,69,130.495,-0.86,75.115,140.867,76.717,440.21,189.29,98.74,183.3,76.45
2967,573647.493372,56.581,62,131.949,-1.686,75.332,136.777,77.477,442.2,188.19,99.03,177.89,77.22
2968,573647.495768,56.017,58,132.11,-1.996,76.303,136.512,77.872,442.33,187.77,100.35,177.5,77.63
2969,573647.499635,56.816,60,132.018,-1.338,75.52,137.978,76.947,442.23,188.66,99.25,179.5,76.71
2970,573647.504849,55.643,64,132.497,-2.366,77.011,136.458,77.041,442.89,187.29,101.24,177.48,76.78
2971,573647.507883,58.304,56,130.208,-1.329,75.282,143.283,77.422,439.81,188.66,98.98,186.64,77.23
2972,573647.512267,57.853,66,133.955,-2.007,75.428,141.758,77.842,444.66,187.84,99.03,184.27,77.66
2973,573647.520818,55.454,64,132.451,-2.296,77.113,135.984,77.382,442.83,187.37,101.4,176.84,77.12
2974,573647.524366,57.053,73,131.039,-1.063,75.953,139.655,76.311,440.98,189.03,99.87,181.69,76.02
2975,573647.528163,56.007,67,131.992,-1.764,76.023,135.974,77.605,442.29,188.07,99.98,176.64,77.35
2976,573647.532427,55.836,62,130.207,-2.659,78.105,139.085,79.221,439.78,186.96,102.64,180.8,79.1
2977,573647.536008,57.329,64,133.659,-1.704,76.014,140.815,77.871,444.32,188.16,99.83,183.06,77.68
2978,573647.54493,55.311,63,132.461,-2.399,77.466,136.114,77.003,442.82,187.25,101.82,177.12,76.74
2979,573647.548483,57.532,68,130.762,-1.213,75.635,140.891,76.717,440.58,188.86,99.49,183.33,76.43
2980,573647.552029,57.768,64,133.853,-2.027,75.732,141.993,77.639,444.69,187.72,99.59,184.25,77.43
2981,573647.556173,55.406,58,130.729,-2.8,78.748,138.7,78.823,440.56,186.72,103.53,180.46,78.6
2982,573647.569163,56.27,61,132.026,-1.503,75.637,136.216,77.763,442.29,188.43,99.43,177.11,77.52
2983,573647.571965,56.89,60,130.471,-2.181,76.859,140.703,78.828,440.2,187.5,101.14,183.11,78.59
2984,573647.576695,57.58,69,134.3,-1.813,75.814,141.413,77.668,445.16,188.05,99.7,183.82,77.43
2985,573647.579599,56.076,66,132.617,-1.982,76.429,136.946,77.024,443.02,187.8,100.45,178.18,76.77
2986,573647.584124,57.726,71,130.745,-1.048,75.38,141.17,76.309,440.53,189.06,99.09,183.68,76.06
2987,573647.588533,58.15,60,133.833,-2.006,75.137,142.388,77.078,444.65,187.77,98.77,185.01,76.88
2988,573647.596093,56.667,65,130.277,-2.238,77.393,140.841,78.49,439.93,187.47,101.74,183.35,78.27
2989,573647.600517,57.338,53,131.244,-1.194,75.224,139.387,75.432,441.25,188.86,98.85,181.49,75.16
2990,573647.604211,55.572,67,134.422,-4.208,79.362,140.37,74.439,445.28,184.87,104.38,182.58,74.2
2991,573647.608385,58.447,39,128.285,-0.614,74.082,141.571,79.779,437.33,189.62,97.38,184.27,79.62
2992,573647.611665,57.82,63,134.163,-1.843,75.26,141.311,77.241,445.06,187.98,98.96,183.47,77.01
2993,573647.620934,55.478,57,131.119,-2.781,78.459,138.444,78.166,441.07,186.75,103.13,180.13,77.93
2994,573647.623844,57.762,71,130.751,-0.924,75.072,140.731,75.993,440.58,189.21,98.65,183.24,75.72
2995,573647.628569,57.09,64,132.61,-1.845,75.092,138.207,76.833,443.05,187.98,98.71,179.74,76.58
2996,573647.632507,56.243,60,130.407,-2.417,77.408,139.307,78.753,440.03,187.26,101.71,181.63,78.5
2997,573647.636305,57.369,59,134.083,-1.296,75.89,140.74,77.868,444.86,188.72,99.87,182.54,77.61
2998,573647.640567,56.309,68,132.7,-2.044,75.915,136.856,76.573,443.13,187.73,99.76,178.09,76.31
2999,573647.652947,58.201,67,134.105,-1.771,74.681,141.725,77.449,444.92,188.09,98.15,184.25,77.2
3000,573647.661166,57.444,66,131.499,-0.858,75.089,139.54,75.799,441.51,189.31,98.65,181.76,75.49
3001,573647.664333,56.896,64,132.93,-1.712,75.048,137.41,76.942,443.37,188.15,98.8,178.1,76.65
3002,573647.672786,56.264,58,130.872,-2.329,76.994,138.636,78.724,440.75,187.34,101.22,180.38,78.5
3003,573647.675988,57.542,69,134.236,-1.443,75.378,140.454,77.474,445.09,188.52,99.05,182.65,77.22
3004,573647.679592,56.282,64,132.546,-1.738,75.665,136.307,77.292,442.92,188.13,99.45,177.34,77.05
3005,573647.684045,58.174,75,131.032,-0.892,74.516,141.304,76.446,440.97,189.24,97.95,183.84,76.19
3006,573647.687934,58.31,62,134.362,-1.942,74.654,142.11,77.459,445.34,187.86,98.15,184.45,77.2
3007,573647.696891,56.757,66,130.631,-2.274,77.02,140.499,78.817,440.39,187.46,101.14,182.96,78.61
3008,573647.699918,57.595,60,131.707,-0.999,74.949,139.857,75.947,441.81,189.1,98.5,181.72,75.61
3009,573647.703977,56.348,66,132.716,-1.826,75.71,136.624,77.337,443.16,188.01,99.57,177.39,77.09
3010,573647.708399,57.053,56,130.51,-2.185,76.259,140.216,79.062,440.25,187.53,100.26,182.52,78.85
3011,573647.711952,57.826,71,134.208,-1.703,75.121,141.075,77.722,445.04,188.18,98.71,183.46,77.48
3012,573647.715964,56.023,66,132.584,-1.991,76.211,136.368,77.304,442.97,187.79,100.18,177.43,77.06
3013,573647.72401,57.799,76,130.912,-0.989,74.893,140.541,76.499,440.79,189.12,98.43,182.97,76.24
3014,573647.728004,58.12,64,133.874,-1.926,74.868,141.758,77.839,444.77,187.85,98.44,184.04,77.69
3015,573647.737041,57.639,54,132.987,-1.421,74.985,140.092,77.453,443.49,188.55,98.55,182.28,77.2
3016,573647.741259,56.561,66,132.506,-2.101,75.761,137.484,76.998,442.92,187.65,99.62,178.5,76.68
3017,573647.748791,58.128,61,130.149,-1.223,74.94,141.924,77.237,439.86,188.83,98.6,184.42,76.95
3018,573647.75171,57.831,73,133.852,-1.885,75.11,141.074,77.976,444.57,187.94,98.71,183.46,77.74
3019,573647.756471,55.92,62,132.145,-2.082,76.257,136.088,77.367,442.42,187.6,100.42,176.96,77.11
3020,573647.760194,57.404,77,130.613,-0.945,75.389,139.943,76.596,440.37,189.18,99.09,182.1,76.32
3021,573647.763973,56.486,64,132.116,-1.791,75.242,136.274,77.4,442.33,188.06,98.9,177.22,77.12
3022,573647.772788,55.745,64,130.195,-2.555,77.602,137.867,79.23,439.87,187.04,102.03,179.41,79.02
3023,573647.775814,57.61,61,133.376,-1.606,75.552,141.041,77.872,443.97,188.3,99.29,183.45,77.63
3024,573647.780462,56.063,64,131.807,-1.873,76.045,136.212,77.631,442.06,187.85,100.1,177.37,77.27
3025,573647.784764,57.918,68,130.129,-1.185,75.191,141.569,77.225,439.77,188.86,98.83,184.33,76.98
3026,573647.787869,57.801,68,133.842,-1.981,75.378,141.458,77.998,444.59,187.81,99.08,183.84,77.75
3027,573647.791877,55.581,63,130.633,-2.774,78.372,138.652,79.124,440.43,186.75,103.03,180.43,78.91
3028,573647.800342,56.842,66,131.529,-1.134,75.955,138.87,76.407,441.63,188.91,99.81,180.71,76.17
3029,573647.80425,56.443,64,132.338,-1.832,75.988,137.47,77.521,442.66,188.0,99.97,178.27,77.3
3030,573647.807635,56.674,63,130.244,-2.214,77.055,140.251,79.123,439.87,187.51,101.31,182.51,78.93
3031,573647.812156,57.265,66,134.088,-1.67,76.336,141.166,77.883,444.85,188.24,100.31,183.48,77.68
3032,573647.825076,57.56,72,130.74,-1.054,75.66,141.048,76.558,440.52,189.05,99.46,183.5,76.3
3033,573647.827842,56.25,64,132.869,-1.922,76.277,137.294,77.159,443.21,187.92,100.28,178.26,76.91
3034,573647.832257,55.03,64,130.987,-2.829,78.97,137.784,78.984,440.91,186.67,103.83,179.24,78.75
3035,573647.836285,57.067,54,131.815,-1.161,76.07,139.923,76.143,441.98,188.92,100.03,182.08,75.85
3036,573647.840347,55.779,61,132.89,-2.034,76.62,136.241,76.673,443.36,187.76,100.7,177.07,76.43
3037,573647.84827,55.793,54,132.634,-2.028,76.021,135.223,77.491,443.12,187.72,99.96,175.58,77.22
3038,573647.852427,57.326,71,134.069,-1.794,75.921,140.632,77.491,444.87,188.06,99.77,182.88,77.24
3039,573647.856155,55.834,60,132.233,-1.965,76.674,136.531,77.005,442.52,187.83,100.77,177.65,76.75
3040,573647.86055,57.552,76,130.676,-0.915,75.392,140.515,76.139,440.48,189.22,99.08,182.96,75.88
3041,573647.863818,56.46,68,132.361,-1.858,75.709,137.023,76.702,442.73,187.97,99.51,178.25,76.43
3042,573647.868248,55.475,63,130.526,-2.613,78.196,137.968,78.659,440.34,186.92,102.92,179.33,78.38
3043,573647.876315,57.432,59,133.406,-1.284,75.838,140.885,77.177,443.98,188.73,99.66,183.13,76.89
3044,573647.880324,56.312,62,132.217,-1.882,75.952,136.932,76.669,442.54,187.84,100.09,177.95,76.37
3045,573647.883624,58.023,66,130.709,-1.157,74.807,141.259,76.571,440.59,188.89,98.31,183.89,76.27
3046,573647.888552,58.044,72,134.367,-1.962,74.864,141.449,77.068,445.26,187.85,98.39,183.85,76.81
3047,573647.891909,55.539,58,132.588,-2.282,77.027,136.129,76.737,442.98,187.41,101.23,177.14,76.47
3048,573647.901004,57.369,74,131.386,-0.878,75.247,139.545,75.832,441.41,189.27,98.88,181.67,75.56
3049,573647.91271,57.491,71,134.413,-1.405,75.371,140.244,77.473,445.4,188.55,99.1,182.07,77.23
3050,573647.91608,55.879,60,132.904,-2.139,76.45,136.289,76.627,443.5,187.62,100.41,177.13,76.31
3051,573647.924367,58.124,68,131.179,-0.99,74.632,141.326,76.431,441.1,189.13,98.11,183.8,76.18
3052,573647.9279,56.593,67,132.704,-1.637,75.027,136.266,76.616,443.16,188.26,98.58,177.39,76.36
3053,573647.931752,55.789,64,131.201,-2.541,77.767,138.316,78.599,441.18,187.06,102.24,179.95,78.37
3054,573647.935924,57.076,59,131.866,-0.763,75.523,138.951,75.656,442.08,189.45,99.38,180.66,75.35
3055,573647.940244,57.178,63,132.926,-1.668,74.934,138.247,76.864,443.44,188.22,98.47,179.89,76.61
3056,573647.94414,57.498,58,130.523,-1.878,75.761,140.997,78.563,440.24,187.84,99.87,183.43,78.34
3057,573647.952891,58.152,71,134.326,-1.63,74.754,141.669,77.442,445.2,188.28,98.24,184.2,77.2
3058,573647.956198,56.584,59,132.619,-1.605,75.273,136.685,77.309,443.01,188.31,98.92,177.83,77.08
3059,573647.959913,58.112,77,130.876,-0.813,74.458,140.948,76.281,440.68,189.37,97.87,183.33,76.02
3060,573647.964024,56.989,65,132.524,-1.679,74.72,137.152,76.938,442.95,188.2,98.21,178.41,76.67
3061,573647.968275,56.497,60,132.865,-1.664,75.072,136.006,76.848,443.34,188.22,98.68,176.99,76.6
3062,573647.976662,56.749,61,132.716,-1.137,75.368,137.455,77.099,443.12,188.88,99.2,178.53,76.87
3063,573647.98019,56.691,63,132.43,-1.841,75.237,137.007,76.797,442.82,187.99,98.9,178.18,76.53
3064,573647.983962,57.916,55,130.454,-0.937,74.867,140.951,76.655,440.19,189.19,98.41,183.5,76.39
3065,573647.988642,57.933,76,133.902,-1.742,74.644,140.597,77.736,444.64,188.13,98.1,182.85,77.49
3066,573648.00139,57.603,80,130.557,-0.703,75.061,140.095,76.318,440.32,189.5,98.65,182.4,76.05
3067,573648.004728,57.313,64,132.376,-1.715,74.681,138.285,77.382,442.77,188.15,98.2,179.66,77.13
3068,573648.013017,57.903,61,133.986,-1.527,74.875,140.912,77.995,444.83,188.37,98.41,183.05,77.8
3069,573648.016137,56.6,62,132.178,-1.496,75.043,136.323,77.823,442.48,188.44,98.65,177.26,77.58
3070,573648.020528,58.195,66,130.698,-1.098,74.846,142.014,77.034,440.53,188.97,98.39,184.77,76.79
3071,573648.028878,58.176,70,134.28,-1.9,74.868,141.982,77.958,445.13,187.92,98.39,184.58,77.72
3072,573648.032032,56.121,55,130.777,-2.551,77.717,139.417,79.213,440.61,187.04,102.17,181.4,79.0
3073,573648.035642,57.139,72,131.549,-0.889,75.633,139.387,76.404,441.49,189.32,99.4,181.09,76.22
3074,573648.040729,56.565,65,132.676,-1.739,75.415,136.873,77.582,443.21,188.07,99.21,177.93,77.31
3075,573648.044059,57.033,59,130.695,-2.157,76.509,140.602,79.276,440.52,187.57,100.56,183.11,79.09
3076,573648.052777,57.545,69,134.59,-1.664,75.902,141.441,78.096,445.53,188.23,99.74,183.9,77.85
3077,573648.055889,54.769,58,134.169,-4.065,79.992,138.665,75.812,445.02,185.09,105.08,180.42,75.54
3078,573648.05998,57.386,63,131.627,-1.425,75.942,140.9,76.301,441.69,188.56,99.82,183.26,76.04
3079,573648.063944,56.092,66,132.889,-1.963,76.131,136.472,77.238,443.43,187.83,100.02,177.63,76.96
3080,573648.068219,54.75,60,131.207,-2.978,79.109,137.069,78.92,441.2,186.48,104.0,178.32,78.69
3081,573648.076974,56.896,58,134.249,-1.611,76.254,139.62,78.303,445.11,188.3,100.2,181.65,78.04
3082,573648.089005,57.475,65,134.12,-1.896,75.923,141.211,77.767,444.97,187.92,99.84,183.25,77.54
3083,573648.092028,55.533,60,132.234,-2.257,77.183,136.382,77.186,442.52,187.44,101.45,177.48,76.93
3084,573648.096352,57.428,68,130.415,-1.031,75.583,140.394,76.481,440.14,189.06,99.33,182.79,76.22
3085,573648.10564,56.157,68,131.962,-1.916,76.037,136.531,76.98,442.13,187.89,99.92,177.63,76.68
3086,573648.107845,55.858,63,132.277,-1.909,76.184,135.743,76.995,442.5,187.83,100.34,176.63,76.82
3087,573648.113492,57.384,56,133.341,-1.379,75.969,140.943,77.572,443.91,188.56,99.71,183.47,77.28
3088,573648.115698,56.211,67,131.922,-1.857,76.114,136.86,77.003,442.12,187.97,100.03,178.12,76.75
3089,573648.120319,57.832,63,129.927,-1.244,75.556,141.915,77.111,439.5,188.78,99.31,184.8,76.86
3090,573648.12908,57.823,72,133.868,-1.831,75.402,141.59,77.55,444.59,188.02,99.09,184.12,77.31
3091,573648.131951,55.882,61,132.086,-1.983,76.486,136.363,77.128,442.33,187.81,100.52,177.45,76.88
3092,573648.136652,57.415,72,130.762,-0.792,75.419,140.042,75.928,440.62,189.41,99.19,182.28,75.67
3093,573648.139913,56.711,67,132.44,-1.67,75.382,137.34,77.174,442.9,188.17,99.08,178.43,77.0
3094,573648.14446,55.712,61,130.495,-2.531,77.972,138.407,78.776,440.25,187.08,102.5,180.13,78.56
3095,573648.147816,57.148,65,133.976,-1.253,76.107,140.298,77.689,444.89,188.8,100.24,182.13,77.54
3096,573648.156599,56.254,64,132.448,-1.729,75.938,136.698,77.095,442.8,188.13,99.81,177.87,76.84
3097,573648.160334,58.193,66,130.833,-0.846,74.811,141.938,76.399,440.64,189.32,98.34,184.65,76.12
3098,573648.164165,58.113,68,134.396,-1.731,75.01,141.997,77.499,445.39,188.13,98.62,184.31,77.21
3099,573648.173087,57.07,65,132.256,-0.86,75.488,138.863,75.918,442.48,189.33,99.19,180.87,75.58
3100,573648.180095,56.61,64,133.091,-1.666,75.439,137.077,77.135,443.65,188.22,99.13,178.37,76.88
3101,573648.184536,57.163,56,130.936,-1.945,76.055,140.259,78.799,440.8,187.85,99.99,182.56,78.58
3102,573648.192252,56.439,57,133.166,-1.926,75.775,137.068,77.051,443.72,187.87,99.61,178.34,76.81
3103,573648.196276,58.151,75,131.454,-1.086,74.581,141.339,76.293,441.48,189.0,98.01,184.0,76.03
3104,573648.204572,56.977,64,133.339,-1.97,74.858,137.36,76.804,443.87,187.85,98.4,178.45,76.54
3105,573648.207957,56.108,65,133.472,-2.099,75.652,135.665,76.78,444.13,187.64,99.44,176.52,76.53
3106,573648.211777,56.164,54,132.311,-1.252,75.229,135.106,77.301,442.66,188.76,98.88,175.71,77.06
3107,573648.21584,56.786,65,132.408,-1.791,74.809,136.571,77.352,442.78,188.05,98.33,177.57,77.13
3108,573648.219981,58.036,60,130.642,-1.265,74.971,141.62,76.776,440.47,188.82,98.73,184.05,76.47
3109,573648.223999,58.077,73,134.389,-2.045,74.594,141.069,77.565,445.27,187.73,98.03,183.43,77.32
3110,573648.231904,55.813,56,133.762,-3.704,77.962,138.749,75.535,444.39,185.56,102.5,180.26,75.25
3111,573648.236083,57.884,73,131.017,-1.218,74.743,140.59,76.145,440.93,188.82,98.22,183.04,75.88
3112,573648.240023,56.571,64,131.866,-1.815,74.858,135.882,77.121,442.01,188.06,98.42,176.35,76.9
3113,573648.244031,56.002,64,130.355,-2.581,77.142,137.959,79.177,440.08,187.0,101.43,179.52,78.97
3114,573648.248116,58.229,60,133.465,-1.63,74.433,141.366,77.893,444.15,188.3,97.98,183.51,77.66
3115,573648.260618,58.272,67,129.841,-1.022,74.451,141.574,77.038,439.25,189.09,97.85,184.02,76.73
3116,573648.2693,55.571,56,130.193,-2.689,78.34,138.562,79.232,439.87,186.86,103.0,180.3,79.01
3117,573648.272131,57.401,69,130.621,-0.675,75.527,140.188,76.525,440.44,189.53,99.26,182.44,76.24
3118,573648.28024,56.542,62,132.269,-1.47,75.248,136.484,77.351,442.62,188.51,98.79,177.76,77.1
3119,573648.284217,56.504,55,132.704,-1.411,74.842,135.614,77.347,443.14,188.55,98.37,176.47,77.1
3120,573648.288126,57.478,72,133.932,-1.211,75.827,141.04,77.927,444.73,188.81,99.67,183.26,77.7
3121,573648.292067,54.909,60,133.056,-3.24,79.217,137.799,76.439,443.64,186.17,104.02,179.29,76.13
3122,573648.295884,57.385,71,130.73,-0.773,75.614,140.29,76.619,440.56,189.4,99.38,182.64,76.35
3123,573648.299771,57.813,67,133.82,-1.63,75.567,141.861,77.936,444.54,188.24,99.31,184.48,77.62
3124,573648.308874,56.392,62,130.14,-2.108,77.706,140.388,79.131,439.77,187.63,102.16,182.74,78.92
3125,573648.31188,57.128,54,133.352,-1.332,75.796,139.648,78.21,443.86,188.68,99.65,181.17,78.03
3126,573648.317218,56.404,60,132.379,-1.768,76.203,137.715,77.193,442.88,187.93,100.46,178.88,76.81
3127,573648.319899,56.655,50,131.834,-1.676,75.693,137.703,77.675,442.01,188.2,99.49,179.19,77.43
3128,573648.32402,57.334,70,133.96,-1.72,76.206,141.189,77.701,444.72,188.16,100.15,183.58,77.46
3129,573648.332275,55.526,64,132.085,-2.181,77.139,136.281,77.32,442.43,187.41,101.64,177.02,77.07
3130,573648.344802,54.905,62,130.216,-3.152,79.284,137.901,79.142,439.9,186.25,104.24,179.44,78.92
3131,573648.34793,56.841,59,132.717,-1.609,76.452,139.775,77.672,443.13,188.27,100.61,181.37,77.46
3132,573648.356536,55.997,63,132.089,-2.17,76.353,136.53,76.95,442.46,187.51,100.49,177.31,76.59
3133,573648.360343,57.651,57,129.965,-1.436,75.808,141.677,77.047,439.5,188.58,99.82,183.9,76.75
3134,573648.364072,57.72,74,133.811,-2.064,75.321,141.036,77.646,444.53,187.71,98.99,183.41,77.4
3135,573648.368464,54.914,57,132.329,-2.815,77.86,135.455,77.234,442.64,186.71,102.33,176.28,76.98
3136,573648.371717,57.084,70,130.958,-1.17,75.791,139.474,76.164,440.79,188.9,99.61,181.42,75.91
3137,573648.376064,56.571,63,132.502,-2.059,75.685,137.385,77.004,442.94,187.69,99.52,178.51,76.74
3138,573648.384611,55.461,58,130.463,-2.775,78.221,137.966,79.112,440.22,186.75,102.85,179.52,78.9
3139,573648.388581,56.97,61,133.887,-1.478,76.431,140.218,77.867,444.68,188.46,100.46,182.23,77.61
3140,573648.391589,56.014,61,132.696,-2.137,76.396,136.668,76.9,443.17,187.53,100.55,177.73,76.61
3141,573648.39649,57.866,64,130.832,-1.137,75.271,141.514,76.655,440.73,188.98,98.97,183.69,76.28
3142,573648.399759,57.85,70,134.402,-1.872,75.307,141.519,77.584,445.39,187.96,99.04,183.5,77.31
3143,573648.408746,55.492,60,132.866,-2.232,77.005,135.926,77.102,443.34,187.47,101.22,176.86,76.84
3144,573648.411832,57.232,68,131.594,-0.907,75.557,139.6,75.635,441.68,189.23,99.28,181.72,75.35
3145,573648.416344,56.396,57,132.278,-1.476,75.442,136.313,77.254,442.62,188.47,99.16,177.25,77.03
3146,573648.42435,57.355,70,134.19,-1.442,75.766,140.453,77.371,445.0,188.52,99.54,182.76,77.12
3147,573648.43223,55.66,64,132.568,-2.083,76.832,136.203,76.786,442.97,187.66,100.99,177.18,76.55
3148,573648.435808,57.777,70,130.833,-0.835,75.12,140.883,76.105,440.65,189.33,98.72,183.5,75.86
3149,573648.445005,56.81,61,129.939,-2.215,77.429,141.444,78.562,439.49,187.5,101.78,184.17,78.34
3150,573648.44799,57.467,58,131.297,-0.868,75.311,140.041,76.025,441.15,189.32,99.03,181.9,75.68
3151,573648.451887,56.425,69,132.299,-1.644,75.494,136.51,76.992,442.67,188.24,99.25,177.47,76.73
3152,573648.460976,57.157,52,130.319,-0.846,75.178,138.619,75.315,440.02,189.36,98.95,180.31,75.02
3153,573648.464154,57.994,64,134.121,-1.733,74.922,141.36,77.282,444.93,188.14,98.47,183.8,77.03
3154,573648.467801,56.192,62,132.383,-1.933,75.952,136.502,76.894,442.75,187.86,99.87,177.52,76.63
3155,573648.471839,57.923,74,130.729,-0.87,74.653,140.573,76.048,440.51,189.32,98.18,182.95,75.8
3156,573648.475961,56.969,63,132.302,-1.762,74.941,137.485,76.843,442.58,188.11,98.54,178.56,76.57
3157,573648.484086,56.4,58,132.185,-1.927,75.502,136.435,77.412,442.47,187.87,99.25,177.53,77.17
3158,573648.487982,58.084,58,133.542,-1.331,74.765,141.421,77.128,444.37,188.63,98.31,183.6,76.93
3159,573648.491858,56.449,67,132.712,-2.029,75.5,136.608,76.817,443.28,187.75,99.22,177.47,76.47
3160,573648.496103,57.903,58,130.507,-1.231,74.527,140.26,76.367,440.27,188.8,97.96,182.58,76.1
3161,573648.499909,57.879,75,134.29,-1.897,74.624,140.346,77.581,445.15,187.93,98.1,182.32,77.33
3162,573648.512481,57.688,73,131.473,-0.916,74.926,140.17,76.238,441.5,189.25,98.57,182.09,75.92
3163,573648.516317,57.283,67,133.305,-1.851,74.551,137.933,77.145,444.04,187.96,98.05,178.91,76.85
3164,573648.52068,56.638,56,132.367,-2.075,75.67,137.602,78.013,442.52,187.62,99.66,179.07,77.92
3165,573648.523866,57.114,62,133.894,-1.543,75.299,138.679,77.14,444.69,188.38,98.94,180.45,76.89
3166,573648.528114,56.197,60,133.353,-2.153,76.02,136.644,77.039,443.98,187.58,99.9,177.79,76.78
3167,573648.536082,58.056,63,131.352,-1.12,74.766,141.31,76.823,441.36,188.95,98.26,183.92,76.56
3168,573648.539881,58.278,69,134.724,-1.96,74.836,142.329,77.739,445.81,187.83,98.38,184.72,77.48
3169,573648.544375,56.279,58,131.222,-2.578,77.614,139.809,78.943,441.19,187.01,102.03,181.91,78.73
3170,573648.547772,57.435,63,131.959,-0.972,75.336,139.962,76.041,442.16,189.15,99.0,182.17,75.77
3171,573648.552038,56.539,61,132.791,-1.676,75.395,136.74,77.515,443.34,188.18,99.16,177.54,77.26
3172,573648.560969,54.374,51,132.757,-3.17,78.043,133.981,78.805,443.18,186.23,102.63,174.23,78.57
3173,573648.564008,57.747,64,134.393,-1.774,75.502,141.478,77.595,445.29,188.08,99.23,183.92,77.35
3174,573648.56773,56.148,59,132.517,-1.916,76.065,136.551,77.446,442.96,187.85,100.07,177.43,77.2
3175,573648.572598,57.714,71,130.761,-0.956,75.087,140.573,76.329,440.54,189.16,98.74,182.71,76.01
3176,573648.575703,56.452,64,132.264,-1.842,75.425,136.481,77.05,442.61,187.99,99.14,177.55,76.79
3177,573648.585055,55.574,68,132.368,-2.229,76.554,135.413,77.31,442.73,187.46,100.66,176.12,77.06
3178,573648.596745,58.634,47,128.946,-1.545,75.587,145.217,78.107,438.19,188.39,99.43,188.73,77.9
3179,573648.600489,56.752,63,133.25,-1.96,75.606,137.9,77.55,443.75,187.86,99.38,179.2,77.32
3180,573648.603713,55.866,54,132.286,-2.313,76.505,136.34,77.309,442.65,187.32,100.68,177.18,77.06
3181,573648.613079,57.508,75,131.045,-1.102,75.178,139.948,76.363,440.98,189.01,98.91,182.05,76.05
3182,573648.616226,56.26,68,132.336,-2.01,75.489,135.913,76.982,442.62,187.77,99.25,176.63,76.71
3183,573648.620354,56.236,61,132.943,-2.007,75.349,135.574,77.099,443.33,187.76,99.09,176.08,76.79
3184,573648.623666,57.418,64,134.049,-1.619,75.7,140.573,77.639,444.89,188.28,99.5,182.69,77.37
3185,573648.62824,56.067,64,132.679,-2.116,76.118,136.359,77.269,443.18,187.55,100.21,177.18,76.98
3186,573648.636428,57.74,61,130.839,-1.134,75.396,141.254,76.863,440.79,188.95,99.23,183.48,76.57
3187,573648.640166,57.803,76,134.737,-2.014,75.137,141.013,77.688,445.69,187.8,98.72,183.26,77.48
3188,573648.644269,55.897,66,133.391,-2.124,76.238,135.975,77.168,444.02,187.52,100.44,176.71,76.97
3189,573648.64855,57.233,70,132.006,-1.029,75.61,139.701,76.11,442.21,189.07,99.35,181.84,75.83
3190,573648.651832,56.543,66,133.328,-1.923,75.625,137.174,77.203,444.04,187.86,99.45,178.06,76.95
3191,573648.656138,56.343,55,131.06,-2.59,77.626,140.062,78.984,440.97,187.0,102.03,182.29,78.77
3192,573648.664775,57.522,70,134.715,-1.645,75.863,141.277,77.814,445.73,188.25,99.71,183.56,77.57
3193,573648.668265,55.793,62,133.188,-2.129,76.582,136.223,77.065,443.75,187.62,100.64,177.21,76.81
3194,573648.672108,57.677,69,131.721,-1.187,75.255,140.743,76.325,441.84,188.86,98.9,183.19,76.05
3195,573648.682605,55.401,57,131.462,-2.845,78.327,137.94,78.612,441.58,186.63,103.09,178.92,78.35
3196,573648.688445,57.065,57,131.744,-1.042,75.688,139.212,75.685,441.81,189.06,99.47,180.99,75.38
3197,573648.692489,56.513,62,132.727,-1.992,75.752,137.296,76.833,443.3,187.7,99.72,178.54,76.47
3198,573648.700311,57.816,68,134.109,-1.834,75.235,141.248,77.408,444.98,188.02,98.95,183.48,77.18
3199,573648.704079,55.796,58,133.719,-3.684,78.428,139.516,75.315,444.36,185.55,103.21,181.38,75.09
3200,573648.712188,57.511,70,130.68,-1.128,75.477,140.517,75.802,440.49,188.94,99.19,182.95,75.53
3201,573648.715965,56.676,68,131.997,-1.831,75.248,136.971,76.92,442.09,188.04,99.0,177.46,76.64
3202,573648.71975,56.459,63,132.261,-1.634,75.026,135.785,76.783,442.53,188.26,98.64,176.63,76.52
3203,573648.724489,56.253,59,132.055,-1.285,75.151,135.28,75.667,442.27,188.74,98.77,175.96,75.36
3204,573648.728181,56.549,66,131.906,-1.681,75.41,136.804,76.969,442.19,188.16,99.24,177.76,76.64
3205,573648.73167,58.153,56,130.405,-1.285,74.669,141.512,77.561,440.07,188.75,98.14,184.44,77.29
3206,573648.740498,57.937,71,133.963,-1.649,74.883,141.063,77.716,444.72,188.25,98.41,183.45,77.47
3207,573648.744604,55.88,53,133.726,-3.33,78.105,139.243,75.495,444.35,186.06,102.68,180.91,75.21
3208,573648.748191,57.772,67,130.684,-0.637,75.006,140.648,76.125,440.5,189.57,98.5,183.07,75.81
3209,573648.752508,56.811,61,132.335,-1.478,74.953,136.925,77.106,442.61,188.49,98.56,177.81,76.85
3210,573648.756188,56.618,55,132.167,-1.729,75.685,137.555,77.773,442.36,188.11,99.61,178.68,77.56
3211,573648.769186,55.365,62,132.983,-2.422,77.503,136.364,76.745,443.46,187.22,101.91,177.32,76.48
3212,573648.771705,57.952,58,131.38,-1.092,74.919,141.188,77.06,441.39,188.99,98.47,183.79,76.8
3213,573648.77675,56.736,67,133.242,-1.634,75.242,137.18,77.32,443.63,188.3,98.94,177.93,77.04
3214,573648.780391,55.933,59,133.182,-1.985,76.203,136.039,77.203,443.75,187.79,100.18,177.0,76.95
3215,573648.788961,57.676,65,131.905,-0.942,74.915,140.105,75.843,442.08,189.19,98.44,182.36,75.56
3216,573648.792332,56.612,67,133.003,-1.751,75.383,136.985,77.33,443.59,188.1,99.11,177.99,77.07
3217,573648.796198,56.856,58,130.786,-2.242,76.577,140.059,79.151,440.59,187.47,100.67,182.21,78.97
3218,573648.800454,57.391,65,134.667,-1.656,75.865,140.776,78.05,445.72,188.26,99.83,182.78,77.87
3219,573648.804115,56.19,65,132.764,-2.045,75.934,136.466,77.434,443.26,187.64,100.02,177.35,77.15
3220,573648.808468,57.813,72,131.077,-1.17,74.996,140.787,76.425,441.0,188.89,98.56,183.26,76.16
3221,573648.816799,58.615,62,133.74,-2.155,74.563,143.176,77.508,444.51,187.57,98.03,185.86,77.3
3222,573648.819941,55.641,62,130.99,-3.006,78.103,138.389,78.952,440.91,186.44,102.69,180.02,78.73
3223,573648.824318,57.551,58,130.989,-1.381,74.825,139.458,75.684,440.9,188.61,98.33,181.52,75.4
3224,573648.827735,56.438,67,132.291,-2.086,75.519,136.603,77.3,442.65,187.59,99.45,177.58,76.99
3225,573648.83224,56.201,55,132.576,-2.138,75.182,135.15,77.77,442.98,187.6,98.82,175.88,77.52
3226,573648.840973,57.795,68,133.725,-1.877,75.16,141.027,77.999,444.45,187.96,98.84,183.34,77.79
3227,573648.85317,58.041,54,134.505,-3.169,76.257,144.067,75.82,445.45,186.29,100.2,187.36,75.6
3228,573648.856275,55.876,51,130.131,-2.677,78.039,139.109,79.128,439.72,186.9,102.54,181.32,78.92
3229,573648.864694,57.658,61,133.5,-1.278,75.851,141.785,77.969,444.15,188.75,99.76,184.3,77.75
3230,573648.868548,55.056,63,133.359,-3.78,79.598,138.968,75.552,443.98,185.47,104.56,180.77,75.26
3231,573648.872122,56.524,45,132.445,-1.949,75.482,136.846,77.387,442.76,187.86,99.22,177.99,77.1
3232,573648.876372,57.9,64,133.766,-1.549,75.558,142.187,77.988,444.47,188.38,99.31,184.85,77.75
3233,573648.879672,55.595,60,130.404,-2.469,78.66,139.212,78.934,440.13,187.15,103.42,181.15,78.71
3234,573648.884235,57.145,72,130.778,-0.638,75.938,139.974,76.239,440.58,189.59,99.82,182.14,75.97
3235,573648.89238,56.048,66,131.981,-1.474,76.144,136.337,77.461,442.15,188.48,100.12,176.98,77.18
3236,573648.896193,56.254,56,132.551,-1.49,75.612,136.112,77.27,442.94,188.44,99.38,177.14,77.02
3237,573648.900141,57.421,63,133.909,-1.28,76.11,141.348,77.718,444.66,188.73,100.01,183.81,77.46
3238,573648.903987,55.815,69,132.271,-1.812,76.679,136.471,77.137,442.61,187.97,100.91,177.43,76.87
3239,573648.908246,57.856,67,130.333,-0.916,75.432,141.779,76.824,440.1,189.21,99.18,184.32,76.55
3240,573648.91714,57.955,66,133.909,-1.902,75.435,142.173,77.653,444.65,187.92,99.14,184.84,77.41
3241,573648.919677,55.529,62,132.438,-2.141,76.926,135.914,77.202,442.79,187.59,101.12,176.86,76.95
3242,573648.924973,56.969,59,131.15,-0.96,75.997,139.42,75.852,441.11,189.16,99.87,181.5,75.57
3243,573648.932688,57.542,57,130.097,-2.136,76.108,141.815,78.9,439.65,187.6,100.09,184.49,78.71
3244,573648.939908,57.812,67,133.915,-1.957,75.538,141.801,77.732,444.74,187.83,99.34,184.15,77.55
3245,573648.943791,55.911,62,132.277,-2.24,76.338,136.203,77.235,442.64,187.43,100.38,177.01,77.06
3246,573648.952976,58.014,55,133.22,-2.274,74.959,141.507,77.341,443.99,187.42,98.53,184.26,77.17
3247,573648.955755,56.521,67,129.899,-2.673,77.477,140.449,78.932,439.4,186.96,101.72,182.82,78.8
3248,573648.960292,58.563,55,132.86,-1.398,75.52,144.795,77.018,443.36,188.58,99.28,188.09,76.74
3249,573648.968384,56.344,63,132.524,-2.116,75.712,136.612,77.245,442.92,187.59,99.6,177.77,76.97
3250,573648.971832,58.579,53,129.717,-1.595,75.174,144.201,77.886,439.14,188.34,98.9,187.26,77.65
3251,573648.975871,57.968,63,134.679,-2.129,75.174,141.733,77.495,445.71,187.62,98.77,184.12,77.24
3252,573648.980142,55.779,59,132.909,-2.341,76.684,136.354,77.102,443.4,187.33,100.79,177.42,76.85
3253,573648.984086,57.57,72,131.231,-1.016,75.174,140.182,76.201,441.13,189.11,98.84,182.22,75.93
3254,573648.992872,56.417,63,132.638,-1.825,75.405,136.32,77.028,442.99,187.99,99.24,176.87,76.71
3255,573648.996155,56.707,59,131.445,-2.06,76.428,139.233,78.45,441.47,187.69,100.5,181.01,78.23
3256,573648.999908,57.802,63,134.382,-1.499,75.359,141.43,77.374,445.3,188.47,99.1,183.56,77.21
3257,573649.00394,56.336,60,132.908,-1.693,75.831,136.8,77.154,443.4,188.19,99.65,177.98,76.9
3258,573649.007964,57.741,62,131.043,-0.811,75.319,141.112,76.451,440.92,189.41,99.18,183.1,76.12
3259,573649.020429,56.638,60,130.319,-2.272,77.789,141.453,79.074,440.03,187.4,102.3,183.98,78.88
3260,573649.0242,57.435,66,131.154,-0.655,75.587,140.43,75.992,441.12,189.53,99.52,182.12,75.72
3261,573649.032261,56.979,57,129.895,-1.989,76.821,140.97,79.046,439.44,187.79,101.0,183.53,78.84
3262,573649.03579,58.143,64,133.558,-1.435,75.288,142.646,77.248,444.26,188.51,98.97,185.25,77.05
3263,573649.044554,55.865,64,132.334,-2.119,76.553,136.423,76.724,442.65,187.62,100.62,177.52,76.46
3264,573649.048004,58.306,67,130.116,-0.936,74.53,141.86,76.436,439.8,189.18,98.02,184.25,76.16
3265,573649.051757,58.414,67,133.68,-1.905,74.439,142.119,77.232,444.36,187.92,97.83,184.78,76.99
3266,573649.056013,56.388,56,131.243,-2.119,76.26,137.762,77.867,441.25,187.62,100.26,179.22,77.63
3267,573649.059799,57.164,57,131.08,-1.036,75.197,138.68,75.836,440.99,189.07,98.84,180.37,75.55
3268,573649.06858,56.806,65,131.881,-1.826,74.906,136.821,77.022,442.08,188.01,98.44,178.08,76.77
3269,573649.071777,56.678,54,132.176,-1.883,74.677,135.94,77.329,442.45,187.76,98.59,176.19,77.25
3270,573649.0762,57.639,73,133.704,-1.702,75.07,140.252,77.728,444.43,188.17,98.68,182.28,77.5
3271,573649.079816,56.311,63,131.92,-1.87,75.51,136.131,77.477,442.18,187.91,99.28,177.29,77.18
3272,573649.084226,57.908,74,130.703,-0.973,74.628,140.469,76.298,440.52,189.15,98.08,182.89,76.04
3273,573649.088315,57.704,60,132.818,-1.854,74.552,139.535,77.406,443.49,187.94,97.97,181.89,77.21
3274,573649.096661,55.965,59,130.598,-2.734,77.501,138.47,79.286,440.36,186.8,101.96,179.98,79.09
3275,573649.109209,58.405,62,130.914,-1.151,74.78,142.734,77.104,440.68,188.96,98.42,185.4,76.83
3276,573649.11197,57.915,71,134.897,-1.88,75.209,141.589,77.751,445.93,187.95,98.83,184.06,77.51
3277,573649.121214,55.667,60,132.845,-2.453,77.221,136.916,77.874,443.41,187.18,101.52,177.88,77.56
3278,573649.123698,57.454,71,131.84,-0.926,75.281,139.935,76.126,442.03,189.21,98.93,182.04,75.83
3279,573649.129102,56.851,64,133.347,-1.829,75.469,138.017,77.264,444.05,187.99,99.23,179.25,77.0
3280,573649.132213,56.317,58,132.443,-2.154,76.44,137.829,78.413,442.78,187.56,100.52,179.11,78.17
3281,573649.136017,57.5,71,134.851,-1.532,75.769,141.019,77.72,445.92,188.4,99.59,183.21,77.46
3282,573649.144429,56.064,66,133.269,-2.086,76.396,136.845,76.987,443.9,187.66,100.42,177.94,76.72
3283,573649.148301,57.866,70,131.184,-1.098,75.206,141.393,76.655,441.11,188.98,98.86,183.89,76.37
3284,573649.15207,57.887,71,134.81,-2.035,75.296,141.644,77.677,445.91,187.75,99.03,183.87,77.44
3285,573649.15635,55.94,61,133.113,-2.129,76.334,136.298,77.024,443.66,187.61,100.34,177.33,76.77
3286,573649.160138,57.258,67,131.524,-1.101,75.569,139.722,75.846,441.58,189.0,99.39,181.71,75.57
3287,573649.164151,56.329,58,132.928,-2.121,75.761,136.65,76.683,443.47,187.62,99.57,177.71,76.41
3288,573649.172931,56.237,55,133.005,-1.954,75.165,135.248,76.906,443.55,187.84,98.78,175.99,76.64
3289,573649.176163,57.365,74,134.067,-1.733,75.659,140.295,77.754,444.87,188.14,99.42,182.45,77.51
3290,573649.180066,56.345,61,131.833,-1.781,75.532,136.291,77.431,442.04,188.04,99.29,177.44,77.15
3291,573649.190179,58.162,65,132.95,-2.088,74.703,141.613,77.416,443.5,187.68,98.22,184.25,77.22
3292,573649.195802,55.779,63,130.174,-2.837,77.946,138.597,78.837,439.97,186.6,102.61,180.01,78.6
3293,573649.200377,57.44,55,131.066,-1.139,75.411,140.123,76.117,440.99,188.91,99.13,182.1,75.87
3294,573649.204106,56.498,66,132.54,-2.115,75.486,136.759,76.657,442.95,187.59,99.28,177.98,76.39
3295,573649.20819,58.134,51,130.826,-1.593,74.656,141.411,77.544,440.46,188.31,98.17,184.59,77.44
3296,573649.211756,57.602,66,134.048,-1.853,75.38,140.687,77.759,444.99,187.93,99.02,183.4,77.46
3297,573649.220999,56.004,58,132.413,-2.081,76.274,136.413,77.178,442.75,187.66,100.29,177.49,76.93
3298,573649.224456,57.443,72,130.938,-0.796,75.383,140.081,76.141,440.82,189.38,99.07,182.36,75.87
3299,573649.227507,57.045,61,132.934,-1.731,75.362,138.54,77.28,443.5,188.12,99.1,179.95,77.01
3300,573649.232345,56.976,62,130.583,-1.981,76.675,140.691,78.784,440.34,187.8,100.8,183.15,78.57
3301,573649.235743,57.674,61,134.276,-1.186,75.806,141.761,77.549,445.17,188.84,99.63,184.21,77.33
3302,573649.239893,56.122,64,133.077,-1.822,76.323,136.92,76.918,443.64,187.93,100.49,178.09,76.61
3303,573649.248506,58.046,65,131.195,-1.041,75.044,141.797,77.07,441.14,189.05,98.67,184.28,76.78
3304,573649.251586,57.725,70,134.951,-1.711,75.545,141.476,77.594,445.99,188.17,99.27,183.93,77.34
3305,573649.256455,55.314,55,134.542,-3.499,79.086,138.974,75.477,445.52,185.82,103.9,180.84,75.18
3306,573649.260448,57.249,73,131.769,-0.96,75.661,139.855,75.554,441.9,189.16,99.42,182.06,75.27
3307,573649.264404,56.422,60,133.365,-1.712,75.67,136.817,76.53,444.02,188.13,99.53,177.9,76.24
3308,573649.277037,57.633,65,134.365,-1.513,75.728,141.456,77.288,445.25,188.43,99.51,183.92,77.03
3309,573649.284874,58.151,70,130.209,-1.031,74.84,141.829,76.474,439.87,189.07,98.37,184.66,76.22
3310,573649.288015,58.373,68,133.767,-2.003,74.681,142.414,77.361,444.47,187.79,98.15,185.16,77.12
3311,573649.29648,55.826,56,130.429,-2.806,77.928,138.734,78.45,440.24,186.7,102.48,180.34,78.19
3312,573649.300174,57.422,61,130.75,-0.948,75.203,139.666,75.831,440.62,189.19,98.91,181.63,75.52
3313,573649.30412,56.547,58,132.073,-1.964,75.346,136.679,76.649,442.4,187.82,99.07,177.64,76.36
3314,573649.307988,57.201,54,130.095,-1.973,75.616,139.591,78.406,439.72,187.71,99.64,181.46,78.29
3315,573649.312029,57.793,74,133.456,-1.658,74.994,140.707,77.7,444.07,188.24,98.56,183.0,77.46
3316,573649.320152,56.165,63,131.877,-1.964,75.796,136.128,76.928,442.09,187.82,99.66,177.07,76.67
3317,573649.32393,58.115,68,130.231,-0.92,74.53,141.098,76.325,439.92,189.21,97.96,183.69,76.07
3318,573649.328006,56.919,64,131.951,-1.64,74.804,137.048,77.137,442.05,188.26,98.35,177.89,76.8
3319,573649.332449,55.611,61,130.52,-2.643,77.824,137.787,78.935,440.3,186.92,102.4,178.98,78.69
3320,573649.335991,57.47,61,133.665,-1.391,75.339,140.103,78.009,444.44,188.56,99.05,181.92,77.8
3321,573649.339779,56.791,63,132.576,-1.716,75.278,137.444,77.285,442.97,188.16,98.92,178.85,77.04
3322,573649.34854,57.87,58,130.717,-0.834,75.325,141.63,76.917,440.48,189.3,99.09,184.36,76.7
3323,573649.36122,57.828,71,131.462,-0.725,75.188,141.208,76.11,441.46,189.48,98.81,183.73,75.85
3324,573649.364128,56.797,63,133.16,-1.619,75.505,137.881,77.334,443.74,188.26,99.33,179.15,77.07
3325,573649.372515,56.007,60,131.1,-2.317,77.571,138.746,79.334,441.01,187.35,102.02,180.39,79.13
3326,573649.375954,57.506,66,134.572,-1.324,75.905,141.294,77.668,445.56,188.67,99.76,183.59,77.41
3327,573649.380446,56.111,61,133.236,-1.928,76.37,136.965,77.089,443.84,187.82,100.53,178.02,76.84
3328,573649.383988,57.985,58,131.318,-1.138,75.162,141.777,76.755,441.31,188.97,98.86,184.38,76.4
3329,573649.388192,57.557,73,134.747,-1.93,75.604,140.93,77.749,445.69,187.9,99.35,183.14,77.54
3330,573649.392298,55.248,59,131.395,-2.904,78.739,138.132,78.394,441.44,186.59,103.51,179.7,78.16
3331,573649.400896,56.95,65,131.525,-1.049,75.89,139.154,76.023,441.55,189.07,99.81,180.95,75.73
3332,573649.404254,56.459,62,132.033,-1.802,75.632,136.882,77.211,442.24,188.06,99.4,178.03,76.99
3333,573649.408168,56.451,54,129.562,-2.344,77.15,139.6,79.255,439.01,187.28,101.55,181.68,79.07
3334,573649.412486,57.554,69,133.325,-1.681,75.626,140.962,77.727,443.93,188.19,99.4,183.22,77.51
3335,573649.416199,56.012,61,131.606,-1.974,76.088,136.109,77.314,441.7,187.82,100.02,177.11,77.08
3336,573649.425104,57.974,70,129.742,-1.175,74.979,141.387,76.544,439.29,188.88,98.61,183.74,76.29
3337,573649.42806,58.001,63,133.163,-1.999,74.96,141.458,77.69,443.69,187.87,98.65,183.75,77.58
3338,573649.432468,55.897,62,129.722,-2.815,77.949,139.025,78.707,439.25,186.7,102.48,180.95,78.49
3339,573649.43582,55.923,58,131.046,-1.256,75.909,135.48,77.453,441.08,188.66,99.96,175.95,77.28
3340,573649.449021,56.358,55,131.845,-1.921,75.202,135.741,77.627,441.99,187.89,98.87,176.55,77.36
3341,573649.451883,57.492,70,133.576,-1.685,75.406,140.313,77.976,444.27,188.19,99.12,182.38,77.72
3342,573649.456347,56.003,63,131.914,-1.856,76.076,136.056,77.327,442.1,187.96,100.01,177.05,77.08
3343,573649.460212,57.663,73,130.503,-0.759,75.192,140.575,76.241,440.24,189.43,98.85,182.83,75.95
3344,573649.464061,56.964,64,132.56,-1.625,75.373,138.257,77.464,442.94,188.25,99.14,179.83,77.2
3345,573649.46791,55.297,63,130.569,-2.631,78.521,137.92,79.147,440.35,186.94,103.23,179.47,78.93
3346,573649.477009,57.056,58,134.091,-1.226,76.286,140.277,78.203,444.97,188.76,100.24,182.26,78.02
3347,573649.480031,55.895,67,132.796,-1.848,76.725,136.835,77.087,443.28,187.96,100.87,177.93,76.83
3348,573649.483813,58.153,57,130.886,-0.992,75.207,142.532,77.22,440.75,189.12,98.85,185.55,76.97
3349,573649.48867,57.614,70,134.729,-1.687,76.03,141.946,77.598,445.7,188.21,99.91,184.54,77.35
3350,573649.491927,54.619,60,133.681,-3.395,79.952,138.084,75.954,444.52,185.99,104.87,179.79,75.54
3351,573649.500105,56.683,69,131.482,-0.666,76.385,139.065,75.679,441.55,189.6,100.53,180.95,75.38
3352,573649.503856,56.592,62,132.664,-1.524,76.117,138.244,76.939,443.21,188.38,100.14,179.25,76.65
3353,573649.507853,55.331,57,130.58,-2.365,78.671,138.301,78.97,440.31,187.34,103.35,179.93,78.8
3354,573649.511973,56.538,61,133.412,-1.077,76.81,139.302,77.377,444.05,188.99,100.93,181.25,77.12
3355,573649.51567,55.335,63,132.264,-1.99,77.661,136.54,76.569,442.59,187.78,102.1,177.6,76.31
3356,573649.52443,57.885,62,129.955,-0.858,75.464,141.953,76.706,439.82,189.29,99.35,183.82,76.31
3357,573649.532244,54.292,58,129.859,-3.117,80.267,137.523,78.564,439.43,186.29,105.55,178.98,78.33
3358,573649.537724,56.722,56,130.364,-0.936,76.419,139.271,76.273,440.03,189.22,100.43,181.35,76.0
3359,573649.543769,57.11,61,128.791,-2.061,76.811,141.449,78.808,437.89,187.74,101.0,184.14,78.56
3360,573649.552423,57.861,58,132.903,-1.523,75.37,141.681,77.686,443.36,188.41,99.05,184.25,77.44
3361,573649.555792,55.711,67,131.762,-2.163,76.671,136.096,76.645,441.94,187.52,101.01,176.97,76.36
3362,573649.559888,57.646,70,130.144,-1.025,75.171,140.467,76.365,439.8,189.08,98.8,182.88,76.1
3363,573649.563967,58.11,67,133.347,-1.857,74.584,141.181,77.468,444.06,187.99,98.12,183.27,77.21
3364,573649.567749,56.603,66,129.941,-2.271,77.042,139.966,78.619,439.46,187.44,101.26,182.34,78.39
3365,573649.577105,57.73,56,133.953,-1.526,75.244,140.928,78.051,444.81,188.36,98.93,182.63,77.96
3366,573649.579986,57.029,62,132.65,-1.683,74.768,137.388,77.025,443.09,188.2,98.28,178.61,76.8
3367,573649.584434,58.328,59,131.021,-1.23,74.968,142.783,76.843,440.68,188.87,98.69,185.56,76.61
3368,573649.589106,57.855,69,134.796,-1.791,75.103,141.154,77.623,445.83,188.08,98.74,183.49,77.41
3369,573649.591929,55.794,57,131.738,-2.86,78.156,139.028,78.314,441.87,186.65,102.73,180.84,78.09
3370,573649.596179,57.81,69,132.0,-0.956,75.162,141.089,75.992,442.17,189.18,98.74,183.77,75.71
3371,573649.605161,57.012,61,133.622,-1.795,74.997,137.745,77.089,444.13,188.08,98.63,178.35,76.78
3372,573649.608395,56.044,61,131.813,-2.602,77.428,138.622,78.966,441.92,186.98,101.84,180.1,78.74
3373,573649.621197,58.459,61,131.621,-1.076,74.7,142.798,76.693,441.7,189.01,98.17,185.88,76.44
3374,573649.629182,57.907,71,135.277,-1.94,75.32,141.767,77.501,446.42,187.87,98.98,184.27,77.25
3375,573649.631979,56.035,58,133.48,-1.99,76.179,136.352,76.964,444.13,187.79,100.13,177.4,76.71
3376,573649.635974,57.204,71,131.854,-0.836,75.569,139.515,75.893,442.02,189.32,99.3,181.61,75.61
3377,573649.64018,56.314,60,132.621,-1.629,75.58,136.268,77.097,443.11,188.26,99.36,177.06,76.81
3378,573649.644585,57.068,53,130.647,-1.897,76.069,139.924,78.773,440.44,187.9,100.01,182.12,78.56
3379,573649.652757,57.544,67,133.656,-1.441,75.238,140.201,77.509,444.43,188.53,98.95,182.29,77.31
3380,573649.655656,56.094,67,131.619,-1.626,75.923,136.104,77.272,441.72,188.27,99.79,177.12,77.02
3381,573649.66047,57.994,69,129.792,-0.915,74.802,141.132,76.919,439.31,189.24,98.34,183.81,76.64
3382,573649.66371,57.898,71,133.173,-1.813,74.929,140.995,77.62,443.74,188.07,98.59,183.26,77.44
3383,573649.668202,56.256,62,131.736,-1.506,75.335,135.621,76.646,441.79,188.4,99.1,176.67,76.47
3384,573649.672401,57.261,64,129.884,-0.626,75.282,139.201,76.167,439.3,189.64,98.97,180.76,75.9
3385,573649.680776,57.03,64,130.835,-1.426,75.024,137.861,77.152,440.72,188.54,98.61,179.48,76.91
3386,573649.684509,57.643,56,128.794,-1.544,75.738,141.517,78.692,438.02,188.38,99.58,184.33,78.48
3387,573649.688564,57.941,67,132.716,-1.354,75.158,141.595,78.039,443.07,188.66,98.77,184.09,77.84
3388,573649.691801,55.949,67,131.071,-1.728,76.4,136.444,77.323,441.01,188.13,100.44,177.6,77.08
3389,573649.704716,56.94,63,131.311,-1.356,75.118,137.703,77.458,441.32,188.61,98.75,178.99,77.18
3390,573649.708716,55.921,62,129.693,-2.227,77.856,138.945,79.296,439.22,187.46,102.38,180.82,79.09
3391,573649.716294,55.941,64,132.094,-1.767,76.514,136.619,77.454,442.41,188.05,100.66,177.54,77.2
3392,573649.720179,57.891,52,131.042,-1.329,75.176,141.434,77.666,440.94,188.67,98.81,184.14,77.42
3393,573649.728982,57.116,64,134.366,-1.734,76.178,140.306,77.932,445.31,188.12,100.16,182.21,77.69
3394,573649.732035,54.671,64,131.631,-3.001,79.505,137.489,78.583,441.89,186.36,104.7,178.67,78.16
3395,573649.735905,57.464,69,131.653,-1.094,75.713,140.776,76.121,441.75,188.98,99.48,183.27,75.84
3396,573649.740737,56.58,60,133.595,-2.078,76.232,138.409,77.152,444.33,187.68,100.2,179.91,76.87
3397,573649.744083,56.064,57,131.206,-2.451,77.627,139.048,79.472,441.18,187.12,102.11,181.25,79.15
3398,573649.748165,57.18,63,135.057,-1.753,76.691,141.495,77.456,446.23,188.09,100.82,183.62,77.23
3399,573649.755914,55.473,67,133.956,-2.488,77.136,136.091,76.722,444.72,187.1,101.47,177.05,76.48
3400,573649.759836,57.974,57,131.35,-1.535,75.657,142.668,76.657,441.35,188.41,99.47,185.37,76.4
3401,573649.763717,57.79,66,135.215,-2.449,75.744,142.1,77.457,446.39,187.2,99.56,184.55,77.19
3402,573649.767982,55.507,62,133.721,-2.639,77.016,135.997,76.777,444.45,186.94,101.21,176.93,76.51
3403,573649.772083,57.11,69,132.19,-1.571,75.803,139.593,75.62,442.41,188.36,99.61,181.57,75.31
3404,573649.781153,56.237,63,132.83,-2.299,75.886,136.544,76.952,443.31,187.39,99.73,177.66,76.7
3405,573649.793377,55.526,63,132.379,-2.482,76.697,135.499,76.879,442.67,187.15,100.85,176.19,76.63
3406,573649.79612,58.024,63,130.386,-1.343,75.074,141.768,76.26,440.18,188.63,98.71,184.3,76.02
3407,573649.804957,56.506,63,132.045,-2.127,75.193,136.255,76.461,442.24,187.63,98.84,177.18,76.19
3408,573649.808517,54.942,65,130.781,-3.208,78.759,137.114,78.139,440.62,186.18,103.55,178.35,77.87
3409,573649.811522,57.554,58,134.072,-2.196,74.799,139.419,78.392,444.81,187.56,98.33,181.2,78.17
3410,573649.8162,56.807,60,131.939,-1.729,74.958,136.919,76.905,442.23,188.1,98.51,178.43,76.59
3411,573649.819796,58.097,58,130.412,-1.534,74.879,141.689,77.568,440.13,188.4,98.42,184.51,77.33
3412,573649.824083,57.727,71,134.003,-1.486,75.227,140.887,77.809,444.8,188.44,98.86,183.31,77.52
3413,573649.831952,56.557,60,132.01,-1.555,75.458,136.922,77.089,442.23,188.37,99.18,178.17,76.84
3414,573649.835924,57.969,68,130.469,-0.5,74.838,141.101,75.992,440.22,189.77,98.35,183.73,75.73
3415,573649.839962,56.868,64,131.934,-1.176,75.008,137.233,77.126,442.17,188.84,98.68,178.38,76.85
3416,573649.843962,56.674,60,130.116,-1.708,76.77,139.731,78.836,439.76,188.15,100.96,181.83,78.63
3417,573649.847735,57.633,64,133.473,-0.714,75.576,141.172,77.436,444.16,189.45,99.3,183.49,77.21
3418,573649.856499,55.201,62,133.821,-3.636,79.696,139.644,74.84,444.55,185.72,104.57,181.7,74.54
3419,573649.85997,58.554,41,128.708,0.057,73.436,140.764,79.501,437.88,190.5,96.53,183.22,79.33
3420,573649.864403,57.872,66,134.214,-1.161,75.251,141.5,77.598,445.04,188.92,98.9,183.78,77.38
3421,573649.867764,56.159,65,132.322,-1.326,76.108,136.664,77.014,442.67,188.66,100.06,177.74,76.74
3422,573649.881266,57.339,55,132.271,-1.195,75.088,139.137,76.945,442.66,188.82,98.75,180.63,76.69
3423,573649.883893,56.984,58,129.805,-1.734,76.671,140.715,78.993,439.3,188.15,100.8,183.28,78.75
3424,573649.888378,58.04,64,133.494,-0.984,75.272,142.202,77.379,444.12,189.13,98.92,184.94,77.13
3425,573649.892422,56.269,63,132.25,-1.564,75.981,136.829,76.854,442.58,188.34,99.84,178.16,76.58
3426,573649.89567,58.0,70,130.307,-0.641,74.856,141.259,76.502,439.97,189.58,98.41,183.78,76.22
3427,573649.900661,58.427,65,133.668,-1.647,74.502,142.292,77.454,444.47,188.26,98.0,184.67,77.22
3428,573649.908269,56.174,60,132.121,-1.873,75.981,136.491,77.172,442.37,187.94,99.89,177.61,76.93
3429,573649.912323,57.686,67,130.868,-0.873,74.762,139.857,75.79,440.66,189.29,98.3,181.79,75.5
3430,573649.91554,56.995,63,132.191,-1.797,74.798,137.316,77.029,442.47,188.06,98.38,178.13,76.76
3431,573649.920261,58.111,54,130.842,-1.728,74.659,141.325,77.813,440.58,188.2,98.13,184.31,77.51
3432,573649.924161,57.886,73,134.165,-1.904,74.883,140.862,77.822,444.98,187.92,98.41,183.18,77.58
3433,573649.932308,56.837,58,132.085,-1.845,74.874,136.876,77.467,442.32,187.99,98.41,178.09,77.24
3434,573649.935889,58.272,72,130.424,-1.255,74.459,141.587,76.735,440.15,188.77,97.86,184.37,76.49
3435,573649.941103,57.144,63,132.476,-2.053,74.518,137.355,77.325,442.67,187.75,98.01,178.21,77.07
3436,573649.944205,55.734,63,130.985,-3.038,77.662,137.933,79.0,440.87,186.41,102.12,179.36,78.79
3437,573649.94781,57.308,50,133.316,-1.862,75.058,138.966,77.629,444.11,187.9,98.69,180.42,77.51
3438,573649.956746,55.988,68,134.935,-4.409,78.491,140.32,75.227,446.01,184.64,103.13,182.43,74.92
3439,573649.968926,54.813,50,132.597,-3.988,79.79,138.464,77.941,443.0,185.17,104.86,180.11,77.69
3440,573649.972067,57.836,67,131.578,-1.108,75.141,141.151,76.411,441.65,188.96,98.83,183.19,76.14
3441,573649.97631,56.996,61,133.423,-2.028,75.432,138.483,77.659,444.11,187.73,99.16,180.03,77.43
3442,573649.984776,55.776,62,131.328,-2.745,77.815,138.356,79.485,441.34,186.78,102.31,179.98,79.28
3443,573649.988317,57.445,65,134.632,-1.589,75.972,141.182,77.97,445.68,188.3,99.88,183.26,77.74
3444,573649.991957,56.093,63,133.085,-1.957,76.283,136.745,77.531,443.63,187.84,100.24,177.91,77.28
3445,573649.996289,57.901,63,131.08,-1.131,75.33,141.761,76.978,441.17,189.02,99.29,183.75,76.58
3446,573649.999829,57.614,70,134.644,-1.928,75.828,141.57,77.869,445.7,187.87,99.71,183.72,77.6
3447,573650.008835,55.826,58,132.984,-1.911,76.487,136.169,77.197,443.57,187.88,100.55,176.98,76.92
3448,573650.011809,57.012,72,131.286,-0.887,75.825,139.267,76.025,441.28,189.28,99.7,181.26,75.73
3449,573650.015993,55.676,60,132.169,-1.675,76.184,135.107,76.878,442.46,188.21,100.12,175.87,76.61
3450,573650.019891,56.025,54,132.872,-1.702,75.533,135.162,76.868,443.36,188.17,99.28,175.91,76.61
3451,573650.023724,57.506,68,133.578,-1.534,75.935,141.351,77.586,444.21,188.38,99.73,183.88,77.3
3452,573650.031869,56.104,62,131.364,-1.64,76.252,136.73,77.406,441.39,188.26,100.22,177.94,77.16
3453,573650.03607,57.886,67,129.659,-0.954,75.215,141.486,76.681,439.16,189.17,98.86,184.24,76.42
3454,573650.040008,58.055,67,133.071,-1.888,75.177,142.084,77.527,443.57,187.94,98.81,184.77,77.29
3455,573650.043551,55.837,63,131.459,-1.937,76.488,136.209,77.197,441.52,187.86,100.55,177.28,76.95
3456,573650.052694,56.443,61,131.053,-1.574,75.457,136.51,77.348,440.99,188.35,99.16,177.69,77.12
3457,573650.060222,57.739,51,129.685,-1.739,75.621,141.673,78.37,438.99,188.07,99.65,184.01,78.23
3458,573650.064359,57.588,63,133.486,-1.619,75.516,140.885,77.8,444.14,188.3,99.28,183.25,77.59
3459,573650.073001,57.624,74,130.127,-0.761,75.349,140.713,76.19,439.74,189.43,99.05,183.11,75.93
3460,573650.075617,58.052,67,133.174,-1.824,74.795,141.347,77.421,443.71,188.02,98.31,183.81,77.17
3461,573650.084877,56.374,65,129.975,-2.295,77.449,139.86,78.963,439.49,187.44,101.68,182.68,78.73
3462,573650.088048,57.725,57,133.595,-1.245,75.778,141.913,77.724,444.25,188.78,99.59,184.6,77.47
3463,573650.092339,56.573,63,133.053,-1.779,75.548,137.14,76.901,443.57,188.06,99.37,178.17,76.7
3464,573650.096247,58.914,59,130.794,-1.093,74.644,144.569,77.073,440.55,188.99,98.14,187.83,76.78
3465,573650.100196,57.983,63,135.153,-1.795,75.442,142.298,77.656,446.21,188.09,99.12,184.86,77.46
3466,573650.104197,55.901,59,133.356,-2.047,76.506,136.465,77.308,443.98,187.72,100.54,177.53,77.05
3467,573650.112212,57.264,69,132.18,-0.83,75.666,139.924,75.897,442.44,189.34,99.42,182.13,75.61
3468,573650.115903,56.608,64,133.436,-1.873,75.594,137.353,77.11,444.08,187.96,99.37,178.45,76.88
3469,573650.119865,55.724,61,131.35,-2.58,77.703,137.971,79.246,441.37,187.0,102.16,179.49,79.03
3470,573650.124045,57.084,65,134.619,-1.536,76.035,139.921,77.378,445.63,188.38,99.92,181.84,77.14
3471,573650.128035,55.846,66,133.06,-1.967,76.227,135.775,77.284,443.6,187.82,100.18,176.64,77.03
3472,573650.141241,57.587,65,134.785,-2.16,75.212,140.316,77.788,445.89,187.55,98.88,182.13,77.57
3473,573650.144215,55.988,59,133.085,-2.277,76.208,136.238,76.891,443.62,187.41,100.17,177.26,76.64
3474,573650.148527,57.331,65,131.528,-1.148,75.291,139.482,75.854,441.54,188.91,98.93,181.43,75.54
3475,573650.152143,56.661,58,132.031,-1.792,75.059,136.572,77.259,442.27,188.06,98.64,177.72,77.02
3476,573650.160273,57.801,57,130.668,-1.972,75.334,141.377,78.009,440.46,187.82,99.02,184.09,77.79
3477,573650.164523,57.695,73,134.117,-1.787,75.296,140.892,77.651,444.95,188.05,98.95,183.3,77.37
3478,573650.168334,55.831,66,132.203,-2.345,76.5,136.208,76.812,442.48,187.33,100.54,177.25,76.56
3479,573650.172443,57.531,75,130.363,-1.023,75.167,140.016,76.326,440.06,189.08,98.82,182.17,76.05
3480,573650.176289,56.531,63,131.68,-1.711,75.01,136.014,77.035,441.66,188.17,98.6,176.65,76.72
3481,573650.179921,55.657,61,130.23,-2.672,77.879,138.047,78.678,439.96,186.86,102.48,179.35,78.48
3482,573650.189399,56.89,56,130.963,-0.776,75.588,138.374,76.258,440.78,189.43,99.33,179.88,76.0
3483,573650.192481,56.699,62,132.364,-1.934,75.588,137.674,76.628,442.71,187.82,99.5,178.95,76.36
3484,573650.196345,57.826,57,130.126,-0.962,75.298,141.405,77.051,439.76,189.23,99.17,183.92,76.75
3485,573650.200354,57.765,74,133.875,-1.45,75.087,140.773,77.835,444.61,188.51,98.68,183.08,77.59
3486,573650.204431,56.192,56,132.376,-1.75,76.052,136.684,77.11,442.75,188.1,99.98,177.74,76.84
3487,573650.212827,57.573,74,130.954,-0.547,75.24,140.317,76.213,440.85,189.7,98.87,182.69,75.94
3488,573650.224456,57.262,71,134.338,-1.236,75.702,139.981,77.554,445.26,188.75,99.39,182.1,77.35
3489,573650.227959,55.356,60,133.779,-3.195,78.574,138.216,75.754,444.5,186.22,103.26,179.81,75.48
3490,573650.236962,58.095,58,130.582,-1.006,75.163,142.217,76.917,440.4,189.13,99.03,184.45,76.66
3491,573650.24004,57.853,70,134.496,-1.758,75.261,141.443,77.557,445.41,188.11,98.9,183.9,77.31
3492,573650.243652,53.986,56,132.751,-3.393,79.243,134.771,78.313,443.15,185.98,104.13,175.5,78.01
3493,573650.247875,56.921,68,131.63,-0.921,75.639,138.587,76.077,441.73,189.21,99.4,180.4,75.8
3494,573650.251983,57.033,61,132.822,-1.893,75.213,138.22,76.989,443.39,187.89,98.95,179.26,76.76
3495,573650.255784,56.491,56,132.811,-1.844,75.124,136.077,77.166,443.23,187.97,98.81,176.94,76.95
3496,573650.264471,57.188,65,133.613,-1.674,75.515,139.358,77.416,444.24,188.24,99.33,180.64,77.22
3497,573650.268428,56.376,65,132.396,-2.154,75.939,137.138,77.117,442.71,187.57,99.87,178.16,76.87
3498,573650.272093,57.888,69,130.373,-1.171,74.888,140.881,76.74,440.09,188.88,98.43,183.41,76.48
3499,573650.276399,58.141,70,133.776,-2.07,74.718,141.554,77.635,444.48,187.7,98.2,184.06,77.39
3500,573650.280054,56.148,58,130.26,-2.681,77.714,139.511,78.805,439.91,186.93,102.05,181.66,78.63
3501,573650.289263,57.122,66,131.01,-1.003,75.508,139.095,76.147,440.86,189.1,99.19,180.96,75.85
3502,573650.291776,56.489,63,131.801,-1.773,75.343,136.467,77.317,442.0,188.07,99.04,177.48,77.09
3503,573650.296422,57.212,52,129.977,-2.133,76.248,140.8,79.074,439.51,187.59,100.29,183.14,78.85
3504,573650.305102,53.2,51,131.336,-4.24,80.565,134.494,74.844,441.37,184.84,105.86,175.1,74.53
3505,573650.312096,57.638,71,130.301,-0.772,75.542,141.131,76.605,440.0,189.41,99.28,183.77,76.35
3506,573650.316217,56.817,64,132.184,-1.573,75.278,137.54,77.383,442.48,188.34,98.93,179.05,77.14
3507,573650.319895,55.454,60,130.413,-2.637,78.471,138.381,79.021,440.13,186.93,103.19,179.96,78.8
3508,573650.324083,56.958,58,133.64,-1.247,76.178,139.712,78.278,444.32,188.77,100.11,181.77,78.02
3509,573650.328049,56.256,62,132.117,-1.496,75.862,136.57,77.51,442.37,188.45,99.7,177.71,77.27
3510,573650.332195,57.736,61,130.424,-0.859,75.642,141.699,76.97,440.06,189.35,99.58,184.11,76.69
3511,573650.340454,57.449,71,134.229,-1.55,75.809,140.896,77.865,445.07,188.38,99.62,183.22,77.61
3512,573650.344467,55.84,59,132.675,-1.916,76.709,136.612,77.183,443.05,187.89,100.86,177.65,76.96
3513,573650.348323,57.245,72,131.113,-0.735,75.825,140.143,76.049,441.05,189.46,99.64,182.46,75.77
3514,573650.351735,56.06,67,132.378,-1.665,76.029,136.173,77.101,442.74,188.19,100.01,177.08,76.82
3515,573650.355771,55.856,64,130.6,-2.497,77.978,138.932,79.229,440.41,187.15,102.42,180.84,78.99
3516,573650.364684,57.104,65,133.993,-1.289,76.476,140.809,77.593,444.81,188.75,100.62,183.04,77.37
3517,573650.368257,55.679,66,132.818,-2.199,76.972,136.518,76.895,443.28,187.52,101.16,177.64,76.63
3518,573650.371666,57.287,57,130.374,-1.203,75.038,138.849,75.354,440.1,188.84,98.62,180.78,75.08
3519,573650.37669,56.449,70,133.095,-1.961,75.778,137.11,76.779,443.57,187.83,99.67,178.21,76.51
3520,573650.379914,55.703,58,132.753,-2.308,76.891,136.456,77.029,443.14,187.35,101.21,177.19,76.79
3521,573650.393199,56.816,56,132.78,-2.128,75.608,138.141,76.63,443.28,187.6,99.39,179.59,76.4
3522,573650.395813,56.668,55,131.841,-2.138,75.824,137.99,77.78,441.98,187.59,99.72,179.42,77.54
3523,573650.399987,57.558,68,134.34,-1.751,75.585,140.9,77.488,445.29,188.1,99.37,182.97,77.25
3524,573650.40393,56.079,66,132.441,-2.127,76.121,136.405,76.823,442.88,187.6,100.09,177.24,76.55
3525,573650.408206,57.412,74,130.644,-1.074,75.491,140.164,76.173,440.42,189.02,99.24,182.36,75.91
3526,573650.417081,56.667,67,132.574,-1.974,75.229,136.905,76.83,442.87,187.84,98.89,177.9,76.57
3527,573650.420536,55.175,64,130.824,-2.937,78.504,137.467,78.47,440.63,186.59,103.12,178.78,78.27
3528,573650.424073,57.37,58,130.96,-1.028,75.3,139.65,75.739,440.86,189.07,98.96,181.78,75.45
3529,573650.428199,56.478,64,131.906,-1.576,75.153,136.083,77.379,442.13,188.34,98.79,176.98,77.14
3530,573650.432042,57.07,53,130.07,-2.137,76.454,140.64,78.835,439.67,187.6,100.52,183.1,78.62
3531,573650.440758,56.853,61,133.063,-1.607,75.39,137.876,77.181,443.62,188.3,99.06,179.48,76.93
3532,573650.444479,53.911,55,132.29,-3.389,79.332,134.679,77.832,442.6,185.96,104.26,175.27,77.57
3533,573650.448221,57.11,67,130.873,-0.813,75.713,139.429,76.293,440.76,189.35,99.51,181.47,76.03
3534,573650.452152,56.231,71,132.173,-1.509,75.423,135.691,77.134,442.46,188.42,99.12,176.41,76.8
3535,573650.45631,56.39,64,132.876,-1.583,75.273,135.984,76.847,443.36,188.32,98.94,176.97,76.6
3536,573650.464412,57.627,59,134.021,-1.191,75.584,141.164,77.685,444.8,188.85,99.33,183.58,77.42
3537,573650.472867,58.287,63,130.383,-0.907,74.836,142.365,76.773,439.99,189.24,98.41,185.28,76.59
3538,573650.477322,57.919,73,134.295,-1.648,75.194,141.576,77.736,445.15,188.25,98.81,184.09,77.49
3539,573650.479906,55.917,61,132.375,-1.986,76.462,136.446,77.296,442.7,187.75,100.58,177.63,77.04
3540,573650.483709,57.443,69,131.132,-0.719,75.4,140.114,75.961,441.03,189.47,99.01,182.53,75.66
3541,573650.493094,56.268,65,131.954,-1.621,75.509,135.978,77.181,442.21,188.27,99.26,176.9,76.93
3542,573650.496202,56.679,66,130.392,-2.185,76.525,139.307,78.945,440.12,187.53,100.61,181.32,78.74
3543,573650.499674,57.483,67,133.898,-1.464,75.676,140.777,77.843,444.64,188.49,99.44,183.09,77.59
3544,573650.504431,55.919,66,132.199,-2.246,76.413,136.364,76.937,442.48,187.45,100.44,177.45,76.68
3545,573650.508178,57.794,70,130.109,-1.116,74.921,140.573,76.456,439.68,188.96,98.5,182.8,76.17
3546,573650.516185,57.757,72,133.696,-1.93,75.173,140.901,77.87,444.46,187.85,98.84,183.14,77.58
3547,573650.520119,55.687,61,130.397,-2.796,77.943,138.267,78.758,440.14,186.72,102.48,179.91,78.53
3548,573650.523673,57.077,66,130.831,-0.944,75.582,139.065,76.094,440.65,189.2,99.34,180.87,75.78
3549,573650.528366,56.613,66,131.649,-1.743,75.204,136.663,77.531,441.81,188.11,98.86,177.73,77.3
3550,573650.532328,56.418,53,132.364,-1.929,75.02,135.629,77.438,442.7,187.87,98.61,176.51,77.19
3551,573650.541288,57.451,66,133.71,-1.623,75.683,140.669,78.124,444.46,188.28,99.56,182.75,77.93
3552,573650.543934,55.886,68,131.976,-2.053,76.378,136.183,77.518,442.2,187.64,100.55,177.11,77.28
3553,573650.548423,57.666,70,130.348,-0.993,75.171,140.543,76.751,440.07,189.14,98.89,182.87,76.48
3554,573650.556349,56.955,62,129.513,-2.209,77.336,141.824,79.231,438.93,187.51,101.67,184.68,79.02
3555,573650.561628,58.481,52,132.546,-0.884,75.819,145.029,77.453,442.97,189.25,99.63,188.94,77.25
3556,573650.568363,55.707,67,134.687,-4.037,79.236,140.632,74.832,445.69,185.12,104.1,183.0,74.55
3557,573650.572248,59.424,36,126.002,0.033,74.03,145.533,81.043,434.34,190.46,97.35,189.44,80.9
3558,573650.581105,53.381,47,130.827,-3.725,81.435,136.523,77.707,440.79,185.49,107.08,177.42,77.42
3559,573650.583844,57.384,67,130.731,-0.728,75.806,140.643,76.212,440.55,189.47,99.62,183.11,75.94
3560,573650.593185,57.057,64,132.974,-1.694,75.891,139.554,77.349,443.51,188.17,99.77,181.4,77.1
3561,573650.596044,55.469,61,130.402,-2.452,78.561,138.593,79.111,440.11,187.21,103.21,180.41,78.93
3562,573650.600032,57.032,60,133.381,-1.265,76.499,140.577,77.549,444.02,188.72,100.49,182.85,77.33
3563,573650.604174,55.808,59,132.095,-1.74,76.732,136.541,77.12,442.34,188.13,100.84,177.68,76.87
3564,573650.608068,57.673,64,130.319,-1.129,75.56,141.298,76.956,439.99,188.96,99.35,183.97,76.65
3565,573650.612089,57.491,71,134.04,-1.817,75.944,141.309,77.49,444.79,188.08,99.82,183.66,77.32
3566,573650.62057,55.117,62,132.021,-2.222,77.747,135.945,77.183,442.29,187.43,102.31,176.83,76.88
3567,573650.623748,57.017,69,130.65,-0.845,75.945,139.505,75.661,440.46,189.31,99.8,181.65,75.38
3568,573650.627786,56.08,61,131.385,-1.61,75.853,135.926,76.835,441.52,188.27,99.76,176.59,76.57
3569,573650.631934,56.477,58,132.243,-1.579,74.766,135.381,76.478,442.54,188.31,98.31,175.99,76.25
3570,573650.64481,58.018,60,132.091,-1.424,72.778,137.407,75.603,442.34,188.54,95.71,178.5,75.33
3571,573650.647705,60.017,64,130.128,-0.027,70.769,141.613,75.036,439.79,190.4,93.01,184.38,74.76
3572,573650.652041,61.147,67,133.561,-0.555,68.878,142.733,75.264,444.22,189.72,90.51,185.61,75.0
3573,573650.656382,60.122,62,129.768,-0.521,70.526,141.574,76.174,439.24,189.78,92.66,184.52,75.92
3574,573650.660003,62.649,44,132.282,1.184,65.429,142.408,73.926,442.56,192.0,85.99,185.45,73.68
3575,573650.66856,61.788,61,136.452,-1.367,67.282,142.325,71.632,447.97,188.68,88.37,185.11,71.32
3576,573650.67204,63.029,42,130.944,1.157,64.558,142.341,76.118,440.82,191.97,84.84,185.17,75.89
3577,573650.676406,64.955,61,136.509,1.286,60.698,143.382,73.543,448.1,192.16,79.73,186.54,73.29
3578,573650.679962,63.252,58,138.272,-0.397,64.349,142.975,72.518,450.35,189.95,84.49,185.96,72.23
3579,573650.684263,66.519,47,135.034,2.703,58.248,146.187,74.683,446.01,194.09,76.46,189.96,74.49
3580,573650.689127,66.524,53,138.765,2.283,57.151,143.463,73.69,451.0,193.47,75.04,186.46,73.42
3581,573650.69679,65.285,55,136.665,1.898,60.413,144.493,75.974,448.22,192.95,79.36,187.85,75.73
3582,573650.700369,68.583,46,138.905,2.987,54.238,148.536,74.928,451.18,194.39,71.23,192.88,74.66
3583,573650.704163,66.39,63,144.299,0.675,57.867,144.483,72.205,458.12,191.38,75.92,187.6,71.9
3584,573650.708101,68.023,41,138.645,3.344,54.742,146.278,76.638,450.75,194.87,71.89,189.89,76.42
3585,573650.712194,69.597,61,142.932,2.802,51.576,147.939,74.537,456.33,194.18,67.7,191.65,74.29
3586,573650.72032,67.134,54,144.974,1.256,56.083,144.327,74.054,459.01,192.14,73.58,187.49,73.74
3587,573650.732729,68.487,45,138.991,3.2,53.256,145.228,78.142,451.2,194.66,69.98,188.18,77.94
3588,573650.736307,71.528,61,141.339,3.486,47.362,149.484,76.666,454.39,195.02,62.22,193.54,76.42
3589,573650.744949,68.682,56,142.134,2.073,52.256,143.742,75.639,455.29,193.21,68.6,186.7,75.34
3590,573650.747995,71.182,44,137.642,4.045,48.005,148.824,78.679,449.47,195.77,63.06,193.24,78.49
3591,573650.752746,72.229,54,137.172,3.836,45.927,150.478,77.66,449.01,195.46,60.35,195.05,77.49
3592,573650.756821,69.698,51,138.012,2.742,50.285,144.925,77.931,449.96,194.05,66.05,188.36,77.73
3593,573650.759738,72.914,61,134.107,4.255,43.941,149.56,79.718,444.91,196.02,57.74,194.64,79.55
3594,573650.764094,71.898,52,137.023,2.798,45.74,147.209,77.603,448.53,194.1,60.22,191.33,77.47
3595,573650.772957,72.202,56,129.337,4.52,45.322,148.28,81.614,438.69,196.33,59.7,192.69,81.46
3596,573650.776287,73.459,64,128.284,4.071,42.233,148.342,81.33,437.36,195.77,55.55,193.12,81.2
3597,573650.780334,71.756,50,128.944,2.62,46.161,147.448,81.167,438.14,193.86,60.71,192.12,81.06
3598,573650.784501,74.102,58,124.238,4.522,41.065,149.909,83.364,432.08,196.34,54.03,195.44,83.26
3599,573650.788365,73.994,57,122.965,3.788,41.351,149.965,83.518,430.53,195.36,54.44,194.89,83.43
3600,573650.797123,72.432,57,120.318,3.06,44.03,145.872,85.588,426.81,194.43,57.91,190.28,85.56
3601,573650.799712,74.431,58,121.335,3.762,39.947,148.83,85.349,428.3,195.32,52.58,194.06,85.26
3602,573650.804417,73.379,51,119.745,3.547,41.565,145.315,86.634,426.44,194.98,54.82,189.36,86.5
3603,573650.808244,74.377,53,119.383,4.144,39.832,147.902,87.928,425.75,195.8,52.44,193.04,87.87
3604,573650.821109,69.449,42,117.697,1.347,47.967,136.643,90.323,423.62,192.11,63.28,178.3,90.33
3605,573650.824036,74.468,59,117.273,4.366,39.462,147.372,90.532,422.89,196.07,51.98,191.99,90.5
3606,573650.832253,72.838,58,117.658,4.242,43.609,147.788,93.215,423.47,195.88,57.4,193.29,93.19
3607,573650.835799,73.651,59,120.138,4.622,42.397,150.616,92.023,426.72,196.39,55.83,196.33,91.99
3608,573650.840609,72.168,44,120.246,4.647,45.873,149.8,93.38,426.85,196.41,60.39,195.27,93.37
3609,573650.848303,73.14,58,119.387,4.46,43.243,149.097,94.846,425.64,196.14,56.95,194.34,94.86
3610,573650.85249,71.847,60,121.499,4.629,46.065,147.856,93.588,428.54,196.38,60.64,192.75,93.57
3611,573650.855777,70.045,47,122.066,4.388,49.278,144.392,95.522,429.32,196.05,64.89,187.97,95.55
3612,573650.860443,72.067,62,122.896,3.741,46.253,150.215,95.794,430.31,195.19,60.87,195.88,95.81
3613,573650.863868,70.388,55,123.565,3.756,49.989,148.93,95.675,431.18,195.21,65.81,193.87,95.7
3614,573650.87306,69.834,67,122.033,2.715,50.969,147.846,97.733,429.13,193.78,67.2,192.29,97.78
3615,573650.876137,69.889,56,125.709,2.966,50.93,148.118,96.246,434.01,194.17,67.03,192.91,96.28
3616,573650.879575,66.657,48,125.055,2.45,55.824,140.886,97.517,433.17,193.44,73.55,183.19,97.53
3617,573650.884911,68.443,70,123.667,2.185,54.101,147.242,97.909,431.31,193.12,71.2,191.94,97.96
3618,573650.888968,67.67,65,125.599,2.498,55.8,146.862,97.722,433.87,193.54,73.43,191.28,97.78
3619,573650.896861,65.583,59,123.807,1.633,58.885,142.448,98.679,431.52,192.36,77.58,185.53,98.77
3620,573650.909125,65.109,61,121.466,1.632,61.32,145.688,99.211,428.32,192.37,80.71,189.87,99.27
3621,573650.912014,64.209,70,123.552,2.677,62.855,144.465,97.809,431.24,193.76,82.7,188.11,97.91
3622,573650.916273,61.586,54,123.232,1.308,67.934,142.768,97.004,430.83,192.01,89.36,186.09,97.03
3623,573650.924319,63.336,63,119.121,2.439,64.846,144.499,97.479,425.43,193.47,85.37,188.51,97.53
3624,573650.928109,62.753,58,120.069,2.888,66.848,146.013,97.643,426.74,194.07,88.04,190.04,97.67
3625,573650.93189,61.507,54,116.372,1.862,68.701,144.011,99.096,421.85,192.7,90.45,188.01,99.18
3626,573650.936019,61.448,61,117.99,3.434,68.153,142.593,97.554,423.93,194.78,89.77,185.71,97.61
3627,573650.940063,59.47,63,118.349,2.172,72.175,142.08,95.758,424.44,193.14,95.02,185.3,95.77
3628,573650.947967,61.17,54,114.051,2.826,69.772,144.691,96.985,418.69,194.0,91.99,188.71,96.92
3629,573650.952363,60.523,69,117.141,3.635,70.666,143.611,96.379,422.82,195.07,93.05,187.12,96.47
3630,573650.956749,58.46,65,115.401,3.207,72.298,138.211,96.073,420.67,194.51,95.22,180.27,96.08
3631,573650.959707,59.976,76,113.555,3.477,71.305,142.505,94.937,418.17,194.86,93.9,186.14,94.94
3632,573650.96437,58.311,67,115.63,3.292,72.927,138.827,94.797,420.92,194.62,96.02,181.29,94.81
3633,573650.972742,57.716,63,114.047,1.816,75.056,140.521,96.538,418.72,192.66,98.79,183.84,96.59
3634,573650.975655,59.498,63,117.488,3.408,73.311,144.434,94.315,423.3,194.77,96.52,188.46,94.31
3635,573650.98054,57.071,66,117.384,2.7,74.857,137.705,93.623,423.28,193.78,98.75,179.65,93.56
3636,573650.993159,56.789,63,118.13,0.644,77.906,142.238,94.158,424.13,191.14,102.55,185.6,94.19
3637,573651.001126,58.172,54,120.213,2.169,75.061,142.332,90.524,426.72,193.17,98.82,185.38,90.52
3638,573651.003806,57.008,61,123.611,1.816,75.818,139.239,90.496,431.3,192.7,99.77,181.48,90.45
3639,573651.007804,56.709,63,122.475,0.191,77.794,141.728,92.219,429.77,190.56,102.36,184.75,92.22
3640,573651.012184,57.09,51,127.729,1.614,76.629,141.037,89.604,436.53,192.44,100.84,183.22,89.52
3641,573651.015894,55.674,55,130.275,-0.523,79.895,141.682,86.596,439.84,189.66,105.09,184.24,86.56
3642,573651.02475,57.992,68,127.37,1.174,76.053,143.488,87.318,436.01,191.88,100.07,186.73,87.24
3643,573651.028893,57.477,63,131.82,1.074,76.601,142.476,87.25,441.84,191.74,100.73,185.49,87.2
3644,573651.03255,54.992,68,129.86,-0.544,80.157,139.722,88.263,439.41,189.62,105.43,181.75,88.19
3645,573651.035964,57.168,52,132.605,1.416,77.429,142.809,86.034,442.88,192.2,101.85,185.23,85.89
3646,573651.040493,55.606,66,136.089,-0.873,80.451,142.421,81.854,447.51,189.17,105.82,185.21,81.6
3647,573651.048588,56.599,40,131.111,0.73,77.573,140.913,86.437,440.87,191.42,101.79,183.2,86.47
3648,573651.052026,57.696,68,136.029,1.725,76.501,143.149,83.681,447.37,192.63,100.54,186.01,83.51
3649,573651.056092,55.998,64,134.321,1.428,77.533,138.645,82.488,445.19,192.24,101.92,180.26,82.29
3650,573651.059842,58.024,70,132.515,2.614,75.567,142.696,81.256,442.83,193.82,99.33,185.62,81.04
3651,573651.064067,58.537,67,135.953,2.27,75.041,143.769,81.079,447.46,193.36,98.71,186.42,80.98
3652,573651.077251,59.33,56,134.211,3.623,73.44,143.974,79.751,444.97,195.18,96.52,187.0,79.52
3653,573651.079819,58.691,62,134.264,3.231,73.079,140.631,78.78,445.17,194.66,95.99,182.91,78.5
3654,573651.084915,59.702,60,131.841,3.841,72.658,144.02,78.401,441.95,195.47,95.49,187.44,78.14
3655,573651.087824,60.505,72,135.664,3.429,70.816,143.832,78.651,446.9,194.92,93.04,186.96,78.4
3656,573651.092271,59.083,57,131.757,2.623,73.186,142.441,78.934,441.9,193.88,96.12,185.27,78.67
3657,573651.100901,61.558,71,131.84,4.402,68.734,144.319,77.448,441.88,196.25,90.31,187.67,77.24
3658,573651.103827,61.465,61,133.921,3.859,67.302,140.891,76.998,444.98,195.46,88.42,183.7,76.88
3659,573651.108315,60.628,61,131.368,2.967,69.859,142.432,78.081,441.32,194.39,91.69,185.42,77.84
3660,573651.112151,62.164,53,133.072,4.284,65.604,140.498,77.231,443.64,196.05,86.22,182.65,76.98
3661,573651.116234,61.826,62,135.548,2.116,67.139,142.197,75.194,446.72,193.24,88.23,184.78,74.96
3662,573651.12022,64.572,58,133.393,4.162,62.646,145.898,76.665,444.0,195.91,82.3,189.85,76.41
3663,573651.128312,65.293,66,136.421,3.978,60.948,145.818,77.225,448.06,195.65,80.11,188.98,76.94
3664,573651.132558,64.283,56,133.05,3.595,62.686,144.463,78.435,443.55,195.15,82.36,188.06,78.21
3665,573651.136241,66.287,67,135.41,4.738,58.601,145.719,77.347,446.54,196.67,76.98,189.42,77.09
3666,573651.140687,65.119,56,138.693,2.533,60.923,144.8,75.92,450.95,193.73,80.02,188.45,75.63
3667,573651.143663,66.503,52,135.322,4.504,57.955,145.358,78.513,446.44,196.35,76.15,189.02,78.31
3668,573651.152994,68.053,64,139.004,4.675,55.267,147.87,77.899,451.31,196.56,72.62,191.76,77.62
3669,573651.164555,69.258,61,138.682,4.962,52.759,148.97,78.769,450.8,196.96,69.31,193.33,78.56
3670,573651.168225,67.733,63,135.182,4.531,55.365,146.11,80.197,446.23,196.37,72.77,190.0,80.02
3671,573651.176969,69.827,59,137.749,5.469,50.977,147.82,79.575,449.67,197.61,66.99,191.88,79.37
3672,573651.180066,68.522,64,140.463,3.784,53.252,145.443,77.937,453.12,195.41,69.94,188.91,77.71
3673,573651.183599,70.428,45,136.929,5.617,49.622,148.131,80.204,448.37,197.83,65.23,192.01,80.02
3674,573651.18842,70.662,64,136.766,5.782,49.247,148.722,80.701,448.31,198.02,64.72,193.12,80.51
3675,573651.192199,69.268,49,137.848,3.879,52.519,148.36,80.208,449.79,195.51,69.02,192.55,80.02
3676,573651.196052,71.787,60,133.339,6.372,46.819,149.798,82.059,443.89,198.78,61.54,194.85,81.9
3677,573651.205024,71.551,54,133.175,6.186,47.719,150.795,82.206,443.65,198.54,62.74,195.88,82.05
3678,573651.207694,70.434,57,130.19,5.81,49.371,147.424,84.181,439.78,198.12,64.67,192.1,84.07
3679,573651.211873,72.271,59,131.971,6.511,45.491,149.39,83.352,442.1,198.95,59.82,194.25,83.21
3680,573651.216436,70.382,57,134.731,5.108,49.449,147.279,82.355,445.61,197.12,65.02,191.38,82.21
3681,573651.220299,72.159,46,127.902,6.732,45.45,148.348,85.689,436.81,199.23,59.78,193.09,85.58
3682,573651.22901,71.914,51,131.952,6.035,44.695,143.972,86.527,441.96,198.3,58.79,187.47,86.44
3683,573651.232136,70.903,44,123.231,6.31,47.981,146.651,88.568,430.77,198.7,63.07,191.36,88.6
3684,573651.236039,73.216,60,127.471,6.954,43.001,148.912,87.261,436.2,199.51,56.62,193.31,87.18
3685,573651.23999,72.486,60,127.467,7.17,45.356,150.711,87.367,436.17,199.79,59.69,196.36,87.23
3686,573651.252757,73.147,58,127.775,6.906,43.563,150.259,88.49,436.63,199.42,57.32,195.45,88.41
3687,573651.255744,71.654,47,127.445,6.995,46.168,146.683,89.352,436.23,199.53,60.74,190.95,89.28
3688,573651.260474,72.905,64,126.228,6.857,44.222,150.438,90.432,434.55,199.33,58.19,195.78,90.36
3689,573651.264226,72.415,57,127.114,6.784,45.356,150.128,90.006,435.9,199.24,59.69,195.13,89.97
3690,573651.268027,70.724,53,125.103,5.694,48.721,147.589,91.835,433.15,197.79,64.11,192.29,91.8
3691,573651.271706,72.293,61,127.255,6.513,45.204,148.622,91.165,435.91,198.88,59.56,192.38,91.14
3692,573651.281111,70.069,54,128.731,5.297,50.208,147.282,90.718,437.94,197.29,66.08,191.23,90.64
3693,573651.284466,71.898,58,125.856,6.137,46.653,150.145,92.584,434.13,198.37,61.39,195.63,92.56
3694,573651.28848,71.392,64,126.492,5.978,47.493,148.836,92.165,435.06,198.17,62.53,193.39,92.12
3695,573651.291849,68.656,46,126.278,5.133,51.466,141.402,93.267,434.67,197.1,67.68,184.49,93.15
3696,573651.296424,71.307,70,124.343,5.517,47.68,148.767,93.314,432.11,197.54,62.76,193.66,93.28
3697,573651.305037,70.268,62,124.784,5.465,50.285,148.939,93.449,432.77,197.48,66.2,193.82,93.43
3698,573651.307777,69.875,55,122.016,4.654,51.313,149.135,94.98,429.08,196.38,67.56,194.24,94.97
3699,573651.312442,69.876,60,124.491,5.032,50.495,146.766,93.846,432.33,196.9,66.48,190.96,93.85
3700,573651.31574,67.157,56,126.333,4.118,55.451,142.837,93.381,434.73,195.7,72.96,186.11,93.37
3701,573651.319772,69.583,59,122.469,4.399,51.705,148.219,95.705,429.69,196.04,68.08,192.91,95.69
3702,573651.328264,68.745,63,124.191,4.603,53.519,147.628,94.785,432.0,196.33,70.45,192.17,94.79
3703,573651.341238,67.365,62,124.357,4.272,56.914,147.884,95.504,432.25,195.9,74.92,192.53,95.54
3704,573651.345221,66.122,60,121.753,3.078,59.004,145.763,97.22,428.74,194.24,77.78,189.86,97.3
3705,573651.34826,66.54,61,125.015,3.977,58.32,146.492,95.666,433.13,195.49,76.77,190.56,95.71
3706,573651.356572,63.539,63,126.259,2.928,63.278,142.012,94.698,434.81,194.17,83.21,185.0,94.66
3707,573651.360313,65.726,63,122.637,3.449,60.401,146.924,95.974,430.07,194.81,79.49,191.26,95.99
3708,573651.364882,63.656,65,125.017,3.575,62.907,141.76,95.506,433.12,194.98,82.78,184.73,95.53
3709,573651.368409,61.378,55,123.178,1.913,66.839,139.53,96.122,430.56,192.75,87.93,182.28,96.27
3710,573651.372164,63.588,70,124.077,3.478,63.777,143.378,94.514,431.81,194.84,83.94,186.7,94.51
3711,573651.38028,62.338,60,124.487,3.276,66.192,142.575,94.809,432.42,194.59,87.11,185.74,94.83
3712,573651.384496,63.019,61,122.042,2.693,66.294,146.121,95.657,428.97,193.83,87.4,190.2,95.55
3713,573651.388365,62.669,65,125.854,3.467,66.853,145.607,94.225,434.16,194.84,87.98,189.54,94.23
3714,573651.392317,59.56,58,126.02,1.874,71.732,141.586,92.961,434.32,192.77,94.32,184.18,92.88
3715,573651.396171,62.095,66,122.636,3.077,67.74,144.74,93.32,429.98,194.34,89.15,188.66,93.31
3716,573651.405013,60.207,63,124.765,3.141,69.841,140.562,92.954,432.82,194.43,91.91,183.07,92.96
3717,573651.408139,59.008,65,122.741,1.728,72.517,140.834,94.513,430.12,192.55,95.46,183.4,94.53
3718,573651.41227,60.85,58,125.557,3.303,70.086,143.886,92.759,433.84,194.64,92.24,187.21,92.74
3719,573651.421251,61.233,59,122.969,2.661,70.232,145.938,92.359,430.27,193.81,92.51,189.68,92.28
3720,573651.425307,60.364,65,127.388,3.147,71.451,144.495,91.019,436.15,194.45,94.01,188.04,90.98
3721,573651.43262,58.008,63,126.207,2.72,73.434,138.607,90.65,434.66,193.95,96.45,180.6,90.6
3722,573651.435847,60.146,71,124.955,3.061,71.624,143.884,89.671,432.99,194.35,94.23,187.49,89.61
3723,573651.440194,59.47,67,128.868,3.141,72.768,143.248,89.806,438.13,194.49,95.83,186.37,89.8
3724,573651.443736,58.175,71,125.518,1.818,75.078,142.373,90.574,433.65,192.72,98.78,185.7,90.44
3725,573651.4478,60.028,59,129.066,3.072,72.764,145.65,88.653,438.39,194.36,95.72,189.36,88.61
3726,573651.456687,57.769,69,129.207,2.823,73.847,138.464,87.583,438.56,194.05,97.12,180.25,87.48
3727,573651.460005,59.704,58,127.752,2.614,72.666,144.043,87.816,436.58,193.78,95.6,187.45,87.75
3728,573651.46419,59.33,70,131.615,2.9,73.397,143.892,86.959,441.63,194.15,96.52,187.12,86.85
3729,573651.46781,57.463,62,130.183,2.549,74.519,138.549,86.115,439.82,193.69,98.01,180.3,86.0
3730,573651.472183,59.424,75,128.802,3.253,72.913,143.339,85.103,437.96,194.63,95.9,186.5,84.94
3731,573651.480736,58.137,63,130.754,2.761,73.497,139.227,84.894,440.49,194.0,96.67,180.92,84.76
3732,573651.483794,57.201,64,128.993,1.447,76.084,140.457,86.368,438.27,192.25,100.06,182.79,86.26
3733,573651.488797,59.393,59,131.328,3.015,72.592,142.576,84.499,441.35,194.32,95.47,185.28,84.34
3734,573651.491811,58.114,63,131.257,2.705,73.227,138.627,83.266,441.34,193.9,96.38,179.93,83.09
3735,573651.496148,60.215,66,129.564,3.04,71.607,144.154,83.418,439.0,194.37,94.16,187.65,83.25
3736,573651.508979,57.831,56,128.568,1.131,76.167,143.06,84.446,437.66,191.83,100.22,186.22,84.33
3737,573651.51176,60.267,48,130.134,3.481,71.032,143.221,81.94,439.65,194.93,93.47,186.28,81.77
3738,573651.516621,59.392,63,134.866,1.374,72.708,142.801,78.823,445.79,192.22,95.55,185.72,78.68
3739,573651.520477,60.025,43,129.299,2.967,70.871,141.851,82.918,438.99,194.21,93.29,184.31,82.57
3740,573651.523661,61.589,64,133.707,3.724,68.573,144.125,81.203,444.32,195.31,90.13,187.26,81.04
3741,573651.532025,59.28,64,133.448,1.713,71.884,140.717,79.089,444.06,192.66,94.46,183.1,78.86
3742,573651.536103,61.761,57,131.193,4.028,67.544,142.752,79.573,441.15,195.7,88.86,185.2,79.32
3743,573651.539886,62.255,64,134.324,3.572,65.952,141.667,81.294,445.12,195.17,86.82,184.28,81.02
3744,573651.543967,61.007,67,130.191,3.141,68.562,141.452,81.065,439.8,194.55,90.09,184.09,80.91
3745,573651.547666,63.215,56,132.547,4.479,64.626,143.41,79.953,442.94,196.28,84.97,186.38,79.73
3746,573651.551966,62.106,64,134.128,2.645,66.873,142.943,77.914,444.91,193.9,87.9,185.88,77.69
3747,573651.560974,64.574,57,131.333,4.622,62.639,145.892,79.243,441.31,196.49,82.36,189.53,79.0
3748,573651.563962,64.104,66,133.65,4.716,62.144,142.293,79.417,444.34,196.61,81.66,185.18,79.2
3749,573651.569251,62.88,55,133.458,2.807,64.87,142.305,78.133,444.08,194.11,85.28,184.7,77.85
3750,573651.571616,65.838,61,131.721,5.182,59.827,146.163,78.886,441.74,197.24,78.64,190.04,78.65
3751,573651.576468,66.673,59,133.346,4.87,58.524,147.794,79.363,443.95,196.8,76.95,192.09,79.13
3752,573651.584974,64.847,64,130.131,4.111,61.364,144.372,80.888,439.75,195.85,80.6,187.8,80.69
3753,573651.596997,67.861,65,130.343,5.372,56.007,148.62,80.998,439.79,197.48,73.64,193.79,80.91
3754,573651.600037,67.94,66,133.452,5.222,54.921,146.233,80.474,444.03,197.28,72.2,190.1,80.29
3755,573651.608852,65.601,45,134.204,3.423,58.468,141.54,80.325,445.01,194.93,76.91,184.18,80.0
3756,573651.612341,68.972,63,131.166,5.876,52.85,147.284,80.971,440.94,198.15,69.5,191.23,80.78
3757,573651.616168,68.761,57,132.081,5.509,53.549,147.823,81.175,442.26,197.65,70.41,192.12,81.0
3758,573651.620345,67.574,62,129.063,4.886,55.34,145.065,83.341,438.32,196.81,72.77,188.87,83.2
3759,573651.623988,69.511,63,131.779,5.744,51.688,147.666,82.044,441.99,197.93,68.0,191.55,81.9
3760,573651.628214,66.749,59,131.751,4.259,56.398,142.867,81.954,441.78,196.01,74.16,185.73,81.82
3761,573651.636429,69.615,59,129.602,5.858,51.137,146.806,83.45,439.04,198.09,67.24,191.16,83.31
3762,573651.640319,69.93,58,130.168,6.004,51.044,148.744,83.109,439.77,198.29,67.14,193.36,82.96
3763,573651.64416,68.22,57,127.418,5.285,53.94,145.374,85.152,436.16,197.33,70.93,189.26,85.05
3764,573651.648427,70.475,63,129.18,6.218,49.256,147.377,84.349,438.5,198.56,64.77,191.91,84.22
3765,573651.652046,68.121,61,131.316,4.922,53.801,144.373,83.197,441.2,196.86,70.76,187.73,83.06
3766,573651.660776,69.876,45,123.854,6.128,50.621,147.134,87.396,431.44,198.43,66.63,191.23,87.34
3767,573651.664585,70.554,58,128.025,6.248,49.039,147.302,85.179,436.98,198.59,64.51,191.69,85.06
3768,573651.668374,68.225,50,130.226,4.866,53.669,144.673,84.837,439.89,196.76,70.58,188.3,84.73
3769,573651.677237,70.43,57,125.992,6.497,49.5,147.782,86.656,434.55,198.9,65.16,192.11,86.58
3770,573651.683903,69.505,61,123.388,5.829,51.06,145.834,88.635,430.94,198.0,67.2,190.08,88.57
3771,573651.687942,71.15,58,125.285,6.443,47.933,148.358,87.71,433.43,198.82,63.07,193.24,87.62
3772,573651.696905,70.615,70,122.185,6.276,48.935,147.436,90.01,429.38,198.58,64.4,192.25,89.95
3773,573651.699792,70.856,58,123.497,6.316,48.836,148.915,88.957,431.11,198.64,64.29,193.82,88.88
3774,573651.704006,68.403,49,125.42,5.09,53.569,145.538,89.079,433.63,197.02,70.48,189.7,89.01
3775,573651.712796,70.805,60,121.918,6.324,48.429,147.298,90.616,428.94,198.65,63.76,191.77,90.58
3776,573651.715715,69.503,55,122.092,6.287,51.078,145.874,90.432,429.35,198.59,67.12,191.43,90.38
3777,573651.719859,68.777,65,119.704,5.31,52.569,145.216,92.892,426.2,197.28,69.23,189.23,92.88
3778,573651.724212,69.938,63,122.725,5.814,50.35,146.774,91.486,430.1,197.96,66.28,191.27,91.44
3779,573651.72807,67.622,57,125.384,4.991,55.135,144.821,90.471,433.56,196.88,72.55,188.74,90.43
3780,573651.736567,69.04,51,121.242,5.588,51.844,144.927,92.88,428.24,197.65,68.28,188.51,92.89
3781,573651.740248,68.598,58,122.096,5.64,53.035,145.34,92.376,429.35,197.72,69.84,189.12,92.36
3782,573651.744319,65.242,50,121.939,4.2,57.651,137.661,93.833,429.1,195.82,75.89,179.48,93.82
3783,573651.748584,68.45,64,121.415,5.243,53.519,145.706,93.659,428.44,197.19,70.46,189.85,93.64
3784,573651.752514,67.204,57,121.291,5.232,55.948,144.398,93.708,428.26,197.17,73.65,188.2,93.69
3785,573651.764895,67.525,63,122.303,5.041,56.249,147.142,93.997,429.62,196.92,74.04,191.7,94.02
3786,573651.773691,66.905,69,119.57,4.682,57.531,146.665,94.857,425.86,196.43,75.75,191.04,94.85
3787,573651.776169,64.966,61,120.988,4.737,59.92,141.601,94.526,427.95,196.53,78.92,184.25,94.49
3788,573651.784489,63.986,59,120.549,4.175,61.599,140.451,95.372,427.38,195.8,81.08,182.95,95.34
3789,573651.788365,65.298,62,121.101,4.713,60.185,144.016,94.514,427.84,196.46,79.27,187.15,94.48
3790,573651.792193,64.369,54,121.259,4.548,62.312,144.049,94.612,428.26,196.27,82.05,187.5,94.65
3791,573651.796197,64.855,68,118.752,3.96,62.204,146.393,95.543,424.94,195.5,81.91,190.7,95.55
3792,573651.800363,64.182,67,122.064,4.484,63.015,144.693,94.443,429.35,196.19,82.97,188.54,94.47
3793,573651.803897,61.249,57,121.334,3.592,66.297,137.83,94.802,428.32,195.01,87.25,179.73,94.82
3794,573651.812936,63.45,72,119.709,4.315,63.956,143.084,93.99,426.25,195.96,84.22,186.41,94.0
3795,573651.815672,61.896,60,121.377,4.113,65.9,139.894,94.162,428.47,195.7,86.77,182.1,94.18
3796,573651.820202,61.353,56,118.585,2.899,67.737,141.293,95.973,424.73,194.09,89.18,184.3,96.0
3797,573651.824935,62.787,63,122.012,4.123,66.237,144.845,93.613,429.23,195.7,87.2,188.61,93.63
3798,573651.827882,60.864,60,121.535,3.733,67.995,139.653,93.463,428.59,195.21,89.49,182.1,93.46
3799,573651.836925,62.221,70,119.652,3.413,67.355,144.517,93.758,426.09,194.78,88.66,188.54,93.75
3800,573651.849909,61.241,71,120.959,3.602,68.851,143.104,91.503,427.71,195.04,90.66,186.34,91.46
3801,573651.852031,59.115,60,122.217,3.175,70.633,137.6,91.587,429.49,194.49,92.96,179.41,91.56
3802,573651.855887,59.618,63,121.188,2.074,71.641,141.65,93.21,428.12,193.02,94.31,184.66,93.22
3803,573651.864502,60.793,63,124.548,3.229,70.392,144.255,91.136,432.52,194.55,92.65,187.69,91.13
3804,573651.868364,58.231,57,125.602,1.649,73.986,140.524,89.241,433.84,192.5,97.4,182.7,89.17
3805,573651.871987,60.595,65,122.043,2.69,70.82,144.24,90.692,429.24,193.87,93.24,187.67,90.62
3806,573651.876343,59.955,70,126.372,2.798,71.818,143.441,90.139,434.77,194.02,94.47,186.66,90.14
3807,573651.880167,57.865,62,123.415,1.318,74.829,140.68,91.178,431.03,192.05,98.47,183.29,91.15
3808,573651.888931,59.585,66,123.828,2.887,71.892,142.005,88.271,431.5,194.1,94.51,185.08,88.14
3809,573651.892336,58.194,62,125.805,2.568,73.107,138.711,88.686,434.15,193.71,96.17,180.74,88.61
3810,573651.896172,59.404,56,124.156,2.062,73.037,143.496,89.937,431.96,193.03,96.12,187.0,89.9
3811,573651.900152,59.802,70,127.695,3.002,72.642,144.421,87.901,436.55,194.28,95.56,187.96,87.81
3812,573651.904171,57.699,60,126.521,2.596,73.858,138.213,87.43,435.07,193.75,97.17,180.01,87.34
3813,573651.912833,59.7,73,124.889,3.113,72.243,143.187,86.655,432.92,194.44,95.04,186.58,86.55
3814,573651.916307,59.577,62,128.908,2.917,72.446,143.069,86.567,438.15,194.19,95.29,186.27,86.47
3815,573651.920225,58.132,65,125.165,2.075,74.841,141.755,87.428,433.15,193.12,98.44,184.99,87.24
3816,573651.924738,60.302,60,127.576,3.731,72.033,145.396,85.385,436.36,195.25,94.74,189.18,85.22
3817,573651.932445,59.462,55,124.551,2.761,72.499,142.683,86.841,432.45,193.98,95.4,185.89,86.74
3818,573651.940311,60.282,52,129.639,3.443,71.083,143.392,84.11,439.32,194.9,93.49,186.03,83.88
3819,573651.943753,58.853,52,125.803,2.193,73.723,142.53,85.326,434.12,193.24,96.99,185.57,85.21
3820,573651.952629,60.2,54,132.402,1.696,71.699,144.273,80.083,442.66,192.63,94.25,187.68,79.89
3821,573651.955738,59.212,54,128.17,1.944,72.166,140.987,83.157,437.16,193.01,94.74,183.54,83.03
3822,573651.964844,61.426,56,130.002,3.638,68.45,143.113,81.409,439.62,195.17,90.05,185.8,81.23
3823,573651.967917,59.663,65,131.973,1.456,70.945,140.46,79.746,442.16,192.32,93.25,182.73,79.52
3824,573651.973171,61.95,56,130.084,3.158,66.909,142.289,81.306,439.66,194.54,88.03,184.74,81.11
3825,573651.975968,63.119,68,132.967,3.25,65.31,144.445,80.984,443.41,194.67,85.86,187.78,80.79
3826,573651.980301,60.856,63,129.964,2.082,68.785,141.24,81.534,439.61,193.12,90.46,183.63,81.33
3827,573651.989196,63.319,66,130.36,4.024,64.664,144.013,80.357,440.0,195.7,85.03,187.32,80.17
3828,573651.99184,63.184,56,132.021,3.665,63.715,141.237,80.397,442.24,195.22,83.74,183.8,80.21
3829,573651.996767,62.493,67,129.526,2.944,65.638,142.118,82.037,438.9,194.3,86.24,184.97,81.91
3830,573652.000136,64.515,63,133.052,3.99,62.74,145.814,80.563,443.52,195.65,82.47,189.63,80.37
3831,573652.005111,62.318,68,133.714,2.022,65.74,141.508,79.164,444.45,193.08,86.38,183.98,78.91
3832,573652.007821,64.985,61,131.255,4.292,61.348,145.081,80.073,441.23,196.05,80.64,188.77,79.87
3833,573652.017124,65.612,65,133.434,4.219,60.42,146.329,80.597,443.94,195.98,79.44,189.87,80.44
3834,573652.029131,64.504,66,135.095,2.867,61.838,143.66,78.082,446.21,194.24,81.13,186.87,77.84
3835,573652.031988,65.965,45,131.413,4.75,58.532,143.71,80.985,441.39,196.65,76.95,187.01,80.82
3836,573652.041117,67.166,63,132.61,5.061,56.585,145.816,80.768,443.0,197.06,74.41,189.42,80.57
3837,573652.044197,63.774,52,131.6,3.519,61.015,138.068,81.251,441.59,195.02,80.2,179.45,80.94
3838,573652.047755,67.969,66,129.742,5.693,55.096,146.878,81.49,439.18,197.89,72.45,191.03,81.3
3839,573652.052229,67.437,59,130.54,5.378,55.185,143.825,81.304,440.26,197.48,72.56,187.04,81.15
3840,573652.055956,67.037,62,128.103,4.877,56.437,144.659,82.87,437.1,196.76,74.32,188.17,82.77
3841,573652.060194,68.562,64,130.546,5.581,53.188,145.523,81.575,440.28,197.74,69.93,189.4,81.41
3842,573652.068142,66.76,57,131.455,3.698,57.067,144.629,81.11,441.49,195.26,75.02,188.34,80.96
3843,573652.071879,69.117,50,127.529,5.564,52.711,147.876,83.52,436.13,197.77,69.27,192.26,83.46
3844,573652.075788,69.307,59,129.408,5.435,51.675,146.239,82.738,438.79,197.54,67.97,190.25,82.59
3845,573652.079931,66.107,53,128.796,4.311,55.828,137.833,84.12,437.98,196.05,73.43,179.55,84.0
3846,573652.083991,70.269,67,127.344,5.804,49.918,147.858,84.078,436.12,198.01,65.65,192.65,83.96
3847,573652.092934,69.244,54,127.233,5.651,51.524,145.391,83.964,435.99,197.81,67.77,189.32,83.84
3848,573652.095737,68.394,59,124.563,4.915,53.244,144.602,86.355,432.49,196.83,70.06,188.41,86.26
3849,573652.100494,70.394,63,127.077,5.62,49.341,147.046,85.051,435.75,197.76,64.92,191.42,84.94
3850,573652.104137,67.056,60,127.35,4.36,54.698,140.311,85.478,436.27,196.08,71.99,182.62,85.27
3851,573652.117177,70.142,59,125.712,5.736,50.078,147.424,86.374,433.97,197.9,65.85,192.6,86.29
3852,573652.11963,66.804,50,124.318,4.662,54.476,138.307,86.967,432.17,196.42,71.69,180.04,86.75
3853,573652.124023,70.443,60,124.336,6.02,49.029,146.47,87.837,432.05,198.3,64.59,189.8,87.79
3854,573652.127849,69.375,58,124.166,6.062,51.449,146.057,88.009,431.94,198.32,67.73,190.04,87.93
3855,573652.132075,69.772,62,122.433,5.754,51.073,147.713,89.903,429.7,197.89,67.22,192.63,89.85
3856,573652.135822,70.029,62,124.617,6.05,50.305,147.285,88.83,432.55,198.29,66.21,191.76,88.76
3857,573652.145071,67.786,54,126.196,4.815,55.366,146.446,88.538,434.61,196.67,72.85,190.81,88.47
3858,573652.148255,70.104,58,123.192,5.938,50.658,148.857,90.12,430.69,198.14,66.66,194.1,90.07
3859,573652.152261,69.286,55,123.477,6.063,52.254,147.732,89.928,431.11,198.3,68.77,192.58,89.86
3860,573652.156184,66.929,55,121.949,4.958,55.543,141.736,91.828,429.24,196.83,73.14,184.38,91.77
3861,573652.160112,69.497,58,123.744,5.993,51.605,147.336,91.012,431.59,198.18,67.95,191.43,91.01
3862,573652.168869,66.799,62,125.988,5.014,56.529,143.493,89.925,434.31,196.91,74.39,186.89,89.87
3863,573652.171834,68.892,57,122.415,5.691,53.244,147.85,92.188,429.68,197.79,70.09,192.72,92.16
3864,573652.177482,68.647,60,124.088,5.878,53.769,147.672,91.559,432.04,198.04,70.81,191.69,91.53
3865,573652.180203,66.31,54,123.624,5.33,56.878,141.561,92.325,431.3,197.31,74.86,184.48,92.29
3866,573652.184425,68.59,71,122.827,5.644,53.981,147.875,92.404,430.14,197.71,71.04,192.61,92.35
3867,573652.192704,67.655,57,124.029,5.533,56.144,147.675,92.192,431.95,197.59,73.96,191.9,92.21
3868,573652.200792,67.655,63,124.449,4.972,56.153,147.698,92.605,432.33,196.84,73.92,192.26,92.58
3869,573652.20791,66.87,67,121.907,4.505,57.771,147.066,93.62,428.98,196.21,76.03,191.9,93.63
3870,573652.212449,65.785,61,124.587,4.749,59.23,144.406,92.915,432.57,196.54,77.97,187.9,92.91
3871,573652.220866,62.619,53,123.934,3.293,63.191,137.401,93.99,431.7,194.62,83.16,179.06,93.99
3872,573652.224671,65.495,69,122.79,4.466,59.792,144.155,93.013,429.99,196.15,78.7,187.79,92.93
3873,573652.227741,64.077,58,122.99,4.394,61.877,141.544,93.277,430.56,196.07,81.49,184.0,93.31
3874,573652.233156,64.074,54,122.104,3.887,62.3,142.493,94.117,429.32,195.39,82.01,185.72,94.12
3875,573652.235891,64.834,64,123.995,4.426,62.242,146.37,92.996,431.75,196.11,81.93,190.57,92.97
3876,573652.245301,62.506,58,122.924,4.051,64.859,140.491,92.936,430.35,195.61,85.37,183.19,92.95
3877,573652.247925,64.089,71,120.543,4.101,63.32,144.907,93.275,427.21,195.69,83.36,188.86,93.27
3878,573652.251641,62.232,61,122.307,4.252,65.382,140.339,92.588,429.64,195.89,86.07,182.87,92.58
3879,573652.256683,61.463,57,122.238,4.073,66.36,138.907,92.757,429.38,195.62,87.44,180.81,92.76
3880,573652.25982,62.828,69,121.331,4.432,65.461,143.348,92.337,428.23,196.13,86.15,186.95,92.26
3881,573652.268568,61.543,60,124.82,3.757,68.049,142.811,90.162,432.79,195.26,89.54,186.04,90.12
3882,573652.271795,62.037,54,121.238,3.854,66.808,142.48,92.84,428.2,195.37,87.94,185.75,92.83
3883,573652.275706,61.475,63,122.538,4.285,67.496,141.34,91.763,429.99,195.97,88.83,184.5,91.77
3884,573652.279907,59.5,60,123.386,2.659,71.579,141.031,90.566,431.06,193.85,94.12,183.81,90.48
3885,573652.289001,60.372,58,125.539,2.619,71.455,144.539,88.769,433.7,193.76,94.04,188.14,88.69
3886,573652.296133,58.953,51,121.617,2.161,72.569,140.707,91.869,428.68,193.15,95.51,183.42,91.85
3887,573652.299876,61.152,61,124.071,4.124,68.747,142.482,90.315,431.91,195.73,90.47,185.57,90.28
3888,573652.304461,59.502,59,125.613,2.65,71.994,141.858,88.229,433.85,193.82,94.72,184.77,88.16
3889,573652.307904,61.518,61,122.436,3.634,68.936,144.556,89.785,429.55,195.12,90.8,188.19,89.65
3890,573652.311884,60.922,69,126.506,3.702,69.757,143.531,89.161,435.01,195.19,91.78,186.86,89.09
3891,573652.320962,59.083,62,123.422,2.3,72.681,141.46,90.156,431.0,193.36,95.64,184.25,90.13
3892,573652.324146,61.341,72,124.195,3.697,69.087,144.051,87.85,431.99,195.21,90.96,187.61,87.77
3893,573652.328216,59.751,62,126.445,3.433,70.32,139.59,87.606,434.99,194.85,92.51,181.86,87.51
3894,573652.331987,60.529,61,124.92,2.807,70.799,143.903,88.706,432.89,194.01,93.18,187.39,88.63
3895,573652.336062,61.396,67,128.714,3.599,69.469,145.104,87.06,437.88,195.07,91.38,188.8,86.95
3896,573652.344284,58.799,61,129.622,2.079,72.836,140.599,85.155,439.05,193.09,95.77,183.08,85.04
3897,573652.347981,61.075,64,126.744,3.243,69.645,143.996,86.449,435.12,194.61,91.66,187.06,86.22
3898,573652.351858,60.931,71,130.872,3.26,69.618,143.287,86.032,440.69,194.65,91.6,186.35,85.93
3899,573652.35626,59.001,66,128.012,2.148,72.654,141.071,86.762,437.0,193.17,95.57,183.59,86.66
3900,573652.36009,60.923,70,128.753,3.652,69.348,142.697,84.446,437.98,195.16,91.21,185.69,84.31
3901,573652.364184,59.908,62,130.368,3.393,69.863,139.336,84.582,440.09,194.83,91.92,180.9,84.47
3902,573652.37711,61.453,65,132.088,3.755,68.92,144.222,84.008,442.37,195.3,90.64,187.45,83.85
3903,573652.384654,62.032,70,128.884,4.132,67.775,144.516,83.288,438.1,195.81,89.12,188.16,83.12
3904,573652.388006,62.089,69,132.72,3.857,67.711,144.652,83.23,443.09,195.46,89.04,187.71,83.13
3905,573652.396256,59.828,64,129.228,2.72,71.087,141.438,84.051,438.57,193.94,93.48,184.07,83.9
3906,573652.400046,61.922,61,130.426,4.49,67.163,142.694,82.577,439.9,196.26,88.27,185.33,82.25
3907,573652.403517,61.805,58,131.044,4.131,66.811,141.409,81.869,440.95,195.82,87.83,184.04,81.69
3908,573652.407717,62.962,57,129.188,4.287,65.873,144.907,83.128,438.4,196.02,86.64,188.49,82.97
3909,573652.411957,63.332,65,132.578,4.574,64.935,144.678,82.016,442.93,196.39,85.38,187.98,81.86
3910,573652.421136,61.557,54,129.198,3.434,67.91,142.583,82.648,438.55,194.9,89.3,185.5,82.48
3911,573652.42399,64.028,72,129.345,5.095,63.608,145.246,81.341,438.71,197.1,83.62,189.13,81.15
3912,573652.428278,63.345,65,131.393,4.614,63.368,141.253,81.29,441.43,196.46,83.3,183.91,81.11
3913,573652.431994,62.487,69,128.99,3.641,65.643,142.099,82.651,438.25,195.17,86.31,184.98,82.49
3914,573652.435927,64.483,60,133.068,4.433,61.438,142.623,82.586,443.64,196.16,80.64,185.68,82.46
3915,573652.440367,63.278,58,133.227,3.124,64.12,142.598,79.659,443.86,194.51,84.29,185.17,79.42
3916,573652.448429,65.76,59,130.232,4.948,60.223,146.681,81.155,439.8,196.92,79.21,190.43,80.94
3917,573652.460647,66.569,66,130.7,5.222,57.734,145.19,81.273,440.26,197.32,75.9,188.62,81.1
3918,573652.464162,67.172,53,132.609,4.543,57.504,148.217,81.295,442.91,196.39,75.59,192.66,81.13
3919,573652.472899,66.004,60,127.599,4.662,58.579,144.042,83.963,436.41,196.51,77.05,187.52,83.84
3920,573652.476566,67.626,58,131.696,5.101,56.027,147.184,82.126,441.77,197.1,73.66,191.42,81.96
3921,573652.480274,65.435,62,133.335,3.313,59.426,142.946,80.992,443.81,194.81,78.04,185.64,80.78
3922,573652.484189,68.323,59,130.249,5.179,54.903,148.638,82.568,439.89,197.2,72.19,193.45,82.41
3923,573652.487739,68.103,61,131.735,5.121,54.935,147.302,82.741,441.9,197.12,72.26,191.21,82.57
3924,573652.496578,66.314,53,128.806,4.334,57.842,143.982,84.376,438.02,196.07,76.08,187.37,84.25
3925,573652.499676,68.532,65,130.425,5.74,53.195,145.349,83.499,440.13,197.91,69.97,188.76,83.36
3926,573652.504224,66.938,57,133.804,4.121,56.824,145.06,81.747,444.33,195.91,74.61,188.23,81.63
3927,573652.508008,68.509,46,128.701,5.58,53.964,147.299,84.878,437.84,197.71,70.95,192.13,84.74
3928,573652.512145,69.091,61,130.392,5.93,52.624,147.455,84.105,440.06,198.18,69.22,191.72,83.97
3929,573652.515934,67.084,55,132.638,4.555,56.598,145.355,82.941,442.99,196.37,74.4,189.18,82.8
3930,573652.52454,69.195,53,127.387,6.224,52.399,147.522,85.485,436.13,198.56,68.9,192.3,85.37
3931,573652.527959,69.282,59,128.54,6.246,52.562,148.579,85.242,437.65,198.58,69.15,193.2,85.12
3932,573652.532007,67.329,60,125.752,5.192,55.962,145.188,86.876,433.97,197.23,73.53,189.34,86.76
3933,573652.53581,69.366,61,127.576,6.517,51.737,146.814,86.038,436.56,198.92,68.12,190.43,85.92
3934,573652.548944,69.446,63,124.911,6.464,52.073,148.319,87.565,432.87,198.86,68.61,193.21,87.51
3935,573652.551867,68.699,61,126.696,6.53,52.364,144.146,86.775,435.23,198.95,68.91,187.52,86.68
3936,573652.556379,65.642,54,125.979,5.014,56.584,137.195,88.211,434.4,196.95,74.46,178.76,88.18
3937,573652.559997,69.178,64,125.173,6.527,51.561,145.056,87.808,433.26,198.95,67.94,188.56,87.7
3938,573652.564366,68.789,57,125.495,6.466,52.734,145.752,87.808,433.79,198.85,69.41,189.53,87.71
3939,573652.568224,68.928,58,123.786,6.063,53.025,147.478,89.222,431.47,198.3,69.78,192.28,89.16
3940,573652.57631,69.548,62,125.669,6.311,51.697,147.953,88.432,433.92,198.64,68.04,192.54,88.35
3941,573652.579872,67.165,60,127.708,4.846,56.259,144.968,87.568,436.52,196.72,74.01,188.62,87.45
3942,573652.584717,69.554,59,123.934,5.896,52.248,149.571,89.563,431.66,198.08,68.76,194.94,89.5
3943,573652.588476,68.909,61,125.455,5.993,53.048,147.421,89.41,433.65,198.22,69.85,191.71,89.36
3944,573652.592001,67.709,51,122.328,5.29,55.108,145.286,91.237,429.62,197.24,72.61,189.37,91.16
3945,573652.600197,69.121,65,124.716,5.888,52.532,147.396,90.067,432.6,198.06,69.13,191.86,89.98
3946,573652.604049,68.03,54,124.617,5.748,54.682,146.165,90.254,432.57,197.88,71.97,190.34,90.2
3947,573652.60787,68.311,57,122.908,5.192,54.625,147.805,91.832,430.16,197.1,71.98,192.54,91.87
3948,573652.612004,68.217,64,125.745,5.503,54.288,146.292,90.567,434.05,197.56,71.44,190.6,90.52
3949,573652.615973,66.232,53,127.457,4.253,58.819,145.939,89.973,436.18,195.91,77.4,189.7,89.88
3950,573652.624402,68.077,65,123.396,5.261,54.986,147.273,91.724,430.96,197.23,72.36,191.98,91.69
3951,573652.637013,66.818,68,124.801,5.341,56.879,144.494,91.546,432.71,197.31,74.82,188.11,91.46
3952,573652.639783,65.672,57,124.522,5.203,58.984,143.179,91.617,432.46,197.15,77.62,186.52,91.58
3953,573652.644918,66.373,66,122.563,4.748,58.733,146.544,92.884,429.9,196.55,77.26,191.51,92.83
3954,573652.652893,66.234,64,125.574,5.208,58.804,145.915,91.674,433.79,197.15,77.39,189.96,91.63
3955,573652.655805,64.232,53,124.111,5.009,61.094,140.535,92.109,431.88,196.89,80.43,182.95,92.08
3956,573652.660498,66.119,68,122.613,5.107,59.387,146.692,91.91,429.83,197.03,78.17,190.98,91.91
3957,573652.66421,64.699,59,124.167,5.171,61.278,143.381,91.779,432.07,197.1,80.67,186.53,91.75
3958,573652.667974,63.247,59,122.017,3.802,64.21,142.641,93.425,429.16,195.29,84.54,185.78,93.42
3959,573652.676813,64.763,61,124.03,5.143,61.359,143.911,91.45,431.91,197.09,80.79,187.22,91.48
3960,573652.680402,63.334,58,123.677,5.007,63.355,141.168,91.404,431.48,196.87,83.39,184.23,91.32
3961,573652.684275,64.632,72,121.674,4.666,62.648,146.226,92.097,428.74,196.44,82.46,190.59,92.08
3962,573652.687999,64.307,67,125.177,5.003,63.163,145.687,91.125,433.27,196.89,83.13,189.42,91.14
3963,573652.692195,62.345,59,123.74,4.699,64.822,139.656,91.171,431.63,196.49,85.32,181.85,91.07
3964,573652.700204,64.057,71,122.799,4.887,63.429,144.986,90.535,430.07,196.75,83.5,188.67,90.5
3965,573652.704096,62.781,59,123.775,4.594,65.043,142.202,90.589,431.56,196.36,85.62,185.03,90.52
3966,573652.708163,62.356,62,121.586,3.518,66.457,143.234,92.3,428.68,194.91,87.48,186.9,92.23
3967,573652.71217,63.556,66,125.004,4.569,64.888,145.709,90.144,433.05,196.33,85.39,189.74,90.08
3968,573652.720981,63.397,70,122.478,4.072,64.946,145.034,90.294,429.56,195.67,85.51,188.58,90.16
3969,573652.728109,62.176,63,125.779,4.085,66.173,141.773,89.426,434.1,195.7,87.06,184.7,89.36
3970,573652.732204,60.588,59,123.833,2.68,69.39,141.297,90.701,431.51,193.85,91.28,184.25,90.65
3971,573652.735994,62.558,67,125.092,3.992,65.792,142.76,88.997,433.19,195.58,86.56,186.04,88.93
3972,573652.743907,62.15,59,123.839,2.896,67.875,145.295,90.578,431.54,194.12,89.32,189.37,90.54
3973,573652.752402,62.902,58,127.659,3.779,66.573,146.149,88.445,436.53,195.3,87.6,190.09,88.36
3974,573652.756211,60.639,63,127.053,3.551,68.335,139.368,88.17,435.75,195.0,89.91,181.46,88.09
3975,573652.759941,62.513,68,125.591,3.864,66.775,144.676,88.018,433.73,195.41,87.85,188.5,87.94
3976,573652.764076,61.539,64,128.524,3.917,67.77,142.206,87.69,437.66,195.49,89.14,185.15,87.59
3977,573652.767921,58.866,58,126.485,2.247,71.667,138.609,87.981,435.08,193.3,94.28,180.34,87.85
3978,573652.776255,61.529,62,127.027,4.144,67.554,141.709,86.55,435.67,195.79,88.87,184.4,86.41
3979,573652.779831,61.212,58,128.209,3.97,68.115,141.445,86.441,437.22,195.56,89.62,183.95,86.31
3980,573652.784459,62.272,61,126.548,3.881,67.534,145.151,87.37,435.06,195.45,88.84,189.13,87.28
3981,573652.788952,62.237,64,130.118,4.277,67.584,145.086,86.212,439.68,195.97,88.89,188.72,86.09
3982,573652.791957,59.958,57,130.151,2.429,71.439,142.695,84.656,439.82,193.55,93.96,185.54,84.52
3983,573652.795912,62.311,64,127.231,4.48,67.183,144.58,84.98,435.96,196.23,88.34,188.38,84.89
3984,573652.809158,61.226,62,125.999,3.422,69.392,144.16,86.9,434.33,194.85,91.28,187.79,86.8
3985,573652.817043,60.047,47,128.855,2.294,71.451,143.104,84.282,438.11,193.38,93.97,186.2,84.13
3986,573652.819715,63.345,63,127.447,4.621,65.555,146.127,84.656,436.23,196.44,86.22,190.33,84.52
3987,573652.828966,63.378,67,131.39,4.595,65.076,145.228,83.919,441.34,196.42,85.57,188.86,83.77
3988,573652.831879,61.509,56,128.175,3.459,67.96,142.466,84.696,437.09,194.97,89.3,185.34,84.66
3989,573652.835834,63.552,70,128.631,5.058,64.367,144.52,83.0,437.73,197.03,84.66,188.07,82.82
3990,573652.839974,63.421,56,130.332,4.544,64.076,143.208,83.182,440.03,196.35,84.25,186.38,83.02
3991,573652.843933,62.595,62,127.665,3.68,65.942,143.264,84.829,436.5,195.21,86.71,186.77,84.67
3992,573652.852537,64.336,59,130.67,4.739,62.99,145.44,83.204,440.5,196.61,82.79,189.55,83.06
3993,573652.855899,62.754,57,130.916,3.975,64.255,140.354,82.446,440.87,195.6,84.54,182.3,82.27
3994,573652.859778,64.674,67,128.644,4.884,61.905,144.716,83.051,437.77,196.81,81.42,188.26,82.9
3995,573652.864233,64.585,63,131.114,4.552,61.786,143.966,83.19,441.07,196.35,81.26,187.1,83.04
3996,573652.867728,63.072,63,128.102,3.505,64.305,141.991,84.218,437.12,194.98,84.58,184.81,84.08
3997,573652.87205,65.23,63,129.252,5.021,60.455,144.291,82.707,438.52,197.02,79.5,188.07,82.5
3998,573652.879902,64.921,53,129.779,4.678,60.563,142.883,82.869,439.26,196.55,79.67,185.41,82.77
3999,573652.892695,62.759,51,131.115,2.41,64.452,140.807,82.674,441.02,193.56,84.73,183.29,82.52
4000,573652.896271,66.728,68,127.39,5.394,57.763,146.198,83.649,436.12,197.47,75.99,190.26,83.49
4001,573652.904783,66.597,61,129.905,5.066,57.942,145.876,83.522,439.54,197.03,76.21,189.73,83.35
4002,573652.907928,65.33,59,126.307,4.42,60.198,144.227,85.149,434.78,196.26,78.97,188.03,84.98
4003,573652.911823,67.153,62,128.657,5.63,56.587,145.741,83.83,437.84,197.78,74.41,189.82,83.69
4004,573652.916016,65.33,65,131.336,3.981,59.949,143.63,82.226,441.36,195.64,78.79,186.77,82.01
4005,573652.92006,67.493,49,127.373,5.442,56.499,147.595,84.76,435.96,197.54,74.34,191.88,84.65
4006,573652.928918,67.189,61,128.918,5.656,55.869,144.107,84.417,438.18,197.81,73.48,187.62,84.28
4007,573652.932256,63.972,55,128.167,4.218,60.214,137.219,85.199,437.15,195.95,79.25,178.74,85.0
4008,573652.936173,67.738,66,126.903,5.979,55.106,145.458,84.884,435.49,198.24,72.48,189.59,84.74
4009,573652.940156,67.205,57,127.833,5.781,55.832,144.108,84.998,436.78,197.97,73.44,187.65,84.87
4010,573652.943691,66.557,60,125.46,5.024,57.478,144.476,86.945,433.65,196.96,75.63,188.21,86.85
4011,573652.948231,68.398,64,128.271,6.022,54.21,147.246,85.562,437.3,198.28,71.31,191.64,85.44
4012,573652.956046,66.947,58,127.73,5.841,55.989,142.98,85.722,436.62,198.04,73.66,186.11,85.61
4013,573652.960095,68.34,65,125.295,6.087,54.011,146.329,86.923,433.42,198.36,71.06,190.65,86.83
4014,573652.963798,68.287,61,128.428,5.895,54.476,147.249,86.159,437.57,198.11,71.69,191.34,86.03
4015,573652.972842,68.423,66,126.56,6.174,53.28,144.879,87.07,435.01,198.48,70.1,188.52,86.99
4016,573652.980529,67.666,60,126.947,5.985,54.872,144.396,86.985,435.61,198.22,72.19,188.03,86.89
4017,573652.983868,68.28,62,125.092,5.809,54.468,147.186,88.376,433.12,197.99,71.67,191.85,88.28
4018,573652.988916,68.692,62,127.694,5.956,53.602,147.507,87.435,436.79,198.17,70.58,191.18,87.33
4019,573652.991704,66.712,51,129.27,4.773,57.662,145.852,86.736,438.61,196.63,75.84,189.91,86.64
4020,573652.996134,68.596,69,124.518,5.935,53.899,147.69,88.835,432.41,198.14,70.92,192.44,88.76
4021,573653.004785,68.108,62,126.54,5.899,54.811,147.002,88.375,435.01,198.09,72.1,191.64,88.31
4022,573653.007947,66.592,59,123.47,4.836,57.631,145.067,90.153,431.05,196.68,75.84,189.06,90.1
4023,573653.012089,67.994,66,125.338,5.957,54.287,144.876,89.035,433.29,198.12,71.43,187.88,88.91
4024,573653.015747,66.979,57,125.034,5.872,56.17,143.635,89.241,433.28,198.05,73.97,186.51,89.16
4025,573653.019819,67.836,62,123.229,5.636,55.369,146.77,90.38,430.71,197.73,72.86,191.48,90.32
4026,573653.024121,67.743,61,125.467,5.808,55.549,146.661,89.374,433.69,197.97,73.1,191.02,89.31
4027,573653.03221,65.543,49,125.971,4.415,59.907,144.699,89.168,434.33,196.13,78.82,188.52,89.11
4028,573653.035947,68.054,62,122.732,5.713,55.356,148.114,90.555,430.11,197.84,72.85,193.16,90.51
4029,573653.039794,67.358,59,124.09,5.657,56.888,147.773,90.206,431.87,197.76,74.88,192.33,90.15
4030,573653.043952,65.756,57,121.32,4.463,59.426,144.723,92.049,428.3,196.17,78.24,188.55,92.02
4031,573653.048136,67.024,63,123.846,5.635,56.706,145.272,90.618,431.36,197.71,74.69,188.61,90.53
4032,573653.061066,66.68,68,121.246,5.143,58.036,146.604,91.605,428.16,197.08,76.4,190.87,91.52
4033,573653.063682,65.506,62,123.478,5.291,58.906,142.079,90.805,431.15,197.27,77.54,185.04,90.77
4034,573653.068082,63.308,54,124.744,3.703,63.104,140.483,90.852,432.75,195.18,83.04,183.1,90.8
4035,573653.072149,65.855,71,122.136,5.173,58.928,144.063,91.125,429.25,197.12,77.57,187.57,91.08
4036,573653.075814,64.899,57,123.136,5.093,60.488,142.588,91.091,430.72,197.02,79.64,185.56,91.03
4037,573653.084086,64.529,56,120.261,4.347,61.239,142.4,93.089,426.84,196.01,80.64,185.52,93.11
4038,573653.088147,64.984,63,123.489,4.911,60.61,143.333,90.852,431.12,196.77,79.76,186.84,90.8
4039,573653.091805,62.485,60,124.287,3.372,65.248,141.235,90.378,432.13,194.75,85.86,184.01,90.34
4040,573653.095947,64.973,67,121.509,4.564,61.161,144.574,91.478,428.51,196.31,80.5,188.51,91.44
4041,573653.099656,63.665,64,123.785,4.608,62.578,141.062,90.971,431.53,196.38,82.35,183.9,90.93
4042,573653.108341,62.601,56,122.163,3.251,65.326,141.953,92.381,429.4,194.58,85.98,185.01,92.36
4043,573653.111727,64.176,61,123.317,4.539,62.215,142.824,90.697,430.75,196.29,81.89,185.77,90.66
4044,573653.11634,62.96,63,124.159,4.357,64.127,141.059,90.668,432.09,196.04,84.43,183.43,90.64
4045,573653.119854,64.068,58,122.624,3.876,63.674,145.605,91.727,429.92,195.41,83.82,189.89,91.67
4046,573653.124341,64.015,64,125.905,4.318,63.883,145.806,90.294,434.24,196.01,84.1,189.78,90.27
4047,573653.132809,61.956,57,124.407,4.01,65.743,139.836,90.587,432.31,195.59,86.51,182.19,90.54
4048,573653.145015,60.534,60,123.365,2.331,69.51,141.309,91.456,430.88,193.4,91.46,183.97,91.48
4049,573653.147712,62.819,59,125.622,4.132,65.799,144.045,90.21,433.93,195.74,86.58,187.51,90.18
4050,573653.152639,61.494,62,125.672,4.008,67.02,140.428,89.315,434.1,195.59,88.25,182.43,89.25
4051,573653.16027,62.881,64,124.037,3.819,66.199,145.223,89.987,431.73,195.36,87.14,189.04,89.86
4052,573653.164403,62.518,68,127.68,4.171,66.67,144.472,89.013,436.53,195.81,87.72,188.02,88.94
4053,573653.168137,60.768,55,126.136,3.758,67.971,139.184,88.793,434.56,195.27,89.43,181.27,88.72
4054,573653.172381,62.756,75,124.822,4.155,66.183,144.574,88.373,432.77,195.8,87.09,188.27,88.28
4055,573653.176316,61.281,63,126.898,3.948,67.524,140.524,87.951,435.58,195.53,88.83,183.06,87.86
4056,573653.184413,60.097,62,125.213,2.564,70.386,141.188,89.523,433.35,193.7,92.6,183.9,89.47
4057,573653.188524,62.417,62,127.622,4.171,66.989,144.673,88.084,436.57,195.81,88.15,187.99,88.0
4058,573653.193011,59.826,59,128.96,2.409,71.088,141.433,85.717,438.22,193.53,93.5,183.98,85.61
4059,573653.195988,62.467,58,125.87,3.903,67.284,145.555,87.316,434.14,195.47,88.54,189.35,87.18
4060,573653.200358,62.192,65,129.378,4.151,67.357,144.383,86.907,438.73,195.8,88.6,187.85,86.8
4061,573653.208537,60.398,59,125.893,3.031,70.235,142.182,87.856,434.23,194.32,92.4,185.14,87.77
4062,573653.211745,62.19,70,126.614,4.558,66.949,143.5,85.842,435.07,196.4,88.15,186.97,85.65
4063,573653.216681,61.264,62,128.03,4.272,67.501,140.402,85.62,437.16,195.96,88.85,182.22,85.49
4064,573653.229191,59.73,63,129.286,2.634,70.913,140.679,83.994,438.69,193.84,93.24,183.05,83.81
4065,573653.237263,62.644,64,126.937,4.534,66.192,144.045,84.583,435.63,196.32,87.07,187.51,84.45
4066,573653.239901,63.241,62,129.78,4.501,65.701,145.923,84.589,439.37,196.3,86.46,189.56,84.45
4067,573653.244237,61.738,62,126.181,3.652,67.959,143.526,85.72,434.58,195.16,89.39,186.95,85.6
4068,573653.247796,63.263,68,127.645,4.971,64.9,144.256,83.775,436.59,196.9,85.39,187.58,83.64
4069,573653.252427,62.681,63,128.916,4.481,64.939,141.496,83.659,438.23,196.27,85.45,183.69,83.46
4070,573653.260747,63.561,57,127.226,4.417,64.609,145.11,84.707,435.95,196.17,84.98,189.07,84.59
4071,573653.263871,63.979,66,130.746,4.645,63.752,145.321,83.754,440.55,196.47,83.85,188.85,83.63
4072,573653.267864,60.658,52,129.758,2.975,67.45,137.648,84.036,439.23,194.32,88.76,179.27,83.78
4073,573653.272544,64.404,68,127.841,4.98,62.859,145.498,83.12,436.76,196.93,82.66,189.51,82.96
4074,573653.276008,64.777,59,130.393,4.396,62.506,146.68,83.467,440.16,196.16,82.22,190.47,83.29
4075,573653.284676,63.321,63,127.245,3.697,64.675,144.047,84.799,436.0,195.23,85.08,187.49,84.67
4076,573653.288082,64.895,59,129.706,4.848,61.647,145.299,83.313,439.2,196.75,81.06,189.21,83.16
4077,573653.291859,64.168,56,130.138,4.393,61.897,142.049,83.042,439.68,196.12,81.6,184.2,82.89
4078,573653.295887,65.61,63,127.865,4.688,60.915,147.513,83.905,436.6,196.56,80.17,191.59,83.78
4079,573653.299991,65.285,61,131.428,4.536,60.763,145.331,83.256,441.4,196.35,79.9,188.99,83.1
4080,573653.313185,65.873,70,128.793,5.085,59.475,145.5,83.428,437.99,197.07,78.2,189.5,83.28
4081,573653.31586,65.154,61,129.923,4.751,59.807,142.335,83.343,439.5,196.63,78.64,185.28,83.2
4082,573653.324857,66.045,59,130.244,5.076,58.556,144.223,83.502,439.91,197.05,77.0,187.73,83.36
4083,573653.32782,63.981,65,131.145,3.413,62.576,142.649,82.589,441.14,194.86,82.31,185.26,82.45
4084,573653.336971,66.967,59,128.091,5.184,58.149,148.617,84.103,436.92,197.2,76.49,193.51,84.01
4085,573653.339862,66.717,63,130.353,5.245,57.917,146.522,84.179,439.94,197.29,76.18,190.31,84.06
4086,573653.344581,64.704,55,127.131,4.212,61.206,143.241,85.274,435.83,195.91,80.51,186.48,85.16
4087,573653.347841,66.877,66,128.214,5.801,56.963,145.053,84.4,437.27,198.0,74.93,188.79,84.26
4088,573653.351737,65.651,51,131.512,4.525,59.354,143.962,82.686,441.55,196.34,78.02,187.45,82.55
4089,573653.360254,65.973,52,124.364,5.07,58.894,144.642,86.935,432.22,197.02,77.51,188.38,86.85
4090,573653.363979,67.066,61,128.826,5.945,56.348,144.607,84.642,438.14,198.17,74.16,187.8,84.52
4091,573653.367909,65.733,54,129.969,4.478,59.628,145.085,83.873,439.58,196.31,78.27,189.13,83.74
4092,573653.372007,67.93,65,126.915,6.087,55.444,147.561,85.107,435.53,198.36,72.94,192.22,85.02
4093,573653.375999,67.079,58,127.84,6.036,55.949,143.66,85.289,436.89,198.29,73.66,186.37,85.15
4094,573653.379794,66.738,52,126.888,5.882,56.427,142.875,86.13,435.48,198.02,74.43,185.84,86.06
4095,573653.389153,68.024,64,127.52,6.265,54.606,145.919,85.599,436.35,198.6,71.82,190.08,85.48
4096,573653.401437,68.183,63,128.174,5.943,54.625,146.979,86.254,437.17,198.17,71.87,191.21,86.15
4097,573653.40387,66.597,55,126.873,5.858,56.277,141.688,86.92,435.51,198.06,74.03,184.51,86.83
4098,573653.411978,68.501,72,125.748,6.049,53.94,147.18,87.207,433.96,198.3,70.97,191.61,87.1
4099,573653.416222,67.441,59,127.001,5.78,55.313,144.183,87.101,435.87,197.93,72.85,186.94,87.02
4100,573653.420011,66.482,60,124.672,4.7,57.674,144.531,89.036,432.57,196.49,75.92,188.39,89.0
4101,573653.424137,68.162,64,127.158,5.712,54.397,146.235,87.634,435.91,197.86,71.59,190.21,87.54
4102,573653.428093,65.848,58,128.977,4.59,58.333,142.569,86.533,438.21,196.39,76.73,185.57,86.44
4103,573653.436904,68.101,64,125.149,5.387,54.917,147.241,88.879,433.26,197.41,72.3,191.3,88.78
4104,573653.439941,67.78,60,127.292,5.459,55.238,146.072,88.214,436.2,197.51,72.66,190.32,88.15
4105,573653.444459,65.646,51,126.732,5.251,57.061,138.371,88.103,435.36,197.23,75.09,180.16,88.03
4106,573653.447427,67.794,68,125.519,5.521,55.059,145.685,88.88,433.74,197.6,72.44,189.84,88.81
4107,573653.452944,66.842,57,125.846,5.391,56.778,144.373,88.906,434.18,197.42,74.71,188.01,88.83
4108,573653.45573,67.147,58,123.907,4.934,56.933,146.595,90.292,431.64,196.83,74.87,191.21,90.2
4109,573653.464718,67.335,62,126.408,5.469,56.23,145.924,89.117,434.92,197.53,74.01,190.02,89.07
4110,573653.467729,64.411,58,126.418,4.0,61.019,141.28,88.948,434.97,195.59,80.3,183.82,88.87
4111,573653.472232,67.191,61,123.653,5.337,56.612,146.037,89.988,431.21,197.34,74.54,189.89,89.92
4112,573653.481313,65.385,58,121.018,4.564,59.891,143.79,91.905,427.85,196.31,78.83,187.45,91.88
4113,573653.487953,66.793,66,123.978,5.555,57.368,145.584,90.062,431.56,197.62,75.53,189.25,89.99
4114,573653.491972,64.733,57,126.561,4.615,61.033,142.991,88.336,435.14,196.45,80.19,186.28,88.21
4115,573653.500185,65.552,64,123.994,5.435,59.056,142.691,90.029,431.82,197.47,77.74,185.74,89.96
4116,573653.504045,62.417,56,123.598,4.048,63.477,137.087,91.488,431.23,195.64,83.54,178.6,91.45
4117,573653.507942,66.053,62,121.676,5.438,59.071,145.535,90.59,428.86,197.48,77.78,189.3,90.51
4118,573653.516704,65.836,61,123.94,5.431,60.25,147.186,90.392,431.71,197.46,79.29,191.83,90.31
4119,573653.519843,64.141,67,120.805,4.219,63.011,144.467,91.987,427.58,195.89,82.83,188.52,91.99
4120,573653.523812,66.163,57,123.917,5.524,59.942,148.322,90.548,431.64,197.58,78.88,193.26,90.49
4121,573653.528069,63.318,59,125.427,4.165,64.278,143.147,89.042,433.56,195.79,84.61,186.51,89.0
4122,573653.532077,65.37,59,121.925,4.914,61.263,146.999,91.226,429.04,196.77,80.64,191.66,91.19
4123,573653.540844,64.961,65,125.403,5.181,61.7,145.78,90.154,433.65,197.11,81.23,189.69,90.09
4124,573653.543676,62.908,54,124.05,4.746,63.656,139.771,90.407,431.84,196.55,83.78,182.11,90.36
4125,573653.548471,64.908,70,123.265,5.023,61.715,145.533,89.976,430.74,196.92,81.22,189.56,89.89
4126,573653.551637,63.576,61,125.098,4.807,63.254,142.142,89.909,433.23,196.64,83.23,185.2,89.85
4127,573653.555708,62.391,59,123.323,3.405,65.894,142.184,91.54,431.09,194.82,86.71,184.8,91.46
4128,573653.564252,64.26,63,126.659,4.797,63.26,145.665,89.719,435.31,196.64,83.25,189.6,89.66
4129,573653.577216,62.478,65,127.003,4.242,64.807,140.249,89.088,435.87,195.9,85.31,182.32,89.01
4130,573653.579882,59.929,53,127.244,2.592,68.692,137.092,90.446,436.05,193.73,90.38,178.43,90.38
4131,573653.58449,63.348,67,126.325,4.317,64.462,143.705,88.839,434.7,196.02,84.81,187.13,88.76
4132,573653.592629,62.343,59,127.09,4.09,65.837,141.836,88.689,435.67,195.73,86.66,184.16,88.65
4133,573653.596439,61.789,59,124.14,3.285,66.974,141.677,90.899,431.94,194.63,88.14,184.57,90.86
4134,573653.600822,63.228,58,127.899,4.27,65.464,145.33,88.506,436.89,195.93,86.14,188.92,88.45
4135,573653.604162,61.072,57,126.854,3.9,67.342,139.219,88.325,435.54,195.46,88.63,181.16,88.23
4136,573653.608162,63.091,68,125.073,4.261,65.555,144.849,88.103,433.15,195.94,86.25,188.72,88.02
4137,573653.616312,61.672,63,126.994,4.217,66.561,140.268,87.45,435.7,195.89,87.56,182.73,87.36
4138,573653.62015,59.949,63,125.316,2.816,70.207,140.198,88.729,433.58,194.06,92.37,182.55,88.64
4139,573653.624143,62.174,61,125.799,4.511,66.125,141.66,87.027,434.12,196.28,86.99,184.55,86.92
4140,573653.628467,61.865,60,126.422,4.384,66.735,141.521,86.876,434.94,196.11,87.79,184.32,86.77
4141,573653.632346,62.688,56,124.693,4.168,66.384,144.681,87.918,432.58,195.82,87.36,188.73,87.83
4142,573653.641299,63.101,63,127.89,4.622,65.756,145.34,86.465,436.79,196.43,86.5,189.12,86.36
4143,573653.64388,60.869,59,128.353,2.983,69.559,142.885,84.91,437.44,194.28,91.48,186.1,84.79
4144,573653.648104,63.139,67,125.074,4.731,65.666,145.335,85.855,433.16,196.58,86.38,189.4,85.74
4145,573653.661159,63.166,59,126.949,4.915,64.947,143.877,85.447,435.63,196.82,85.43,187.41,85.32
4146,573653.669194,62.182,62,127.396,4.53,65.517,140.393,85.2,436.21,196.32,86.17,182.84,85.07
4147,573653.672058,63.525,71,125.617,4.559,64.729,145.194,85.779,433.85,196.35,85.15,189.2,85.66
4148,573653.676199,63.513,66,129.714,4.568,64.482,144.58,85.296,439.13,196.38,84.8,187.99,85.2
4149,573653.679811,61.779,58,126.688,3.297,67.294,142.307,86.09,435.37,194.67,88.57,184.99,85.99
4150,573653.684141,63.995,72,127.563,4.737,63.522,144.88,84.557,436.39,196.6,83.54,188.72,84.42
4151,573653.69256,63.356,62,129.603,4.329,63.786,142.236,84.639,439.08,196.05,83.88,185.16,84.5
4152,573653.695827,62.337,65,127.402,3.362,65.935,142.019,86.358,436.16,194.79,86.72,184.82,86.28
4153,573653.700255,64.475,61,130.806,4.395,62.908,145.99,84.564,440.6,196.15,82.73,189.93,84.43
4154,573653.703761,61.188,51,130.819,2.853,66.67,138.339,84.741,440.64,194.12,87.67,180.04,84.61
4155,573653.707765,64.719,65,128.921,4.553,62.299,145.878,84.563,438.15,196.36,81.93,189.93,84.42
4156,573653.716149,64.474,63,132.383,4.288,62.585,145.234,84.216,442.69,196.01,82.31,188.64,84.06
4157,573653.719755,62.638,59,129.082,3.281,65.547,142.614,85.314,438.32,194.71,86.13,185.63,85.24
4158,573653.723896,64.479,67,130.352,4.818,61.819,143.485,83.988,440.03,196.71,81.28,186.79,83.84
4159,573653.727811,64.053,58,130.731,4.627,62.238,142.242,83.93,440.47,196.48,81.83,184.92,83.82
4160,573653.732159,64.49,59,128.329,4.49,62.43,144.959,85.42,437.33,196.27,82.1,188.9,85.29
4161,573653.744637,62.986,52,127.809,3.673,64.986,143.073,85.337,436.73,195.19,85.51,185.97,85.21
4162,573653.747797,65.67,68,128.137,5.563,60.087,145.843,84.039,437.09,197.69,79.02,190.02,83.92
4163,573653.752309,65.686,63,130.683,5.251,60.3,146.452,84.109,440.73,197.24,79.39,189.63,84.07
4164,573653.756044,63.997,59,127.285,4.462,62.754,143.135,85.317,436.04,196.23,82.55,186.35,85.2
4165,573653.759809,65.759,64,128.926,5.82,59.119,143.992,84.115,438.08,198.02,77.75,187.27,83.93
4166,573653.768191,65.008,54,132.037,4.729,60.609,143.456,81.965,442.01,196.6,79.78,186.5,81.9
4167,573653.771803,66.022,56,128.371,5.707,58.492,143.933,84.413,437.44,197.88,76.99,186.71,84.32
4168,573653.775935,66.427,64,129.457,5.72,58.308,145.803,84.336,438.85,197.89,76.69,189.67,84.19
4169,573653.779992,64.605,50,128.241,3.984,62.118,144.848,84.363,437.22,195.62,81.73,188.16,84.21
4170,573653.784127,67.267,68,126.392,6.05,56.789,146.954,84.898,434.86,198.33,74.69,191.49,84.77
4171,573653.792073,67.178,61,128.306,5.721,57.159,147.369,84.916,437.46,197.89,75.2,191.61,84.77
4172,573653.795934,65.484,64,125.167,4.583,59.824,144.173,86.329,433.21,196.39,78.68,187.97,86.22
4173,573653.799774,67.398,64,127.76,5.741,56.261,146.392,85.024,436.65,197.92,74.01,190.56,84.9
4174,573653.804708,65.36,60,129.944,4.065,59.671,143.123,83.708,439.51,195.73,78.48,186.2,83.55
4175,573653.8077,67.779,55,126.703,5.334,55.887,147.778,85.945,435.28,197.38,73.52,192.48,85.84
4176,573653.812017,67.633,64,128.327,5.31,55.727,146.441,85.81,437.38,197.34,73.32,190.51,85.69
4177,573653.820255,65.942,49,127.451,3.718,59.659,146.346,86.121,436.35,195.25,78.49,190.3,85.98
4178,573653.832105,66.49,61,123.59,4.509,57.406,143.91,89.281,431.24,196.27,75.54,187.46,89.2
4179,573653.836404,68.216,60,127.736,5.41,55.178,148.685,87.009,436.6,197.46,72.6,193.47,86.91
4180,573653.845108,65.191,58,128.33,4.069,59.604,142.051,86.6,437.35,195.67,78.35,184.92,86.44
4181,573653.847899,67.792,67,125.89,5.412,55.132,145.862,87.826,434.16,197.47,72.55,189.86,87.75
4182,573653.851766,67.494,59,127.697,5.505,55.975,146.232,87.573,436.69,197.59,73.65,190.22,87.47
4183,573653.856525,65.072,52,125.227,4.229,59.785,141.844,89.052,433.38,195.89,78.67,184.72,88.99
4184,573653.860118,67.621,62,126.969,5.808,55.256,145.131,88.165,435.75,197.96,72.75,188.43,88.12
4185,573653.86883,66.515,58,126.328,5.733,57.312,143.815,88.114,434.91,197.86,75.38,187.68,87.98
4186,573653.872215,66.996,59,124.221,5.378,57.099,146.108,89.758,431.98,197.34,75.3,190.19,89.73
4187,573653.876004,67.494,65,127.206,5.862,56.231,146.9,88.317,435.89,198.05,73.99,191.17,88.24
4188,573653.880144,64.668,49,126.832,4.439,61.178,142.988,88.039,435.52,196.19,80.46,186.15,87.92
4189,573653.884144,67.586,66,123.982,6.015,56.268,147.569,89.314,431.66,198.25,74.06,192.14,89.25
4190,573653.888441,66.236,57,125.102,6.027,57.69,143.164,88.888,433.23,198.26,75.91,186.53,88.81
4191,573653.896587,65.992,57,122.711,5.297,59.206,145.516,90.378,430.06,197.28,77.93,189.67,90.33
4192,573653.900398,66.644,58,125.41,6.062,57.381,144.741,89.361,433.54,198.3,75.52,188.35,89.3
4193,573653.904131,65.123,62,127.533,5.151,60.185,143.067,87.444,436.33,197.12,79.18,186.29,87.35
4194,573653.913202,66.042,62,125.118,5.843,58.504,144.073,89.527,433.49,198.02,76.98,187.77,89.49
4195,573653.919805,63.186,59,124.685,4.529,62.088,137.638,90.114,432.57,196.33,81.59,179.44,90.03
4196,573653.924436,66.404,69,123.276,5.681,58.164,145.309,89.668,430.79,197.78,76.59,188.81,89.59
4197,573653.932304,65.328,54,122.284,4.591,60.588,145.149,91.208,429.47,196.34,79.77,189.07,91.18
4198,573653.935695,66.186,61,125.46,5.268,59.109,146.391,89.689,433.65,197.25,77.78,190.65,89.62
4199,573653.945045,63.334,57,126.127,3.761,63.76,142.07,88.969,434.46,195.27,83.95,184.68,88.93
4200,573653.948421,65.588,62,123.076,4.76,59.92,144.981,90.533,430.52,196.58,78.9,188.67,90.44
4201,573653.952321,65.422,63,126.101,4.776,60.776,146.12,89.864,434.51,196.62,79.99,189.85,89.82
4202,573653.955887,62.729,51,125.45,4.041,63.261,138.064,90.548,433.67,195.63,83.24,179.87,90.5
4203,573653.959962,65.362,69,124.396,4.76,60.542,145.224,89.811,432.05,196.6,79.69,189.14,89.69
4204,573653.963889,63.864,59,125.239,4.498,62.314,141.464,89.832,433.45,196.23,82.02,184.08,89.79
4205,573653.972036,64.531,58,123.501,4.049,62.392,145.09,90.987,430.83,195.68,82.14,189.1,90.76
4206,573653.975922,64.749,64,126.737,4.503,61.917,145.143,89.635,435.31,196.24,81.47,188.94,89.57
4207,573653.979813,62.793,56,127.867,3.172,65.784,143.882,88.505,436.79,194.5,86.54,187.39,88.44
4208,573653.983996,64.844,64,124.117,4.331,62.383,146.754,89.837,431.9,196.02,82.09,191.22,89.78
4209,573653.987848,62.989,65,125.869,4.332,63.768,140.41,89.507,434.24,196.02,83.9,182.95,89.44
4210,573654.000939,63.613,62,125.517,4.611,63.569,143.033,89.056,433.59,196.37,83.68,185.68,88.89
4211,573654.0042,62.418,60,125.418,4.551,64.94,140.253,89.455,433.69,196.31,85.46,182.52,89.37
4212,573654.007927,63.548,56,123.966,4.181,64.595,145.014,90.322,431.64,195.81,85.02,188.82,90.25
4213,573654.012109,63.664,68,127.468,4.665,64.657,145.742,88.682,436.24,196.47,85.07,189.66,88.61
4214,573654.015915,61.29,55,125.808,4.241,66.981,139.435,88.873,434.33,195.91,88.12,181.38,88.62
4215,573654.024129,63.513,68,124.425,4.823,64.423,144.448,88.622,432.28,196.69,84.78,188.26,88.52
4216,573654.027893,62.102,62,126.057,4.719,65.769,140.562,88.055,434.54,196.53,86.56,182.85,87.99
4217,573654.03182,61.766,58,125.032,4.21,66.725,141.044,88.955,433.12,195.86,87.82,183.71,88.89
4218,573654.03671,63.881,55,126.843,4.951,64.884,147.383,87.696,435.53,196.85,85.34,192.19,87.61
4219,573654.04014,61.738,63,126.508,4.632,66.319,140.061,87.419,435.09,196.3,87.59,182.27,87.29
4220,573654.048612,62.959,63,124.627,4.547,65.515,144.108,87.948,432.47,196.35,86.22,187.78,87.76
4221,573654.051807,63.034,68,128.178,4.69,65.545,144.543,87.218,437.17,196.51,86.23,188.1,87.12
4222,573654.056338,60.951,57,125.063,3.348,68.863,141.824,88.126,433.16,194.74,90.6,184.7,88.05
4223,573654.060405,63.144,65,125.386,4.852,65.146,144.207,86.355,433.54,196.74,85.72,187.68,86.2
4224,573654.063721,62.113,62,127.216,4.476,65.87,140.828,86.475,435.91,196.24,86.67,183.17,86.37
4225,573654.072891,61.269,62,125.373,3.231,68.07,141.605,88.093,433.56,194.59,89.56,184.43,88.02
4226,573654.080913,61.684,61,127.721,4.015,66.478,140.151,86.0,436.62,195.63,87.45,182.5,85.89
4227,573654.088503,63.292,66,129.637,4.204,64.831,144.245,85.67,439.14,195.88,85.3,187.43,85.56
4228,573654.093002,61.921,57,126.061,3.377,67.076,142.508,87.179,434.37,194.88,88.0,185.94,87.05
4229,573654.100245,63.68,62,128.305,4.538,63.88,144.073,85.417,437.28,196.32,84.03,187.44,85.26
4230,573654.103849,62.664,62,128.866,4.207,64.778,141.065,84.924,438.17,195.88,85.21,183.45,84.81
4231,573654.108281,63.522,58,127.188,4.014,64.582,144.852,86.255,435.89,195.63,84.96,188.68,86.16
4232,573654.112118,63.576,63,129.891,4.488,63.704,143.153,85.102,439.48,196.25,83.79,186.17,84.99
4233,573654.116168,61.811,56,126.995,3.339,66.944,141.717,86.128,435.7,194.75,88.07,184.41,86.01
4234,573654.12465,64.386,67,127.157,4.761,63.04,145.822,84.905,435.78,196.63,82.92,189.88,84.75
4235,573654.128307,64.526,64,130.417,4.522,62.881,146.199,84.609,440.09,196.32,82.7,190.1,84.47
4236,573654.132463,62.978,65,126.685,3.758,65.493,144.15,85.836,435.23,195.3,86.14,187.75,85.72
4237,573654.136556,64.594,60,129.11,5.147,62.393,145.43,84.621,438.42,197.14,82.05,189.39,84.49
4238,573654.139753,63.723,59,128.96,4.985,62.697,141.621,84.237,438.28,196.92,82.47,184.18,84.11
4239,573654.148728,65.007,57,127.079,5.06,61.875,146.448,84.853,435.6,197.06,81.42,190.74,84.64
4240,573654.152371,64.913,67,130.493,5.086,61.707,145.534,84.183,440.17,197.06,81.15,189.3,84.04
4241,573654.156132,63.586,52,128.744,4.988,62.346,140.151,84.184,437.95,196.93,82.0,182.44,84.05
4242,573654.160652,65.619,71,127.439,5.579,60.351,146.2,84.111,436.23,197.71,79.37,190.48,83.97
4243,573654.169073,64.174,58,125.787,4.251,62.947,144.492,85.766,434.03,195.94,82.84,188.13,85.65
4244,573654.176099,66.176,62,128.758,5.482,59.621,147.601,84.392,438.01,197.56,78.44,191.78,84.28
4245,573654.180424,63.527,60,129.774,3.641,63.182,141.734,83.186,439.29,195.2,82.99,184.54,83.01
4246,573654.184272,66.152,63,126.92,5.274,59.107,146.188,84.684,435.37,197.31,77.78,190.15,84.57
4247,573654.192154,64.322,53,126.078,3.733,62.555,144.363,85.801,434.45,195.2,82.45,187.84,85.67
4248,573654.201147,66.662,70,127.462,5.564,57.695,145.635,84.416,436.2,197.71,75.89,189.81,84.25
4249,573654.204273,66.055,59,128.533,5.111,58.292,143.628,84.616,437.69,197.09,76.67,187.01,84.49
4250,573654.208623,65.579,61,125.963,4.445,59.647,144.271,86.464,434.3,196.2,78.48,187.94,86.37
4251,573654.211689,67.042,62,129.074,5.223,56.86,145.776,85.037,438.35,197.24,74.79,189.71,84.91
4252,573654.216343,64.086,60,129.492,3.657,61.204,140.05,84.685,439.0,195.2,80.4,182.52,84.41
4253,573654.224492,67.413,63,126.989,5.263,56.527,147.174,85.699,435.65,197.28,74.36,191.69,85.59
4254,573654.227814,67.176,61,129.25,5.154,56.886,146.649,85.61,438.58,197.14,74.84,190.72,85.49
4255,573654.232102,65.911,57,125.983,4.371,59.191,145.021,87.046,434.31,196.1,77.87,188.91,86.96
4256,573654.236248,67.302,68,128.355,5.485,56.151,145.515,85.8,437.43,197.57,73.85,189.56,85.69
4257,573654.239752,66.003,60,131.567,4.294,58.681,144.289,84.132,441.44,195.99,77.26,187.61,84.06
4258,573654.249214,66.974,47,127.593,5.183,56.538,144.545,86.844,436.44,197.16,74.38,188.23,86.75
4259,573654.260696,67.804,68,125.992,5.744,55.587,147.145,87.225,434.33,197.9,73.13,191.72,87.13
4260,573654.264277,67.324,65,127.92,5.655,56.599,146.813,86.771,436.76,197.79,74.47,191.01,86.69
4261,573654.268071,65.888,61,124.802,4.871,59.059,144.57,88.538,432.81,196.71,77.79,188.29,88.45
4262,573654.276965,67.326,61,126.709,5.89,55.829,144.828,87.257,435.01,198.12,73.51,187.38,87.19
4263,573654.279755,65.306,63,129.229,4.739,59.655,142.792,85.728,438.56,196.68,78.26,185.69,85.54
4264,573654.283897,67.26,60,125.378,5.691,56.68,146.632,88.091,433.55,197.83,74.58,190.99,88.01
4265,573654.287962,67.264,63,127.07,5.845,56.624,146.512,87.584,435.78,198.02,74.52,190.71,87.47
4266,573654.292238,64.983,54,127.808,4.373,60.841,143.871,87.028,436.86,196.13,79.94,187.43,86.87
4267,573654.300007,67.209,68,125.218,5.85,56.547,145.98,88.058,433.35,198.01,74.49,189.94,87.97
4268,573654.303897,66.318,55,125.659,5.849,57.586,143.374,88.073,433.95,198.03,75.77,186.78,87.99
4269,573654.307711,66.061,65,123.168,5.035,58.716,144.703,89.759,430.72,196.92,77.35,188.29,89.69
4270,573654.311929,66.987,64,126.176,5.784,57.081,146.013,88.218,434.62,197.95,75.1,190.25,88.14
4271,573654.316189,65.585,57,125.285,5.478,58.641,141.869,88.578,433.48,197.53,77.17,184.87,88.48
4272,573654.319631,67.102,69,123.434,5.463,57.082,146.709,89.353,431.0,197.51,75.12,191.26,89.29
4273,573654.328854,65.665,63,125.518,5.32,58.36,141.624,88.733,433.69,197.31,76.78,184.36,88.62
4274,573654.331653,64.448,54,123.73,4.022,61.436,142.436,90.169,431.64,195.53,81.16,184.66,90.06
4275,573654.336377,66.601,66,124.96,5.314,57.556,144.93,89.004,432.66,197.34,75.77,188.15,88.9
4276,573654.344877,66.116,64,123.28,4.595,59.237,146.307,90.686,430.8,196.36,77.96,190.73,90.65
4277,573654.351863,66.366,67,126.739,5.024,58.697,146.415,89.303,435.3,196.93,77.24,190.56,89.23
4278,573654.35621,64.244,56,125.32,4.753,60.974,140.319,89.641,433.48,196.54,80.32,182.72,89.6
4279,573654.364514,65.63,64,126.33,4.956,60.306,146.153,89.496,434.74,196.85,79.36,190.07,89.46
4280,573654.367836,64.303,63,123.271,3.972,62.764,144.749,91.082,430.87,195.53,82.64,188.4,91.05
4281,573654.37644,65.298,61,125.349,5.101,60.224,144.109,89.521,433.53,197.03,79.29,187.14,89.51
4282,573654.379746,64.182,57,125.482,4.925,61.966,142.284,89.452,433.87,196.8,81.59,184.74,89.37
4283,573654.384511,64.9,62,123.518,4.632,61.732,145.523,90.591,431.04,196.4,81.25,189.7,90.59
4284,573654.388316,64.993,67,126.675,5.09,61.561,145.627,89.416,435.31,197.03,80.99,189.83,89.37
4285,573654.39185,62.722,57,127.152,3.642,65.597,143.128,88.387,435.79,195.11,86.31,186.22,88.29
4286,573654.396091,64.7,73,123.871,5.093,62.011,145.103,89.239,431.47,197.04,81.62,188.97,89.17
4287,573654.405179,63.26,58,124.897,4.947,63.253,140.577,89.125,432.84,196.83,83.34,182.08,89.08
4288,573654.407884,62.173,62,123.487,3.642,66.058,141.509,90.726,431.16,195.1,86.95,184.22,90.7
4289,573654.412308,64.115,59,125.373,5.106,62.772,143.787,89.01,433.45,197.05,82.66,186.48,88.99
4290,573654.415804,62.901,60,125.318,4.821,64.155,140.834,88.855,433.54,196.66,84.41,183.58,88.76
4291,573654.419828,64.413,62,123.724,4.71,63.083,146.064,89.309,431.36,196.53,83.02,190.45,89.21
4292,573654.432465,61.846,54,123.532,3.11,67.405,142.854,90.068,431.15,194.41,88.74,185.93,90.01
4293,573654.441127,63.419,54,125.968,4.318,64.379,143.875,88.215,434.43,196.0,84.77,186.93,88.15
4294,573654.444441,62.671,61,122.92,3.591,65.392,142.435,90.53,430.34,195.04,86.07,185.6,90.49
4295,573654.453007,64.447,57,126.97,4.401,63.473,147.153,88.102,435.62,196.12,83.51,191.56,88.01
4296,573654.456372,61.294,62,127.864,2.833,67.795,141.149,86.857,436.77,194.08,89.17,183.77,86.77
4297,573654.46066,63.82,61,124.855,4.122,63.813,144.635,88.214,432.9,195.75,84.0,188.03,88.11
4298,573654.463985,62.575,61,127.032,4.166,64.636,140.334,87.478,435.81,195.86,85.08,182.87,87.47
4299,573654.468301,61.213,60,125.396,2.858,68.036,141.287,88.824,433.52,194.13,89.42,184.06,88.82
4300,573654.472237,63.33,64,125.913,4.41,63.927,142.423,87.306,434.22,196.13,84.05,185.54,87.18
4301,573654.481039,62.235,63,127.572,4.405,65.137,139.827,86.874,436.58,196.16,85.7,181.68,86.69
4302,573654.484388,63.258,60,125.805,4.153,64.744,143.883,88.137,434.11,195.8,85.18,187.46,88.06
4303,573654.488538,63.805,69,128.845,4.671,64.086,145.179,86.969,438.09,196.48,84.32,188.72,86.88
4304,573654.491648,60.636,59,128.438,3.127,68.329,139.344,85.988,437.6,194.48,89.89,181.31,85.81
4305,573654.495995,63.534,66,125.853,4.743,64.279,144.228,86.694,434.14,196.59,84.58,187.72,86.59
4306,573654.504628,63.344,57,129.215,4.566,64.331,143.391,86.909,438.61,196.37,84.62,186.87,86.79
4307,573654.517064,62.134,60,130.223,3.253,67.077,143.508,84.029,439.86,194.64,88.24,186.62,83.9
4308,573654.520004,63.965,53,127.039,4.543,64.032,145.887,86.15,435.64,196.32,84.23,190.27,86.09
4309,573654.524618,63.177,61,128.746,4.806,64.047,141.936,85.678,437.98,196.67,84.23,184.86,85.56
4310,573654.532304,61.687,58,129.423,3.126,67.406,142.121,84.489,438.86,194.47,88.66,184.92,84.35
4311,573654.535789,64.114,70,126.765,4.979,63.119,144.574,84.94,435.27,196.92,83.05,188.03,84.8
4312,573654.540123,63.279,60,127.827,4.714,63.431,141.071,85.248,436.65,196.58,83.54,182.59,85.14
4313,573654.544103,62.332,66,125.981,3.564,65.826,141.76,86.784,434.34,195.04,86.6,184.64,86.69
4314,573654.547965,64.735,63,128.698,4.934,62.427,146.264,85.258,437.88,196.86,82.15,189.87,85.14
4315,573654.556545,62.343,60,129.866,3.198,65.916,142.005,83.623,439.38,194.58,86.69,184.84,83.48
4316,573654.560397,65.045,57,126.662,4.742,61.91,146.737,85.278,435.23,196.6,81.44,191.11,85.15
4317,573654.564113,64.894,65,129.256,4.778,61.655,145.31,85.08,438.73,196.61,81.15,188.95,84.88
4318,573654.56842,62.551,51,128.08,3.16,65.832,142.812,84.807,437.12,194.53,86.68,184.87,84.6
4319,573654.572318,64.657,60,126.905,5.21,61.006,142.527,85.08,435.44,197.23,80.19,185.48,84.97
4320,573654.580144,63.935,59,128.451,4.954,61.599,140.194,84.517,437.77,196.89,81.07,181.85,84.3
4321,573654.58422,64.255,52,125.415,4.731,62.032,142.81,86.679,433.61,196.57,81.66,185.61,86.61
4322,573654.588031,65.102,59,128.712,5.273,60.559,143.847,84.957,437.87,197.29,79.68,186.85,84.79
4323,573654.593329,62.645,58,128.975,3.471,64.819,141.062,84.264,438.18,194.99,85.19,183.68,84.04
4324,573654.601231,65.801,62,129.428,5.097,60.087,146.585,84.991,438.8,197.07,79.04,190.64,84.86
4325,573654.608713,64.13,62,125.916,4.284,62.744,143.797,86.531,434.24,195.99,82.54,187.29,86.43
4326,573654.612207,65.656,66,127.828,5.609,59.31,143.882,85.207,436.57,197.74,78.01,187.02,85.04
4327,573654.620231,66.031,61,126.278,5.211,59.429,146.289,86.192,434.55,197.18,78.26,190.54,86.13
4328,573654.624043,66.155,66,129.692,5.397,58.951,145.82,85.265,439.14,197.46,77.54,189.69,85.14
4329,573654.632098,63.609,50,129.92,3.521,63.192,142.167,84.439,439.47,195.0,83.09,185.09,84.31
4330,573654.636215,66.743,67,126.912,5.644,57.975,146.825,85.597,435.48,197.78,76.28,191.05,85.46
4331,573654.639895,66.718,58,129.205,5.278,58.29,147.476,85.357,438.55,197.31,76.71,191.75,85.26
4332,573654.643946,65.345,62,125.978,4.518,60.591,145.246,87.073,434.3,196.29,79.71,189.21,86.98
4333,573654.647814,66.69,60,128.55,5.517,57.695,145.806,85.512,437.75,197.6,75.9,189.6,85.41
4334,573654.656641,64.568,59,130.577,3.73,61.775,143.85,84.42,440.36,195.27,81.25,186.91,84.3
4335,573654.660385,66.674,57,127.776,5.15,57.882,146.179,86.199,436.6,197.13,76.15,190.15,86.06
4336,573654.663493,66.419,59,129.071,5.255,57.623,144.043,85.898,438.42,197.27,75.81,187.27,85.77
4337,573654.668426,64.419,55,126.4,4.161,61.194,141.721,87.06,434.91,195.82,80.5,184.48,86.97
4338,573654.671945,67.181,71,127.135,5.558,56.87,146.642,86.286,435.68,197.67,74.84,190.62,86.16
4339,573654.67588,66.893,57,128.809,5.271,57.777,147.219,86.418,438.13,197.3,76.06,191.21,86.31
4340,573654.684668,65.832,57,126.852,4.961,58.396,142.635,87.311,435.49,196.86,76.84,185.68,87.22
4341,573654.696769,67.24,65,125.17,5.452,56.879,147.023,87.432,433.31,197.52,74.85,191.38,87.33
4342,573654.700239,66.175,62,127.425,5.395,57.739,142.937,86.91,436.21,197.44,75.99,185.75,86.83
4343,573654.708858,63.159,54,126.086,3.791,61.9,137.094,86.637,434.51,195.35,81.43,178.52,86.44
4344,573654.712253,66.734,69,126.188,5.572,57.0,144.305,87.383,434.41,197.67,75.03,187.45,87.25
4345,573654.716206,65.793,54,129.326,5.031,58.824,143.462,85.343,438.62,197.0,77.34,186.7,85.26
4346,573654.720184,66.411,55,124.847,5.189,58.053,145.071,88.401,432.89,197.16,76.39,188.96,88.32
4347,573654.724188,67.116,63,126.652,5.62,56.859,146.216,87.62,435.23,197.74,74.81,190.41,87.54
4348,573654.732172,63.801,51,126.643,3.93,61.816,140.017,86.861,435.08,195.54,81.32,182.41,86.71
4349,573654.737004,67.212,67,123.606,5.712,56.897,146.901,88.35,431.18,197.85,74.88,191.3,88.25
4350,573654.740604,66.957,57,125.748,5.57,57.537,146.998,88.055,434.04,197.67,75.72,191.28,87.97
4351,573654.744298,65.1,57,122.698,4.437,60.684,144.133,89.63,430.06,196.16,79.86,187.86,89.57
4352,573654.748524,67.021,62,125.11,5.71,57.065,146.17,88.363,433.21,197.85,75.08,190.47,88.28
4353,573654.752235,65.19,64,127.931,4.742,60.107,143.247,86.46,436.84,196.59,79.07,186.51,86.36
4354,573654.760716,67.294,57,122.619,5.247,57.903,150.005,89.343,429.95,197.23,76.21,195.45,89.28
4355,573654.763725,66.581,64,126.006,5.492,57.982,145.887,88.522,434.36,197.56,76.3,189.89,88.44
4356,573654.768087,65.154,54,124.857,5.366,59.337,141.22,88.942,432.85,197.38,78.14,183.78,88.88
4357,573654.7772,65.521,58,124.893,5.374,59.038,142.48,88.796,432.93,197.4,77.74,185.1,88.74
4358,573654.784548,65.297,60,122.959,4.569,60.285,144.253,90.341,430.36,196.34,79.33,187.95,90.32
4359,573654.788353,66.402,63,126.255,5.423,58.494,146.12,88.765,434.77,197.47,76.93,190.61,88.7
4360,573654.791698,64.73,58,125.5,4.986,60.533,141.801,88.893,433.78,196.88,79.67,184.5,88.84
4361,573654.796102,66.18,68,123.659,4.906,59.0,146.088,89.899,431.32,196.77,77.65,190.33,89.84
4362,573654.79994,65.955,65,127.262,5.03,59.535,146.115,88.972,436.02,196.93,78.36,190.21,88.87
4363,573654.808434,63.802,54,124.358,3.821,62.974,142.644,90.381,432.25,195.35,82.87,185.76,90.33
4364,573654.811978,65.714,64,124.73,5.1,59.288,144.149,89.511,432.53,197.05,78.0,187.55,89.43
4365,573654.815993,64.708,61,126.372,4.882,61.01,142.802,89.203,434.84,196.76,80.33,185.4,89.14
4366,573654.820986,64.596,61,124.282,4.129,61.873,144.227,90.764,432.1,195.69,81.55,187.78,90.7
4367,573654.823935,65.59,67,127.659,4.882,60.506,146.411,89.119,436.49,196.75,79.61,190.53,89.05
4368,573654.828492,62.389,59,127.844,3.306,65.345,140.992,88.259,436.88,194.72,85.96,183.36,88.08
4369,573654.836565,65.321,65,124.683,4.632,61.129,146.402,89.459,432.41,196.4,80.49,189.91,89.36
4370,573654.840322,65.129,63,127.634,4.631,61.673,146.638,89.23,436.65,196.43,81.19,190.3,89.12
4371,573654.843949,62.709,55,124.655,3.27,65.303,142.425,90.494,432.63,194.62,85.94,185.51,90.45
4372,573654.848169,64.515,65,126.171,4.839,61.841,143.723,89.115,434.44,196.68,81.37,186.72,88.99
4373,573654.851956,63.773,57,126.148,4.719,63.104,142.793,88.998,434.64,196.54,83.05,185.71,88.91
4374,573654.865136,64.623,66,127.466,4.908,62.59,146.044,88.681,436.25,196.78,82.36,190.02,88.6
4375,573654.867878,62.539,56,125.81,4.543,64.545,139.968,88.821,434.13,196.31,84.92,182.31,88.75
4376,573654.872437,64.356,69,124.109,4.903,62.645,144.75,88.863,431.81,196.78,82.46,188.33,88.78
4377,573654.87586,63.091,62,125.732,4.793,63.833,141.044,88.42,434.11,196.64,84.03,183.39,88.31
4378,573654.885016,61.825,59,123.75,3.566,66.78,141.434,89.962,431.46,195.01,87.89,184.25,89.91
4379,573654.887891,64.236,59,125.537,5.101,63.191,145.38,88.372,433.9,197.05,83.2,188.75,88.25
4380,573654.892116,62.344,59,125.385,4.618,65.156,140.375,87.964,433.59,196.41,85.72,182.88,87.88
4381,573654.896009,64.404,60,123.101,4.736,63.442,146.849,88.906,430.53,196.55,83.47,191.64,88.86
4382,573654.899971,64.157,68,126.636,5.074,63.421,145.493,87.974,435.17,197.01,83.45,189.39,87.88
4383,573654.903956,60.546,49,125.587,3.539,67.441,137.153,88.799,433.84,195.02,88.72,178.74,88.65
4384,573654.912281,64.33,62,124.009,5.218,63.094,145.654,87.628,431.78,197.21,83.01,189.89,87.54
4385,573654.916203,63.643,55,125.677,4.82,63.787,143.678,87.462,434.17,196.7,83.84,188.07,87.43
4386,573654.919786,62.382,68,122.761,3.749,66.143,142.68,89.231,430.06,195.34,86.86,185.95,89.22
4387,573654.923893,64.175,57,125.809,4.893,63.194,145.065,87.364,434.13,196.78,83.14,188.95,87.27
4388,573654.92775,62.574,66,126.243,4.533,64.512,140.058,86.923,434.83,196.29,84.96,181.97,86.81
4389,573654.936402,64.494,64,124.57,4.729,63.084,146.503,87.462,432.5,196.56,83.0,190.92,87.37
4390,573654.94918,64.085,69,126.099,4.774,63.03,144.223,86.32,434.4,196.61,82.88,187.76,86.16
4391,573654.951925,63.467,61,127.705,4.375,63.606,142.389,86.546,436.66,196.1,83.7,185.15,86.42
4392,573654.960938,63.875,59,125.75,3.94,63.933,145.19,87.885,434.05,195.5,84.13,189.06,87.85
4393,573654.964643,64.485,61,129.168,4.549,62.965,146.176,86.298,438.53,196.34,82.82,190.35,86.22
4394,573654.968228,61.369,59,129.511,2.869,67.127,140.089,85.589,438.89,194.12,88.3,182.15,85.5
4395,573654.97211,64.29,61,126.764,4.484,62.836,144.845,86.342,435.43,196.26,82.72,188.05,86.2
4396,573654.976012,64.449,60,129.491,4.395,63.111,146.323,86.205,438.93,196.14,83.02,190.4,86.11
4397,573654.979751,62.342,61,126.41,3.312,66.325,142.882,87.594,434.9,194.7,87.25,186.05,87.51
4398,573654.988202,63.918,62,127.715,4.765,62.863,142.982,85.926,436.46,196.57,82.67,185.58,85.71
4399,573654.992011,63.358,57,128.213,4.662,63.586,141.802,85.813,437.26,196.49,83.63,184.6,85.7
4400,573654.995816,64.198,59,126.18,4.434,63.349,145.542,87.231,434.4,196.13,83.5,189.18,87.19
4401,573654.999707,64.597,65,129.607,4.959,62.603,145.936,85.898,439.02,196.88,82.34,189.84,85.77
4402,573655.004166,62.423,56,129.932,3.366,66.319,143.254,84.392,439.52,194.76,87.26,186.54,84.24
4403,573655.012769,64.625,67,126.828,5.144,62.288,145.349,85.283,435.43,197.13,81.93,189.33,85.16
4404,573655.015803,64.219,56,127.812,5.218,62.389,143.443,85.504,436.88,197.21,82.0,187.36,85.4
4405,573655.020418,62.837,63,125.061,4.255,64.903,142.167,87.289,433.03,196.03,85.21,185.2,87.29
4406,573655.032404,65.264,62,125.301,5.369,61.355,146.627,86.024,433.39,197.42,80.73,190.89,85.89
4407,573655.040554,64.739,61,128.193,5.378,60.951,142.831,85.367,437.28,197.42,80.18,185.84,85.25
4408,573655.043756,61.531,52,127.728,3.645,65.065,136.495,85.938,436.58,195.17,85.58,177.89,85.78
4409,573655.047836,65.744,66,126.435,5.688,59.848,145.679,85.256,434.77,197.87,78.71,189.59,85.14
4410,573655.051773,65.935,59,128.654,5.321,60.111,147.414,85.325,437.92,197.35,79.09,191.67,85.24
4411,573655.055936,64.362,65,125.21,4.282,62.488,144.417,86.88,433.31,195.98,82.21,188.16,86.79
4412,573655.064505,66.262,61,128.512,5.33,59.373,147.491,85.455,437.66,197.37,78.08,192.15,85.34
4413,573655.068102,63.433,66,129.627,3.584,63.536,142.062,84.221,439.06,195.08,83.56,184.9,84.09
4414,573655.071761,65.886,62,126.831,5.095,59.434,145.477,85.734,435.36,197.07,78.21,189.2,85.64
4415,573655.076638,66.097,63,129.253,4.97,59.242,146.208,85.579,438.72,196.88,77.94,190.21,85.42
4416,573655.079823,64.238,53,126.372,3.918,62.142,142.975,86.825,434.97,195.48,81.81,185.83,86.73
4417,573655.089972,66.202,66,127.715,5.245,58.47,144.906,85.707,436.6,197.26,76.9,188.78,85.59
4418,573655.091952,65.684,59,128.052,4.911,59.239,143.866,85.727,437.06,196.82,77.92,187.29,85.61
4419,573655.096265,65.955,63,125.971,4.558,59.5,146.027,87.321,434.26,196.33,78.3,190.32,87.27
4420,573655.100311,66.512,65,129.135,4.981,58.398,146.522,85.962,438.45,196.91,76.81,190.77,85.86
4421,573655.104168,63.498,57,128.704,3.463,62.866,140.883,85.631,437.81,194.89,82.76,183.37,85.59
4422,573655.116908,66.546,60,128.322,4.965,58.684,147.444,86.34,437.36,196.88,77.21,191.75,86.23
4423,573655.120445,65.176,61,124.782,4.269,60.913,145.087,88.04,432.75,195.96,80.14,189.06,87.96
4424,573655.128831,64.497,55,128.405,3.654,62.26,144.606,85.653,437.5,195.15,81.94,188.04,85.57
4425,573655.13209,66.477,58,125.705,5.126,58.559,146.719,87.264,433.96,197.09,77.04,191.2,87.18
4426,573655.141084,66.596,64,127.534,5.474,58.213,146.551,87.019,436.37,197.53,76.6,190.75,86.89
4427,573655.143903,64.195,52,124.607,4.319,62.091,142.638,88.008,432.81,195.96,81.91,185.19,87.85
4428,573655.148136,66.724,68,124.534,5.813,57.734,146.101,87.301,432.34,198.0,75.98,190.12,87.2
4429,573655.151738,66.74,56,126.174,5.577,58.48,148.089,87.116,434.92,197.65,77.01,192.2,86.98
4430,573655.156024,64.982,63,123.046,4.645,61.02,144.286,89.031,430.5,196.44,80.3,188.05,88.96
4431,573655.164851,66.596,64,125.676,5.879,58.049,146.14,87.46,433.89,198.08,76.4,190.12,87.36
4432,573655.167752,64.165,60,126.751,4.324,62.248,142.841,86.48,435.36,196.03,81.89,186.11,86.39
4433,573655.17234,66.537,65,124.068,5.701,58.225,146.235,88.014,431.79,197.84,76.62,190.44,87.91
4434,573655.175723,65.655,62,125.81,5.776,58.562,142.063,87.526,434.16,197.94,77.04,185.14,87.43
4435,573655.179791,62.938,52,124.829,4.251,62.43,137.223,87.041,432.84,195.98,82.2,178.98,86.96
4436,573655.184219,66.685,64,124.66,5.953,57.952,146.421,87.615,432.54,198.17,76.24,190.47,87.49
4437,573655.192347,65.813,56,125.778,5.563,58.979,143.949,87.708,434.15,197.65,77.62,187.22,87.64
4438,573655.205144,63.534,64,127.394,4.04,62.611,140.489,87.438,436.17,195.65,82.37,182.95,87.35
4439,573655.20843,66.336,59,125.017,5.279,58.421,145.556,88.572,432.99,197.28,76.91,189.16,88.48
4440,573655.216515,65.209,60,126.782,5.106,59.529,141.972,88.091,435.5,197.05,78.38,184.34,88.0
4441,573655.220371,62.293,55,126.339,3.414,63.463,136.493,88.418,434.78,194.86,83.57,177.83,88.27
4442,573655.224593,65.961,67,126.622,5.053,58.902,144.597,88.197,434.96,196.95,77.44,187.94,88.04
4443,573655.228155,64.439,58,127.884,4.91,60.387,139.958,87.776,436.84,196.79,79.44,182.29,87.69
4444,573655.231702,65.185,60,125.989,4.505,60.035,143.046,89.318,434.36,196.25,79.0,186.3,89.26
4445,573655.240316,65.871,66,128.367,4.744,59.721,146.091,88.326,437.6,196.58,78.61,189.71,88.23
4446,573655.243716,63.542,54,128.855,3.26,64.006,143.657,87.483,438.0,194.62,84.2,186.83,87.38
4447,573655.248408,65.712,71,125.629,4.663,60.052,145.995,88.591,433.87,196.47,79.01,190.21,88.52
4448,573655.251672,65.527,59,127.51,4.698,60.908,147.029,88.693,436.28,196.5,80.15,191.16,88.6
4449,573655.25627,64.159,61,123.969,3.795,63.051,144.654,90.107,431.7,195.31,82.97,188.5,90.06
4450,573655.260039,65.307,62,126.682,4.968,60.677,145.245,88.738,435.19,196.86,79.83,189.02,88.64
4451,573655.268501,64.083,57,125.913,4.722,62.173,142.248,88.302,434.33,196.54,81.82,185.07,88.24
4452,573655.271715,65.227,63,123.255,4.591,61.589,146.981,89.618,430.72,196.36,81.07,191.39,89.54
4453,573655.276529,65.115,65,126.942,5.071,61.446,146.022,88.564,435.52,197.02,80.84,189.93,88.52
4454,573655.285012,64.597,76,123.661,5.316,61.674,143.767,88.143,431.31,197.33,81.15,187.37,88.06
4455,573655.291925,64.008,59,124.866,5.038,62.466,142.538,88.211,432.93,196.96,82.19,185.73,88.13
4456,573655.295885,62.854,64,122.69,3.838,64.882,142.204,89.872,430.11,195.37,85.41,185.18,89.81
4457,573655.304679,63.522,54,124.623,5.006,63.059,141.433,88.058,432.66,196.89,83.07,183.95,87.99
4458,573655.308003,64.873,72,122.637,5.061,61.916,145.814,88.513,429.92,196.99,81.49,189.96,88.42
4459,573655.316309,63.762,67,125.493,5.099,62.586,141.565,87.832,433.74,197.04,82.34,184.45,87.74
4460,573655.319794,62.042,58,123.667,3.623,65.959,140.69,88.843,431.36,195.1,86.8,183.29,88.77
4461,573655.323736,64.391,64,124.504,5.111,61.789,142.955,87.838,432.26,197.08,81.31,185.83,87.79
4462,573655.327949,63.428,59,125.312,4.875,62.918,140.654,87.656,433.48,196.76,82.87,182.42,87.59
4463,573655.331943,64.355,61,123.921,4.511,62.855,145.23,88.664,431.63,196.3,82.72,189.28,88.53
4464,573655.335999,64.925,65,127.472,4.813,61.985,146.26,87.513,436.27,196.68,81.56,190.36,87.44
4465,573655.343989,62.285,56,128.02,3.156,66.273,142.5,86.387,437.0,194.5,87.17,185.58,86.29
4466,573655.348115,64.64,69,125.076,4.593,62.26,145.364,87.643,433.18,196.38,81.92,189.32,87.56
4467,573655.35182,63.478,61,127.095,4.558,62.977,141.03,87.29,435.84,196.34,82.84,183.74,87.2
4468,573655.356353,62.116,56,124.908,3.313,65.927,140.964,88.724,432.88,194.71,86.77,183.14,88.69
4469,573655.359984,63.968,63,126.908,4.716,62.569,142.567,87.264,435.34,196.56,82.36,185.04,87.18
4470,573655.373199,64.315,62,125.498,4.183,63.245,145.919,88.282,433.62,195.83,83.23,189.99,88.19
4471,573655.375987,64.499,66,129.197,4.502,62.881,146.055,86.971,438.57,196.31,82.78,189.7,87.01
4472,573655.380637,62.603,56,127.588,4.375,64.302,139.741,87.07,436.44,196.09,84.6,181.93,86.98
4473,573655.384278,64.407,73,126.326,4.736,62.637,145.0,86.947,434.73,196.57,82.41,188.77,86.83
4474,573655.392483,63.339,61,128.093,4.569,63.638,141.821,86.642,437.13,196.36,83.7,184.7,86.54
4475,573655.395758,61.962,62,125.869,3.333,66.523,141.519,88.301,434.2,194.72,87.52,184.3,88.23
4476,573655.39995,64.094,60,128.021,4.801,62.936,144.054,86.821,437.11,196.65,82.83,187.11,86.72
4477,573655.403836,62.84,65,128.108,4.655,64.019,140.245,86.107,437.22,196.45,84.29,182.28,85.96
4478,573655.407691,64.159,60,125.923,4.704,63.124,144.823,87.115,434.26,196.53,83.05,188.67,87.02
4479,573655.412349,64.325,68,129.454,4.771,62.854,145.068,86.192,438.84,196.64,82.71,188.7,86.1
4480,573655.420921,62.685,62,127.915,4.724,64.021,139.516,85.988,436.93,196.57,84.2,181.57,85.83
4481,573655.424002,64.385,72,126.456,5.251,62.382,144.296,85.926,434.91,197.26,82.07,187.84,85.79
4482,573655.42889,63.663,63,127.632,4.951,63.05,142.116,85.768,436.53,196.86,82.97,184.72,85.67
4483,573655.432437,62.746,63,125.353,3.901,65.238,142.462,87.543,433.53,195.47,85.83,185.57,87.46
4484,573655.436147,64.904,64,128.131,5.218,61.982,146.137,86.02,437.12,197.22,81.53,190.2,85.9
4485,573655.444759,62.154,63,129.051,3.524,66.028,141.359,84.636,438.32,195.06,86.7,183.93,84.46
4486,573655.456773,62.869,58,125.693,3.742,65.006,142.549,86.905,433.95,195.27,85.54,185.5,86.82
4487,573655.460517,64.983,64,127.534,5.276,61.243,144.822,85.64,436.32,197.31,80.55,188.75,85.49
4488,573655.468805,64.304,62,127.927,5.007,61.717,142.338,85.374,436.9,196.94,81.18,185.33,85.25
4489,573655.471726,65.158,56,126.088,4.92,61.37,146.078,86.237,434.14,196.95,80.88,190.16,85.93
4490,573655.476618,65.392,63,129.495,5.051,60.623,145.588,85.194,438.89,197.01,79.74,189.41,85.07
4491,573655.479862,62.965,52,130.363,3.3,64.501,141.906,84.296,440.0,194.7,84.86,184.41,84.15
4492,573655.484413,65.632,63,126.892,5.177,60.148,145.78,85.728,435.52,197.17,79.12,189.89,85.61
4493,573655.488972,65.72,64,129.61,4.875,60.349,146.767,85.493,439.04,196.77,79.39,190.85,85.37
4494,573655.496705,64.072,59,126.246,3.943,63.143,144.412,86.925,434.67,195.59,82.92,188.26,86.82
4495,573655.499759,65.931,61,128.886,5.21,59.728,146.453,85.696,438.16,197.2,78.58,190.39,85.59
4496,573655.504323,63.852,55,130.572,3.499,63.421,143.91,84.266,440.37,194.98,83.39,187.07,84.11
4497,573655.508427,65.697,57,127.805,4.863,60.093,146.011,86.089,436.57,196.74,79.05,190.2,85.99
4498,573655.51229,65.727,64,130.035,5.053,59.849,145.59,85.772,439.59,197.0,78.72,189.35,85.65
4499,573655.52065,63.547,57,130.174,3.471,63.708,143.013,84.708,439.8,194.93,83.78,186.17,84.58
4500,573655.523698,65.82,70,127.27,5.31,59.587,145.477,85.403,435.98,197.35,78.37,189.58,85.27
4501,573655.528396,65.184,55,128.227,5.136,60.112,143.222,85.768,437.26,197.11,79.12,185.86,85.68
4502,573655.541179,63.966,66,129.786,3.713,62.964,143.455,84.641,439.26,195.24,82.83,186.7,84.52
4503,573655.549168,66.814,57,126.278,5.341,58.903,149.609,86.344,434.71,197.38,77.49,194.89,86.24
4504,573655.551781,66.226,62,128.689,5.465,58.919,146.151,86.178,437.84,197.54,77.51,190.12,86.06
4505,573655.556039,64.244,56,125.419,4.393,62.207,143.154,87.432,433.63,196.12,81.86,186.39,87.34
4506,573655.560046,66.556,64,126.303,5.77,58.157,146.178,86.262,434.76,197.94,76.5,190.47,86.15
4507,573655.564027,65.866,57,127.128,5.502,59.057,144.438,86.083,435.85,197.59,77.69,188.07,85.97
4508,573655.572737,66.023,60,124.803,5.216,59.457,146.309,87.477,432.67,197.22,78.29,190.5,87.37
4509,573655.576004,66.665,65,127.921,5.675,57.998,146.423,86.538,436.89,197.8,76.28,190.22,86.5
4510,573655.579458,63.857,59,127.721,4.167,62.328,141.455,85.816,436.57,195.83,82.0,183.98,85.72
4511,573655.584738,66.35,63,125.332,5.613,58.149,144.956,86.969,433.5,197.73,76.5,188.84,86.86
4512,573655.588014,66.69,60,127.326,5.452,58.203,147.086,86.885,436.08,197.52,76.58,191.34,86.78
4513,573655.596168,64.663,59,124.3,4.324,61.427,143.539,88.257,432.06,196.03,80.79,187.26,88.18
4514,573655.600081,66.385,67,126.329,5.641,57.871,144.463,87.039,434.8,197.77,76.13,188.25,86.94
4515,573655.603866,65.291,59,129.377,4.82,59.794,143.043,85.265,438.73,196.71,78.63,186.19,85.15
4516,573655.607942,65.712,52,125.076,5.169,58.582,142.423,88.227,433.2,197.13,77.09,185.52,88.14
4517,573655.611916,66.43,63,127.294,5.419,58.188,145.518,87.238,436.12,197.48,76.53,189.69,87.16
4518,573655.616111,64.242,54,128.146,3.68,62.31,143.381,86.4,437.16,195.19,81.95,186.75,86.3
4519,573655.625196,66.262,61,125.911,5.329,57.938,143.927,87.324,434.23,197.36,76.25,187.27,87.24
4520,573655.628156,66.584,62,126.871,5.294,58.623,147.517,87.851,435.5,197.3,77.14,191.89,87.76
4521,573655.63637,66.409,64,126.452,5.44,57.984,144.887,87.688,434.95,197.5,76.29,188.64,87.6
4522,573655.639867,64.512,61,129.009,4.084,61.637,143.234,86.2,438.24,195.78,80.95,186.46,86.11
4523,573655.648131,66.995,54,124.687,5.009,58.502,149.692,88.927,432.49,196.9,77.02,194.2,88.78
4524,573655.652005,66.437,65,127.271,5.202,58.536,146.425,88.151,436.0,197.18,77.02,190.52,88.06
4525,573655.655959,63.965,53,124.576,3.964,62.609,142.641,89.228,432.52,195.55,82.38,185.76,89.17
4526,573655.659875,66.412,64,124.981,5.343,58.543,146.297,88.363,432.89,197.37,77.11,190.02,88.2
4527,573655.66369,65.273,59,126.443,5.204,59.72,142.77,88.393,435.19,197.14,78.62,185.08,88.42
4528,573655.673006,63.949,61,124.34,3.889,62.512,142.338,89.791,432.17,195.44,82.25,185.53,89.76
4529,573655.676166,65.89,64,127.145,5.281,59.53,145.732,88.42,435.9,197.27,78.34,189.51,88.36
4530,573655.680312,63.441,66,127.708,3.755,63.629,142.309,87.527,436.57,195.28,83.71,185.27,87.44
4531,573655.684517,65.764,64,124.712,5.058,59.758,145.573,88.904,432.64,196.99,78.65,189.52,88.84
4532,573655.68817,64.621,64,126.451,5.159,60.577,141.334,88.429,434.93,197.12,79.74,183.69,88.37
4533,573655.691981,61.883,51,126.382,3.583,64.393,136.637,89.151,435.02,195.06,84.71,178.22,89.2
4534,573655.700858,65.456,63,125.901,5.347,59.971,144.37,88.478,434.19,197.36,78.93,187.75,88.36
4535,573655.713164,65.224,59,128.35,4.877,60.075,143.353,89.225,437.48,196.73,79.05,186.34,89.17
4536,573655.715933,63.545,57,125.782,4.838,62.53,140.36,88.4,434.1,196.69,82.28,182.83,88.32
4537,573655.724744,65.333,72,124.067,5.159,60.642,145.307,88.596,431.84,197.12,79.79,189.38,88.52
4538,573655.728264,65.282,63,126.939,5.098,61.348,146.711,88.342,435.57,197.04,80.73,190.88,88.25
4539,573655.732034,63.139,62,123.643,3.792,64.687,143.168,89.765,431.16,195.31,85.11,186.89,89.71
4540,573655.736111,64.823,62,125.429,5.209,61.336,144.18,88.204,433.38,197.2,80.7,187.19,88.14
4541,573655.740164,63.891,62,125.759,5.011,62.437,141.879,87.991,434.08,196.93,82.15,184.81,87.9
4542,573655.748233,64.952,64,123.874,4.779,61.904,146.216,89.053,431.56,196.65,81.46,190.6,88.91
4543,573655.752487,64.977,66,127.371,5.056,61.739,145.96,88.023,436.15,196.99,81.23,190.02,87.95
4544,573655.755482,61.408,51,126.667,3.527,66.018,137.946,88.615,435.22,195.0,86.91,179.77,88.44
4545,573655.76061,65.109,68,124.597,5.101,61.535,146.198,87.753,432.51,197.07,80.97,190.28,87.65
4546,573655.763691,64.776,57,127.088,4.803,62.568,146.822,87.874,435.77,196.65,82.33,191.0,87.78
4547,573655.767746,62.826,62,124.125,3.495,65.349,143.091,89.614,431.82,194.94,85.96,186.71,89.53
4548,573655.776779,64.903,59,126.6,4.89,62.058,146.31,87.783,435.13,196.77,81.69,190.0,87.66
4549,573655.780393,63.257,61,126.893,4.607,63.356,140.796,87.578,435.59,196.39,83.37,183.15,87.5
4550,573655.784195,64.59,68,125.081,4.558,62.423,145.478,88.129,433.15,196.33,82.13,189.56,88.05
4551,573655.793314,62.434,52,125.181,3.115,66.502,143.704,88.778,433.3,194.43,87.5,187.14,88.71
4552,573655.800866,64.427,65,126.291,4.762,62.383,144.521,87.019,434.66,196.6,82.06,188.26,86.91
4553,573655.80382,63.463,60,127.587,4.471,63.439,141.994,87.061,436.47,196.22,83.45,184.92,86.96
4554,573655.807571,62.974,61,124.74,3.818,64.491,141.927,89.297,432.78,195.29,85.01,184.75,89.24
4555,573655.812132,64.764,61,128.65,4.691,62.576,146.772,87.022,437.85,196.51,82.34,190.75,86.92
4556,573655.816042,62.661,59,127.647,4.383,64.246,139.894,86.815,436.53,196.11,84.51,182.16,86.71
4557,573655.824134,64.741,66,125.415,4.743,62.506,146.484,87.096,433.75,196.6,82.25,190.34,86.95
4558,573655.82786,63.359,63,127.962,4.714,63.357,141.293,86.546,436.96,196.55,83.33,184.05,86.44
4559,573655.831709,61.799,52,125.669,3.381,66.535,140.794,87.555,434.02,194.77,87.58,183.16,87.48
4560,573655.83638,64.294,63,126.545,5.083,62.38,143.815,86.114,435.09,197.05,82.03,187.63,85.99
4561,573655.839782,63.379,56,126.793,5.012,63.259,141.175,86.369,435.38,196.96,83.25,183.3,86.31
4562,573655.844184,64.345,58,125.415,4.752,62.915,145.318,87.253,433.38,196.6,82.8,189.11,87.12
4563,573655.852652,64.762,65,128.451,5.135,62.278,146.061,86.084,437.52,197.11,81.93,190.03,85.97
4564,573655.855896,61.484,56,128.17,3.329,66.643,139.596,85.606,437.19,194.74,87.66,181.78,85.49
4565,573655.859824,64.56,67,125.52,5.182,62.216,144.837,86.039,433.75,197.17,81.85,188.68,85.92
4566,573655.864053,63.806,63,127.182,5.066,62.317,141.176,85.809,436.0,197.01,82.0,183.6,85.69
4567,573655.867951,62.362,60,125.399,3.826,65.546,141.296,87.02,433.63,195.43,86.07,184.01,87.05
4568,573655.877147,64.857,59,126.979,5.373,61.654,145.111,85.744,435.66,197.42,81.09,189.04,85.62
4569,573655.881254,63.368,61,130.067,3.765,64.233,143.296,83.977,439.69,195.36,84.38,186.46,83.79
4570,573655.888962,64.397,67,128.462,4.958,61.411,142.112,85.737,437.6,196.88,80.77,185.08,85.62
4571,573655.8918,62.634,55,126.642,3.498,65.11,141.642,86.581,435.2,194.95,85.68,184.23,86.47
4572,573655.900895,65.371,69,126.797,5.109,60.752,145.781,85.726,435.25,197.09,79.88,190.14,85.59
4573,573655.904417,64.78,60,128.699,4.781,61.113,143.428,85.728,437.95,196.63,80.4,186.5,85.63
4574,573655.908344,63.401,61,126.53,3.544,63.868,142.644,87.317,434.98,195.07,83.87,185.74,87.27
4575,573655.911613,65.41,62,129.141,4.868,60.653,145.757,85.752,438.44,196.76,79.78,189.69,85.63
4576,573655.916211,62.929,70,130.596,3.115,64.608,141.966,84.691,440.36,194.45,84.95,184.85,84.55
4577,573655.92038,65.85,61,127.607,4.741,60.279,147.336,85.935,436.39,196.59,79.31,191.59,85.8
4578,573655.928832,64.504,64,129.547,4.783,60.971,141.649,85.824,439.01,196.64,80.18,184.45,85.71
4579,573655.931972,63.048,57,127.447,3.529,64.176,141.594,87.038,436.27,194.99,84.43,184.3,86.94
4580,573655.936338,65.51,71,127.955,5.137,60.0,144.742,85.728,436.71,197.12,78.93,188.21,85.56
4581,573655.940635,64.974,61,128.816,4.82,60.931,144.035,85.657,438.04,196.7,80.14,187.46,85.54
4582,573655.944339,63.963,60,125.606,4.088,62.579,142.565,87.956,433.87,195.73,82.31,185.65,87.84
4583,573655.95289,65.945,62,128.933,5.141,59.677,146.403,86.098,438.27,197.11,78.5,190.51,85.99
4584,573655.964885,66.073,62,128.701,5.309,59.571,146.879,86.242,437.86,197.34,78.37,191.02,86.12
4585,573655.968007,64.53,59,124.932,4.482,62.226,144.702,87.332,432.89,196.27,81.83,188.43,87.28
4586,573655.972277,66.032,65,126.75,5.713,59.253,145.863,85.948,435.35,197.87,77.94,190.04,85.83
4587,573655.980598,64.271,57,129.547,4.132,62.386,143.707,84.508,438.94,195.8,82.06,187.02,84.39
4588,573655.984417,65.979,48,126.297,5.341,59.496,146.157,86.797,434.75,197.37,78.27,190.44,86.7
4589,573655.988353,66.181,59,127.665,5.627,59.013,146.129,86.3,436.56,197.76,77.63,190.28,86.2
4590,573655.992044,64.752,54,126.266,5.471,60.116,140.942,86.529,434.69,197.54,79.11,183.41,86.42
4591,573655.996095,66.421,73,124.888,5.804,58.423,146.052,86.626,432.81,198.0,76.9,190.18,86.47
4592,573656.004243,66.245,63,127.172,5.561,59.071,146.644,86.691,435.94,197.68,77.76,190.83,86.62
4593,573656.008046,65.306,61,123.716,4.885,60.687,145.262,88.032,431.37,196.76,79.86,189.32,87.95
4594,573656.011867,66.49,60,126.608,5.712,58.311,146.174,86.727,435.16,197.86,76.71,190.4,86.62
4595,573656.015718,64.315,58,128.756,4.079,61.997,143.043,85.274,437.92,195.73,81.55,186.21,85.16
4596,573656.019893,67.17,54,124.41,5.179,58.571,150.953,87.862,432.14,197.15,77.12,195.88,87.73
4597,573656.028684,66.426,63,127.718,5.396,58.61,146.549,87.081,436.53,197.46,77.1,190.58,87.01
4598,573656.032358,64.426,51,126.302,5.02,60.574,140.321,87.403,434.77,196.95,79.69,182.75,87.32
4599,573656.03632,66.61,65,125.485,5.515,58.113,146.385,87.35,433.42,197.62,76.49,190.32,87.24
4600,573656.041103,65.427,58,126.696,5.261,59.319,142.645,87.267,435.31,197.26,78.04,185.81,87.17
4601,573656.048395,66.661,62,127.841,5.237,58.361,147.312,87.473,436.83,197.23,76.81,191.39,87.36
4602,573656.056501,63.992,62,129.111,3.675,62.621,142.81,86.457,438.31,195.19,82.38,185.81,86.32
4603,573656.059876,66.399,64,125.7,5.076,58.81,146.887,87.883,433.97,197.02,77.38,191.33,87.8
4604,573656.068793,64.482,57,123.684,4.247,61.822,143.504,89.928,431.32,195.91,81.35,186.96,89.88
4605,573656.072478,66.187,67,126.665,5.308,58.918,145.925,88.087,435.23,197.32,77.5,190.14,88.0
4606,573656.080865,65.177,57,126.81,5.032,60.245,143.503,87.835,435.5,196.96,79.29,186.58,87.73
4607,573656.084297,64.771,54,123.235,4.534,61.096,143.337,90.409,430.88,196.27,80.43,186.68,90.33
4608,573656.088559,65.971,58,127.469,5.204,59.72,146.66,88.142,436.34,197.17,78.6,190.59,88.08
4609,573656.091877,64.262,53,126.72,4.926,61.426,141.449,88.036,435.33,196.81,80.81,184.24,87.95
4610,573656.09647,65.825,70,124.454,5.278,59.755,145.916,88.394,432.34,197.28,78.62,190.16,88.31
4611,573656.104906,64.643,62,126.301,5.223,60.958,142.339,88.159,434.85,197.21,80.25,185.01,88.05
4612,573656.10791,63.28,61,124.122,3.99,63.899,142.115,89.532,431.94,195.57,84.09,185.13,89.47
4613,573656.111904,65.072,60,125.22,5.389,60.216,142.867,87.959,433.41,197.42,79.24,185.97,87.89
4614,573656.115828,63.243,55,126.997,3.998,64.277,142.774,87.024,435.75,195.61,84.53,185.83,86.89
4615,573656.11997,65.16,55,124.028,5.027,61.059,145.347,88.969,431.78,196.94,80.35,189.45,88.9
4616,573656.124322,64.627,64,126.265,5.406,61.311,143.077,88.231,434.73,197.44,80.66,186.42,88.14
4617,573656.132291,62.711,58,126.42,3.757,65.183,142.172,87.301,434.88,195.25,85.83,185.01,87.18
4618,573656.145312,63.011,64,122.991,3.816,64.589,142.325,89.751,430.47,195.36,84.98,185.43,89.68
4619,573656.148353,65.393,61,125.618,5.264,61.19,146.952,88.162,433.94,197.25,80.55,190.98,88.1
4620,573656.15643,63.105,61,127.626,3.803,64.532,142.655,86.501,436.46,195.35,84.9,185.74,86.4
4621,573656.160081,65.665,62,123.626,4.888,61.05,148.156,88.443,431.22,196.77,80.36,192.85,88.37
4622,573656.164262,64.957,62,127.309,4.977,61.728,145.828,88.079,436.06,196.89,81.23,189.44,88.04
4623,573656.167681,62.364,58,124.59,3.37,65.628,141.486,88.97,432.56,194.76,86.36,184.27,88.9
4624,573656.172007,64.747,64,125.069,4.964,61.355,143.819,87.719,433.0,196.89,80.74,187.5,87.55
4625,573656.180741,64.128,60,126.474,4.675,62.432,143.073,87.59,435.01,196.49,82.14,186.33,87.5
4626,573656.184736,64.137,66,124.262,4.072,63.178,144.832,89.432,432.1,195.63,83.26,188.5,89.4
4627,573656.187639,65.144,61,127.836,4.814,61.6,146.548,87.634,436.73,196.69,81.04,190.68,87.59
4628,573656.192592,61.981,61,128.274,3.345,66.056,140.615,86.826,437.29,194.72,86.94,183.11,86.7
4629,573656.195845,64.541,60,125.427,4.705,62.093,144.447,87.954,433.92,196.51,81.77,187.19,87.86
4630,573656.204998,64.66,62,128.327,4.716,62.387,145.768,87.556,437.49,196.54,82.09,189.54,87.49
4631,573656.208097,62.55,62,125.246,3.436,65.865,142.885,88.771,433.33,194.88,86.61,186.1,88.74
4632,573656.212472,64.322,63,126.348,4.972,62.419,144.052,86.974,434.72,196.89,82.15,187.29,86.86
4633,573656.216023,63.106,58,127.074,4.792,63.535,140.458,87.271,435.74,196.66,83.57,182.77,87.2
4634,573656.224712,64.456,66,128.752,5.002,62.498,144.939,87.01,437.89,196.92,82.23,188.45,86.9
4635,573656.232061,62.781,61,127.245,4.774,64.104,140.15,86.953,435.95,196.59,84.41,182.48,86.89
4636,573656.236371,64.748,74,125.53,5.181,62.238,145.894,87.028,433.65,197.16,81.91,189.69,86.94
4637,573656.241039,63.56,61,127.63,5.037,62.987,141.459,86.492,436.56,196.97,82.87,184.1,86.39
4638,573656.244138,62.167,57,125.6,3.833,66.131,141.641,87.93,433.83,195.42,86.9,184.56,87.86
4639,573656.247675,64.977,55,127.167,5.34,62.126,146.876,86.546,435.9,197.37,81.72,191.26,86.43
4640,573656.256286,63.353,57,127.422,5.072,63.375,141.307,86.161,436.24,197.02,83.36,184.02,86.04
4641,573656.260175,64.559,64,125.428,5.121,62.613,145.756,86.616,433.52,197.14,82.45,189.93,86.43
4642,573656.26412,64.507,65,129.033,5.112,62.477,145.162,86.315,438.28,197.07,82.18,188.86,86.2
4643,573656.26764,62.598,53,125.85,3.897,65.529,142.383,87.301,434.33,195.38,86.46,185.09,87.12
4644,573656.272139,64.851,70,126.221,5.334,61.918,145.701,85.862,434.56,197.38,81.47,189.71,85.71
4645,573656.276213,64.011,58,127.875,4.966,62.519,142.673,85.875,436.89,196.88,82.25,185.57,85.77
4646,573656.284889,63.101,66,125.793,3.89,64.612,142.815,87.58,434.09,195.46,85.0,186.01,87.49
4647,573656.288048,64.721,59,128.426,4.948,61.873,144.89,85.621,437.53,196.86,81.38,188.65,85.5
4648,573656.292305,62.318,62,129.923,3.126,65.687,141.393,84.642,439.56,194.52,86.31,183.98,84.39
4649,573656.296639,65.457,60,126.782,4.581,61.301,147.581,86.151,435.38,196.38,80.64,192.23,86.04
4650,573656.30012,65.142,65,130.356,4.426,61.456,146.193,85.768,440.08,196.19,80.88,189.99,85.72
4651,573656.313101,65.19,67,128.271,4.673,60.732,144.734,85.545,437.11,196.51,79.91,188.02,85.37
4652,573656.315542,63.722,57,129.405,4.262,62.091,140.246,85.549,438.92,195.96,81.7,182.21,85.39
4653,573656.320714,64.251,54,128.496,4.141,61.389,141.313,86.46,438.23,195.84,80.77,182.35,86.18
4654,573656.323752,65.279,66,130.255,4.342,60.84,145.482,85.699,439.88,196.07,80.02,189.22,85.58
4655,573656.332306,63.612,57,128.946,4.034,62.475,140.567,85.818,438.21,195.66,82.19,182.94,85.71
4656,573656.335936,65.539,70,126.664,4.48,60.489,146.085,86.229,435.25,196.25,79.59,190.12,86.12
4657,573656.339599,64.22,61,128.571,4.365,61.142,140.583,85.706,437.9,196.11,80.44,183.21,85.66
4658,573656.34427,62.095,55,126.899,2.93,64.893,138.66,86.25,435.57,194.21,85.37,180.52,86.14
4659,573656.347798,64.934,70,128.075,4.73,60.528,142.869,85.899,437.07,196.58,79.61,186.07,85.78
4660,573656.35211,64.084,57,131.679,3.462,63.013,144.178,83.66,441.71,194.93,82.86,187.56,83.52
4661,573656.360885,64.998,49,127.143,4.717,60.722,143.671,86.253,435.86,196.55,79.88,187.15,86.15
4662,573656.363678,65.778,61,129.063,4.99,60.127,146.551,85.979,438.26,196.94,79.08,190.51,85.9
4663,573656.367872,64.082,53,126.97,4.945,61.376,140.422,86.109,435.64,196.86,80.74,182.85,86.0
4664,573656.372146,66.021,66,125.337,5.451,59.643,146.76,86.262,433.43,197.52,78.48,191.06,86.13
4665,573656.376315,65.23,61,127.243,5.336,60.102,143.452,86.013,436.05,197.37,79.08,186.58,85.88
4666,573656.384625,63.014,57,124.882,4.028,63.835,140.676,87.085,432.92,195.7,83.86,183.33,87.0
4667,573656.39733,66.096,65,124.63,5.68,59.631,147.161,86.77,432.53,197.82,78.44,191.94,86.68
4668,573656.399825,66.045,66,128.33,5.687,59.375,146.236,86.286,437.36,197.83,78.11,190.27,86.17
4669,573656.408511,63.74,56,125.342,4.36,63.053,142.51,87.14,433.7,196.07,82.95,185.69,86.97
4670,573656.412254,66.337,69,126.003,5.983,58.778,146.45,86.195,434.34,198.23,77.31,190.97,86.07
4671,573656.416071,65.343,60,127.273,5.609,59.518,142.666,86.213,436.05,197.73,78.29,185.81,86.1
4672,573656.419933,65.685,54,125.692,5.238,59.974,145.653,87.513,433.93,197.22,78.92,189.77,87.44
4673,573656.42409,66.267,64,128.715,5.649,58.671,145.777,86.376,437.88,197.78,77.17,189.74,86.26
4674,573656.428149,63.829,65,129.403,3.964,62.787,142.361,85.456,438.8,195.6,82.5,185.29,85.31
4675,573656.436397,66.624,65,126.619,5.475,58.483,147.397,86.679,435.16,197.55,76.93,192.01,86.58
4676,573656.439772,66.499,61,129.474,5.237,58.815,147.493,86.669,438.79,197.25,77.36,191.98,86.54
4677,573656.444522,64.666,60,126.104,4.063,61.796,144.418,88.164,434.45,195.78,81.05,188.32,88.08
4678,573656.447891,66.319,64,128.235,5.28,58.323,145.211,86.626,437.04,197.29,76.7,188.81,86.48
4679,573656.452031,65.385,61,128.65,5.074,59.466,142.767,86.796,437.85,197.03,78.24,185.54,86.7
4680,573656.460375,66.149,61,127.148,4.768,58.932,145.744,87.977,435.72,196.63,77.5,190.28,87.86
4681,573656.463993,66.199,65,129.973,5.065,58.7,145.453,86.84,439.67,197.01,77.23,189.29,86.79
4682,573656.467864,64.011,58,130.447,3.382,62.886,143.508,86.023,440.15,194.8,82.71,186.8,85.92
4683,573656.476834,66.236,61,129.233,4.945,59.297,147.147,87.003,438.62,196.85,78.03,191.14,86.89
4684,573656.481406,64.773,56,125.579,4.116,61.551,144.413,88.607,433.79,195.75,80.98,188.11,88.54
4685,573656.490305,65.599,60,127.088,5.244,58.752,142.217,87.336,435.57,197.25,77.31,184.89,87.19
4686,573656.491892,64.847,55,127.089,5.123,60.351,141.989,87.121,435.96,197.05,79.47,184.64,86.98
4687,573656.49623,66.052,64,124.851,5.106,59.332,146.17,88.331,432.87,197.07,78.02,190.67,88.2
4688,573656.500402,65.86,61,128.171,5.214,59.043,144.372,87.943,437.14,197.2,77.69,187.92,87.84
4689,573656.504353,63.164,57,126.765,3.877,63.462,140.579,87.11,435.31,195.43,83.47,183.0,86.97
4690,573656.513091,66.0,68,124.07,5.499,59.026,145.121,87.752,431.8,197.58,77.71,188.62,87.65
4691,573656.516391,65.32,57,125.099,5.464,59.762,143.123,87.633,433.29,197.52,78.65,186.24,87.56
4692,573656.520252,63.208,63,123.181,4.149,63.236,140.288,89.004,430.72,195.79,83.22,182.78,88.94
4693,573656.524392,65.719,66,125.109,5.621,59.284,144.167,87.837,433.32,197.72,78.06,187.33,87.75
4694,573656.52817,64.583,57,124.427,5.441,60.527,141.021,87.863,432.34,197.5,79.64,183.75,87.78
4695,573656.536619,65.989,69,122.732,5.402,59.433,146.057,88.694,429.99,197.44,78.24,190.11,88.61
4696,573656.540596,65.374,62,125.434,5.486,59.681,143.224,88.092,433.65,197.55,78.52,186.63,88.0
4697,573656.544218,64.015,53,124.824,5.127,61.39,140.115,88.08,432.89,197.06,80.85,182.15,88.03
4698,573656.54887,66.063,65,124.231,5.627,59.15,145.786,87.987,431.99,197.77,77.85,189.81,87.87
4699,573656.551764,64.849,56,124.884,5.345,60.43,142.186,88.14,432.95,197.37,79.51,185.25,88.05
4700,573656.556354,64.935,60,123.025,4.496,61.315,144.731,89.793,430.48,196.24,80.7,188.64,89.74
4701,573656.565149,65.868,58,126.396,5.306,59.749,146.14,88.115,434.95,197.3,78.63,190.0,88.06
4702,573656.568171,63.312,58,127.375,3.759,63.827,142.11,87.275,436.15,195.29,83.96,185.05,87.19
4703,573656.576833,65.73,61,127.525,4.914,60.512,147.219,88.089,436.34,196.8,79.62,191.48,88.0
4704,573656.580296,64.508,54,124.361,4.057,62.604,145.459,89.59,432.19,195.66,82.39,189.54,89.54
4705,573656.588869,65.722,60,127.33,5.024,60.145,146.279,88.225,436.1,196.94,79.11,190.59,88.14
4706,573656.59181,63.586,62,129.684,3.511,63.945,143.743,86.917,439.11,194.96,84.13,187.03,86.83
4707,573656.596617,65.357,58,125.943,4.317,61.167,146.697,89.075,434.27,196.0,80.48,191.09,89.01
4708,573656.59968,65.132,67,129.213,4.667,61.303,145.773,88.127,438.62,196.48,80.69,189.46,88.1
4709,573656.604035,62.062,51,128.996,3.03,65.728,140.29,87.733,438.19,194.33,86.46,182.44,87.66
4710,573656.612165,65.266,66,126.049,4.723,61.1,146.03,88.176,434.42,196.55,80.38,190.25,88.09
4711,573656.616166,64.037,61,127.867,4.616,62.427,142.597,88.053,436.82,196.41,82.12,185.66,87.96
4712,573656.619775,62.76,58,125.448,3.371,65.165,142.368,89.71,433.65,194.76,85.75,185.4,89.66
4713,573656.623877,64.107,55,126.423,4.727,61.893,141.729,87.74,434.8,196.51,81.32,184.58,87.55
4714,573656.627878,63.382,60,127.057,4.577,63.266,141.205,87.753,435.94,196.31,83.26,184.06,87.61
4715,573656.632076,64.581,64,125.006,4.568,62.432,145.448,88.669,432.95,196.34,82.16,189.26,88.59
4716,573656.641073,64.577,68,128.387,4.834,62.517,145.625,87.781,437.44,196.7,82.25,189.46,87.69
4717,573656.65262,64.742,56,127.026,4.826,62.852,147.299,87.296,435.74,196.68,82.72,191.22,87.23
4718,573656.656035,63.361,62,123.416,3.998,64.698,144.295,89.062,430.98,195.58,85.15,188.05,89.0
4719,573656.664433,64.801,62,126.586,5.116,62.236,146.176,87.515,435.12,197.07,81.88,190.32,87.42
4720,573656.6681,62.302,57,128.04,3.459,66.091,142.191,85.609,437.07,194.92,86.89,185.44,85.47
4721,573656.671771,64.863,63,124.266,4.89,62.46,147.04,87.244,432.1,196.78,82.18,191.61,87.15
4722,573656.676472,64.647,61,127.084,4.953,62.364,145.643,87.024,435.98,196.86,82.07,189.4,86.9
4723,573656.679766,62.797,54,123.936,3.934,65.242,142.715,88.179,431.68,195.51,85.86,185.93,88.11
4724,573656.688423,64.639,61,124.874,5.269,61.906,144.528,86.618,432.77,197.28,81.42,188.29,86.47
4725,573656.692128,63.731,58,125.837,4.975,62.558,141.347,86.72,434.12,196.91,82.34,183.61,86.64
4726,573656.695836,63.58,62,123.218,4.53,63.312,142.289,88.658,430.71,196.25,83.44,185.21,88.6
4727,573656.699944,64.61,61,126.979,5.071,61.908,144.38,86.688,435.64,197.02,81.44,188.02,86.58
4728,573656.70398,63.212,58,125.689,5.017,62.742,139.215,87.072,433.97,196.94,82.55,181.3,86.98
4729,573656.707689,65.063,73,124.796,5.141,61.421,145.677,86.711,432.78,197.11,80.81,189.84,86.61
4730,573656.717158,63.922,62,127.085,4.848,62.005,141.053,86.409,435.82,196.73,81.56,183.77,86.3
4731,573656.719858,62.757,55,125.509,3.718,64.948,141.88,87.731,433.74,195.23,85.45,184.78,87.65
4732,573656.724354,64.982,60,127.574,5.165,61.32,144.996,86.436,436.49,197.14,80.68,188.54,86.32
4733,573656.727754,63.47,61,128.412,4.957,62.258,139.384,85.877,437.52,196.87,81.88,181.5,85.76
4734,573656.74133,64.985,66,129.263,4.918,61.238,144.822,86.419,438.74,196.81,80.54,188.58,86.3
4735,573656.744206,63.456,54,127.926,4.689,62.595,140.068,86.517,436.91,196.52,82.32,182.45,86.42
4736,573656.748266,65.364,74,126.777,5.124,60.778,145.803,86.251,435.36,197.09,79.94,189.94,86.14
4737,573656.751849,64.236,61,128.648,4.856,61.83,142.249,86.237,437.94,196.73,81.4,184.56,86.11
4738,573656.7559,62.867,58,126.681,3.591,64.72,141.911,87.766,435.24,195.11,85.02,184.88,87.69
4739,573656.764647,64.742,59,129.752,4.861,60.806,142.503,87.128,439.52,196.71,79.94,185.48,87.17
4740,573656.768315,63.878,61,128.389,4.924,62.194,141.259,86.216,437.47,196.85,81.83,183.47,86.09
4741,573656.772156,65.278,60,126.44,5.015,60.967,145.778,86.997,434.82,196.95,80.24,189.56,86.89
4742,573656.776551,64.567,63,128.855,5.058,61.218,142.548,86.111,438.1,197.0,80.51,185.62,85.99
4743,573656.779783,62.207,51,126.549,3.559,65.15,139.725,86.473,435.11,195.03,85.7,181.91,86.37
4744,573656.784235,65.589,70,126.667,5.432,60.253,145.792,86.207,435.25,197.5,79.25,189.87,86.08
4745,573656.793065,64.634,58,127.841,5.182,61.017,142.432,86.121,436.8,197.17,80.26,185.5,86.01
4746,573656.795726,64.1,59,125.374,4.388,62.802,143.779,87.956,433.55,196.11,82.64,187.28,87.87
4747,573656.800741,65.374,62,127.945,5.416,60.232,144.549,86.271,436.9,197.47,79.23,188.2,86.16
4748,573656.803634,62.911,58,128.569,3.784,64.34,141.291,85.441,437.67,195.34,84.63,184.01,85.31
4749,573656.808741,65.605,65,125.729,5.442,60.291,145.976,86.457,434.13,197.51,79.35,189.72,86.33
4750,573656.816252,65.873,63,128.389,5.316,60.138,147.12,86.633,437.46,197.34,79.12,191.34,86.52
4751,573656.82947,64.74,61,130.862,4.369,61.779,144.774,84.2,440.65,196.12,81.23,188.38,84.06
4752,573656.832112,65.024,48,126.16,5.228,59.984,142.063,87.109,434.5,197.24,78.91,184.81,87.07
4753,573656.841069,65.94,62,128.069,5.332,59.726,146.495,86.386,437.05,197.36,78.58,190.56,86.27
4754,573656.843901,63.994,55,126.668,4.921,61.38,139.991,86.67,435.25,196.81,80.76,182.31,86.57
4755,573656.848389,66.128,70,125.287,5.42,58.943,145.651,86.685,433.43,197.48,77.54,189.81,86.58
4756,573656.852368,65.007,60,126.752,5.158,59.993,141.995,86.579,435.52,197.12,79.02,184.08,86.46
4757,573656.855956,63.473,56,124.999,3.775,62.943,140.932,87.693,433.09,195.31,82.82,183.56,87.61
4758,573656.860077,66.103,63,126.855,5.341,58.874,145.333,86.701,435.55,197.37,77.43,189.52,86.58
4759,573656.868418,64.817,58,126.469,5.012,60.224,141.535,86.722,435.09,196.94,79.26,184.04,86.59
4760,573656.871882,66.088,58,125.022,5.024,59.194,146.037,87.798,433.08,196.95,77.88,190.34,87.72
4761,573656.876732,65.773,62,127.493,5.144,58.976,143.721,87.0,436.32,197.11,77.58,187.16,86.9
4762,573656.880234,63.844,55,128.389,3.635,63.034,142.993,86.116,437.55,195.14,82.87,186.23,85.97
4763,573656.884496,66.353,68,125.642,5.194,58.792,146.575,87.248,433.72,197.19,77.37,190.68,87.12
4764,573656.892796,65.274,58,126.749,5.139,59.56,142.392,87.186,435.37,197.11,78.41,184.77,87.09
4765,573656.895821,64.663,59,124.138,4.543,60.93,142.38,89.077,431.87,196.3,80.22,185.29,89.02
4766,573656.89979,65.833,61,127.348,5.302,59.312,144.875,87.323,436.27,197.33,77.97,189.39,87.28
4767,573656.908903,66.211,66,124.907,5.165,59.298,147.007,88.153,432.98,197.14,78.02,191.42,88.04
4768,573656.915716,65.93,64,128.254,5.201,59.653,146.261,87.641,437.43,197.18,78.54,189.77,87.55
4769,573656.920659,63.903,54,125.111,4.165,62.8,142.762,88.858,433.18,195.82,82.62,185.83,88.81
4770,573656.923659,65.988,64,126.307,5.48,59.303,145.736,87.545,434.69,197.55,78.02,189.67,87.43
4771,573656.931987,64.63,60,123.44,4.687,61.447,143.413,89.967,431.03,196.48,80.86,186.96,89.91
4772,573656.936321,65.951,65,127.466,5.389,59.753,146.626,87.834,436.28,197.41,78.64,190.46,87.76
4773,573656.944161,63.09,62,127.875,3.936,64.064,141.549,86.819,436.84,195.51,84.33,183.87,86.73
4774,573656.947909,65.926,65,124.686,5.386,59.858,146.74,87.933,432.6,197.42,78.78,190.97,87.83
4775,573656.952341,64.621,61,126.811,5.327,60.878,142.037,87.612,435.49,197.34,80.1,184.88,87.53
4776,573656.955935,63.249,55,124.93,4.036,63.9,141.962,88.942,433.05,195.64,84.1,184.73,88.85
4777,573656.959694,65.289,64,126.527,5.45,60.181,143.959,87.743,434.89,197.52,79.24,186.73,87.68
4778,573656.968625,64.364,60,126.301,5.308,61.353,141.808,87.722,434.82,197.32,80.74,184.52,87.62
4779,573656.971852,65.374,58,124.572,5.058,60.782,145.867,88.721,432.36,196.97,79.99,190.48,88.68
4780,573656.975854,65.454,68,127.52,5.28,60.502,145.639,87.656,436.28,197.28,79.6,189.63,87.57
4781,573656.979675,63.803,56,126.075,5.001,61.977,140.389,87.851,434.48,196.91,81.54,182.85,87.77
4782,573656.984088,65.625,71,124.654,5.244,60.212,145.894,87.82,432.6,197.24,79.22,190.16,87.73
4783,573656.997186,63.923,64,123.443,3.865,63.511,144.481,89.404,430.99,195.44,83.5,188.35,89.36
4784,573656.999992,65.542,59,126.087,5.103,60.495,146.114,87.779,434.49,197.05,79.59,190.33,87.69
4785,573657.008896,65.45,64,124.467,4.691,60.896,146.562,88.423,432.28,196.51,80.14,190.83,88.35
4786,573657.012169,65.065,67,127.714,4.81,61.159,145.068,87.816,436.61,196.67,80.47,188.86,87.74
4787,573657.020356,61.718,52,126.813,3.322,65.084,137.361,88.828,435.44,194.71,85.62,178.92,88.75
4788,573657.024208,65.164,66,124.945,4.983,60.903,144.997,87.786,432.91,196.88,80.1,188.81,87.66
4789,573657.027952,63.691,65,126.47,4.733,62.267,140.488,87.785,435.13,196.53,81.86,182.95,87.78
4790,573657.032119,62.953,61,124.539,3.668,64.422,141.672,89.382,432.46,195.16,84.77,184.47,89.33
4791,573657.036162,64.656,62,127.84,4.866,61.313,143.239,88.281,436.98,196.68,80.68,185.79,88.3
4792,573657.044216,63.615,62,126.613,4.798,62.975,141.707,87.519,435.17,196.65,82.86,184.51,87.43
4793,573657.047672,65.038,70,124.494,4.959,61.686,146.168,88.25,432.33,196.86,81.17,190.34,88.15
4794,573657.052391,64.703,62,127.672,5.093,62.059,145.231,87.636,436.65,197.05,81.66,189.07,87.56
4795,573657.056474,62.678,56,124.663,3.862,65.393,142.472,88.804,432.64,195.41,86.05,185.56,88.73
4796,573657.060278,64.629,62,126.135,5.371,61.886,144.435,87.437,434.58,197.41,81.43,188.05,87.33
4797,573657.063876,64.25,57,126.673,5.135,62.604,144.098,87.19,435.26,197.1,82.36,187.61,87.09
4798,573657.072714,63.343,58,123.445,4.449,64.059,142.784,89.458,431.02,196.18,84.31,186.04,89.4
4799,573657.08118,62.99,54,123.89,3.856,65.821,144.933,88.736,431.63,195.4,86.62,188.73,88.67
4800,573657.086044,64.814,64,124.854,5.311,62.06,145.834,87.285,432.86,197.33,81.65,190.03,87.18
4801,573657.088726,63.657,64,127.113,5.083,62.662,141.21,86.908,435.86,197.03,82.42,183.97,86.81
4802,573657.096257,62.006,60,125.243,3.632,65.986,140.581,87.944,433.4,195.11,86.82,183.1,87.86
4803,573657.099767,64.224,60,127.06,5.188,62.053,142.698,86.783,435.68,197.16,81.64,185.66,86.65
4804,573657.109009,64.471,57,124.187,4.888,61.822,143.449,88.596,431.83,196.79,81.35,186.52,88.6
4805,573657.112041,64.249,58,128.23,4.857,62.102,142.941,86.557,437.37,196.74,81.68,186.35,86.48
4806,573657.12122,61.21,57,127.867,3.163,65.971,136.981,87.689,436.81,194.51,86.78,178.36,87.59
4807,573657.123794,64.813,65,126.37,4.868,61.258,143.944,86.609,434.86,196.75,80.59,187.45,86.5
4808,573657.12783,65.091,59,128.863,4.609,61.735,146.579,86.588,438.14,196.43,81.25,190.7,86.53
4809,573657.132104,63.467,60,125.476,3.416,64.187,143.686,88.234,433.66,194.83,84.44,187.18,88.16
4810,573657.136229,65.762,56,128.605,4.71,60.973,148.525,86.712,437.73,196.54,80.21,193.25,86.61
4811,573657.139768,62.929,65,129.667,3.112,64.94,142.693,85.31,439.1,194.45,85.42,185.7,85.2
4812,573657.147965,65.521,57,126.148,4.42,61.136,147.542,87.008,434.49,196.17,80.46,191.97,86.92
4813,573657.151895,65.018,62,129.585,4.513,61.523,145.674,86.429,438.94,196.31,80.91,189.37,86.36
4814,573657.155725,62.883,53,126.21,3.303,64.755,142.068,87.609,434.64,194.69,85.18,185.0,87.53
4815,573657.164456,64.136,55,130.917,3.03,63.941,146.571,84.673,440.72,194.35,84.1,190.69,84.55
4816,573657.172139,63.511,47,124.649,3.579,63.793,143.027,88.656,432.62,195.04,83.94,186.29,88.58
4817,573657.175818,64.877,59,128.04,4.858,60.794,143.19,86.455,437.05,196.74,79.96,186.49,86.35
4818,573657.185078,65.528,71,125.338,5.047,60.529,146.117,86.823,433.45,196.98,79.64,190.46,86.75
4819,573657.187802,65.551,63,128.678,4.856,60.711,146.684,86.435,438.07,196.74,79.94,190.1,86.28
4820,573657.196965,63.126,58,125.661,3.717,64.208,142.044,87.607,434.01,195.23,84.51,184.78,87.49
4821,573657.200065,64.978,70,126.806,5.212,60.38,142.751,86.523,435.22,197.17,79.36,185.64,86.31
4822,573657.204155,64.349,59,126.84,5.114,61.044,141.015,86.543,435.37,197.09,80.31,183.31,86.45
4823,573657.207826,65.331,59,124.974,5.246,60.791,145.652,86.901,432.93,197.25,80.02,189.61,86.78
4824,573657.212132,65.16,63,127.852,5.345,60.238,143.395,86.596,436.83,197.37,79.25,186.56,86.5
4825,573657.215963,63.326,57,128.531,3.738,64.01,142.588,85.463,437.5,195.3,84.23,185.27,85.41
4826,573657.224055,65.531,70,125.615,5.474,60.053,144.988,86.385,433.85,197.55,79.0,188.9,86.27
4827,573657.228087,64.766,60,126.897,5.222,60.473,141.849,86.454,435.68,197.21,79.61,184.18,86.32
4828,573657.231748,63.983,58,124.877,4.26,62.745,143.045,88.121,432.92,195.94,82.57,186.3,88.04
4829,573657.235779,65.546,57,126.507,5.54,59.574,143.914,86.338,434.69,197.6,78.34,186.66,86.1
4830,573657.239838,63.91,57,129.499,3.992,63.01,143.274,85.152,438.98,195.64,82.8,186.53,84.99
4831,573657.252914,65.689,63,128.375,5.245,59.763,145.168,86.66,437.45,197.25,78.62,188.88,86.55
4832,573657.256417,63.786,57,129.317,3.619,63.359,143.433,85.657,438.7,195.11,83.32,186.79,85.54
4833,573657.260305,66.108,69,126.576,5.278,59.158,146.066,86.679,435.11,197.29,77.81,190.32,86.58
4834,573657.263891,65.127,57,127.433,5.139,59.964,142.565,86.743,436.3,197.1,78.95,184.85,86.67
4835,573657.272603,64.633,58,127.175,4.97,60.279,140.705,87.393,435.88,196.88,79.34,183.05,87.31
4836,573657.27568,66.319,64,128.124,5.252,58.968,146.815,87.099,437.16,197.26,77.58,191.13,87.01
4837,573657.280773,63.697,66,129.334,3.686,63.021,142.224,85.791,438.67,195.2,82.89,185.1,85.69
4838,573657.284009,66.329,62,125.773,4.998,59.319,147.747,87.47,434.06,196.92,78.04,192.48,87.38
4839,573657.287748,65.115,63,127.983,4.97,59.968,142.511,87.239,436.98,196.88,78.88,185.62,87.14
4840,573657.292438,62.165,54,127.2,3.394,63.675,136.37,87.787,436.01,194.84,83.7,177.7,87.68
4841,573657.300998,65.715,69,126.668,5.206,59.331,144.26,87.163,435.28,197.19,78.07,187.72,87.07
4842,573657.304373,64.328,57,127.991,5.175,60.417,139.464,86.698,436.88,197.11,79.57,181.62,86.67
4843,573657.307465,65.045,55,126.336,4.867,60.054,142.339,88.196,434.82,196.73,79.03,185.35,88.12
4844,573657.312842,65.75,62,128.585,5.046,59.414,144.658,87.634,437.82,196.98,78.18,188.2,87.6
4845,573657.316183,64.252,57,126.817,4.823,61.442,141.438,87.478,435.52,196.67,80.88,183.88,87.39
4846,573657.32495,65.761,64,124.612,5.111,59.629,145.246,88.131,432.55,197.06,78.46,189.27,88.04
4847,573657.336978,65.239,60,126.004,5.283,59.676,142.483,87.482,434.35,197.29,78.51,185.28,87.32
4848,573657.339897,64.798,57,126.441,5.158,60.886,142.985,87.306,435.05,197.12,80.16,185.77,87.22
4849,573657.348883,65.424,66,124.262,4.913,60.762,146.096,88.55,432.02,196.84,79.97,190.52,88.39
4850,573657.351924,65.533,68,127.553,5.227,60.279,145.54,87.675,436.35,197.22,79.31,189.41,87.58
4851,573657.356159,63.51,53,128.096,3.67,64.169,143.861,86.408,437.18,195.18,84.38,187.42,86.26
4852,573657.360172,65.826,66,124.376,5.489,60.036,146.604,87.719,432.16,197.56,79.04,190.61,87.59
4853,573657.363984,65.613,60,126.778,5.263,60.62,146.816,87.572,435.51,197.25,79.81,190.84,87.42
4854,573657.368087,64.22,64,123.47,4.348,62.854,144.52,89.021,431.05,196.05,82.71,188.35,88.95
4855,573657.375991,65.572,60,126.401,5.499,60.456,146.188,87.615,434.82,197.6,79.58,189.99,87.59
4856,573657.379884,64.224,59,126.007,5.206,61.547,141.533,87.634,434.39,197.19,80.97,184.33,87.54
4857,573657.383825,65.612,64,124.455,5.263,60.438,146.369,88.221,432.34,197.26,79.52,190.8,88.14
4858,573657.38801,65.161,69,127.868,5.299,60.956,145.107,87.666,436.96,197.25,80.14,188.76,87.65
4859,573657.3919,61.88,52,126.777,3.64,64.74,137.36,88.943,435.33,195.14,85.18,179.08,88.82
4860,573657.400548,65.678,67,125.237,5.489,60.171,146.093,87.314,433.37,197.57,79.16,190.41,87.22
4861,573657.403935,65.377,61,127.031,5.095,61.194,146.872,87.661,435.78,197.06,80.56,191.07,87.61
4862,573657.407433,63.663,67,124.097,3.823,63.789,143.783,89.337,431.76,195.4,83.85,187.54,89.27
4863,573657.413047,65.892,58,126.993,5.146,60.515,148.157,87.631,435.64,197.11,79.62,192.82,87.53
4864,573657.4246,65.426,68,124.994,4.923,60.787,146.167,88.007,433.04,196.81,79.98,190.47,87.92
4865,573657.42878,64.294,62,127.765,4.875,61.632,142.09,87.432,436.7,196.75,81.07,185.09,87.34
4866,573657.432252,61.284,56,127.091,3.182,65.437,136.195,88.194,435.69,194.56,86.13,177.54,87.98
4867,573657.440786,64.136,57,126.994,4.71,61.907,141.911,87.494,435.64,196.56,81.42,184.69,87.46
4868,573657.443898,64.711,62,125.14,4.269,61.995,145.125,88.94,433.11,195.9,81.67,188.93,88.91
4869,573657.452947,65.205,67,128.741,4.779,61.202,145.94,87.564,437.9,196.62,80.51,189.88,87.47
4870,573657.456187,62.912,56,129.468,3.039,65.377,143.571,86.24,438.97,194.4,85.85,186.99,86.08
4871,573657.460799,65.2,63,126.148,4.695,61.343,146.245,87.149,434.47,196.53,80.73,190.33,87.01
4872,573657.464054,65.143,60,128.492,4.605,61.783,146.978,87.38,437.67,196.4,81.3,190.94,87.26
4873,573657.468328,62.98,61,125.102,3.396,64.909,142.875,88.769,433.05,194.79,85.37,186.48,88.74
4874,573657.476207,64.511,66,126.408,4.789,61.456,142.808,87.16,434.94,196.64,80.88,185.68,87.1
4875,573657.480562,63.017,57,129.692,3.35,64.708,142.617,85.299,439.16,194.82,84.98,185.65,85.18
4876,573657.484026,65.661,50,125.578,4.53,61.504,149.233,87.805,433.62,196.28,80.98,193.36,87.62
4877,573657.488736,64.071,59,127.267,4.87,61.816,141.373,87.013,436.09,196.74,81.34,183.99,86.93
4878,573657.492176,61.845,54,128.032,3.084,65.95,139.768,86.849,437.03,194.4,86.74,182.06,86.74
4879,573657.496252,64.598,62,125.698,4.983,61.479,143.316,86.821,433.93,196.91,80.86,186.92,86.7
4880,573657.50493,64.179,57,126.463,4.873,61.986,142.313,86.849,435.12,196.75,81.61,184.7,86.72
4881,573657.517305,62.682,63,128.039,3.434,65.224,142.122,85.606,437.0,194.87,85.81,185.04,85.5
4882,573657.520197,65.115,56,125.36,4.916,61.235,145.519,87.151,433.54,196.81,80.56,189.58,87.05
4883,573657.529043,64.525,66,127.694,5.127,61.428,142.819,86.916,436.62,197.08,80.82,185.84,86.82
4884,573657.532024,62.469,58,125.008,3.686,65.152,140.953,87.727,433.2,195.2,85.75,183.43,87.7
4885,573657.536082,65.012,63,125.947,5.306,60.883,144.126,86.875,434.25,197.32,80.11,187.6,86.75
4886,573657.539865,64.624,58,126.826,5.1,61.468,143.432,86.858,435.48,197.05,80.91,186.25,86.72
4887,573657.544037,63.78,64,124.665,4.053,63.439,143.583,88.464,432.61,195.67,83.46,187.08,88.39
4888,573657.552475,65.496,65,128.019,5.229,60.732,146.427,86.884,436.97,197.22,79.89,190.61,86.78
4889,573657.557114,62.347,64,128.468,3.619,65.103,140.276,85.917,437.49,195.13,85.64,182.68,85.75
4890,573657.559595,65.429,59,125.783,5.236,60.728,146.046,86.796,434.04,197.24,79.92,189.98,86.7
4891,573657.564262,65.565,61,128.818,5.063,60.993,147.449,86.753,438.1,197.01,80.26,191.53,86.62
4892,573657.568232,63.784,57,125.324,4.04,63.699,144.197,88.065,433.41,195.66,83.76,188.03,87.99
4893,573657.572121,65.23,64,127.088,5.314,60.384,144.124,86.631,435.8,197.32,79.44,187.4,86.51
4894,573657.580481,64.399,59,127.764,5.101,61.264,141.779,86.597,436.71,197.07,80.64,184.03,86.47
4895,573657.584231,64.861,57,125.355,4.927,60.918,143.397,88.291,433.51,196.79,80.22,186.68,88.2
4896,573657.587983,65.133,67,129.069,5.162,60.709,144.371,86.656,438.38,197.14,79.86,187.96,86.57
4897,573657.592007,63.599,56,130.207,3.587,64.151,144.271,85.447,439.84,195.07,84.37,187.83,85.34
4898,573657.605033,65.678,59,129.059,5.045,60.716,147.419,86.663,438.31,196.99,79.87,191.71,86.56
4899,573657.608453,63.139,60,126.378,3.741,64.159,142.0,87.928,434.87,195.26,84.41,184.87,87.84
4900,573657.612169,65.081,58,128.819,5.141,60.308,143.132,87.142,438.04,197.11,79.32,186.4,87.04
4901,573657.616525,63.505,58,130.51,3.762,63.697,142.78,84.568,440.29,195.34,83.69,185.75,84.37
4902,573657.620171,66.114,52,126.388,5.018,60.373,149.099,86.982,434.86,196.95,79.42,194.21,86.88
4903,573657.628429,65.11,59,129.961,4.893,60.061,142.704,87.667,439.58,196.72,78.87,185.88,87.6
4904,573657.63171,62.425,55,128.446,3.46,64.686,139.738,86.56,437.61,194.92,85.03,182.07,86.39
4905,573657.636325,65.441,70,125.945,5.405,60.064,144.514,86.685,434.3,197.46,79.01,188.28,86.58
4906,573657.639943,64.719,60,126.802,5.319,60.554,141.794,86.592,435.68,197.36,79.72,183.74,86.39
4907,573657.64436,64.038,55,124.759,4.402,62.426,142.597,88.098,432.77,196.16,82.09,185.63,87.99
4908,573657.647825,65.535,60,127.074,5.467,59.893,144.622,86.414,435.71,197.55,78.84,187.72,86.31
4909,573657.656474,63.519,59,128.013,3.743,63.686,142.825,85.622,436.96,195.28,83.78,185.94,85.52
4910,573657.659731,65.739,63,125.305,5.255,59.742,145.398,87.024,433.41,197.26,78.61,189.25,86.9
4911,573657.665131,64.939,64,126.812,5.313,59.99,141.624,86.695,435.52,197.33,78.95,184.19,86.61
4912,573657.667852,63.082,50,126.866,4.345,62.371,137.771,87.719,435.51,196.06,82.05,179.46,87.62
4913,573657.672228,65.827,65,126.017,5.445,59.06,144.227,86.73,434.4,197.51,77.69,187.93,86.63
4914,573657.680619,65.122,59,126.461,5.219,60.069,142.786,86.827,435.0,197.21,79.02,185.98,86.73
4915,573657.694315,63.003,57,128.02,3.502,63.57,140.039,86.791,437.04,194.95,83.62,182.47,86.7
4916,573657.696073,65.704,63,125.674,5.146,59.295,144.11,87.39,433.87,197.12,78.06,187.29,87.28
4917,573657.705084,66.108,60,127.868,5.013,59.43,146.738,87.185,436.73,196.95,78.19,190.76,87.12
4918,573657.707843,64.015,58,124.643,3.794,62.999,143.789,88.729,432.56,195.35,82.83,187.48,88.62
4919,573657.712522,65.738,65,127.236,5.23,59.505,144.812,87.596,436.01,197.22,78.31,188.13,87.55
4920,573657.715702,64.155,56,127.747,5.086,60.81,139.495,86.889,436.75,197.04,80.01,181.4,86.76
4921,573657.720262,64.371,53,127.73,4.988,59.957,138.618,87.873,436.67,196.92,78.91,180.37,87.72
4922,573657.724091,65.408,66,128.225,5.249,59.971,144.108,87.515,437.27,197.24,78.89,187.62,87.42
4923,573657.732105,62.257,59,127.463,3.737,63.907,137.285,88.369,436.23,195.29,84.14,178.85,88.2
4924,573657.736229,65.46,68,125.821,5.438,59.889,144.194,87.408,434.09,197.51,78.79,187.95,87.29
4925,573657.739784,65.808,61,127.707,5.177,60.367,147.308,87.334,436.61,197.14,79.42,191.79,87.21
4926,573657.744375,63.838,59,124.171,3.957,63.486,143.986,89.174,431.91,195.53,83.54,187.73,89.14
4927,573657.748249,66.389,57,126.791,5.459,59.689,149.025,87.824,435.43,197.52,78.52,194.24,87.74
4928,573657.756571,63.903,62,128.93,3.919,63.644,144.679,85.99,438.16,195.47,83.8,188.3,85.86
4929,573657.759842,66.307,58,125.324,5.255,59.896,149.054,87.707,433.6,197.24,78.82,193.76,87.65
4930,573657.764195,64.915,60,127.03,5.412,60.441,142.565,87.284,435.74,197.46,79.51,185.73,87.19
4931,573657.768333,61.931,58,126.5,3.857,64.327,136.712,88.111,435.01,195.41,84.64,178.01,87.99
4932,573657.781087,65.151,61,126.515,5.3,60.41,143.756,87.301,435.15,197.31,79.48,187.15,87.23
4933,573657.783936,65.434,62,124.546,5.026,60.966,146.647,88.399,432.44,196.95,80.22,191.14,88.32
4934,573657.793121,64.001,55,126.537,4.948,61.665,140.673,87.364,435.08,196.84,81.14,183.21,87.27
4935,573657.79596,65.753,71,124.816,5.185,60.108,146.362,87.806,432.81,197.16,79.08,190.76,87.72
4936,573657.800692,64.695,65,127.289,5.052,60.803,142.249,87.566,436.16,196.98,79.96,185.56,87.46
4937,573657.808748,63.111,58,124.935,3.794,63.982,141.47,88.636,433.03,195.29,84.27,184.1,88.6
4938,573657.812216,65.277,69,126.235,5.197,60.299,144.176,87.438,434.68,197.18,79.32,187.87,87.34
4939,573657.815987,64.223,57,129.784,4.212,62.335,143.343,85.648,439.18,195.8,82.2,186.69,85.57
4940,573657.820367,65.43,51,126.181,4.752,60.509,145.523,88.264,434.68,196.59,79.61,189.81,88.23
4941,573657.823715,65.483,62,128.023,4.999,60.767,146.439,87.468,437.05,196.89,79.95,190.8,87.32
4942,573657.831976,62.075,56,127.611,3.245,65.234,139.294,87.475,436.43,194.62,85.8,181.5,87.36
4943,573657.83627,65.202,62,125.018,4.91,60.532,144.325,87.734,433.11,196.8,79.65,187.96,87.64
4944,573657.839996,64.206,61,126.585,4.837,61.538,141.423,87.42,435.27,196.7,81.01,183.68,87.31
4945,573657.844097,62.673,53,124.815,3.509,64.511,140.526,88.829,432.93,194.97,84.87,182.66,88.73
4946,573657.847955,65.354,59,126.575,5.105,60.398,144.834,87.374,435.02,197.05,79.49,188.31,87.26
4947,573657.856034,64.014,64,126.331,4.872,61.936,141.359,87.539,434.87,196.75,81.51,183.91,87.44
4948,573657.864627,65.277,65,127.801,4.915,61.162,146.24,87.444,436.88,196.8,80.52,189.77,87.4
4949,573657.872768,65.299,74,124.416,5.224,60.651,145.139,87.697,432.16,197.21,79.82,188.81,87.57
4950,573657.875742,65.343,57,126.868,5.014,61.267,146.86,87.6,435.53,196.94,80.62,191.17,87.53
4951,573657.884042,64.287,62,123.54,4.266,63.007,145.223,89.173,431.13,195.94,82.93,189.25,89.12
4952,573657.887894,65.775,56,126.909,5.205,60.817,148.22,87.288,435.52,197.19,80.02,192.91,87.19
4953,573657.891661,62.537,58,127.826,3.604,65.379,141.764,86.265,436.71,195.09,86.0,184.56,86.17
4954,573657.895948,64.947,60,124.937,4.966,61.557,145.369,87.822,432.98,196.87,80.99,189.43,87.74
4955,573657.899703,64.187,65,127.074,5.18,61.76,141.834,87.406,435.85,197.14,81.28,184.48,87.33
4956,573657.908117,62.166,49,127.922,3.445,65.693,140.697,86.499,436.9,194.88,86.4,183.25,86.36
4957,573657.911976,65.242,63,125.664,5.391,61.112,145.926,86.998,433.92,197.45,80.39,190.16,86.86
4958,573657.915705,64.282,57,126.58,5.055,62.0,142.875,87.027,435.15,196.99,81.56,186.08,86.93
4959,573657.919844,63.553,61,124.296,4.047,63.908,143.496,88.827,432.08,195.67,84.05,187.15,88.75
4960,573657.92379,65.163,63,127.715,5.195,61.376,146.12,87.313,436.57,197.17,80.74,190.2,87.21
4961,573657.932234,62.74,52,128.33,3.755,65.054,142.033,86.003,437.19,195.31,85.61,184.54,85.88
4962,573657.936138,65.394,64,125.163,5.207,61.084,146.701,87.066,433.2,197.2,80.38,191.0,86.97
4963,573657.940314,65.12,61,128.188,4.917,61.657,146.553,87.126,437.44,196.81,81.17,189.94,86.99
4964,573657.953041,63.534,62,130.134,3.459,64.406,144.518,85.188,439.7,194.91,84.72,188.01,85.07
4965,573657.96117,64.865,45,126.592,4.58,61.567,144.948,87.586,435.15,196.36,81.0,188.85,87.5
4966,573657.963864,65.211,62,129.099,4.895,61.109,145.748,86.749,438.29,196.79,80.35,189.49,86.65
4967,573657.968133,63.402,55,127.45,4.625,62.691,140.022,86.902,436.39,196.35,82.69,181.97,86.77
4968,573657.972027,65.307,71,126.058,4.988,60.785,145.506,86.817,434.43,196.91,79.96,189.56,86.71
4969,573657.976204,65.174,60,128.482,4.748,61.494,146.464,86.813,437.58,196.59,80.9,190.5,86.7
4970,573657.984157,64.307,59,124.92,4.189,62.906,145.096,88.172,432.88,195.84,82.8,188.91,88.09
4971,573657.988067,65.307,61,127.75,5.091,60.826,145.602,86.807,436.59,197.04,80.02,189.44,86.68
4972,573657.991929,63.902,60,127.198,4.84,62.159,141.299,86.687,435.95,196.71,81.77,183.98,86.58
4973,573657.995744,65.433,61,125.227,4.884,60.967,146.643,87.446,433.25,196.76,80.22,191.02,87.34
4974,573658.000114,65.16,65,128.715,4.979,61.196,145.677,86.779,437.86,196.9,80.5,189.54,86.67
4975,573658.00375,63.487,55,126.904,4.727,62.472,139.947,86.71,435.55,196.56,82.2,182.24,86.61
4976,573658.012829,65.396,76,125.809,5.193,60.445,145.181,86.687,434.05,197.18,79.53,189.0,86.57
4977,573658.015956,64.614,58,126.704,5.018,61.206,142.766,86.613,435.32,196.95,80.52,185.95,86.51
4978,573658.020099,63.443,62,124.601,3.908,63.731,142.549,88.276,432.5,195.5,83.8,185.72,88.24
4979,573658.024408,65.282,63,126.896,5.254,60.511,144.712,86.703,435.6,197.25,79.62,188.28,86.62
4980,573658.03603,65.575,68,124.653,5.236,60.522,146.365,87.135,432.59,197.24,79.63,190.76,87.04
4981,573658.040064,64.605,64,127.181,5.153,60.956,142.134,86.787,435.94,197.12,80.18,185.19,86.68
4982,573658.04835,65.38,68,125.673,5.546,60.223,144.557,86.616,433.72,197.64,79.22,187.95,86.43
4983,573658.051904,64.556,61,126.526,5.292,61.053,142.109,86.774,434.99,197.33,80.32,184.83,86.71
4984,573658.0609,65.209,61,124.582,4.906,61.028,145.544,88.164,432.43,196.75,80.42,189.54,88.14
4985,573658.064335,65.74,64,128.039,5.371,60.284,146.718,86.783,436.98,197.41,79.31,190.91,86.68
4986,573658.06788,63.097,54,128.392,3.622,64.521,142.593,85.785,437.46,195.14,84.82,185.37,85.64
4987,573658.072699,65.737,65,125.537,5.331,60.213,146.531,86.788,433.7,197.37,79.23,190.72,86.7
4988,573658.075952,65.714,62,128.299,5.277,60.489,147.073,87.006,437.33,197.29,79.58,191.31,86.9
4989,573658.080106,63.645,58,124.982,4.029,63.602,143.272,88.215,433.04,195.64,83.69,186.6,88.14
4990,573658.088443,65.28,62,127.071,5.428,60.283,144.154,86.782,435.6,197.47,79.31,187.13,86.63
4991,573658.091951,64.661,56,127.402,5.087,61.141,142.862,86.604,436.21,197.04,80.43,186.03,86.5
4992,573658.095562,65.75,60,125.6,5.072,60.382,147.015,87.664,433.82,197.01,79.44,191.6,87.58
4993,573658.100146,65.62,66,129.151,5.201,60.478,146.51,86.793,438.47,197.21,79.61,190.53,86.74
4994,573658.103654,63.06,56,129.247,3.477,64.644,142.684,85.763,438.52,194.93,85.04,185.55,85.63
4995,573658.112845,65.581,66,126.691,5.215,60.325,145.923,86.609,435.26,197.21,79.35,190.13,86.5
4996,573658.125212,64.922,57,128.19,5.158,60.464,142.655,86.764,437.15,197.15,79.63,184.92,86.66
4997,573658.128083,63.836,59,127.373,4.995,61.819,140.195,86.956,436.21,196.91,81.35,182.38,86.87
4998,573658.136946,65.622,62,125.918,4.908,60.304,146.1,87.483,434.12,196.82,79.37,190.28,87.33
4999,573658.140095,65.36,64,129.134,4.984,60.786,145.802,86.938,438.57,196.92,80.06,189.27,86.9
5000,573658.143746,63.381,53,125.807,3.79,63.918,142.656,87.996,434.14,195.33,84.1,185.73,87.91
5001,573658.14792,65.393,63,126.54,5.151,60.087,144.304,86.965,435.01,197.12,79.06,187.8,86.84
5002,573658.151813,64.468,60,127.154,4.894,61.181,141.944,86.724,435.84,196.8,80.49,184.69,86.64
5003,573658.156174,63.27,58,125.267,3.682,63.788,141.82,88.32,433.42,195.18,83.92,184.72,88.25
5004,573658.16458,65.436,62,127.589,5.09,60.319,145.098,86.891,436.43,197.04,79.36,188.87,86.79
5005,573658.168245,62.859,58,127.929,3.558,64.639,141.698,85.999,436.8,195.0,85.13,184.45,85.95
5006,573658.172066,65.436,64,125.231,5.015,60.446,145.404,87.312,433.25,196.95,79.56,189.06,87.21
5007,573658.176434,65.621,60,127.491,5.177,60.443,146.431,87.044,436.35,197.18,79.58,190.44,87.0
5008,573658.180176,64.049,59,123.942,4.271,63.104,144.205,88.287,431.67,195.96,83.03,187.91,88.21
5009,573658.188509,65.306,69,125.782,5.52,60.261,144.242,86.896,433.93,197.6,79.31,187.56,86.74
5010,573658.192292,63.984,58,129.124,4.12,62.981,143.586,85.094,438.31,195.78,82.84,187.04,85.02
5011,573658.195977,65.006,52,125.887,5.132,60.721,143.711,87.344,434.24,197.09,79.89,187.25,87.25
5012,573658.200218,65.748,65,127.475,5.457,60.123,146.373,87.15,436.36,197.52,79.13,190.32,87.08
5013,573658.212912,65.84,66,124.591,5.598,59.752,145.99,87.101,432.52,197.71,78.61,190.26,87.0
5014,573658.215963,65.679,61,127.179,5.276,60.41,146.681,87.16,435.89,197.28,79.49,190.83,87.05
5015,573658.22035,64.122,56,123.836,4.115,62.996,144.335,88.62,431.51,195.81,82.73,188.26,88.59
5016,573658.223683,66.157,56,126.472,5.404,59.553,147.326,87.149,434.89,197.45,78.36,191.56,87.02
5017,573658.227791,64.591,57,126.75,5.149,60.756,141.596,86.938,435.4,197.08,80.06,183.89,86.81
5018,573658.232016,65.75,59,125.361,5.054,60.09,146.304,87.956,433.48,196.98,79.08,190.38,87.86
5019,573658.240038,65.813,67,128.829,5.138,59.852,146.082,87.045,438.01,197.1,78.74,190.04,86.95
5020,573658.243979,63.04,54,127.626,4.222,62.847,138.621,87.49,436.5,195.9,82.68,180.51,87.38
5021,573658.247825,65.715,72,126.134,5.208,59.608,144.933,87.128,434.57,197.19,78.43,188.66,87.04
5022,573658.252004,64.812,59,127.673,4.902,60.716,142.662,87.018,436.62,196.78,79.89,185.53,86.94
5023,573658.255999,64.824,62,125.38,4.357,61.539,144.659,88.477,433.41,196.08,81.02,188.26,88.41
5024,573658.264134,65.455,61,128.09,5.074,60.013,144.469,87.168,437.01,197.02,78.97,187.82,87.08
5025,573658.267931,64.202,58,127.686,4.713,61.466,141.237,87.089,436.5,196.5,81.03,183.42,86.99
5026,573658.272438,65.976,67,125.344,4.896,60.017,147.418,87.81,433.5,196.78,78.96,192.06,87.72
5027,573658.275876,64.748,62,128.131,4.927,60.892,142.736,87.234,437.16,196.82,80.09,185.89,87.13
5028,573658.280119,62.332,53,126.058,3.383,64.724,139.385,87.865,434.54,194.85,84.99,181.82,87.91
5029,573658.288725,65.568,63,126.712,5.286,60.008,145.085,87.27,435.21,197.29,78.95,188.81,87.15
5030,573658.301216,65.102,60,127.174,5.276,60.498,143.699,87.158,435.92,197.28,79.58,187.17,87.06
5031,573658.303725,62.938,61,127.649,3.628,64.57,141.926,86.24,436.5,195.12,84.96,184.4,86.06
5032,573658.308967,65.779,62,124.34,5.173,60.322,147.034,87.516,432.21,197.15,79.37,191.55,87.42
5033,573658.316688,64.561,62,126.196,5.215,60.927,141.837,87.258,434.82,197.21,80.14,185.23,87.19
5034,573658.319695,63.296,61,124.055,4.061,63.929,142.261,88.547,431.85,195.67,84.13,185.33,88.47
5035,573658.324405,65.473,63,125.352,5.498,60.062,144.686,87.262,433.2,197.55,79.05,187.64,87.06
5036,573658.327933,64.447,59,125.452,5.311,61.101,141.652,87.197,433.68,197.33,80.39,184.52,87.1
5037,573658.332202,65.417,64,123.698,5.032,60.887,146.362,88.166,431.22,196.97,80.13,190.79,88.02
5038,573658.341207,65.602,63,127.081,5.181,60.172,145.673,87.226,435.83,197.16,79.15,189.86,87.15
5039,573658.343825,63.316,60,127.742,3.752,64.102,142.745,86.161,436.64,195.28,84.32,185.93,86.05
5040,573658.348369,65.549,72,124.849,5.274,60.241,145.542,87.24,432.86,197.28,79.26,189.67,87.14
5041,573658.351937,64.8,61,126.595,5.081,60.867,142.954,87.261,435.17,197.03,80.08,186.19,87.16
5042,573658.355908,64.431,59,124.269,4.286,62.373,144.515,88.576,432.06,195.97,82.1,188.19,88.51
5043,573658.364435,65.466,59,126.93,5.173,60.23,145.053,87.116,435.59,197.15,79.23,188.92,87.02
5044,573658.368429,63.369,68,129.232,3.687,63.822,142.382,85.788,438.6,195.19,83.93,185.45,85.65
5045,573658.372399,65.87,60,125.553,4.911,60.424,147.809,87.72,433.72,196.81,79.52,192.3,87.64
5046,573658.380911,62.695,54,125.156,3.424,64.896,141.467,88.459,433.5,194.86,85.43,183.84,88.39
5047,573658.385045,65.389,73,126.037,5.124,60.573,145.447,87.267,434.34,197.08,79.7,189.34,87.15
5048,573658.393282,64.49,59,127.52,4.902,61.493,142.784,87.194,436.38,196.79,80.89,185.94,87.1
5049,573658.396136,64.273,61,125.147,4.171,62.716,144.481,88.801,433.26,195.88,82.36,188.35,88.71
5050,573658.400293,65.463,64,128.347,5.112,60.809,146.429,87.06,437.48,197.07,79.98,190.83,86.98
5051,573658.404093,62.728,64,129.273,3.592,64.972,141.793,85.902,438.61,195.1,85.42,184.44,85.74
5052,573658.408399,65.499,60,125.75,4.937,60.968,147.015,87.542,433.96,196.84,80.26,190.93,87.42
5053,573658.417192,64.313,63,127.872,5.048,61.5,141.885,87.155,436.86,196.98,80.91,184.68,87.06
5054,573658.419639,62.946,51,125.625,3.846,64.562,141.948,88.223,433.99,195.38,84.99,184.96,88.13
5055,573658.424774,65.054,66,126.694,5.314,60.799,144.152,87.068,435.31,197.32,79.98,187.7,86.99
5056,573658.428419,64.106,60,126.856,5.146,61.878,141.695,86.959,435.52,197.11,81.45,183.97,86.87
5057,573658.432581,64.175,54,126.364,5.008,61.575,141.348,87.547,435.3,196.97,81.06,182.64,87.33
5058,573658.4363,65.197,70,128.119,5.284,61.074,145.588,87.187,437.25,197.25,80.32,189.08,87.14
5059,573658.444944,63.713,54,126.682,4.959,62.469,141.055,86.981,435.16,196.87,82.26,183.34,86.92
5060,573658.448153,65.348,72,124.753,5.348,60.727,145.591,87.187,432.73,197.38,79.89,189.73,87.09
5061,573658.452366,64.568,58,126.839,5.162,61.399,142.976,86.966,435.74,197.14,80.87,185.46,86.85
5062,573658.456357,62.691,59,124.514,3.879,64.547,140.688,88.059,432.53,195.43,84.97,183.05,87.99
5063,573658.469015,63.073,58,128.224,3.413,64.662,142.787,85.359,437.27,194.84,85.08,185.81,85.24
5064,573658.472326,65.437,52,125.272,4.763,60.947,146.613,87.366,433.41,196.63,80.19,190.97,87.21
5065,573658.480465,63.122,49,124.501,3.415,64.65,143.003,88.049,432.48,194.83,85.09,186.06,87.99
5066,573658.484141,65.693,69,125.061,5.179,60.032,145.84,86.822,433.14,197.16,78.98,190.06,86.72
5067,573658.492477,64.57,61,126.795,4.846,60.895,141.809,86.789,435.34,196.72,80.19,183.78,86.66
5068,573658.495737,64.255,59,124.769,4.151,62.421,143.708,88.251,432.77,195.79,82.18,186.98,88.2
5069,573658.50028,65.477,65,127.567,4.998,60.279,145.228,86.95,436.35,196.93,79.31,188.89,86.87
5070,573658.503794,63.211,61,128.736,3.312,64.36,142.799,85.789,437.9,194.71,84.67,185.85,85.69
5071,573658.507815,65.878,57,125.582,4.816,60.429,147.864,87.332,433.75,196.69,79.53,192.34,87.24
5072,573658.512155,65.455,62,128.409,4.962,60.696,146.112,87.136,437.47,196.87,79.85,190.11,87.03
5073,573658.520608,63.336,59,125.24,3.705,64.105,142.848,88.337,433.38,195.21,84.34,186.05,88.26
5074,573658.523774,65.469,69,125.873,5.331,60.266,145.155,86.971,433.97,197.39,79.32,188.5,86.9
5075,573658.527758,64.747,59,127.344,5.042,61.242,143.552,86.727,436.14,196.98,80.56,186.95,86.62
5076,573658.531897,63.693,58,124.828,4.067,63.275,142.777,88.824,432.79,195.68,83.28,185.79,88.78
5077,573658.536111,65.462,62,127.397,5.323,60.279,145.146,87.023,436.24,197.34,79.32,188.76,86.92
5078,573658.544832,63.602,55,126.868,5.153,62.082,139.634,87.144,435.56,197.13,81.71,181.49,87.02
5079,573658.557302,63.085,60,125.589,3.905,64.617,142.748,88.194,433.84,195.47,85.02,185.89,88.11
5080,573658.560333,64.988,66,126.828,5.517,60.622,143.38,86.982,435.44,197.6,79.74,186.77,86.88
5081,573658.569207,64.536,59,127.345,5.426,61.257,142.476,86.744,436.14,197.48,80.58,185.52,86.64
5082,573658.571848,65.273,63,125.416,5.06,61.062,145.978,88.231,433.47,196.99,80.34,190.18,88.12
5083,573658.5763,65.703,68,128.9,5.511,60.301,146.549,86.971,438.06,197.61,79.32,190.54,86.9
5084,573658.580163,62.233,52,128.051,3.883,64.374,138.18,87.658,437.13,195.48,84.65,179.87,87.46
5085,573658.584227,65.901,68,125.917,5.571,59.875,146.641,86.892,434.24,197.68,78.77,191.06,86.79
5086,573658.587817,64.988,59,127.767,5.235,60.741,143.657,86.76,436.74,197.23,79.92,186.8,86.63
5087,573658.596169,63.322,63,125.745,3.956,63.771,142.037,88.231,434.0,195.56,83.87,184.92,88.18
5088,573658.600259,65.384,59,127.715,5.358,59.993,144.027,86.901,436.62,197.38,78.99,186.63,86.84
5089,573658.604636,64.464,59,127.531,5.076,60.967,141.43,86.64,436.43,197.01,80.23,183.95,86.55
5090,573658.607719,65.804,64,125.796,5.153,59.981,146.345,87.452,433.81,197.13,79.11,190.24,87.29
5091,573658.613052,65.082,63,128.108,5.164,60.128,142.713,86.722,437.2,197.12,79.12,185.5,86.65
5092,573658.621172,62.097,58,127.761,3.572,64.167,137.115,87.884,436.57,195.09,84.5,178.43,87.74
5093,573658.624342,65.346,67,126.384,5.242,59.819,143.405,86.913,434.76,197.26,78.74,186.29,86.84
5094,573658.628225,64.81,62,127.203,4.975,60.675,142.553,86.785,435.96,196.89,79.82,185.65,86.68
5095,573658.631951,63.582,64,125.321,3.808,63.144,141.922,88.375,433.43,195.35,83.05,185.02,88.31
5096,573658.645386,63.278,62,128.641,3.461,64.141,142.642,85.745,437.81,194.9,84.39,185.62,85.64
5097,573658.648189,65.951,61,125.389,4.946,59.836,146.833,87.247,433.66,196.84,78.78,190.52,87.12
5098,573658.656331,63.313,55,124.755,3.593,64.033,142.578,88.349,432.87,195.07,84.28,185.43,88.23
5099,573658.65997,65.718,66,125.666,5.194,59.644,145.04,87.186,433.84,197.18,78.5,188.48,87.06
5100,573658.668926,64.885,58,126.391,5.04,60.689,142.989,87.026,434.9,196.98,79.84,186.23,86.93
5101,573658.672493,65.059,62,124.313,4.569,61.148,145.009,88.661,432.15,196.34,80.47,188.97,88.6
5102,573658.676147,65.887,67,127.56,5.223,59.763,146.283,87.127,436.39,197.22,78.63,190.45,87.04
5103,573658.680039,63.27,55,127.856,3.701,63.996,142.28,86.267,436.65,195.27,84.11,184.94,86.16
5104,573658.684196,65.543,69,124.718,5.217,60.133,145.243,87.437,432.74,197.21,79.13,189.08,87.34
5105,573658.688437,64.422,66,126.602,5.081,60.768,140.75,87.185,435.11,197.03,79.96,183.15,87.09
5106,573658.696703,63.736,59,124.563,4.259,63.024,142.422,88.754,432.43,195.94,82.96,185.21,88.71
5107,573658.700955,65.201,63,126.074,5.452,60.063,143.199,87.206,434.48,197.51,79.04,186.26,87.13
5108,573658.703384,64.564,60,126.385,5.271,61.069,142.184,87.289,434.89,197.28,80.34,185.19,87.19
5109,573658.708869,65.429,62,124.769,5.076,60.703,145.981,88.162,432.54,197.05,79.91,190.33,87.98
5110,573658.711638,65.361,67,127.859,5.392,60.472,145.054,87.443,436.82,197.43,79.53,189.02,87.33
5111,573658.721039,63.609,53,124.583,4.191,63.61,143.107,88.624,432.55,195.85,83.7,186.33,88.55
5112,573658.733502,64.118,57,123.587,4.069,63.171,144.716,89.449,431.16,195.64,83.22,188.53,89.43
5113,573658.736385,66.198,55,126.831,5.325,60.255,149.299,87.422,435.44,197.35,79.28,194.26,87.32
5114,573658.73982,63.269,61,128.75,3.595,64.45,143.287,86.11,437.91,195.08,84.78,186.5,86.01
5115,573658.748824,65.772,62,125.786,4.929,60.394,147.172,87.789,434.11,196.82,79.47,191.55,87.7
5116,573658.752189,65.139,64,128.564,5.098,60.689,144.355,87.309,437.85,197.06,79.81,188.34,87.26
5117,573658.75628,63.296,58,125.537,3.884,63.988,142.389,88.454,433.79,195.48,84.14,185.26,88.41
5118,573658.760223,65.704,70,126.234,5.187,60.049,145.945,87.244,434.63,197.18,78.99,190.23,87.13
5119,573658.76404,64.415,60,127.481,4.897,61.242,141.815,87.144,436.17,196.81,80.65,183.51,87.14
5120,573658.77249,63.423,58,125.535,3.62,63.797,142.595,88.705,433.71,195.12,83.87,185.73,88.68
5121,573658.776458,65.191,67,128.1,4.948,60.789,144.876,87.341,437.1,196.84,79.99,188.28,87.22
5122,573658.779582,63.668,56,127.321,4.553,62.318,140.49,87.248,436.11,196.33,81.98,182.94,87.15
5123,573658.783812,65.461,73,125.59,4.824,60.625,145.977,87.726,433.81,196.69,79.76,190.22,87.64
5124,573658.78813,65.415,63,128.364,4.756,61.048,146.735,87.368,437.5,196.6,80.33,190.66,87.25
5125,573658.797053,63.309,58,125.092,3.637,64.266,143.073,88.639,433.15,195.17,84.4,186.53,88.57
5126,573658.800058,65.255,66,126.241,5.004,60.66,144.919,87.136,434.5,196.92,79.79,188.59,86.96
5127,573658.803687,63.583,59,127.04,4.852,62.01,139.38,87.002,435.78,196.73,81.58,181.45,86.89
5128,573658.807863,64.66,55,124.839,4.472,61.905,144.641,88.454,432.7,196.18,81.5,188.78,88.45
5129,573658.816597,61.987,55,126.718,3.235,66.032,140.593,86.801,435.29,194.6,86.85,182.81,86.6
5130,573658.824102,65.027,66,124.553,5.111,61.227,145.022,87.268,432.49,197.07,80.56,188.95,87.17
5131,573658.828561,64.37,59,126.098,5.123,61.661,142.55,87.147,434.53,197.08,81.12,185.71,87.05
5132,573658.837013,65.338,61,126.087,5.592,60.828,145.776,87.17,434.44,197.71,80.02,190.05,87.05
5133,573658.840166,63.255,62,128.659,3.873,64.535,143.401,85.257,437.72,195.44,84.92,186.72,85.2
5134,573658.848368,65.755,54,124.694,5.11,61.275,149.218,87.696,432.67,197.08,80.62,194.32,87.56
5135,573658.851801,64.618,59,126.641,5.431,61.261,142.914,87.144,435.14,197.49,80.61,185.9,87.06
5136,573658.855961,62.947,57,123.791,4.384,64.345,141.473,88.608,431.51,196.1,84.68,184.27,88.53
5137,573658.859974,65.547,72,124.677,5.676,60.555,146.285,87.049,432.57,197.81,79.68,190.47,86.93
5138,573658.863949,64.433,60,126.511,5.414,61.383,142.233,87.002,435.22,197.47,80.79,185.09,86.93
5139,573658.872309,64.64,60,124.402,4.787,62.149,145.105,88.103,432.24,196.61,81.81,188.89,88.05
5140,573658.87598,65.052,61,127.162,5.476,60.838,144.233,86.786,435.9,197.55,80.02,187.9,86.68
5141,573658.879878,63.99,58,126.678,5.172,61.646,140.574,87.101,435.26,197.15,81.09,183.05,87.01
5142,573658.88436,65.782,65,125.58,5.144,60.302,147.002,87.426,433.76,197.11,79.35,191.34,87.36
5143,573658.888042,65.326,63,129.297,4.955,60.971,146.057,86.771,438.61,196.87,80.2,189.99,86.67
5144,573658.892178,63.367,52,126.06,3.775,64.081,142.951,88.132,434.46,195.3,84.32,186.09,88.05
5145,573658.905022,64.169,55,132.661,3.541,63.174,144.988,84.029,443.0,195.03,83.06,188.63,83.89
5146,573658.908023,64.311,44,127.999,4.508,61.405,141.651,87.425,436.99,196.26,80.79,184.36,87.34
5147,573658.912698,64.849,56,129.023,4.704,60.698,142.816,86.683,438.23,196.55,79.93,184.94,86.57
5148,573658.916023,62.614,60,129.595,3.084,65.004,141.316,86.043,438.99,194.41,85.51,183.78,85.95
5149,573658.924732,65.424,64,126.716,4.661,60.7,145.949,87.117,435.25,196.47,79.87,189.88,87.0
5150,573658.928082,65.533,62,129.931,4.535,60.933,147.119,86.824,439.69,196.31,80.19,190.69,86.68
5151,573658.931847,63.199,56,126.723,3.485,64.191,142.364,88.096,435.32,194.92,84.45,185.33,88.02
5152,573658.936141,64.845,66,127.692,4.955,60.817,143.072,86.5,436.47,196.87,80.0,186.3,86.35
5153,573658.940265,64.294,54,127.95,4.699,61.778,142.425,86.69,437.07,196.52,81.35,184.67,86.58
5154,573658.94405,65.211,60,125.995,4.711,61.093,145.708,87.455,434.2,196.58,80.45,189.69,87.27
5155,573658.953097,64.594,62,128.14,4.907,61.039,142.272,86.776,437.1,196.81,80.31,185.04,86.68
5156,573658.956227,63.002,58,129.063,3.271,64.88,142.921,85.697,438.35,194.66,85.33,186.07,85.59
5157,573658.96016,65.425,60,125.946,5.042,60.782,146.152,86.65,434.21,197.0,79.99,190.24,86.53
5158,573658.964135,65.546,56,127.695,5.036,60.908,147.133,86.774,436.81,196.96,80.14,191.24,86.68
5159,573658.967813,63.233,60,124.764,3.825,64.215,142.582,88.159,432.71,195.39,84.45,185.69,88.12
5160,573658.976172,65.121,60,126.589,5.449,60.894,144.746,86.915,435.32,197.49,80.17,187.79,86.86
5161,573658.98857,64.56,60,126.409,5.364,60.842,141.635,86.857,434.97,197.4,80.06,184.33,86.74
5162,573658.991908,61.544,52,125.677,3.679,65.023,136.463,86.322,433.94,195.25,85.61,177.95,86.21
5163,573659.000858,65.532,68,124.618,5.649,60.263,145.497,86.83,432.55,197.79,79.31,189.34,86.71
5164,573659.003798,64.481,59,126.011,5.329,61.015,141.63,86.731,434.58,197.37,80.32,183.81,86.55
5165,573659.009008,64.406,55,125.586,5.205,61.129,141.505,87.372,433.87,197.19,80.44,184.26,87.27
5166,573659.0119,65.629,66,127.026,5.579,60.281,146.086,86.911,435.69,197.68,79.31,190.13,86.8
5167,573659.01659,63.964,53,126.564,5.318,61.37,139.816,86.733,435.25,197.27,80.9,181.86,86.52
5168,573659.019817,65.857,65,124.568,5.395,60.042,146.795,87.382,432.43,197.44,79.01,191.1,87.27
5169,573659.028447,65.489,65,127.926,5.22,60.5,145.832,87.111,436.93,197.21,79.62,189.5,86.99
5170,573659.031849,63.309,58,125.231,3.865,63.884,142.225,88.176,433.44,195.41,84.09,185.04,88.11
5171,573659.035981,65.351,69,126.261,5.364,60.098,144.102,86.836,434.6,197.43,79.03,188.12,86.69
5172,573659.040574,65.008,58,127.247,5.054,60.883,144.103,86.937,436.01,196.99,80.09,187.61,86.83
5173,573659.043876,64.05,61,124.371,4.088,62.442,142.693,89.123,432.23,195.71,82.17,185.91,89.06
5174,573659.052239,65.44,60,127.726,5.033,60.328,145.142,87.011,436.61,196.96,79.37,188.93,86.91
5175,573659.055989,63.217,60,129.209,3.284,64.482,143.098,86.123,438.58,194.67,84.8,186.43,86.04
5176,573659.059994,65.775,66,126.525,4.853,59.998,146.223,87.17,435.01,196.73,78.95,190.21,87.09
5177,573659.068627,64.041,61,125.009,3.67,63.453,144.962,88.809,432.96,195.17,83.44,189.14,88.74
5178,573659.076245,65.996,58,127.498,4.961,60.043,147.598,87.346,436.24,196.86,78.99,192.02,87.23
5179,573659.080171,63.861,57,130.633,3.601,63.501,144.142,85.422,440.32,195.23,83.26,187.3,85.36
5180,573659.089668,64.819,64,128.457,4.85,60.95,143.25,87.224,437.62,196.71,80.19,186.33,87.14
5181,573659.092433,63.398,58,126.793,4.863,62.264,139.046,87.708,435.38,196.71,81.96,181.06,87.65
5182,573659.095873,65.309,73,125.643,5.061,60.763,145.462,87.427,433.81,197.0,79.96,189.46,87.37
5183,573659.104949,64.437,58,127.016,4.95,61.611,142.779,87.231,435.78,196.84,81.08,185.7,87.15
5184,573659.108084,64.256,56,124.705,4.331,62.777,144.529,88.603,432.66,196.02,82.63,188.29,88.54
5185,573659.112505,65.122,62,127.404,5.233,61.168,145.399,87.258,436.12,197.23,80.49,189.08,87.18
5186,573659.116617,63.0,64,129.009,3.766,64.647,142.398,85.49,438.3,195.31,85.03,185.28,85.35
5187,573659.119836,65.28,55,125.447,4.93,61.214,146.383,87.713,433.73,196.83,80.56,190.35,87.6
5188,573659.128948,64.335,65,127.6,5.168,61.693,142.441,87.588,436.49,197.13,81.15,185.43,87.51
5189,573659.132179,62.214,57,126.604,4.268,64.05,137.396,87.992,435.12,195.97,84.37,178.98,87.8
5190,573659.136256,64.975,72,125.419,5.376,60.959,144.104,86.968,433.49,197.44,80.25,187.69,86.81
5191,573659.140164,64.257,59,126.038,5.069,61.839,142.378,86.927,434.52,197.0,81.38,185.22,86.85
5192,573659.143726,64.701,58,124.272,4.618,62.149,145.433,88.379,432.09,196.4,81.79,189.54,88.31
5193,573659.156767,62.734,53,127.751,3.714,64.826,141.504,86.131,436.66,195.25,85.26,184.01,85.96
5194,573659.165196,65.297,61,128.189,4.971,61.133,146.28,87.033,437.22,196.89,80.45,190.3,86.95
5195,573659.168287,63.209,58,124.96,3.74,64.475,143.041,88.263,433.02,195.26,84.84,186.29,88.19
5196,573659.171776,65.072,66,126.514,5.152,61.05,144.847,86.913,435.04,197.12,80.31,188.73,86.81
5197,573659.18039,64.415,57,127.26,4.85,61.699,142.871,86.904,436.02,196.73,81.16,186.03,86.8
5198,573659.184612,65.186,57,125.317,4.682,61.42,146.351,87.805,433.41,196.52,80.85,190.69,87.68
5199,573659.187866,65.209,65,129.023,4.932,61.336,146.276,86.909,438.29,196.84,80.7,190.3,86.83
5200,573659.192293,62.507,54,129.38,3.088,65.555,142.007,85.998,438.82,194.41,86.25,184.64,85.9
5201,573659.19623,64.964,66,126.444,4.82,61.156,144.513,86.753,434.95,196.68,80.48,187.9,86.67
5202,573659.204449,64.29,60,127.661,4.874,61.776,142.401,86.884,436.56,196.76,81.26,185.45,86.78
5203,573659.208513,63.074,58,125.75,3.747,64.317,142.031,88.299,434.0,195.26,84.61,185.11,88.24
5204,573659.212105,65.123,62,127.87,5.116,60.988,144.975,86.828,436.8,197.08,80.22,188.8,86.72
5205,573659.216856,64.062,61,127.444,4.85,62.243,142.305,86.694,436.31,196.73,81.9,185.11,86.58
5206,573659.220172,65.05,65,125.446,4.789,61.487,145.761,87.829,433.53,196.62,80.94,189.8,87.75
5207,573659.229002,65.142,67,128.782,5.027,61.248,145.702,86.955,437.97,196.97,80.58,189.36,86.93
5208,573659.24106,65.398,57,127.619,5.096,61.381,147.441,86.79,436.45,197.05,80.76,191.76,86.69
5209,573659.244079,64.003,63,123.985,4.272,63.418,144.682,88.328,431.74,196.0,83.34,188.63,88.22
5210,573659.24853,65.517,63,127.1,5.359,60.72,146.518,86.849,435.83,197.4,79.87,190.9,86.76
5211,573659.256334,63.122,58,128.798,3.852,64.397,142.441,85.115,437.94,195.42,84.71,185.49,85.04
5212,573659.259752,65.57,61,125.061,5.196,60.765,146.92,86.848,433.09,197.18,79.97,191.17,86.72
5213,573659.264234,65.2,63,128.068,5.105,61.023,145.484,86.67,437.17,197.06,80.33,188.83,86.56
5214,573659.268196,61.961,53,127.165,3.448,64.506,137.226,87.886,435.84,194.9,84.87,178.88,87.75
5215,573659.271912,65.26,67,126.004,5.31,60.269,144.01,86.504,434.34,197.35,79.28,187.74,86.37
5216,573659.281033,64.785,59,126.756,4.992,60.997,143.179,86.471,435.38,196.91,80.24,186.46,86.36
5217,573659.284533,63.865,56,124.522,3.868,63.287,143.677,88.268,432.42,195.43,83.26,187.22,88.2
5218,573659.288808,65.795,61,127.722,5.022,60.189,146.803,86.722,436.58,196.95,79.18,191.07,86.62
5219,573659.292051,62.485,56,128.378,3.307,64.845,140.364,86.101,437.26,194.74,85.3,182.3,86.07
5220,573659.29647,65.455,65,125.57,5.001,60.41,145.424,86.981,433.82,196.93,79.48,189.39,86.88
5221,573659.305022,64.429,62,127.68,4.916,60.936,141.178,86.663,436.6,196.81,80.15,183.93,86.56
5222,573659.307978,62.655,55,125.809,3.492,64.439,140.282,87.658,434.14,194.93,84.78,182.69,87.58
5223,573659.311681,64.943,65,127.105,5.168,60.497,142.843,86.7,435.65,197.15,79.59,185.89,86.56
5224,573659.315847,64.064,55,130.148,4.143,62.724,143.411,85.228,439.87,195.81,82.51,186.48,85.09
5225,573659.324386,65.527,65,128.826,5.198,60.497,146.035,86.706,438.01,197.19,79.59,189.98,86.6
5226,573659.331843,64.01,55,127.099,5.105,61.646,140.674,87.021,435.81,197.06,81.1,183.17,86.92
5227,573659.336134,65.848,71,125.627,5.51,59.838,146.243,86.922,433.86,197.6,78.72,190.57,86.82
5228,573659.344955,64.207,62,124.147,4.292,63.058,144.918,88.525,431.95,195.97,83.0,188.74,88.46
5229,573659.347679,66.086,60,126.937,5.568,59.98,147.963,86.961,435.51,197.68,78.93,192.33,86.88
5230,573659.356838,63.67,60,129.009,4.114,63.477,143.115,85.309,438.37,195.88,83.26,186.15,85.09
5231,573659.360021,66.086,60,125.198,5.249,59.956,147.908,87.362,433.37,197.26,78.88,192.5,87.23
5232,573659.364005,65.044,60,127.39,5.444,60.217,142.723,86.956,436.27,197.49,79.25,185.59,86.88
5233,573659.368177,62.248,54,126.153,3.77,63.915,137.26,85.604,434.59,195.31,84.08,178.79,85.48
5234,573659.371809,65.537,74,125.732,5.525,59.672,144.098,86.805,434.02,197.62,78.5,187.76,86.7
5235,573659.380229,65.045,61,126.868,5.239,60.429,143.229,86.811,435.57,197.24,79.52,186.29,86.69
5236,573659.383996,64.038,58,123.977,4.49,62.196,142.071,88.896,431.73,196.23,81.86,185.08,88.83
5237,573659.388047,65.76,64,127.482,5.264,59.616,145.208,87.104,436.29,197.27,78.43,189.07,87.0
5238,573659.391936,63.562,60,128.408,3.736,63.493,142.608,85.82,437.56,195.28,83.49,185.52,85.67
5239,573659.395883,66.006,61,125.173,5.069,59.771,146.985,87.392,433.19,197.01,78.64,191.47,87.27
5240,573659.399684,65.851,62,127.886,5.019,59.863,146.322,87.325,436.99,196.95,78.8,189.84,87.18
5241,573659.413057,65.559,63,126.361,5.171,59.746,144.4,87.215,434.6,197.16,78.6,188.05,87.01
5242,573659.420981,65.844,58,124.597,4.695,60.29,147.33,88.446,432.43,196.52,79.39,191.69,88.32
5243,573659.423859,65.89,67,128.112,5.071,59.948,146.755,87.406,437.08,197.01,78.87,190.93,87.31
5244,573659.432323,63.301,59,128.254,3.516,64.048,142.552,86.46,437.36,194.95,84.25,185.43,86.41
5245,573659.435874,65.719,68,125.232,5.123,59.967,145.831,87.436,433.26,197.08,78.92,189.95,87.38
5246,573659.440243,65.668,63,127.526,5.048,60.472,146.766,87.536,436.34,196.98,79.57,190.92,87.44
5247,573659.443994,63.53,64,124.368,3.868,63.709,142.935,89.094,432.24,195.42,83.84,186.2,89.03
5248,573659.448019,65.554,60,126.423,5.392,60.104,145.237,87.789,435.03,197.42,79.13,188.59,87.71
5249,573659.451933,63.76,58,129.438,4.007,63.386,143.365,85.414,438.79,195.64,83.35,186.58,85.31
5250,573659.460097,65.843,49,125.322,4.994,60.628,148.146,88.255,433.48,196.91,79.77,193.0,88.18
5251,573659.464078,65.454,60,127.581,5.388,60.556,145.77,87.451,436.43,197.43,79.65,190.1,87.4
5252,573659.46782,63.324,53,128.075,3.784,64.413,143.476,86.332,437.07,195.32,84.73,186.87,86.23
5253,573659.471873,65.862,66,124.539,5.557,60.027,146.792,87.651,432.45,197.65,78.98,191.32,87.56
5254,573659.475898,64.606,58,126.246,5.47,60.978,142.192,87.412,434.98,197.53,80.25,184.96,87.4
5255,573659.484123,63.134,65,124.395,4.055,64.031,141.692,88.869,432.31,195.66,84.28,184.37,88.76
5256,573659.496528,65.629,59,124.463,5.215,60.401,146.378,88.155,432.3,197.21,79.48,190.86,88.04
5257,573659.500487,65.531,64,128.214,5.229,60.543,146.169,87.339,437.32,197.23,79.71,189.94,87.31
5258,573659.508311,63.055,57,125.303,3.83,64.402,142.123,88.4,433.47,195.37,84.74,185.08,88.32
5259,573659.512824,65.758,63,126.244,5.385,60.159,146.516,87.471,434.61,197.44,79.12,191.18,87.34
5260,573659.515683,64.544,59,126.811,4.952,61.324,142.675,87.244,435.56,196.85,80.73,185.31,87.15
5261,573659.520323,63.648,61,124.813,3.749,63.394,142.818,89.099,432.82,195.26,83.41,186.05,89.04
5262,573659.524517,65.752,62,127.936,4.996,60.359,146.971,87.416,436.92,196.9,79.42,191.02,87.35
5263,573659.527791,63.354,56,129.773,3.48,64.088,142.902,85.623,439.26,194.93,84.28,186.04,85.51
5264,573659.536941,65.782,60,125.874,4.781,60.453,147.375,87.493,434.2,196.63,79.54,191.92,87.4
5265,573659.540378,64.433,61,127.636,4.797,61.213,141.839,87.211,436.54,196.65,80.52,184.77,87.11
5266,573659.543988,62.528,54,125.597,3.375,64.913,140.713,88.222,433.83,194.83,85.33,183.33,88.22
5267,573659.548013,64.85,66,126.908,5.016,60.877,143.244,87.485,435.59,196.93,80.1,186.44,87.4
5268,573659.552165,65.078,56,127.925,4.871,61.602,146.192,87.473,436.81,196.75,81.06,190.04,87.39
5269,573659.560599,65.106,59,124.702,4.508,61.562,146.248,88.684,432.55,196.26,81.05,190.28,88.65
5270,573659.563838,65.399,67,128.199,5.026,60.981,146.482,87.342,437.19,196.95,80.23,190.58,87.25
5271,573659.567939,62.802,54,128.117,3.503,65.133,142.502,86.411,437.14,194.95,85.68,185.49,86.33
5272,573659.576777,65.246,57,127.611,4.937,61.45,146.756,86.923,436.74,196.75,81.04,190.48,86.72
5273,573659.584124,63.678,57,124.215,4.171,63.604,143.442,88.596,432.06,195.82,83.68,186.98,88.53
5274,573659.588363,65.402,61,126.901,5.37,60.731,145.9,87.347,435.58,197.4,79.92,189.73,87.25
5275,573659.596737,65.419,63,124.114,5.091,61.058,146.778,87.893,431.92,197.04,80.34,191.23,87.79
5276,573659.599827,65.211,68,127.779,5.222,61.131,145.802,87.154,436.65,197.21,80.43,189.74,87.05
5277,573659.604692,63.333,59,126.053,4.752,62.866,140.074,87.273,434.45,196.59,82.72,182.44,87.18
5278,573659.612812,65.384,74,125.016,5.348,60.611,145.509,87.151,433.03,197.38,79.75,189.48,87.04
5279,573659.615951,64.663,61,126.834,5.072,61.337,143.333,87.066,435.55,197.02,80.67,186.94,87.0
5280,573659.62018,63.526,61,124.362,3.896,63.84,143.205,88.672,432.15,195.52,83.84,186.64,88.67
5281,573659.62419,65.365,61,127.226,5.134,60.716,145.661,87.111,435.97,197.1,79.87,189.72,87.01
5282,573659.62813,64.076,61,127.069,4.896,61.972,141.752,86.881,435.82,196.77,81.55,184.4,86.8
5283,573659.636852,65.402,73,124.949,4.892,60.915,146.342,87.605,432.97,196.78,80.15,190.68,87.52
5284,573659.640318,64.467,64,127.943,4.829,61.286,142.185,87.035,436.93,196.69,80.61,185.2,86.93
5285,573659.644221,61.148,57,127.557,3.087,65.71,136.17,87.349,436.4,194.42,86.41,177.3,87.3
5286,573659.648604,64.637,72,126.887,4.936,61.149,142.755,86.823,435.59,196.84,80.47,185.69,86.71
5287,573659.651905,64.253,61,127.608,4.762,61.793,142.251,86.858,436.62,196.58,81.34,184.67,86.81
5288,573659.664554,65.408,67,128.999,4.914,60.941,146.441,86.981,438.33,196.8,80.19,190.3,86.91
5289,573659.672754,65.414,70,125.593,4.992,60.874,146.312,87.292,433.76,196.91,80.1,190.48,87.18
5290,573659.676159,65.364,62,128.529,4.838,61.364,147.206,87.003,437.68,196.7,80.74,191.5,86.87
5291,573659.680046,63.198,58,125.098,3.599,64.599,143.265,88.341,433.14,195.1,84.94,186.61,88.31
5292,573659.688156,64.59,63,126.331,5.237,61.11,142.418,87.037,434.83,197.23,80.41,185.39,86.94
5293,573659.692251,63.915,56,127.238,5.054,62.01,141.024,86.556,436.1,196.99,81.61,183.29,86.43
5294,573659.696719,64.519,55,125.862,4.953,61.385,142.684,87.513,434.38,196.86,80.79,185.31,87.39
5295,573659.70016,64.505,64,127.201,5.244,61.16,142.089,86.567,435.99,197.25,80.47,184.9,86.45
5296,573659.704392,63.328,57,126.114,4.983,62.604,139.466,86.921,434.52,196.89,82.42,181.37,86.8
5297,573659.713293,65.44,68,124.781,5.455,60.403,145.322,86.936,432.78,197.52,79.47,189.37,86.83
5298,573659.71562,64.266,57,126.159,5.326,61.103,140.725,86.595,434.39,197.37,80.45,182.45,86.5
5299,573659.720585,62.979,61,124.602,3.971,64.273,141.471,88.023,432.57,195.69,84.23,184.5,87.92
5300,573659.723631,65.322,59,126.638,5.492,60.376,144.606,86.663,435.29,197.56,79.45,188.04,86.59
5301,573659.728386,64.036,57,126.959,5.148,61.416,140.283,86.222,435.81,197.11,80.84,182.45,86.03
5302,573659.737008,65.673,60,124.179,5.11,60.354,146.509,87.67,432.14,197.09,79.45,190.13,87.51
5303,573659.748968,65.963,68,125.551,5.465,59.41,145.852,86.66,433.63,197.55,78.19,189.71,86.54
5304,573659.752062,64.861,62,126.916,5.058,60.482,142.374,86.722,435.59,197.0,79.56,185.43,86.62
5305,573659.756603,64.843,53,124.42,4.665,60.967,143.416,88.64,432.38,196.46,80.21,187.09,88.53
5306,573659.764555,66.258,60,128.156,5.086,59.36,147.437,86.959,437.23,197.04,78.12,191.56,86.84
5307,573659.768065,63.481,60,129.06,3.607,63.3,141.773,85.844,438.39,195.19,83.06,184.43,85.68
5308,573659.771928,66.052,68,125.474,4.916,59.497,146.576,87.491,433.67,196.82,78.31,190.56,87.39
5309,573659.776105,65.979,62,128.734,4.914,59.778,146.846,87.208,438.01,196.82,78.68,190.39,87.14
5310,573659.780164,63.925,62,125.328,3.707,63.089,143.531,88.489,433.41,195.22,83.0,186.97,88.48
5311,573659.788952,65.45,65,126.884,5.136,59.732,143.766,87.087,435.37,197.08,78.54,187.03,86.92
5312,573659.792061,64.516,55,127.165,4.957,60.83,141.379,87.204,436.09,196.87,80.08,183.44,87.06
5313,573659.795903,65.409,55,124.897,4.546,60.653,145.753,88.721,432.8,196.27,79.9,189.95,88.66
5314,573659.7998,65.847,65,128.35,5.112,59.742,146.008,87.251,437.44,197.07,78.58,190.15,87.16
5315,573659.804023,64.07,55,126.938,5.005,61.304,140.195,87.504,435.59,196.92,80.65,182.54,87.42
5316,573659.812062,65.893,73,125.292,5.284,59.601,145.925,87.572,433.38,197.3,78.43,189.99,87.49
5317,573659.815895,65.951,63,127.917,5.169,60.184,147.685,87.373,436.89,197.13,79.21,192.1,87.24
5318,573659.819757,63.764,61,124.751,3.991,63.416,143.451,88.818,432.67,195.58,83.42,187.06,88.76
5319,573659.824219,65.427,63,126.117,5.478,59.968,144.206,87.408,434.41,197.55,78.91,187.5,87.3
5320,573659.832178,65.747,60,124.092,5.171,60.521,147.336,88.47,431.6,197.15,79.65,192.07,88.35
5321,573659.840215,65.7,67,127.554,5.532,60.1,146.043,87.586,436.36,197.62,79.07,190.05,87.49
5322,573659.84428,63.553,54,124.333,4.31,63.643,142.901,88.599,432.21,196.0,83.75,186.1,88.52
5323,573659.853016,64.63,57,126.006,5.38,60.956,142.265,87.445,434.41,197.42,80.19,185.35,87.35
5324,573659.855916,63.546,62,124.056,4.133,63.5,142.543,88.96,431.76,195.77,83.58,185.48,88.9
5325,573659.864402,65.686,61,126.26,5.556,59.978,145.672,87.541,434.69,197.66,78.96,189.2,87.45
5326,573659.868212,63.43,63,128.148,4.169,63.607,142.207,86.166,437.27,195.88,83.56,185.15,85.96
5327,573659.871473,65.713,60,124.715,5.344,60.045,145.987,87.834,432.72,197.37,79.05,189.73,87.76
5328,573659.876013,64.758,65,127.104,5.278,60.777,142.522,87.364,435.78,197.29,79.99,185.26,87.29
5329,573659.879953,61.833,56,126.224,3.684,64.526,136.694,88.089,434.68,195.18,84.89,178.05,88.01
5330,573659.888452,65.235,70,125.648,5.248,60.06,143.376,87.509,433.91,197.24,79.01,186.8,87.41
5331,573659.892104,64.86,58,126.597,5.005,60.914,143.383,87.421,435.29,196.92,80.19,186.19,87.33
5332,573659.89666,64.329,61,124.551,4.089,62.332,143.889,89.21,432.46,195.71,82.02,187.49,89.15
5333,573659.900109,65.686,66,128.08,5.047,60.232,146.288,87.617,437.04,196.98,79.24,190.38,87.52
5334,573659.904217,62.463,56,128.383,3.405,64.798,140.157,87.01,437.4,194.83,85.25,182.33,86.92
5335,573659.908168,65.718,61,125.302,4.838,60.432,146.957,87.935,433.46,196.7,79.51,191.43,87.85
5336,573659.920899,63.499,58,124.54,3.457,64.316,144.136,89.217,432.57,194.87,84.7,187.21,89.16
5337,573659.923914,64.978,63,126.89,4.919,60.931,144.059,87.867,435.36,196.78,80.22,186.6,87.71
5338,573659.928303,64.201,56,126.901,4.82,61.84,142.092,87.498,435.5,196.7,81.35,184.85,87.44
5339,573659.93243,64.984,61,124.586,4.866,61.627,145.737,87.941,432.4,196.76,81.13,189.77,87.77
5340,573659.940815,65.072,69,128.307,4.985,61.261,145.349,87.426,437.25,196.9,80.57,189.37,87.34
5341,573659.943815,62.441,55,128.266,3.209,65.819,142.26,86.397,437.37,194.59,86.53,185.22,86.26
5342,573659.948303,65.09,66,125.311,4.993,61.338,145.628,87.321,433.37,196.92,80.71,189.66,87.19
5343,573659.952529,64.255,58,126.604,5.067,61.912,142.534,87.443,435.19,197.01,81.45,185.69,87.35
5344,573659.955628,63.28,59,124.046,4.011,64.158,142.69,88.972,431.83,195.6,84.43,185.91,88.9
5345,573659.960749,65.182,59,126.37,5.415,61.215,145.844,87.271,434.91,197.45,80.55,189.7,87.2
5346,573659.968874,62.979,62,128.03,3.896,64.713,142.441,85.858,437.0,195.48,85.12,185.61,85.77
5347,573659.972222,65.796,59,123.64,5.05,61.353,149.644,88.12,431.15,196.97,80.78,194.82,88.08
5348,573659.975575,65.194,63,126.996,5.337,61.246,145.978,87.398,435.64,197.36,80.58,189.98,87.3
5349,573659.980279,62.941,55,123.939,4.05,64.815,142.48,88.352,431.78,195.66,85.32,185.39,88.25
5350,573659.983937,65.303,72,124.353,5.569,60.988,145.969,87.035,432.13,197.68,80.29,189.7,86.91
5351,573659.992248,65.386,58,126.313,5.188,61.316,147.215,87.077,434.8,197.16,80.66,191.81,86.96
5352,573660.004862,62.868,61,127.801,3.673,64.855,142.214,86.024,436.73,195.15,85.38,185.21,85.88
5353,573660.009394,65.477,60,124.826,5.095,60.869,146.651,87.27,432.72,197.05,80.13,190.64,87.16
5354,573660.017133,65.172,63,127.696,4.985,61.313,146.017,87.185,436.71,196.88,80.7,189.88,87.08
5355,573660.019969,63.009,56,124.848,3.573,64.591,142.317,88.488,432.75,195.09,84.8,185.8,88.43
5356,573660.02408,65.295,64,126.045,5.094,60.663,145.147,86.932,434.34,197.04,79.85,188.54,86.83
5357,573660.028062,64.273,62,127.081,4.803,61.704,142.145,87.031,435.8,196.67,81.22,184.66,86.93
5358,573660.031947,65.154,60,125.097,4.676,61.482,146.325,87.692,432.97,196.58,81.11,190.21,87.48
5359,573660.03592,65.303,66,128.906,4.842,60.89,145.734,86.975,438.12,196.71,80.1,189.6,86.87
5360,573660.044798,62.538,57,128.455,3.44,64.842,140.606,86.38,437.49,194.88,85.32,182.66,86.26
5361,573660.047732,65.425,65,125.784,4.831,60.742,146.058,87.398,434.08,196.7,79.92,190.25,87.3
5362,573660.05191,65.385,63,128.859,4.756,61.245,147.04,87.03,438.06,196.6,80.58,191.21,86.93
5363,573660.056033,63.406,61,125.373,3.545,64.469,144.013,88.461,433.47,195.07,84.64,187.71,88.44
5364,573660.060048,65.362,62,127.647,5.063,60.98,146.279,87.191,436.51,197.0,80.21,190.53,87.09
5365,573660.068351,64.009,60,127.545,4.893,62.189,141.91,86.786,436.49,196.77,81.86,184.38,86.69
5366,573660.072082,65.019,58,125.844,4.747,61.577,145.806,87.998,434.15,196.58,81.01,190.0,87.92
5367,573660.076161,65.267,64,128.613,5.124,61.296,146.507,87.004,437.75,197.08,80.64,190.55,86.9
5368,573660.080034,62.724,59,128.611,3.541,65.317,142.526,85.926,437.77,195.01,85.91,185.6,85.82
5369,573660.092411,65.111,53,127.561,5.227,61.526,146.188,86.634,436.51,197.23,80.92,190.71,86.55
5370,573660.095937,63.634,60,123.563,4.063,64.282,144.747,88.753,431.11,195.68,84.59,188.48,88.7
5371,573660.100285,65.553,52,126.312,5.487,60.99,147.375,86.942,434.79,197.56,80.24,191.92,86.83
5372,573660.10875,65.46,56,124.493,5.27,60.872,146.561,87.478,432.32,197.27,80.11,190.86,87.37
5373,573660.11198,65.335,66,128.117,5.374,60.772,145.626,86.75,437.09,197.42,79.95,189.5,86.64
5374,573660.120178,62.715,57,125.623,3.869,64.859,141.487,87.454,433.98,195.44,85.29,183.89,87.44
5375,573660.123977,65.155,68,125.702,5.496,60.476,143.933,86.449,433.98,197.58,79.56,187.52,86.34
5376,573660.128499,65.427,55,127.513,5.158,60.845,146.312,86.744,436.59,197.14,80.06,190.3,86.6
5377,573660.132037,63.946,64,124.42,3.95,63.162,143.807,88.367,432.28,195.53,83.1,187.38,88.29
5378,573660.136333,65.831,61,127.566,5.218,60.147,146.906,86.856,436.43,197.22,79.14,191.22,86.77
5379,573660.144803,63.002,67,128.784,3.48,64.248,141.531,85.603,437.97,194.93,84.51,184.24,85.49
5380,573660.148386,65.319,60,126.414,4.883,60.279,144.357,87.077,434.91,196.77,79.3,188.02,86.98
5381,573660.151955,64.601,62,128.008,4.778,60.777,141.699,86.654,437.12,196.62,80.03,183.78,86.53
5382,573660.156317,63.253,56,126.112,3.524,63.905,141.993,87.919,434.46,195.01,84.01,184.9,87.88
5383,573660.160058,65.197,67,127.452,4.962,60.161,143.409,86.804,436.19,196.87,79.15,186.64,86.68
5384,573660.168872,64.721,57,127.57,4.782,60.937,142.701,86.765,436.59,196.63,80.21,185.2,86.65
5385,573660.180789,63.015,54,129.492,3.159,64.796,142.797,85.825,438.96,194.43,85.47,185.48,85.56
5386,573660.183967,65.421,56,126.399,5.001,60.619,145.735,86.546,434.99,196.93,79.83,189.01,86.44
5387,573660.188413,65.532,59,127.992,5.008,60.775,146.733,86.868,437.11,196.89,79.99,191.22,86.67
5388,573660.196323,63.706,61,124.683,4.005,63.585,143.541,88.673,432.58,195.61,83.63,187.21,88.6
5389,573660.200971,65.443,62,126.304,5.522,60.276,145.036,86.986,434.77,197.61,79.29,188.94,86.89
5390,573660.203632,63.965,60,127.612,5.272,61.5,140.116,86.299,436.44,197.28,80.89,182.6,86.21
5391,573660.208345,65.183,62,125.094,5.327,60.533,144.223,87.541,433.1,197.36,79.65,187.91,87.45
5392,573660.21171,65.642,68,127.704,5.481,60.332,146.282,86.904,436.69,197.55,79.41,189.95,86.8
5393,573660.22068,62.962,52,128.079,3.83,64.547,141.994,86.028,437.06,195.39,84.94,184.41,85.89
5394,573660.223838,65.905,71,124.442,5.798,59.688,146.201,87.138,432.35,197.95,78.57,190.1,87.05
5395,573660.227648,65.037,60,126.309,5.596,60.473,143.289,86.912,434.84,197.71,79.58,186.4,86.79
5396,573660.232148,63.442,57,124.029,4.336,63.281,141.534,88.371,431.77,196.06,83.26,184.29,88.34
5397,573660.235939,65.846,61,126.841,5.655,59.982,146.583,86.854,435.45,197.78,78.91,190.84,86.75
5398,573660.245156,63.207,67,127.828,3.873,63.926,141.816,85.905,436.71,195.45,84.09,184.63,85.81
5399,573660.247656,65.77,62,124.832,5.25,59.985,146.16,87.48,432.79,197.26,78.92,190.59,87.37
5400,573660.251962,65.096,63,127.37,5.312,60.16,142.866,87.107,436.29,197.33,79.19,185.88,87.05
5401,573660.260565,66.116,66,126.044,5.394,59.295,146.448,86.775,434.34,197.44,78.02,190.59,86.65
5402,573660.265177,64.826,58,127.011,4.923,60.676,142.644,86.958,435.71,196.82,79.82,185.79,86.86
5403,573660.272439,65.368,59,124.992,4.555,60.441,145.018,88.538,433.02,196.32,79.54,188.96,88.47
5404,573660.276232,65.878,63,128.39,4.954,59.625,145.898,87.16,437.45,196.86,78.44,189.84,87.06
5405,573660.279587,62.866,60,128.698,3.376,63.891,140.088,86.631,437.83,194.79,84.05,182.27,86.53
5406,573660.284019,65.931,66,125.71,4.824,59.504,145.903,87.577,434.03,196.68,78.3,189.88,87.5
5407,573660.28835,65.888,61,128.695,4.68,60.115,147.154,87.254,438.09,196.45,79.18,190.86,87.08
5408,573660.296517,64.864,54,125.21,4.176,61.865,145.647,88.519,433.17,195.79,81.5,189.68,88.45
5409,573660.299886,65.281,71,127.236,5.003,59.978,143.428,87.416,435.76,196.91,78.91,186.47,87.25
5410,573660.304377,64.491,57,127.062,4.747,61.24,142.202,87.341,435.87,196.58,80.62,184.71,87.26
5411,573660.307679,65.172,55,124.492,4.549,60.999,145.274,88.956,432.38,196.31,80.27,189.29,88.89
5412,573660.311882,65.51,65,127.986,5.05,60.336,145.553,87.578,436.93,196.98,79.38,189.4,87.48
5413,573660.320874,63.169,56,128.37,3.688,64.339,142.546,86.531,437.48,195.17,84.67,185.46,86.36
5414,573660.324328,65.563,66,125.034,5.277,60.488,146.213,87.523,433.02,197.29,79.63,190.08,87.41
5415,573660.328385,64.35,60,126.958,5.219,61.22,141.425,87.774,435.63,197.21,80.54,184.24,87.68
5416,573660.331742,62.91,58,124.594,3.97,64.456,141.542,88.787,432.55,195.55,84.81,184.37,88.72
5417,573660.336186,65.198,60,125.899,5.54,60.612,144.495,87.458,434.18,197.63,79.77,187.91,87.37
5418,573660.349082,65.602,66,123.614,5.422,60.833,147.269,88.241,431.14,197.48,80.06,191.86,88.16
5419,573660.351926,65.434,65,127.232,5.591,60.756,146.14,87.609,435.96,197.71,79.98,190.13,87.54
5420,573660.361124,65.492,70,124.329,5.787,60.459,145.748,87.326,432.18,197.96,79.54,189.98,87.23
5421,573660.364575,64.632,58,125.852,5.532,61.207,142.867,87.383,434.21,197.62,80.53,186.11,87.28
5422,573660.372884,63.573,62,123.655,4.321,63.629,142.967,88.99,431.31,196.02,83.72,186.3,88.92
5423,573660.376316,65.381,59,126.456,5.578,60.694,145.696,87.335,435.05,197.68,79.82,190.09,87.25
5424,573660.380144,62.802,64,127.81,3.796,64.79,141.754,86.199,436.67,195.33,85.27,184.59,86.13
5425,573660.383653,65.484,61,124.757,5.238,60.622,146.097,87.578,432.6,197.24,79.78,190.17,87.47
5426,573660.388559,65.479,62,128.164,5.171,60.847,146.611,87.406,437.43,197.17,80.16,190.17,87.3
5427,573660.396794,63.192,56,125.123,3.738,64.376,142.738,88.512,433.17,195.28,84.66,185.88,88.48
5428,573660.399725,64.974,70,126.448,5.119,60.646,143.364,87.176,434.79,197.08,79.77,186.72,87.01
5429,573660.404465,64.303,60,127.261,4.78,61.617,142.101,87.192,436.09,196.63,81.09,184.78,87.08
5430,573660.407423,63.517,57,124.833,3.704,63.196,141.717,89.34,432.83,195.2,83.17,184.47,89.29
5431,573660.412383,64.958,62,128.09,4.651,60.953,144.002,87.283,437.09,196.46,80.22,187.04,87.23
5432,573660.416205,61.726,59,127.822,3.064,64.874,136.956,88.636,436.77,194.45,85.36,178.4,88.28
5433,573660.424371,65.518,61,126.118,4.59,60.528,146.059,87.602,434.53,196.38,79.64,190.21,87.51
5434,573660.437098,64.685,61,127.059,4.747,60.969,142.585,86.875,435.59,196.56,80.19,184.99,86.69
5435,573660.439879,63.713,62,127.472,4.411,62.576,141.297,87.016,436.31,196.15,82.31,184.01,86.92
5436,573660.448901,64.98,58,125.459,4.474,61.506,145.427,88.267,433.65,196.22,80.92,189.5,88.19
5437,573660.451987,64.242,63,127.284,4.828,61.564,141.664,87.172,436.07,196.69,80.98,184.55,87.08
5438,573660.455756,62.628,57,124.903,3.6,65.212,141.838,88.385,432.96,195.14,85.66,184.67,88.32
5439,573660.460473,65.3,68,124.798,5.299,61.017,146.021,87.328,432.8,197.32,80.27,190.32,87.23
5440,573660.46425,64.186,59,126.208,5.232,61.847,142.029,86.997,434.68,197.23,81.36,185.03,86.9
5441,573660.46812,62.994,57,124.119,4.149,64.532,142.117,88.532,431.99,195.81,84.91,185.01,88.43
5442,573660.475876,64.737,62,125.966,5.632,61.402,143.876,87.092,434.38,197.75,80.81,187.18,86.98
5443,573660.47984,62.805,63,127.339,3.932,65.105,142.457,85.74,436.2,195.53,85.7,184.98,85.61
5444,573660.483756,64.945,59,124.627,5.455,61.311,144.774,87.19,432.58,197.52,80.67,188.64,87.09
5445,573660.488061,65.291,64,126.782,5.682,61.058,146.067,87.113,435.37,197.82,80.34,190.08,87.01
5446,573660.492156,62.647,50,127.032,3.951,65.146,141.786,86.201,435.73,195.55,85.69,184.7,86.09
5447,573660.500408,65.252,67,124.576,5.974,60.567,144.68,86.711,432.48,198.2,79.66,188.54,86.58
5448,573660.504466,64.691,60,126.053,5.541,61.263,143.304,86.857,434.51,197.64,80.62,186.42,86.74
5449,573660.508126,64.072,57,123.109,4.875,62.493,142.927,89.005,430.71,196.71,82.32,186.15,88.89
5450,573660.516561,64.207,58,126.431,5.221,61.822,142.082,86.88,434.93,197.2,81.36,185.0,86.78
5451,573660.523591,65.789,70,125.12,5.486,60.042,146.411,87.145,433.2,197.56,78.99,190.79,87.04
5452,573660.528339,65.598,64,128.673,5.2,60.58,146.632,86.892,437.81,197.19,79.7,190.73,86.79
5453,573660.536724,65.051,63,127.133,5.282,60.104,142.491,86.91,435.8,197.31,79.08,185.19,86.83
5454,573660.540403,64.76,65,128.015,4.968,61.046,143.163,86.813,437.06,196.87,80.32,186.15,86.73
5455,573660.543793,65.449,58,126.294,4.6,60.76,146.23,88.044,434.72,196.38,79.94,190.53,87.97
5456,573660.552902,65.665,63,129.76,4.871,60.418,146.62,86.842,439.24,196.76,79.47,190.8,86.75
5457,573660.556354,63.362,56,130.338,3.09,64.53,143.93,85.836,440.08,194.43,84.85,187.19,85.7
5458,573660.559504,65.729,64,127.097,4.799,60.405,146.95,86.813,435.66,196.66,79.5,190.95,86.69
5459,573660.564574,65.562,58,129.201,4.694,60.757,146.861,87.052,438.57,196.54,79.82,191.5,86.95
5460,573660.567812,63.269,55,126.349,3.502,63.982,142.242,88.25,434.83,194.94,84.18,185.2,88.17
5461,573660.57676,65.38,58,127.673,5.05,60.477,145.168,86.977,436.61,196.99,79.58,188.73,86.86
5462,573660.58035,64.284,60,127.452,4.741,61.669,142.126,87.059,436.28,196.58,81.12,185.07,86.96
5463,573660.584061,65.42,60,125.282,4.696,60.736,146.013,88.109,433.41,196.51,79.91,190.29,88.03
5464,573660.587842,65.381,66,128.63,4.912,60.799,145.949,87.006,437.74,196.81,79.98,189.88,86.91
5465,573660.59194,62.891,52,128.783,3.372,64.937,142.507,86.072,438.05,194.78,85.43,185.32,85.96
5466,573660.6051,64.761,56,129.62,3.777,63.238,148.31,85.526,439.06,195.29,83.26,192.97,85.39
5467,573660.607718,63.44,44,123.798,3.787,64.321,143.854,88.802,431.38,195.3,84.65,187.56,88.8
5468,573660.612496,65.195,59,125.921,5.459,60.406,143.983,87.16,434.29,197.53,79.47,187.59,87.06
5469,573660.616051,62.972,61,127.191,4.213,64.155,141.179,85.895,435.97,196.0,84.17,183.74,85.75
5470,573660.620375,65.668,61,123.572,5.416,60.674,147.26,87.844,431.09,197.46,79.89,191.32,87.73
5471,573660.629214,64.804,60,125.929,5.528,60.823,142.874,87.345,434.31,197.61,80.02,186.17,87.25
5472,573660.631774,63.046,58,123.737,4.196,64.43,142.143,88.329,431.44,195.85,84.79,185.17,88.25
5473,573660.636271,65.156,65,124.657,5.723,60.469,143.921,87.267,432.63,197.87,79.56,187.55,87.17
5474,573660.640219,64.809,59,125.617,5.467,60.81,142.87,87.206,434.13,197.55,80.05,185.3,87.04
5475,573660.644372,65.139,61,123.775,5.063,61.196,145.558,88.457,431.45,196.99,80.53,189.72,88.39
5476,573660.653025,65.533,66,127.163,5.461,60.535,146.159,87.088,435.85,197.53,79.65,190.23,86.99
5477,573660.657389,63.281,62,128.283,3.672,64.572,143.614,86.154,437.33,195.18,84.93,187.01,86.05
5478,573660.65982,65.625,69,125.169,5.282,60.421,146.401,87.164,433.22,197.29,79.51,190.57,87.04
5479,573660.664714,65.462,64,127.767,5.205,60.785,146.365,87.461,436.65,197.19,79.98,190.41,87.36
5480,573660.667704,64.188,59,124.303,4.266,62.912,144.487,88.875,432.13,195.94,82.79,188.26,88.81
5481,573660.677078,65.71,63,127.254,5.289,60.153,146.232,87.384,436.03,197.29,79.12,190.39,87.31
5482,573660.688925,65.389,64,129.164,4.922,60.789,145.966,87.293,438.53,196.81,79.99,189.61,87.21
5483,573660.692202,61.886,52,128.237,3.334,64.821,137.555,88.148,437.25,194.76,85.33,179.15,87.98
5484,573660.695791,65.725,70,126.16,4.938,60.133,146.266,87.454,434.47,196.84,79.12,190.3,87.35
5485,573660.704925,65.464,63,128.773,4.709,60.925,146.714,87.287,437.96,196.56,80.15,190.89,87.23
5486,573660.707962,64.202,61,125.351,3.885,63.06,144.899,88.821,433.49,195.44,82.98,188.76,88.75
5487,573660.712307,65.372,62,128.164,4.902,60.65,145.541,87.385,437.17,196.79,79.78,189.46,87.29
5488,573660.715817,63.387,56,130.052,3.474,64.315,143.572,85.849,439.68,194.92,84.63,186.57,85.72
5489,573660.719857,66.099,54,125.743,4.706,60.836,150.151,87.758,434.01,196.53,80.04,195.59,87.68
5490,573660.72863,65.156,65,128.792,4.86,61.405,146.15,87.254,437.96,196.74,80.78,190.12,87.16
5491,573660.731971,63.122,51,125.302,3.628,64.758,143.242,88.389,433.45,195.11,85.2,186.57,88.32
5492,573660.736155,65.478,65,126.068,5.214,60.704,146.26,87.216,434.34,197.19,79.86,190.45,87.1
5493,573660.739941,65.228,57,127.598,5.012,61.519,146.824,87.128,436.42,196.94,80.94,191.01,87.03
5494,573660.744137,64.032,60,124.064,4.162,63.352,144.682,88.779,431.82,195.81,83.36,188.54,88.71
5495,573660.752963,65.578,66,127.286,5.287,60.895,147.284,87.228,436.01,197.3,80.12,191.7,87.13
5496,573660.756299,62.624,62,127.846,3.571,65.303,142.016,85.839,436.74,195.05,85.9,184.91,85.74
5497,573660.759774,65.247,59,124.819,5.151,61.143,146.028,87.209,432.95,197.14,80.49,189.42,87.01
5498,573660.764236,65.404,61,127.062,5.24,61.061,146.704,87.236,435.68,197.25,80.33,190.78,87.17
5499,573660.773072,64.847,64,125.277,5.619,60.796,143.04,86.885,433.24,197.75,80.04,185.79,86.78
5500,573660.779817,64.316,61,125.877,5.354,61.585,142.093,86.878,434.23,197.39,81.02,185.1,86.78
5501,573660.784778,63.821,59,123.757,4.368,63.134,143.105,88.628,431.44,196.08,83.07,186.49,88.56
5502,573660.793122,62.997,54,123.771,3.751,65.046,143.26,88.541,431.56,195.25,85.64,186.53,88.42
5503,573660.795955,65.543,69,124.345,5.384,60.617,146.416,87.198,432.15,197.43,79.77,190.67,87.08
5504,573660.804493,65.44,61,127.803,5.075,60.944,146.625,86.779,436.86,197.02,80.23,190.26,86.64
5505,573660.80807,63.834,63,124.487,4.153,63.425,143.832,88.387,432.38,195.84,83.33,187.52,88.3
5506,573660.811928,65.554,62,127.26,5.362,60.229,145.54,87.051,436.06,197.39,79.26,189.26,86.95
5507,573660.815888,63.93,61,130.23,4.092,62.998,143.351,84.871,439.83,195.75,82.85,186.54,84.75
5508,573660.819679,65.637,55,126.336,4.908,60.588,146.876,87.547,434.8,196.8,79.72,191.27,87.46
5509,573660.828157,65.579,65,129.251,5.013,60.521,146.383,86.837,438.56,196.94,79.62,190.39,86.73
5510,573660.832266,63.601,58,127.332,4.634,62.223,139.944,87.101,436.12,196.44,81.87,182.21,87.0
5511,573660.836411,65.692,72,126.222,5.134,60.057,145.896,86.881,434.64,197.1,79.0,190.09,86.78
5512,573660.840137,64.456,60,127.789,4.878,61.075,141.635,86.939,436.53,196.77,80.39,183.79,86.83
5513,573660.843823,63.279,61,125.816,3.633,63.823,141.939,88.497,434.13,195.08,84.07,184.77,88.44
5514,573660.848083,65.578,60,128.023,5.017,60.314,145.879,86.932,437.19,196.91,79.34,189.35,86.88
5515,573660.861234,65.903,66,125.615,4.897,60.322,147.744,87.669,433.84,196.78,79.36,192.53,87.58
5516,573660.869121,63.305,56,124.039,3.535,64.664,143.942,89.094,431.85,194.99,85.11,187.21,89.04
5517,573660.872006,65.435,65,125.323,5.19,60.674,145.945,87.271,433.48,197.17,79.83,190.15,87.18
5518,573660.880898,64.571,61,127.214,5.077,61.36,142.9,86.981,436.08,197.01,80.81,185.11,86.84
5519,573660.884351,63.45,59,124.812,3.928,63.641,142.381,88.561,432.88,195.5,83.77,185.29,88.48
5520,573660.887704,65.601,66,127.588,5.356,60.55,146.577,86.968,436.48,197.38,79.68,190.5,86.89
5521,573660.892309,62.705,59,127.779,3.702,64.867,141.455,85.952,436.67,195.22,85.33,184.18,85.85
5522,573660.896207,65.335,62,124.852,5.248,60.682,145.41,87.16,432.88,197.25,79.84,189.45,87.06
5523,573660.90022,65.433,61,127.441,5.342,60.677,145.943,87.105,436.3,197.38,79.85,189.69,86.98
5524,573660.908227,63.191,59,124.381,4.181,64.157,142.25,88.164,432.23,195.83,84.43,185.39,88.1
5525,573660.912243,65.052,68,125.462,5.629,60.367,143.12,86.895,433.48,197.73,79.42,186.05,86.71
5526,573660.916983,64.612,62,126.067,5.327,61.085,142.473,86.673,434.48,197.35,80.36,185.59,86.57
5527,573660.920294,65.27,60,123.973,5.049,60.944,145.681,88.12,431.58,196.99,80.23,189.79,87.98
5528,573660.924047,65.548,66,127.486,5.407,60.27,145.603,87.064,436.31,197.46,79.29,189.63,86.98
5529,573660.932116,63.049,51,127.547,3.75,64.157,141.554,86.316,436.42,195.28,84.4,184.23,86.2
5530,573660.944664,63.634,59,123.498,3.503,64.123,144.389,89.022,431.08,194.94,84.39,188.16,88.97
5531,573660.947734,66.162,47,126.472,5.165,60.1,148.708,87.521,435.0,197.14,79.08,193.52,87.42
5532,573660.956543,63.969,58,130.604,3.566,63.249,144.12,84.608,440.43,195.11,83.05,187.5,84.41
5533,573660.9601,66.234,49,125.571,4.873,60.114,149.165,87.634,433.81,196.75,79.09,194.36,87.54
5534,573660.964077,65.07,60,129.862,4.833,60.167,142.742,88.099,439.34,196.7,79.15,185.77,87.99
5535,573660.96817,63.208,56,125.645,3.78,63.972,141.922,88.204,433.85,195.37,84.01,185.0,88.16
5536,573660.97176,65.843,70,125.853,5.275,59.753,146.012,87.154,434.06,197.27,78.58,190.04,87.01
5537,573660.97574,64.976,56,127.358,5.041,60.67,143.427,87.15,436.16,196.97,79.81,186.76,87.05
5538,573660.984616,63.785,63,124.473,4.088,62.764,142.08,89.079,432.34,195.69,82.61,185.14,89.04
5539,573660.987841,65.422,64,127.696,5.198,60.389,145.188,87.244,436.57,197.18,79.44,189.05,87.14
5540,573660.991553,64.468,59,127.23,4.94,61.351,142.34,87.152,435.98,196.84,80.73,185.03,87.1
5541,573660.996185,65.652,72,124.85,5.181,60.248,146.136,87.672,432.88,197.16,79.27,190.33,87.56
5542,573660.999881,64.728,64,127.791,5.224,60.856,142.546,87.39,436.72,197.21,80.05,185.68,87.29
5543,573661.008071,63.097,54,125.439,3.827,64.194,141.872,88.306,433.61,195.38,84.48,184.58,88.24
5544,573661.012641,65.163,65,125.974,5.374,60.281,143.513,86.951,434.33,197.41,79.3,186.96,86.85
5545,573661.015923,65.108,56,127.013,5.149,60.996,144.913,87.214,436.08,197.07,80.19,189.7,87.08
5546,573661.02412,65.016,60,127.121,5.335,60.44,143.096,87.239,435.9,197.35,79.53,186.18,87.16
5547,573661.031999,62.493,50,128.262,3.39,65.337,141.465,86.338,437.21,194.77,86.05,184.01,86.27
5548,573661.035944,65.837,66,124.606,5.417,60.066,146.738,87.533,432.53,197.47,79.03,191.23,87.44
5549,573661.045136,63.857,59,123.745,3.866,63.947,145.129,89.017,431.4,195.42,84.15,189.15,88.95
5550,573661.047772,65.83,59,125.584,5.365,60.306,147.284,87.475,433.76,197.39,79.35,191.62,87.35
5551,573661.052223,64.41,55,126.61,5.163,61.397,142.148,87.11,435.25,197.12,80.81,184.81,87.03
5552,573661.061024,64.635,55,125.4,5.07,60.907,142.178,88.051,433.53,197.01,80.16,184.97,88.02
5553,573661.064178,65.041,65,127.703,5.202,60.772,144.023,87.153,436.58,197.19,79.95,187.46,87.05
5554,573661.068325,62.901,55,128.094,3.527,64.85,142.364,86.35,437.1,194.99,85.3,185.41,86.25
5555,573661.072396,65.466,68,125.468,5.234,60.418,145.503,87.152,433.67,197.23,79.48,189.58,87.05
5556,573661.076509,65.578,60,128.332,5.035,60.997,147.53,87.152,437.34,196.97,80.24,191.94,87.06
5557,573661.084691,64.199,61,124.349,4.195,62.852,144.407,88.875,432.19,195.84,82.71,188.15,88.81
5558,573661.088778,65.499,60,127.013,5.244,60.345,145.511,87.168,435.61,197.25,79.41,189.24,87.08
5559,573661.091649,63.563,62,129.579,3.811,63.648,142.963,85.562,439.03,195.36,83.7,186.16,85.44
5560,573661.096552,66.042,58,124.992,4.785,60.586,149.2,87.902,433.04,196.64,79.72,194.34,87.82
5561,573661.099617,65.484,61,128.719,4.903,60.735,146.366,87.296,437.86,196.79,79.9,190.4,87.2
5562,573661.108615,63.12,51,129.047,3.377,64.513,142.689,86.322,438.35,194.79,84.84,185.82,86.21
5563,573661.113101,65.719,64,126.11,5.164,60.216,146.436,87.29,434.47,197.14,79.19,190.98,87.19
5564,573661.121707,64.178,64,124.542,3.882,63.063,144.781,89.167,432.44,195.44,82.97,188.67,89.11
5565,573661.123972,65.675,63,127.907,5.059,60.685,147.326,87.387,436.93,196.98,79.87,191.31,87.32
5566,573661.132225,62.803,65,129.132,3.445,64.992,142.197,86.132,438.41,194.89,85.45,184.99,85.98
5567,573661.135922,65.216,62,126.104,4.895,60.879,145.227,87.427,434.5,196.78,80.09,189.16,87.33
5568,573661.140298,65.48,63,128.384,4.989,61.093,147.208,87.342,437.48,196.9,80.38,191.34,87.26
5569,573661.143567,63.392,60,124.85,3.857,64.359,143.695,88.771,432.8,195.41,84.65,187.35,88.71
5570,573661.147993,64.79,63,126.238,5.303,60.862,142.892,87.376,434.65,197.32,80.11,185.72,87.32
5571,573661.151794,64.339,60,126.895,5.15,61.766,142.629,86.986,435.6,197.12,81.27,185.58,86.87
5572,573661.160131,64.829,58,124.602,4.816,61.954,145.664,88.13,432.43,196.71,81.57,189.92,87.97
5573,573661.163906,65.39,66,128.204,5.273,60.886,146.206,87.18,437.23,197.28,80.1,190.3,87.1
5574,573661.167639,62.673,55,128.302,3.602,65.311,142.27,86.146,437.26,195.11,85.92,185.14,86.04
5575,573661.171762,65.402,64,125.317,5.271,60.859,146.208,86.968,433.43,197.29,80.09,190.29,86.87
5576,573661.17585,65.598,61,127.623,5.237,61.082,147.85,87.12,436.54,197.23,80.39,192.02,87.04
5577,573661.185046,63.498,61,124.123,3.984,64.263,144.012,88.613,431.85,195.58,84.53,187.82,88.54
5578,573661.196571,65.582,53,125.089,5.171,60.717,146.873,87.813,432.98,197.15,79.87,191.62,87.69
5579,573661.19993,64.759,58,127.788,5.276,61.055,143.179,86.857,436.8,197.28,80.36,185.96,86.74
5580,573661.20457,61.616,55,126.883,3.55,65.035,136.806,88.017,435.53,195.0,85.61,178.15,87.85
5581,573661.213216,65.224,64,125.991,5.382,60.491,144.347,86.932,434.38,197.43,79.58,188.0,86.83
5582,573661.215812,65.814,61,128.232,5.076,60.573,147.848,86.764,437.4,197.04,79.77,191.92,86.73
5583,573661.220476,63.691,59,125.002,3.757,63.801,143.952,88.431,432.98,195.31,83.87,187.52,88.41
5584,573661.223681,65.926,60,127.83,5.21,60.289,147.799,87.026,436.73,197.2,79.31,192.34,86.92
5585,573661.228251,63.909,63,127.603,4.88,61.688,140.263,86.757,436.51,196.78,81.17,182.27,86.67
5586,573661.236422,66.049,63,125.601,4.963,60.067,147.965,87.547,433.83,196.87,79.03,192.76,87.46
5587,573661.240104,65.565,65,129.367,4.927,60.406,146.026,86.894,438.65,196.85,79.45,189.82,86.83
5588,573661.243682,63.911,52,127.72,4.8,61.625,140.128,87.069,436.61,196.65,81.08,182.43,86.98
5589,573661.24903,65.528,64,127.101,5.208,60.098,145.074,86.827,435.68,197.18,79.06,188.64,86.67
5590,573661.252066,65.688,57,128.511,4.925,60.617,147.232,86.949,437.9,196.83,79.82,191.05,86.9
5591,573661.261386,64.222,61,125.111,3.949,62.737,144.262,88.566,433.18,195.53,82.54,187.94,88.5
5592,573661.26411,65.559,63,128.201,5.148,60.512,146.248,86.95,437.21,197.12,79.61,190.3,86.85
5593,573661.268033,62.651,64,128.854,3.444,64.787,141.023,86.136,438.03,194.95,85.09,183.33,86.0
5594,573661.27209,65.756,61,125.795,5.138,60.229,146.675,87.1,434.11,197.11,79.24,191.03,87.0
5595,573661.28113,63.999,61,123.571,4.339,62.971,143.644,89.151,431.21,195.97,83.03,187.06,89.08
5596,573661.288061,65.602,63,126.203,5.543,60.291,145.958,86.974,434.05,197.6,79.31,188.8,86.71
5597,573661.292325,64.375,56,126.264,5.302,61.239,141.602,86.929,434.73,197.32,80.56,184.42,86.83
5598,573661.300191,65.588,67,127.725,5.529,60.249,145.775,86.928,436.65,197.63,79.33,189.33,86.85
5599,573661.304492,64.199,53,126.003,5.568,61.049,140.259,87.076,434.54,197.53,80.6,182.7,86.85
5600,573661.311991,65.735,71,124.312,5.714,60.03,146.071,86.97,432.16,197.87,78.98,190.37,86.87
5601,573661.316176,64.798,61,126.109,5.412,60.608,142.335,86.86,434.63,197.45,79.78,185.0,86.78
5602,573661.32048,64.378,61,123.828,4.662,62.202,143.84,88.375,431.5,196.43,81.95,187.36,88.34
5603,573661.323823,65.603,58,126.4,5.661,59.957,145.155,86.903,435.05,197.8,78.86,189.5,86.84
5604,573661.328183,63.987,64,128.958,4.313,62.607,142.748,85.081,438.23,196.08,82.22,185.86,84.93
5605,573661.336049,66.348,59,124.409,5.331,59.587,148.529,87.299,432.36,197.36,78.43,193.19,87.2
5606,573661.340099,65.584,65,127.83,5.282,60.093,145.377,87.027,436.72,197.3,79.08,188.9,86.97
5607,573661.344209,63.537,55,124.879,3.933,63.466,142.423,87.982,432.92,195.51,83.5,185.49,87.9
5608,573661.347779,65.968,72,125.503,5.453,59.373,145.791,86.869,433.69,197.52,78.09,190.11,86.77
5609,573661.352146,65.002,58,126.878,5.042,60.327,142.759,87.012,435.54,196.98,79.36,185.92,86.91
5610,573661.35591,64.768,61,124.65,4.332,61.418,144.074,88.646,432.53,196.05,80.81,187.74,88.57
5611,573661.369063,63.201,58,128.229,3.277,64.087,142.143,86.36,437.33,194.67,84.31,184.86,86.22
5612,573661.371574,65.899,62,125.587,4.786,59.71,146.222,87.445,433.77,196.65,78.57,190.32,87.36
5613,573661.37647,64.769,65,127.903,4.763,60.375,141.633,87.24,436.88,196.61,79.41,184.49,87.15
5614,573661.37983,63.204,54,125.934,3.397,63.759,141.428,88.352,434.25,194.82,83.86,184.12,88.31
5615,573661.389015,65.507,70,126.599,4.976,59.652,143.886,87.21,434.99,196.86,78.44,187.15,87.04
5616,573661.392787,64.993,59,127.608,4.831,60.614,143.387,87.26,436.57,196.69,79.79,186.18,87.18
5617,573661.396213,65.478,57,125.608,4.574,60.577,145.953,88.369,433.78,196.34,79.72,190.3,88.33
5618,573661.400182,65.664,64,128.644,5.001,60.094,145.828,87.292,437.94,196.89,79.03,189.78,87.24
5619,573661.403837,63.833,61,127.353,4.691,61.852,140.259,87.355,436.17,196.5,81.39,182.5,87.27
5620,573661.408323,65.738,66,125.212,5.065,60.063,146.169,87.825,433.28,197.01,79.05,190.21,87.75
5621,573661.416266,65.747,62,128.157,4.957,60.553,147.414,87.599,437.25,196.87,79.69,191.49,87.48
5622,573661.420449,63.95,60,124.424,3.993,63.401,144.369,89.058,432.29,195.58,83.42,188.11,89.0
5623,573661.423821,65.163,62,125.95,5.362,60.359,143.701,87.421,434.13,197.38,79.42,186.79,87.26
5624,573661.428162,64.318,63,126.576,5.175,61.471,141.842,87.332,435.18,197.14,80.89,184.56,87.25
5625,573661.432426,65.385,64,124.837,5.065,60.985,146.414,88.314,432.7,197.02,80.23,191.22,88.19
5626,573661.441061,64.888,61,127.338,5.328,61.059,143.873,87.504,436.28,197.35,80.28,187.89,87.42
5627,573661.452889,64.445,58,126.033,5.396,61.267,142.028,87.334,434.45,197.44,80.6,185.03,87.24
5628,573661.456318,63.238,57,124.158,4.074,64.031,142.198,88.589,431.97,195.69,84.25,185.26,88.52
5629,573661.464675,65.085,62,127.184,5.492,60.948,144.675,87.595,435.99,197.55,80.2,188.04,87.52
5630,573661.468225,63.072,62,127.489,3.842,64.52,142.471,86.269,436.28,195.4,84.88,185.48,86.17
5631,573661.472431,65.603,66,124.16,5.242,60.563,146.623,87.553,431.96,197.24,79.73,190.71,87.47
5632,573661.476302,64.552,64,126.887,5.333,61.172,142.365,87.368,435.66,197.36,80.44,185.81,87.29
5633,573661.479682,61.94,54,125.708,3.47,64.637,137.409,85.906,434.13,194.91,85.05,178.94,85.81
5634,573661.484388,65.188,67,125.499,5.369,60.46,144.077,86.902,433.72,197.41,79.54,187.75,86.8
5635,573661.492924,64.48,57,126.296,4.989,61.345,142.389,87.051,434.71,196.92,80.77,184.82,86.97
5636,573661.496185,63.882,56,124.082,4.096,62.899,142.88,88.962,431.8,195.72,82.81,185.94,88.92
5637,573661.500269,65.674,66,127.409,5.091,60.314,146.421,87.251,436.18,197.04,79.35,190.59,87.15
5638,573661.503723,62.841,61,128.41,3.433,64.641,141.613,86.158,437.54,194.87,85.02,184.5,86.07
5639,573661.507732,65.5,65,125.357,4.882,60.367,145.573,87.474,433.48,196.77,79.45,189.4,87.39
5640,573661.516219,65.59,64,128.125,4.84,60.698,146.872,87.217,437.12,196.71,79.86,191.02,87.12
5641,573661.520184,63.021,53,125.053,3.309,64.736,142.695,88.522,433.13,194.68,85.2,185.86,88.46
5642,573661.524435,65.175,62,126.929,5.024,60.325,143.685,87.293,435.59,196.95,79.35,187.21,87.2
5643,573661.532415,65.224,64,125.109,4.456,61.278,146.221,88.461,433.15,196.21,80.64,190.58,88.36
5644,573661.539995,65.636,67,128.697,4.96,60.527,146.722,87.267,437.83,196.87,79.63,190.87,87.17
5645,573661.544446,63.459,56,127.298,4.565,62.597,140.089,87.241,436.07,196.34,82.35,182.4,87.15
5646,573661.552721,64.584,66,129.635,4.542,61.033,142.206,88.418,439.11,196.27,80.2,185.08,88.36
5647,573661.555841,63.289,57,125.414,3.934,63.791,141.92,88.633,433.64,195.4,84.22,184.58,88.55
5648,573661.560252,65.193,62,127.176,5.318,60.88,145.103,87.192,435.94,197.34,80.1,188.81,87.07
5649,573661.569104,63.289,58,129.678,3.883,64.165,142.75,85.439,439.12,195.46,84.39,185.81,85.33
5650,573661.571698,64.912,53,126.96,5.032,60.958,143.767,87.425,435.62,196.96,80.2,187.26,87.34
5651,573661.576482,64.693,58,127.837,5.224,61.295,143.388,86.939,436.81,197.21,80.66,186.48,86.82
5652,573661.580335,61.479,56,127.07,3.548,65.459,137.094,88.237,435.77,195.01,86.12,178.54,88.15
5653,573661.583724,64.866,69,125.624,5.381,60.941,143.481,87.179,433.94,197.42,80.2,186.7,87.07
5654,573661.592906,64.55,60,126.869,5.241,61.366,142.8,86.965,435.71,197.24,80.77,185.78,86.9
5655,573661.596056,63.96,65,124.467,4.429,63.027,143.573,88.616,432.35,196.13,83.03,186.87,88.52
5656,573661.60017,65.4,61,127.416,5.493,60.632,145.654,86.938,436.22,197.57,79.75,189.72,86.83
5657,573661.603691,63.352,61,127.452,5.047,62.449,139.236,86.411,436.25,197.0,82.15,181.17,86.33
5658,573661.60848,65.585,61,124.723,5.289,60.836,147.181,87.412,432.62,197.31,80.09,191.24,87.3
5659,573661.621387,63.111,56,124.442,3.641,64.884,143.468,88.365,432.54,195.11,85.43,186.16,88.29
5660,573661.628252,64.829,54,126.467,5.057,61.179,143.843,87.02,435.09,196.98,80.53,186.85,86.94
5661,573661.632055,64.421,60,123.423,4.678,61.697,142.897,89.078,431.02,196.44,81.3,186.16,89.0
5662,573661.636007,65.68,62,127.861,5.22,60.406,146.675,86.92,436.77,197.21,79.46,190.93,86.81
5663,573661.644872,63.905,58,126.889,4.858,61.791,140.477,86.91,435.53,196.73,81.3,182.91,86.81
5664,573661.648354,65.599,70,125.249,5.137,60.14,145.577,87.087,433.37,197.1,79.12,189.7,86.99
5665,573661.652075,64.413,62,127.376,4.938,61.113,141.504,86.785,436.2,196.84,80.39,184.35,86.68
5666,573661.656031,62.874,55,125.414,3.565,64.135,140.661,87.97,433.63,195.03,84.38,183.2,87.89
5667,573661.660068,65.017,70,126.775,5.077,60.25,142.657,86.784,435.33,197.04,79.29,185.41,86.7
5668,573661.668856,64.498,57,127.14,4.795,61.222,142.198,86.747,435.87,196.66,80.53,185.19,86.65
5669,573661.671656,65.55,57,125.35,4.73,60.58,146.362,87.725,433.23,196.62,79.82,190.74,87.52
5670,573661.676768,65.566,65,128.752,4.864,60.497,146.252,86.914,437.91,196.75,79.59,190.26,86.82
5671,573661.680092,63.226,52,128.925,3.329,64.485,143.148,85.934,438.18,194.73,84.81,186.4,85.83
5672,573661.684479,65.792,64,125.257,5.149,60.109,146.588,87.182,433.38,197.12,79.08,191.02,87.09
5673,573661.693004,65.53,60,128.291,4.873,60.836,146.871,86.794,437.36,196.75,80.02,191.23,86.67
5674,573661.704214,63.5,64,129.033,3.629,64.086,143.627,85.633,438.35,195.13,84.32,186.73,85.5
5675,573661.707866,65.51,58,125.798,5.027,60.76,146.576,87.443,434.16,196.96,79.95,190.69,87.32
5676,573661.712494,64.715,66,127.872,5.287,60.918,142.622,87.317,436.84,197.29,80.15,185.61,87.22
5677,573661.720779,61.849,53,126.34,3.709,64.742,137.224,86.633,434.88,195.28,85.21,178.95,86.6
5678,573661.724157,65.381,66,125.429,5.668,60.401,144.991,86.662,433.5,197.84,79.5,188.73,86.55
5679,573661.728341,64.576,61,126.839,5.245,61.239,142.644,86.919,435.62,197.24,80.57,185.78,86.86
5680,573661.731772,63.384,59,124.758,4.053,63.777,142.355,88.564,432.75,195.67,83.91,185.44,88.49
5681,573661.735989,65.358,65,127.26,5.48,60.549,145.218,87.164,436.0,197.55,79.66,189.06,87.06
5682,573661.744918,62.948,60,128.119,3.799,64.721,142.306,86.037,437.11,195.35,85.14,185.27,85.93
5683,573661.748199,65.416,62,125.521,5.338,60.521,145.472,87.164,433.69,197.37,79.64,189.35,87.04
5684,573661.75197,65.466,65,128.324,5.288,60.73,146.257,87.03,437.36,197.3,79.9,190.27,86.93
5685,573661.756207,63.476,54,125.102,4.017,63.907,143.103,88.082,433.2,195.62,84.09,186.36,88.0
5686,573661.75995,65.289,63,126.547,5.493,60.26,144.146,86.835,434.87,197.56,79.27,187.54,86.67
5687,573661.768739,64.77,63,127.134,5.216,61.062,143.25,86.862,435.86,197.21,80.33,186.54,86.76
5688,573661.771851,64.702,58,123.759,4.993,60.957,142.645,89.253,431.42,196.9,80.22,185.83,89.2
5689,573661.775956,64.586,53,127.55,5.149,60.658,141.345,86.531,436.3,197.11,79.95,182.21,86.32
5690,573661.779895,63.013,56,129.846,3.0,65.077,143.41,85.464,439.43,194.3,85.62,186.42,85.35
5691,573661.78886,65.518,65,129.231,4.72,60.86,146.857,86.649,438.58,196.57,80.1,191.0,86.58
5692,573661.795732,63.905,56,127.853,4.705,61.508,139.833,87.183,436.78,196.52,80.93,182.07,87.09
5693,573661.800619,65.504,63,128.042,5.03,59.986,144.672,87.144,437.03,196.96,78.9,188.47,87.04
5694,573661.809001,65.562,59,125.596,4.557,60.708,146.738,88.316,433.74,196.32,79.89,191.04,88.22
5695,573661.811804,65.553,64,129.19,4.82,60.627,146.493,87.019,438.47,196.69,79.75,190.55,86.92
5696,573661.820852,61.915,51,127.951,3.285,64.831,137.709,88.146,436.87,194.67,85.28,179.45,88.03
5697,573661.823741,65.736,65,125.859,5.114,60.257,146.635,87.246,434.17,197.07,79.27,191.07,87.15
5698,573661.828221,64.508,59,127.323,4.896,61.279,142.383,87.03,436.23,196.78,80.69,184.73,86.92
5699,573661.831972,63.803,58,127.549,4.952,61.548,139.422,87.173,436.4,196.85,80.98,181.57,87.08
5700,573661.836043,65.047,59,127.154,5.3,60.735,143.966,86.959,435.81,197.31,79.9,187.3,86.82
5701,573661.844282,63.142,60,128.459,3.752,64.594,142.978,85.909,437.54,195.29,84.98,186.1,85.81
5702,573661.848492,65.249,63,125.236,5.133,60.958,145.598,87.27,433.36,197.1,80.2,189.71,87.17
5703,573661.851777,65.214,62,127.818,5.303,61.073,145.678,87.111,436.8,197.32,80.32,189.9,87.01
5704,573661.855514,62.862,59,124.765,3.996,64.778,142.016,88.267,432.77,195.59,85.24,184.97,88.19
5705,573661.860549,65.142,68,125.325,5.613,60.737,144.485,87.077,433.43,197.72,79.92,188.1,86.95
5706,573661.863942,64.674,60,126.281,5.403,61.321,143.35,86.904,434.76,197.45,80.67,186.71,86.8
5707,573661.876967,64.842,60,126.668,5.496,60.873,143.19,86.791,435.31,197.58,80.11,186.23,86.67
5708,573661.885262,65.52,72,124.052,5.44,60.563,146.155,87.383,431.81,197.5,79.69,190.5,87.29
5709,573661.888827,65.553,62,127.472,5.215,60.726,146.735,87.0,436.43,197.21,79.94,190.46,86.85
5710,573661.89698,63.065,56,124.375,3.865,64.552,142.505,88.284,432.28,195.57,84.58,185.68,88.19
5711,573661.899929,65.285,66,125.771,5.424,60.363,144.373,86.912,433.88,197.48,79.44,187.86,86.76
5712,573661.904103,64.457,56,126.964,5.166,61.109,141.724,86.708,435.83,197.14,80.46,183.84,86.55
5713,573661.908247,64.646,53,125.916,4.895,60.957,142.351,87.547,434.4,196.79,80.21,185.06,87.43
5714,573661.912472,65.606,63,128.364,5.114,60.551,146.608,87.023,437.57,197.08,79.73,190.29,86.96
5715,573661.915744,62.951,54,128.21,3.292,64.674,142.219,86.165,437.3,194.68,85.08,185.05,86.04
5716,573661.924168,65.553,68,125.605,4.936,60.249,145.584,86.908,433.85,196.84,79.26,189.69,86.81
5717,573661.928415,64.73,59,127.597,4.803,60.892,142.642,87.056,436.38,196.67,80.13,185.43,86.96
5718,573661.93296,63.619,60,125.369,3.675,63.349,142.568,88.596,433.55,195.17,83.35,185.69,88.52
5719,573661.935922,65.705,62,127.662,4.982,60.178,146.263,86.905,436.42,196.9,79.16,190.38,86.78
5720,573661.94033,63.57,58,130.167,3.447,63.784,143.301,85.289,439.74,194.9,83.89,186.46,85.18
5721,573661.948222,65.148,51,127.263,4.522,60.684,144.39,87.468,435.95,196.28,79.85,187.7,87.35
5722,573661.95221,65.392,61,128.654,4.761,60.913,146.28,87.167,437.88,196.61,80.16,190.04,87.05
5723,573661.964961,65.394,56,128.113,4.757,61.221,147.035,86.879,437.12,196.61,80.55,191.25,86.81
5724,573661.97262,63.78,63,124.692,3.878,63.632,144.025,88.759,432.55,195.46,83.7,187.89,88.65
5725,573661.975774,65.617,64,127.672,5.196,60.691,147.011,87.318,436.54,197.17,79.89,190.87,87.25
5726,573661.979926,63.418,58,127.407,5.109,62.303,139.232,86.611,436.22,197.07,81.95,181.33,86.5
5727,573661.983962,65.371,63,124.986,5.2,60.883,146.094,87.517,433.05,197.18,80.11,190.33,87.42
5728,573661.987892,65.332,64,128.107,5.243,61.049,146.272,87.049,437.38,197.22,80.41,189.63,86.9
5729,573661.991979,63.271,56,126.651,4.981,62.819,139.666,87.02,435.23,196.89,82.64,181.9,86.92
5730,573662.000556,65.072,67,125.457,5.627,60.783,144.214,86.708,433.44,197.73,79.92,187.45,86.55
5731,573662.004141,64.366,61,126.254,5.382,61.65,142.502,86.879,434.72,197.43,81.1,185.61,86.78
5732,573662.007706,64.786,61,123.891,4.901,61.977,145.487,88.278,431.67,196.76,81.56,189.46,88.24
5733,573662.012086,65.462,65,127.412,5.481,60.809,146.42,86.875,436.17,197.56,80.0,190.56,86.77
5734,573662.01648,63.823,59,126.23,5.145,62.096,140.762,86.721,434.64,197.1,81.72,183.37,86.65
5735,573662.023871,65.561,71,124.639,5.505,60.318,145.793,87.06,432.58,197.59,79.35,189.88,86.99
5736,573662.027864,65.566,64,127.55,5.246,60.82,147.032,86.919,436.36,197.25,80.02,191.28,86.81
5737,573662.031823,63.849,60,124.127,4.194,63.477,144.025,88.199,431.92,195.85,83.53,187.64,88.12
5738,573662.035988,65.406,60,126.623,5.388,60.505,145.38,86.772,435.19,197.44,79.59,189.45,86.67
5739,573662.048757,65.464,61,124.885,4.888,60.781,146.367,87.523,432.74,196.77,80.02,190.31,87.43
5740,573662.051746,65.416,67,128.593,4.942,60.527,145.489,86.959,437.71,196.85,79.63,189.3,86.86
5741,573662.056565,63.725,59,127.074,4.552,62.008,140.074,86.965,435.74,196.34,81.58,182.32,86.9
5742,573662.060171,65.578,71,125.815,4.967,60.308,145.863,86.746,434.07,196.88,79.35,189.88,86.63
5743,573662.063721,65.51,62,128.571,4.548,60.918,146.954,87.028,437.59,196.36,80.13,190.94,86.98
5744,573662.068069,63.977,61,125.075,3.549,63.26,144.189,88.585,433.14,195.0,83.24,187.84,88.52
5745,573662.076608,65.952,63,128.381,4.832,60.402,148.226,87.11,437.43,196.7,79.46,192.92,87.01
5746,573662.080355,63.33,65,129.703,3.169,64.348,143.363,85.694,439.2,194.5,84.66,186.67,85.55
5747,573662.084235,65.956,59,126.18,4.502,60.552,148.614,87.472,434.49,196.27,79.69,193.37,87.34
5748,573662.087779,64.784,59,128.658,4.729,61.121,143.468,86.984,437.88,196.56,80.41,186.63,86.89
5749,573662.09206,61.555,59,127.92,3.256,65.32,137.136,87.689,436.76,194.77,86.2,178.8,87.48
5750,573662.101388,64.668,64,126.969,4.969,60.928,142.401,87.051,435.64,196.88,80.15,185.47,86.95
5751,573662.103848,64.524,62,127.434,4.867,61.543,143.077,86.866,436.26,196.75,80.96,186.3,86.76
5752,573662.107834,63.605,57,125.204,3.786,63.615,143.099,88.532,433.26,195.37,83.53,186.75,88.43
5753,573662.111848,65.077,63,127.753,5.151,61.008,144.778,86.889,436.65,197.12,80.25,188.49,86.79
5754,573662.115924,62.618,64,128.66,3.594,64.974,141.273,85.785,437.88,195.1,85.43,183.83,85.62
5755,573662.124671,65.124,63,125.766,5.024,60.972,144.945,87.216,434.09,196.95,80.26,188.35,87.13
5756,573662.137546,65.066,66,126.307,5.519,60.587,143.717,86.625,434.73,197.62,79.73,186.96,86.52
5757,573662.140775,64.616,61,126.958,5.292,61.361,143.139,86.517,435.63,197.31,80.72,186.41,86.41
5758,573662.143644,65.188,58,124.451,5.31,61.315,146.114,87.043,432.22,197.35,80.72,190.35,86.92
5759,573662.152404,65.474,66,128.081,5.395,60.594,145.97,86.718,437.11,197.44,79.7,190.18,86.62
5760,573662.156284,62.497,56,127.83,3.794,64.743,140.196,86.181,436.72,195.36,85.12,182.72,86.03
5761,573662.159889,65.313,64,125.35,5.403,60.365,144.529,86.834,433.49,197.46,79.44,188.1,86.74
5762,573662.164084,65.777,60,127.736,5.309,60.406,147.226,86.821,436.64,197.33,79.47,191.68,86.73
5763,573662.168116,64.145,63,124.157,4.266,63.074,144.637,88.117,431.9,195.96,82.97,188.61,88.03
5764,573662.176741,65.584,59,126.832,5.422,60.161,145.539,86.603,435.45,197.48,79.14,189.6,86.5
5765,573662.179597,63.887,58,127.19,5.116,61.269,139.202,86.43,435.95,197.08,80.59,181.32,86.32
5766,573662.18463,65.755,55,124.942,4.897,60.373,147.02,87.703,432.72,196.8,79.44,191.67,87.52
5767,573662.187711,65.688,60,128.336,4.987,60.014,145.769,86.693,437.53,196.9,78.96,189.7,86.64
5768,573662.191755,63.772,54,126.961,4.643,61.829,139.901,86.832,435.63,196.45,81.35,182.17,86.73
5769,573662.201069,65.985,71,125.76,5.162,59.588,146.415,86.856,434.02,197.14,78.37,190.9,86.76
5770,573662.203794,66.022,56,128.174,4.759,60.162,148.043,86.772,437.21,196.62,79.17,192.51,86.7
5771,573662.208693,64.191,64,124.778,3.731,62.909,144.496,88.467,432.74,195.32,82.55,188.48,88.39
5772,573662.220276,66.002,61,124.753,4.817,60.119,147.819,87.892,432.71,196.68,79.1,192.64,87.81
5773,573662.228168,64.966,58,127.739,4.992,60.546,143.082,87.13,436.66,196.91,79.64,186.37,87.03
5774,573662.231643,63.361,59,125.048,3.971,63.532,141.699,88.554,432.99,195.64,83.43,184.54,88.58
5775,573662.235789,65.325,67,126.293,5.355,60.152,144.088,87.034,434.66,197.39,79.13,187.72,86.91
5776,573662.240161,64.669,60,126.934,5.135,61.083,142.766,87.088,435.6,197.1,80.36,185.92,86.99
5777,573662.24395,65.285,54,124.991,4.917,61.038,145.987,88.342,432.89,196.76,80.38,190.18,88.29
5778,573662.252517,65.82,67,128.071,5.45,60.235,147.06,87.06,437.02,197.51,79.25,191.34,86.96
5779,573662.256398,62.907,55,127.816,3.831,64.537,141.704,86.299,436.7,195.39,84.92,184.25,86.2
5780,573662.260018,65.817,63,124.914,5.403,60.062,146.616,87.368,432.9,197.46,79.01,191.21,87.26
5781,573662.264588,65.38,65,128.521,5.42,60.439,145.078,87.54,437.6,197.47,79.51,188.81,87.43
5782,573662.26824,63.517,61,124.79,4.291,63.624,142.675,88.358,432.81,195.98,83.72,185.79,88.27
5783,573662.276837,65.341,64,126.555,5.687,60.167,144.21,87.087,434.72,197.82,79.21,186.88,86.91
5784,573662.280618,64.838,56,126.367,5.311,60.915,143.268,86.945,434.98,197.32,80.19,186.07,86.85
5785,573662.284179,65.677,59,124.335,5.209,60.53,146.96,87.949,432.05,197.23,79.72,191.13,87.74
5786,573662.288275,65.799,68,128.137,5.39,59.899,146.117,87.278,437.11,197.43,78.8,190.13,87.18
5787,573662.291949,62.557,52,127.165,4.123,63.64,138.086,87.541,435.88,195.84,83.63,179.96,87.34
5788,573662.304773,65.778,59,128.012,5.102,60.297,146.969,87.204,437.12,197.05,79.32,191.34,87.09
5789,573662.308102,64.775,56,124.674,4.385,62.054,145.604,88.509,432.61,196.1,81.65,189.73,88.44
5790,573662.312456,65.75,62,127.722,5.229,59.895,145.828,87.42,436.6,197.22,78.78,189.92,87.32
5791,573662.315822,64.515,63,127.119,4.98,60.949,141.653,87.342,435.87,196.89,80.23,183.96,87.3
5792,573662.320311,65.762,59,125.704,4.835,60.029,146.222,88.055,433.96,196.7,78.98,190.55,87.98
5793,573662.328525,65.435,65,128.832,4.896,60.567,145.69,87.389,438.1,196.77,79.7,189.49,87.25
5794,573662.332056,64.148,52,126.895,4.813,61.481,140.996,87.739,435.59,196.66,80.91,183.41,87.67
5795,573662.336582,65.756,66,125.664,5.076,59.979,146.072,87.37,433.73,197.05,78.94,190.22,87.23
5796,573662.34044,64.383,63,127.148,4.871,61.229,141.618,87.353,436.01,196.73,80.59,183.93,87.29
5797,573662.344069,64.147,54,126.376,4.624,61.669,141.424,88.193,434.9,196.42,81.15,184.11,88.11
5798,573662.352379,64.941,61,128.448,4.954,60.46,142.743,88.156,437.86,196.78,79.48,185.12,88.18
5799,573662.356339,64.066,60,126.461,4.965,61.788,141.283,87.404,435.04,196.85,81.3,184.13,87.28
5800,573662.360248,65.441,64,124.674,5.056,60.696,146.036,87.987,432.52,196.99,79.89,190.0,87.9
5801,573662.363752,65.401,63,127.559,5.089,61.053,146.667,87.637,436.45,197.04,80.34,190.61,87.52
5802,573662.36821,63.225,55,124.33,3.877,64.368,142.884,88.661,432.23,195.37,84.87,185.93,88.58
5803,573662.372085,65.195,67,125.181,5.45,60.669,144.61,87.39,433.24,197.52,79.83,188.27,87.3
5804,573662.381003,64.395,59,125.758,5.32,61.574,142.481,87.391,434.14,197.33,81.03,185.4,87.32
5805,573662.393139,63.935,59,125.932,5.074,62.135,141.413,87.385,434.39,196.97,81.92,183.66,87.28
5806,573662.396345,65.506,72,124.14,5.273,60.524,145.98,87.661,431.93,197.28,79.63,190.27,87.57
5807,573662.404934,65.503,60,127.109,5.062,60.971,147.045,87.293,435.81,197.01,80.23,190.96,87.26
5808,573662.4078,63.898,63,123.735,4.087,63.524,144.385,88.655,431.39,195.71,83.59,188.16,88.58
5809,573662.412065,65.654,60,126.529,5.261,60.412,146.54,87.28,435.06,197.26,79.47,190.94,87.18
5810,573662.416134,63.844,59,127.2,4.965,61.718,140.006,86.776,435.96,196.88,81.19,182.36,86.67
5811,573662.419988,65.108,57,125.165,4.606,61.18,145.353,88.144,433.28,196.4,80.5,189.38,88.06
5812,573662.424032,64.637,62,127.676,4.776,61.091,142.616,87.232,436.5,196.63,80.41,185.22,87.16
5813,573662.431921,63.939,55,127.038,4.662,61.944,140.996,87.356,435.77,196.46,81.53,183.43,87.28
5814,573662.436445,65.382,73,125.634,4.852,60.692,145.698,87.317,433.87,196.73,79.84,189.84,87.22
5815,573662.440097,64.486,59,127.478,4.64,61.45,142.666,87.259,436.37,196.44,80.86,185.56,87.18
5816,573662.443752,63.842,62,125.191,3.684,63.359,143.723,88.857,433.3,195.17,83.37,187.22,88.79
5817,573662.447795,65.091,62,127.916,4.813,61.128,145.137,87.156,436.86,196.67,80.41,188.99,87.06
5818,573662.456387,63.972,58,127.382,4.564,62.112,141.546,87.256,436.25,196.32,81.76,184.34,87.12
5819,573662.459779,65.405,63,125.717,4.557,61.001,146.566,87.893,433.97,196.33,80.25,191.0,87.81
5820,573662.464388,65.111,66,129.265,4.634,61.44,145.987,87.369,438.6,196.44,80.83,189.96,87.29
5821,573662.468126,61.561,51,126.929,3.128,65.416,137.364,86.672,435.62,194.46,86.05,178.93,86.58
5822,573662.480889,64.252,55,130.743,3.342,64.186,147.752,85.368,440.52,194.73,84.49,191.97,85.28
5823,573662.484281,63.251,48,125.045,3.516,64.493,143.289,88.795,432.95,195.01,84.77,186.48,88.84
5824,573662.48811,65.56,61,128.668,5.022,61.05,147.554,86.908,437.88,196.95,80.34,191.71,86.79
5825,573662.492181,62.889,54,129.734,3.373,65.165,142.993,85.29,439.43,194.77,85.65,186.67,85.12
5826,573662.496386,65.402,52,125.647,4.834,61.283,147.227,87.171,433.85,196.69,80.67,191.44,87.16
5827,573662.500067,65.428,58,128.345,4.974,61.065,146.849,86.967,437.47,196.89,80.36,190.8,86.84
5828,573662.508738,62.668,54,125.844,3.686,64.967,141.496,87.808,434.25,195.22,85.48,184.03,87.73
5829,573662.512153,64.779,65,126.758,5.319,61.17,143.557,86.84,435.21,197.34,80.5,186.62,86.71
5830,573662.515899,64.4,58,126.983,5.077,61.638,142.653,86.673,435.78,197.01,81.14,185.29,86.57
5831,573662.520179,65.087,58,125.321,4.891,61.545,146.106,87.655,433.2,196.77,81.05,189.87,87.59
5832,573662.523915,65.467,60,128.228,5.228,60.952,146.792,86.894,437.25,197.23,80.2,190.92,86.82
5833,573662.532349,63.335,59,129.132,3.612,64.614,143.978,85.523,438.49,195.13,84.9,187.59,85.39
5834,573662.536333,65.411,63,125.879,5.236,60.791,146.095,86.496,434.2,197.24,79.97,190.33,86.39
5835,573662.540923,64.369,60,127.001,5.112,61.388,141.912,86.719,435.8,197.06,80.81,184.38,86.64
5836,573662.543921,62.699,58,125.104,3.723,64.666,140.99,87.87,433.2,195.27,84.99,183.75,87.8
5837,573662.547758,65.394,56,127.389,5.359,60.839,146.117,86.913,436.47,197.41,80.03,190.59,86.88
5838,573662.556348,63.66,66,129.894,3.948,63.536,143.194,84.77,439.4,195.56,83.56,186.36,84.64
5839,573662.568885,63.178,56,128.779,3.421,64.709,143.409,85.673,437.99,194.85,85.11,186.76,85.56
5840,573662.57195,65.592,67,126.012,5.168,60.292,145.902,86.604,434.28,197.15,79.33,189.95,86.46
5841,573662.576379,64.565,59,126.898,5.057,61.114,142.294,86.596,435.48,197.01,80.43,185.0,86.5
5842,573662.58493,64.095,54,124.602,4.206,62.806,143.761,88.482,432.51,195.85,82.69,187.13,88.4
5843,573662.588046,65.685,65,127.395,5.233,59.905,145.487,86.906,436.17,197.23,78.81,189.42,86.8
5844,573662.592483,64.179,60,126.89,5.046,61.472,141.132,86.671,435.54,196.99,80.86,183.81,86.57
5845,573662.596036,65.542,69,124.7,5.127,60.34,145.74,87.406,432.43,197.05,79.36,189.33,87.19
5846,573662.599976,65.0,64,127.796,5.196,60.522,143.204,87.095,436.72,197.18,79.61,186.5,86.99
5847,573662.609034,63.319,56,124.801,4.042,63.558,141.548,88.011,432.85,195.59,83.76,184.08,87.86
5848,573662.612463,65.622,71,125.715,5.511,60.031,145.44,86.811,433.87,197.58,78.97,189.24,86.66
5849,573662.616033,64.797,59,126.511,5.217,60.772,142.716,87.029,435.05,197.2,79.99,185.44,86.89
5850,573662.620173,64.763,62,124.238,4.557,61.715,144.747,88.662,432.07,196.26,81.41,188.29,88.63
5851,573662.623977,65.703,64,127.568,5.414,60.148,146.181,87.109,436.47,197.47,79.12,190.49,87.04
5852,573662.632219,62.663,57,127.949,3.639,64.48,140.411,86.424,436.89,195.14,84.82,182.82,86.33
5853,573662.636291,65.69,63,125.074,5.38,60.052,145.875,87.048,433.17,197.42,79.01,190.02,86.94
5854,573662.640193,64.714,61,127.0,5.216,60.764,142.259,87.163,435.78,197.2,80.0,184.75,87.06
5855,573662.652888,64.171,56,128.874,3.982,63.232,145.13,85.693,438.12,195.66,83.0,189.03,85.5
5856,573662.66092,65.965,46,125.331,5.099,60.211,147.833,87.768,433.18,197.1,79.2,193.5,87.59
5857,573662.664034,65.661,61,127.91,5.338,60.125,145.889,87.082,436.83,197.37,79.11,189.82,86.98
5858,573662.667499,62.778,52,128.255,3.473,64.493,140.987,86.474,437.3,194.92,84.83,183.62,86.37
5859,573662.672506,66.023,66,124.758,5.469,59.511,146.447,87.313,432.68,197.55,78.31,190.66,87.22
5860,573662.676191,65.75,62,127.453,5.295,60.183,146.532,87.291,436.24,197.31,79.19,190.64,87.19
5861,573662.684791,64.302,65,124.227,4.289,62.603,144.368,88.776,432.02,196.0,82.3,188.18,88.73
5862,573662.687813,66.002,61,127.445,5.459,59.906,147.297,87.346,436.16,197.53,78.83,191.48,87.27
5863,573662.69226,63.673,62,129.156,3.785,63.369,142.886,85.667,438.4,195.33,83.35,186.04,85.58
5864,573662.696554,66.019,62,125.231,4.901,60.084,147.831,87.898,433.35,196.79,79.06,192.58,87.81
5865,573662.700205,64.9,63,127.761,5.091,60.555,142.753,87.46,436.68,197.04,79.65,185.93,87.36
5866,573662.708858,63.009,56,125.317,3.732,63.766,140.501,88.255,433.63,195.31,83.79,182.72,88.11
5867,573662.712195,65.908,72,125.906,5.347,59.648,146.124,87.181,434.21,197.39,78.48,190.44,87.07
5868,573662.715857,64.822,58,127.314,5.058,60.779,142.867,87.289,436.25,196.98,80.04,185.22,87.2
5869,573662.719929,64.122,65,124.877,4.191,62.476,143.146,88.982,432.87,195.85,82.2,186.43,88.94
5870,573662.724063,65.516,64,127.847,5.237,60.261,145.403,87.461,436.87,197.23,79.27,189.34,87.37
5871,573662.736162,65.995,69,124.661,5.223,60.06,147.634,87.963,432.55,197.21,79.04,192.25,87.87
5872,573662.739881,64.87,60,127.122,5.286,60.682,142.889,87.483,435.97,197.3,79.8,186.48,87.43
5873,573662.748478,65.296,67,125.724,5.479,60.193,144.029,87.379,433.67,197.56,79.23,187.27,87.18
5874,573662.751598,64.778,61,125.879,5.319,61.062,143.294,87.334,434.24,197.34,80.34,186.64,87.24
5875,573662.76032,64.411,62,122.583,4.968,61.647,142.731,89.574,429.92,196.82,81.25,185.96,89.52
5876,573662.763916,65.437,61,126.511,5.511,60.418,145.34,87.572,435.08,197.6,79.49,189.39,87.5
5877,573662.767863,62.764,56,127.474,3.784,64.635,141.229,86.793,436.28,195.32,85.02,183.95,86.7
5878,573662.77195,65.558,64,124.095,5.47,60.425,146.035,87.503,431.85,197.54,79.53,190.08,87.39
5879,573662.775886,65.686,64,126.544,5.344,60.67,147.35,87.646,435.06,197.37,79.84,191.71,87.55
5880,573662.784825,64.316,59,122.947,4.448,62.807,144.915,88.981,430.32,196.2,82.65,188.98,88.88
5881,573662.787966,65.809,60,125.354,5.655,60.218,146.954,87.306,433.54,197.78,79.22,191.52,87.21
5882,573662.792031,63.867,56,128.163,4.139,63.395,143.931,86.014,437.14,195.8,83.4,187.35,85.91
5883,573662.79575,66.356,50,123.759,5.034,60.419,150.649,88.6,431.42,196.95,79.51,196.31,88.53
5884,573662.800724,65.527,61,127.115,5.276,60.517,146.085,87.522,435.81,197.28,79.63,190.07,87.42
5885,573662.804184,62.958,54,127.335,3.607,64.626,142.145,86.756,436.05,195.06,85.09,184.92,86.73
5886,573662.813013,65.42,72,124.696,5.271,60.379,145.154,87.454,432.63,197.28,79.43,189.26,87.34
5887,573662.824978,65.043,60,127.889,5.139,60.522,143.438,87.939,436.87,197.08,79.61,186.66,87.87
5888,573662.828518,63.207,61,128.942,3.829,64.013,142.009,85.908,438.22,195.41,84.16,184.8,85.75
5889,573662.836645,65.621,60,124.847,4.83,60.728,147.122,88.066,432.96,196.7,79.94,190.95,87.9
5890,573662.840477,65.069,65,128.205,4.964,61.027,144.777,87.64,437.36,196.86,80.27,188.85,87.53
5891,573662.844107,63.276,59,124.99,3.746,64.239,142.853,88.822,433.09,195.27,84.55,185.81,88.76
5892,573662.848121,65.286,68,125.88,5.15,60.658,145.081,87.411,434.21,197.12,79.79,189.05,87.32
5893,573662.852054,64.46,58,127.004,4.867,61.702,143.111,87.477,435.7,196.74,81.17,186.37,87.38
5894,573662.856057,63.168,55,124.699,3.661,64.091,141.987,89.248,432.59,195.17,84.32,184.63,89.25
5895,573662.864071,65.298,63,127.744,5.03,61.251,146.566,87.55,436.68,196.96,80.6,190.53,87.45
5896,573662.868464,63.487,56,126.834,4.769,62.729,140.522,87.462,435.5,196.61,82.55,182.84,87.38
5897,573662.871916,65.126,67,124.917,5.022,61.16,145.403,87.867,432.88,196.94,80.46,189.62,87.81
5898,573662.876284,64.324,63,127.682,5.048,62.006,143.106,87.528,436.58,196.98,81.56,186.41,87.43
5899,573662.880162,62.246,63,124.957,3.671,65.445,140.538,88.35,433.07,195.19,86.1,183.18,88.33
5900,573662.888884,65.019,61,125.95,5.318,61.402,145.394,87.214,434.16,197.34,80.78,189.33,87.05
5901,573662.891738,64.166,57,126.483,4.953,62.34,143.06,86.998,435.11,196.85,82.08,185.81,86.91
5902,573662.896189,63.446,55,123.372,4.177,63.707,142.507,89.219,430.95,195.82,83.84,185.68,89.15
5903,573662.900515,65.055,62,126.998,5.248,61.508,145.84,87.349,435.65,197.24,80.92,189.89,87.25
5904,573662.912268,65.258,70,124.197,5.368,61.167,146.146,87.156,431.96,197.41,80.49,190.33,87.04
5905,573662.916015,64.059,63,126.301,5.08,61.838,141.363,86.93,434.8,197.03,81.35,184.2,86.83
5906,573662.924231,64.995,60,126.548,5.309,61.232,144.862,86.866,435.08,197.33,80.61,188.06,86.79
5907,573662.928066,63.575,59,129.334,4.13,63.529,142.752,85.016,438.67,195.8,83.54,185.81,84.9
5908,573662.931656,65.0,57,125.41,4.854,61.5,145.52,87.586,433.61,196.73,80.92,189.53,87.5
5909,573662.940512,64.264,63,127.52,5.076,61.749,142.204,86.928,436.38,197.02,81.22,185.26,86.83
5910,573662.944432,62.528,56,125.487,3.594,65.329,141.618,87.816,433.73,195.07,85.96,184.4,87.72
5911,573662.948851,65.252,70,125.458,5.239,60.95,145.596,86.862,433.53,197.26,80.23,189.43,86.73
5912,573662.95174,64.418,61,127.384,4.96,61.729,142.955,86.767,436.2,196.87,81.2,186.16,86.66
5913,573662.955811,64.6,55,125.194,4.517,62.275,145.185,88.053,433.35,196.25,81.96,189.03,88.02
5914,573662.964565,65.345,63,128.559,5.189,61.192,146.687,86.678,437.72,197.17,80.48,191.08,86.58
5915,573662.967863,62.532,66,129.049,3.371,65.237,141.434,85.53,438.37,194.8,85.8,184.0,85.38
5916,573662.972131,65.084,58,126.061,4.831,61.277,145.453,87.085,434.45,196.7,80.62,189.41,86.98
5917,573662.976312,65.332,63,129.282,4.895,61.138,146.489,86.55,438.66,196.78,80.44,190.31,86.47
5918,573662.980005,62.881,56,126.214,3.621,64.913,142.405,87.697,434.6,195.13,85.37,185.39,87.65
5919,573662.988745,64.808,65,127.176,5.177,61.11,143.568,86.533,435.9,197.16,80.38,187.01,86.42
5920,573663.001158,65.079,62,129.196,5.133,61.34,145.576,86.63,438.51,197.1,80.69,189.41,86.52
5921,573663.003715,62.574,57,129.183,3.264,65.416,142.022,85.56,438.5,194.65,86.03,184.89,85.45
5922,573663.00814,65.057,58,126.454,5.014,61.138,144.975,86.476,435.04,196.94,80.52,187.88,86.36
5923,573663.016227,65.343,63,128.861,5.012,61.302,146.939,86.568,438.16,196.94,80.66,190.85,86.43
5924,573663.019483,62.882,58,125.849,3.645,64.829,142.223,87.764,434.17,195.14,85.29,185.21,87.68
5925,573663.024511,64.813,62,127.219,5.221,61.01,143.36,86.382,435.86,197.21,80.3,186.17,86.26
5926,573663.027683,63.674,58,130.628,3.902,63.537,143.269,84.062,440.3,195.51,83.56,186.3,83.93
5927,573663.031882,65.8,48,126.344,5.073,60.66,147.981,86.621,434.78,197.04,79.83,192.74,86.49
5928,573663.040388,65.578,62,128.444,5.155,60.434,146.169,86.388,437.52,197.13,79.51,190.15,86.28
5929,573663.04385,63.3,54,128.797,3.552,64.376,143.277,85.215,437.61,195.08,84.73,185.76,85.22
5930,573663.047813,65.685,65,125.397,5.299,60.31,146.473,86.345,433.53,197.33,79.37,190.6,86.24
5931,573663.051926,65.845,55,127.538,5.138,60.302,147.361,86.298,436.44,197.1,79.36,191.4,86.22
5932,573663.056007,64.163,62,124.129,4.175,62.883,144.291,87.961,431.91,195.83,82.75,188.03,87.88
5933,573663.064368,65.747,59,126.742,5.395,59.984,146.03,86.491,435.34,197.45,78.91,190.24,86.38
5934,573663.068317,63.548,70,128.672,3.676,63.648,142.889,85.238,437.81,195.19,83.73,186.0,85.13
5935,573663.072088,66.026,63,125.209,5.114,59.886,147.386,86.834,433.28,197.07,78.81,191.75,86.71
5936,573663.076432,64.997,62,127.436,5.208,60.169,142.358,86.649,436.27,197.2,79.14,185.46,86.55
5937,573663.089102,65.953,72,125.682,5.572,59.314,145.561,86.493,433.95,197.68,78.03,189.68,86.39
5938,573663.091959,64.942,58,126.678,5.326,60.245,142.241,86.751,435.17,197.37,79.29,184.84,86.67
5939,573663.096241,64.39,58,124.597,4.333,61.887,143.176,88.405,432.54,196.03,81.43,186.53,88.33
5940,573663.100368,65.968,63,127.582,5.477,59.427,145.926,86.643,436.51,197.55,78.14,190.36,86.54
5941,573663.104061,63.394,61,128.193,3.785,63.616,142.048,85.852,437.24,195.34,83.69,184.81,85.73
5942,573663.108263,66.212,61,125.42,5.333,59.301,147.018,87.129,433.48,197.36,78.05,191.49,87.08
5943,573663.117177,65.994,63,128.483,5.347,59.466,146.171,86.942,437.8,197.38,78.31,189.43,86.82
5944,573663.12024,63.689,54,125.382,4.049,63.177,142.536,88.061,433.56,195.66,83.12,185.63,87.98
5945,573663.124203,65.847,67,126.334,5.658,59.234,144.763,86.792,434.69,197.81,77.96,188.42,86.62
5946,573663.128517,65.048,57,127.014,5.433,60.082,142.423,86.908,435.71,197.49,79.03,185.49,86.81
5947,573663.131629,65.951,60,125.365,5.086,59.729,146.569,88.153,433.39,197.0,78.67,190.82,88.13
5948,573663.140415,66.212,60,128.713,5.504,59.11,146.544,87.06,437.87,197.6,77.74,190.71,87.0
5949,573663.143643,63.813,57,129.44,3.821,63.344,143.536,85.948,438.88,195.4,83.27,186.85,85.81
5950,573663.148147,66.242,64,126.305,5.337,59.189,146.914,87.283,434.71,197.36,77.88,191.12,87.16
5951,573663.152364,64.765,62,127.614,5.252,60.014,140.765,87.102,436.5,197.26,78.94,183.17,87.03
5952,573663.15563,63.143,57,125.975,3.798,63.469,140.493,88.164,434.47,195.33,83.54,182.62,88.07
5953,573663.159942,65.876,63,127.26,5.413,59.358,145.229,87.175,435.91,197.46,78.1,188.8,87.03
5954,573663.168721,64.428,59,130.512,4.337,61.969,143.562,85.648,440.19,196.06,81.49,186.79,85.53
5955,573663.180732,62.713,50,129.618,3.019,65.286,142.405,86.404,439.05,194.34,85.86,185.54,86.26
5956,573663.184105,65.987,66,125.736,5.409,59.406,145.981,87.652,433.92,197.46,78.18,190.03,87.52
5957,573663.19322,64.872,58,127.13,5.218,60.656,142.84,87.659,435.96,197.2,79.85,185.49,87.56
5958,573663.195904,64.045,58,124.271,4.044,63.015,143.979,89.468,432.12,195.64,82.93,187.54,89.41
5959,573663.200437,66.076,62,127.149,5.428,59.962,147.864,87.922,435.9,197.48,78.91,192.21,87.82
5960,573663.203777,63.278,64,128.299,3.789,64.18,142.732,86.466,437.32,195.33,84.43,185.81,86.38
5961,573663.207766,65.903,59,124.617,5.139,60.352,147.82,88.119,432.51,197.1,79.47,191.8,88.02
5962,573663.216594,65.386,68,127.764,5.382,60.589,145.473,87.925,436.75,197.4,79.73,189.09,87.9
5963,573663.219877,63.181,57,124.503,3.972,64.112,142.1,88.723,432.43,195.56,84.36,185.1,88.65
5964,573663.223897,65.376,68,125.059,5.512,60.241,144.577,87.51,432.86,197.62,79.32,188.04,87.33
5965,573663.227792,64.561,59,125.708,5.149,61.266,142.629,87.654,434.06,197.11,80.63,185.58,87.54
5966,573663.232061,64.897,61,123.668,4.682,61.512,144.989,89.175,431.31,196.48,80.96,188.98,89.12
5967,573663.235882,65.677,66,126.812,5.277,60.256,146.294,87.685,435.47,197.29,79.29,190.55,87.63
5968,573663.244457,63.273,56,126.122,4.44,63.125,140.36,87.398,434.6,196.27,82.82,182.86,87.25
5969,573663.24866,65.766,66,123.761,5.201,60.135,146.508,87.976,431.45,197.18,79.13,190.92,87.89
5970,573663.251865,65.494,62,126.881,4.956,60.766,146.498,87.702,435.56,196.88,80.0,190.63,87.66
5971,573663.255934,63.568,57,123.617,3.802,63.771,143.265,89.106,431.18,195.34,83.88,186.9,89.05
5972,573663.268701,64.612,56,125.994,4.757,61.29,142.955,87.559,434.38,196.6,80.63,186.22,87.47
5973,573663.272,65.341,59,124.235,4.542,61.084,146.408,88.787,431.91,196.25,80.5,190.9,88.82
5974,573663.281147,62.481,54,125.305,3.232,65.277,141.279,88.787,433.58,194.57,85.9,183.75,88.74
5975,573663.283803,65.347,67,125.097,4.845,60.865,145.914,87.703,433.18,196.72,80.08,190.13,87.61
5976,573663.293067,65.269,59,128.02,4.581,61.519,147.051,87.69,437.1,196.37,80.98,191.04,87.65
5977,573663.296945,63.402,63,124.833,3.527,64.123,143.22,89.433,432.75,195.01,84.23,186.9,89.37
5978,573663.300136,65.318,62,127.744,4.851,61.137,146.409,87.811,436.59,196.71,80.45,190.31,87.71
5979,573663.303564,63.384,62,128.237,4.594,62.491,139.486,86.992,437.3,196.39,82.19,181.64,86.89
5980,573663.308361,64.692,56,126.083,4.507,61.716,144.369,88.403,434.63,196.27,81.22,187.56,88.29
5981,573663.311787,63.794,63,128.202,4.691,62.318,141.118,87.407,437.3,196.51,81.98,183.69,87.33
5982,573663.320674,61.168,51,128.398,2.96,66.439,137.772,88.118,437.3,194.21,87.47,179.01,88.19
5983,573663.323929,64.956,64,126.52,5.024,61.551,145.402,87.257,434.95,196.93,80.94,189.23,87.12
5984,573663.328334,63.793,62,127.727,4.798,62.673,141.917,87.204,436.83,196.67,82.49,184.01,87.01
5985,573663.331737,63.033,57,125.055,3.657,64.938,143.201,89.018,433.07,195.16,85.38,186.58,89.0
5986,573663.336355,65.076,63,127.951,5.142,61.986,147.091,87.463,436.83,197.11,81.56,191.21,87.39
5987,573663.344862,62.404,66,129.131,3.477,65.879,142.215,85.666,438.41,194.93,86.65,185.11,85.56
5988,573663.356497,62.043,54,125.346,3.316,66.559,141.973,87.855,433.56,194.71,87.57,184.97,87.8
5989,573663.360186,64.151,63,125.814,5.208,62.175,142.605,86.808,434.06,197.2,81.81,185.52,86.7
5990,573663.364127,63.936,62,126.715,5.092,62.375,141.963,86.452,435.33,197.05,82.05,184.91,86.34
5991,573663.372256,64.277,58,124.487,4.585,62.714,144.494,88.032,432.35,196.38,82.52,188.37,87.93
5992,573663.376287,64.922,66,128.008,5.201,61.594,145.319,86.616,436.92,197.19,81.04,188.98,86.5
5993,573663.380359,63.288,57,126.472,4.81,62.828,139.774,86.571,435.0,196.67,82.66,182.02,86.47
5994,573663.384187,65.066,70,125.065,5.08,61.224,145.227,86.782,433.14,197.03,80.55,189.24,86.68
5995,573663.388424,64.292,62,127.399,4.835,61.563,141.923,86.422,436.36,196.72,81.01,184.93,86.37
5996,573663.39709,63.34,55,127.124,4.61,62.617,139.552,86.52,435.86,196.41,82.38,181.75,86.41
5997,573663.399847,64.87,64,127.39,5.051,61.028,143.705,86.537,436.13,197.01,80.29,187.29,86.39
5998,573663.404566,64.159,59,127.13,4.76,61.814,141.818,86.279,435.87,196.61,81.31,184.7,86.17
5999,573663.408811,65.077,62,125.042,4.598,61.493,145.924,87.736,432.96,196.27,81.22,189.53,87.62
6000,573663.41195,64.944,64,128.524,4.946,61.347,144.853,86.651,437.63,196.85,80.7,188.51,86.55
6001,573663.421094,62.256,51,127.83,3.251,65.285,140.243,85.626,436.76,194.63,85.87,182.63,85.51
6002,573663.42386,65.545,64,125.659,5.275,60.557,146.279,86.351,433.85,197.3,79.69,190.43,86.24
6003,573663.428208,65.305,61,129.073,4.947,61.166,146.402,86.737,438.56,196.84,80.54,189.74,86.75
6004,573663.440477,63.238,64,129.654,3.562,64.455,143.143,85.045,439.09,195.04,84.79,186.28,84.93
6005,573663.448241,65.248,57,126.628,5.078,60.885,145.416,86.533,435.17,197.03,80.09,189.41,86.42
6006,573663.452223,64.528,64,128.428,5.228,61.088,142.043,86.334,437.59,197.22,80.36,184.86,86.23
6007,573663.455958,62.572,55,126.236,3.751,64.765,140.599,87.144,434.7,195.28,85.21,183.08,87.05
6008,573663.460035,65.487,73,126.358,5.505,60.327,145.402,86.1,434.82,197.6,79.35,189.43,85.98
6009,573663.463936,64.603,60,127.76,5.207,61.043,142.328,86.197,436.69,197.2,80.29,185.35,86.08
6010,573663.471845,64.489,59,125.03,4.815,61.723,143.314,88.06,433.08,196.67,81.22,186.68,87.99
6011,573663.475924,65.218,64,128.142,5.379,60.337,143.946,86.222,437.16,197.43,79.36,187.45,86.11
6012,573663.4797,62.955,61,128.965,3.666,64.255,141.316,85.624,438.39,195.2,84.5,183.66,85.41
6013,573663.484068,65.867,60,126.06,5.375,59.877,146.447,86.353,434.45,197.42,78.77,190.73,86.24
6014,573663.488079,64.808,64,128.034,5.342,60.431,141.972,86.302,437.07,197.37,79.5,184.79,86.2
6015,573663.496311,63.437,61,125.71,4.071,63.505,142.009,87.467,434.0,195.7,83.55,184.93,87.37
6016,573663.499938,65.385,67,126.563,5.531,59.795,143.557,86.039,434.95,197.65,78.62,187.28,85.86
6017,573663.503718,64.935,57,127.644,5.217,60.405,142.584,86.19,436.64,197.21,79.5,185.18,86.06
6018,573663.507886,64.893,54,126.542,5.13,60.163,141.792,87.131,435.92,197.14,79.22,182.1,86.81
6019,573663.511841,65.492,62,127.961,5.377,59.681,143.872,86.521,436.95,197.42,78.5,187.38,86.41
6020,573663.524695,66.188,71,125.234,5.477,59.197,146.624,86.66,433.35,197.56,77.88,191.07,86.56
6021,573663.52802,65.052,67,127.402,5.141,59.977,142.198,86.676,436.22,197.11,78.89,185.23,86.57
6022,573663.536621,66.08,61,126.507,5.533,59.088,145.733,86.616,435.04,197.63,77.73,189.85,86.51
6023,573663.54036,64.162,59,129.328,3.899,62.668,143.794,85.442,438.65,195.48,82.44,187.13,85.34
6024,573663.548363,66.177,49,126.199,5.097,59.21,146.588,87.465,434.62,197.05,77.9,190.98,87.38
6025,573663.551788,66.092,62,128.246,5.296,59.323,146.381,87.08,437.25,197.31,78.05,190.44,86.98
6026,573663.556641,63.603,50,126.001,3.78,63.328,142.439,87.468,434.38,195.32,83.32,185.46,87.38
6027,573663.560214,66.456,63,125.1,5.546,58.708,146.972,87.226,433.06,197.64,77.28,190.96,87.09
6028,573663.564111,65.387,61,126.73,5.219,59.655,143.233,87.147,435.34,197.21,78.48,186.56,87.05
6029,573663.572591,64.236,59,124.396,4.144,62.192,143.078,88.97,432.27,195.78,81.84,186.41,88.91
6030,573663.576286,65.948,63,126.583,5.413,59.008,144.779,87.287,435.14,197.46,77.63,188.59,87.19
6031,573663.579956,63.909,61,128.882,4.032,62.683,142.528,85.863,438.14,195.69,82.38,185.52,85.71
6032,573663.584221,66.316,62,124.842,5.204,59.281,147.581,87.799,432.81,197.18,78.02,192.02,87.69
6033,573663.588404,65.116,65,126.913,5.221,59.765,142.036,87.564,435.59,197.21,78.62,185.06,87.47
6034,573663.592312,63.796,51,128.211,3.615,63.297,143.347,86.672,437.25,195.1,83.26,186.69,86.57
6035,573663.600829,65.92,61,125.589,5.494,59.062,144.755,87.627,433.71,197.56,77.74,188.21,87.52
6036,573663.612819,66.228,61,127.408,5.307,59.395,147.344,87.453,436.21,197.32,78.14,191.89,87.34
6037,573663.615886,63.014,65,127.44,3.667,63.942,140.911,86.975,436.21,195.15,84.14,183.67,86.76
6038,573663.624764,65.885,62,124.453,5.116,59.508,145.65,88.017,432.27,197.07,78.35,189.29,87.92
6039,573663.628147,65.972,59,126.962,5.07,59.983,147.313,87.859,435.59,197.03,78.91,191.7,87.82
6040,573663.63232,63.979,57,123.732,3.865,63.02,143.65,89.547,431.27,195.42,82.86,187.59,89.5
6041,573663.635728,65.834,62,126.083,5.266,59.61,145.608,88.228,434.55,197.26,78.45,189.35,88.16
6042,573663.640393,64.004,58,126.629,5.098,61.2,139.627,87.671,435.24,197.01,80.63,181.68,87.58
6043,573663.648028,64.557,59,125.542,4.867,60.659,141.192,88.708,433.79,196.73,79.82,183.92,88.63
6044,573663.652132,65.485,64,127.198,5.111,60.289,145.297,88.123,436.08,197.08,79.31,189.59,88.1
6045,573663.656139,62.056,58,126.516,3.575,64.544,137.733,88.903,435.05,195.04,84.92,179.41,88.82
6046,573663.659707,65.49,65,124.466,5.126,60.269,145.276,88.338,432.56,197.05,79.33,188.69,88.31
6047,573663.663841,65.571,64,127.31,5.046,60.849,147.133,88.22,436.07,196.98,80.09,191.39,88.16
6048,573663.668507,63.45,65,124.057,3.772,63.973,143.124,89.673,431.84,195.29,84.18,186.45,89.62
6049,573663.676861,65.127,61,126.342,5.176,60.802,144.559,88.226,434.83,197.14,79.99,188.32,88.14
6050,573663.680329,63.557,61,126.79,5.021,62.137,139.538,87.654,435.53,196.92,81.82,181.29,87.6
6051,573663.684382,65.351,58,124.436,4.953,61.152,146.624,88.623,432.18,196.86,80.5,191.0,88.49
6052,573663.693196,63.251,55,123.771,3.644,65.057,144.544,89.593,431.46,195.12,85.6,188.32,89.54
6053,573663.700971,65.116,70,124.58,5.251,61.426,145.984,87.897,432.5,197.25,80.82,190.27,87.81
6054,573663.70457,64.026,61,126.488,5.014,62.395,142.467,87.761,435.03,196.93,82.08,185.58,87.67
6055,573663.708469,62.873,63,124.254,3.743,64.825,142.169,89.413,431.91,195.29,85.23,185.04,89.44
6056,573663.712682,64.612,64,126.866,5.224,62.073,144.778,87.865,435.58,197.19,81.67,188.28,87.79
6057,573663.715743,62.953,52,126.894,4.875,63.316,139.24,87.303,435.58,196.75,83.34,180.96,87.2
6058,573663.724759,65.132,68,124.215,5.001,61.639,146.576,88.109,432.05,196.91,81.1,190.95,88.04
6059,573663.727908,64.836,66,128.168,5.007,62.112,146.072,87.538,437.28,196.95,81.77,189.97,87.52
6060,573663.732079,62.493,54,125.075,3.692,65.61,142.056,88.597,433.4,195.09,86.59,184.77,88.38
6061,573663.736655,64.666,62,125.933,5.138,61.805,144.441,87.182,434.14,197.11,81.31,188.06,87.02
6062,573663.740211,63.629,58,126.407,4.834,62.846,141.486,87.211,434.88,196.7,82.69,184.11,87.09
6063,573663.744237,64.418,56,124.86,4.337,62.705,145.216,88.45,432.79,196.03,82.53,189.1,88.37
6064,573663.752458,64.864,64,128.177,4.885,61.782,145.446,87.287,437.17,196.79,81.28,189.25,87.24
6065,573663.756805,63.071,57,126.68,4.58,63.167,139.479,87.388,435.27,196.36,83.11,181.62,87.3
6066,573663.760105,64.981,73,125.294,4.748,61.607,145.672,87.363,433.39,196.59,81.07,189.66,87.26
6067,573663.76365,64.954,61,128.414,4.537,62.072,146.622,87.236,437.71,196.32,81.69,190.37,87.09
6068,573663.768119,62.897,63,125.151,3.335,65.145,142.989,88.588,433.18,194.75,85.61,186.5,88.55
6069,573663.781262,63.591,54,126.819,4.456,62.782,141.156,87.209,435.28,196.25,82.58,183.32,87.2
6070,573663.784238,64.92,61,125.445,4.335,61.973,146.201,87.81,433.58,196.05,81.53,190.64,87.71
6071,573663.7884,64.702,64,129.015,4.446,62.075,145.261,86.916,438.25,196.19,81.66,188.99,86.82
6072,573663.791744,63.134,60,127.441,4.289,63.182,139.81,87.007,436.31,195.96,83.17,181.61,87.0
6073,573663.801218,64.9,73,125.894,4.738,61.642,145.313,86.855,434.28,196.58,81.09,189.17,86.75
6074,573663.803795,63.521,63,127.458,4.507,62.646,140.501,86.838,436.18,196.26,82.48,182.19,86.7
6075,573663.808887,62.05,58,125.556,3.113,65.705,140.184,88.011,433.8,194.44,86.44,182.58,87.94
6076,573663.811531,64.152,56,128.455,4.703,62.026,142.266,87.275,437.66,196.51,81.6,184.99,87.22
6077,573663.816478,63.306,63,127.242,4.67,63.037,140.322,86.68,436.0,196.49,82.93,182.71,86.57
6078,573663.819889,65.231,63,125.049,4.734,61.674,147.205,87.383,433.11,196.57,81.14,191.78,87.29
6079,573663.828876,65.01,65,129.097,4.901,61.891,146.503,86.739,438.35,196.8,81.42,190.57,86.63
6080,573663.832617,62.921,55,125.369,3.808,65.08,142.965,87.919,433.55,195.35,85.62,186.19,87.84
6081,573663.836251,65.172,70,126.192,5.355,61.253,145.874,86.542,434.37,197.41,80.59,189.76,86.37
6082,573663.84066,64.154,59,127.346,5.118,62.085,142.411,86.392,436.16,197.08,81.67,185.49,86.28
6083,573663.844257,64.274,55,125.143,4.651,62.861,144.819,87.807,433.09,196.34,83.0,188.47,87.85
6084,573663.852536,65.214,66,128.42,5.432,61.419,146.507,86.46,437.52,197.5,80.79,190.76,86.36
6085,573663.864601,65.414,65,128.673,5.364,61.193,147.077,86.422,437.81,197.41,80.5,191.29,86.31
6086,573663.86787,63.154,62,125.277,4.121,64.615,143.08,87.429,433.43,195.76,85.01,186.36,87.34
6087,573663.872107,65.015,62,126.556,5.617,60.827,144.009,86.007,435.03,197.75,80.03,187.44,85.9
6088,573663.8806,64.541,55,127.169,5.348,61.23,142.442,86.092,435.92,197.39,80.54,185.52,85.98
6089,573663.884413,65.382,62,125.641,5.176,60.933,146.272,87.039,433.91,197.16,80.16,190.54,86.92
6090,573663.888268,65.502,70,129.245,5.382,60.639,146.24,86.334,438.54,197.43,79.77,190.24,86.22
6091,573663.892306,63.333,60,129.464,3.613,64.173,142.986,85.11,438.86,195.14,84.35,186.03,84.98
6092,573663.896279,66.017,66,126.225,5.332,59.885,147.33,85.99,434.65,197.37,78.78,191.91,85.88
6093,573663.904982,64.604,62,128.092,5.025,60.785,141.734,86.194,437.13,196.96,79.95,184.62,86.08
6094,573663.908431,63.308,60,126.099,3.697,63.376,141.087,87.576,434.51,195.17,83.49,183.64,87.49
6095,573663.911602,65.438,59,127.758,5.115,59.78,143.81,85.969,436.45,197.06,78.64,186.69,85.73
6096,573663.916545,64.163,59,130.994,3.837,62.32,142.996,84.436,440.82,195.42,81.94,186.04,84.31
6097,573663.91972,66.371,57,126.332,4.753,59.579,148.647,86.967,434.97,196.63,78.41,192.5,86.72
6098,573663.929213,65.824,63,129.845,4.837,59.795,146.008,86.33,439.35,196.73,78.66,189.63,86.3
6099,573663.931671,63.527,55,126.753,3.565,63.353,142.119,87.371,435.37,195.03,83.35,184.99,87.28
6100,573663.936224,66.279,67,126.6,5.093,59.008,146.682,86.627,435.05,197.07,77.66,190.91,86.51
6101,573663.948438,66.408,57,128.494,5.118,59.126,147.733,86.91,437.6,197.08,77.79,192.18,86.8
6102,573663.956266,63.674,63,129.672,3.709,63.138,142.369,85.197,439.11,195.24,83.05,185.29,85.08
6103,573663.959869,66.142,56,126.102,5.137,59.541,147.205,86.929,434.54,197.11,78.37,191.09,86.76
6104,573663.964487,65.125,60,127.866,5.216,59.92,142.451,86.96,436.87,197.2,78.85,185.25,86.87
6105,573663.967957,61.973,52,126.935,3.565,64.19,136.606,87.527,435.63,195.07,84.43,177.89,87.57
6106,573663.971793,65.886,67,125.758,5.669,59.41,145.415,86.889,433.87,197.77,78.1,189.17,86.7
6107,573663.980048,65.078,55,126.384,5.469,60.043,142.49,87.104,434.88,197.55,79.03,185.13,87.01
6108,573663.983922,64.857,51,123.714,5.18,60.659,142.768,88.887,431.45,197.12,79.9,185.86,88.76
6109,573663.988098,65.716,62,127.479,5.673,59.584,144.881,87.051,436.35,197.81,78.38,188.8,86.96
6110,573663.992013,63.947,59,128.419,3.981,63.215,143.933,85.961,437.51,195.59,83.15,187.43,85.86
6111,573663.996025,66.063,68,125.225,5.548,59.22,145.958,87.003,433.43,197.67,77.85,190.05,86.89
6112,573664.004888,66.208,62,127.443,5.542,59.435,147.33,87.357,436.22,197.63,78.2,191.66,87.25
6113,573664.007983,64.777,56,123.925,4.632,61.71,144.809,88.679,431.6,196.44,81.2,188.79,88.58
6114,573664.012675,66.122,62,126.886,5.642,58.941,145.61,87.426,435.52,197.76,77.53,189.71,87.33
6115,573664.015757,64.896,58,126.251,5.444,60.058,141.56,87.214,434.79,197.48,79.01,184.57,87.08
6116,573664.020408,65.876,62,124.774,5.055,59.773,146.248,88.544,432.56,196.98,78.68,190.12,88.44
6117,573664.032976,64.258,51,126.81,4.871,61.115,140.712,87.528,435.37,196.72,80.51,182.84,87.47
6118,573664.036315,66.374,68,125.525,5.308,59.017,147.257,87.49,433.67,197.32,77.66,191.68,87.38
6119,573664.045379,64.352,55,123.51,3.868,62.26,143.838,89.992,431.12,195.39,81.95,187.52,89.93
6120,573664.048121,66.548,58,127.096,4.966,59.397,149.247,87.814,435.77,196.87,78.15,194.26,87.72
6121,573664.056264,64.115,61,129.436,3.359,63.069,144.466,86.342,438.86,194.77,82.96,188.17,86.26
6122,573664.061072,65.976,56,126.241,4.543,59.82,146.936,88.2,434.59,196.31,78.71,191.23,88.1
6123,573664.063678,64.727,61,127.948,4.666,60.65,142.062,87.678,436.94,196.48,79.78,185.03,87.59
6124,573664.068221,61.771,55,126.91,2.846,64.655,136.694,86.973,435.6,194.02,85.14,178.05,86.79
6125,573664.072063,65.231,68,126.434,4.739,60.311,143.952,87.8,434.77,196.57,79.32,187.54,87.64
6126,573664.080699,64.636,59,127.275,4.619,61.294,143.084,87.766,436.05,196.41,80.63,186.32,87.68
6127,573664.084073,63.384,59,125.049,3.383,63.72,142.229,89.53,433.13,194.78,83.84,185.26,89.48
6128,573664.088385,65.093,60,127.158,4.874,60.686,144.097,87.865,435.9,196.75,79.83,187.71,87.78
6129,573664.091746,62.895,62,128.77,3.422,64.712,142.028,86.465,437.91,194.85,85.14,184.78,86.38
6130,573664.095738,65.348,58,125.373,4.838,60.94,146.103,88.018,433.56,196.69,80.22,189.92,87.92
6131,573664.099855,64.928,65,128.643,4.925,61.151,144.305,88.312,437.76,196.82,80.45,187.81,88.21
6132,573664.109054,62.737,57,124.999,3.717,64.995,141.888,88.741,433.07,195.22,85.52,184.8,88.67
6133,573664.121072,64.163,53,123.071,4.388,62.981,144.514,89.711,430.53,196.09,82.89,188.35,89.65
6134,573664.123827,65.406,62,127.815,5.446,61.033,146.648,87.571,436.7,197.5,80.3,190.79,87.47
6135,573664.132479,62.719,57,128.011,3.807,65.062,141.947,86.378,437.01,195.36,85.59,184.73,86.26
6136,573664.13638,65.333,65,125.067,5.364,60.941,146.021,87.282,433.19,197.41,80.16,190.19,87.16
6137,573664.140496,65.408,62,128.178,5.046,61.323,147.357,87.411,437.17,196.98,80.68,191.67,87.32
6138,573664.144385,63.751,60,124.791,3.956,63.728,144.091,88.904,432.74,195.53,83.85,187.82,88.85
6139,573664.148001,65.525,57,128.055,5.151,60.621,146.32,87.69,437.2,197.1,79.76,190.29,87.66
6140,573664.156261,64.053,57,128.088,4.883,61.689,140.989,86.972,437.21,196.77,81.17,183.24,86.83
6141,573664.16021,65.749,61,125.468,4.653,60.945,148.38,88.196,433.52,196.45,80.24,192.6,88.08
6142,573664.163911,65.382,61,129.863,4.764,60.937,146.287,87.191,439.39,196.61,80.15,190.37,87.1
6143,573664.16941,62.947,55,130.229,3.18,64.758,142.384,86.206,439.78,194.56,85.15,185.17,86.15
6144,573664.172349,65.369,71,127.399,4.82,60.671,145.573,86.876,436.13,196.69,79.82,189.43,86.76
6145,573664.176151,64.435,59,129.271,4.456,61.662,142.892,86.945,438.74,196.2,81.16,185.5,86.84
6146,573664.184349,64.509,62,127.175,3.923,62.285,144.723,88.331,435.87,195.49,81.94,188.47,88.26
6147,573664.188354,65.174,62,129.88,4.638,60.934,145.128,86.953,439.4,196.44,80.14,188.85,86.85
6148,573664.191497,62.928,61,130.83,2.902,64.946,142.702,85.901,440.63,194.22,85.28,185.82,85.76
6149,573664.196998,65.361,57,127.895,4.237,61.013,146.352,87.621,436.81,195.91,80.26,190.6,87.53
6150,573664.208881,63.356,54,125.446,3.368,64.538,143.913,89.137,433.61,194.76,84.92,187.4,89.09
6151,573664.212927,65.474,67,127.175,4.821,60.801,146.47,87.205,435.79,196.67,79.98,190.42,87.06
6152,573664.221162,63.833,61,125.358,3.578,63.9,144.903,88.833,433.5,195.04,84.06,188.78,88.77
6153,573664.223918,65.807,58,128.202,4.993,60.873,148.539,87.153,437.36,196.9,80.11,192.72,87.08
6154,573664.232213,62.376,62,128.67,3.462,65.264,140.757,86.1,438.02,194.88,85.8,183.7,85.94
6155,573664.235834,65.305,60,126.21,5.055,60.714,145.325,86.951,434.7,196.99,79.9,189.03,86.84
6156,573664.239847,64.654,59,127.697,5.102,61.031,142.567,86.768,436.58,197.06,80.35,184.92,86.66
6157,573664.244775,63.507,58,125.501,4.178,63.528,142.413,87.96,433.73,195.83,83.59,185.47,87.88
6158,573664.248033,65.37,65,126.838,5.447,60.121,144.258,86.767,435.22,197.51,79.14,187.24,86.62
6159,573664.252089,64.604,58,126.843,5.161,61.053,142.356,86.684,435.53,197.13,80.33,185.2,86.6
6160,573664.260006,65.569,59,124.781,5.133,60.604,146.529,87.436,432.45,197.1,79.96,190.29,87.35
6161,573664.264059,65.749,67,128.304,5.229,59.912,145.868,86.949,437.36,197.23,78.83,189.84,86.86
6162,573664.267755,63.766,56,129.01,3.614,63.68,144.058,85.535,438.29,195.11,83.75,187.62,85.43
6163,573664.271964,66.047,65,125.588,5.165,59.743,147.154,86.71,433.81,197.15,78.6,191.72,86.61
6164,573664.275923,65.977,62,127.897,5.045,59.888,147.107,87.066,436.81,196.98,78.8,191.36,86.96
6165,573664.284059,64.419,63,124.394,4.029,62.41,144.539,88.528,432.25,195.63,82.12,188.33,88.46
6166,573664.296619,65.323,58,123.523,4.578,60.189,144.165,89.439,431.15,196.3,79.34,187.8,89.36
6167,573664.299891,65.628,58,128.544,4.903,59.786,144.88,87.098,437.69,196.79,78.65,188.54,87.0
6168,573664.308929,62.806,50,129.492,3.066,63.935,139.902,87.232,438.86,194.41,84.12,182.4,87.02
6169,573664.312216,66.089,64,126.989,5.093,58.998,145.562,87.228,435.59,197.04,77.62,189.41,87.12
6170,573664.316571,65.371,58,128.483,4.75,60.031,144.048,87.182,437.67,196.59,78.99,187.23,87.07
6171,573664.319601,64.562,63,126.047,3.78,61.844,143.981,89.095,434.41,195.3,81.37,187.51,89.03
6172,573664.323853,66.477,58,129.357,4.985,59.175,148.265,87.294,438.78,196.9,77.82,193.22,87.21
6173,573664.328214,63.607,62,130.586,3.37,63.63,143.141,86.145,440.3,194.78,83.69,186.26,86.04
6174,573664.337048,65.764,62,127.903,4.763,59.717,145.473,87.587,436.77,196.6,78.57,189.22,87.47
6175,573664.34152,66.042,61,129.815,4.926,59.837,147.357,87.471,439.45,196.81,78.74,191.42,87.31
6176,573664.343486,63.942,55,126.709,3.923,63.081,143.603,88.667,435.29,195.49,82.99,186.93,88.6
6177,573664.348373,65.827,62,128.53,5.278,59.599,145.542,87.483,437.68,197.28,78.4,189.4,87.39
6178,573664.351641,64.826,55,132.023,4.472,61.414,144.381,85.225,442.12,196.24,80.75,187.73,85.09
6179,573664.360706,65.021,56,128.276,4.967,60.392,143.014,87.802,437.34,196.87,79.44,186.23,87.71
6180,573664.363641,66.087,67,129.796,5.389,59.715,147.317,87.482,439.26,197.43,78.55,191.57,87.38
6181,573664.368494,63.751,60,130.256,3.716,63.738,144.116,86.267,439.89,195.24,83.82,187.59,86.16
6182,573664.380672,63.75,56,126.266,3.847,63.627,143.858,88.707,434.6,195.41,83.74,186.85,88.67
6183,573664.388934,65.445,60,128.11,5.478,59.909,144.162,87.661,437.14,197.55,78.81,187.61,87.56
6184,573664.392167,64.49,56,127.411,5.217,60.832,141.25,87.45,436.18,197.23,80.02,183.51,87.42
6185,573664.39578,65.82,59,126.079,5.021,59.879,146.186,88.318,434.38,196.93,78.79,190.29,88.22
6186,573664.399932,65.989,67,129.297,5.119,59.574,146.404,87.361,438.61,197.08,78.37,190.43,87.27
6187,573664.403729,63.726,55,129.754,3.488,63.66,143.812,86.331,439.16,194.93,83.78,186.77,86.22
6188,573664.41303,65.924,64,126.653,5.001,59.561,146.001,87.344,435.17,196.93,78.36,190.22,87.23
6189,573664.416301,64.901,60,127.79,4.868,60.323,142.211,87.393,436.72,196.74,79.38,184.83,87.32
6190,573664.419678,64.471,58,125.774,3.976,61.87,143.563,88.87,434.07,195.53,81.47,186.71,88.82
6191,573664.424943,65.323,59,127.918,4.89,59.922,143.524,87.445,436.88,196.77,78.87,186.3,87.38
6192,573664.428081,64.516,60,127.553,4.576,60.931,141.615,87.679,436.4,196.36,80.16,184.36,87.59
6193,573664.437062,66.074,67,125.627,4.607,59.481,146.663,88.217,433.73,196.38,78.23,191.02,88.11
6194,573664.44016,65.728,66,128.938,4.6,59.972,145.892,87.642,438.24,196.39,78.91,189.74,87.55
6195,573664.443978,64.244,52,127.171,4.454,60.986,140.348,87.934,435.87,196.19,80.24,182.65,87.84
6196,573664.448108,65.858,69,126.048,4.848,59.466,145.392,87.483,434.42,196.72,78.23,189.42,87.39
6197,573664.452356,64.234,54,126.619,4.651,60.913,140.124,87.887,435.1,196.47,80.19,181.84,87.83
6198,573664.464474,65.606,66,127.974,4.895,60.085,145.484,87.869,437.11,196.78,79.1,189.01,87.81
6199,573664.468083,63.865,58,126.905,4.621,61.799,140.296,87.985,435.58,196.38,81.44,182.23,87.92
6200,573664.47708,65.393,66,127.819,5.036,60.739,145.872,88.011,436.72,196.96,79.92,189.77,87.92
6201,573664.480101,63.354,54,124.742,3.795,64.102,142.933,89.318,432.87,195.33,84.38,185.81,89.21
6202,573664.488916,65.16,66,125.992,5.432,60.484,143.981,87.785,434.07,197.49,79.54,187.52,87.64
6203,573664.49253,65.47,53,127.568,5.316,61.205,147.421,87.907,436.56,197.3,80.56,191.79,87.73
6204,573664.495971,64.009,61,122.716,4.398,62.9,143.534,90.549,430.02,196.1,82.8,186.92,90.51
6205,573664.500208,65.71,56,127.007,5.474,60.458,146.974,88.035,435.69,197.54,79.55,191.22,87.94
6206,573664.503626,63.679,57,126.442,5.385,62.098,140.048,87.915,435.07,197.35,81.82,182.51,87.73
6207,573664.512814,65.625,69,125.255,5.616,60.257,146.006,87.818,433.38,197.73,79.28,190.24,87.72
6208,573664.51618,65.722,61,128.014,5.38,60.666,147.548,87.498,437.0,197.41,79.81,192.08,87.38
6209,573664.520167,64.465,62,124.759,4.547,62.689,145.427,89.232,432.72,196.31,82.49,189.47,89.17
6210,573664.523664,65.775,58,127.816,5.488,60.145,146.579,87.746,436.73,197.56,79.11,190.93,87.65
6211,573664.528214,64.492,57,127.873,5.164,61.271,142.28,87.45,436.81,197.14,80.59,185.24,87.36
6212,573664.53214,65.744,62,126.363,4.949,60.466,147.185,88.489,434.64,196.89,79.58,191.65,88.27
6213,573664.540964,65.624,64,130.033,5.008,60.552,146.711,87.394,439.57,196.93,79.65,190.78,87.3
6214,573664.552905,65.667,57,129.469,4.753,60.97,147.972,87.42,438.86,196.59,80.22,192.34,87.33
6215,573664.555964,63.929,63,126.386,3.584,63.479,144.442,89.247,434.82,195.02,83.53,188.25,89.16
6216,573664.564766,65.456,62,129.055,4.861,60.716,146.164,87.679,438.33,196.73,79.87,190.19,87.59
6217,573664.56841,63.568,60,129.076,4.706,62.055,139.408,87.415,438.42,196.53,81.64,181.36,87.31
6218,573664.572312,65.517,62,126.665,4.583,60.763,146.622,88.258,435.26,196.36,79.99,190.42,88.19
6219,573664.576156,64.499,62,129.115,4.767,61.37,142.547,87.454,438.45,196.61,80.72,185.6,87.36
6220,573664.580357,62.719,52,126.975,3.403,64.93,141.661,88.514,435.66,194.81,85.42,184.4,88.44
6221,573664.5888,65.436,67,126.848,5.113,60.579,145.725,87.226,435.35,197.07,79.7,189.71,87.09
6222,573664.59191,64.346,60,127.655,4.793,61.659,142.422,87.249,436.55,196.65,81.11,185.45,87.15
6223,573664.596983,64.421,55,125.225,4.439,62.17,143.996,88.785,433.32,196.12,81.93,187.46,88.75
6224,573664.600417,64.804,64,127.645,5.097,61.05,143.407,87.342,436.52,197.05,80.31,186.76,87.25
6225,573664.603634,62.718,52,128.084,3.369,65.26,142.372,86.342,437.16,194.79,85.83,185.21,86.2
6226,573664.607981,65.693,64,124.399,5.263,60.502,146.985,87.687,432.21,197.27,79.62,191.4,87.61
6227,573664.616697,64.625,62,126.732,5.247,61.196,142.802,87.313,435.47,197.25,80.51,186.14,87.26
6228,573664.619593,62.909,56,124.179,4.006,64.441,141.502,88.436,432.02,195.6,84.8,184.33,88.36
6229,573664.624744,65.043,65,125.295,5.562,60.452,143.273,87.226,433.4,197.67,79.55,186.51,87.13
6230,573664.632498,65.515,62,123.235,5.201,60.728,146.523,88.429,430.74,197.17,79.92,191.03,88.36
6231,573664.640261,65.862,66,126.905,5.638,60.095,146.954,87.327,435.53,197.77,79.1,191.24,87.25
6232,573664.644143,62.949,51,127.168,3.844,64.411,141.629,86.444,435.88,195.36,84.85,184.27,86.38
6233,573664.652993,65.934,56,126.72,5.478,59.924,146.952,87.213,435.35,197.56,78.85,191.37,87.15
6234,573664.656028,64.42,65,123.532,4.457,62.387,144.492,88.796,431.11,196.18,82.11,188.33,88.74
6235,573664.66461,66.177,60,126.319,5.58,59.311,146.844,87.277,434.78,197.68,78.03,191.28,87.18
6236,573664.668456,64.595,57,126.52,5.356,60.552,141.144,87.295,435.06,197.39,79.66,183.81,87.2
6237,573664.671994,66.164,65,125.202,5.267,59.323,146.798,87.835,433.21,197.23,78.16,191.02,87.74
6238,573664.676117,65.808,65,129.101,5.174,59.81,145.95,87.35,438.54,197.14,78.72,189.65,87.31
6239,573664.680035,63.149,51,128.772,3.389,63.607,140.827,86.224,438.01,194.8,83.67,183.24,86.12
6240,573664.683843,66.339,67,126.956,5.26,58.911,146.79,87.254,435.6,197.26,77.49,191.22,87.16
6241,573664.692327,65.5,56,128.701,4.851,60.003,144.689,87.35,437.9,196.72,78.93,188.3,87.25
6242,573664.696053,65.194,58,126.471,4.138,61.05,145.513,89.041,434.91,195.78,80.3,189.67,88.96
6243,573664.699852,66.311,60,130.143,4.926,59.375,147.781,87.505,439.72,196.82,78.1,192.22,87.41
6244,573664.704019,63.414,63,131.076,3.303,63.786,142.527,86.406,440.95,194.67,83.93,185.43,86.28
6245,573664.708032,66.318,60,127.676,4.698,59.558,148.282,87.752,436.39,196.5,78.37,193.02,87.68
6246,573664.72062,64.119,58,126.321,3.466,63.668,145.861,89.289,434.75,194.89,83.76,189.99,89.23
6247,573664.729108,65.998,49,128.851,5.021,60.635,149.067,87.915,438.15,196.93,79.79,193.5,87.87
6248,573664.731963,64.551,52,124.664,4.54,61.608,143.373,90.361,432.59,196.29,81.07,186.74,90.32
6249,573664.740879,65.261,61,129.092,5.305,60.193,143.834,87.564,438.4,197.31,79.17,187.26,87.47
6250,573664.743713,63.41,54,130.111,3.641,64.471,144.038,86.371,439.73,195.18,84.68,187.56,86.26
6251,573664.748209,66.1,58,126.7,5.33,59.929,147.923,87.336,435.14,197.36,78.86,192.21,87.24
6252,573664.7522,65.934,57,128.308,5.357,60.315,147.905,87.507,437.29,197.4,79.34,192.26,87.45
6253,573664.755855,64.518,53,124.566,4.503,62.478,145.22,89.058,432.49,196.3,82.07,189.37,88.96
6254,573664.759781,65.958,55,126.934,5.679,59.583,146.248,87.696,435.5,197.8,78.4,190.25,87.57
6255,573664.768275,64.626,60,126.332,5.358,60.81,141.905,87.476,434.87,197.39,80.03,184.6,87.37
6256,573664.771648,65.633,57,124.582,5.126,60.266,146.072,88.635,432.5,197.07,79.3,190.4,88.56
6257,573664.777088,65.805,65,127.715,5.445,59.823,145.965,87.785,436.64,197.51,78.76,189.75,87.74
6258,573664.780089,62.357,54,126.315,3.807,63.93,137.793,88.557,434.74,195.37,84.04,179.44,88.54
6259,573664.783828,65.748,65,124.379,5.425,59.572,145.029,87.742,432.23,197.49,78.39,188.82,87.67
6260,573664.79319,66.177,57,126.381,5.127,59.795,148.04,87.78,434.95,197.1,78.69,192.91,87.75
6261,573664.80487,63.487,63,127.729,3.441,63.874,143.085,86.588,436.59,194.85,84.06,186.27,86.45
6262,573664.808135,65.726,61,124.828,4.812,59.938,145.799,88.224,432.84,196.67,78.86,189.98,88.14
6263,573664.816869,64.88,64,126.545,5.049,60.172,141.744,88.002,435.11,196.98,79.16,184.68,87.92
6264,573664.820256,61.888,54,125.793,3.372,64.208,136.268,88.3,434.07,194.79,84.51,177.56,88.14
6265,573664.82417,65.309,69,125.585,5.154,59.841,143.252,88.135,433.84,197.12,78.73,186.65,88.05
6266,573664.828078,65.043,57,126.291,4.958,60.569,143.548,88.132,434.88,196.85,79.74,186.41,88.05
6267,573664.832212,63.922,58,124.182,3.786,62.802,142.862,89.944,431.88,195.31,82.58,186.44,89.91
6268,573664.836053,66.017,60,127.294,5.155,59.861,147.273,88.299,436.09,197.12,78.75,191.86,88.23
6269,573664.844976,63.88,60,127.319,4.963,61.647,140.024,88.024,436.08,196.86,81.11,182.32,87.94
6270,573664.848316,66.027,62,124.788,5.182,59.889,147.396,88.599,432.81,197.15,78.87,191.12,88.52
6271,573664.852269,65.803,63,128.204,5.164,60.411,147.391,88.082,437.21,197.13,79.49,191.68,87.99
6272,573664.856153,63.781,59,124.997,4.14,63.524,143.781,89.6,433.06,195.77,83.59,187.26,89.54
6273,573664.859595,65.366,64,126.688,5.442,60.211,144.454,88.033,435.12,197.47,79.19,187.93,87.88
6274,573664.868543,64.58,56,130.348,4.986,61.755,143.868,86.456,439.94,196.92,81.21,187.17,86.38
6275,573664.871875,64.703,55,126.776,5.052,61.206,143.236,88.851,435.4,196.97,80.53,186.48,88.78
6276,573664.876298,65.605,66,128.889,5.443,60.693,146.944,87.976,438.09,197.49,79.85,191.12,87.88
6277,573664.880337,62.4,53,128.829,3.857,65.123,140.566,87.496,438.13,195.42,85.62,183.12,87.35
6278,573664.888847,65.658,59,128.536,5.282,61.163,148.389,87.823,437.64,197.29,80.48,192.94,87.73
6279,573664.895962,64.0,61,125.006,4.277,63.642,145.179,89.515,433.0,195.96,83.75,189.22,89.42
6280,573664.900317,65.852,57,128.023,5.348,60.447,147.76,88.087,436.99,197.37,79.51,192.43,88.0
6281,573664.908851,65.042,62,124.958,4.569,61.968,146.857,89.307,432.7,196.32,81.78,191.05,89.19
6282,573664.91177,64.633,56,128.248,5.005,61.442,143.416,87.828,437.27,196.93,80.87,186.17,87.73
6283,573664.921018,63.492,55,127.586,4.786,62.714,140.513,88.013,436.44,196.62,82.52,182.95,87.93
6284,573664.924461,65.221,72,126.195,5.087,61.085,145.748,87.688,434.55,197.04,80.37,189.74,87.61
6285,573664.928127,64.209,60,127.464,4.827,62.015,142.531,87.768,436.4,196.68,81.64,185.08,87.67
6286,573664.932273,62.931,61,125.462,3.603,64.463,141.66,89.354,433.62,195.13,84.64,184.66,89.32
6287,573664.93582,65.234,61,128.028,4.949,61.324,146.386,87.866,437.05,196.85,80.67,190.67,87.79
6288,573664.944749,62.435,59,129.519,2.888,66.0,142.627,85.963,438.94,194.13,86.82,185.67,85.8
6289,573664.947761,65.475,46,122.141,5.135,60.594,145.98,89.543,429.35,197.16,79.6,190.27,89.42
6290,573664.951816,64.066,56,127.266,4.794,62.026,141.828,87.557,436.09,196.64,81.61,184.59,87.48
6291,573664.955794,62.597,53,126.662,4.229,63.415,137.786,88.607,435.19,195.89,83.49,179.06,88.57
6292,573664.959992,64.694,62,125.663,5.041,61.309,143.427,87.536,433.8,196.97,80.58,187.26,87.4
6293,573664.964062,64.278,59,126.266,4.865,62.081,143.044,87.637,434.74,196.74,81.67,186.3,87.55
6294,573664.97718,65.342,66,127.472,5.145,61.257,146.828,87.626,436.25,197.11,80.6,191.04,87.53
6295,573664.979907,63.556,57,125.89,4.884,62.705,140.809,87.514,434.23,196.76,82.5,183.38,87.43
6296,573664.984423,65.314,70,123.933,5.286,61.006,146.075,87.76,431.66,197.29,80.26,190.47,87.69
6297,573664.987804,65.369,62,127.075,5.184,61.411,147.349,87.561,435.66,197.18,80.8,191.49,87.51
6298,573664.996248,63.037,58,123.792,3.947,64.794,142.9,88.992,431.56,195.52,85.29,185.99,88.91
6299,573665.000326,64.689,61,125.403,5.428,61.163,143.061,87.429,433.48,197.49,80.49,186.09,87.35
6300,573665.004325,63.643,58,126.91,5.391,62.025,139.706,86.751,435.62,197.44,81.6,181.84,86.63
6301,573665.008573,64.553,56,125.583,5.194,61.404,142.906,87.935,433.81,197.16,80.82,185.92,87.83
6302,573665.012463,65.042,65,128.082,5.383,61.208,145.059,87.352,437.06,197.42,80.52,188.78,87.25
6303,573665.020912,63.572,54,126.54,5.13,62.333,140.052,87.373,435.08,197.08,82.02,182.37,87.28
6304,573665.02365,65.675,68,125.65,5.418,60.425,146.694,87.249,433.83,197.47,79.5,190.99,87.13
6305,573665.028502,65.649,61,128.778,5.178,60.883,147.658,87.264,437.98,197.15,80.12,191.67,87.2
6306,573665.031642,63.4,62,125.777,3.813,64.049,143.043,88.627,434.07,195.35,84.27,186.27,88.56
6307,573665.036245,65.539,60,128.172,5.338,60.683,146.55,87.214,437.19,197.36,79.82,190.8,87.11
6308,573665.03987,63.089,62,130.038,3.648,64.584,142.692,85.982,439.58,195.15,84.95,185.68,85.88
6309,573665.048936,65.55,58,126.864,4.933,60.754,146.787,87.636,435.36,196.83,79.96,190.76,87.52
6310,573665.060907,65.696,67,127.292,5.26,60.294,146.496,86.745,436.03,197.27,79.3,190.83,86.64
6311,573665.064763,64.497,62,128.963,4.929,61.496,142.827,86.924,438.33,196.81,80.95,185.43,86.84
6312,573665.072509,63.306,64,126.653,3.783,63.958,142.374,88.614,435.21,195.31,84.14,185.38,88.54
6313,573665.076526,65.142,59,129.582,5.037,60.742,144.498,87.224,439.2,196.95,79.94,187.64,87.2
6314,573665.080292,62.752,62,129.742,3.416,65.049,142.076,86.068,439.21,194.84,85.56,184.88,85.96
6315,573665.084248,65.79,62,126.453,5.034,60.743,148.122,87.169,434.94,196.97,79.91,192.92,87.07
6316,573665.087923,64.741,62,129.228,5.102,61.133,143.263,86.947,438.58,197.05,80.4,186.54,86.84
6317,573665.096829,62.577,60,126.659,3.716,64.752,140.595,87.674,435.35,195.27,85.17,183.41,87.7
6318,573665.100334,64.928,67,127.3,5.383,60.75,143.359,86.453,436.06,197.43,79.91,186.69,86.34
6319,573665.104049,64.595,56,127.792,5.165,61.367,143.043,86.679,436.78,197.13,80.75,185.97,86.6
6320,573665.108014,65.236,56,125.89,4.908,61.091,145.842,87.995,434.02,196.77,80.46,189.78,88.0
6321,573665.111654,65.702,65,128.959,5.444,60.399,146.782,86.795,438.32,197.51,79.51,190.56,86.73
6322,573665.116052,63.422,58,129.336,3.763,64.331,143.782,85.551,438.7,195.3,84.61,187.19,85.44
6323,573665.12449,65.718,67,125.893,5.37,60.238,146.482,86.509,434.22,197.42,79.25,190.79,86.4
6324,573665.127822,64.723,58,127.218,5.298,60.729,142.226,86.667,436.02,197.32,79.91,184.99,86.54
6325,573665.132279,63.394,58,125.18,4.075,63.621,142.056,88.021,433.32,195.7,83.71,185.0,87.94
6326,573665.136271,65.624,58,125.811,5.473,59.636,144.493,86.307,433.95,197.55,78.46,187.9,86.15
6327,573665.148917,66.016,62,124.806,5.039,59.845,147.227,87.782,432.75,196.96,78.74,192.01,87.72
6328,573665.151807,65.939,66,128.715,5.214,59.77,146.601,86.908,437.85,197.21,78.63,190.73,86.8
6329,573665.161229,66.014,70,125.315,5.334,59.162,145.537,86.816,433.34,197.38,77.86,189.44,86.72
6330,573665.164886,65.13,62,127.338,4.978,59.956,142.565,86.956,436.27,196.89,78.95,184.93,86.84
6331,573665.17237,64.673,58,125.063,4.229,61.317,143.337,88.473,433.15,195.89,80.7,186.68,88.4
6332,573665.176011,65.659,60,127.585,5.163,59.253,143.758,87.022,436.36,197.1,78.06,186.59,86.95
6333,573665.179649,64.774,61,127.117,4.962,60.239,141.345,87.266,435.84,196.87,79.24,184.06,87.17
6334,573665.184509,66.355,67,125.075,5.085,59.022,147.161,87.817,433.17,197.03,77.67,191.62,87.73
6335,573665.188027,66.02,66,128.981,5.123,59.422,146.209,87.444,438.36,197.07,78.24,189.75,87.42
6336,573665.192129,63.669,52,128.84,3.577,63.33,142.775,86.52,437.95,195.06,83.32,185.6,86.42
6337,573665.200009,66.296,66,125.779,5.573,58.719,146.065,87.212,433.87,197.69,77.31,189.83,87.05
6338,573665.203921,65.252,62,127.145,5.319,59.876,143.026,87.419,435.88,197.34,78.77,186.26,87.32
6339,573665.207683,64.416,56,124.636,4.266,61.927,143.406,89.198,432.49,196.02,81.27,186.98,89.2
6340,573665.212154,66.313,63,127.637,5.618,59.073,147.042,87.594,436.8,197.71,77.73,191.12,87.6
6341,573665.215899,64.07,54,129.074,4.027,63.099,144.304,86.404,438.24,195.66,83.01,187.61,86.34
6342,573665.224647,66.504,65,125.329,5.491,59.124,148.296,87.907,433.53,197.58,77.81,192.53,87.73
6343,573665.236736,65.937,61,126.093,5.88,58.956,144.591,87.485,434.31,198.08,77.51,188.52,87.29
6344,573665.239837,65.144,57,126.595,5.629,60.096,142.971,87.747,435.16,197.74,79.06,186.2,87.66
6345,573665.24896,65.101,57,124.238,4.875,60.893,144.63,89.494,432.05,196.74,80.13,188.46,89.43
6346,573665.251928,66.09,65,128.052,5.766,59.394,146.543,88.138,437.0,197.92,78.15,190.34,88.1
6347,573665.256289,64.174,53,126.645,5.37,60.962,139.937,88.215,435.27,197.36,80.22,182.06,88.19
6348,573665.259399,66.404,70,124.987,5.754,58.868,147.063,88.065,433.03,197.91,77.45,191.64,87.98
6349,573665.264089,65.32,58,127.065,5.514,59.945,143.56,87.997,435.83,197.59,78.89,186.64,87.88
6350,573665.267975,64.275,59,124.929,4.371,62.148,143.181,89.603,432.99,196.04,81.86,186.53,89.55
6351,573665.276369,65.718,59,127.61,5.475,59.19,143.935,88.384,436.47,197.54,77.86,187.48,88.3
6352,573665.279956,64.372,53,130.118,4.408,61.875,143.057,86.107,439.72,196.22,81.21,186.21,85.99
6353,573665.284417,66.143,59,125.122,5.049,59.543,147.217,89.145,433.13,196.95,78.39,191.9,89.12
6354,573665.288387,65.897,66,128.894,5.184,59.84,146.532,88.366,438.13,197.14,78.74,190.7,88.25
6355,573665.291952,64.24,52,126.937,4.829,61.197,140.815,88.523,435.64,196.67,80.57,183.17,88.46
6356,573665.300265,65.943,65,125.686,5.218,59.427,145.783,88.264,433.88,197.21,78.15,190.24,88.16
6357,573665.303692,64.793,61,127.168,4.897,60.81,142.787,88.265,436.08,196.78,80.06,185.17,88.14
6358,573665.30799,63.74,56,125.012,3.722,63.019,142.432,89.903,433.04,195.31,82.69,185.62,89.88
6359,573665.31219,65.643,60,127.597,5.047,60.053,145.609,88.366,436.49,196.97,79.03,189.34,88.27
6360,573665.321063,65.712,70,124.379,4.822,60.342,146.702,89.009,432.18,196.67,79.41,191.05,88.92
6361,573665.32797,65.051,65,127.645,4.941,60.997,144.611,88.581,436.53,196.83,80.25,188.32,88.51
6362,573665.332311,62.924,53,124.579,3.524,64.637,142.003,89.662,432.66,194.99,85.04,184.68,89.54
6363,573665.341177,63.588,64,128.88,3.426,64.758,145.582,86.522,438.07,194.85,85.2,189.46,86.43
6364,573665.343632,63.426,43,123.844,4.026,63.524,142.001,90.025,431.57,195.61,83.61,184.98,89.97
6365,573665.352968,64.78,60,126.528,5.264,61.096,143.385,88.239,435.1,197.26,80.4,186.58,88.14
6366,573665.355823,62.417,63,126.924,3.643,65.439,141.325,87.176,435.5,195.11,86.05,183.94,87.02
6367,573665.360004,65.095,61,124.069,5.237,61.213,145.36,88.235,431.82,197.23,80.57,189.21,88.16
6368,573665.36419,63.93,63,125.664,5.234,61.869,140.782,88.052,434.11,197.24,81.44,183.52,88.04
6369,573665.368153,62.971,60,123.872,4.048,64.526,141.987,89.509,431.62,195.65,84.91,184.97,89.45
6370,573665.376397,65.025,58,126.046,5.562,61.187,144.916,88.217,434.37,197.67,80.52,188.89,88.09
6371,573665.379652,63.904,63,125.415,5.176,62.235,141.481,87.985,433.68,197.15,81.91,184.1,87.89
6372,573665.384046,65.058,63,123.746,4.963,61.546,145.951,89.071,431.19,196.9,81.02,190.4,88.88
6373,573665.388757,65.138,67,127.525,5.221,61.474,146.219,88.048,436.31,197.2,80.88,190.28,87.96
6374,573665.391722,63.383,56,125.818,4.883,62.906,140.406,88.059,434.14,196.75,82.79,182.86,87.98
6375,573665.395954,65.246,69,124.483,5.224,60.984,145.645,87.818,432.33,197.22,80.25,189.67,87.74
6376,573665.409184,63.736,63,123.764,3.77,64.074,144.795,89.531,431.43,195.29,84.31,188.69,89.47
6377,573665.411768,65.666,56,126.939,4.917,61.221,148.576,87.72,435.57,196.81,80.55,193.41,87.63
6378,573665.416508,63.341,63,127.091,4.601,62.888,140.162,87.514,435.84,196.28,83.03,182.4,87.39
6379,573665.419965,65.242,64,124.894,4.545,61.615,147.127,88.222,432.91,196.32,81.07,191.68,88.14
6380,573665.42874,64.969,64,129.063,4.573,61.747,145.937,87.8,438.43,196.37,81.33,189.57,87.77
6381,573665.431974,62.503,51,129.244,2.891,65.684,142.262,86.577,438.62,194.14,86.39,185.15,86.5
6382,573665.435842,64.972,68,126.223,4.771,61.597,145.596,87.127,434.64,196.62,81.03,189.68,87.03
6383,573665.440051,63.74,61,127.921,4.42,62.618,141.525,87.356,436.96,196.14,82.41,183.93,87.28
6384,573665.444065,62.901,60,125.581,3.247,64.882,142.432,89.013,433.91,194.7,85.12,185.66,88.87
6385,573665.452655,64.926,64,128.612,4.748,61.979,146.248,87.441,437.83,196.59,81.58,190.08,87.36
6386,573665.455918,61.972,60,128.78,3.046,66.348,141.196,86.306,437.96,194.38,87.25,183.63,86.19
6387,573665.459681,64.922,61,125.602,4.755,62.068,146.441,87.185,433.81,196.61,81.68,190.51,87.09
6388,573665.464063,63.68,65,127.84,4.872,62.672,141.348,86.948,436.8,196.75,82.43,184.12,86.85
6389,573665.468044,60.865,53,126.721,3.161,66.533,136.653,85.736,435.36,194.51,87.53,177.9,85.61
6390,573665.472112,64.925,64,126.056,5.493,61.711,145.611,86.422,434.49,197.57,81.2,189.5,86.31
6391,573665.480629,63.894,59,126.836,5.173,62.69,142.464,86.532,435.49,197.15,82.47,185.56,86.42
6392,573665.493098,63.342,54,126.496,5.342,63.033,140.491,86.404,434.89,197.4,82.95,182.6,86.35
6393,573665.495921,65.145,70,124.865,5.767,61.259,145.744,86.427,432.88,197.94,80.59,189.92,86.31
6394,573665.504965,64.213,63,127.095,5.577,61.662,141.743,86.137,435.83,197.69,81.11,184.66,86.02
6395,573665.507856,62.618,61,125.314,4.24,65.086,141.517,87.395,433.45,195.92,85.65,184.2,87.29
6396,573665.512264,65.378,57,125.806,5.827,60.774,145.873,85.847,433.85,197.98,79.96,188.79,85.6
6397,573665.51623,63.704,60,129.123,4.178,63.789,143.988,84.775,438.39,195.86,83.92,187.39,84.66
6398,573665.519966,65.661,58,125.418,5.459,60.723,147.34,86.428,433.74,197.64,80.05,191.05,86.12
6399,573665.528501,64.707,63,128.283,5.375,60.793,142.29,85.998,437.37,197.42,79.95,185.34,85.88
6400,573665.531613,62.192,53,127.249,3.545,64.259,137.744,84.457,436.08,195.06,84.65,179.4,84.42
6401,573665.536323,65.956,70,126.56,5.515,59.866,146.929,86.015,434.96,197.62,78.78,191.05,85.89
6402,573665.540295,64.718,63,128.531,5.089,60.465,141.581,86.014,437.7,197.05,79.53,184.39,85.9
6403,573665.544175,63.726,61,126.597,3.85,63.133,142.618,87.546,435.11,195.4,83.03,185.93,87.49
6404,573665.552845,65.609,59,128.919,5.041,59.881,145.006,85.966,438.18,196.99,78.76,188.81,85.85
6405,573665.556104,63.626,65,131.187,3.308,63.278,142.446,84.695,441.07,194.72,83.22,185.31,84.58
6406,573665.560247,66.429,58,127.2,4.687,59.523,148.851,86.555,435.85,196.52,78.33,193.56,86.46
6407,573665.564246,65.777,65,130.955,4.641,59.826,145.811,86.484,440.9,196.42,78.64,189.46,86.47
6408,573665.572709,65.745,67,128.352,4.93,59.009,143.643,86.19,437.27,196.83,77.66,186.58,86.04
6409,573665.580083,66.214,58,129.426,4.679,59.601,147.778,86.337,438.82,196.52,78.44,191.97,86.27
6410,573665.584074,64.536,56,126.286,3.558,61.932,144.048,88.19,434.76,195.03,81.45,187.51,88.09
6411,573665.592285,63.138,57,128.865,3.207,64.009,141.663,86.028,438.08,194.57,84.19,184.4,85.93
6412,573665.596274,66.224,66,125.959,5.003,59.278,147.031,86.844,434.3,196.93,77.98,191.54,86.74
6413,573665.604091,66.052,61,128.611,5.173,59.46,146.486,86.885,437.86,197.18,78.31,190.29,86.8
6414,573665.608268,63.84,54,125.11,3.97,62.893,142.654,88.104,433.17,195.58,82.71,185.78,88.06
6415,573665.612152,65.777,69,126.294,5.667,59.03,143.873,86.939,434.68,197.8,77.67,187.26,86.81
6416,573665.616523,64.971,55,125.66,5.625,59.804,141.352,86.853,433.99,197.75,78.68,184.05,86.73
6417,573665.619698,65.904,59,124.104,5.387,59.642,146.088,88.153,431.87,197.42,78.47,190.42,88.04
6418,573665.624163,66.38,64,127.04,5.891,58.668,146.427,86.988,435.68,198.1,77.19,190.58,86.89
6419,573665.632103,64.703,54,125.122,5.786,60.042,140.513,87.108,433.27,197.95,79.03,182.88,87.03
6420,573665.635718,66.496,72,123.633,6.115,58.496,146.674,87.121,431.27,198.39,76.97,191.18,87.02
6421,573665.640696,66.556,59,126.301,5.787,58.656,147.43,87.127,434.73,198.0,77.19,191.83,87.13
6422,573665.643732,64.351,60,123.298,4.604,61.993,143.221,88.684,430.85,196.39,81.59,186.6,88.61
6423,573665.648353,66.303,59,125.714,6.043,58.525,145.621,87.455,433.98,198.28,77.02,189.29,87.33
6424,573665.660868,66.793,59,124.392,5.74,58.207,147.715,87.859,432.23,197.9,76.6,192.56,87.75
6425,573665.669039,64.277,53,124.936,4.01,62.331,143.612,88.893,432.99,195.61,82.02,187.05,88.82
6426,573665.672262,66.932,66,126.04,5.671,57.801,147.519,87.491,434.41,197.8,76.03,192.26,87.4
6427,573665.680391,65.725,60,127.406,5.211,59.217,144.041,87.632,436.21,197.19,77.9,187.59,87.54
6428,573665.684134,64.841,60,125.151,3.954,61.184,143.917,89.592,433.27,195.53,80.49,187.59,89.54
6429,573665.688216,66.732,63,128.601,5.067,58.283,147.541,88.009,437.69,197.0,76.73,191.49,87.93
6430,573665.692056,64.896,57,128.122,4.617,60.204,141.902,87.984,437.11,196.41,79.28,184.27,87.9
6431,573665.696166,66.787,64,125.809,4.767,58.474,148.354,88.69,433.98,196.6,76.98,192.77,88.61
6432,573665.700361,66.375,61,129.309,4.67,59.161,147.625,88.29,438.6,196.46,77.8,192.01,88.18
6433,573665.708196,64.035,55,126.221,3.394,62.71,143.231,89.577,434.65,194.79,82.51,186.48,89.52
6434,573665.71186,66.079,62,127.849,4.949,59.072,145.686,88.456,436.63,196.83,77.71,189.47,88.33
6435,573665.715769,65.067,59,127.694,4.719,60.454,143.406,88.306,436.59,196.54,79.53,186.7,88.23
6436,573665.720027,64.356,59,124.566,3.991,61.552,142.228,90.626,432.5,195.56,81.01,185.25,90.58
6437,573665.72402,65.699,63,127.745,5.079,59.828,145.378,88.395,436.63,197.01,78.71,189.25,88.31
6438,573665.732503,62.908,57,128.36,3.547,64.315,141.221,87.707,437.4,195.05,84.54,183.52,87.54
6439,573665.735711,65.556,64,124.879,5.162,60.04,145.094,88.584,432.96,197.12,79.09,188.14,88.53
6440,573665.744622,63.588,52,123.222,4.027,63.841,143.522,90.106,430.83,195.53,84.28,186.66,90.03
6441,573665.749292,65.651,57,125.051,5.708,59.953,145.415,88.506,432.82,197.82,78.93,188.49,88.34
6442,573665.756949,64.048,56,128.112,4.691,62.865,143.651,86.384,436.96,196.49,82.76,186.96,86.33
6443,573665.759823,66.109,46,123.39,5.405,60.377,149.083,89.195,430.67,197.46,79.5,194.23,89.02
6444,573665.764036,65.586,59,125.755,5.703,60.538,146.468,88.335,434.02,197.84,79.67,190.64,88.25
6445,573665.767611,62.853,50,125.922,4.073,64.597,141.577,87.581,434.2,195.69,85.04,184.06,87.5
6446,573665.772009,65.776,67,122.59,5.788,60.199,146.72,88.454,429.76,197.94,79.24,190.81,88.34
6447,573665.775898,64.398,60,124.381,5.475,61.128,141.459,88.387,432.16,197.54,80.5,183.65,88.29
6448,573665.784079,63.129,58,122.772,4.103,64.147,141.921,89.804,430.15,195.73,84.43,184.8,89.76
6449,573665.787823,64.935,58,124.657,5.466,60.727,143.342,88.135,432.43,197.53,79.94,186.39,88.0
6450,573665.792143,64.135,62,125.244,5.018,61.787,141.631,88.158,433.4,196.94,81.3,184.49,88.07
6451,573665.795826,65.553,68,123.429,4.938,60.637,146.516,88.753,430.95,196.82,79.81,190.83,88.66
6452,573665.799866,65.169,69,127.641,4.829,61.005,145.269,88.565,436.46,196.68,80.26,189.07,88.48
6453,573665.808939,63.389,56,124.457,3.517,63.966,142.803,89.563,432.37,194.95,84.17,185.98,89.51
6454,573665.812273,65.378,66,125.06,4.739,60.619,145.501,87.957,433.06,196.57,79.78,189.37,87.85
6455,573665.816436,65.407,58,127.705,4.326,61.351,147.418,88.377,436.56,196.02,80.73,191.74,88.3
6456,573665.820373,63.795,65,124.724,3.144,63.606,144.039,90.151,432.67,194.5,83.56,187.79,90.1
6457,573665.828731,63.448,51,127.427,3.876,63.244,141.484,88.487,436.24,195.42,83.22,184.21,88.42
6458,573665.836383,65.252,67,125.405,4.158,61.619,147.192,88.636,433.61,195.8,81.08,191.64,88.57
6459,573665.840274,64.704,66,129.481,4.18,62.443,146.136,88.081,438.94,195.81,82.19,189.94,87.99
6460,573665.848943,64.311,67,127.027,4.591,62.192,143.468,87.822,435.58,196.37,81.81,186.58,87.72
6461,573665.851895,63.087,53,128.188,4.478,63.606,140.524,87.629,437.5,196.24,83.76,181.94,87.46
6462,573665.861025,63.267,58,123.638,3.747,64.533,143.457,90.805,431.26,195.24,84.93,186.9,90.77
6463,573665.864078,64.437,57,127.918,4.731,63.117,146.27,88.007,436.99,196.55,83.07,189.84,87.94
6464,573665.8683,61.166,54,128.408,3.109,67.533,140.032,86.951,437.42,194.46,88.77,182.61,86.8
6465,573665.872372,64.24,62,125.154,4.965,63.29,145.627,87.41,433.16,196.89,83.35,189.01,87.32
6466,573665.876345,63.075,64,127.225,4.948,63.976,141.283,87.391,436.0,196.85,84.15,184.07,87.3
6467,573665.884454,62.461,55,125.936,4.522,65.116,140.836,88.106,434.27,196.28,85.7,183.27,88.03
6468,573665.887833,64.156,60,126.238,5.431,63.17,144.911,87.059,434.76,197.5,83.12,188.92,86.99
6469,573665.892228,62.71,61,126.438,5.184,64.152,139.921,86.956,435.11,197.17,84.48,181.47,86.83
6470,573665.896518,62.539,53,127.143,4.931,63.516,137.736,87.563,435.89,196.83,83.57,179.39,87.46
6471,573665.899705,64.285,63,128.023,5.259,63.296,145.877,86.986,436.97,197.26,83.28,189.79,86.88
6472,573665.904314,62.485,57,126.373,4.815,64.68,140.007,86.799,434.93,196.65,85.16,182.12,86.72
6473,573665.917154,64.415,59,127.6,5.063,62.805,145.431,86.563,436.65,197.03,82.74,188.76,86.51
6474,573665.924461,63.934,60,127.388,5.042,62.647,142.572,85.994,436.2,196.99,82.43,185.33,85.89
6475,573665.927643,62.446,59,128.919,3.219,65.716,142.061,85.035,438.15,194.59,86.45,184.91,84.92
6476,573665.936991,64.771,57,126.228,4.585,61.849,145.105,86.414,434.68,196.38,81.4,188.62,86.32
6477,573665.940141,64.994,65,129.597,4.387,61.726,146.022,86.32,439.12,196.13,81.23,189.39,86.24
6478,573665.944156,63.192,55,126.317,3.252,64.576,143.182,87.248,434.78,194.62,84.95,186.43,87.16
6479,573665.948098,65.098,69,127.425,4.559,61.228,145.411,85.719,436.19,196.35,80.57,188.98,85.57
6480,573665.951691,64.359,59,128.765,4.107,61.924,143.099,86.056,438.04,195.74,81.47,186.02,85.97
6481,573665.96095,63.599,61,126.539,3.101,63.703,143.265,87.79,435.06,194.42,83.8,186.59,87.71
6482,573665.964322,65.341,63,130.045,4.306,61.274,146.864,86.222,439.6,196.02,80.59,191.05,86.11
6483,573665.968069,62.273,62,130.321,2.711,65.384,140.532,85.127,440.03,193.94,85.98,182.86,84.93
6484,573665.97169,65.179,65,127.405,4.391,61.087,145.518,86.157,436.2,196.13,80.36,189.47,86.05
6485,573665.97594,65.293,62,130.215,4.351,61.366,146.818,86.175,439.86,196.08,80.71,191.02,86.07
6486,573665.980106,63.042,60,126.865,3.249,64.706,142.735,87.487,435.44,194.64,85.07,185.83,87.44
6487,573665.988769,64.584,63,128.225,4.915,61.189,142.568,86.22,437.14,196.82,80.5,185.31,86.1
6488,573665.991947,64.272,60,128.388,4.861,61.815,142.397,86.052,437.49,196.75,81.34,184.96,85.98
6489,573666.004199,61.469,52,128.25,3.6,65.558,137.257,86.975,437.31,195.09,86.23,178.72,86.87
6490,573666.012463,65.623,65,125.836,5.69,60.467,146.502,86.253,434.14,197.84,79.54,190.86,86.14
6491,573666.015906,65.762,58,128.721,5.525,60.46,147.273,85.91,437.92,197.63,79.54,191.63,85.82
6492,573666.019678,63.363,63,125.531,4.383,64.053,142.867,87.326,433.62,196.17,84.12,186.33,87.29
6493,573666.024073,65.74,57,126.856,5.925,60.033,146.11,85.827,435.46,198.14,79.0,189.75,85.65
6494,573666.027919,64.83,59,127.324,5.66,60.623,142.541,85.749,436.11,197.8,79.75,185.6,85.63
6495,573666.037113,65.934,68,125.468,5.697,59.879,146.836,86.4,433.65,197.85,78.77,191.35,86.29
6496,573666.039885,65.975,65,129.285,5.555,59.545,146.257,86.037,438.64,197.65,78.34,190.09,85.94
6497,573666.04418,64.215,55,125.82,4.512,62.43,143.518,87.011,434.15,196.28,82.14,186.83,86.91
6498,573666.048236,66.305,72,126.348,5.781,58.792,146.296,85.693,434.72,197.97,77.33,190.58,85.55
6499,573666.051985,65.6,56,127.875,5.265,59.367,143.712,85.911,436.83,197.28,78.09,187.12,85.8
6500,573666.056182,65.953,58,125.969,4.856,59.676,146.448,87.128,434.01,196.62,78.89,190.17,87.06
6501,573666.064606,66.405,62,129.124,5.186,58.424,145.961,86.184,438.47,197.17,76.83,190.19,86.08
6502,573666.068248,64.006,62,129.694,3.448,62.348,142.258,85.248,439.24,194.9,82.03,184.85,85.12
6503,573666.07201,66.33,62,127.214,4.837,58.265,145.128,86.693,436.06,196.72,76.65,188.64,86.56
6504,573666.076291,66.665,61,129.606,4.705,58.446,147.55,86.685,439.04,196.54,76.89,191.83,86.58
6505,573666.088758,66.502,59,128.401,4.966,57.846,145.079,86.712,437.5,196.88,76.08,188.95,86.61
6506,573666.091813,65.791,55,128.104,4.726,58.994,143.862,86.705,437.13,196.56,77.6,187.29,86.61
6507,573666.100209,66.812,64,129.127,4.992,58.097,147.547,87.067,438.41,196.92,76.45,191.77,86.99
6508,573666.103825,64.451,58,129.845,3.392,62.443,144.783,86.07,439.38,194.82,82.14,188.35,85.96
6509,573666.112618,66.351,52,125.766,5.226,58.156,144.977,87.457,434.05,197.22,76.51,188.83,87.37
6510,573666.11571,66.579,60,128.269,5.323,58.682,147.63,87.278,437.28,197.35,77.2,192.02,87.18
6511,573666.120367,64.889,57,124.243,4.395,61.384,144.648,88.945,432.05,196.11,80.77,188.48,88.88
6512,573666.124162,66.681,61,126.261,5.893,58.003,146.525,87.677,434.63,198.09,76.32,190.63,87.56
6513,573666.127977,64.805,60,126.675,5.772,59.625,140.062,87.075,435.3,197.94,78.45,182.35,86.97
6514,573666.131724,66.258,57,124.062,5.614,58.809,146.067,88.649,431.85,197.72,77.39,190.3,88.57
6515,573666.141,65.948,61,126.26,6.003,58.423,143.346,87.784,434.86,198.24,76.88,186.83,87.74
6516,573666.143863,62.853,61,125.659,4.45,62.642,137.291,88.716,433.88,196.23,82.48,179.03,88.61
6517,573666.147965,66.25,68,124.061,6.147,58.236,144.599,87.846,431.82,198.43,76.64,188.26,87.77
6518,573666.152235,65.443,60,125.661,5.913,59.096,142.193,87.637,434.15,198.14,77.78,184.48,87.46
6519,573666.1563,64.046,57,123.755,4.572,62.03,141.734,89.213,431.57,196.37,81.6,184.58,89.12
6520,573666.16451,66.54,58,125.935,6.016,58.183,146.148,87.977,434.42,198.26,76.59,190.19,87.9
6521,573666.17715,65.549,59,126.831,5.521,58.982,142.499,88.009,435.52,197.59,77.61,185.45,87.93
6522,573666.180067,62.747,53,126.551,3.77,62.628,136.765,88.995,435.16,195.32,82.37,178.2,89.05
6523,573666.188538,66.471,64,126.036,5.35,57.995,145.274,88.064,434.42,197.38,76.3,189.27,87.98
6524,573666.192351,65.488,60,126.858,4.984,59.288,142.9,88.172,435.51,196.89,78.0,186.1,88.09
6525,573666.195504,65.37,58,124.835,4.083,60.227,144.516,89.954,432.83,195.69,79.27,188.27,89.91
6526,573666.200724,66.455,63,128.361,4.879,58.511,146.471,88.351,437.42,196.75,76.98,190.62,88.27
6527,573666.203686,63.37,61,128.932,3.265,63.139,140.866,87.64,438.14,194.66,83.04,183.33,87.48
6528,573666.207973,66.474,62,125.564,4.551,58.8,147.308,88.884,433.65,196.31,77.43,191.15,88.78
6529,573666.216428,65.118,64,128.127,4.487,59.926,142.425,88.48,437.16,196.23,78.83,185.5,88.4
6530,573666.220264,62.132,55,127.455,2.978,63.746,136.372,89.744,436.28,194.24,83.87,177.58,89.68
6531,573666.224131,65.446,68,126.986,4.588,59.56,143.326,88.762,435.52,196.37,78.37,186.32,88.69
6532,573666.227782,64.88,59,126.834,4.567,60.762,143.132,88.647,435.47,196.34,79.94,186.37,88.57
6533,573666.232487,65.722,61,124.698,4.332,60.349,146.776,89.781,432.53,196.03,79.46,191.1,89.72
6534,573666.240949,65.67,65,127.793,4.84,60.266,146.28,88.761,436.7,196.7,79.3,190.38,88.7
6535,573666.244189,63.368,54,126.091,4.312,62.798,140.095,88.721,434.54,196.03,82.55,182.47,88.62
6536,573666.247983,65.432,66,123.95,5.054,60.406,145.286,88.951,431.67,196.98,79.52,188.91,88.88
6537,573666.257138,63.903,64,122.331,4.035,63.812,145.062,90.453,429.55,195.61,84.01,189.1,90.43
6538,573666.263755,65.705,58,124.456,5.494,60.714,147.566,88.847,432.36,197.56,79.89,192.28,88.77
6539,573666.268151,63.694,57,124.778,5.331,62.42,140.848,88.393,432.86,197.34,82.16,183.23,88.33
6540,573666.272298,64.923,55,122.721,5.255,61.615,145.374,89.423,430.1,197.24,81.09,189.54,89.35
6541,573666.280694,62.677,57,121.879,3.835,66.065,143.93,89.785,428.96,195.36,86.92,187.9,89.74
6542,573666.283781,65.065,71,122.249,5.646,61.714,146.384,88.594,429.47,197.76,81.21,190.9,88.51
6543,573666.292376,65.28,60,124.995,5.505,61.725,147.602,88.371,433.04,197.58,81.24,192.09,88.29
6544,573666.296326,63.479,62,121.779,4.314,64.408,144.245,90.147,428.82,196.08,84.54,188.21,90.11
6545,573666.301006,65.436,58,125.03,5.681,61.547,148.053,88.408,433.09,197.81,80.99,192.78,88.32
6546,573666.303717,63.299,61,125.209,5.175,63.077,140.378,87.901,433.36,197.14,83.0,182.89,87.81
6547,573666.308458,65.05,68,123.445,5.291,61.472,145.731,88.375,430.98,197.29,80.9,189.8,88.27
6548,573666.316354,64.895,64,127.055,5.206,61.962,146.041,88.278,435.8,197.19,81.55,189.83,88.17
6549,573666.320305,62.637,58,124.431,3.736,65.307,142.089,89.191,432.34,195.24,85.94,185.07,89.12
6550,573666.324274,64.767,59,125.881,5.152,61.528,144.331,87.738,434.15,197.1,80.91,188.0,87.61
6551,573666.32788,63.563,58,127.219,4.861,62.608,140.624,87.625,436.14,196.73,82.41,182.54,87.51
6552,573666.331686,63.542,53,127.37,4.621,62.267,139.757,88.016,436.36,196.43,81.92,181.5,87.88
6553,573666.335803,64.166,60,128.329,4.658,62.234,142.816,87.527,437.46,196.46,81.88,185.81,87.45
6554,573666.34507,63.026,65,127.878,4.213,63.539,140.082,87.573,436.81,195.89,83.6,182.2,87.47
6555,573666.347784,64.996,63,126.115,4.408,61.692,145.952,87.898,434.51,196.14,81.16,190.1,87.81
6556,573666.357165,63.234,56,125.682,2.987,65.311,145.025,89.145,433.88,194.26,85.94,188.79,89.1
6557,573666.359956,65.258,55,128.497,4.437,62.041,148.237,87.845,437.6,196.17,81.61,192.98,87.75
6558,573666.368928,63.445,57,131.079,3.055,64.993,145.382,85.925,440.99,194.39,85.45,189.27,85.86
6559,573666.371988,63.901,48,128.538,4.058,62.84,142.845,87.736,437.68,195.67,82.67,185.98,87.66
6560,573666.376114,63.879,62,129.565,4.479,63.06,143.23,87.391,439.02,196.23,82.94,186.46,87.29
6561,573666.38043,62.418,63,127.881,4.26,64.51,139.323,87.356,436.83,195.94,84.87,181.36,87.26
6562,573666.383718,64.553,65,126.073,4.804,62.604,145.701,87.004,434.39,196.68,82.37,189.5,86.9
6563,573666.392704,63.563,62,128.219,4.619,63.551,142.741,86.958,437.39,196.43,83.58,186.17,86.91
6564,573666.395696,61.808,66,125.646,3.433,66.559,140.888,88.401,433.94,194.86,87.57,183.51,88.35
6565,573666.400176,63.933,59,129.324,4.836,62.841,143.009,88.22,438.76,196.67,82.66,185.91,88.18
6566,573666.40467,62.643,57,129.472,3.615,66.209,144.081,85.038,438.86,195.23,86.8,187.85,85.02
6567,573666.407834,65.238,50,125.232,5.008,62.571,149.385,86.977,433.36,196.94,82.32,194.6,86.87
6568,573666.412076,64.55,64,128.349,5.279,62.813,146.169,86.61,437.39,197.29,82.64,190.15,86.5
6569,573666.420726,61.793,55,127.893,3.629,66.775,141.274,85.665,436.95,195.15,87.76,184.0,85.49
6570,573666.433093,63.158,57,127.161,5.264,62.718,138.902,86.115,435.84,197.25,82.57,180.8,86.03
6571,573666.435874,65.086,65,127.836,5.461,61.649,146.344,86.356,436.84,197.53,81.11,190.36,86.22
6572,573666.444937,62.279,60,128.122,3.865,65.155,140.069,85.258,437.12,195.44,85.7,182.36,85.15
6573,573666.448224,65.144,61,125.401,5.285,61.471,146.243,86.346,433.71,197.29,80.92,189.74,86.23
6574,573666.451936,65.26,67,129.103,5.005,61.277,146.421,86.262,438.63,196.94,80.68,189.77,86.09
6575,573666.455833,62.831,60,126.211,3.677,64.953,142.249,87.108,434.65,195.18,85.46,185.22,87.01
6576,573666.459974,64.804,67,126.922,5.206,61.247,143.868,85.503,435.44,197.18,80.53,187.16,85.32
6577,573666.468748,64.146,56,128.402,4.716,61.567,141.184,85.838,437.64,196.55,81.03,183.3,85.71
6578,573666.471819,64.201,57,124.948,4.348,62.04,142.553,88.263,432.99,196.06,81.64,185.65,88.19
6579,573666.475754,65.257,58,129.14,4.75,60.766,145.18,86.154,438.39,196.6,79.95,188.68,86.03
6580,573666.479905,62.095,53,128.932,3.229,64.33,137.453,86.698,438.21,194.6,84.61,178.98,86.63
6581,573666.483942,65.72,66,127.121,4.787,60.224,146.458,86.086,435.82,196.65,79.22,190.76,85.97
6582,573666.488062,64.465,65,129.336,4.503,61.143,141.842,86.182,438.74,196.27,80.41,184.7,86.07
6583,573666.496852,63.481,60,127.185,3.374,63.502,142.223,87.525,435.92,194.78,83.54,185.13,87.44
6584,573666.499639,65.186,60,128.869,4.826,60.345,143.789,86.051,438.14,196.7,79.38,187.1,85.93
6585,573666.504927,64.612,64,128.749,4.586,61.225,142.797,86.216,437.96,196.38,80.53,185.87,86.11
6586,573666.513005,65.698,66,130.143,4.82,60.321,146.573,86.253,439.89,196.69,79.39,190.21,86.17
6587,573666.519819,62.054,55,128.722,3.419,64.637,137.922,87.053,437.89,194.86,84.98,179.45,86.85
6588,573666.524279,65.466,65,126.309,5.249,60.281,145.173,86.68,434.77,197.26,79.31,189.25,86.53
6589,573666.532248,63.897,61,124.719,3.996,63.594,144.537,88.199,432.67,195.6,83.67,188.32,88.12
6590,573666.535661,65.802,58,126.932,5.516,60.214,146.902,86.802,435.58,197.6,79.22,191.27,86.7
6591,573666.545257,64.004,59,127.445,5.372,61.422,140.134,86.169,436.21,197.4,80.83,182.54,86.09
6592,573666.547982,65.746,65,124.72,5.65,60.278,146.738,86.973,432.69,197.78,79.31,191.19,86.87
6593,573666.551519,65.924,63,128.308,5.607,59.982,147.031,86.831,437.53,197.71,78.97,190.68,86.72
6594,573666.556356,64.019,54,124.587,4.569,62.904,143.593,87.815,432.54,196.35,82.77,187.01,87.73
6595,573666.559885,65.865,69,125.433,6.047,59.567,145.681,86.263,433.56,198.32,78.33,190.14,86.13
6596,573666.563807,65.216,58,126.511,5.659,60.103,143.375,86.692,435.19,197.79,79.1,186.25,86.57
6597,573666.5728,65.087,52,123.731,5.386,60.19,142.888,88.589,431.34,197.42,79.24,186.02,88.55
6598,573666.576413,65.978,57,128.72,5.534,59.064,145.091,87.126,438.01,197.59,77.72,188.37,87.07
6599,573666.580115,63.413,59,127.837,3.947,63.478,141.831,85.987,436.74,195.58,83.44,184.56,85.85
6600,573666.584126,66.556,61,125.224,5.569,58.735,147.632,86.773,433.35,197.68,77.27,192.36,86.67
6601,573666.58827,65.309,60,127.521,5.268,59.645,142.786,86.82,436.38,197.28,78.46,185.99,86.72
6602,573666.601353,66.062,65,127.601,5.275,58.36,143.833,86.935,436.49,197.29,76.77,187.24,86.83
6603,573666.603574,65.278,60,127.516,5.028,59.68,142.701,87.0,436.48,196.94,78.56,185.27,86.94
6604,573666.609088,66.163,58,126.077,4.64,59.282,146.687,88.207,434.41,196.47,77.95,191.37,88.05
6605,573666.612268,66.345,61,129.453,4.849,58.836,146.637,87.091,438.88,196.74,77.44,190.74,87.04
6606,573666.620802,64.093,57,130.87,3.473,62.551,143.166,85.686,440.59,194.99,82.13,186.17,85.63
6607,573666.624145,66.545,66,126.886,4.801,58.82,147.777,87.397,435.5,196.66,77.38,192.44,87.31
6608,573666.628172,65.184,57,128.209,4.724,59.884,142.681,87.377,437.33,196.55,78.8,185.53,87.3
6609,573666.632503,63.764,54,126.262,3.568,62.842,142.151,88.967,434.72,195.02,82.69,185.06,88.9
6610,573666.635645,65.663,60,128.256,4.954,59.55,144.501,87.741,437.31,196.86,78.33,188.17,87.65
6611,573666.640387,63.806,57,130.557,3.578,63.243,143.275,85.866,440.25,195.06,83.17,186.41,85.76
6612,573666.648653,66.366,50,126.13,4.706,60.033,149.748,88.295,434.28,196.54,78.99,195.08,88.13
6613,573666.652053,65.702,63,128.581,5.141,60.279,146.492,87.983,437.77,197.09,79.33,190.32,87.91
6614,573666.655816,63.81,53,126.786,4.898,61.898,140.25,88.007,435.45,196.78,81.45,182.51,87.91
6615,573666.659961,65.794,69,125.217,5.539,60.027,146.4,87.762,433.34,197.63,78.97,190.78,87.67
6616,573666.663978,64.425,60,126.348,5.254,61.325,142.057,87.746,434.94,197.24,80.74,184.55,87.65
6617,573666.67294,63.784,54,124.023,4.385,63.215,143.097,89.485,431.86,196.12,83.14,186.35,89.39
6618,573666.685003,65.595,64,123.373,5.62,60.674,146.844,88.267,430.67,197.77,79.93,190.99,88.13
6619,573666.687955,65.362,66,127.049,5.682,60.96,146.229,87.946,435.88,197.81,80.27,190.12,87.8
6620,573666.696446,63.302,62,123.773,4.493,64.088,142.643,88.923,431.47,196.24,84.33,185.85,88.85
6621,573666.699859,64.904,65,124.795,5.905,60.833,143.428,87.607,432.68,198.12,80.05,186.86,87.45
6622,573666.703827,63.809,61,126.166,5.607,61.574,139.509,87.33,434.65,197.75,80.96,181.81,87.16
6623,573666.708507,64.181,58,125.22,5.404,61.294,140.735,88.212,433.3,197.44,80.71,182.86,88.14
6624,573666.711908,65.257,66,127.096,5.636,60.849,145.378,87.789,435.82,197.77,80.05,189.34,87.75
6625,573666.715935,64.246,53,126.3,5.251,61.601,141.774,87.597,434.77,197.25,81.04,184.67,87.51
6626,573666.723859,65.704,67,124.41,5.381,60.352,146.684,87.621,432.28,197.42,79.4,191.19,87.53
6627,573666.7279,65.59,60,127.576,4.98,61.065,147.766,87.638,436.39,196.89,80.35,192.19,87.55
6628,573666.731717,63.233,61,124.725,3.639,64.234,142.626,89.161,432.71,195.08,84.61,185.69,89.11
6629,573666.735955,65.197,61,127.678,4.989,60.762,144.842,87.979,436.55,196.9,79.93,188.66,87.89
6630,573666.739973,64.136,58,130.431,4.165,62.44,143.131,85.608,440.16,195.78,82.22,186.27,85.43
6631,573666.748225,65.101,53,126.591,4.474,60.931,144.723,88.254,435.16,196.22,80.18,188.38,88.18
6632,573666.751886,65.274,61,129.308,4.626,61.245,146.422,87.537,438.64,196.42,80.57,190.42,87.44
6633,573666.756008,63.547,57,127.496,4.403,62.51,140.324,87.731,436.32,196.13,82.23,182.69,87.65
6634,573666.760208,65.332,71,126.011,4.652,60.957,146.052,87.708,434.37,196.46,80.19,190.31,87.62
6635,573666.772809,63.488,61,124.859,3.243,64.504,144.504,89.489,432.86,194.59,84.88,188.27,89.44
6636,573666.775806,65.2,54,127.285,4.685,61.458,146.519,87.788,436.15,196.51,80.83,191.15,87.74
6637,573666.77967,63.433,61,127.507,4.565,62.886,140.609,87.564,436.52,196.29,82.85,182.9,87.39
6638,573666.788861,64.754,69,128.733,4.841,62.129,145.669,87.549,437.9,196.71,81.74,189.49,87.45
6639,573666.791962,62.967,59,126.978,4.74,63.482,139.673,87.487,435.65,196.57,83.53,181.89,87.4
6640,573666.801129,64.634,70,125.303,5.317,61.918,144.533,87.261,433.28,197.35,81.5,187.86,87.17
6641,573666.80443,63.983,55,126.503,5.143,62.64,142.809,87.249,435.06,197.11,82.41,186.02,87.15
6642,573666.808351,62.783,61,123.754,4.131,64.851,141.794,89.173,431.44,195.76,85.34,184.74,89.11
6643,573666.811946,64.647,60,126.766,5.464,62.251,145.38,87.262,435.46,197.52,81.94,188.85,87.18
6644,573666.816152,63.087,61,126.044,5.134,63.439,140.153,86.99,434.45,197.09,83.47,182.56,86.89
6645,573666.824399,65.064,65,124.008,5.528,61.788,146.552,87.321,431.67,197.63,81.36,190.29,87.21
6646,573666.828325,63.908,64,126.358,5.489,62.219,141.466,86.973,434.87,197.56,81.84,184.35,86.87
6647,573666.831937,62.117,54,124.227,4.091,65.438,139.927,87.48,432.09,195.73,86.1,182.27,87.39
6648,573666.836285,64.38,65,125.543,5.761,61.848,143.036,86.441,433.78,197.93,81.36,186.37,86.33
6649,573666.84024,64.213,62,126.278,5.376,62.004,142.529,86.711,434.75,197.42,81.57,185.65,86.6
6650,573666.843832,65.12,59,124.355,5.491,61.595,146.405,86.935,432.03,197.61,81.19,190.36,86.79
6651,573666.856803,62.923,54,124.629,3.692,65.263,143.378,88.134,432.66,195.16,86.01,186.38,88.02
6652,573666.859475,65.499,71,125.184,5.266,60.895,146.839,86.68,433.28,197.28,80.11,191.34,86.57
6653,573666.86476,65.637,59,128.415,4.9,61.134,148.201,86.679,437.61,196.8,80.45,192.41,86.54
6654,573666.868437,64.264,59,125.171,3.966,63.07,145.248,88.144,433.25,195.56,82.98,189.23,88.07
6655,573666.876811,64.798,57,127.227,4.951,60.714,142.584,86.163,435.83,196.91,79.95,185.44,86.01
6656,573666.880161,64.486,59,128.457,4.499,61.686,143.212,86.354,437.64,196.25,81.16,186.19,86.27
6657,573666.884148,65.689,61,126.622,4.476,60.673,147.376,87.438,435.07,196.25,79.81,192.28,87.31
6658,573666.887783,65.484,63,130.348,4.468,60.82,146.571,86.473,440.01,196.23,79.99,190.71,86.38
6659,573666.891845,63.525,52,128.596,4.215,62.505,140.206,86.835,437.79,195.87,82.26,182.34,86.75
6660,573666.900372,65.723,74,126.917,4.713,60.366,146.824,86.781,435.54,196.55,79.4,191.27,86.68
6661,573666.903867,64.528,58,128.947,4.463,61.517,143.038,86.568,438.22,196.22,80.91,186.21,86.47
6662,573666.907529,63.614,57,126.735,3.75,63.381,142.616,88.1,435.34,195.26,83.4,185.66,88.02
6663,573666.912099,64.721,61,129.53,4.7,60.935,142.697,87.278,439.15,196.45,80.02,185.39,87.34
6664,573666.915889,64.144,61,128.221,4.674,62.056,142.294,86.507,437.27,196.5,81.62,185.26,86.4
6665,573666.919757,65.256,72,125.723,4.919,61.258,146.352,87.308,433.87,196.82,80.62,190.35,87.21
6666,573666.92878,65.348,65,129.202,5.072,61.182,146.681,86.866,438.65,197.01,80.53,190.3,86.76
6667,573666.9411,64.25,57,130.924,4.364,63.042,145.108,84.106,440.73,196.11,82.89,188.83,83.97
6668,573666.94369,64.028,45,127.694,5.521,61.277,139.924,86.211,436.58,197.6,80.63,182.24,86.11
6669,573666.953005,65.771,62,127.543,5.74,60.605,147.68,86.677,436.35,197.9,79.74,192.11,86.57
6670,573666.955705,62.857,61,127.433,4.241,64.462,141.295,85.72,436.18,195.94,84.81,183.87,85.61
6671,573666.960098,65.372,66,124.705,5.868,60.528,145.249,86.513,432.68,198.07,79.63,189.26,86.4
6672,573666.964007,64.51,62,126.813,5.577,61.07,141.907,86.535,435.4,197.67,80.34,184.53,86.37
6673,573666.967821,63.491,55,124.737,4.46,63.536,142.35,87.784,432.84,196.19,83.65,185.12,87.7
6674,573666.976632,65.381,63,126.219,5.757,59.934,143.871,86.342,434.66,197.93,78.84,187.47,86.23
6675,573666.979854,64.184,53,126.898,5.583,60.808,139.634,86.34,435.74,197.69,80.06,181.24,86.17
6676,573666.983723,64.925,56,123.845,4.495,61.897,146.053,88.186,431.59,196.24,81.48,190.16,88.11
6677,573666.988292,65.859,63,127.951,5.345,60.007,146.723,86.79,436.89,197.38,78.95,190.9,86.68
6678,573666.99208,64.072,55,127.218,4.933,61.164,139.887,86.776,436.04,196.8,80.54,181.89,86.71
6679,573666.995928,65.971,62,126.143,5.322,59.289,145.602,86.665,434.31,197.39,78.04,189.14,86.57
6680,573667.004263,65.99,62,128.872,4.919,59.937,147.303,86.813,438.4,196.79,78.94,190.87,86.65
6681,573667.007955,64.64,61,125.429,3.993,61.943,144.622,88.163,433.53,195.64,81.37,188.45,88.14
6682,573667.013113,66.198,57,128.595,5.044,59.278,146.882,86.77,437.74,196.98,77.97,191.25,86.67
6683,573667.020949,65.864,59,125.662,4.499,59.752,146.125,88.186,433.73,196.25,78.66,189.8,88.04
6684,573667.027957,65.702,63,129.609,4.657,59.887,145.537,86.995,439.12,196.48,78.77,189.56,86.92
6685,573667.032115,62.359,51,128.635,3.147,63.76,137.434,88.181,437.81,194.48,83.87,178.93,88.09
6686,573667.04097,65.987,57,128.854,4.592,60.171,147.864,86.987,438.17,196.4,79.21,191.99,86.9
6687,573667.043744,65.208,63,125.404,4.181,61.258,146.089,88.679,433.55,195.83,80.61,190.33,88.61
6688,573667.052906,66.126,65,128.658,5.038,59.662,147.415,87.278,437.74,196.98,78.49,191.65,87.21
6689,573667.055625,63.016,58,128.766,3.375,64.432,142.003,86.154,437.9,194.79,84.76,184.73,86.05
6690,573667.060195,65.74,60,125.681,4.879,60.377,146.947,87.688,433.95,196.76,79.43,191.41,87.6
6691,573667.064343,65.305,63,128.74,5.075,60.346,144.442,87.911,437.88,197.02,79.39,187.99,87.81
6692,573667.06761,63.807,56,126.587,5.133,61.615,139.593,87.459,435.19,197.1,81.05,181.73,87.34
6693,573667.072216,65.444,64,126.022,5.593,59.994,144.359,87.476,434.36,197.69,78.94,187.76,87.36
6694,573667.080915,64.814,59,125.86,5.376,60.885,143.069,87.189,434.18,197.42,80.14,185.86,87.13
6695,573667.084029,63.867,59,122.663,4.573,62.548,142.007,89.332,429.99,196.33,82.31,185.04,89.24
6696,573667.08817,65.682,63,126.357,5.638,60.167,146.106,87.563,434.82,197.76,79.16,190.25,87.46
6697,573667.092667,62.257,55,125.922,4.031,64.42,138.386,87.775,434.28,195.69,84.76,180.42,87.55
6698,573667.095776,65.632,66,123.568,5.679,59.852,145.062,87.405,431.13,197.83,78.79,188.63,87.34
6699,573667.109008,64.199,60,122.353,4.193,62.987,144.714,88.984,429.49,195.89,82.79,188.75,88.97
6700,573667.112498,66.533,57,125.131,5.657,59.503,149.419,87.632,433.23,197.78,78.29,194.66,87.54
6701,573667.115981,64.759,56,125.514,5.267,60.593,142.097,87.219,433.79,197.27,79.74,184.9,87.12
6702,573667.119721,65.684,61,123.741,5.104,60.157,146.096,88.405,431.35,197.04,79.17,190.59,88.36
6703,573667.128391,65.848,63,127.434,5.222,59.665,145.82,87.508,436.3,197.23,78.52,189.95,87.47
6704,573667.13176,63.666,56,126.061,4.709,62.006,139.781,87.559,434.46,196.53,81.59,182.06,87.47
6705,573667.136285,65.899,70,125.031,5.287,59.534,145.79,87.616,433.03,197.3,78.34,189.81,87.5
6706,573667.140402,64.955,58,126.933,4.941,60.329,142.51,87.618,435.72,196.83,79.46,184.83,87.54
6707,573667.14424,64.415,63,124.867,4.036,62.205,144.043,89.056,432.88,195.64,81.85,187.67,88.99
6708,573667.148189,65.836,59,128.035,5.159,60.207,147.082,87.625,437.0,197.12,79.2,191.48,87.53
6709,573667.156704,64.227,61,127.386,4.744,61.381,141.17,87.775,436.19,196.58,80.74,183.83,87.69
6710,573667.15986,65.718,62,125.846,4.731,60.153,146.277,88.327,434.14,196.56,79.14,190.59,88.25
6711,573667.163724,65.356,66,129.38,4.811,60.937,146.139,87.734,438.85,196.67,80.22,189.74,87.67
6712,573667.167812,63.019,56,129.471,3.205,64.783,142.792,86.979,438.86,194.54,85.29,185.65,86.9
6713,573667.171875,65.403,68,126.981,4.901,60.584,145.554,87.576,435.57,196.78,79.7,189.43,87.46
6714,573667.180578,64.29,59,127.892,4.743,61.804,142.465,87.691,437.04,196.57,81.39,184.53,87.59
6715,573667.193148,63.379,57,127.426,4.823,62.824,140.203,87.822,436.27,196.68,82.65,182.49,87.72
6716,573667.196079,65.371,65,125.283,4.996,61.363,147.244,88.158,433.52,196.9,80.79,191.07,88.07
6717,573667.204629,65.012,63,129.066,4.949,61.881,146.489,87.691,438.47,196.82,81.41,190.05,87.7
6718,573667.207738,62.774,57,125.516,3.827,65.243,142.607,88.795,433.75,195.36,85.84,185.7,88.72
6719,573667.212799,64.666,65,126.4,5.362,61.698,144.192,87.499,434.89,197.4,81.16,187.88,87.4
6720,573667.216268,64.012,56,129.883,4.771,62.873,143.487,85.669,439.34,196.56,82.84,186.82,85.59
6721,573667.21969,64.016,51,126.501,5.08,62.193,141.956,87.866,435.2,197.04,81.82,184.44,87.72
6722,573667.22414,65.121,64,128.181,5.375,61.736,146.747,87.328,437.17,197.41,81.22,190.89,87.23
6723,573667.232091,62.407,54,127.895,3.759,65.793,142.044,86.302,436.62,195.31,86.62,184.23,86.23
6724,573667.236166,64.866,65,124.756,5.355,61.801,145.503,87.266,432.66,197.39,81.38,188.78,87.11
6725,573667.240261,65.121,63,127.588,5.294,61.828,146.964,87.273,436.41,197.31,81.35,191.19,87.17
6726,573667.244422,63.791,65,123.862,4.374,64.031,144.981,88.417,431.55,196.09,84.26,188.94,88.34
6727,573667.248043,65.068,58,126.476,5.471,61.462,145.801,86.918,434.99,197.54,80.85,189.92,86.81
6728,573667.256309,63.09,60,128.53,3.729,64.87,143.331,85.773,437.63,195.25,85.34,186.57,85.67
6729,573667.259736,65.556,56,124.905,4.93,61.402,148.385,87.645,432.87,196.83,80.78,193.56,87.55
6730,573667.263909,65.078,60,128.38,5.01,61.489,145.92,87.075,437.47,196.94,80.89,189.94,86.99
6731,573667.267966,62.63,56,125.612,3.553,65.27,141.974,87.88,433.89,195.01,85.88,184.85,87.79
6732,573667.280829,64.288,55,129.301,4.457,61.659,142.122,87.841,438.7,196.21,81.11,184.85,87.82
6733,573667.283863,63.4,63,127.587,4.617,62.245,139.012,87.119,436.52,196.42,81.89,180.84,86.99
6734,573667.288503,64.664,63,128.02,4.948,61.398,143.478,86.675,436.94,196.86,80.78,186.58,86.58
6735,573667.296658,65.285,70,125.511,4.784,61.25,146.494,87.27,433.71,196.64,80.58,190.88,87.18
6736,573667.299773,64.868,67,129.504,4.774,61.845,145.618,87.109,438.92,196.62,81.37,189.31,87.02
6737,573667.30841,63.305,56,128.035,4.727,62.551,139.236,86.713,437.08,196.57,82.26,181.21,86.57
6738,573667.312263,64.987,70,126.589,5.146,61.101,144.508,86.513,434.98,197.11,80.38,187.84,86.36
6739,573667.316868,63.982,59,127.48,4.957,62.169,141.729,86.625,436.46,196.89,81.85,183.42,86.44
6740,573667.319642,64.623,56,125.705,4.619,62.137,144.984,87.856,434.07,196.42,81.74,189.17,87.82
6741,573667.324179,65.276,66,128.935,5.215,61.131,146.158,86.847,438.14,197.21,80.42,190.16,86.74
6742,573667.331967,62.012,58,128.35,3.535,65.629,139.85,86.184,437.49,194.95,86.42,182.19,86.01
6743,573667.336343,65.23,59,125.352,5.261,61.277,146.257,86.785,433.57,197.27,80.6,190.73,86.69
6744,573667.339879,65.437,61,128.473,5.26,61.217,147.261,86.777,437.47,197.29,80.53,191.38,86.71
6745,573667.344185,63.876,55,124.607,4.364,63.835,144.973,87.902,432.52,196.08,84.0,188.89,87.82
6746,573667.348236,64.991,58,126.457,5.547,60.828,143.882,86.469,434.76,197.61,80.11,186.81,86.31
6747,573667.351856,63.818,54,130.543,4.058,63.695,144.362,84.397,440.06,195.73,83.75,187.48,84.29
6748,573667.365106,65.132,70,129.004,5.425,61.378,145.954,86.78,438.32,197.48,80.77,189.76,86.7
6749,573667.367678,63.505,52,126.981,4.884,62.512,140.126,86.534,435.65,196.77,82.25,182.47,86.43
6750,573667.372614,65.622,71,125.328,5.455,60.353,146.218,86.538,433.47,197.53,79.4,190.5,86.43
6751,573667.375876,64.574,63,127.809,5.129,60.948,141.956,86.422,436.75,197.1,80.17,184.89,86.31
6752,573667.384791,64.103,54,126.925,4.797,61.793,141.482,87.061,435.59,196.65,81.31,184.2,86.96
6753,573667.388434,65.045,61,127.376,5.253,60.459,143.299,86.106,435.85,197.23,79.53,185.75,85.87
6754,573667.392319,64.49,61,127.878,4.875,61.269,142.266,86.393,436.82,196.76,80.59,185.19,86.29
6755,573667.396258,65.684,72,125.728,4.953,60.357,146.58,87.025,433.98,196.86,79.41,190.98,86.93
6756,573667.400049,65.568,61,129.443,4.889,60.376,145.975,86.615,438.84,196.79,79.43,189.94,86.54
6757,573667.408694,64.072,57,128.062,4.685,61.364,140.341,86.698,437.02,196.53,80.7,182.66,86.62
6758,573667.412369,65.633,78,126.591,5.216,59.991,145.403,86.433,435.12,197.21,78.91,189.44,86.33
6759,573667.416057,64.739,58,128.096,4.813,60.872,142.646,86.627,437.04,196.69,80.1,185.44,86.54
6760,573667.420979,64.203,56,125.514,4.079,62.264,143.076,88.562,433.6,195.7,81.96,186.19,88.5
6761,573667.423662,65.927,58,128.981,5.056,60.112,147.368,86.753,438.26,197.0,79.1,191.51,86.64
6762,573667.428123,63.035,62,128.966,3.384,64.302,141.807,85.875,438.16,194.8,84.6,184.45,85.77
6763,573667.43625,65.701,64,126.125,5.005,60.119,146.095,86.992,434.56,196.92,79.09,190.21,86.91
6764,573667.449002,65.597,68,126.279,5.479,59.909,145.005,86.761,434.59,197.55,78.84,188.53,86.61
6765,573667.451834,64.988,58,127.221,5.17,60.65,143.444,86.764,436.06,197.14,79.79,186.71,86.69
6766,573667.460901,65.23,56,124.912,4.871,61.072,145.765,88.208,432.92,196.74,80.37,189.94,88.14
6767,573667.463765,65.706,68,128.435,5.46,60.223,146.377,87.215,437.49,197.53,79.23,190.46,87.11
6768,573667.468056,63.493,55,128.693,3.858,63.938,143.26,85.813,437.86,195.43,84.1,186.53,85.71
6769,573667.472187,65.889,64,125.326,5.458,60.005,146.887,86.966,433.39,197.53,78.95,191.31,86.83
6770,573667.475959,65.896,61,127.767,5.432,60.193,147.393,87.239,436.64,197.49,79.2,191.73,87.14
6771,573667.484663,63.76,58,124.35,4.046,63.607,143.867,88.461,432.2,195.65,83.7,187.43,88.39
6772,573667.488522,65.466,56,126.104,5.649,60.148,144.854,87.207,434.23,197.73,79.15,187.74,86.96
6773,573667.492284,64.715,56,126.36,5.427,60.639,141.971,87.15,434.99,197.45,79.81,184.9,87.02
6774,573667.496511,65.826,57,124.801,5.3,59.904,146.28,88.068,432.83,197.31,78.8,190.81,87.98
6775,573667.499972,65.646,67,128.25,5.401,60.119,145.786,87.092,437.25,197.45,79.09,189.7,86.99
6776,573667.504214,63.657,55,126.459,4.842,62.047,139.825,87.455,435.07,196.69,81.67,182.01,87.31
6777,573667.513076,65.854,68,125.326,5.601,59.584,145.661,87.104,433.39,197.72,78.4,189.71,86.97
6778,573667.515894,66.028,57,127.336,5.191,60.167,148.088,87.199,436.13,197.17,79.15,192.79,87.08
6779,573667.520557,64.107,59,123.994,3.967,63.003,144.273,89.106,431.67,195.6,82.77,188.04,89.1
6780,573667.528836,63.403,53,128.059,3.519,64.148,143.281,86.402,437.07,194.97,84.41,186.31,86.31
6781,573667.535726,65.94,62,124.868,5.081,59.888,146.895,87.798,432.87,197.03,78.8,191.42,87.71
6782,573667.540895,65.544,66,128.556,5.023,60.391,145.874,87.409,437.65,196.95,79.45,189.79,87.31
6783,573667.548593,65.865,63,125.908,5.211,59.709,146.028,87.201,434.05,197.21,78.63,189.8,87.03
6784,573667.55163,65.725,59,127.859,4.885,60.496,147.148,87.668,436.86,196.76,79.62,191.12,87.6
6785,573667.561101,65.202,59,124.619,4.335,61.261,146.06,88.879,432.53,196.03,80.63,190.31,88.82
6786,573667.563759,65.767,65,128.421,4.955,60.21,146.693,87.676,437.45,196.86,79.23,190.73,87.58
6787,573667.568459,62.943,62,128.654,3.262,64.561,141.929,86.628,437.81,194.64,84.93,184.75,86.53
6788,573667.571679,65.928,58,125.512,4.781,60.344,147.942,87.796,433.59,196.63,79.42,192.63,87.75
6789,573667.575748,65.562,62,128.627,4.764,60.792,146.944,87.721,437.97,196.63,80.07,190.25,87.67
6790,573667.579783,63.543,55,125.33,3.745,63.712,143.003,89.057,433.5,195.25,83.84,186.22,88.99
6791,573667.589609,64.895,63,126.903,5.109,60.748,143.18,87.557,435.5,197.05,79.94,186.16,87.44
6792,573667.591932,63.732,53,129.443,3.53,64.16,144.973,86.161,438.8,194.99,84.41,188.61,86.07
6793,573667.596121,65.298,49,125.017,4.697,61.375,146.868,88.755,433.03,196.5,80.78,191.38,88.7
6794,573667.600295,64.761,58,127.849,5.19,61.373,143.936,87.629,436.9,197.17,80.69,187.85,87.55
6795,573667.60427,62.899,53,128.434,3.621,65.212,143.146,86.449,437.47,195.1,85.77,186.26,86.32
6796,573667.617396,65.486,59,127.419,5.296,61.369,147.905,87.476,436.27,197.3,80.77,192.11,87.4
6797,573667.620071,64.115,58,123.632,4.532,63.361,145.133,88.774,431.21,196.31,83.39,189.23,88.67
6798,573667.624473,65.521,59,126.61,5.703,61.021,147.267,87.471,435.16,197.84,80.27,191.85,87.37
6799,573667.627617,63.649,59,126.516,5.344,62.282,140.314,87.027,435.12,197.36,81.98,182.49,86.94
6800,573667.63609,64.977,60,124.828,5.308,61.188,144.658,87.841,432.84,197.32,80.51,188.47,87.75
6801,573667.640342,64.549,65,127.406,5.399,61.628,143.41,87.227,436.36,197.43,81.06,187.01,87.11
6802,573667.643437,63.772,53,126.196,5.122,62.298,140.963,87.248,434.64,197.07,81.97,183.59,87.15
6803,573667.648315,65.374,63,125.143,5.528,60.68,145.625,86.95,433.19,197.63,79.85,189.58,86.85
6804,573667.651654,64.323,63,126.796,5.13,61.62,142.21,87.069,435.6,197.07,81.13,184.49,87.0
6805,573667.656277,63.338,58,124.809,3.976,64.056,142.754,88.614,432.7,195.57,84.23,186.31,88.55
6806,573667.664426,65.141,59,127.509,5.205,61.028,145.17,87.047,436.34,197.19,80.28,189.09,86.95
6807,573667.667759,63.91,60,127.16,4.848,62.045,141.078,86.905,435.9,196.72,81.62,183.7,86.81
6808,573667.672291,65.394,66,125.546,4.824,60.886,146.23,87.532,433.75,196.69,80.1,190.54,87.44
6809,573667.675785,65.48,61,128.997,4.713,61.071,147.155,87.178,438.27,196.54,80.34,191.48,87.09
6810,573667.679822,64.068,58,125.174,3.959,63.196,144.511,88.513,433.33,195.55,83.13,188.43,88.46
6811,573667.689128,65.209,69,126.969,4.921,60.93,145.312,86.786,435.62,196.82,80.14,189.33,86.68
6812,573667.701175,65.378,65,129.194,4.853,61.324,147.191,87.034,438.54,196.74,80.71,191.04,87.01
6813,573667.703929,62.497,54,129.007,3.055,65.713,142.302,86.097,438.26,194.38,86.4,185.4,85.99
6814,573667.712403,65.201,63,125.84,4.803,61.392,146.368,86.927,434.05,196.66,80.79,190.57,86.86
6815,573667.716311,65.327,58,128.551,4.875,61.616,147.607,87.162,437.68,196.77,81.07,191.59,87.12
6816,573667.720077,64.16,61,124.453,4.24,63.341,145.325,88.435,432.35,195.9,83.36,189.44,88.34
6817,573667.724302,65.151,61,126.576,5.392,61.125,145.456,86.769,435.13,197.44,80.4,189.52,86.67
6818,573667.72808,63.652,59,129.951,3.991,63.862,143.891,84.699,439.48,195.63,83.98,187.31,84.6
6819,573667.732226,64.568,46,126.053,4.988,61.798,143.906,87.393,434.45,196.9,81.3,187.52,87.3
6820,573667.740954,64.256,60,127.131,5.42,61.589,141.798,86.715,435.78,197.48,81.04,184.42,86.61
6821,573667.743754,63.555,55,126.382,5.179,62.505,140.351,86.691,434.91,197.14,82.3,182.64,86.6
6822,573667.74849,65.211,74,124.625,5.72,61.082,145.686,86.586,432.46,197.88,80.39,189.55,86.47
6823,573667.752542,64.479,58,126.301,5.427,61.484,142.706,86.596,434.72,197.49,80.91,185.6,86.49
6824,573667.756381,63.755,61,123.782,4.519,63.547,143.702,88.202,431.47,196.28,83.62,187.26,88.12
6825,573667.764766,65.482,60,126.324,5.761,60.759,146.412,86.553,434.78,197.93,79.93,190.66,86.44
6826,573667.768178,63.4,62,128.391,4.009,64.099,143.157,85.202,437.52,195.55,84.49,186.52,85.08
6827,573667.77229,65.92,59,124.737,5.322,60.586,148.493,86.869,432.77,197.36,79.71,192.92,86.7
6828,573667.781173,63.471,52,124.467,3.733,64.383,144.147,88.0,432.31,195.25,84.76,187.41,87.94
6829,573667.785894,65.577,65,125.825,5.548,59.985,145.079,86.3,434.09,197.66,78.93,188.86,86.2
6830,573667.792418,64.683,61,127.225,5.084,60.966,142.571,86.49,435.99,197.04,80.2,185.68,86.38
6831,573667.795666,63.947,63,124.671,4.274,62.364,141.996,88.486,432.61,195.96,82.08,184.85,88.43
6832,573667.804925,64.181,57,127.597,4.747,61.579,141.389,86.744,436.45,196.58,81.03,184.07,86.65
6833,573667.807846,65.974,69,125.801,4.996,59.73,146.704,87.208,434.09,196.92,78.58,191.16,87.11
6834,573667.816876,65.775,62,129.286,4.86,60.199,146.71,86.748,438.58,196.75,79.21,190.65,86.66
6835,573667.819994,63.512,59,126.2,3.771,63.538,142.456,87.998,434.7,195.3,83.61,185.33,87.89
6836,573667.824868,65.882,63,127.032,5.175,59.652,145.984,86.707,435.63,197.16,78.48,189.97,86.58
6837,573667.827721,64.854,60,127.7,4.906,60.716,142.886,86.699,436.75,196.78,79.89,185.88,86.58
6838,573667.832082,65.416,57,125.475,4.886,60.811,146.17,87.299,433.55,196.8,80.11,190.23,87.19
6839,573667.840882,65.034,62,128.388,5.016,60.387,143.068,86.953,437.53,196.94,79.45,186.13,86.87
6840,573667.843923,63.223,58,129.009,3.46,64.151,142.395,85.96,438.27,194.9,84.38,185.38,85.86
6841,573667.847794,65.79,65,125.924,5.139,60.113,146.588,87.051,434.16,197.11,79.12,190.54,86.94
6842,573667.85185,65.772,59,128.373,5.087,60.351,147.063,87.027,437.35,197.06,79.38,191.18,86.97
6843,573667.856012,64.076,59,124.796,4.208,63.01,144.131,88.532,432.79,195.87,82.91,187.75,88.46
6844,573667.86877,64.494,53,126.489,5.318,61.113,141.924,87.126,435.01,197.35,80.38,184.85,87.04
6845,573667.872125,65.978,58,124.334,5.285,60.293,148.109,87.927,432.03,197.29,79.37,192.65,87.83
6846,573667.881013,63.563,46,124.451,4.356,63.546,142.73,88.277,432.37,196.07,83.66,185.61,88.18
6847,573667.883718,66.036,66,125.02,5.807,59.664,146.899,86.955,433.01,197.99,78.49,191.47,86.89
6848,573667.893125,64.733,58,126.206,5.451,60.8,142.444,87.017,434.67,197.52,79.99,185.56,86.92
6849,573667.896912,63.92,60,123.828,4.346,62.937,143.16,88.729,431.53,196.05,82.82,186.54,88.66
6850,573667.899529,65.698,64,126.471,5.674,59.964,145.705,87.086,434.98,197.81,78.89,189.76,86.98
6851,573667.904657,64.373,61,126.227,5.288,61.253,141.624,86.93,434.72,197.29,80.63,184.27,86.79
6852,573667.907688,66.025,64,124.016,5.427,59.954,147.546,87.78,431.73,197.49,78.89,192.19,87.71
6853,573667.915973,65.749,65,127.955,5.372,59.998,146.076,87.097,436.98,197.42,78.96,190.01,87.06
6854,573667.920364,63.367,53,128.095,3.899,63.793,142.31,86.143,437.13,195.46,83.94,185.09,86.07
6855,573667.924351,65.593,64,125.53,5.495,59.82,144.768,87.062,433.6,197.6,78.71,188.68,86.89
6856,573667.928831,65.068,60,126.635,5.197,60.47,143.448,87.208,435.22,197.18,79.55,186.81,87.11
6857,573667.931976,63.797,58,124.32,3.926,62.93,142.519,88.972,432.03,195.56,82.72,185.41,89.0
6858,573667.935952,65.394,63,127.349,5.238,60.336,144.907,87.403,436.19,197.25,79.43,188.71,87.34
6859,573667.944805,63.49,54,127.136,4.764,61.885,138.643,87.276,436.0,196.66,81.3,180.4,87.08
6860,573667.956966,63.789,56,124.985,3.754,63.323,143.369,89.017,433.27,195.26,83.42,186.18,88.87
6861,573667.959972,65.201,63,126.743,5.059,60.154,143.418,87.218,435.42,196.99,79.17,186.51,87.14
6862,573667.968885,64.027,51,127.505,4.932,61.407,140.214,87.221,436.41,196.84,80.85,181.69,87.1
6863,573667.972282,64.402,54,124.289,3.786,62.765,145.271,89.553,432.07,195.32,82.57,189.22,89.52
6864,573667.97606,65.121,56,127.533,4.968,60.8,144.522,87.663,436.32,196.88,80.01,187.8,87.58
6865,573667.979661,62.725,57,128.439,3.424,64.895,141.609,86.724,437.51,194.85,85.35,184.49,86.63
6866,573667.984354,65.409,65,125.49,5.131,60.688,145.836,87.554,433.61,197.1,79.81,190.33,87.44
6867,573667.993008,64.579,59,127.29,5.061,61.331,142.872,87.473,436.12,196.99,80.7,185.85,87.39
6868,573667.995874,62.841,62,124.707,3.902,64.324,140.921,89.004,432.65,195.52,84.54,183.65,89.03
6869,573668.000515,64.811,59,127.094,5.322,60.884,143.054,87.673,435.86,197.34,80.12,186.07,87.58
6870,573668.003629,63.917,60,126.584,5.119,62.121,141.289,87.276,435.1,197.08,81.73,183.86,87.19
6871,573668.00823,65.657,59,124.117,5.213,61.01,148.013,88.267,431.87,197.2,80.33,192.41,88.2
6872,573668.016528,65.46,65,127.885,5.37,60.902,146.637,87.609,436.78,197.4,80.13,190.79,87.51
6873,573668.020448,62.592,50,127.894,3.968,64.604,140.345,86.746,436.58,195.55,85.14,182.5,86.72
6874,573668.023688,65.459,70,124.605,5.688,60.614,145.937,87.217,432.49,197.83,79.76,190.04,87.12
6875,573668.02945,64.348,60,126.063,5.345,61.441,141.927,87.38,434.53,197.36,80.86,184.65,87.3
6876,573668.036749,65.75,62,127.298,5.475,60.482,147.261,87.399,436.03,197.54,79.58,191.61,87.3
6877,573668.043858,63.089,62,128.046,3.686,64.573,142.672,86.176,436.99,195.21,84.95,185.56,86.11
6878,573668.048351,65.849,59,124.44,5.155,60.659,148.256,87.722,432.29,197.12,79.83,192.89,87.61
6879,573668.056866,63.575,54,123.776,3.532,64.564,145.077,89.178,431.45,194.97,84.96,189.04,89.12
6880,573668.059904,65.409,64,125.307,5.175,60.82,146.156,87.48,433.39,197.14,80.03,190.25,87.36
6881,573668.068586,63.9,58,126.469,4.992,61.65,140.132,87.553,435.03,196.91,81.11,182.39,87.48
6882,573668.071727,64.343,56,126.054,4.689,61.526,142.096,88.148,434.46,196.5,80.96,185.03,88.07
6883,573668.075783,65.399,66,128.351,4.98,60.862,146.199,87.497,437.51,196.95,80.24,189.7,87.54
6884,573668.079876,63.868,55,127.089,4.694,62.218,141.265,87.431,435.75,196.49,81.96,183.43,87.34
6885,573668.084025,65.337,70,125.13,5.007,60.731,145.541,87.693,433.17,196.93,79.92,189.46,87.58
6886,573668.08805,65.493,60,127.982,4.795,61.233,147.621,87.609,436.93,196.65,80.57,191.99,87.52
6887,573668.096734,63.973,60,124.411,3.88,63.584,144.905,89.046,432.31,195.43,83.69,188.67,88.98
6888,573668.099634,64.898,60,126.833,5.009,61.083,143.987,87.54,435.64,196.9,80.38,187.08,87.52
6889,573668.104267,63.801,61,126.744,4.734,62.393,141.323,87.418,435.44,196.55,82.12,183.68,87.36
6890,573668.107919,64.86,61,124.537,4.857,61.871,145.638,88.05,432.37,196.81,81.57,189.34,87.81
6891,573668.111831,65.053,66,128.116,5.078,61.578,145.993,87.648,437.09,197.02,81.02,189.95,87.55
6892,573668.120182,63.325,55,126.313,4.829,62.964,140.252,87.635,434.79,196.68,82.87,182.64,87.55
6893,573668.131991,63.453,56,126.04,5.026,62.659,140.199,87.727,434.47,196.94,82.5,182.24,87.64
6894,573668.135841,64.648,61,126.331,5.545,61.639,143.956,87.134,434.74,197.64,81.12,187.21,87.04
6895,573668.144696,63.825,64,125.918,5.127,62.56,141.824,87.106,434.27,197.09,82.31,184.69,87.01
6896,573668.147724,65.096,61,124.019,5.273,61.53,146.118,87.941,431.77,197.28,80.96,190.47,87.85
6897,573668.152907,65.133,68,127.82,5.431,61.476,146.192,87.306,436.69,197.49,80.88,190.24,87.21
6898,573668.155801,63.294,56,126.18,5.113,62.917,139.999,87.06,434.62,197.06,82.79,182.35,86.96
6899,573668.159719,64.939,70,125.011,5.614,61.244,144.587,86.917,433.03,197.73,80.58,188.28,86.8
6900,573668.16367,64.438,61,126.202,5.289,61.625,142.821,86.994,434.65,197.3,81.07,186.04,86.89
6901,573668.172776,63.427,61,123.997,4.129,63.938,142.932,88.695,431.62,195.82,84.06,185.98,88.71
6902,573668.17594,64.869,59,126.684,5.329,61.205,144.114,87.1,435.28,197.35,80.51,187.75,87.0
6903,573668.179967,63.883,61,126.931,4.982,62.069,140.998,86.844,435.59,196.81,81.95,182.96,86.74
6904,573668.18384,65.367,68,125.244,5.166,60.847,145.984,87.281,433.34,197.13,80.06,190.02,87.19
6905,573668.188016,65.408,63,128.635,5.02,61.152,146.949,87.238,437.89,196.96,80.46,191.02,87.12
6906,573668.197065,63.232,59,125.485,3.705,64.324,142.823,88.301,433.71,195.21,84.64,185.98,88.22
6907,573668.199885,64.811,65,127.224,5.073,61.014,143.358,86.844,435.95,197.01,80.24,186.57,86.7
6908,573668.203871,64.504,58,127.493,4.832,61.668,143.261,86.848,436.33,196.7,81.12,186.49,86.75
6909,573668.212366,65.366,67,129.594,4.867,61.052,146.472,86.912,439.06,196.75,80.33,190.34,86.8
6910,573668.220322,62.769,55,129.83,3.035,65.452,143.042,85.806,439.34,194.35,86.07,186.21,85.7
6911,573668.224131,65.427,59,126.652,4.813,61.022,146.737,86.625,435.21,196.68,80.27,191.1,86.52
6912,573668.228251,65.298,59,129.18,4.766,61.516,147.2,86.905,438.51,196.62,80.91,191.59,86.81
6913,573668.236263,65.093,58,127.9,5.191,61.091,145.061,86.63,436.91,197.18,80.39,188.46,86.48
6914,573668.239864,63.399,63,129.957,3.567,64.661,144.403,85.426,439.47,195.05,85.06,187.87,85.32
6915,573668.248197,65.697,53,126.091,4.882,61.388,149.16,87.357,434.55,196.76,80.78,194.02,87.29
6916,573668.252253,64.861,60,130.669,4.746,60.917,143.398,88.02,440.43,196.51,79.99,186.47,87.95
6917,573668.256277,62.591,56,128.802,3.607,65.33,141.917,85.788,437.89,195.07,86.08,184.31,85.77
6918,573668.260152,65.204,65,125.716,5.443,61.197,145.919,86.49,433.81,197.52,80.53,189.98,86.42
6919,573668.263627,64.401,61,127.243,5.235,61.704,142.808,86.572,436.06,197.22,81.19,185.75,86.48
6920,573668.272812,63.124,58,125.153,4.164,64.238,142.101,88.029,433.22,195.81,84.55,184.87,87.95
6921,573668.275928,64.996,61,127.415,5.572,61.027,144.378,86.701,436.2,197.67,80.41,186.73,86.6
6922,573668.280188,63.296,58,129.259,4.118,64.034,142.491,84.788,438.7,195.82,84.13,185.33,84.59
6923,573668.284504,65.75,62,125.185,5.349,60.841,148.13,86.879,433.41,197.4,80.08,192.11,86.67
6924,573668.288308,65.354,64,128.606,5.347,60.978,146.226,86.839,437.86,197.38,80.26,189.82,86.72
6925,573668.300879,65.279,68,125.614,5.559,60.415,144.464,86.213,433.78,197.66,79.46,188.06,86.08
6926,573668.303971,64.617,52,126.82,5.292,60.788,141.808,86.553,435.07,197.38,80.01,183.49,86.55
6927,573668.313113,65.803,60,128.75,5.325,60.317,147.161,86.501,438.02,197.36,79.42,190.67,86.45
6928,573668.316011,62.576,55,128.557,3.613,64.278,139.56,86.253,437.68,195.11,84.55,181.67,86.16
6929,573668.32424,65.609,64,125.989,5.14,59.937,145.136,86.854,434.36,197.11,78.86,188.98,86.75
6930,573668.327861,64.871,61,128.144,5.023,60.505,142.48,86.624,437.27,196.95,79.66,184.91,86.48
6931,573668.33224,63.282,59,126.391,3.639,63.698,141.68,87.798,434.92,195.14,83.82,184.19,87.69
6932,573668.335798,65.169,58,127.567,5.077,59.82,142.449,86.605,436.16,197.01,78.65,185.02,86.43
6933,573668.339891,64.615,59,127.854,4.888,60.782,141.783,86.662,436.7,196.8,80.02,183.9,86.59
6934,573668.348203,65.456,60,126.136,4.577,60.519,145.689,87.885,434.59,196.36,79.62,189.62,87.79
6935,573668.351802,65.889,64,129.573,4.902,59.979,146.825,86.702,438.97,196.8,78.9,190.96,86.6
6936,573668.355818,63.366,52,129.719,3.295,64.187,143.18,85.764,439.16,194.7,84.44,185.98,85.7
6937,573668.359905,66.123,65,126.006,5.181,59.497,146.988,87.001,434.3,197.16,78.28,191.31,86.88
6938,573668.363922,66.231,57,128.561,4.926,59.995,148.852,86.883,437.68,196.83,78.94,193.51,86.78
6939,573668.367812,64.319,63,124.951,4.032,62.825,144.973,88.408,432.99,195.64,82.64,188.75,88.38
6940,573668.376666,65.815,56,127.173,5.294,59.801,145.97,86.883,435.91,197.31,78.66,190.17,86.79
6941,573668.384388,65.594,58,124.164,5.039,60.443,146.278,88.34,431.85,196.81,79.89,190.44,88.35
6942,573668.391835,64.013,51,123.721,4.135,63.543,145.021,88.77,431.5,195.7,83.82,188.56,88.67
6943,573668.400914,65.764,67,125.238,5.754,59.824,145.734,86.752,433.28,197.91,78.69,189.73,86.63
6944,573668.403743,66.195,57,126.954,5.4,60.106,148.916,87.071,435.7,197.44,79.11,193.36,87.0
6945,573668.408302,64.536,60,123.477,4.543,62.291,144.88,88.782,431.1,196.34,81.88,189.01,88.67
6946,573668.41166,66.226,60,126.898,5.702,59.601,147.845,87.299,435.56,197.84,78.39,192.68,87.2
6947,573668.415718,63.094,56,127.293,4.152,63.693,140.751,86.506,436.1,195.8,83.77,183.44,86.4
6948,573668.424008,66.174,61,124.423,5.567,59.418,147.09,87.418,432.32,197.67,78.18,191.61,87.32
6949,573668.428028,65.067,61,126.964,5.408,60.176,142.747,87.17,435.78,197.47,79.14,186.32,87.11
6950,573668.432311,63.011,60,124.483,3.92,63.695,140.353,87.876,432.41,195.54,83.8,182.86,87.89
6951,573668.436905,65.792,66,125.692,5.565,59.41,144.883,87.151,433.79,197.68,78.16,188.85,86.98
6952,573668.440036,65.005,56,126.213,5.37,60.048,142.114,87.352,434.59,197.41,79.03,184.49,87.29
6953,573668.444078,65.995,57,124.898,5.142,59.822,147.049,88.151,432.82,197.13,78.74,191.76,88.01
6954,573668.452738,66.164,65,128.371,5.295,59.315,146.775,87.28,437.47,197.3,78.05,190.75,87.21
6955,573668.45608,64.105,55,126.808,4.898,61.267,140.286,87.376,435.43,196.78,80.61,182.68,87.28
6956,573668.460146,66.06,69,125.24,5.232,59.307,146.156,87.725,433.31,197.22,78.04,190.28,87.62
6957,573668.469355,64.709,61,123.924,4.092,62.07,145.289,89.583,431.66,195.7,81.67,189.4,89.52
6958,573668.475792,66.082,59,126.883,5.261,59.605,147.017,87.824,435.4,197.26,78.4,191.48,87.7
6959,573668.480444,64.022,61,129.365,3.644,63.29,144.49,86.482,438.75,195.15,83.26,188.15,86.42
6960,573668.489052,64.943,63,127.794,5.097,60.602,143.094,87.705,436.79,197.04,79.76,185.98,87.62
6961,573668.49173,63.886,54,125.937,5.154,61.208,139.058,88.434,434.29,197.11,80.53,181.08,88.36
6962,573668.501147,65.72,73,124.884,5.302,59.85,145.55,87.887,432.9,197.32,78.74,189.66,87.8
6963,573668.504007,64.819,57,126.652,5.151,60.883,143.091,87.734,435.34,197.11,80.15,185.83,87.65
6964,573668.50828,63.93,58,124.397,4.267,62.916,143.166,89.431,432.35,195.94,82.82,186.29,89.36
6965,573668.511856,65.171,62,126.956,5.387,60.349,143.717,87.937,435.76,197.39,79.37,186.93,87.93
6966,573668.516121,63.931,58,126.041,5.213,61.771,140.565,87.81,434.39,197.21,81.27,182.94,87.74
6967,573668.520632,65.387,64,124.497,5.314,60.748,145.856,88.33,432.35,197.32,79.92,190.25,88.27
6968,573668.528691,65.339,61,127.506,5.374,61.013,146.228,87.96,436.3,197.41,80.28,190.25,87.87
6969,573668.53177,63.591,55,123.921,4.367,63.769,143.374,89.23,431.7,196.04,83.99,186.58,89.21
6970,573668.536997,65.316,69,124.671,5.686,60.581,145.064,87.681,432.58,197.82,79.72,188.91,87.57
6971,573668.539984,64.556,58,125.864,5.496,61.313,142.711,87.732,434.27,197.57,80.69,185.67,87.62
6972,573668.544273,64.041,58,123.001,4.845,62.447,142.659,89.801,430.45,196.69,82.19,185.88,89.75
6973,573668.556975,63.854,57,126.011,5.124,62.247,141.257,87.834,434.39,197.06,81.93,183.96,87.75
6974,573668.559571,65.565,71,124.303,5.407,60.549,146.372,87.972,432.15,197.43,79.66,190.54,87.9
6975,573668.56433,64.44,65,126.959,5.218,61.269,142.007,87.77,435.64,197.2,80.6,184.98,87.68
6976,573668.567624,62.459,58,124.639,3.665,64.811,140.165,88.446,432.67,195.17,85.32,182.59,88.42
6977,573668.576684,64.672,65,126.458,5.244,60.876,142.298,87.642,434.91,197.24,80.1,185.22,87.53
6978,573668.579654,64.294,57,126.821,5.044,61.769,142.405,87.599,435.55,196.98,81.29,185.12,87.48
6979,573668.583894,65.122,56,125.056,4.683,61.367,145.871,88.892,433.08,196.49,80.76,189.99,88.85
6980,573668.588162,65.365,68,128.641,5.0,61.092,146.558,87.664,437.76,196.92,80.37,190.66,87.57
6981,573668.592278,62.814,57,128.672,3.404,65.138,142.572,86.66,437.84,194.82,85.68,185.64,86.56
6982,573668.595928,65.266,65,125.507,4.937,60.972,145.725,87.557,433.72,196.84,80.22,189.82,87.46
6983,573668.604705,64.176,61,127.892,4.805,61.737,141.726,87.806,436.85,196.66,81.21,184.6,87.71
6984,573668.608431,62.169,61,125.833,3.406,65.111,139.463,88.918,434.18,194.8,85.67,181.61,88.9
6985,573668.611762,64.648,59,126.38,4.967,61.277,143.112,87.054,434.86,196.85,80.66,185.85,86.94
6986,573668.616362,63.833,57,127.087,4.781,62.523,141.779,87.413,435.8,196.63,82.25,184.62,87.32
6987,573668.619692,65.072,65,125.011,4.767,61.649,146.27,88.118,432.78,196.73,81.37,190.33,87.83
6988,573668.628319,64.955,67,128.713,4.932,61.807,145.999,87.656,437.82,196.84,81.3,189.83,87.6
6989,573668.640656,65.284,54,127.779,4.817,62.001,148.283,87.374,436.65,196.68,81.57,192.84,87.28
6990,573668.644034,63.079,58,124.449,3.576,64.942,143.437,89.182,432.3,195.04,85.45,186.96,89.1
6991,573668.652703,65.379,60,127.241,5.157,61.651,147.984,87.74,436.03,197.11,81.13,192.3,87.67
6992,573668.656267,62.411,61,128.354,3.425,65.834,142.153,86.032,437.41,194.79,86.75,185.03,85.92
6993,573668.659593,65.279,58,125.06,4.925,61.773,147.712,87.449,433.03,196.83,81.32,191.86,87.33
6994,573668.664147,65.056,61,128.147,5.085,61.896,146.765,87.366,437.11,197.03,81.44,190.78,87.26
6995,573668.667785,63.099,61,124.652,3.843,65.051,143.776,88.447,432.59,195.39,85.58,187.32,88.38
6996,573668.672071,64.847,72,125.482,5.39,61.519,144.736,86.872,433.61,197.45,80.98,188.42,86.73
6997,573668.680439,64.074,57,126.472,5.163,62.299,142.493,87.007,435.07,197.13,81.99,185.31,86.89
6998,573668.684372,63.734,58,124.271,4.237,63.705,143.954,88.688,432.05,195.92,83.8,187.76,88.6
6999,573668.688253,65.277,61,127.878,5.31,61.572,147.218,87.082,436.78,197.33,81.0,191.59,86.98
7000,573668.692128,63.509,56,126.771,4.946,62.785,140.755,86.915,435.37,196.85,82.61,183.26,86.82
7001,573668.695978,65.198,71,125.048,5.27,61.242,145.991,87.078,433.11,197.28,80.57,190.23,86.98
7002,573668.704751,64.029,65,127.409,5.072,61.887,141.318,86.774,436.23,197.02,81.4,184.09,86.67
7003,573668.707763,63.238,56,125.616,4.047,64.228,142.64,87.989,434.12,195.65,84.58,185.06,87.86
7004,573668.712165,64.68,64,126.956,5.352,61.341,143.429,86.482,435.53,197.38,80.7,186.62,86.34
7005,573668.720185,65.167,59,125.585,4.749,61.546,146.546,87.793,433.83,196.59,80.97,190.86,87.69
7006,573668.727674,65.14,63,129.358,4.977,61.41,146.075,86.763,438.74,196.9,80.78,190.1,86.68
7007,573668.73257,63.277,55,127.88,4.642,62.983,140.064,86.8,436.82,196.45,82.86,182.34,86.7
7008,573668.735923,65.119,68,126.352,5.203,61.121,145.272,86.674,434.77,197.19,80.42,189.08,86.55
7009,573668.74424,63.793,63,125.392,3.791,64.082,145.107,88.395,433.54,195.33,84.3,189.05,88.32
7010,573668.747895,65.956,55,128.478,5.127,60.937,149.563,86.917,437.6,197.1,80.19,194.62,86.83
7011,573668.756201,63.01,58,129.814,3.635,64.815,142.816,85.376,439.43,195.13,85.2,186.2,85.25
7012,573668.759677,65.287,62,126.334,4.939,61.524,147.16,87.085,434.73,196.85,80.96,191.48,86.99
7013,573668.764084,65.051,63,129.872,4.997,61.516,145.839,86.806,439.41,196.91,80.9,189.89,86.68
7014,573668.767659,61.521,50,128.601,3.392,65.828,138.053,87.39,437.81,194.81,86.59,179.65,87.26
7015,573668.772421,65.324,70,126.502,5.456,60.973,146.046,86.474,434.93,197.51,80.19,190.08,86.33
7016,573668.78011,64.384,58,127.795,5.199,61.788,142.918,86.555,436.73,197.19,81.27,186.12,86.45
7017,573668.784052,64.219,52,124.471,5.005,62.071,142.712,88.635,432.35,196.92,81.68,185.89,88.58
7018,573668.787694,64.97,58,130.077,5.123,60.94,144.031,87.356,439.74,197.06,80.18,187.06,87.28
7019,573668.791896,62.659,66,128.932,3.831,65.08,141.698,85.299,438.22,195.4,85.62,184.15,85.13
7020,573668.79575,65.377,61,125.77,5.382,61.032,146.484,86.665,434.06,197.43,80.29,190.82,86.56
7021,573668.808299,63.684,55,124.367,4.119,64.227,144.878,88.114,432.29,195.76,84.52,188.58,88.01
7022,573668.812288,65.068,67,126.212,5.581,60.958,144.604,86.443,434.53,197.68,80.18,188.19,86.29
7023,573668.820152,64.242,61,123.605,4.654,62.358,143.491,88.847,431.22,196.45,82.06,186.97,88.78
7024,573668.823802,65.633,57,128.067,5.394,60.534,146.719,86.738,437.06,197.44,79.63,190.94,86.63
7025,573668.831704,64.112,53,127.5,5.039,61.704,141.323,86.405,436.22,196.95,81.28,183.59,86.28
7026,573668.835806,65.796,70,125.551,5.432,60.012,146.373,86.509,433.77,197.5,78.95,190.7,86.4
7027,573668.840323,65.788,62,128.853,5.03,60.489,147.491,86.523,438.12,196.96,79.6,191.56,86.43
7028,573668.844033,64.194,59,125.029,4.053,62.921,144.537,87.995,432.99,195.73,82.64,188.56,87.93
7029,573668.848246,65.986,64,127.781,5.279,59.831,147.018,86.663,436.68,197.29,78.7,191.47,86.56
7030,573668.856083,64.679,57,127.764,4.873,60.835,142.241,86.565,436.79,196.78,79.99,185.02,86.4
7031,573668.859857,65.794,63,125.698,4.805,60.142,146.681,87.388,433.85,196.68,79.15,191.0,87.25
7032,573668.86367,65.636,66,129.474,4.913,60.193,145.912,86.931,438.85,196.81,79.18,189.8,86.83
7033,573668.868148,63.605,58,130.121,3.213,63.871,143.675,85.577,439.82,194.59,84.02,186.68,85.42
7034,573668.871961,65.84,65,126.928,4.99,59.858,146.249,86.346,435.51,196.92,78.76,190.3,86.25
7035,573668.875927,64.581,61,127.767,4.77,60.735,141.495,86.758,436.89,196.59,79.9,183.78,86.71
7036,573668.884006,63.575,56,125.698,3.622,63.24,142.103,88.443,433.93,195.13,83.14,185.11,88.4
7037,573668.896257,66.177,63,124.838,5.019,59.765,147.964,87.73,432.84,196.95,78.63,192.78,87.64
7038,573668.899664,65.893,66,128.869,5.017,59.888,146.629,87.163,438.05,196.95,78.79,190.74,87.07
7039,573668.908058,63.608,55,125.435,3.911,63.514,142.883,88.216,433.54,195.54,83.41,186.4,88.14
7040,573668.911547,65.59,66,125.851,5.471,59.792,144.68,86.897,434.07,197.54,78.65,188.49,86.78
7041,573668.915768,64.825,56,127.166,5.181,60.638,142.549,87.059,436.16,197.18,79.8,184.85,86.87
7042,573668.919894,65.128,56,125.199,4.929,60.684,144.281,88.261,433.27,196.83,79.85,188.11,88.16
7043,573668.923957,65.974,59,127.507,5.495,59.695,146.615,87.108,436.37,197.57,78.52,190.99,87.02
7044,573668.931836,64.278,57,126.681,5.18,61.239,141.103,87.29,435.26,197.16,80.56,183.74,87.2
7045,573668.935902,65.988,70,124.543,5.555,59.677,146.651,87.621,432.45,197.65,78.52,191.09,87.53
7046,573668.939765,65.909,65,127.908,5.488,60.04,147.091,87.459,436.9,197.56,79.02,191.13,87.34
7047,573668.944072,63.793,57,124.621,4.324,63.215,143.143,88.696,432.57,196.02,83.18,186.45,88.62
7048,573668.94771,65.355,62,126.038,5.738,59.934,143.728,87.237,434.28,197.89,78.88,186.84,87.11
7049,573668.951905,65.23,56,129.436,5.664,59.919,143.011,85.968,438.77,197.8,78.83,186.12,85.88
7050,573668.960023,64.963,65,125.948,5.444,60.208,142.267,88.1,434.31,197.5,79.22,185.31,88.01
7051,573668.963739,64.884,65,127.05,5.644,60.254,141.957,87.415,435.8,197.76,79.28,184.75,87.33
7052,573668.96759,64.178,51,126.25,5.499,61.139,140.363,87.795,434.64,197.57,80.46,182.59,87.71
7053,573668.976766,65.83,56,127.442,5.396,60.315,147.311,87.482,436.3,197.44,79.38,191.4,87.37
7054,573668.984041,64.013,59,124.346,4.318,62.965,143.703,89.126,432.19,195.99,82.89,187.2,89.08
7055,573668.988102,65.888,59,126.571,5.623,59.766,146.299,87.525,435.12,197.74,78.62,190.56,87.43
7056,573668.991856,64.607,58,126.607,5.436,60.919,142.061,87.598,435.17,197.49,80.14,185.0,87.51
7057,573668.996244,66.044,61,125.035,5.402,59.93,147.595,88.181,433.01,197.44,78.86,192.17,88.08
7058,573668.999646,65.69,66,128.76,5.327,60.373,146.653,87.568,437.91,197.35,79.43,190.78,87.48
7059,573669.008752,64.259,52,126.944,5.184,61.276,141.09,87.85,435.74,197.13,80.66,183.57,87.72
7060,573669.012076,66.071,71,125.556,5.472,59.645,147.054,87.669,433.75,197.55,78.49,191.28,87.57
7061,573669.015746,64.803,61,127.208,5.141,60.822,142.863,87.646,436.08,197.08,80.06,185.55,87.59
7062,573669.020237,64.036,60,125.251,4.221,62.563,142.9,89.265,433.39,195.87,82.34,186.11,89.21
7063,573669.024035,65.469,62,127.986,5.268,60.214,145.029,87.759,436.95,197.27,79.21,188.83,87.67
7064,573669.028077,64.265,64,127.315,4.941,61.529,141.702,87.639,436.09,196.84,80.95,184.48,87.55
7065,573669.036616,65.53,72,125.125,5.007,60.6,146.3,88.165,433.2,196.92,79.73,190.63,88.08
7066,573669.039879,65.618,61,128.458,5.003,60.739,147.132,87.965,437.49,196.92,79.91,191.21,87.95
7067,573669.044246,63.848,55,128.068,5.152,61.391,139.287,87.313,436.92,197.11,80.84,181.11,87.28
7068,573669.047716,65.117,68,126.248,5.29,60.572,143.957,87.699,434.58,197.31,79.7,187.48,87.56
7069,573669.051929,63.854,58,127.576,5.153,61.516,139.602,87.358,436.45,197.12,80.92,181.85,87.26
7070,573669.064708,65.546,67,127.846,5.293,60.889,147.087,87.878,436.75,197.3,80.11,191.33,87.78
7071,573669.072884,65.537,72,124.03,5.438,60.604,146.351,87.981,431.78,197.49,79.74,190.73,87.89
7072,573669.07564,64.115,64,126.281,5.228,61.725,141.388,87.682,434.77,197.22,81.2,184.23,87.59
7073,573669.084698,63.158,58,124.183,4.2,64.155,142.082,89.334,431.99,195.85,84.46,184.83,89.27
7074,573669.087755,65.113,65,125.426,5.635,60.718,144.283,87.661,433.42,197.75,79.93,187.4,87.52
7075,573669.092016,63.763,58,128.909,4.352,63.54,143.729,85.859,438.1,196.08,83.58,187.07,85.75
7076,573669.096093,64.796,48,124.913,5.208,61.19,143.691,88.47,432.97,197.18,80.51,187.28,88.39
7077,573669.099784,65.566,61,127.141,5.381,60.813,147.017,87.689,435.9,197.42,80.04,191.08,87.59
7078,573669.103878,63.669,57,125.631,5.116,62.291,140.437,87.811,433.9,197.06,81.97,182.93,87.72
7079,573669.112958,65.563,72,123.99,5.541,60.459,146.143,87.775,431.59,197.64,79.58,190.1,87.69
7080,573669.116079,64.539,61,126.084,5.233,61.31,142.618,87.677,434.63,197.21,80.73,185.14,87.6
7081,573669.120098,62.77,61,124.245,3.813,64.776,141.567,89.164,432.11,195.38,85.18,184.34,89.11
7082,573669.124091,65.141,57,126.519,5.307,60.891,144.847,87.944,435.07,197.31,80.16,187.99,87.91
7083,573669.127736,63.955,58,126.073,5.091,61.91,140.999,87.635,434.6,196.99,81.59,183.21,87.5
7084,573669.13613,65.236,64,124.516,5.004,61.091,145.845,88.436,432.25,196.92,80.4,189.93,88.3
7085,573669.148187,65.13,66,125.199,5.422,61.19,145.498,87.236,433.3,197.48,80.51,189.61,87.13
7086,573669.153292,64.326,59,126.783,4.948,61.89,142.849,87.6,435.46,196.85,81.45,185.78,87.49
7087,573669.160302,64.699,53,124.881,4.637,62.143,145.407,88.789,432.83,196.42,81.81,189.29,88.75
7088,573669.163943,65.188,62,128.214,5.262,61.57,146.719,87.652,437.26,197.24,81.02,190.96,87.52
7089,573669.168042,62.272,62,128.197,3.4,65.891,141.616,86.48,437.23,194.79,86.73,184.36,86.32
7090,573669.171924,65.418,63,125.069,5.019,61.451,147.722,87.659,433.07,196.95,80.91,191.76,87.54
7091,573669.175963,64.259,62,127.752,5.177,62.228,143.285,87.615,436.67,197.15,81.85,186.63,87.52
7092,573669.179943,62.881,56,124.483,4.068,64.873,142.315,89.122,432.43,195.68,85.38,185.27,89.05
7093,573669.188788,65.007,57,127.028,5.52,61.416,145.358,87.806,435.64,197.6,80.83,188.92,87.72
7094,573669.192262,63.892,62,126.611,5.325,62.4,141.797,87.319,435.23,197.34,82.11,184.49,87.24
7095,573669.195843,63.398,57,124.432,4.237,64.078,143.096,88.983,432.32,195.9,84.32,186.43,88.91
7096,573669.200381,64.963,65,127.66,5.479,61.657,145.691,87.443,436.6,197.54,81.15,189.28,87.36
7097,573669.203872,63.114,51,128.598,3.994,64.86,143.428,86.101,437.66,195.54,85.52,186.51,86.03
7098,573669.212813,65.234,65,124.769,5.513,61.277,146.276,87.315,432.67,197.61,80.63,190.54,87.21
7099,573669.216319,65.305,62,127.946,5.292,61.6,147.443,87.294,437.05,197.31,81.07,191.36,87.14
7100,573669.220091,63.225,59,124.629,4.072,64.61,143.422,88.609,432.58,195.68,85.03,186.82,88.54
7101,573669.228398,64.173,57,126.814,5.069,62.152,142.664,86.928,435.48,197.0,81.79,185.59,86.85
7102,573669.235937,65.425,67,125.134,5.025,61.19,147.131,87.738,433.22,196.95,80.5,191.76,87.65
7103,573669.239789,65.259,68,129.133,5.05,61.216,146.27,86.983,438.37,196.99,80.53,190.21,86.87
7104,573669.24369,62.57,56,128.664,3.325,65.382,141.932,86.224,437.85,194.74,85.98,184.45,86.06
7105,573669.252039,65.432,53,128.847,4.772,61.384,147.637,86.743,438.13,196.64,80.79,191.68,86.72
7106,573669.25643,63.372,60,124.223,3.485,64.385,143.651,89.27,431.97,194.95,84.64,187.14,89.26
7107,573669.264731,65.409,52,127.683,4.982,61.197,147.059,87.207,436.58,196.9,80.51,191.29,87.1
7108,573669.268381,62.851,56,129.445,3.276,65.016,142.481,85.685,438.83,194.66,85.53,185.44,85.58
7109,573669.272196,65.675,57,125.863,4.783,61.047,148.206,87.133,434.11,196.64,80.34,192.81,87.05
7110,573669.275709,65.008,67,129.538,4.858,61.487,145.535,87.222,438.93,196.73,80.88,189.33,87.12
7111,573669.279844,62.936,51,129.397,3.206,65.02,142.908,85.909,438.61,194.56,85.55,185.42,85.79
7112,573669.288988,65.133,62,126.471,5.241,60.852,144.707,86.787,434.94,197.25,80.03,188.71,86.67
7113,573669.292075,64.186,59,127.194,5.012,61.731,141.764,86.945,435.93,196.95,81.25,184.13,86.85
7114,573669.296423,64.713,56,125.505,4.668,61.852,144.8,88.036,433.58,196.43,81.48,188.53,88.0
7115,573669.299992,65.345,65,128.607,5.239,60.923,146.047,86.837,437.72,197.24,80.15,190.02,86.73
7116,573669.304044,62.41,66,128.06,3.64,65.231,140.845,85.879,437.08,195.19,85.68,183.28,85.76
7117,573669.31711,65.567,62,127.965,5.212,60.898,147.227,86.962,436.9,197.2,80.12,191.5,86.86
7118,573669.32052,63.227,60,124.828,4.012,64.398,142.964,88.27,432.84,195.61,84.73,186.21,88.19
7119,573669.323843,65.047,64,125.852,5.521,60.653,143.769,86.567,434.17,197.61,79.79,187.32,86.46
7120,573669.328195,64.194,60,126.545,5.297,61.628,141.567,86.726,435.01,197.35,81.05,183.93,86.71
7121,573669.331786,65.199,58,125.092,5.134,60.922,145.238,87.874,433.17,197.09,80.16,189.28,87.79
7122,573669.340092,65.518,62,128.453,5.46,60.524,146.052,86.964,437.65,197.53,79.64,190.09,86.89
7123,573669.344098,63.215,55,128.434,3.851,64.283,142.65,85.778,437.51,195.4,84.5,185.77,85.64
7124,573669.348162,65.416,64,125.688,5.506,60.314,144.975,86.715,433.93,197.6,79.37,188.67,86.61
7125,573669.352124,64.167,60,127.277,5.201,61.111,140.241,86.995,436.06,197.19,80.39,182.7,86.89
7126,573669.35572,63.994,54,126.586,4.904,61.753,140.842,87.502,435.18,196.76,81.34,183.01,87.41
7127,573669.364249,65.217,55,128.03,5.303,60.165,143.53,87.35,436.93,197.33,79.24,186.25,87.18
7128,573669.367918,63.841,59,129.545,3.737,63.554,144.16,85.514,438.97,195.28,83.61,187.47,85.4
7129,573669.371623,66.284,57,125.517,4.997,60.237,149.769,87.47,433.72,196.92,79.25,195.11,87.38
7130,573669.376161,65.645,60,128.881,5.127,60.336,146.309,87.139,438.08,197.09,79.38,190.33,87.04
7131,573669.379628,63.71,55,129.678,3.578,63.72,143.864,85.908,439.19,195.06,83.81,187.17,85.79
7132,573669.383917,65.545,73,126.311,5.181,60.172,145.348,86.699,434.78,197.18,79.19,189.36,86.62
7133,573669.39284,65.881,53,128.408,4.879,60.591,148.279,87.163,437.38,196.79,79.67,192.8,87.12
7134,573669.40491,63.204,55,128.915,3.415,64.33,142.699,86.223,438.12,194.84,84.62,185.71,86.13
7135,573669.407882,65.914,63,125.309,4.943,60.318,147.802,87.442,433.41,196.84,79.38,192.27,87.33
7136,573669.417085,65.367,67,129.062,4.937,60.865,146.028,87.437,438.35,196.83,80.09,189.81,87.35
7137,573669.420282,63.195,55,125.528,3.665,64.201,142.369,88.581,433.77,195.16,84.47,185.37,88.5
7138,573669.423807,65.002,70,126.268,5.32,60.639,143.496,87.232,434.67,197.34,79.79,186.8,87.12
7139,573669.427962,64.396,57,126.593,5.082,61.346,141.956,87.424,435.16,197.03,80.73,184.5,87.37
7140,573669.431745,65.114,57,124.745,4.851,61.31,145.692,88.499,432.64,196.75,80.71,189.92,88.36
7141,573669.440344,65.613,67,128.191,5.356,60.49,146.501,87.354,437.18,197.39,79.58,190.63,87.25
7142,573669.444386,63.624,57,127.15,4.999,62.324,140.287,87.022,436.06,196.85,82.14,182.32,86.88
7143,573669.448006,65.536,68,124.425,5.458,60.607,146.349,87.598,432.37,197.53,79.76,190.48,87.48
7144,573669.453006,65.612,63,127.43,5.42,60.865,147.402,87.604,436.21,197.47,80.09,191.74,87.5
7145,573669.455692,63.488,59,124.034,4.159,64.127,143.659,88.945,431.67,195.82,84.33,187.55,88.86
7146,573669.46028,65.165,62,126.191,5.644,60.711,144.548,87.676,434.65,197.76,79.88,188.22,87.58
7147,573669.468804,64.119,58,125.788,5.585,61.396,140.652,87.552,434.11,197.69,80.77,183.21,87.46
7148,573669.472165,65.316,61,124.508,5.253,60.889,145.804,88.375,432.35,197.24,80.13,189.88,88.28
7149,573669.476411,65.282,65,128.115,5.502,61.063,146.029,87.418,437.07,197.58,80.33,190.01,87.32
7150,573669.48046,62.636,55,127.599,3.805,65.042,141.504,86.833,436.54,195.39,85.49,184.4,86.62
7151,573669.493094,63.762,57,129.554,3.777,64.359,145.576,85.669,438.91,195.3,84.78,188.91,85.52
7152,573669.495991,63.008,47,126.071,3.541,64.949,143.102,87.998,434.42,195.01,85.43,186.31,87.95
7153,573669.504972,63.26,62,129.626,3.662,64.633,143.645,85.459,439.05,195.17,85.01,186.97,85.34
7154,573669.508013,65.318,48,125.994,5.045,60.723,145.415,87.836,434.36,196.97,79.88,189.47,87.75
7155,573669.516754,65.392,65,128.219,5.284,60.832,146.084,87.627,437.23,197.29,80.04,190.04,87.53
7156,573669.520126,63.019,57,125.327,3.82,64.504,142.173,88.455,433.5,195.34,84.89,184.81,88.28
7157,573669.523866,65.53,67,125.765,5.43,60.418,145.859,87.373,434.02,197.49,79.47,190.19,87.27
7158,573669.527677,64.525,63,127.034,5.128,61.277,142.465,87.396,435.92,197.11,80.65,184.83,87.22
7159,573669.531741,65.04,54,125.2,4.762,61.329,145.332,88.523,433.31,196.59,80.7,189.38,88.45
7160,573669.535807,65.387,67,128.333,5.286,60.797,145.972,87.639,437.42,197.28,80.0,189.76,87.57
7161,573669.544154,62.755,60,128.123,3.442,65.026,142.04,86.554,437.12,194.87,85.56,184.7,86.44
7162,573669.547841,65.215,60,125.057,5.03,60.761,144.939,87.387,432.85,196.93,79.94,188.18,87.15
7163,573669.552421,64.087,63,126.871,4.955,61.455,140.624,87.419,435.42,196.86,80.86,182.89,87.31
7164,573669.555932,61.353,54,126.236,3.233,65.192,135.985,87.189,434.64,194.63,85.7,177.24,87.13
7165,573669.560023,64.771,68,126.054,5.227,60.841,142.738,87.322,434.39,197.21,80.05,185.8,87.2
7166,573669.568498,64.473,60,126.428,4.99,61.509,142.733,87.456,434.95,196.9,80.92,185.9,87.36
7167,573669.580727,62.906,57,127.909,3.571,65.125,142.989,86.458,436.85,195.04,85.67,186.23,86.36
7168,573669.583646,65.311,59,125.064,5.19,60.784,145.524,87.612,433.14,197.17,79.97,189.61,87.52
7169,573669.593533,65.557,63,127.018,5.224,60.831,147.012,87.622,435.76,197.21,80.08,191.05,87.57
7170,573669.595919,64.279,59,123.383,4.499,62.956,145.061,88.893,430.94,196.25,82.85,189.07,88.82
7171,573669.601037,65.351,57,125.829,5.606,60.584,145.262,87.706,433.99,197.71,79.8,188.15,87.65
7172,573669.603696,64.32,60,125.617,5.364,61.574,142.089,87.556,433.99,197.38,81.07,184.66,87.47
7173,573669.608257,65.562,61,124.021,5.327,60.591,146.46,88.138,431.73,197.36,79.73,191.03,88.03
7174,573669.61191,64.364,60,126.078,5.386,61.332,141.761,87.45,434.54,197.42,80.7,184.56,87.37
7175,573669.620835,63.142,54,124.121,4.025,64.371,142.483,88.737,431.86,195.66,84.65,185.58,88.72
7176,573669.624106,65.574,71,124.15,5.591,60.344,145.931,87.478,431.94,197.7,79.4,190.2,87.38
7177,573669.628189,64.558,60,126.028,5.207,61.286,142.658,87.614,434.37,197.19,80.66,185.55,87.53
7178,573669.63237,63.997,57,123.997,4.255,63.009,143.716,89.268,431.75,195.92,82.92,187.24,89.21
7179,573669.636246,65.456,62,127.02,5.396,60.735,146.213,87.652,435.73,197.44,79.91,190.47,87.57
7180,573669.644159,63.015,62,128.591,3.703,64.519,142.186,86.25,437.78,195.1,85.09,185.26,86.09
7181,573669.647713,65.797,59,125.283,4.979,60.586,147.778,88.0,433.53,196.89,79.75,192.05,87.9
7182,573669.652547,65.454,63,128.543,5.001,61.047,146.951,87.773,437.72,196.9,80.34,191.29,87.66
7183,573669.660904,65.055,62,125.892,5.194,60.88,144.352,87.633,434.05,197.16,80.14,187.5,87.47
7184,573669.668148,64.347,60,126.997,4.888,61.848,142.863,87.704,435.74,196.76,81.38,185.83,87.63
7185,573669.671877,64.128,60,124.524,4.209,62.838,144.004,89.464,432.56,195.76,82.92,187.48,89.38
7186,573669.676141,65.131,64,128.149,5.072,61.311,145.789,87.969,437.18,197.0,80.67,189.56,87.9
7187,573669.684717,65.372,67,124.869,5.07,61.175,146.8,87.922,432.86,197.01,80.49,191.29,87.83
7188,573669.687976,64.112,61,127.281,4.919,62.066,142.152,87.731,436.19,196.82,81.63,185.51,87.69
7189,573669.696851,62.078,65,124.78,3.441,65.616,140.127,88.715,432.84,194.87,86.33,182.65,88.67
7190,573669.701078,64.293,62,126.144,5.109,61.719,142.287,87.594,434.51,197.06,81.21,185.19,87.5
7191,573669.703738,63.883,59,126.412,4.975,62.396,141.741,87.636,434.97,196.88,82.11,184.43,87.53
7192,573669.707933,64.93,55,124.718,4.783,61.849,145.964,88.687,432.67,196.62,81.38,190.25,88.62
7193,573669.711825,64.93,65,128.102,5.106,61.844,145.955,87.52,437.1,197.06,81.36,190.02,87.44
7194,573669.720667,62.413,52,127.671,3.395,65.967,142.448,86.562,436.65,194.77,86.91,185.21,86.41
7195,573669.723804,65.061,64,124.352,5.271,61.501,145.858,87.587,432.21,197.28,80.92,190.08,87.49
7196,573669.728063,64.098,61,126.47,5.094,62.208,142.407,87.474,435.08,197.03,81.88,185.15,87.4
7197,573669.732154,62.476,61,124.13,3.786,65.454,141.638,88.953,431.91,195.4,85.88,184.77,88.89
7198,573669.736168,64.487,59,127.792,5.123,61.757,143.385,88.35,436.74,197.06,81.26,186.55,88.28
7199,573669.749185,64.964,59,124.318,4.968,61.843,146.137,88.033,432.04,196.87,81.42,190.02,87.94
7200,573669.752064,64.805,63,127.925,5.054,61.855,145.304,87.425,436.89,196.99,81.36,189.28,87.34
7201,573669.756536,63.233,54,126.579,4.786,63.069,140.04,87.239,435.14,196.64,83.02,182.09,87.16
7202,573669.759813,64.908,73,125.252,5.198,61.47,144.952,87.11,433.39,197.18,80.87,188.9,87.01
7203,573669.764262,64.049,61,126.63,4.815,62.151,142.025,87.18,435.19,196.67,81.79,184.59,87.04
7204,573669.772021,63.934,62,124.563,4.041,63.389,144.263,88.842,432.48,195.64,83.42,187.95,88.78
7205,573669.776378,65.317,61,128.219,4.902,61.479,147.219,87.248,437.28,196.79,80.87,191.76,87.16
7206,573669.780255,62.284,60,128.637,3.086,65.905,141.705,86.169,437.73,194.42,86.69,184.35,86.09
7207,573669.78429,65.035,58,125.591,4.643,61.699,146.186,87.375,433.91,196.45,81.2,190.14,87.28
7208,573669.789147,64.045,66,128.425,4.701,62.368,142.5,87.408,437.55,196.52,82.03,185.58,87.31
7209,573669.79684,62.14,59,125.919,3.251,65.711,140.613,88.303,434.47,194.59,86.49,182.74,88.31
7210,573669.799858,64.613,60,127.182,4.942,61.776,144.093,87.106,435.82,196.84,81.27,187.46,86.97
7211,573669.804459,64.142,54,130.736,4.529,62.433,143.15,85.242,440.61,196.33,82.09,186.4,85.13
7212,573669.807668,64.015,55,126.947,4.533,62.459,142.559,87.709,435.72,196.24,82.38,184.91,87.64
7213,573669.812001,64.918,62,128.957,4.992,61.97,146.188,87.1,438.28,196.92,81.51,190.45,87.02
7214,573669.815701,63.341,55,127.427,4.791,63.135,140.714,86.959,436.27,196.64,83.08,183.04,86.88
7215,573669.824728,64.91,73,125.411,5.199,61.742,145.602,86.996,433.61,197.19,81.23,189.62,86.88
7216,573669.83672,64.461,57,126.715,5.409,61.755,143.243,86.437,434.78,197.41,81.18,185.7,86.07
7217,573669.840231,63.841,60,126.898,5.135,62.531,141.837,86.537,435.66,197.07,82.28,184.7,86.41
7218,573669.848393,65.035,63,125.022,5.129,61.706,146.198,87.15,432.98,197.15,81.26,190.53,86.96
7219,573669.85206,64.996,68,128.958,5.231,61.793,146.191,86.745,438.17,197.23,81.28,190.21,86.64
7220,573669.856532,63.555,51,126.755,5.029,62.606,140.581,86.709,435.36,196.96,82.37,183.05,86.61
7221,573669.860014,65.214,67,125.377,5.517,61.15,145.861,86.302,433.49,197.62,80.46,189.89,86.2
7222,573669.864091,65.449,61,128.25,5.062,61.361,147.68,86.518,437.37,197.01,80.75,191.82,86.38
7223,573669.871909,63.744,54,127.103,4.94,62.086,140.344,86.621,435.99,196.86,81.68,182.33,86.46
7224,573669.875814,64.979,56,128.953,5.024,61.018,144.271,86.973,438.24,196.95,80.28,187.6,86.86
7225,573669.879674,63.858,62,126.961,4.942,61.888,140.465,86.504,435.64,196.85,81.41,182.93,86.4
7226,573669.883913,65.393,70,125.411,4.981,60.819,146.061,86.797,433.52,196.91,80.03,190.17,86.71
7227,573669.888123,65.139,64,129.498,4.787,60.925,144.914,86.914,438.87,196.65,80.15,188.57,86.8
7228,573669.891657,61.917,50,127.99,3.315,64.632,137.298,87.704,436.97,194.71,85.02,178.79,87.6
7229,573669.900332,65.208,61,126.709,5.148,60.52,144.327,86.361,435.2,197.12,79.66,187.59,86.21
7230,573669.903645,64.398,56,127.357,4.885,61.298,141.856,86.451,436.25,196.77,80.68,184.27,86.35
7231,573669.908063,63.664,59,125.407,3.77,63.332,142.756,88.178,433.6,195.3,83.33,185.94,88.1
7232,573669.916698,63.981,55,127.42,4.733,61.732,140.725,86.614,436.17,196.56,81.25,183.07,86.51
7233,573669.923848,65.616,74,125.737,5.092,60.325,146.121,86.837,434.0,197.05,79.36,190.38,86.73
7234,573669.928824,64.434,64,128.001,4.972,61.018,141.396,86.598,437.01,196.89,80.26,184.18,86.49
7235,573669.931697,63.454,59,125.687,3.957,63.614,142.342,87.939,433.84,195.56,83.72,184.91,87.89
7236,573669.93614,64.981,66,126.871,5.415,60.554,143.178,86.233,435.43,197.47,79.67,186.31,86.09
7237,573669.939781,64.436,54,126.938,5.279,61.079,141.542,86.752,435.72,197.28,80.4,183.85,86.65
7238,573669.947962,66.077,54,123.979,4.85,60.878,150.128,88.225,431.62,196.68,80.22,195.16,88.12
7239,573669.951706,66.102,57,128.364,5.428,60.183,148.558,86.575,437.54,197.47,79.2,192.82,86.5
7240,573669.955713,62.788,52,128.185,3.784,64.625,141.322,85.83,437.21,195.33,85.0,184.01,85.72
7241,573669.960078,65.889,67,125.266,5.661,59.86,146.532,86.666,433.35,197.8,78.77,190.75,86.54
7242,573669.963748,64.897,61,127.298,5.356,60.591,142.818,86.532,436.19,197.39,79.77,185.4,86.41
7243,573669.967751,63.821,57,124.892,4.38,63.106,143.041,88.046,432.87,196.13,82.98,186.23,87.99
7244,573669.976646,65.595,60,126.34,5.768,59.926,145.037,86.413,434.62,197.92,78.86,188.31,86.22
7245,573669.980771,64.7,59,126.704,5.461,60.688,142.01,86.537,435.34,197.52,79.85,184.77,86.45
7246,573669.983978,65.799,62,124.931,5.446,60.099,146.603,87.243,432.83,197.5,79.1,190.68,87.11
7247,573669.98822,64.971,62,127.343,5.473,60.122,142.107,86.708,436.07,197.55,79.12,184.69,86.61
7248,573669.992146,63.136,52,128.515,3.827,63.899,141.411,85.895,437.68,195.38,84.06,184.03,85.78
7249,573670.004914,64.07,57,129.862,3.61,63.359,144.893,85.073,439.45,195.1,83.35,188.33,84.95
7250,573670.012921,66.195,61,128.541,5.451,59.935,148.493,86.719,437.64,197.52,78.84,193.19,86.61
7251,573670.015865,63.293,63,128.78,3.71,63.694,141.722,85.649,437.99,195.24,83.76,184.47,85.51
7252,573670.024788,66.445,58,125.441,5.152,59.423,148.695,87.227,433.5,197.14,78.19,193.69,87.12
7253,573670.028166,65.803,69,128.701,5.203,59.934,146.225,87.166,437.93,197.18,78.88,189.92,87.09
7254,573670.031983,63.558,49,128.718,3.569,63.565,142.749,86.255,437.92,195.04,83.6,185.91,86.15
7255,573670.036169,65.724,59,126.299,5.349,59.184,143.95,87.01,434.76,197.38,77.85,187.53,86.91
7256,573670.040486,65.916,54,127.317,5.074,60.046,147.145,87.281,436.32,197.0,78.99,191.74,87.13
7257,573670.044163,65.164,57,124.089,4.409,61.091,145.447,89.102,431.9,196.12,80.39,189.69,89.02
7258,573670.052338,66.023,58,127.792,5.241,59.592,146.643,87.344,436.65,197.22,78.49,190.46,87.28
7259,573670.055775,63.891,56,129.515,3.838,62.89,142.907,85.688,438.94,195.4,82.71,186.08,85.58
7260,573670.060687,66.398,64,125.476,5.116,59.354,148.245,87.538,433.61,197.08,78.11,192.86,87.46
7261,573670.063727,66.284,56,127.929,5.14,59.762,148.586,87.621,436.78,197.12,78.61,193.17,87.57
7262,573670.067957,64.695,61,124.117,4.238,62.242,145.615,88.863,431.88,195.91,81.9,189.76,88.79
7263,573670.076691,66.334,58,126.665,5.444,59.341,147.836,87.464,435.24,197.5,78.06,192.62,87.37
7264,573670.088859,64.983,60,127.319,5.33,60.325,142.65,87.668,436.27,197.36,79.41,185.62,87.62
7265,573670.09211,63.423,52,128.174,3.826,63.83,142.667,86.615,437.24,195.39,84.0,185.17,86.46
7266,573670.100847,65.877,71,124.546,5.539,59.88,146.512,87.584,432.39,197.65,78.78,190.8,87.52
7267,573670.103911,64.617,63,126.544,5.256,60.834,141.913,87.544,435.14,197.25,80.05,184.72,87.46
7268,573670.107625,62.86,57,124.536,3.911,64.152,140.632,88.844,432.48,195.48,84.42,183.18,88.78
7269,573670.112036,65.164,62,126.511,5.548,60.587,144.249,87.625,435.09,197.64,79.73,187.65,87.51
7270,573670.11597,64.037,61,126.328,5.195,61.695,140.922,87.526,434.86,197.16,81.19,183.38,87.44
7271,573670.12002,65.443,67,124.317,5.42,60.565,145.729,88.124,432.16,197.47,79.69,189.91,88.04
7272,573670.129376,65.37,63,127.695,5.439,60.748,145.765,87.739,436.75,197.5,79.96,189.47,87.69
7273,573670.132435,63.168,52,128.197,3.806,64.505,142.908,86.58,437.24,195.35,84.85,186.13,86.48
7274,573670.136269,65.422,70,124.992,5.627,60.477,145.403,87.351,433.04,197.75,79.56,189.48,87.25
7275,573670.141263,64.524,61,126.559,5.336,61.346,142.623,87.52,435.37,197.33,80.8,184.65,87.45
7276,573670.144018,63.137,56,125.166,4.125,63.825,141.251,88.888,433.27,195.76,83.99,183.84,88.83
7277,573670.152711,65.028,62,127.198,5.456,60.638,143.634,87.533,435.98,197.52,79.79,186.84,87.43
7278,573670.156047,63.816,62,126.645,5.027,62.114,140.769,87.433,435.26,196.94,81.75,183.17,87.35
7279,573670.160562,65.426,69,124.94,5.304,60.575,145.659,87.801,432.89,197.33,79.74,189.64,87.66
7280,573670.168672,63.712,53,124.097,3.814,64.327,145.244,88.966,431.81,195.38,84.58,189.23,88.94
7281,573670.17582,65.0,64,126.304,5.293,60.619,143.437,87.37,434.68,197.3,79.75,186.72,87.24
7282,573670.180486,63.742,58,127.697,5.113,61.765,139.61,86.808,436.73,197.11,81.16,181.75,86.63
7283,573670.183903,64.276,59,126.269,4.909,61.333,141.307,87.968,434.83,196.79,80.71,183.76,87.87
7284,573670.188175,65.08,64,128.086,5.107,61.156,145.141,87.385,437.11,197.06,80.45,189.04,87.3
7285,573670.195933,65.503,68,124.739,5.143,60.718,146.43,87.535,432.62,197.1,79.88,190.81,87.44
7286,573670.205279,65.477,61,128.011,4.967,61.191,147.426,87.35,437.04,196.88,80.53,191.55,87.23
7287,573670.207966,63.7,56,124.458,3.93,63.679,143.722,88.827,432.35,195.49,83.81,187.23,88.76
7288,573670.21182,65.007,61,126.706,5.181,60.879,144.091,87.298,435.38,197.15,80.13,187.31,87.22
7289,573670.216575,64.021,62,126.543,4.886,61.976,141.486,87.182,435.14,196.76,81.55,184.11,87.1
7290,573670.21985,65.624,61,124.467,4.858,60.965,147.717,87.977,432.3,196.73,80.23,192.27,87.87
7291,573670.229131,65.552,61,128.021,4.945,60.962,147.296,87.255,436.97,196.85,80.21,191.57,87.16
7292,573670.231861,62.545,50,128.751,3.101,65.416,141.885,86.364,437.65,194.44,86.07,184.07,86.28
7293,573670.236084,65.449,66,125.176,5.192,60.704,146.101,87.185,433.2,197.19,79.9,190.23,87.07
7294,573670.240378,64.27,58,126.826,4.946,61.775,142.297,87.237,435.48,196.85,81.27,185.35,87.14
7295,573670.244313,63.148,64,124.793,3.753,64.259,142.264,88.818,432.75,195.33,84.43,185.29,88.79
7296,573670.256712,63.522,59,126.748,4.833,62.673,140.568,87.25,435.36,196.67,82.52,183.01,87.12
7297,573670.259668,65.362,67,125.073,5.099,61.032,146.399,87.575,433.06,197.07,80.35,190.57,87.47
7298,573670.268388,63.037,53,124.615,3.608,65.277,143.969,88.699,432.56,195.08,85.89,187.52,88.63
7299,573670.272227,65.148,63,125.848,5.417,61.036,145.23,86.862,434.13,197.48,80.28,189.31,86.74
7300,573670.280628,64.27,58,127.056,5.177,61.944,142.686,86.948,435.82,197.16,81.51,185.57,86.82
7301,573670.283734,64.125,60,124.673,4.55,62.988,144.334,88.398,432.61,196.32,82.9,188.22,88.27
7302,573670.288202,64.996,64,128.19,5.369,61.476,145.445,87.028,437.19,197.41,80.87,189.31,86.92
7303,573670.29172,63.518,57,127.424,4.865,62.845,140.934,86.614,436.16,196.71,82.8,183.3,86.52
7304,573670.296286,65.293,66,125.156,5.262,61.114,146.211,87.265,433.3,197.27,80.42,190.31,87.15
7305,573670.305061,65.345,62,128.747,5.171,61.316,146.986,86.934,438.05,197.14,80.7,190.76,86.83
7306,573670.308117,63.988,57,124.824,4.304,63.469,144.722,88.072,432.81,196.0,83.51,188.54,87.99
7307,573670.312056,64.7,62,126.46,5.375,61.292,143.421,86.188,434.9,197.41,80.61,186.72,86.04
7308,573670.316734,64.182,60,127.299,5.028,61.847,142.01,86.665,436.13,196.95,81.38,184.71,86.58
7309,573670.319543,63.823,56,125.099,4.074,63.331,143.557,88.253,433.18,195.7,83.32,187.02,88.18
7310,573670.324466,65.163,66,128.651,5.224,61.179,145.653,86.936,437.79,197.21,80.48,189.56,86.83
7311,573670.332361,63.698,57,127.193,4.964,62.184,140.338,86.703,435.98,196.84,81.88,182.74,86.56
7312,573670.344748,62.429,61,125.39,3.352,64.971,140.373,87.743,433.59,194.75,85.48,182.82,87.66
7313,573670.34824,64.856,58,127.569,5.076,60.955,143.459,86.898,436.47,196.99,80.23,186.12,86.77
7314,573670.356167,63.948,58,127.728,4.923,61.566,140.184,86.294,436.73,196.83,81.01,182.25,86.15
7315,573670.360031,65.467,60,125.466,4.914,60.578,145.896,87.217,433.59,196.81,79.72,189.8,87.12
7316,573670.364026,64.543,64,128.029,5.01,61.071,142.081,86.802,437.07,196.93,80.34,184.91,86.71
7317,573670.368096,62.432,57,125.68,3.46,64.737,139.878,87.263,434.01,194.9,85.16,182.23,87.17
7318,573670.372159,65.555,71,125.502,5.212,60.274,145.655,86.563,433.66,197.22,79.29,189.7,86.47
7319,573670.380551,64.532,63,127.366,4.92,60.952,141.746,86.696,436.25,196.82,80.22,184.26,86.59
7320,573670.383674,63.33,56,125.298,3.778,63.614,141.728,88.283,433.54,195.31,83.73,184.39,88.18
7321,573670.38824,65.286,62,127.681,5.177,60.448,144.582,86.815,436.74,197.17,79.53,188.4,86.75
7322,573670.391926,63.929,59,127.079,4.88,61.747,140.5,86.82,435.8,196.72,81.35,182.82,86.68
7323,573670.39609,66.055,63,124.837,5.149,60.069,148.006,87.249,432.98,197.13,79.08,192.22,87.1
7324,573670.399912,65.583,67,129.134,5.094,60.612,146.627,87.104,438.43,197.04,79.75,190.6,87.02
7325,573670.408987,62.921,48,128.584,3.434,64.644,142.007,86.19,437.78,194.86,85.04,184.74,86.08
7326,573670.41168,65.465,62,126.275,5.529,60.133,144.813,86.751,434.6,197.63,79.14,188.54,86.58
7327,573670.416684,64.442,61,127.286,5.253,60.998,141.387,86.825,436.17,197.23,80.28,183.2,86.75
7328,573670.424769,65.703,65,128.472,5.442,60.318,146.592,87.02,437.66,197.49,79.36,190.59,86.95
7329,573670.431799,63.974,60,127.256,4.988,61.838,140.929,86.798,436.04,196.92,81.33,183.45,86.67
7330,573670.435695,65.719,76,125.27,5.489,60.09,146.127,87.078,433.42,197.57,79.05,190.34,86.96
7331,573670.444857,63.826,56,124.413,3.848,63.859,144.772,88.537,432.27,195.4,84.03,188.64,88.47
7332,573670.448323,65.863,59,126.466,5.504,60.341,147.565,87.091,435.02,197.58,79.39,192.04,87.01
7333,573670.456473,64.536,56,127.218,5.18,61.035,141.96,86.962,435.92,197.16,80.26,185.0,86.87
7334,573670.459854,65.831,59,125.541,5.143,60.048,146.663,87.719,433.64,197.15,79.04,191.27,87.54
7335,573670.464283,64.914,62,128.186,5.233,60.488,142.665,86.947,437.28,197.22,79.58,185.58,86.86
7336,573670.46863,61.906,55,127.652,3.575,64.322,136.586,88.124,436.48,195.09,84.51,177.82,88.12
7337,573670.471671,65.584,65,126.186,5.317,59.819,144.715,87.016,434.66,197.34,78.69,188.59,86.9
7338,573670.48059,65.145,60,127.852,5.003,60.655,144.305,87.061,436.79,196.92,79.79,187.87,86.96
7339,573670.484367,63.587,62,125.29,3.698,63.453,142.645,88.88,433.36,195.24,83.39,186.01,88.81
7340,573670.488748,66.244,59,127.963,5.123,59.73,148.272,87.428,436.98,197.08,78.55,193.32,87.34
7341,573670.492456,63.574,58,129.496,3.576,63.791,143.339,85.946,438.88,195.05,83.92,186.55,85.84
7342,573670.496379,66.278,56,125.756,4.853,60.1,149.389,87.81,433.97,196.73,79.1,194.34,87.73
7343,573670.4996,65.734,61,129.0,5.018,60.368,146.887,87.35,438.27,196.94,79.42,190.87,87.22
7344,573670.512948,65.439,68,125.951,5.219,60.08,144.539,87.308,434.24,197.21,79.05,188.16,87.2
7345,573670.515832,64.73,59,126.957,5.012,60.989,142.873,87.252,435.65,196.94,80.23,186.06,87.15
7346,573670.519767,64.312,55,124.287,4.35,62.23,143.56,89.131,432.21,195.99,82.02,187.1,89.01
7347,573670.52437,65.509,63,127.652,5.224,60.427,145.764,87.48,436.5,197.21,79.5,189.75,87.38
7348,573670.531989,63.032,60,127.965,3.69,64.369,141.941,86.366,436.85,195.22,84.68,184.66,86.3
7349,573670.535795,65.801,63,124.675,5.218,60.422,147.403,87.683,432.58,197.21,79.52,191.81,87.6
7350,573670.540354,65.733,61,127.376,5.209,60.721,147.745,87.602,436.26,197.2,79.92,191.87,87.48
7351,573670.543917,63.417,55,124.071,3.904,64.202,143.47,88.912,431.73,195.51,84.33,187.31,88.87
7352,573670.547768,65.118,64,125.385,5.493,60.605,144.042,87.427,433.58,197.57,79.78,187.24,87.35
7353,573670.551899,64.305,55,125.75,5.326,61.432,141.688,87.406,434.06,197.35,80.82,184.56,87.31
7354,573670.559915,65.208,59,124.161,5.065,61.084,145.671,88.652,431.79,196.98,80.43,189.59,88.6
7355,573670.563871,65.507,65,127.43,5.526,60.559,146.073,87.448,436.23,197.61,79.67,190.22,87.36
7356,573670.568062,63.158,53,127.921,3.811,64.611,143.092,86.318,436.86,195.36,84.99,186.35,86.22
7357,573670.571853,65.748,63,124.279,5.62,60.258,146.704,87.517,432.11,197.73,79.27,191.27,87.45
7358,573670.57582,65.705,60,127.245,5.287,60.729,147.604,87.411,436.0,197.29,79.89,192.18,87.29
7359,573670.584189,64.019,61,123.663,4.259,63.398,144.723,88.984,431.3,195.93,83.42,188.61,88.91
7360,573670.596545,65.644,59,124.778,5.053,60.682,147.143,88.063,432.61,197.02,79.91,191.58,87.89
7361,573670.600018,65.528,63,128.578,5.058,60.693,146.515,87.422,437.68,197.0,79.85,190.6,87.33
7362,573670.608547,63.669,52,126.985,4.767,62.088,139.979,87.61,435.66,196.61,81.69,182.27,87.52
7363,573670.611845,65.57,67,125.682,5.246,60.491,146.259,87.134,433.97,197.23,79.55,190.6,87.06
7364,573670.61589,64.268,62,127.558,4.766,61.582,141.841,87.376,436.22,196.63,81.05,184.13,87.32
7365,573670.620125,63.123,62,125.533,3.479,64.122,141.84,88.975,433.77,194.91,84.37,184.72,88.91
7366,573670.623677,65.456,60,128.401,4.969,60.994,146.837,87.625,437.52,196.86,80.22,191.02,87.55
7367,573670.628039,62.837,65,129.437,3.238,64.941,142.253,86.39,438.86,194.62,85.42,185.05,86.26
7368,573670.636546,65.73,59,125.658,4.647,60.935,148.246,87.764,433.91,196.45,80.17,193.1,87.68
7369,573670.639842,65.155,63,129.357,4.674,61.541,146.472,87.304,438.68,196.49,80.95,190.51,87.21
7370,573670.643749,62.305,52,129.153,3.101,65.567,141.074,86.76,438.49,194.42,86.23,183.71,86.65
7371,573670.648019,64.842,63,126.583,5.07,61.252,144.081,87.132,434.84,197.02,80.54,187.76,86.94
7372,573670.651956,64.028,61,127.075,4.781,62.253,142.149,87.271,435.79,196.63,81.9,185.1,87.17
7373,573670.660728,63.931,58,124.029,4.528,62.601,142.454,89.538,431.78,196.28,82.38,185.58,89.49
7374,573670.664189,65.154,64,128.222,5.166,61.486,146.332,87.363,437.24,197.14,80.88,190.48,87.26
7375,573670.668799,62.535,54,128.613,3.564,65.557,142.142,86.122,437.6,195.02,86.36,184.64,86.08
7376,573670.676998,65.237,58,128.094,5.136,61.752,147.428,87.285,437.07,197.1,81.25,191.74,87.18
7377,573670.683879,63.192,52,124.578,3.948,64.914,143.932,88.464,432.33,195.56,85.3,188.05,88.4
7378,573670.688546,64.451,60,126.058,5.442,61.638,142.919,86.561,434.32,197.51,81.1,185.8,86.46
7379,573670.692149,63.644,58,127.062,5.184,62.353,140.452,86.78,435.94,197.18,82.04,182.46,86.61
7380,573670.700767,64.916,68,128.59,5.34,61.689,145.513,87.104,437.76,197.36,81.17,189.16,87.01
7381,573670.703725,63.239,55,126.903,4.889,63.012,139.944,86.942,435.55,196.77,82.9,182.24,86.84
7382,573670.713034,65.111,70,125.498,5.396,61.065,145.098,86.885,433.74,197.44,80.35,188.92,86.79
7383,573670.715991,65.35,61,128.306,5.1,61.301,146.975,86.849,437.62,197.07,80.71,190.91,86.8
7384,573670.720495,63.716,63,124.8,4.083,63.873,144.238,88.27,432.68,195.73,84.02,188.17,88.15
7385,573670.723682,65.806,56,128.184,5.309,60.883,148.559,86.868,437.18,197.33,80.13,192.69,86.83
7386,573670.728227,64.049,57,127.375,5.011,61.846,141.327,86.778,436.27,196.89,81.42,184.14,86.61
7387,573670.736175,65.356,60,125.868,4.891,61.002,146.295,87.475,434.12,196.82,80.27,190.67,87.29
7388,573670.740396,64.514,59,128.571,4.998,61.256,142.358,86.675,437.74,196.92,80.57,185.38,86.57
7389,573670.744243,61.491,50,128.285,3.285,65.523,137.281,87.132,437.36,194.65,86.31,178.81,86.88
7390,573670.748475,65.543,67,126.525,5.216,60.603,146.383,86.414,435.03,197.21,79.72,190.72,86.31
7391,573670.751758,64.484,58,128.201,4.827,61.512,142.797,86.597,437.31,196.69,80.93,185.71,86.51
7392,573670.764578,65.681,63,129.424,5.02,60.747,147.51,86.811,438.8,196.95,79.91,191.83,86.7
7393,573670.767892,62.753,61,129.65,3.294,64.969,141.906,85.713,439.12,194.69,85.46,184.58,85.6
7394,573670.776157,65.567,61,129.338,4.899,61.012,147.505,86.957,438.69,196.79,80.27,191.79,86.85
7395,573670.779996,63.16,56,126.044,3.526,64.604,143.088,88.005,434.64,194.97,85.06,185.71,87.91
7396,573670.788347,65.065,67,126.847,5.249,60.739,144.068,86.647,435.43,197.26,79.9,187.55,86.55
7397,573670.791887,64.524,60,127.53,5.045,61.439,142.839,86.505,436.38,196.98,80.82,185.99,86.4
7398,573670.79589,64.823,58,125.424,4.71,61.803,145.276,88.023,433.49,196.49,81.46,188.96,88.0
7399,573670.799778,65.464,64,128.519,5.366,60.631,146.009,86.812,437.7,197.42,79.78,190.13,86.74
7400,573670.804056,63.665,54,126.867,5.066,62.186,140.179,86.758,435.51,197.0,81.82,182.54,86.65
7401,573670.812712,65.506,69,125.059,5.579,60.417,145.726,86.868,433.04,197.7,79.51,189.8,86.72
7402,573670.815856,65.845,58,127.837,5.426,60.431,147.678,86.887,436.77,197.5,79.53,192.09,86.81
7403,573670.819855,63.851,61,124.287,4.303,63.469,144.016,88.101,432.12,196.0,83.51,187.65,88.02
7404,573670.824424,65.496,58,126.625,5.763,60.407,145.641,86.851,435.18,197.93,79.46,189.72,86.75
7405,573670.828002,64.049,59,129.555,4.279,63.069,144.124,85.018,438.94,195.99,82.96,187.56,84.9
7406,573670.831913,65.036,44,125.535,5.495,60.222,142.688,87.402,433.47,197.61,79.25,185.16,87.42
7407,573670.840791,65.704,63,128.145,5.641,60.173,146.249,86.817,437.19,197.77,79.18,190.09,86.7
7408,573670.852644,66.137,59,127.766,5.293,59.977,148.255,86.727,436.73,197.31,78.93,192.56,86.61
7409,573670.856253,64.894,61,124.192,4.547,61.677,145.363,88.427,431.98,196.32,81.16,189.42,88.35
7410,573670.864609,66.182,58,127.492,5.526,59.355,146.98,87.0,436.3,197.61,78.08,191.38,86.9
7411,573670.867634,64.021,59,129.693,3.967,62.725,143.195,85.417,439.21,195.61,82.42,186.37,85.25
7412,573670.872923,66.34,55,125.837,5.055,59.436,148.106,87.568,434.05,197.02,78.17,192.82,87.39
7413,573670.875681,66.075,60,128.956,5.124,59.582,146.921,87.22,438.25,197.08,78.41,190.88,87.11
7414,573670.88019,63.558,52,128.746,3.451,63.524,142.66,86.594,438.03,194.89,83.55,185.6,86.45
7415,573670.888648,65.965,64,126.514,5.245,59.272,145.525,87.223,434.88,197.24,77.95,189.5,87.07
7416,573670.892439,64.894,57,127.269,4.926,60.22,141.931,87.309,435.84,196.84,79.28,183.79,87.27
7417,573670.895523,63.788,58,125.638,3.664,62.765,142.098,88.898,433.91,195.15,82.58,185.03,88.83
7418,573670.900751,65.531,64,128.348,5.098,59.914,144.649,87.481,437.55,197.05,78.88,187.92,87.43
7419,573670.903926,62.8,59,128.912,3.42,64.159,140.363,86.834,438.16,194.88,84.38,182.77,86.65
7420,573670.908157,65.853,65,125.604,4.987,59.851,146.307,87.706,433.73,196.9,78.8,189.95,87.59
7421,573670.916847,65.824,61,128.385,4.968,60.385,147.446,87.741,437.4,196.89,79.44,191.65,87.68
7422,573670.92017,64.487,56,124.651,4.123,62.569,145.269,89.197,432.59,195.75,82.32,189.29,89.14
7423,573670.92394,65.315,69,126.28,5.345,60.084,143.871,87.457,434.67,197.38,79.06,187.28,87.37
7424,573670.928687,64.589,54,126.241,5.163,61.149,142.504,87.741,434.63,197.15,80.47,185.22,87.68
7425,573670.941075,65.603,64,127.847,5.399,60.34,146.083,87.799,436.88,197.43,79.43,189.63,87.72
7426,573670.944168,63.378,57,128.27,3.863,64.341,143.584,86.449,437.43,195.45,84.59,186.79,86.28
7427,573670.952801,65.792,63,126.973,5.258,60.525,147.604,87.619,435.63,197.27,79.66,192.02,87.55
7428,573670.955773,64.293,60,123.229,4.403,62.88,144.964,89.133,430.73,196.12,82.75,188.93,89.07
7429,573670.964858,65.604,56,125.612,5.584,60.142,145.61,87.691,433.65,197.66,79.15,189.11,87.52
7430,573670.967776,64.428,56,125.632,5.311,61.16,141.691,87.59,433.85,197.34,80.47,184.39,87.52
7431,573670.97213,65.594,63,123.839,5.214,60.597,146.653,88.472,431.36,197.21,79.75,191.24,88.33
7432,573670.976281,65.504,66,127.458,5.355,60.484,145.877,87.882,436.4,197.42,79.7,189.67,87.9
7433,573670.979717,63.635,53,128.013,3.806,63.898,143.885,86.642,436.78,195.31,84.23,186.84,86.57
7434,573670.98399,65.725,64,124.413,5.432,60.142,146.29,87.715,432.23,197.48,79.15,190.45,87.6
7435,573670.992137,64.859,58,126.177,5.137,60.902,143.351,87.903,434.73,197.09,80.18,186.17,87.81
7436,573670.996357,63.613,57,123.863,3.989,63.271,142.363,89.615,431.56,195.57,83.29,185.33,89.56
7437,573670.999597,65.328,63,126.647,5.256,60.641,145.276,87.72,435.31,197.24,79.82,188.75,87.64
7438,573671.00473,63.166,60,128.671,3.676,64.142,142.093,86.409,437.81,195.18,84.38,184.97,86.31
7439,573671.008072,65.721,63,124.933,4.86,60.517,147.178,88.35,432.93,196.72,79.67,191.15,88.27
7440,573671.016919,64.741,64,127.887,5.023,61.21,143.444,88.048,436.84,196.94,80.52,186.82,87.96
7441,573671.028714,64.267,57,127.026,4.925,61.74,142.199,87.716,435.67,196.83,81.26,184.66,87.64
7442,573671.031962,64.743,56,124.573,4.82,62.087,145.513,88.181,432.4,196.74,81.76,189.22,87.92
7443,573671.041172,65.055,71,128.489,5.127,61.222,145.163,87.989,437.57,197.08,80.54,188.91,87.89
7444,573671.043936,62.646,59,128.242,3.602,65.085,141.647,86.846,437.2,195.11,85.63,184.04,86.75
7445,573671.047715,65.074,63,125.35,5.197,61.181,145.167,87.767,433.52,197.18,80.5,189.1,87.67
7446,573671.051843,65.257,61,128.226,5.093,61.583,147.133,87.714,437.24,197.04,81.02,191.37,87.62
7447,573671.056023,62.799,56,125.14,3.749,65.053,142.313,88.983,433.23,195.25,85.6,185.26,88.89
7448,573671.059871,64.48,60,126.251,5.318,61.448,142.628,87.426,434.49,197.32,80.86,185.27,87.26
7449,573671.067878,63.946,60,126.547,5.142,62.211,141.641,87.405,435.15,197.09,81.87,184.28,87.32
7450,573671.072164,65.042,62,124.491,5.232,61.575,145.93,87.882,432.26,197.26,81.08,190.1,87.71
7451,573671.076991,64.403,65,127.558,5.356,61.679,142.762,87.463,436.42,197.39,81.13,185.97,87.36
7452,573671.079647,63.725,56,126.523,5.179,62.33,140.802,87.464,434.97,197.15,82.05,183.05,87.37
7453,573671.084379,65.45,72,125.032,5.503,60.651,145.975,87.4,433.03,197.58,79.81,190.06,87.28
7454,573671.092421,64.454,58,126.885,5.221,61.49,142.59,87.133,435.62,197.2,80.94,185.3,87.03
7455,573671.095744,63.414,55,123.934,3.818,64.575,144.288,89.107,431.66,195.35,84.98,187.99,89.04
7456,573671.100224,65.799,60,126.868,5.267,60.873,148.492,87.722,435.47,197.27,80.09,193.29,87.62
7457,573671.104312,64.101,56,126.772,5.106,61.894,141.702,87.085,435.48,197.06,81.48,184.17,86.97
7458,573671.117155,65.384,64,128.462,5.066,60.88,146.158,87.412,437.55,197.0,80.1,190.12,87.31
7459,573671.120059,62.953,56,125.585,3.613,64.791,142.487,88.11,433.83,195.09,85.24,185.55,88.03
7460,573671.128906,65.153,57,127.826,4.928,61.217,145.689,87.039,436.8,196.83,80.56,189.32,86.92
7461,573671.13196,63.586,64,124.782,3.745,63.817,143.456,88.687,432.71,195.27,83.94,187.02,88.62
7462,573671.136203,65.621,60,128.292,5.162,61.127,148.09,87.284,437.38,197.13,80.44,192.46,87.18
7463,573671.144981,62.631,69,128.944,3.414,65.144,141.705,85.918,438.1,194.84,85.71,184.29,85.79
7464,573671.147802,64.887,60,126.38,4.985,61.062,143.875,87.013,434.86,196.9,80.33,187.41,86.91
7465,573671.152298,64.72,66,130.022,4.815,61.312,143.573,87.934,439.48,196.72,80.76,186.85,87.76
7466,573671.156048,63.061,58,125.529,3.888,64.465,142.293,88.402,433.77,195.45,84.83,185.27,88.32
7467,573671.160141,65.063,63,126.211,5.577,61.175,145.094,86.425,434.5,197.79,80.77,188.32,86.19
7468,573671.168893,64.288,61,127.212,5.13,61.799,142.444,86.713,436.06,197.12,81.34,184.6,86.56
7469,573671.172661,65.081,57,125.62,4.914,61.311,145.513,87.874,433.79,196.8,80.7,189.37,87.81
7470,573671.175615,65.447,67,128.762,5.322,60.76,146.219,87.013,437.92,197.35,79.93,190.23,86.91
7471,573671.180414,63.01,55,128.761,3.69,64.783,142.746,85.701,437.98,195.2,85.22,185.75,85.59
7472,573671.18369,65.615,62,125.52,5.336,60.751,147.147,86.831,433.79,197.36,79.95,191.46,86.73
7473,573671.192224,65.727,62,128.363,5.233,60.785,147.866,87.048,437.41,197.23,79.97,192.32,86.94
7474,573671.20462,63.929,65,130.429,3.931,63.483,144.448,84.721,440.08,195.53,83.49,187.96,84.6
7475,573671.207787,66.12,49,126.015,5.115,60.534,149.531,87.075,434.29,197.1,79.71,193.87,86.87
7476,573671.211779,65.663,60,128.536,5.312,60.65,147.173,87.068,437.72,197.33,79.81,191.2,86.94
7477,573671.221073,63.284,54,125.432,3.965,64.122,142.627,87.83,433.69,195.59,84.3,185.53,87.79
7478,573671.224359,65.798,72,125.218,5.558,60.107,146.62,86.822,433.31,197.67,79.06,191.19,86.71
7479,573671.22754,64.75,58,127.132,5.236,60.867,142.689,86.846,435.96,197.23,80.15,185.14,86.73
7480,573671.232232,63.589,61,125.017,4.057,63.201,142.084,88.412,433.1,195.67,83.16,185.04,88.34
7481,573671.235824,65.37,59,127.156,5.431,60.302,144.695,86.697,435.93,197.49,79.35,188.2,86.58
7482,573671.244818,63.612,56,128.908,3.745,63.671,143.26,85.816,438.12,195.28,83.77,186.45,85.71
7483,573671.247822,66.417,57,125.179,5.116,59.822,149.525,87.444,433.05,197.07,78.7,195.15,87.41
7484,573671.251987,65.318,58,128.213,5.178,60.447,144.755,87.021,437.52,197.12,79.44,189.43,86.87
7485,573671.255999,63.195,52,127.588,4.53,62.391,138.352,87.543,436.41,196.33,82.1,180.24,87.39
7486,573671.259725,65.694,63,126.161,5.459,59.797,145.274,86.845,434.49,197.55,78.65,189.32,86.74
7487,573671.263974,64.735,62,127.268,5.061,60.919,142.734,86.904,436.04,197.0,80.14,185.87,86.8
7488,573671.27197,65.364,56,125.297,4.854,60.807,145.874,88.118,433.16,196.74,80.1,189.59,87.96
7489,573671.275898,65.798,65,128.535,5.252,59.961,146.26,87.127,437.63,197.25,78.88,190.3,87.03
7490,573671.288398,65.693,62,128.506,5.208,60.257,146.388,87.356,437.79,197.2,79.32,189.91,87.2
7491,573671.296972,63.027,58,125.826,3.812,64.073,141.263,88.245,434.14,195.39,84.19,184.14,88.22
7492,573671.29973,65.052,66,126.723,5.434,60.247,142.836,87.089,435.26,197.48,79.28,185.77,86.97
7493,573671.304774,64.344,55,126.53,5.259,61.046,140.995,87.482,434.91,197.31,80.29,182.96,87.5
7494,573671.308286,65.527,59,124.665,5.232,60.472,145.973,88.003,432.55,197.27,79.57,190.08,87.8
7495,573671.312248,65.609,65,128.223,5.425,60.224,145.834,87.325,437.23,197.48,79.23,189.75,87.23
7496,573671.3209,62.233,55,127.183,3.844,64.147,137.69,88.486,435.92,195.39,84.39,179.33,88.4
7497,573671.323713,65.499,65,125.589,5.525,59.667,143.88,87.456,433.9,197.61,78.51,187.22,87.34
7498,573671.327909,65.07,59,128.858,4.994,60.162,142.727,88.363,438.28,196.83,78.98,186.21,88.31
7499,573671.332032,63.548,56,124.972,4.207,63.226,141.936,88.733,433.05,195.86,83.2,184.84,88.66
7500,573671.335915,65.628,58,126.715,5.608,59.83,144.983,87.455,435.37,197.71,78.71,188.72,87.38
7501,573671.340263,63.997,61,129.393,4.166,62.769,143.172,85.743,438.74,195.84,82.56,186.33,85.63
7502,573671.348901,66.027,47,125.58,5.161,59.905,147.438,88.152,433.74,197.12,78.84,191.68,88.03
7503,573671.352285,65.774,60,128.268,5.438,60.018,146.263,87.804,437.34,197.48,78.98,190.1,87.73
7504,573671.355418,63.187,53,125.319,3.938,64.004,141.889,88.529,433.5,195.52,84.22,184.77,88.45
7505,573671.360741,65.916,65,125.079,5.524,59.71,146.323,87.527,433.16,197.61,78.55,190.69,87.43
7506,573671.372734,64.849,61,122.735,4.944,61.108,143.782,90.069,430.07,196.83,80.42,187.37,90.03
7507,573671.376393,66.187,57,127.371,5.374,59.807,148.13,87.827,436.12,197.41,78.72,192.2,87.8
7508,573671.384411,65.896,64,124.167,5.266,59.914,146.705,88.213,431.91,197.26,78.85,191.03,88.11
7509,573671.388194,65.538,61,128.052,5.139,60.582,146.302,87.81,437.15,197.07,79.76,190.08,87.69
7510,573671.396469,63.945,53,126.53,5.018,61.477,139.965,87.987,435.06,196.93,80.9,182.28,87.91
7511,573671.400178,65.618,65,125.664,5.441,59.872,145.034,87.754,433.86,197.49,78.78,188.82,87.64
7512,573671.403955,64.633,60,126.574,5.14,61.102,142.623,87.847,435.18,197.09,80.41,185.54,87.78
7513,573671.408119,65.272,56,124.59,4.763,60.899,145.583,89.367,432.46,196.57,80.18,189.79,89.35
7514,573671.412078,65.767,64,127.957,5.293,60.181,146.623,87.871,436.87,197.3,79.18,190.79,87.78
7515,573671.416023,63.102,57,128.786,3.77,64.3,142.127,86.467,438.01,195.34,84.52,184.86,86.24
7516,573671.424575,65.715,66,124.835,5.201,60.564,147.262,87.871,432.8,197.18,79.7,191.64,87.76
7517,573671.428255,65.576,60,127.633,5.16,60.967,147.446,88.122,436.47,197.12,80.22,191.78,88.03
7518,573671.432019,63.909,62,123.979,4.036,63.605,144.623,89.626,431.74,195.68,83.6,188.46,89.54
7519,573671.436291,65.44,60,125.85,5.433,60.549,145.673,87.792,434.04,197.48,79.67,189.4,87.68
7520,573671.440476,64.131,59,126.48,5.249,61.699,141.407,87.944,435.1,197.24,81.21,183.78,87.87
7521,573671.448453,65.238,62,124.822,4.935,61.158,146.012,88.753,432.63,196.84,80.52,190.0,88.63
7522,573671.461069,65.589,68,125.044,5.363,60.576,146.575,87.828,433.03,197.38,79.78,190.75,87.75
7523,573671.464291,64.046,64,127.002,5.016,61.883,141.4,87.834,435.7,196.94,81.41,184.2,87.74
7524,573671.472424,62.941,66,125.226,3.803,64.422,141.615,89.405,433.37,195.33,84.77,184.43,89.34
7525,573671.475914,65.123,59,127.492,5.205,61.094,145.231,87.829,436.31,197.18,80.37,189.08,87.74
7526,573671.479906,62.962,58,129.586,3.753,64.668,142.256,85.957,439.02,195.31,85.02,185.01,85.79
7527,573671.484336,65.43,56,125.569,4.811,61.548,148.021,88.297,433.8,196.66,80.98,192.8,88.22
7528,573671.487775,65.063,61,128.761,5.008,61.902,146.82,87.945,437.86,196.92,81.42,191.13,87.87
7529,573671.492204,62.797,51,125.379,3.649,65.285,142.807,88.993,433.56,195.13,85.89,185.97,88.93
7530,573671.499928,65.124,70,125.64,5.206,61.463,146.113,87.45,433.89,197.19,80.85,190.42,87.36
7531,573671.503721,63.937,60,127.199,4.969,62.485,142.219,87.545,436.11,196.88,82.26,184.51,87.4
7532,573671.507773,62.411,55,125.343,3.59,65.312,141.023,88.955,433.49,195.06,85.94,183.55,88.9
7533,573671.511943,64.841,59,127.825,5.104,62.089,146.049,87.79,436.79,197.05,81.7,189.84,87.68
7534,573671.515989,63.12,60,126.993,4.656,63.462,140.363,87.373,435.67,196.46,83.49,182.77,87.27
7535,573671.524836,65.029,63,124.67,4.938,61.933,146.706,87.891,432.61,196.86,81.51,190.58,87.75
7536,573671.528286,64.957,61,128.309,4.87,62.168,146.867,87.639,437.44,196.75,81.82,190.75,87.53
7537,573671.531816,62.761,60,124.856,3.628,65.423,142.937,88.701,432.88,195.11,86.08,186.19,88.63
7538,573671.535961,64.527,58,126.747,5.159,62.065,144.31,87.512,435.28,197.15,81.67,187.93,87.36
7539,573671.540633,63.872,59,126.795,4.867,62.69,142.356,87.142,435.42,196.75,82.47,185.41,87.05
7540,573671.5492,64.767,57,124.754,4.723,62.321,146.189,88.107,432.67,196.57,82.03,190.56,87.99
7541,573671.551674,64.915,64,128.361,5.046,62.071,146.408,87.186,437.4,196.98,81.66,190.48,87.09
7542,573671.560065,65.059,73,124.541,5.237,61.612,146.11,87.218,432.42,197.23,81.08,190.18,87.09
7543,573671.564016,63.524,60,126.449,5.037,62.462,140.104,86.779,435.0,196.97,82.17,182.56,86.68
7544,573671.567959,62.234,58,125.081,3.61,65.747,141.128,88.012,433.45,195.07,86.58,183.67,87.83
7545,573671.577055,64.404,57,127.848,5.204,61.955,143.408,87.438,436.88,197.19,81.47,187.02,87.36
7546,573671.579551,63.686,61,126.574,5.055,62.679,141.396,86.684,435.24,197.0,82.49,183.82,86.54
7547,573671.585045,65.238,56,124.652,5.02,61.641,147.166,87.722,432.29,197.01,81.17,192.03,87.52
7548,573671.587732,65.173,65,128.594,5.306,61.639,146.804,86.905,437.74,197.32,81.1,190.86,86.81
7549,573671.592396,63.638,53,126.881,5.136,62.39,140.508,86.842,435.56,197.09,82.11,182.81,86.75
7550,573671.600354,65.42,67,125.572,5.542,61.012,146.674,86.421,433.74,197.64,80.28,190.94,86.29
7551,573671.604356,63.94,60,127.3,5.05,62.119,141.401,86.492,436.12,196.99,81.73,184.0,86.37
7552,573671.608126,62.887,63,125.494,3.799,64.7,141.966,88.161,433.67,195.36,85.06,184.92,88.12
7553,573671.612626,64.814,62,127.675,5.239,61.322,144.097,86.676,436.33,197.23,80.7,186.99,86.51
7554,573671.616275,63.763,60,127.68,4.994,62.188,140.671,86.69,436.57,196.92,81.8,183.16,86.58
7555,573671.624959,65.345,63,126.089,5.023,60.939,146.082,87.148,434.46,196.95,80.17,190.32,87.05
7556,573671.637028,65.259,61,127.194,5.186,60.8,145.273,86.373,435.8,197.19,79.98,188.74,86.25
7557,573671.640253,64.541,62,128.823,4.821,61.671,143.464,86.575,438.08,196.68,81.13,186.59,86.47
7558,573671.643789,63.639,55,126.343,3.758,63.778,143.636,88.373,434.72,195.42,83.52,187.67,88.26
7559,573671.652939,65.343,63,129.368,5.03,61.012,146.248,86.763,438.77,196.95,80.26,190.09,86.68
7560,573671.655769,62.535,62,129.739,3.406,65.226,141.424,85.792,439.17,194.83,85.79,184.11,85.72
7561,573671.659508,65.181,64,126.906,5.019,61.12,145.608,86.649,435.45,196.96,80.36,189.99,86.54
7562,573671.664457,65.279,61,130.013,4.888,61.374,146.761,86.969,439.73,196.77,80.8,190.06,86.85
7563,573671.668906,63.169,57,126.545,3.806,64.314,142.49,87.98,435.08,195.34,84.62,185.52,87.9
7564,573671.676775,65.12,62,128.126,5.347,60.963,144.902,86.718,437.14,197.38,80.18,188.76,86.61
7565,573671.680037,64.558,60,127.815,5.035,61.492,143.139,86.56,436.74,196.97,80.89,186.34,86.45
7566,573671.684863,65.383,57,125.861,4.882,61.091,146.659,87.902,433.97,196.76,80.41,190.8,87.73
7567,573671.688261,65.501,66,129.174,5.273,60.833,146.703,86.663,438.48,197.29,80.02,190.93,86.57
7568,573671.69239,63.435,54,129.674,3.725,64.267,143.707,85.174,439.21,195.26,84.56,186.26,84.96
7569,573671.700525,65.559,63,126.216,5.372,60.601,146.465,86.38,434.65,197.42,79.72,190.78,86.27
7570,573671.704389,64.433,53,126.573,5.306,60.962,141.256,86.552,435.07,197.34,80.25,183.2,86.41
7571,573671.708418,64.075,53,123.226,4.061,63.786,145.9,88.534,430.68,195.72,83.85,190.2,88.49
7572,573671.712194,65.306,51,126.909,5.826,60.309,144.358,86.682,435.83,197.97,79.41,187.01,86.62
7573,573671.72068,65.933,56,124.61,5.51,59.982,147.084,87.018,432.51,197.6,78.9,191.88,86.91
7574,573671.727799,65.63,68,128.344,5.489,60.376,146.319,86.907,437.37,197.57,79.42,190.39,86.8
7575,573671.732317,64.148,47,128.624,3.899,63.202,144.942,85.518,437.78,195.48,83.13,188.77,85.41
7576,573671.740675,65.06,56,129.736,4.037,62.271,147.678,85.269,439.17,195.66,81.93,192.12,85.15
7577,573671.743862,64.76,45,123.236,4.671,61.202,143.529,89.027,430.76,196.47,80.55,187.0,88.96
7578,573671.752843,65.482,56,127.207,5.466,59.704,143.874,86.518,435.97,197.54,78.53,187.42,86.41
7579,573671.756081,64.446,60,126.868,5.031,60.736,140.8,86.978,435.51,196.96,79.9,183.36,86.88
7580,573671.759962,66.234,66,125.158,5.276,58.986,146.365,87.325,433.26,197.29,77.61,190.72,87.23
7581,573671.763735,66.034,63,128.838,5.082,59.672,146.907,87.005,438.21,197.04,78.53,190.64,86.86
7582,573671.767702,64.344,52,126.893,4.659,61.049,141.003,87.638,435.55,196.46,80.33,183.57,87.55
7583,573671.771771,65.816,64,127.046,5.291,59.072,144.195,87.017,435.69,197.29,77.67,187.82,86.89
7584,573671.780825,64.964,58,127.133,4.961,60.333,142.571,87.194,435.87,196.87,79.37,185.66,87.1
7585,573671.783788,65.705,58,125.523,4.525,60.236,146.405,88.751,433.69,196.26,79.29,190.5,88.73
7586,573671.788172,66.244,65,128.936,5.006,59.356,147.343,87.277,438.14,196.93,78.09,191.66,87.18
7587,573671.791889,63.68,58,129.423,3.439,63.528,143.278,86.21,438.75,194.84,83.72,185.83,86.11
7588,573671.795975,65.875,64,126.331,4.91,59.609,145.84,87.52,434.74,196.8,78.44,189.76,87.41
7589,573671.804912,64.852,61,127.927,4.985,60.212,141.689,87.395,436.93,196.9,79.22,184.36,87.29
7590,573671.809123,63.228,54,125.889,3.768,63.319,140.569,88.492,434.46,195.32,83.35,182.65,88.36
7591,573671.816685,64.471,56,126.789,5.025,60.985,141.506,87.597,435.54,196.91,80.28,184.32,87.47
7592,573671.820355,65.627,57,125.067,4.82,60.243,145.98,88.64,433.08,196.67,79.29,190.03,88.58
7593,573671.828849,64.9,61,127.25,5.115,60.459,142.525,87.681,436.13,197.08,79.52,185.96,87.63
7594,573671.832341,62.177,60,126.58,3.886,63.903,136.912,88.717,435.17,195.53,83.89,178.45,88.63
7595,573671.835873,65.469,67,125.267,5.389,59.988,144.487,87.661,433.4,197.44,78.93,188.1,87.58
7596,573671.840311,64.608,57,126.073,5.157,60.913,142.054,87.629,434.5,197.12,80.14,185.05,87.54
7597,573671.844627,63.921,58,123.8,4.194,63.017,143.351,89.296,431.5,195.84,82.93,186.76,89.23
7598,573671.848015,65.828,59,126.783,5.411,60.257,147.158,87.807,435.65,197.46,79.28,191.74,87.78
7599,573671.856388,63.295,62,127.598,3.774,64.229,142.921,86.509,436.29,195.33,84.54,185.74,86.46
7600,573671.860362,65.942,60,123.884,5.157,60.433,148.242,88.179,431.4,197.12,79.61,193.1,88.1
7601,573671.863687,64.784,61,126.599,5.35,60.876,142.892,87.838,435.18,197.37,80.08,186.17,87.74
7602,573671.868348,62.135,54,125.841,4.17,63.995,136.921,88.164,434.18,195.82,84.2,178.37,88.08
7603,573671.871769,65.281,69,124.662,5.521,60.402,144.441,87.523,432.63,197.61,79.46,188.46,87.4
7604,573671.880379,64.152,58,125.299,5.257,61.372,140.767,87.79,433.45,197.26,80.83,182.44,87.74
7605,573671.892827,63.708,58,126.083,4.907,62.199,140.422,87.639,434.5,196.79,81.83,182.92,87.55
7606,573671.895672,65.538,67,124.225,5.191,60.484,146.064,87.987,432.01,197.17,79.61,190.1,87.92
7607,573671.904592,65.517,60,127.543,5.043,60.968,147.116,87.682,436.36,196.97,80.22,191.36,87.59
7608,573671.908078,63.786,54,124.159,3.869,63.884,144.622,89.085,431.95,195.42,84.05,188.46,89.02
7609,573671.912414,65.434,64,127.117,5.135,60.638,145.858,88.08,435.81,197.09,79.76,190.05,87.99
7610,573671.916497,63.646,61,127.486,4.909,61.828,139.281,87.23,436.33,196.8,81.33,181.43,87.13
7611,573671.919721,64.21,58,126.569,4.679,61.536,141.437,88.245,435.08,196.48,80.98,184.04,88.16
7612,573671.923921,64.877,66,128.661,4.92,61.449,144.733,87.7,437.86,196.81,80.82,188.5,87.61
7613,573671.932613,63.389,63,127.146,4.516,62.805,140.212,87.684,435.84,196.29,82.6,182.53,87.62
7614,573671.936051,65.134,69,125.68,4.844,61.212,145.572,87.729,433.94,196.71,80.53,189.66,87.64
7615,573671.940044,63.889,61,127.376,4.656,62.131,141.17,87.439,436.2,196.47,81.73,183.9,87.35
7616,573671.943998,63.039,58,125.208,3.567,64.628,142.543,89.147,433.22,195.07,85.0,185.32,89.16
7617,573671.948337,65.482,56,127.519,5.046,61.343,147.821,87.518,436.34,196.98,80.69,192.49,87.42
7618,573671.956787,63.74,61,127.093,4.74,62.624,141.541,87.282,435.84,196.58,82.44,183.74,87.23
7619,573671.960251,64.919,58,125.319,4.676,61.792,145.77,88.091,433.46,196.49,81.3,189.97,88.01
7620,573671.964141,64.799,68,128.997,4.878,62.119,145.89,87.483,438.22,196.76,81.71,189.8,87.39
7621,573671.972996,64.983,73,125.045,5.189,61.605,145.679,87.054,433.08,197.16,81.01,189.84,86.93
7622,573671.979615,63.866,62,126.867,4.938,62.483,141.854,87.149,435.53,196.82,82.24,184.21,87.01
7623,573671.984299,63.624,56,125.777,4.598,62.924,141.638,87.935,434.1,196.38,82.8,184.45,87.85
7624,573671.992703,63.278,61,126.563,4.824,63.181,140.506,86.915,435.16,196.68,83.16,182.84,86.82
7625,573671.995802,65.09,65,124.297,5.16,61.754,146.616,87.419,432.14,197.13,81.25,191.04,87.32
7626,573672.000148,64.828,67,128.274,5.182,62.035,145.847,87.169,437.36,197.15,81.64,189.5,87.1
7627,573672.008149,61.484,52,126.781,3.73,65.574,137.356,88.06,435.4,195.25,86.27,178.91,87.97
7628,573672.011773,65.186,59,125.767,5.584,61.431,146.378,86.874,434.02,197.71,80.8,190.91,86.75
7629,573672.016091,64.099,59,126.413,5.113,62.163,142.309,86.713,434.93,197.07,81.78,185.36,86.61
7630,573672.020335,64.395,63,124.196,4.675,62.693,145.068,88.143,431.91,196.51,82.51,189.2,87.98
7631,573672.023691,65.049,64,127.718,5.375,61.485,145.751,86.886,436.61,197.41,80.88,189.8,86.76
7632,573672.032097,63.585,59,126.938,4.945,62.673,140.877,86.616,435.6,196.85,82.49,183.2,86.51
7633,573672.035751,65.215,71,125.023,5.343,61.08,145.699,86.767,433.08,197.38,80.36,189.84,86.66
7634,573672.04027,65.189,61,128.724,5.033,61.351,146.202,86.749,438.09,196.95,80.76,189.52,86.68
7635,573672.044186,63.566,59,125.423,4.069,63.715,143.127,87.973,433.7,195.69,83.87,186.15,87.87
7636,573672.048044,64.584,61,126.827,5.195,61.06,142.268,86.185,435.49,197.18,80.33,185.18,86.08
7637,573672.060829,65.34,63,125.962,4.611,61.204,146.691,87.745,434.05,196.34,80.69,190.99,87.81
7638,573672.068932,62.894,54,125.253,3.147,65.418,143.574,88.501,433.4,194.47,86.11,186.76,88.42
7639,573672.07249,65.338,72,125.693,4.89,60.929,146.023,86.965,433.9,196.78,80.17,190.11,86.85
7640,573672.075879,65.407,55,129.243,4.774,61.025,146.636,86.682,438.59,196.65,80.27,190.87,86.65
7641,573672.084048,63.862,57,125.737,3.825,63.367,143.842,88.133,433.97,195.41,83.27,187.44,88.08
7642,573672.088265,65.213,59,128.351,5.012,60.78,144.976,86.77,437.44,196.94,79.94,188.81,86.67
7643,573672.092384,63.634,55,130.761,3.609,63.547,143.089,84.68,440.44,195.09,83.62,186.22,84.63
7644,573672.095966,66.184,55,125.95,4.774,60.599,150.07,87.14,434.39,196.64,79.74,195.01,86.99
7645,573672.099578,65.419,62,129.197,4.918,60.764,146.072,86.714,438.44,196.82,79.92,190.14,86.62
7646,573672.108071,63.646,53,127.33,4.709,62.235,140.194,86.895,436.17,196.54,81.89,182.4,86.77
7647,573672.11198,65.633,68,125.881,5.372,60.256,146.046,86.501,434.21,197.42,79.26,190.32,86.39
7648,573672.11572,64.409,59,127.128,5.073,61.33,141.984,86.704,435.88,197.02,80.67,184.96,86.6
7649,573672.120124,63.778,58,124.496,4.325,62.827,142.192,88.658,432.43,195.98,82.8,185.0,88.57
7650,573672.123712,65.098,63,127.147,5.399,60.57,143.847,86.757,435.89,197.45,79.74,186.71,86.68
7651,573672.132198,62.842,60,127.686,3.729,64.639,141.615,86.015,436.65,195.28,84.97,184.22,85.89
7652,573672.14478,61.606,51,126.034,3.694,64.903,136.483,86.653,434.32,195.28,85.24,178.08,86.39
7653,573672.148163,65.596,67,125.735,5.701,59.794,144.723,87.021,433.96,197.84,78.68,188.4,86.9
7654,573672.152464,64.916,59,126.192,5.486,60.646,143.051,86.838,434.77,197.56,79.84,185.7,86.72
7655,573672.160745,65.545,57,124.33,5.185,60.567,146.302,87.992,432.17,197.15,79.7,190.69,87.92
7656,573672.164418,65.921,66,127.901,5.533,59.968,146.984,86.932,436.76,197.61,78.87,191.27,86.8
7657,573672.168232,63.506,56,128.29,3.857,63.798,143.011,85.721,437.54,195.43,83.89,185.72,85.61
7658,573672.172133,66.063,65,125.048,5.43,59.831,147.461,86.964,433.06,197.49,78.73,191.9,86.84
7659,573672.176087,65.941,64,127.9,5.264,59.977,147.117,87.246,436.81,197.27,78.91,191.38,87.15
7660,573672.184965,64.111,62,124.504,4.018,62.909,144.076,88.429,432.25,195.62,82.73,188.13,88.37
7661,573672.18833,65.852,55,127.163,5.373,59.981,146.622,87.068,435.89,197.41,78.9,191.02,86.97
7662,573672.192937,63.992,62,129.51,3.674,63.082,143.857,85.832,438.89,195.18,82.98,187.21,85.73
7663,573672.195629,66.466,52,125.567,4.81,59.647,149.381,87.829,433.8,196.68,78.5,194.11,87.72
7664,573672.20029,65.765,60,129.321,4.943,60.207,146.675,87.214,438.67,196.86,79.21,190.48,87.13
7665,573672.204212,63.797,56,129.925,3.349,63.595,144.028,86.054,439.48,194.75,83.63,187.53,85.95
7666,573672.212108,65.887,68,126.746,4.925,59.658,146.027,86.872,435.31,196.83,78.51,189.87,86.74
7667,573672.216447,65.803,57,128.874,4.778,60.577,147.795,87.363,438.42,196.6,79.8,191.41,87.21
7668,573672.228956,63.569,62,130.481,3.469,63.721,143.152,85.292,440.15,194.96,83.75,186.04,85.12
7669,573672.23725,65.937,50,126.406,4.772,60.363,148.044,87.452,434.89,196.62,79.41,192.86,87.36
7670,573672.240145,64.719,60,127.684,4.976,60.756,142.267,87.513,436.64,196.88,79.97,184.91,87.42
7671,573672.244221,61.57,57,126.561,3.35,65.019,136.569,86.882,435.12,194.75,85.53,177.88,86.77
7672,573672.248218,64.853,69,125.637,5.302,60.81,143.103,87.433,433.85,197.33,80.01,186.27,87.36
7673,573672.252089,64.638,61,126.475,5.141,61.236,142.962,87.349,435.06,197.1,80.58,186.0,87.27
7674,573672.260867,64.471,59,123.892,4.639,62.174,144.264,88.901,431.52,196.43,81.83,188.01,88.82
7675,573672.264024,65.102,60,126.403,5.538,60.679,144.128,87.518,434.92,197.63,79.82,187.79,87.43
7676,573672.267639,63.383,59,127.803,3.992,64.374,143.683,86.267,436.63,195.6,84.71,186.92,86.18
7677,573672.272787,66.05,62,123.763,5.452,60.453,148.919,87.509,431.4,197.52,79.58,193.72,87.42
7678,573672.276001,65.152,64,127.043,5.396,61.086,145.369,87.578,435.72,197.44,80.36,189.34,87.48
7679,573672.280236,63.065,57,123.921,3.989,64.37,142.105,88.756,431.67,195.58,84.7,185.12,88.69
7680,573672.288157,65.116,62,125.529,5.557,60.637,144.102,87.556,433.66,197.65,79.78,187.57,87.42
7681,573672.292077,63.855,58,128.993,4.059,63.373,143.82,85.509,438.22,195.7,83.36,187.2,85.4
7682,573672.296617,64.44,49,124.704,5.04,61.086,141.584,88.496,432.57,196.97,80.42,184.05,88.46
7683,573672.299934,64.669,59,126.958,5.174,61.049,142.692,87.37,435.69,197.14,80.33,185.66,87.29
7684,573672.312915,65.736,70,124.752,5.09,60.137,146.336,87.501,432.67,197.04,79.14,190.51,87.39
7685,573672.31579,65.847,56,127.611,4.688,60.718,148.393,87.548,436.43,196.54,79.88,192.44,87.56
7686,573672.319723,64.062,61,124.252,3.62,63.346,144.824,89.181,432.06,195.09,83.35,188.72,89.12
7687,573672.324132,66.088,59,127.198,4.873,60.451,149.139,87.59,435.86,196.75,79.51,194.45,87.51
7688,573672.328254,63.686,63,127.441,4.386,62.252,140.433,87.547,436.27,196.11,81.89,182.89,87.45
7689,573672.336693,65.638,63,125.22,4.484,60.934,147.717,88.267,433.34,196.23,80.17,192.45,88.19
7690,573672.340202,65.203,61,129.157,4.587,61.324,146.215,87.579,438.43,196.37,80.67,190.18,87.49
7691,573672.344087,63.312,56,127.64,4.332,62.791,139.808,87.649,436.59,195.95,82.81,181.88,87.53
7692,573672.348284,64.982,75,125.993,4.884,61.198,144.71,87.465,434.31,196.77,80.51,188.44,87.39
7693,573672.352011,65.396,61,128.177,4.624,61.542,147.813,87.707,437.18,196.42,80.98,192.21,87.61
7694,573672.356415,63.603,59,124.674,3.545,64.276,144.575,89.391,432.57,195.0,84.57,188.44,89.31
7695,573672.364499,65.244,59,127.501,5.014,61.66,147.245,87.729,436.33,196.93,81.1,191.8,87.63
7696,573672.368171,63.432,59,127.11,4.81,62.959,140.766,87.395,435.86,196.66,82.85,183.13,87.31
7697,573672.372414,65.511,60,124.771,5.099,61.484,148.329,87.79,432.75,197.05,80.9,193.27,87.7
7698,573672.376368,64.977,63,128.511,5.102,62.14,146.911,87.486,437.67,197.05,81.77,190.91,87.37
7699,573672.379843,63.199,53,127.3,5.143,62.822,139.33,87.008,436.06,197.1,82.67,181.46,86.92
7700,573672.388915,64.809,68,125.361,5.531,61.598,144.722,86.868,433.45,197.61,80.98,188.69,86.71
7701,573672.401081,65.069,65,127.966,5.44,61.803,146.618,87.136,436.95,197.51,81.35,190.45,87.05
7702,573672.404525,63.318,60,126.304,5.149,63.015,140.333,86.973,434.78,197.12,82.91,182.77,86.87
7703,573672.412711,65.022,71,124.504,5.486,61.585,145.84,86.956,432.41,197.56,81.03,190.04,86.85
7704,573672.416384,63.872,59,126.636,5.262,62.07,140.948,86.809,435.12,197.27,81.67,183.3,86.69
7705,573672.420171,61.636,54,125.957,3.998,64.992,136.806,86.111,434.36,195.62,85.61,178.34,86.14
7706,573672.423932,64.354,60,125.868,5.448,61.568,142.251,86.348,434.16,197.51,81.02,184.91,86.22
7707,573672.427698,64.07,60,126.84,5.077,62.048,141.896,86.619,435.67,197.02,81.7,184.11,86.47
7708,573672.436757,65.034,55,125.326,4.922,61.398,145.466,87.54,433.47,196.81,80.78,189.57,87.46
7709,573672.440459,65.136,63,128.866,4.99,61.428,146.092,86.735,438.06,196.91,80.81,190.05,86.63
7710,573672.4443,63.491,55,127.065,4.724,62.574,140.196,86.836,435.76,196.56,82.33,182.55,86.74
7711,573672.447891,65.343,72,125.58,5.211,60.782,145.697,86.545,433.78,197.22,79.99,189.83,86.41
7712,573672.452145,65.414,56,128.292,4.778,61.371,147.504,86.711,437.36,196.66,80.73,191.51,86.63
7713,573672.456039,63.932,62,124.816,3.863,63.492,144.483,88.41,432.77,195.42,83.54,188.17,88.36
7714,573672.464548,65.653,57,127.948,5.081,60.767,147.396,86.795,437.12,197.02,79.91,192.19,86.75
7715,573672.468194,63.977,59,127.602,4.684,61.995,141.303,86.603,436.47,196.51,81.55,183.99,86.5
7716,573672.472178,65.366,66,125.633,4.767,60.916,146.145,87.34,433.6,196.61,80.15,189.91,87.14
7717,573672.476296,64.634,66,128.864,4.85,61.31,143.115,86.917,438.09,196.72,80.64,186.31,86.81
7718,573672.488762,65.404,68,126.292,5.158,60.532,145.435,86.516,434.61,197.16,79.66,189.42,86.35
7719,573672.492487,64.122,62,127.427,4.923,61.516,140.947,86.685,436.13,196.84,81.0,182.58,86.66
7720,573672.501541,65.022,59,128.139,5.16,60.808,144.0,86.64,437.3,197.14,80.04,187.36,86.6
7721,573672.504492,62.779,57,128.736,3.468,65.004,142.108,85.8,437.86,194.92,85.51,184.86,85.68
7722,573672.507638,65.085,55,126.097,4.951,60.896,144.552,87.151,434.59,196.87,80.13,187.75,87.02
7723,573672.516234,65.499,62,128.537,5.162,60.881,146.807,86.955,437.65,197.14,80.1,190.96,86.85
7724,573672.519798,63.65,54,124.909,4.058,63.89,143.946,88.13,432.89,195.69,84.04,187.64,88.04
7725,573672.523662,65.14,66,126.379,5.519,60.564,144.06,86.757,434.62,197.6,79.7,187.11,86.59
7726,573672.52906,64.553,59,126.774,5.256,61.289,142.64,86.672,435.45,197.26,80.65,185.54,86.56
7727,573672.531987,65.077,53,124.937,4.965,61.343,145.572,87.894,432.9,196.86,80.76,189.51,87.84
7728,573672.541074,65.406,63,128.062,5.467,60.665,145.766,86.958,437.03,197.54,79.81,189.68,86.85
7729,573672.543909,62.84,55,127.892,3.715,64.704,141.747,85.804,436.83,195.24,85.1,184.59,85.7
7730,573672.547708,65.559,63,125.141,5.383,60.432,146.057,86.799,433.31,197.43,79.57,189.63,86.7
7731,573672.552129,64.883,60,126.95,5.266,60.569,142.694,86.827,435.66,197.27,79.75,185.19,86.74
7732,573672.556027,63.624,58,124.705,4.168,63.347,142.588,88.171,432.7,195.82,83.36,185.7,88.09
7733,573672.564522,65.333,58,126.827,5.502,60.377,144.67,86.704,435.41,197.59,79.47,187.92,86.59
7734,573672.57699,64.699,64,127.64,5.147,60.652,141.919,86.993,436.54,197.11,79.78,184.87,86.89
7735,573672.579849,63.104,52,128.704,3.407,64.282,142.099,86.238,437.94,194.82,84.57,184.77,86.14
7736,573672.584158,65.994,66,125.858,5.297,59.693,146.723,86.966,434.18,197.32,78.52,191.22,86.87
7737,573672.592588,64.902,55,127.337,4.959,60.75,143.221,87.077,436.24,196.86,79.97,185.93,86.97
7738,573672.596306,64.209,60,125.034,4.017,62.526,143.707,88.839,433.07,195.61,82.3,187.07,88.78
7739,573672.600381,65.579,60,127.691,5.168,60.096,145.357,87.209,436.72,197.13,79.03,189.46,87.15
7740,573672.603655,64.393,63,127.477,4.912,61.281,141.788,87.221,436.3,196.8,80.62,184.59,87.12
7741,573672.608207,65.989,68,125.385,5.044,59.96,147.351,87.846,433.51,196.97,78.92,191.66,87.74
7742,573672.616038,64.951,58,128.395,5.055,60.737,143.45,87.36,437.63,196.99,79.84,187.26,87.27
7743,573672.619777,61.945,57,127.741,3.59,64.414,136.956,88.189,436.65,195.06,84.74,178.35,88.1
7744,573672.623694,65.249,71,126.451,5.302,60.359,144.169,87.262,434.96,197.32,79.4,187.8,87.17
7745,573672.628119,64.088,60,128.06,5.127,61.268,140.204,86.959,437.08,197.09,80.59,182.61,86.85
7746,573672.631872,64.603,56,125.996,4.765,61.512,143.421,88.328,434.32,196.59,80.97,186.61,88.24
7747,573672.6404,65.747,62,128.411,5.333,60.502,147.289,87.383,437.48,197.36,79.6,191.61,87.28
7748,573672.644297,62.461,60,128.194,3.722,64.8,140.155,86.818,437.19,195.26,85.25,182.55,86.67
7749,573672.648201,65.461,66,125.111,5.31,60.609,145.935,87.499,433.17,197.32,79.77,189.89,87.39
7750,573672.661094,64.785,62,125.947,5.483,60.883,142.915,86.903,434.18,197.55,80.09,186.07,86.76
7751,573672.669255,64.328,61,126.541,5.12,61.544,142.06,87.384,435.16,197.1,81.01,184.4,87.25
7752,573672.672486,65.12,57,124.319,5.268,61.26,145.605,87.498,432.15,197.28,80.62,189.74,87.4
7753,573672.676324,65.181,71,128.513,5.29,61.008,145.342,87.541,437.62,197.31,80.3,189.09,87.46
7754,573672.679811,63.753,59,126.559,5.007,62.096,140.412,87.438,435.11,196.92,81.7,182.85,87.34
7755,573672.684241,65.505,72,124.89,5.306,60.545,146.029,87.367,432.93,197.33,79.67,190.18,87.26
7756,573672.692188,64.322,63,127.064,4.975,61.503,141.938,87.125,435.82,196.88,80.92,184.76,87.04
7757,573672.696192,62.191,58,125.263,3.562,64.819,138.939,87.923,433.39,195.03,85.26,181.09,87.83
7758,573672.700912,65.261,59,126.701,5.247,60.814,145.319,87.199,435.34,197.24,80.02,189.07,87.11
7759,573672.703914,63.501,60,129.317,3.733,63.662,142.681,85.48,438.66,195.27,83.73,185.72,85.37
7760,573672.708172,65.411,60,125.374,4.78,60.961,146.506,87.659,433.63,196.66,80.15,190.75,87.52
7761,573672.711781,65.443,65,128.32,4.994,60.979,146.727,87.598,437.31,196.92,80.22,190.78,87.53
7762,573672.720229,63.342,52,124.757,3.764,64.188,143.065,88.649,432.76,195.29,84.46,186.33,88.58
7763,573672.724229,65.219,66,125.233,5.254,60.783,145.012,86.972,433.28,197.26,79.97,188.93,86.85
7764,573672.727991,64.515,59,126.583,4.926,61.574,143.104,87.303,435.15,196.82,81.01,186.38,87.21
7765,573672.732235,63.298,61,124.458,3.658,64.098,142.649,88.936,432.36,195.15,84.33,185.85,88.87
7766,573672.744753,62.373,55,127.77,3.04,65.994,142.318,86.305,436.63,194.38,86.8,185.04,86.2
7767,573672.747881,65.008,49,124.812,4.844,61.036,144.47,86.765,432.76,196.72,80.31,188.03,86.65
7768,573672.756376,62.884,55,123.689,3.287,65.689,144.12,89.253,431.4,194.6,86.55,187.77,89.15
7769,573672.759789,65.144,55,125.089,5.301,60.994,145.107,87.186,433.06,197.29,80.28,188.83,87.06
7770,573672.768912,64.377,58,126.517,5.142,61.677,142.623,87.133,435.05,197.11,81.19,185.25,87.07
7771,573672.771912,64.011,59,123.409,4.728,62.358,142.306,89.532,430.98,196.55,82.07,185.4,89.48
7772,573672.776183,65.147,59,127.336,5.34,61.113,145.405,87.107,436.16,197.36,80.42,189.08,87.03
7773,573672.779661,61.622,52,127.191,3.658,65.517,137.849,87.508,435.89,195.18,86.23,179.61,87.33
7774,573672.784035,65.423,67,124.637,5.383,60.948,146.542,87.379,432.57,197.43,80.19,190.95,87.28
7775,573672.787785,65.34,66,128.408,5.212,61.293,146.905,87.277,437.63,197.2,80.68,190.66,87.14
7776,573672.796913,63.617,57,124.868,4.229,63.897,143.792,88.362,432.85,195.96,83.9,187.55,88.29
7777,573672.800051,64.99,60,126.361,5.466,61.073,144.46,86.609,434.69,197.54,80.35,188.02,86.44
7778,573672.80415,63.632,57,129.33,3.824,64.203,144.555,85.595,438.69,195.38,84.45,188.2,85.49
7779,573672.807896,65.509,53,126.049,4.919,61.183,147.591,87.771,434.24,196.81,80.5,192.25,87.62
7780,573672.812126,65.111,62,129.326,5.218,61.38,145.844,87.175,438.84,197.21,80.8,189.51,87.06
7781,573672.820865,63.866,55,127.585,4.958,62.104,140.996,86.956,436.48,196.83,81.76,183.59,86.83
7782,573672.832644,63.403,61,125.791,3.923,63.959,142.859,88.503,434.05,195.5,84.14,186.16,88.41
7783,573672.836237,65.471,60,128.489,5.229,60.928,146.763,86.92,437.64,197.22,80.17,190.77,86.8
7784,573672.844992,63.323,60,130.667,3.739,64.171,142.935,84.816,440.43,195.29,84.38,185.91,84.68
7785,573672.848054,65.797,57,126.493,4.954,60.96,148.693,86.942,435.0,196.87,80.2,193.65,86.84
7786,573672.851836,65.051,68,129.558,4.978,61.368,145.484,86.892,438.96,196.89,80.72,189.25,86.79
7787,573672.856214,63.047,55,126.066,3.693,64.639,142.607,87.849,434.46,195.2,85.04,185.67,87.77
7788,573672.859881,65.191,74,126.374,5.272,60.727,144.73,86.427,434.84,197.29,79.88,188.54,86.32
7789,573672.86395,64.554,61,127.702,4.936,61.412,142.932,86.542,436.66,196.83,80.8,185.91,86.45
7790,573672.872628,63.401,61,125.416,3.846,63.793,142.478,88.303,433.61,195.4,83.93,185.57,88.23
7791,573672.875627,65.441,66,128.502,5.196,60.857,146.421,86.87,437.6,197.18,80.05,190.55,86.76
7792,573672.879701,62.935,60,129.032,3.565,64.736,142.276,85.49,438.36,195.02,85.18,184.95,85.42
7793,573672.884077,65.709,60,125.638,5.095,60.588,147.282,86.785,433.89,197.05,79.71,191.85,86.68
7794,573672.88855,65.379,64,128.698,5.097,60.996,146.411,86.869,437.92,197.05,80.26,190.27,86.74
7795,573672.89658,63.112,59,125.467,3.897,64.253,142.074,87.843,433.79,195.46,84.58,184.73,87.75
7796,573672.900365,64.988,66,126.322,5.401,60.564,143.245,86.616,434.66,197.48,79.65,187.01,86.46
7797,573672.905121,64.42,57,126.769,5.168,61.451,142.323,86.588,435.39,197.15,80.83,185.38,86.48
7798,573672.912801,65.632,68,128.143,5.502,60.435,146.477,86.956,437.19,197.58,79.53,190.39,86.84
7799,573672.920075,63.578,57,128.646,3.833,63.869,143.535,85.495,437.93,195.41,84.01,186.58,85.32
7800,573672.924336,65.753,66,125.212,5.475,60.169,146.517,86.586,433.38,197.55,79.21,190.35,86.48
7801,573672.932476,64.679,59,123.579,4.461,62.431,145.97,88.52,431.18,196.2,82.16,190.26,88.45
7802,573672.935757,66.468,58,126.756,5.648,59.538,149.12,87.178,435.28,197.77,78.34,193.98,87.06
7803,573672.940433,64.637,55,126.407,5.438,60.483,141.198,87.017,434.91,197.5,79.56,183.88,86.92
7804,573672.94885,65.716,66,124.721,5.404,60.108,146.153,87.24,432.59,197.48,79.18,190.03,87.06
7805,573672.952203,65.683,69,128.683,5.307,59.928,145.532,87.105,437.82,197.32,78.84,189.36,87.0
7806,573672.956104,64.284,57,126.849,5.086,60.928,140.419,87.131,435.48,197.03,80.17,182.84,87.04
7807,573672.960228,66.109,69,125.964,5.439,59.313,146.453,86.94,434.31,197.5,78.02,190.85,86.84
7808,573672.963986,65.068,58,127.327,5.076,60.114,142.602,87.075,436.17,197.02,79.1,185.48,86.96
7809,573672.972949,65.0,61,125.397,4.506,61.012,144.367,88.544,433.56,196.2,80.46,187.56,88.48
7810,573672.975723,65.658,61,128.262,5.227,59.668,144.761,87.106,437.31,197.22,78.49,188.47,87.0
7811,573672.980223,63.841,57,130.216,3.801,62.87,142.606,85.477,439.84,195.36,82.68,185.61,85.36
7812,573672.984523,66.251,58,126.151,4.99,59.531,147.818,87.418,434.51,196.91,78.34,192.28,87.33
7813,573672.988553,65.033,62,128.533,5.039,60.369,143.021,87.47,437.72,196.96,79.39,186.23,87.39
7814,573673.001072,65.849,70,126.299,5.388,59.395,145.168,87.09,434.53,197.41,78.06,189.12,86.91
7815,573673.008996,64.903,59,123.517,4.846,60.788,143.317,89.609,431.1,196.7,80.0,186.74,89.56
7816,573673.01179,65.842,59,127.973,5.328,60.036,146.693,87.431,436.92,197.35,78.98,190.95,87.33
7817,573673.016032,63.257,55,128.961,3.58,64.079,142.4,86.05,438.32,195.1,84.18,185.51,85.84
7818,573673.024426,65.739,63,125.299,5.141,60.183,146.469,87.397,433.49,197.1,79.19,190.69,87.32
7819,573673.027678,65.983,58,127.716,5.257,60.068,147.586,87.447,436.56,197.26,79.03,191.98,87.36
7820,573673.031686,64.236,54,123.96,4.359,62.796,144.471,88.949,431.7,196.06,82.64,188.23,88.88
7821,573673.035799,65.218,68,125.498,5.615,59.955,143.032,87.58,433.65,197.73,78.89,186.23,87.46
7822,573673.04015,64.526,52,126.152,5.401,60.804,141.37,87.276,434.71,197.45,80.03,183.76,87.13
7823,573673.0481,65.758,57,123.392,5.334,60.424,147.163,88.238,430.77,197.39,79.64,191.09,88.11
7824,573673.051912,65.778,66,127.175,5.528,60.004,146.254,87.709,435.94,197.61,78.98,190.17,87.66
7825,573673.055771,63.243,56,127.624,4.015,63.815,141.747,86.301,436.49,195.63,83.94,184.63,86.19
7826,573673.059871,65.761,69,124.022,5.594,60.023,146.204,87.515,431.79,197.7,78.98,190.52,87.42
7827,573673.064104,64.695,58,125.513,5.38,60.583,141.738,87.641,433.87,197.41,79.79,184.0,87.55
7828,573673.072532,62.996,58,123.718,3.95,63.939,140.82,88.904,431.42,195.53,84.14,183.46,88.84
7829,573673.075847,64.977,56,125.577,5.569,60.359,142.698,87.714,433.53,197.67,79.46,185.33,87.51
7830,573673.088017,65.549,65,127.53,5.422,60.392,145.906,87.988,436.48,197.47,79.5,189.53,87.92
7831,573673.092072,62.746,51,128.014,3.569,64.418,140.672,87.323,436.97,195.05,84.71,183.55,87.18
7832,573673.099898,65.706,70,125.06,5.549,59.918,145.638,87.516,433.13,197.64,78.83,189.8,87.42
7833,573673.103917,64.637,61,126.654,5.123,61.013,142.437,87.74,435.28,197.08,80.33,184.89,87.67
7834,573673.108259,65.178,59,124.694,4.731,61.079,145.497,88.884,432.59,196.53,80.4,189.69,88.85
7835,573673.111863,65.584,66,128.014,5.258,60.308,145.899,87.903,437.06,197.24,79.34,189.84,87.84
7836,573673.11588,63.92,59,126.963,4.84,61.834,140.652,87.711,435.63,196.71,81.35,183.13,87.62
7837,573673.123883,65.532,70,125.249,5.044,60.358,145.726,88.056,433.37,196.97,79.41,189.89,87.97
7838,573673.12806,65.419,63,128.52,4.902,61.028,146.708,88.049,437.84,196.81,80.36,190.29,87.93
7839,573673.131853,63.887,51,126.315,4.357,62.399,141.769,88.464,434.95,196.06,82.14,184.16,88.37
7840,573673.135908,65.15,65,126.447,5.05,60.418,143.768,87.703,434.79,197.02,79.48,187.64,87.52
7841,573673.139839,64.276,63,126.884,4.781,61.686,142.121,87.796,435.73,196.63,81.21,184.35,87.67
7842,573673.147895,65.048,56,125.025,4.555,61.203,145.076,88.98,432.84,196.3,80.59,188.96,89.06
7843,573673.151796,65.322,64,128.305,4.956,60.852,145.746,87.824,437.33,196.86,80.06,189.65,87.73
7844,573673.155767,62.593,56,128.654,3.305,65.125,141.478,86.88,437.84,194.68,85.66,184.15,86.82
7845,573673.159737,65.082,61,125.39,4.839,61.044,144.886,87.829,433.52,196.72,80.32,188.86,87.71
7846,573673.168567,63.378,60,123.803,3.665,64.497,143.934,89.457,431.5,195.15,84.87,187.53,89.4
7847,573673.176188,65.621,57,126.324,5.25,61.14,148.122,88.092,434.71,197.26,80.48,192.32,87.99
7848,573673.180547,63.664,52,126.387,5.041,62.488,140.854,87.501,434.99,196.97,82.25,183.11,87.4
7849,573673.184108,65.527,56,123.489,4.838,61.558,148.594,88.819,431.1,196.69,81.01,193.62,88.77
7850,573673.188267,65.164,62,127.41,5.219,61.618,146.699,87.801,436.17,197.2,81.07,190.88,87.71
7851,573673.192117,62.384,53,127.478,3.535,65.639,141.603,86.648,436.29,195.0,86.34,184.44,86.55
7852,573673.200586,65.162,67,124.049,5.444,61.224,145.75,87.489,431.82,197.51,80.55,189.97,87.39
7853,573673.20411,64.112,59,125.861,5.205,62.038,142.092,87.463,434.38,197.2,81.59,185.61,87.42
7854,573673.208111,63.146,64,123.581,4.091,64.473,142.73,89.239,431.19,195.7,84.87,185.86,89.17
7855,573673.212498,65.331,62,126.768,5.475,61.468,147.273,87.742,435.35,197.54,80.87,191.74,87.64
7856,573673.215701,63.352,63,128.772,4.141,64.084,142.885,85.423,437.9,195.8,84.29,186.1,85.33
7857,573673.220102,65.185,61,124.802,5.238,61.51,146.559,87.484,432.8,197.23,80.93,190.95,87.39
7858,573673.228187,64.969,66,128.396,5.279,61.711,145.851,87.522,437.51,197.28,81.22,189.5,87.46
7859,573673.232178,63.473,54,126.537,5.052,62.666,140.311,87.274,435.23,196.98,82.5,182.31,87.14
7860,573673.235687,65.222,69,125.977,5.577,61.386,146.469,86.955,434.34,197.68,80.75,190.91,86.86
7861,573673.240261,64.137,56,126.841,5.169,62.084,142.323,87.139,435.58,197.13,81.73,184.84,87.04
7862,573673.244284,63.233,57,124.76,3.933,64.407,143.012,88.736,432.67,195.56,84.6,186.62,88.65
7863,573673.256639,63.598,55,127.073,4.845,62.856,141.356,87.033,435.79,196.65,82.89,183.58,86.95
7864,573673.264749,64.603,64,129.725,4.882,61.751,143.981,87.592,439.29,196.74,81.24,186.99,87.55
7865,573673.268082,63.186,56,128.286,4.715,62.802,139.223,86.688,437.43,196.56,82.64,180.85,86.56
7866,573673.276814,64.649,65,127.005,5.133,61.457,143.537,86.419,435.67,197.1,80.84,186.97,86.3
7867,573673.28022,63.706,57,128.038,4.84,62.433,140.94,86.601,437.04,196.72,82.15,183.07,86.44
7868,573673.284165,64.58,53,126.649,4.544,62.078,144.62,87.72,435.07,196.3,81.68,188.45,87.64
7869,573673.288266,65.017,64,129.761,4.884,61.834,146.403,86.857,439.22,196.77,81.34,190.4,86.75
7870,573673.291655,63.347,54,127.692,4.556,62.987,140.413,86.818,436.58,196.33,82.88,182.8,86.72
7871,573673.295859,65.105,72,126.005,4.975,61.438,145.947,86.772,434.36,196.89,80.82,190.15,86.67
7872,573673.303955,65.021,60,129.491,4.722,61.716,146.149,87.183,438.93,196.54,81.19,189.93,87.1
7873,573673.308142,62.975,57,125.638,3.604,64.925,142.886,88.083,433.84,195.11,85.37,186.08,88.05
7874,573673.312475,65.192,57,127.445,5.166,61.592,146.794,86.521,436.2,197.15,81.07,190.48,86.39
7875,573673.316036,63.394,62,127.936,4.783,62.562,139.694,86.134,436.85,196.66,82.28,181.81,86.05
7876,573673.320017,64.947,59,125.777,4.843,61.725,145.765,87.04,434.02,196.71,81.21,190.04,86.96
7877,573673.328617,65.102,66,129.167,4.945,61.548,146.195,86.656,438.55,196.85,81.0,189.87,86.53
7878,573673.336788,64.999,75,125.424,5.379,61.284,145.003,86.189,433.6,197.43,80.62,188.93,86.08
7879,573673.343961,63.689,59,124.08,3.883,64.094,144.604,88.032,431.84,195.45,84.33,188.45,87.96
7880,573673.352884,65.864,55,127.499,5.384,61.111,149.454,86.696,436.38,197.41,80.42,194.1,86.62
7881,573673.355876,62.952,64,128.624,3.591,64.924,142.774,85.114,437.75,195.08,85.4,185.85,85.0
7882,573673.359971,65.689,63,125.335,5.235,60.737,147.53,86.326,433.34,197.23,79.94,191.97,86.23
7883,573673.36445,64.649,61,127.846,5.283,61.145,142.808,86.334,436.81,197.3,80.42,186.05,86.22
7884,573673.367953,63.22,58,124.928,4.199,63.804,141.606,87.671,432.98,195.87,83.95,184.41,87.59
7885,573673.372047,65.41,70,126.309,5.555,60.21,144.691,86.037,434.7,197.66,79.21,188.37,85.9
7886,573673.3806,64.431,57,127.181,5.294,61.039,141.427,86.191,436.04,197.31,80.36,183.42,86.09
7887,573673.384297,65.264,58,125.596,5.03,60.773,145.241,87.136,433.82,196.96,79.96,189.24,87.04
7888,573673.388076,65.794,64,129.009,5.363,60.187,146.792,86.18,438.31,197.41,79.19,190.77,86.06
7889,573673.392143,62.762,59,129.048,3.515,64.259,140.4,85.657,438.28,194.98,84.53,182.67,85.54
7890,573673.396003,65.703,68,126.023,5.266,59.977,145.766,86.322,434.39,197.28,78.9,189.85,86.21
7891,573673.40492,65.973,56,129.096,5.032,59.9,147.114,86.31,438.53,196.99,78.83,191.25,86.21
7892,573673.408036,63.7,60,126.201,3.829,63.334,142.945,87.627,434.67,195.37,83.36,185.82,87.58
7893,573673.412153,65.613,61,127.722,5.276,59.709,144.608,86.24,436.61,197.29,78.54,188.34,86.13
7894,573673.420717,65.962,56,126.226,4.718,60.002,147.299,87.65,434.44,196.5,79.0,191.97,87.64
7895,573673.427832,66.061,60,129.607,4.994,59.554,146.771,86.638,439.03,196.92,78.34,190.89,86.53
7896,573673.432194,62.388,52,128.728,3.347,63.975,138.031,87.242,437.92,194.75,84.15,179.7,87.14
7897,573673.435684,66.144,68,126.416,5.259,59.312,146.655,86.602,434.84,197.27,78.04,190.88,86.48
7898,573673.443669,64.661,61,124.038,4.433,61.477,143.647,89.214,431.8,196.22,80.79,187.26,89.07
7899,573673.448301,66.251,55,127.825,5.337,59.526,147.806,86.788,436.66,197.38,78.32,192.08,86.71
7900,573673.45676,63.71,59,129.309,3.618,63.428,143.205,85.62,438.63,195.12,83.43,186.37,85.52
7901,573673.459999,66.48,58,125.736,5.16,59.438,148.942,87.042,434.01,197.14,78.19,194.07,86.95
7902,573673.464042,65.015,61,127.529,5.379,60.184,142.488,86.892,436.39,197.42,79.16,185.62,86.79
7903,573673.46872,62.032,56,126.473,3.812,64.098,136.675,87.252,435.0,195.4,84.49,178.26,87.1
7904,573673.471582,65.526,68,125.241,5.715,59.693,144.088,86.877,433.35,197.86,78.55,187.56,86.76
7905,573673.480893,65.227,60,125.921,5.534,60.038,143.28,86.949,434.28,197.63,79.08,185.65,86.88
7906,573673.483695,64.086,59,123.534,4.48,62.448,142.893,88.552,431.11,196.24,82.18,186.0,88.5
7907,573673.488459,66.162,59,126.037,5.901,59.105,146.241,87.187,434.58,198.11,77.72,191.09,87.1
7908,573673.492172,64.61,60,125.488,5.566,60.575,141.275,86.955,433.71,197.67,79.71,184.01,86.85
7909,573673.496066,66.217,68,123.651,5.909,58.99,146.278,87.262,431.33,198.11,77.62,190.59,87.18
7910,573673.509113,64.783,57,121.484,5.03,61.283,143.841,89.486,428.38,197.0,80.55,187.44,89.5
7911,573673.511447,66.293,68,124.403,5.961,58.773,146.179,87.168,432.16,198.2,77.35,190.47,87.02
7912,573673.517159,65.112,50,127.605,4.515,61.395,145.888,86.011,436.42,196.35,80.69,189.79,85.96
7913,573673.519878,66.232,52,123.53,5.358,59.204,146.896,88.423,431.11,197.38,77.91,191.51,88.35
7914,573673.523839,66.366,59,127.174,5.654,58.906,146.936,87.512,435.98,197.78,77.53,191.08,87.42
7915,573673.532191,63.216,58,127.218,3.818,63.227,140.305,87.158,435.84,195.4,83.2,182.8,86.98
7916,573673.53591,66.422,63,124.409,5.512,58.688,146.72,87.65,432.3,197.59,77.22,191.13,87.55
7917,573673.540081,65.183,58,126.453,5.272,59.686,142.203,87.675,435.04,197.28,78.56,184.85,87.55
7918,573673.544303,63.909,59,124.508,3.995,62.588,142.311,89.212,432.51,195.51,82.57,185.14,89.11
7919,573673.548051,65.87,59,126.57,5.417,59.14,144.663,87.775,435.13,197.47,77.8,188.46,87.69
7920,573673.556479,64.403,58,127.47,5.245,60.38,139.755,87.428,436.33,197.24,79.43,181.93,87.33
7921,573673.560416,65.282,58,126.29,5.029,59.578,142.478,88.422,434.72,196.94,78.42,185.33,88.33
7922,573673.563933,65.601,66,128.421,5.215,59.919,145.054,88.084,437.71,197.16,78.85,188.16,88.07
7923,573673.568635,64.098,54,127.026,4.916,61.337,140.415,88.051,435.71,196.8,80.7,182.85,87.97
7924,573673.572332,65.905,73,125.578,5.385,59.545,145.856,87.99,433.74,197.42,78.35,189.86,87.88
7925,573673.580724,64.744,58,126.889,5.161,60.664,142.184,87.989,435.61,197.12,79.83,184.92,87.92
7926,573673.593016,63.997,59,126.582,4.976,61.858,141.091,87.999,435.18,196.87,81.41,183.59,87.92
7927,573673.595685,65.611,66,124.642,5.179,60.313,146.06,88.507,432.58,197.15,79.36,190.35,88.43
7928,573673.600759,64.426,64,126.886,5.243,61.182,141.731,88.075,435.56,197.23,80.48,184.65,87.99
7929,573673.608766,61.736,56,126.55,3.52,65.002,137.269,89.368,435.1,195.01,85.6,178.74,89.18
7930,573673.611699,64.875,66,125.133,5.421,60.851,143.317,87.756,433.21,197.46,80.03,186.69,87.64
7931,573673.616873,64.412,58,125.895,5.119,61.588,142.6,87.863,434.33,197.06,81.01,186.01,87.75
7932,573673.619674,64.039,55,122.799,4.629,62.329,142.382,90.116,430.14,196.4,82.05,185.61,90.09
7933,573673.623761,65.311,60,126.716,5.374,60.9,145.801,88.059,435.29,197.4,80.12,189.87,87.97
7934,573673.632034,62.633,58,126.842,3.783,65.017,141.438,86.993,435.44,195.31,85.57,183.95,86.89
7935,573673.635778,65.483,64,123.559,5.218,60.826,146.581,87.978,431.19,197.2,80.04,191.01,87.89
7936,573673.639759,64.263,63,126.074,5.099,61.625,141.913,87.747,434.5,197.05,81.07,184.92,87.66
7937,573673.643859,62.651,60,124.024,3.72,65.003,141.491,89.002,431.79,195.26,85.44,184.43,88.95
7938,573673.647921,64.8,59,125.656,5.287,61.224,143.792,87.945,433.94,197.29,80.55,187.39,87.86
7939,573673.656385,64.245,56,125.77,4.977,61.872,142.389,87.722,434.12,196.88,81.41,185.3,87.66
7940,573673.660164,64.986,60,123.814,4.593,61.827,146.219,89.044,431.5,196.37,81.36,190.59,88.98
7941,573673.664073,65.154,67,127.699,5.075,61.476,146.31,88.031,436.54,197.01,80.88,190.4,87.94
7942,573673.673459,65.082,72,124.215,5.133,61.358,145.631,87.686,431.91,197.12,80.78,189.53,87.59
7943,573673.67743,64.992,61,127.669,4.809,61.794,146.174,87.615,436.51,196.67,81.3,190.2,87.52
7944,573673.685128,63.701,61,124.136,3.901,63.987,144.425,89.171,431.91,195.46,84.2,188.18,89.11
7945,573673.687928,65.113,54,126.998,5.154,61.643,146.48,87.498,435.48,197.11,81.11,190.24,87.37
7946,573673.692008,63.11,59,129.176,3.637,64.819,143.315,86.113,438.39,195.11,85.34,186.4,86.05
7947,573673.696146,65.522,58,125.175,4.829,61.491,148.405,87.869,433.18,196.68,80.92,193.0,87.76
7948,573673.699932,64.822,65,129.245,4.906,62.122,146.019,87.426,438.68,196.79,81.75,189.68,87.38
7949,573673.708097,63.363,54,127.488,4.871,62.758,139.977,87.52,436.3,196.75,82.56,182.24,87.44
7950,573673.712327,64.958,76,126.177,5.206,61.521,145.342,86.923,434.54,197.2,80.94,189.21,86.83
7951,573673.716075,63.981,63,128.075,4.868,62.447,142.358,87.012,437.18,196.74,82.2,184.88,86.91
7952,573673.720739,63.693,58,125.785,4.234,63.5,143.284,88.679,434.03,195.89,83.57,186.71,88.63
7953,573673.72373,64.904,65,128.821,5.184,61.674,145.409,87.097,438.2,197.16,81.15,189.19,87.04
7954,573673.728183,63.311,58,128.165,4.785,63.108,140.506,86.65,437.31,196.64,83.06,182.59,86.51
7955,573673.736363,65.214,65,125.789,5.04,61.643,147.041,87.22,434.11,196.96,81.08,191.51,87.14
7956,573673.740257,65.162,59,129.265,4.984,61.837,147.211,86.995,438.58,196.9,81.35,191.45,86.89
7957,573673.743531,63.183,55,125.805,3.978,64.777,143.586,88.033,433.87,195.58,85.12,187.72,87.98
7958,573673.748485,65.047,64,126.801,5.523,61.608,146.033,86.503,435.15,197.63,81.06,189.97,86.26
7959,573673.761129,63.811,60,124.661,4.141,63.833,144.64,88.371,432.52,195.8,83.96,188.67,88.28
7960,573673.76413,65.45,62,128.135,5.371,61.314,147.57,86.883,437.12,197.41,80.66,192.03,86.77
7961,573673.768085,62.228,60,128.22,3.774,65.36,140.273,85.981,437.36,195.35,85.88,182.76,85.76
7962,573673.772222,65.372,62,125.138,5.447,60.998,146.377,86.474,433.26,197.52,80.26,190.62,86.36
7963,573673.776109,64.335,65,127.408,5.164,61.406,141.777,86.372,436.23,197.14,80.77,184.69,86.26
7964,573673.784766,62.548,61,125.523,3.753,64.863,140.7,87.283,433.64,195.41,85.01,183.57,87.3
7965,573673.787783,65.075,59,126.008,5.398,60.506,143.572,85.882,434.38,197.45,79.59,187.01,85.76
7966,573673.791893,64.538,57,126.868,5.213,60.935,141.739,86.269,435.5,197.23,80.18,184.16,86.19
7967,573673.795922,65.512,59,125.296,5.091,60.62,146.246,87.012,433.38,197.05,79.75,190.72,86.9
7968,573673.799791,65.532,63,129.046,5.232,60.401,145.829,86.628,438.29,197.23,79.45,189.73,86.52
7969,573673.803842,63.442,54,129.086,3.519,64.041,143.235,85.313,438.3,194.98,84.25,186.26,85.18
7970,573673.812628,65.6,72,126.09,5.365,60.132,145.564,85.976,434.43,197.42,79.12,189.47,85.87
7971,573673.815701,66.096,59,128.494,4.984,60.033,148.155,86.523,437.77,196.93,79.04,192.52,86.45
7972,573673.820391,64.398,61,124.918,3.987,62.515,144.674,88.062,432.91,195.62,82.18,188.49,87.99
7973,573673.824156,66.077,60,127.789,5.383,59.762,147.379,86.5,436.67,197.43,78.62,191.8,86.39
7974,573673.82762,63.788,63,129.617,3.719,63.253,143.204,85.221,439.03,195.25,83.2,186.35,85.11
7975,573673.836665,66.448,58,126.049,5.238,59.29,148.378,86.551,434.36,197.25,78.02,193.02,86.45
7976,573673.849,66.188,69,126.696,5.612,58.942,145.992,86.304,435.26,197.74,77.53,190.24,86.2
7977,573673.852043,65.433,58,127.781,5.236,59.833,143.912,86.514,436.71,197.24,78.71,187.36,86.41
7978,573673.861003,64.414,56,125.422,4.193,62.093,143.781,88.367,433.53,195.87,81.64,187.52,88.29
7979,573673.863702,66.367,66,128.423,5.479,58.928,146.997,86.838,437.49,197.55,77.52,191.26,86.73
7980,573673.86818,63.231,61,128.903,3.862,63.418,140.804,86.031,438.1,195.44,83.41,183.37,85.9
7981,573673.871995,66.201,61,125.937,5.392,59.035,146.298,87.13,434.21,197.45,77.72,189.98,87.05
7982,573673.875893,65.596,62,128.213,5.497,59.171,143.213,86.983,437.34,197.57,77.87,186.12,86.88
7983,573673.880087,63.986,55,125.863,4.311,62.499,142.497,88.151,434.27,196.01,82.24,185.37,88.04
7984,573673.888774,65.887,68,126.891,5.753,58.83,144.003,86.822,435.35,197.92,77.41,187.13,86.69
7985,573673.89192,66.32,52,128.106,5.379,59.36,147.8,86.653,437.37,197.4,78.12,192.31,86.48
7986,573673.896124,65.136,56,123.502,4.754,60.557,144.025,89.484,431.11,196.5,79.87,187.5,89.32
7987,573673.900028,66.866,57,127.779,5.589,58.504,148.909,87.392,436.6,197.71,76.99,193.45,87.33
7988,573673.904125,63.62,59,128.543,3.852,63.235,142.319,86.355,437.65,195.38,83.26,185.18,86.2
7989,573673.912202,66.18,65,126.02,5.525,58.767,145.512,87.305,434.3,197.61,77.35,189.13,87.2
7990,573673.91624,65.686,58,127.109,5.491,59.145,143.645,87.527,435.84,197.56,77.81,187.07,87.43
7991,573673.920808,64.782,56,124.773,4.635,61.304,143.883,88.814,432.84,196.45,80.62,187.48,88.73
7992,573673.928996,64.971,59,126.721,5.286,60.079,142.006,87.472,435.32,197.3,79.03,184.96,87.38
7993,573673.936214,66.342,60,124.783,5.309,58.895,146.77,88.677,432.76,197.32,77.49,191.28,88.6
7994,573673.94038,66.248,67,127.824,5.513,59.105,146.745,88.043,436.9,197.58,77.82,190.34,87.95
7995,573673.94907,66.228,73,124.479,5.679,58.977,146.312,87.713,432.37,197.81,77.59,190.7,87.62
7996,573673.951822,65.207,58,125.967,5.304,59.938,142.937,87.924,434.47,197.3,78.87,186.23,87.84
7997,573673.956393,63.656,53,123.857,3.894,62.753,141.412,89.418,431.59,195.45,82.58,184.24,89.36
7998,573673.964758,66.201,60,126.737,5.525,59.238,146.801,88.123,435.37,197.6,77.97,190.86,88.02
7999,573673.967919,63.573,59,127.22,3.76,63.451,142.568,87.162,435.89,195.31,83.46,185.41,87.14
8000,573673.972001,65.907,58,124.189,5.199,59.455,145.645,88.442,432.01,197.18,78.24,189.76,88.36
8001,573673.975671,65.918,63,127.172,5.202,59.913,146.828,88.202,435.87,197.18,78.84,191.03,88.12
8002,573673.980148,63.365,50,127.49,3.546,63.806,142.326,87.564,436.2,195.0,83.97,184.7,87.54
8003,573673.989074,65.614,63,125.05,5.294,59.538,144.204,88.219,433.14,197.3,78.33,187.91,88.14
8004,573673.992097,64.817,59,125.629,5.087,60.763,142.8,88.197,433.91,197.03,79.95,186.02,88.11
8005,573673.996373,65.34,55,123.815,4.639,60.919,146.009,89.644,431.46,196.38,80.26,190.21,89.66
8006,573673.999715,65.799,64,127.141,5.2,60.106,146.625,88.46,435.82,197.17,79.09,190.82,88.38
8007,573674.003908,62.708,62,126.814,3.618,64.658,141.015,87.63,435.41,195.1,85.07,183.62,87.55
8008,573674.013021,65.534,66,123.836,5.095,60.536,146.167,88.569,431.75,197.03,79.72,189.75,88.5
8009,573674.017327,64.475,60,126.377,5.029,61.325,142.317,88.395,434.91,196.94,80.7,185.26,88.32
8010,573674.024642,65.281,57,125.69,5.315,60.842,145.5,88.279,433.85,197.31,80.06,189.24,88.15
8011,573674.027875,63.712,54,128.369,3.769,64.245,145.062,87.07,437.4,195.3,84.53,188.76,86.99
8012,573674.031926,65.41,50,125.198,4.814,61.392,147.533,89.255,433.29,196.66,80.78,192.27,89.2
8013,573674.040975,65.341,60,127.858,5.202,61.371,147.099,88.396,437.0,197.19,80.83,190.96,88.39
8014,573674.043971,62.116,54,127.235,3.569,65.832,140.76,87.844,435.97,195.03,86.6,183.31,87.76
8015,573674.047749,65.064,64,124.587,5.199,61.491,145.847,88.246,432.47,197.17,80.89,190.26,88.18
8016,573674.051946,63.858,61,126.545,5.011,62.452,141.742,88.23,435.13,196.93,82.18,184.5,88.13
8017,573674.05591,62.437,58,124.766,3.639,65.506,141.566,89.495,432.76,195.13,86.16,184.38,89.52
8018,573674.064472,64.784,57,126.489,5.272,61.958,145.431,88.228,435.02,197.27,81.51,189.42,88.14
8019,573674.068088,63.122,60,127.159,5.027,63.109,139.596,87.524,435.9,196.95,83.02,181.84,87.42
8020,573674.071855,64.985,55,124.201,4.82,62.174,147.033,88.852,431.98,196.68,81.84,191.27,88.78
8021,573674.075971,64.747,64,128.161,5.04,62.518,146.546,87.916,437.19,196.96,82.27,190.47,87.85
8022,573674.079951,62.997,53,126.479,4.793,63.643,140.172,87.931,435.0,196.64,83.73,182.55,87.85
8023,573674.088849,64.856,69,125.034,5.194,61.945,145.79,87.634,433.02,197.16,81.47,189.82,87.5
8024,573674.100643,64.737,63,128.101,5.067,62.457,146.349,87.425,437.14,197.01,82.19,190.21,87.31
8025,573674.10405,62.17,58,128.462,3.282,66.471,142.381,86.089,437.51,194.67,87.44,185.24,85.98
8026,573674.10805,64.434,57,125.252,4.664,62.721,145.338,87.57,433.4,196.48,82.55,189.0,87.48
8027,573674.115875,63.569,62,127.645,4.743,63.122,141.808,87.271,436.58,196.57,83.06,184.46,87.19
8028,573674.119812,62.166,56,125.337,3.45,66.184,141.749,88.313,433.53,194.87,87.09,184.59,88.23
8029,573674.12443,64.122,65,126.139,5.007,62.751,143.773,86.643,434.43,196.94,82.53,187.43,86.54
8030,573674.127809,63.355,58,126.749,4.672,63.386,141.338,86.95,435.37,196.49,83.38,184.07,86.85
8031,573674.132319,64.49,57,125.288,4.521,62.867,145.975,87.696,433.34,196.32,82.72,190.39,87.55
8032,573674.140402,64.608,67,128.812,4.908,62.647,146.094,86.855,437.98,196.8,82.41,190.08,86.75
8033,573674.143823,63.026,58,126.99,4.633,63.636,140.295,86.732,435.7,196.44,83.74,182.55,86.62
8034,573674.148223,64.665,72,125.273,4.965,62.3,145.594,86.546,433.41,196.88,81.96,189.69,86.44
8035,573674.152364,63.438,64,127.544,4.667,63.036,140.967,86.353,436.42,196.49,82.91,183.64,86.25
8036,573674.155996,62.285,57,125.65,3.478,65.927,141.757,87.715,433.93,194.91,86.74,184.6,87.63
8037,573674.16429,64.285,62,127.713,5.021,62.564,144.192,86.584,436.6,196.95,82.29,187.83,86.47
8038,573674.168114,63.633,58,127.401,4.748,63.052,141.97,86.156,436.22,196.6,82.94,184.89,86.04
8039,573674.17231,64.785,58,125.824,4.656,62.337,146.326,87.07,433.95,196.5,82.04,190.66,86.89
8040,573674.175981,64.645,68,129.532,4.958,62.446,145.824,86.445,438.92,196.87,82.14,189.7,86.33
8041,573674.18499,64.714,73,125.762,5.16,62.0,145.153,86.011,434.0,197.15,81.55,189.04,85.92
8042,573674.19213,64.936,62,128.863,4.848,62.142,146.688,86.292,438.22,196.75,81.81,190.6,86.2
8043,573674.196511,62.876,61,125.765,3.588,65.191,142.991,87.581,434.05,195.06,85.77,186.23,87.5
8044,573674.200131,65.306,59,128.418,5.19,61.909,148.186,86.204,437.57,197.18,81.47,192.51,86.07
8045,573674.204778,62.43,58,129.651,3.169,65.902,142.389,84.809,439.09,194.53,86.68,185.32,84.69
8046,573674.20759,64.793,53,127.039,4.744,61.809,145.131,86.227,435.72,196.59,81.3,189.02,86.11
8047,573674.217002,64.16,59,128.856,4.961,61.809,141.809,85.985,438.19,196.86,81.35,184.22,85.88
8048,573674.220043,61.186,52,128.054,3.374,65.689,136.295,85.992,437.02,194.82,86.44,177.52,85.79
8049,573674.22424,65.436,66,127.13,5.341,60.881,146.45,85.683,435.78,197.39,80.04,191.14,85.57
8050,573674.228274,64.549,57,128.392,4.932,61.441,142.971,85.719,437.55,196.85,80.81,186.02,85.58
8051,573674.231834,63.818,58,125.925,4.078,63.396,143.681,87.418,434.27,195.71,83.41,187.12,87.33
8052,573674.235903,65.46,63,129.298,5.307,60.883,146.588,86.113,438.63,197.33,80.08,190.74,86.0
8053,573674.244814,64.007,53,128.604,5.029,61.487,140.298,85.546,437.91,196.9,81.06,182.34,85.41
8054,573674.248292,65.724,66,126.197,5.344,60.316,146.705,86.118,434.56,197.38,79.36,190.95,85.99
8055,573674.251484,64.736,64,128.751,5.168,60.857,142.593,86.007,437.98,197.15,80.04,185.71,85.89
8056,573674.256314,63.683,57,125.56,4.428,62.933,141.953,87.634,433.8,196.17,82.81,184.82,87.55
8057,573674.259716,65.321,67,127.499,5.538,60.026,143.763,85.788,436.25,197.64,78.96,187.11,85.65
8058,573674.272791,65.875,61,125.707,5.203,60.118,147.083,86.925,433.89,197.21,79.1,191.79,86.81
8059,573674.275737,65.875,60,129.21,5.363,59.838,146.402,85.953,438.56,197.41,78.71,190.58,85.86
8060,573674.280275,63.548,53,129.266,3.67,63.689,142.978,85.182,438.64,195.18,83.78,186.01,85.07
8061,573674.284125,66.281,63,125.697,5.682,58.982,146.629,86.162,433.92,197.85,77.62,191.03,86.02
8062,573674.292667,65.348,58,127.985,5.303,59.731,143.205,86.299,436.98,197.33,78.57,186.49,86.19
8063,573674.29584,63.822,59,125.799,3.993,62.753,142.244,87.761,434.11,195.59,82.57,185.23,87.68
8064,573674.299623,65.813,58,128.223,5.514,59.135,144.33,86.626,437.26,197.6,77.78,188.0,86.52
8065,573674.30419,64.934,55,127.428,5.248,59.931,141.458,86.422,436.4,197.26,78.85,183.8,86.27
8066,573674.307882,66.471,60,124.946,5.066,59.265,148.453,87.826,432.86,196.98,78.04,193.19,87.74
8067,573674.311953,66.569,61,128.975,5.318,58.61,147.39,86.882,438.23,197.35,77.11,191.8,86.8
8068,573674.320149,64.845,48,127.175,5.182,60.013,141.184,86.924,435.9,197.16,78.96,183.81,86.83
8069,573674.323807,66.543,71,125.907,5.515,58.4,146.712,87.015,434.17,197.6,76.84,190.98,86.9
8070,573674.328396,66.659,59,128.174,5.33,58.776,148.344,87.16,437.35,197.36,77.4,192.68,87.12
8071,573674.331728,64.685,57,124.806,4.212,61.598,144.054,88.591,432.8,195.87,81.05,187.64,88.52
8072,573674.335988,66.307,58,127.765,5.509,58.848,146.45,87.325,436.65,197.59,77.42,190.65,87.22
8073,573674.343938,64.973,55,126.785,5.175,59.929,141.661,87.128,435.45,197.11,78.93,184.25,87.01
8074,573674.356321,63.317,55,124.392,3.873,63.08,140.471,88.118,432.29,195.44,83.0,182.99,88.04
8075,573674.359948,65.835,66,125.912,5.658,58.971,144.057,87.565,434.13,197.77,77.6,187.35,87.42
8076,573674.368617,65.41,60,126.325,5.331,59.662,143.376,87.463,434.83,197.37,78.54,186.13,87.36
8077,573674.372073,65.32,53,125.533,5.276,59.495,142.486,88.377,433.79,197.27,78.29,185.55,88.3
8078,573674.376249,66.414,63,127.446,5.561,58.798,146.951,87.806,436.29,197.64,77.35,191.47,87.68
8079,573674.379773,63.586,54,127.433,3.882,63.3,142.292,86.991,436.17,195.45,83.29,185.13,86.89
8080,573674.383826,66.166,64,124.489,5.449,59.018,146.054,87.874,432.36,197.51,77.68,190.08,87.79
8081,573674.387928,66.296,59,127.187,5.335,59.37,147.684,87.901,435.89,197.36,78.12,192.11,87.81
8082,573674.396883,64.976,58,123.512,4.504,61.555,145.519,89.46,431.1,196.25,81.0,189.65,89.4
8083,573674.400094,65.863,61,124.994,5.574,59.05,144.407,87.752,432.86,197.65,77.68,187.65,87.6
8084,573674.403757,64.407,61,128.249,4.135,62.573,144.851,86.878,437.25,195.78,82.33,188.5,86.79
8085,573674.407852,65.97,56,124.663,5.025,59.845,146.959,88.961,432.55,196.92,78.76,191.67,88.93
8086,573674.411859,65.843,63,127.615,5.419,59.739,145.978,88.282,436.43,197.46,78.6,189.98,88.2
8087,573674.421229,64.081,56,128.261,3.877,63.153,144.484,87.011,437.31,195.44,83.07,188.19,86.92
8088,573674.423678,66.128,65,124.665,5.296,59.531,147.098,88.148,432.66,197.3,78.35,191.47,88.06
8089,573674.428277,66.019,58,126.639,5.199,60.06,147.774,88.335,435.27,197.16,79.05,191.94,88.28
8090,573674.436906,65.565,53,125.925,5.445,60.014,145.082,88.077,434.35,197.49,78.96,188.9,88.02
8091,573674.443864,62.646,60,128.486,2.668,66.18,144.028,86.501,437.66,193.88,87.02,187.27,86.37
8092,573674.448007,66.512,42,118.777,5.256,59.56,149.44,91.426,424.9,197.24,78.4,194.76,91.41
8093,573674.456478,63.189,48,122.842,3.21,65.377,144.947,90.368,430.24,194.54,86.05,188.85,90.33
8094,573674.460067,65.435,68,124.051,5.367,60.565,145.684,88.256,431.72,197.42,79.74,189.71,88.1
8095,573674.463687,64.35,61,125.668,4.953,61.734,142.614,88.354,433.97,196.85,81.22,185.8,88.27
8096,573674.472882,64.644,56,123.634,4.545,62.17,145.176,89.774,431.26,196.29,81.83,189.22,89.73
8097,573674.476274,65.226,60,126.525,5.238,61.004,145.578,88.405,435.12,197.22,80.24,189.85,88.33
8098,573674.4802,63.424,58,125.485,4.877,62.825,140.427,88.259,433.67,196.76,82.66,182.8,88.2
8099,573674.483993,65.186,68,123.3,5.062,61.315,146.102,88.656,430.89,196.99,80.71,190.21,88.57
8100,573674.48772,64.073,62,126.155,5.018,62.183,142.221,88.413,434.5,196.94,81.83,185.02,88.34
8101,573674.49678,62.637,60,123.654,3.725,65.219,141.895,89.614,431.41,195.22,85.86,184.64,89.57
8102,573674.499683,64.557,60,124.431,5.182,61.641,143.482,88.007,432.2,197.17,81.06,187.34,87.86
8103,573674.504361,64.081,54,125.482,4.947,62.463,142.903,87.991,433.78,196.84,82.21,185.88,87.89
8104,573674.507946,63.118,54,123.147,3.764,64.602,142.877,89.806,430.65,195.28,85.01,186.2,89.75
8105,573674.511759,64.807,62,126.534,5.116,62.149,146.001,88.282,435.04,197.06,81.77,190.09,88.19
8106,573674.520221,62.489,57,127.386,3.427,66.091,143.078,86.903,436.19,194.85,86.96,186.23,86.82
8107,573674.52537,64.832,65,124.199,5.0,62.0,145.788,87.801,431.98,196.92,81.56,190.12,87.71
8108,573674.533048,63.321,58,122.892,3.823,65.082,144.95,89.579,430.29,195.36,85.64,188.94,89.52
8109,573674.535778,65.417,54,125.812,5.283,62.02,149.082,88.05,434.3,197.26,81.7,193.05,88.01
8110,573674.54015,63.492,56,126.005,4.914,63.126,141.438,87.568,434.39,196.81,83.04,184.23,87.48
8111,573674.547872,64.606,64,123.874,4.831,62.669,146.134,88.33,431.54,196.73,82.52,190.37,88.16
8112,573674.552034,64.5,68,128.016,5.166,62.599,145.408,87.926,437.04,197.12,82.36,189.16,87.86
8113,573674.556047,62.398,52,128.354,3.433,66.267,143.025,86.377,437.47,194.86,87.17,186.14,86.26
8114,573674.560055,64.751,63,125.113,5.261,62.172,145.755,87.272,433.16,197.26,81.81,189.73,87.15
8115,573674.563796,65.103,56,127.49,4.912,62.398,148.216,87.311,436.35,196.81,82.09,193.01,87.25
8116,573674.572493,63.209,62,124.117,3.744,65.104,144.441,89.101,431.88,195.3,85.54,188.36,89.03
8117,573674.576253,65.239,59,127.505,5.191,62.208,148.528,87.583,436.3,197.17,81.84,193.29,87.48
8118,573674.580234,63.168,61,127.208,4.761,63.458,140.588,86.895,435.98,196.6,83.5,182.96,86.8
8119,573674.584209,64.809,60,125.55,4.96,61.983,145.623,87.474,433.66,196.88,81.55,189.74,87.37
8120,573674.587711,64.71,66,128.845,4.978,62.452,146.192,87.226,438.25,196.9,82.22,189.58,87.07
8121,573674.597055,62.586,56,125.479,3.587,65.642,142.572,88.068,433.71,195.06,86.37,185.65,87.99
8122,573674.608746,63.403,65,124.333,3.823,64.726,144.572,88.663,432.17,195.36,85.16,188.38,88.59
8123,573674.612137,65.498,55,127.819,5.209,61.819,149.06,87.137,436.73,197.19,81.33,193.9,87.03
8124,573674.615741,62.32,59,128.167,3.615,65.512,141.029,85.679,437.16,195.11,86.17,183.6,85.58
8125,573674.62477,64.851,64,125.386,5.115,61.748,145.301,86.629,433.67,197.07,81.26,188.95,86.53
8126,573674.628134,65.096,63,128.797,4.957,61.587,146.255,86.777,438.17,196.88,81.07,189.89,86.65
8127,573674.631616,63.04,62,125.501,3.852,64.776,142.877,87.58,433.68,195.45,85.12,186.21,87.51
8128,573674.636222,64.797,62,127.836,5.473,61.719,144.939,86.539,436.76,197.55,81.17,188.84,86.43
8129,573674.640075,64.308,57,127.049,5.16,61.728,142.385,86.29,435.81,197.14,81.23,185.18,86.17
8130,573674.647998,65.323,57,125.596,5.019,61.328,146.895,87.303,433.81,196.94,80.68,191.45,87.22
8131,573674.651808,65.282,64,129.158,5.307,61.201,146.359,86.525,438.43,197.33,80.51,190.4,86.41
8132,573674.655731,62.702,53,128.459,3.744,64.779,141.249,85.519,437.56,195.28,85.2,183.9,85.41
8133,573674.659861,65.594,65,125.849,5.345,60.495,146.405,86.063,434.03,197.41,79.63,190.42,85.92
8134,573674.663884,64.444,60,127.675,4.906,61.318,142.141,86.091,436.64,196.8,80.7,184.78,85.97
8135,573674.6678,63.531,63,125.511,3.905,63.589,142.669,87.613,433.74,195.48,83.67,185.81,87.52
8136,573674.67678,65.398,58,127.12,5.4,60.328,144.909,85.91,435.73,197.46,79.4,188.08,85.82
8137,573674.679976,63.952,61,130.473,3.887,62.991,143.449,84.405,440.14,195.48,82.84,186.66,84.28
8138,573674.684254,66.389,55,125.592,4.882,60.214,150.337,86.971,433.81,196.77,79.22,195.8,86.88
