frame,t,theta_deg,area_px,cx,cy,d1,d2,ang_deg,rcx,rcy,rd1,rd2,rang
0,606348.480357,56.072,65,-128.985,30.077,72.812,130.453,117.084,147.24,214.31,98.8,176.51,117.64
1,606348.484103,55.874,63,-129.474,30.028,72.701,129.587,117.633,146.68,214.25,98.7,175.5,118.12
2,606348.486828,55.084,68,-128.648,29.8,74.122,129.5,116.893,147.73,213.94,100.57,175.34,117.47
3,606348.492004,55.689,66,-129.188,29.934,73.183,129.831,117.328,147.07,214.04,99.54,175.81,117.85
4,606348.494001,55.794,66,-128.842,29.982,73.314,130.413,117.029,147.44,214.18,99.48,176.47,117.59
5,606348.497532,55.443,66,-129.196,29.953,73.324,129.269,117.444,147.09,214.22,99.45,174.95,117.97
6,606348.507193,54.529,66,-128.556,29.618,74.779,128.863,117.191,147.84,213.69,101.45,174.52,117.78
7,606348.510674,55.457,64,-129.254,29.708,73.778,130.116,117.473,146.89,213.79,100.14,176.19,118.09
8,606348.51411,55.561,66,-129.014,29.933,73.573,130.097,117.06,147.23,214.13,99.81,176.15,117.63
9,606348.518354,55.43,67,-129.041,30.03,73.517,129.566,117.17,147.24,214.31,99.71,175.3,117.7
10,606348.522472,54.621,64,-128.608,29.687,74.694,129.008,117.183,147.77,213.79,101.34,174.71,117.77
11,606348.53193,55.682,64,-129.242,30.168,72.992,129.467,117.295,146.91,214.47,99.01,175.1,117.89
12,606348.533866,56.009,65,-128.991,30.21,72.879,130.36,117.029,147.24,214.49,98.88,176.39,117.58
13,606348.537707,55.973,65,-129.069,30.157,72.815,130.125,117.106,147.16,214.44,98.77,176.18,117.67
14,606348.541802,56.125,63,-129.576,30.145,72.297,129.709,117.707,146.48,214.45,98.02,175.59,118.24
15,606348.546353,56.101,66,-129.154,30.164,72.49,129.973,117.169,147.02,214.41,98.37,176.02,117.78
16,606348.550445,56.232,65,-129.456,30.19,72.156,129.815,117.562,146.7,214.48,97.94,175.8,118.06
17,606348.558163,56.211,64,-129.391,30.24,72.117,129.675,117.497,146.82,214.57,97.9,175.51,117.97
18,606348.56186,56.106,67,-129.162,30.26,72.312,129.671,117.203,147.06,214.56,98.18,175.54,117.74
19,606348.573526,56.013,66,-129.04,30.166,72.518,129.728,117.058,147.3,214.44,98.49,175.72,117.51
20,606348.581976,56.081,65,-128.636,30.193,72.73,130.335,116.75,147.81,214.51,98.72,176.24,117.29
21,606348.586028,55.904,65,-128.647,30.111,73.012,130.243,116.818,147.73,214.37,99.05,176.35,117.38
22,606348.589511,55.804,63,-129.148,30.075,72.817,129.561,117.379,147.03,214.32,98.76,175.42,117.96
23,606348.59397,55.761,65,-128.681,30.073,73.257,130.2,116.839,147.73,214.32,99.42,176.35,117.36
24,606348.598349,54.667,66,-128.307,29.738,74.584,128.966,116.947,148.22,213.84,101.28,174.66,117.49
25,606348.60626,55.551,64,-128.585,30.138,73.428,129.806,116.739,147.84,214.43,99.63,175.64,117.29
26,606348.609639,55.622,65,-128.728,30.029,73.46,130.098,116.905,147.65,214.28,99.68,176.04,117.46
27,606348.613833,54.618,65,-128.344,29.692,74.721,129.047,117.031,148.06,213.77,101.4,175.04,117.46
28,606348.619127,55.749,62,-129.386,29.975,73.015,129.731,117.71,146.85,214.25,99.03,175.65,118.16
29,606348.621927,54.676,67,-128.437,29.718,74.586,128.997,117.115,147.9,213.82,101.12,174.98,117.62
30,606348.626894,54.597,63,-128.4,29.745,74.6,128.77,117.223,148.0,213.86,101.18,174.53,117.78
31,606348.633975,55.605,64,-128.743,30.258,73.158,129.507,116.952,147.62,214.58,99.26,175.27,117.53
32,606348.6381,55.89,66,-129.103,30.153,72.926,130.045,117.22,147.2,214.42,99.08,175.9,117.7
33,606348.642246,55.948,65,-129.225,30.201,72.728,129.885,117.332,147.01,214.48,98.75,175.86,117.84
34,606348.646378,55.972,66,-129.002,30.219,72.849,130.182,117.09,147.34,214.41,99.21,176.07,117.58
35,606348.662672,56.172,63,-129.527,30.242,72.196,129.684,117.665,146.68,214.55,98.03,175.75,118.09
36,606348.66584,56.126,66,-129.328,30.262,72.327,129.763,117.435,146.85,214.59,98.1,175.79,117.96
37,606348.670576,56.018,70,-128.875,30.267,72.673,130.022,116.932,147.48,214.54,98.77,175.98,117.44
38,606348.674863,56.148,65,-128.916,30.222,72.575,130.285,116.98,147.33,214.51,98.48,176.28,117.55
39,606348.682041,56.058,66,-129.236,30.169,72.428,129.717,117.296,147.0,214.46,98.33,175.53,117.82
40,606348.685969,56.074,64,-128.872,30.161,72.692,130.245,116.922,147.44,214.41,98.72,176.21,117.48
41,606348.691337,56.006,63,-129.213,30.125,72.558,129.775,117.32,147.09,214.42,98.49,175.74,117.79
42,606348.694783,55.901,63,-129.304,30.098,72.674,129.632,117.455,146.95,214.37,98.69,175.44,117.92
43,606348.698473,55.586,70,-128.745,30.049,73.353,129.79,116.939,147.72,214.23,99.79,175.49,117.45
44,606348.706071,55.805,65,-128.718,30.048,73.339,130.494,116.918,147.72,214.26,99.65,176.68,117.39
45,606348.710369,55.505,67,-128.982,29.944,73.497,129.777,117.091,147.27,214.14,99.7,175.72,117.67
46,606348.714722,55.578,64,-128.777,30.079,73.503,130.03,117.013,147.59,214.37,99.7,175.92,117.55
47,606348.71726,55.264,66,-128.855,30.04,73.625,129.213,117.27,147.46,214.29,99.89,174.88,117.85
48,606348.723537,55.594,67,-129.112,30.01,73.296,129.716,117.344,147.21,214.19,99.64,175.61,117.81
49,606348.726233,55.734,65,-129.269,30.017,73.044,129.732,117.56,146.94,214.24,99.14,175.7,118.07
50,606348.735615,55.685,65,-129.112,29.993,73.192,129.83,117.3,147.22,214.23,99.34,175.84,117.79
51,606348.747731,56.109,65,-128.843,30.226,72.713,130.4,117.005,147.49,214.55,98.67,176.44,117.55
52,606348.749858,56.131,65,-128.781,30.244,72.606,130.282,116.899,147.64,214.47,98.78,176.38,117.39
53,606348.758933,56.133,63,-129.357,30.151,72.251,129.651,117.498,146.75,214.43,97.99,175.54,118.08
54,606348.762761,56.116,62,-129.385,30.126,72.272,129.632,117.505,146.71,214.4,98.01,175.52,118.09
55,606348.765805,56.006,67,-128.842,30.15,72.759,130.133,116.921,147.44,214.41,98.73,176.1,117.49
56,606348.770625,56.014,65,-129.244,30.13,72.52,129.734,117.395,146.91,214.4,98.35,175.66,117.97
57,606348.774083,55.795,67,-129.014,30.077,72.983,129.829,117.065,147.23,214.33,99.0,175.79,117.64
58,606348.778353,55.803,68,-129.131,30.114,72.958,129.811,117.248,147.17,214.35,99.12,175.81,117.75
59,606348.786819,55.61,68,-128.736,30.149,73.399,129.95,116.86,147.71,214.39,99.79,175.77,117.4
60,606348.789845,55.654,66,-129.101,30.132,73.22,129.779,117.218,147.11,214.34,99.46,175.7,117.85
61,606348.794251,55.609,70,-128.839,30.237,73.272,129.721,116.971,147.53,214.59,99.4,175.46,117.5
62,606348.799271,55.486,68,-128.836,30.26,73.307,129.38,117.045,147.52,214.63,99.43,175.06,117.55
63,606348.802813,54.932,65,-128.695,29.917,74.128,129.02,117.301,147.67,214.17,100.45,174.86,117.7
64,606348.810586,55.738,64,-128.976,30.212,73.091,129.831,117.118,147.36,214.53,99.17,175.94,117.62
65,606348.813778,55.796,67,-129.116,30.143,73.039,129.932,117.183,147.13,214.35,99.24,175.95,117.76
66,606348.817954,55.906,67,-128.944,30.261,72.868,129.992,116.97,147.36,214.59,98.87,175.9,117.53
67,606348.834935,56.042,65,-129.409,30.141,72.503,129.798,117.422,146.75,214.42,98.35,175.85,117.94
68,606348.837816,55.968,65,-129.056,30.154,72.76,130.007,116.948,147.18,214.44,98.74,175.8,117.51
69,606348.842396,56.04,63,-129.382,30.168,72.44,129.677,117.43,146.81,214.44,98.35,175.61,117.92
70,606348.847137,55.691,68,-129.034,30.098,72.974,129.466,117.087,147.26,214.37,99.02,175.08,117.73
71,606348.849833,55.489,65,-128.799,29.835,73.646,129.987,116.994,147.5,213.98,99.94,175.92,117.59
72,606348.854765,55.924,63,-128.95,30.07,72.938,130.178,117.121,147.31,214.28,99.06,176.09,117.68
73,606348.862283,55.91,64,-128.71,30.099,73.072,130.372,116.986,147.64,214.36,99.13,176.52,117.55
74,606348.865731,55.829,66,-128.712,30.066,73.118,130.181,116.998,147.61,214.3,99.21,176.17,117.57
75,606348.869457,55.581,59,-128.986,30.101,72.839,128.864,117.818,147.34,214.39,98.81,174.57,118.34
76,606348.874468,55.336,65,-128.686,29.628,73.969,130.051,117.211,147.7,213.74,100.34,176.06,117.75
77,606348.877501,55.77,65,-128.926,29.979,72.978,129.736,117.3,147.4,214.18,99.1,175.56,117.86
78,606348.88745,55.126,65,-128.377,29.756,74.025,129.464,117.009,148.06,213.88,100.43,175.4,117.55
79,606348.890122,56.067,63,-129.233,30.023,72.491,129.86,117.616,147.01,214.24,98.43,175.88,118.09
80,606348.894456,54.858,66,-128.245,29.728,74.252,128.998,116.983,148.14,213.82,100.66,175.05,117.49
81,606348.89835,56.147,62,-128.964,30.1,72.566,130.264,117.185,147.33,214.38,98.45,176.24,117.76
82,606348.902456,55.831,69,-128.775,30.17,72.894,129.788,116.827,147.58,214.46,98.9,175.67,117.41
83,606348.910143,55.933,64,-129.237,30.163,72.652,129.697,117.327,146.91,214.45,98.53,175.6,117.91
84,606348.922571,55.805,66,-129.222,30.257,72.857,129.636,117.241,147.03,214.61,98.86,175.25,117.82
85,606348.925982,55.614,66,-128.8,30.395,73.135,129.496,116.832,147.57,214.83,99.15,175.22,117.31
86,606348.931403,55.775,64,-129.103,30.255,73.093,129.955,117.187,147.16,214.57,99.17,176.04,117.71
87,606348.938661,55.847,66,-129.004,30.287,73.086,130.185,117.102,147.23,214.52,99.35,176.08,117.68
88,606348.941795,55.006,65,-128.62,30.071,74.008,129.048,117.094,147.76,214.31,100.42,174.76,117.67
89,606348.946127,55.908,64,-128.813,30.314,72.959,130.164,116.903,147.58,214.65,99.04,176.31,117.4
90,606348.950449,55.665,67,-128.883,30.208,73.087,129.58,117.108,147.42,214.44,99.31,175.38,117.67
91,606348.954193,55.986,65,-129.016,30.18,72.838,130.208,117.069,147.21,214.41,98.95,176.11,117.62
92,606348.961603,55.655,67,-128.871,30.098,73.164,129.683,116.907,147.46,214.24,99.58,175.46,117.52
93,606348.966489,55.996,64,-129.037,30.148,72.781,130.141,117.064,147.25,214.43,98.75,176.27,117.58
94,606348.969612,55.965,63,-129.402,30.134,72.547,129.617,117.466,146.69,214.41,98.39,175.49,118.05
95,606348.973859,55.895,65,-129.338,30.089,72.697,129.651,117.38,146.81,214.38,98.57,175.51,117.92
96,606348.977664,54.747,66,-128.517,29.694,74.441,128.972,117.011,147.85,213.86,100.8,174.76,117.59
97,606348.986982,55.764,65,-129.359,29.85,73.146,130.014,117.579,146.87,213.99,99.43,175.87,118.04
98,606348.989932,55.686,68,-128.931,29.997,73.348,130.111,117.039,147.34,214.22,99.5,176.17,117.61
99,606348.993508,55.516,67,-128.953,30.039,73.422,129.68,117.13,147.33,214.3,99.6,175.37,117.67
100,606349.006762,55.683,66,-129.382,30.002,73.139,129.733,117.594,146.72,214.23,99.19,175.66,118.18
101,606349.014289,55.609,66,-128.825,30.153,73.284,129.744,117.044,147.54,214.43,99.51,175.55,117.57
102,606349.018711,55.7,67,-128.893,30.085,73.146,129.801,117.183,147.48,214.35,99.31,175.72,117.71
103,606349.021346,56.053,64,-128.993,30.044,72.82,130.402,117.247,147.26,214.28,98.78,176.55,117.81
104,606349.026881,56.112,67,-128.889,30.066,72.702,130.389,117.111,147.4,214.25,98.77,176.42,117.65
105,606349.029395,55.949,66,-128.656,30.196,72.641,129.731,116.811,147.68,214.48,98.57,175.54,117.37
106,606349.03802,56.167,63,-128.991,30.017,72.434,130.095,117.125,147.26,214.25,98.26,176.14,117.69
107,606349.041986,56.199,66,-128.765,30.08,72.51,130.339,116.872,147.65,214.33,98.53,176.04,117.4
108,606349.045426,56.212,63,-129.356,30.008,72.079,129.609,117.6,146.81,214.25,97.76,175.62,118.12
109,606349.050711,55.845,65,-128.594,30.172,72.661,129.419,116.694,147.85,214.46,98.63,175.24,117.19
110,606349.053472,56.032,63,-129.255,30.027,72.424,129.623,117.47,146.91,214.29,98.2,175.48,118.01
111,606349.058529,55.997,64,-128.788,30.018,72.886,130.331,116.912,147.59,214.25,98.91,176.54,117.42
112,606349.065847,55.795,66,-128.954,30.024,72.98,129.822,117.167,147.39,214.25,99.08,175.86,117.66
113,606349.069534,55.75,65,-128.764,30.053,73.25,130.153,116.963,147.64,214.32,99.39,176.22,117.49
114,606349.074483,55.678,67,-128.526,30.171,73.379,130.141,116.8,147.99,214.47,99.63,176.07,117.33
115,606349.078017,55.656,65,-128.786,30.137,73.413,130.126,116.972,147.57,214.42,99.61,176.08,117.53
116,606349.081959,54.388,62,-128.322,29.747,75.028,128.851,117.051,148.13,213.92,101.7,174.58,117.53
117,606349.094932,55.748,61,-129.409,30.211,72.93,129.575,117.599,146.78,214.5,99.01,175.48,118.08
118,606349.099036,55.541,67,-128.803,30.216,73.523,129.942,116.815,147.57,214.46,99.96,175.76,117.41
119,606349.102587,55.881,66,-129.32,30.314,72.809,129.804,117.266,146.81,214.65,98.74,175.75,117.85
120,606349.105318,55.863,64,-129.255,30.312,72.808,129.744,117.164,146.98,214.63,98.88,175.67,117.66
121,606349.114042,55.122,67,-128.733,30.018,73.929,129.285,116.933,147.59,214.23,100.29,175.15,117.51
122,606349.117917,55.86,66,-128.865,30.458,72.821,129.757,116.681,147.51,214.86,98.87,175.6,117.18
123,606349.121296,55.936,69,-128.932,30.351,72.841,130.045,116.772,147.4,214.66,98.98,176.01,117.29
124,606349.126247,56.025,67,-128.991,30.338,72.723,130.135,116.845,147.23,214.57,98.88,176.1,117.45
125,606349.129851,56.097,66,-128.896,30.351,72.707,130.349,116.855,147.41,214.67,98.77,176.16,117.36
126,606349.134374,55.953,68,-128.86,30.346,72.803,130.035,116.804,147.41,214.68,98.77,175.98,117.39
127,606349.14268,55.374,66,-128.637,30.05,73.633,129.585,116.868,147.74,214.28,99.91,175.46,117.44
128,606349.145461,55.844,69,-128.998,30.208,72.814,129.69,117.137,147.32,214.5,98.89,175.48,117.68
129,606349.15007,56.018,64,-128.772,30.206,72.88,130.394,116.993,147.56,214.5,98.87,176.55,117.56
130,606349.154007,55.933,65,-128.641,30.252,72.934,130.2,116.903,147.7,214.55,98.96,176.18,117.48
131,606349.158169,54.822,65,-128.263,29.766,74.347,129.05,117.076,148.2,213.89,100.85,174.88,117.62
132,606349.16613,55.75,63,-128.373,30.321,72.956,129.63,116.647,148.1,214.63,99.07,175.38,117.16
133,606349.170003,55.157,67,-128.51,29.747,73.985,129.497,116.919,147.92,213.87,100.41,175.34,117.5
134,606349.178666,56.021,63,-129.26,29.957,72.547,129.806,117.6,146.98,214.15,98.5,175.81,118.08
135,606349.183282,55.763,69,-128.702,30.028,73.02,129.786,116.904,147.62,214.26,99.09,175.49,117.5
136,606349.190443,55.944,62,-129.214,30.0,72.585,129.613,117.489,147.05,214.21,98.56,175.54,117.96
137,606349.193685,55.82,67,-128.746,30.039,73.005,129.95,116.871,147.59,214.28,99.04,175.95,117.44
138,606349.198301,55.813,66,-129.028,30.05,72.794,129.55,117.213,147.23,214.31,98.75,175.32,117.79
139,606349.202346,55.992,65,-128.822,30.06,72.934,130.402,116.982,147.46,214.29,98.96,176.44,117.54
140,606349.206014,55.944,65,-128.786,30.045,73.05,130.446,116.929,147.54,214.28,99.1,176.62,117.49
141,606349.214979,55.926,65,-128.815,30.064,73.053,130.392,116.965,147.55,214.3,99.17,176.57,117.48
142,606349.217831,55.685,69,-128.784,30.081,73.247,129.931,116.931,147.57,214.24,99.63,175.5,117.53
143,606349.221805,55.206,69,-128.746,29.941,73.781,129.297,117.094,147.59,214.13,100.1,175.08,117.67
144,606349.225556,55.827,66,-129.199,30.132,72.88,129.751,117.372,147.04,214.39,98.95,175.68,117.87
145,606349.2304,55.237,68,-128.823,29.854,73.879,129.572,117.16,147.46,214.01,100.21,175.54,117.72
146,606349.233373,54.936,64,-128.62,29.854,74.144,129.061,117.227,147.72,214.01,100.59,174.86,117.76
147,606349.242437,55.111,62,-128.849,29.579,74.358,130.001,117.248,147.47,213.64,100.9,176.02,117.82
148,606349.245764,56.009,64,-128.935,30.271,72.767,130.157,117.037,147.39,214.57,98.84,176.15,117.53
149,606349.249298,56.121,65,-128.937,30.24,72.708,130.431,117.02,147.3,214.53,98.66,176.48,117.59
150,606349.266338,56.073,66,-128.894,30.253,72.689,130.235,116.844,147.36,214.55,98.63,176.22,117.42
151,606349.269834,55.951,66,-129.268,30.235,72.611,129.685,117.183,146.88,214.54,98.48,175.59,117.76
152,606349.273697,55.916,67,-129.031,30.239,72.828,129.954,116.886,147.22,214.49,98.93,175.95,117.47
153,606349.278561,55.15,66,-128.688,29.97,73.946,129.406,116.8,147.64,214.17,100.32,175.3,117.34
154,606349.281423,55.843,64,-129.396,30.133,72.852,129.754,117.349,146.7,214.4,98.8,175.68,117.93
155,606349.287129,55.62,69,-128.897,30.188,73.288,129.786,116.762,147.42,214.49,99.44,175.63,117.32
156,606349.293818,55.756,64,-129.229,30.126,73.167,130.025,117.227,147.0,214.4,99.26,176.16,117.74
157,606349.298537,55.615,64,-129.409,30.071,73.161,129.546,117.49,146.73,214.33,99.22,175.51,118.04
158,606349.302186,55.557,69,-128.902,30.13,73.415,129.803,116.956,147.43,214.44,99.59,175.61,117.48
159,606349.306391,55.63,65,-128.993,30.091,73.381,129.986,117.086,147.25,214.37,99.57,175.64,117.61
160,606349.309934,55.827,64,-128.975,30.072,73.205,130.327,117.171,147.28,214.32,99.3,176.46,117.74
161,606349.317538,55.761,65,-129.112,30.044,73.086,129.899,117.307,147.15,214.25,99.27,175.82,117.81
162,606349.321956,55.823,67,-129.191,30.095,72.835,129.657,117.391,147.17,214.38,98.98,175.31,117.81
163,606349.325475,55.933,65,-129.087,30.054,72.794,129.952,117.332,147.22,214.25,98.94,175.98,117.85
164,606349.329614,55.037,64,-128.495,29.717,73.956,129.059,117.187,147.93,213.82,100.36,174.78,117.76
165,606349.333661,56.051,65,-129.171,29.775,72.71,130.198,117.477,147.01,213.92,98.63,176.3,118.05
166,606349.342437,56.332,63,-128.829,30.063,72.354,130.513,117.053,147.45,214.29,98.17,176.59,117.6
167,606349.353997,56.306,62,-128.697,30.092,72.379,130.47,116.89,147.6,214.3,98.24,176.59,117.48
168,606349.358431,55.544,62,-128.519,29.743,73.501,129.913,116.903,147.88,213.84,99.78,175.8,117.48
169,606349.36213,56.055,67,-129.039,30.02,72.567,129.956,117.305,147.29,214.22,98.61,175.95,117.77
170,606349.370287,55.958,66,-129.025,30.071,72.73,129.923,117.273,147.32,214.29,98.83,175.91,117.73
171,606349.374031,55.741,65,-128.708,30.024,73.283,130.181,116.954,147.7,214.17,99.74,175.93,117.51
172,606349.377228,55.759,65,-129.123,30.111,72.964,129.675,117.41,147.07,214.37,98.96,175.58,117.99
173,606349.382348,55.092,69,-128.632,29.821,74.155,129.584,116.999,147.75,213.97,100.63,175.46,117.58
174,606349.38569,54.501,63,-128.299,29.75,74.831,128.864,117.051,148.16,213.87,101.53,174.6,117.58
175,606349.393691,55.586,63,-129.019,30.312,73.066,129.281,117.201,147.24,214.64,99.16,174.91,117.85
176,606349.398162,55.632,64,-128.644,30.425,73.216,129.7,116.649,147.83,214.8,99.43,175.64,117.1
177,606349.40167,55.769,66,-128.857,30.306,73.129,130.0,116.893,147.44,214.64,99.21,176.02,117.46
178,606349.406931,55.693,68,-128.837,30.361,73.122,129.733,116.789,147.52,214.76,99.19,175.52,117.31
179,606349.40986,55.112,64,-128.566,30.084,73.998,129.374,116.776,147.78,214.38,100.22,175.24,117.29
180,606349.418837,55.906,68,-129.087,30.333,72.765,129.812,117.042,147.2,214.68,98.8,175.65,117.56
181,606349.422682,55.949,67,-128.79,30.427,72.784,129.986,116.686,147.53,214.8,98.77,175.81,117.26
182,606349.42531,56.021,66,-128.685,30.381,72.862,130.369,116.719,147.8,214.69,99.09,176.46,117.17
183,606349.438793,54.83,65,-128.28,29.916,74.291,128.978,116.939,148.22,214.1,100.81,174.67,117.51
184,606349.445486,55.859,65,-128.584,30.365,72.897,129.888,116.743,147.92,214.73,99.0,175.82,117.22
185,606349.45112,55.942,66,-128.689,30.321,72.84,130.063,116.897,147.73,214.69,98.85,175.9,117.45
186,606349.453527,55.959,68,-128.74,30.296,72.798,130.044,116.993,147.59,214.59,98.86,175.91,117.53
187,606349.45873,56.051,65,-128.667,30.284,72.803,130.366,116.964,147.73,214.63,98.78,176.41,117.51
188,606349.461496,55.607,67,-128.459,30.211,73.281,129.731,116.86,148.05,214.46,99.61,175.57,117.41
189,606349.469945,56.055,64,-128.936,30.214,72.682,130.161,117.242,147.38,214.57,98.58,176.08,117.76
190,606349.474269,55.932,65,-129.048,30.198,72.664,129.717,117.238,147.17,214.49,98.55,175.64,117.81
191,606349.477197,55.911,69,-128.782,30.216,72.82,129.924,116.909,147.54,214.52,98.78,175.93,117.47
192,606349.482663,55.645,66,-128.544,30.102,73.237,129.779,116.865,147.91,214.3,99.57,175.55,117.45
193,606349.486254,55.817,64,-129.23,30.144,72.608,129.234,117.556,147.05,214.41,98.58,174.91,118.1
194,606349.490615,55.915,65,-129.224,30.075,72.692,129.709,117.385,147.0,214.32,98.67,175.66,117.89
195,606349.498268,55.915,66,-128.928,30.111,72.863,130.014,116.997,147.32,214.34,98.87,176.08,117.61
196,606349.50174,55.241,65,-128.587,29.792,73.958,129.723,116.93,147.77,213.89,100.42,175.46,117.51
197,606349.507804,55.745,64,-129.116,29.884,73.153,129.963,117.345,147.1,214.04,99.32,175.9,117.95
198,606349.509454,55.824,67,-128.81,30.013,73.157,130.234,117.015,147.57,214.23,99.36,176.18,117.56
199,606349.526252,55.697,68,-128.792,30.035,73.258,129.989,117.055,147.69,214.24,99.65,175.81,117.52
200,606349.529775,55.842,63,-128.886,30.016,73.153,130.286,117.181,147.48,214.26,99.29,176.36,117.69
201,606349.53538,55.778,65,-128.718,30.18,73.082,129.947,116.934,147.65,214.52,99.11,175.74,117.41
202,606349.537522,55.878,64,-129.368,30.034,72.73,129.655,117.628,146.78,214.28,98.64,175.66,118.17
203,606349.546934,55.969,62,-129.486,30.07,72.544,129.625,117.758,146.73,214.32,98.49,175.68,118.19
204,606349.549798,55.956,66,-129.311,30.1,72.609,129.697,117.511,146.89,214.37,98.56,175.5,118.04
205,606349.553639,56.048,67,-129.312,30.122,72.518,129.844,117.413,146.93,214.36,98.54,175.79,117.88
206,606349.55784,56.087,67,-129.322,30.166,72.454,129.862,117.361,146.94,214.43,98.43,175.9,117.81
207,606349.562605,56.148,65,-128.993,30.216,72.611,130.349,116.952,147.24,214.48,98.54,176.52,117.55
208,606349.565837,56.119,66,-128.991,30.229,72.63,130.284,116.908,147.26,214.54,98.57,176.19,117.47
209,606349.574353,56.022,65,-129.374,30.194,72.531,129.782,117.272,146.79,214.5,98.38,175.81,117.8
210,606349.577699,55.956,66,-129.362,30.162,72.649,129.77,117.325,146.77,214.48,98.5,175.67,117.86
211,606349.581748,56.011,66,-129.078,30.175,72.903,130.409,117.018,147.12,214.44,98.91,176.46,117.58
212,606349.586003,55.667,67,-129.171,30.195,73.122,129.648,117.142,147.1,214.47,99.3,175.6,117.63
213,606349.589374,55.701,67,-129.105,30.192,73.161,129.831,117.109,147.19,214.46,99.36,175.83,117.61
214,606349.598382,55.505,69,-128.879,30.216,73.388,129.586,116.95,147.45,214.57,99.55,175.2,117.43
215,606349.610839,55.702,66,-129.205,30.107,73.083,129.694,117.428,146.96,214.37,99.12,175.61,118.01
216,606349.614525,55.794,65,-128.803,30.154,73.149,130.12,117.047,147.59,214.45,99.28,176.14,117.55
217,606349.622326,55.839,65,-129.175,30.112,72.836,129.712,117.463,147.0,214.38,98.78,175.64,118.04
218,606349.626402,55.924,65,-128.766,30.109,72.976,130.244,117.006,147.66,214.26,99.37,176.15,117.49
219,606349.629714,56.075,63,-128.743,30.141,72.733,130.321,117.018,147.64,214.42,98.7,176.52,117.53
220,606349.633998,55.854,66,-128.536,30.056,73.015,130.081,116.762,147.86,214.21,99.28,175.93,117.37
221,606349.638564,56.123,65,-129.03,30.089,72.4,129.886,117.233,147.25,214.35,98.21,175.97,117.75
222,606349.641762,55.414,67,-128.482,29.885,73.492,129.468,116.787,147.98,214.06,99.76,175.22,117.35
223,606349.649992,55.947,63,-128.586,30.292,72.543,129.55,116.759,147.93,214.68,98.41,175.47,117.18
224,606349.65322,56.021,66,-129.052,30.114,72.517,129.753,117.187,147.17,214.38,98.36,175.69,117.76
225,606349.658179,56.03,64,-129.166,30.127,72.521,129.791,117.315,147.01,214.4,98.36,175.74,117.89
226,606349.66195,55.932,66,-128.684,30.231,72.895,130.13,116.858,147.74,214.53,98.99,176.07,117.39
227,606349.665782,55.623,67,-128.678,30.233,73.145,129.546,116.979,147.74,214.57,99.22,175.46,117.46
228,606349.674127,55.715,66,-128.616,30.315,73.139,129.836,116.826,147.85,214.67,99.23,175.76,117.4
229,606349.678284,55.816,65,-129.194,30.169,72.873,129.7,117.44,147.01,214.44,98.91,175.56,117.98
230,606349.68143,55.18,68,-128.623,29.989,73.869,129.37,116.985,147.76,214.2,100.23,175.18,117.56
231,606349.698253,55.516,65,-128.728,30.15,73.339,129.533,117.038,147.64,214.28,99.88,175.17,117.65
232,606349.701558,55.898,66,-128.987,30.2,72.853,129.941,117.122,147.3,214.47,98.92,175.91,117.66
233,606349.706953,55.723,67,-128.728,30.275,72.925,129.485,116.933,147.64,214.61,98.95,175.25,117.5
234,606349.710188,55.918,66,-128.706,30.336,72.773,129.862,116.815,147.64,214.69,98.75,175.62,117.38
235,606349.713762,55.903,66,-128.719,30.279,72.84,129.934,116.818,147.62,214.6,98.86,175.73,117.39
236,606349.721925,55.981,64,-129.097,30.254,72.548,129.674,117.228,147.14,214.59,98.42,175.48,117.78
237,606349.725895,55.9,69,-128.795,30.238,72.826,129.899,116.819,147.53,214.55,98.79,175.89,117.38
238,606349.729999,56.015,64,-128.761,30.255,72.793,130.226,116.877,147.54,214.55,98.77,176.2,117.44
239,606349.733384,55.968,66,-128.724,30.265,72.861,130.19,116.853,147.62,214.59,98.84,176.28,117.42
240,606349.738003,55.849,66,-128.604,30.28,73.031,130.094,116.766,147.9,214.6,99.25,175.9,117.21
241,606349.741952,55.851,65,-128.844,30.169,73.06,130.15,117.011,147.53,214.41,99.3,176.14,117.56
242,606349.750632,55.81,65,-129.133,30.153,72.913,129.753,117.338,147.24,214.35,99.29,175.46,117.87
243,606349.753705,55.153,66,-128.743,29.864,73.952,129.427,117.191,147.57,214.01,100.32,175.35,117.78
244,606349.757529,55.822,65,-129.195,30.193,72.822,129.63,117.396,147.0,214.52,98.74,175.47,117.93
245,606349.762651,55.886,68,-128.955,30.149,72.99,130.142,117.057,147.34,214.34,99.23,176.16,117.65
246,606349.766036,55.943,67,-129.254,30.156,72.72,129.854,117.378,147.04,214.42,98.8,175.9,117.83
247,606349.774682,55.829,67,-128.977,30.098,73.034,130.03,117.068,147.41,214.29,99.4,175.8,117.52
248,606349.786702,55.984,64,-129.394,30.108,72.584,129.748,117.469,146.73,214.4,98.41,175.65,118.01
249,606349.789863,55.924,63,-129.398,30.132,72.593,129.562,117.446,146.73,214.43,98.47,175.3,118.01
250,606349.793405,55.881,65,-129.368,30.067,72.723,129.649,117.443,146.74,214.31,98.63,175.54,118.02
251,606349.802586,54.91,65,-128.575,29.713,74.331,129.302,116.995,147.77,213.8,100.86,175.08,117.58
252,606349.806164,55.91,65,-129.209,30.037,72.839,129.956,117.381,147.14,214.29,99.01,175.73,117.8
253,606349.809506,55.781,66,-129.245,29.992,72.957,129.734,117.441,146.91,214.21,98.95,175.66,118.02
254,606349.814556,54.737,65,-128.477,29.669,74.501,129.046,117.152,147.89,213.75,101.05,174.93,117.69
255,606349.81811,54.787,66,-128.552,29.623,74.477,129.163,117.173,147.8,213.68,101.0,175.23,117.7
256,606349.826615,55.741,64,-129.183,30.018,72.947,129.583,117.488,147.05,214.3,98.94,175.29,118.02
257,606349.830189,55.841,65,-128.902,30.008,73.12,130.226,117.146,147.38,214.23,99.19,176.32,117.71
258,606349.83342,55.849,66,-129.223,30.011,72.837,129.745,117.483,147.03,214.23,98.87,175.78,117.97
259,606349.838429,55.921,66,-128.886,30.061,73.0,130.278,117.072,147.4,214.28,99.15,176.15,117.66
260,606349.841532,55.928,66,-129.253,30.069,72.701,129.768,117.436,146.9,214.32,98.6,175.71,118.01
261,606349.850359,55.922,68,-128.923,30.107,72.912,130.124,117.029,147.39,214.38,98.98,175.88,117.58
262,606349.854041,56.018,63,-128.977,30.152,72.745,130.149,117.014,147.32,214.45,98.7,176.09,117.56
263,606349.85726,56.062,65,-128.858,30.207,72.778,130.357,116.905,147.53,214.48,98.88,176.49,117.38
264,606349.870689,55.944,66,-129.272,30.164,72.667,129.761,117.316,146.87,214.45,98.56,175.7,117.9
265,606349.878109,54.929,65,-128.56,29.866,74.17,129.084,117.045,147.81,214.03,100.63,174.89,117.58
266,606349.883042,56.002,67,-129.296,30.143,72.75,130.107,117.36,146.87,214.44,98.68,176.09,117.91
267,606349.885454,55.268,68,-128.68,30.041,73.691,129.341,116.968,147.75,214.27,100.08,175.07,117.49
268,606349.890366,55.839,67,-129.093,30.152,72.947,129.91,117.198,147.15,214.38,99.11,175.86,117.77
269,606349.893448,55.766,66,-129.05,30.136,73.025,129.804,117.155,147.22,214.34,99.25,175.71,117.73
270,606349.902854,55.891,65,-129.055,30.207,72.84,129.891,117.17,147.21,214.49,98.87,175.86,117.7
271,606349.905669,55.834,67,-128.867,30.207,72.972,129.938,116.943,147.44,214.45,99.12,175.94,117.53
272,606349.910256,54.572,61,-128.191,29.741,74.705,128.875,117.047,148.3,213.85,101.33,174.66,117.6
273,606349.913927,55.718,65,-128.528,30.292,73.062,129.711,116.724,147.95,214.58,99.28,175.47,117.31
274,606349.917739,55.796,68,-128.685,30.196,73.011,129.88,116.859,147.73,214.39,99.33,175.76,117.39
275,606349.925897,55.329,66,-128.572,29.976,73.696,129.55,116.831,147.83,214.18,100.0,175.41,117.41
276,606349.930122,55.934,65,-128.879,30.205,72.822,130.006,117.013,147.51,214.55,98.79,175.98,117.48
277,606349.933656,56.046,65,-128.707,30.298,72.77,130.288,116.839,147.58,214.59,98.76,176.17,117.41
278,606349.938872,56.044,66,-128.69,30.311,72.774,130.291,116.801,147.75,214.65,98.87,176.15,117.33
279,606349.942699,55.911,67,-128.646,30.302,72.92,130.102,116.797,147.84,214.69,98.96,175.99,117.23
280,606349.945852,54.987,65,-128.462,29.912,74.085,129.121,117.006,147.94,214.09,100.51,174.94,117.55
281,606349.962242,55.859,64,-128.716,30.367,72.814,129.737,116.805,147.67,214.76,98.76,175.57,117.32
282,606349.965344,55.935,62,-129.284,30.206,72.599,129.611,117.519,146.93,214.54,98.51,175.25,118.08
283,606349.970486,55.898,66,-129.166,30.171,72.733,129.725,117.309,147.18,214.45,98.78,175.83,117.72
284,606349.979403,55.761,63,-128.675,30.117,73.224,130.144,116.822,147.76,214.3,99.61,176.13,117.37
285,606349.982035,55.906,67,-128.79,30.19,72.934,130.111,116.93,147.56,214.49,98.97,176.07,117.48
286,606349.98612,55.958,67,-128.681,30.216,72.915,130.251,116.884,147.8,214.46,99.17,176.31,117.33
287,606349.990748,54.968,64,-128.394,29.825,74.103,129.09,117.073,148.06,214.02,100.45,174.84,117.6
288,606349.993753,56.028,66,-129.067,30.092,72.688,130.08,117.288,147.25,214.37,98.67,176.12,117.78
289,606349.997662,55.778,64,-128.819,30.016,73.119,130.012,116.996,147.61,214.16,99.49,176.02,117.48
290,606350.005809,55.748,66,-128.665,30.075,73.155,129.976,116.944,147.81,214.21,99.62,175.89,117.45
291,606350.009259,55.931,66,-128.806,30.147,72.887,130.111,117.012,147.56,214.47,98.83,176.23,117.53
292,606350.015352,55.861,65,-128.72,30.176,72.987,130.056,116.898,147.66,214.48,99.04,175.99,117.46
293,606350.018748,55.788,67,-128.835,30.186,72.969,129.779,117.033,147.56,214.52,99.0,175.66,117.52
294,606350.022748,56.013,65,-128.788,30.181,72.929,130.464,117.005,147.5,214.47,98.91,176.59,117.6
295,606350.030258,55.806,67,-129.024,30.123,73.021,129.93,117.144,147.25,214.37,99.15,175.89,117.69
296,606350.03434,55.885,65,-129.246,30.163,72.777,129.759,117.367,146.91,214.45,98.7,175.69,117.95
297,606350.042704,55.853,68,-128.975,30.171,72.983,130.022,116.963,147.29,214.46,99.01,176.05,117.53
298,606350.047854,55.947,65,-129.051,30.252,72.813,130.033,117.016,147.26,214.59,98.8,176.01,117.52
299,606350.054638,56.008,65,-128.95,30.244,72.863,130.328,116.964,147.32,214.55,98.84,176.46,117.53
300,606350.057793,55.986,62,-129.515,30.201,72.501,129.606,117.579,146.63,214.49,98.43,175.52,118.06
301,606350.06164,56.085,62,-129.038,30.208,72.774,130.429,117.032,147.17,214.49,98.74,176.47,117.59
302,606350.067174,56.035,66,-128.969,30.193,72.835,130.367,117.02,147.38,214.42,99.07,176.26,117.5
303,606350.069319,56.009,64,-129.127,30.172,72.756,130.138,117.13,147.12,214.46,98.7,176.27,117.65
304,606350.074383,55.965,63,-129.473,30.136,72.562,129.643,117.59,146.59,214.41,98.4,175.53,118.18
305,606350.082169,56.041,66,-128.973,30.173,72.851,130.416,117.052,147.26,214.44,98.84,176.47,117.61
306,606350.085705,55.875,66,-129.273,30.097,72.792,129.754,117.389,146.93,214.41,98.72,175.55,117.91
307,606350.090641,55.907,66,-128.861,30.119,73.032,130.288,117.027,147.52,214.35,99.27,176.19,117.49
308,606350.093629,55.841,66,-128.901,30.069,73.088,130.169,117.06,147.42,214.33,99.17,176.13,117.61
309,606350.098406,55.781,68,-128.784,30.169,73.052,129.901,116.973,147.61,214.5,99.11,175.67,117.51
310,606350.106209,55.866,63,-129.128,30.074,72.86,129.843,117.469,147.14,214.32,98.89,175.86,117.97
311,606350.110325,55.819,65,-129.2,30.046,72.859,129.684,117.476,147.01,214.31,98.84,175.49,118.04
312,606350.114229,54.88,66,-128.509,29.678,74.359,129.255,117.055,147.91,213.8,100.84,175.27,117.59
313,606350.122492,56.044,63,-129.238,30.017,72.677,130.114,117.535,146.99,214.24,98.64,176.21,118.04
314,606350.131508,55.895,65,-129.183,30.09,72.702,129.66,117.422,146.99,214.35,98.6,175.56,118.0
315,606350.134496,55.889,66,-128.745,30.172,72.918,130.026,116.91,147.67,214.47,98.97,176.03,117.42
316,606350.137282,55.906,66,-128.766,30.175,72.851,129.961,116.932,147.65,214.44,98.94,175.89,117.51
317,606350.143107,55.902,67,-128.901,30.165,72.781,129.826,117.084,147.38,214.41,98.83,175.65,117.63
318,606350.145996,56.152,64,-128.784,30.238,72.658,130.447,116.941,147.62,214.57,98.57,176.8,117.46
319,606350.149897,55.96,66,-129.016,30.221,72.657,129.796,117.11,147.32,214.51,98.66,175.81,117.58
320,606350.158749,55.879,67,-129.043,30.235,72.696,129.595,117.163,147.25,214.59,98.61,175.28,117.73
321,606350.161647,55.966,66,-129.065,30.197,72.71,129.913,117.195,147.26,214.54,98.6,176.04,117.66
322,606350.165483,55.902,65,-129.159,30.214,72.713,129.703,117.307,147.02,214.51,98.62,175.62,117.89
323,606350.17044,55.75,68,-128.779,30.174,73.124,129.929,116.863,147.64,214.37,99.49,175.87,117.38
324,606350.174472,55.867,65,-129.13,30.213,72.771,129.69,117.281,147.06,214.51,98.7,175.6,117.86
325,606350.182071,55.736,69,-128.88,30.203,73.02,129.695,116.966,147.44,214.45,99.21,175.49,117.59
326,606350.186157,55.769,68,-128.827,30.273,72.94,129.665,116.974,147.55,214.64,98.94,175.38,117.52
327,606350.189801,55.886,64,-129.178,30.223,72.712,129.649,117.342,146.99,214.53,98.62,175.54,117.93
328,606350.194406,55.88,69,-128.84,30.265,72.882,129.932,116.873,147.47,214.59,98.86,175.94,117.44
329,606350.197854,55.911,68,-128.577,30.339,72.975,130.2,116.699,147.9,214.66,99.13,176.3,117.18
330,606350.214499,55.831,67,-128.891,30.257,72.888,129.779,116.904,147.41,214.52,99.0,175.72,117.49
331,606350.217706,54.964,64,-128.455,29.909,74.164,129.186,116.921,147.92,213.99,100.79,175.16,117.44
332,606350.222729,56.015,64,-129.089,30.229,72.685,130.033,117.19,147.16,214.55,98.57,176.17,117.75
333,606350.225628,55.974,66,-128.843,30.282,72.822,130.14,116.879,147.44,214.59,98.8,176.11,117.44
334,606350.2348,55.944,64,-129.221,30.23,72.642,129.718,117.29,146.94,214.54,98.52,175.64,117.87
335,606350.23853,55.897,68,-129.007,30.165,72.89,130.003,117.039,147.28,214.42,98.98,175.98,117.58
336,606350.241145,55.336,64,-128.723,29.846,73.912,129.951,116.955,147.61,213.98,100.33,175.85,117.53
337,606350.247287,55.992,65,-129.143,30.17,72.751,130.074,117.292,147.11,214.44,98.77,176.12,117.8
338,606350.249847,55.896,65,-129.271,30.141,72.731,129.716,117.419,146.87,214.42,98.64,175.64,118.0
339,606350.25774,55.886,65,-129.282,30.113,72.73,129.68,117.463,146.86,214.38,98.64,175.59,118.04
340,606350.262053,55.392,68,-128.727,30.002,73.509,129.428,117.066,147.65,214.23,99.75,175.19,117.65
341,606350.265429,55.926,65,-129.055,30.077,72.88,130.081,117.245,147.28,214.38,98.89,176.05,117.71
342,606350.270771,56.007,64,-128.809,30.126,72.911,130.41,116.983,147.54,214.38,99.02,176.31,117.49
343,606350.274457,55.956,64,-129.139,30.078,72.73,129.915,117.367,147.07,214.36,98.62,175.87,117.9
344,606350.282831,55.784,69,-128.933,30.112,72.924,129.686,117.099,147.38,214.42,98.91,175.47,117.62
345,606350.286183,55.965,65,-128.972,30.066,72.848,130.157,117.19,147.33,214.32,98.82,176.32,117.72
346,606350.298388,56.051,65,-128.832,30.121,72.846,130.442,117.029,147.54,214.44,98.81,176.44,117.53
347,606350.301661,55.997,65,-128.841,30.084,72.941,130.428,117.047,147.46,214.35,98.95,176.44,117.56
348,606350.310536,56.064,63,-128.851,30.123,72.912,130.606,117.052,147.51,214.38,98.98,176.86,117.56
349,606350.314891,55.91,67,-128.96,30.077,73.004,130.248,117.043,147.28,214.28,99.12,176.24,117.63
350,606350.318028,56.069,66,-128.974,30.138,72.873,130.553,117.102,147.31,214.4,98.99,176.33,117.59
351,606350.32239,55.918,67,-129.116,30.12,72.921,130.13,117.168,147.13,214.36,99.01,176.15,117.71
352,606350.326392,55.987,68,-129.055,30.146,72.902,130.324,117.069,147.21,214.4,98.99,176.4,117.61
353,606350.333913,55.927,65,-129.414,30.155,72.711,129.783,117.482,146.75,214.43,98.69,175.76,117.99
354,606350.337918,55.816,69,-129.059,30.238,72.89,129.732,116.999,147.28,214.55,99.02,175.39,117.57
355,606350.341478,55.125,69,-128.792,29.951,73.891,129.229,117.086,147.53,214.19,100.17,175.0,117.63
356,606350.346859,55.921,64,-129.41,30.176,72.713,129.766,117.447,146.69,214.47,98.61,175.7,118.03
357,606350.349257,55.886,68,-129.12,30.178,72.903,129.988,117.077,147.12,214.44,98.99,175.96,117.62
358,606350.358386,55.811,68,-129.171,30.188,72.893,129.72,117.158,147.14,214.54,98.87,175.68,117.62
359,606350.362388,55.86,66,-129.15,30.173,72.883,129.867,117.14,147.09,214.46,98.87,175.92,117.67
360,606350.365152,55.3,68,-128.721,30.075,73.562,129.221,116.974,147.62,214.32,99.8,174.99,117.54
361,606350.379316,55.988,65,-129.148,30.158,72.755,130.068,117.277,147.17,214.47,98.79,175.94,117.73
362,606350.386236,56.026,64,-128.836,30.223,72.83,130.328,116.978,147.43,214.51,98.81,176.34,117.55
363,606350.389097,55.294,66,-128.52,30.066,73.606,129.276,117.014,147.87,214.29,99.88,174.99,117.58
364,606350.394859,55.911,63,-128.965,30.146,72.904,130.074,117.139,147.35,214.43,98.91,176.2,117.66
365,606350.398471,55.892,64,-129.187,30.16,72.71,129.664,117.352,147.05,214.47,98.65,175.37,117.92
366,606350.401362,55.877,64,-129.255,30.11,72.712,129.619,117.443,146.96,214.41,98.59,175.58,117.95
367,606350.410737,55.908,64,-129.183,30.156,72.672,129.65,117.327,147.07,214.43,98.65,175.58,117.82
368,606350.413574,55.266,67,-128.575,29.92,73.813,129.549,116.816,147.78,214.08,100.14,175.56,117.41
369,606350.417309,55.938,64,-129.23,30.132,72.646,129.705,117.414,146.92,214.4,98.53,175.62,118.0
370,606350.423236,55.812,66,-129.074,30.23,72.682,129.35,117.279,147.18,214.55,98.59,175.0,117.91
371,606350.425923,55.923,67,-128.797,30.229,72.848,130.014,116.897,147.5,214.52,98.83,175.95,117.46
372,606350.434347,55.774,64,-129.043,30.25,72.684,129.226,117.301,147.17,214.56,98.58,174.98,117.88
373,606350.438374,54.888,64,-128.386,29.854,74.202,129.008,116.94,148.01,214.0,100.65,174.88,117.47
374,606350.441435,55.016,61,-128.308,29.915,74.112,129.261,116.834,148.19,214.09,100.58,175.03,117.4
375,606350.446462,55.804,68,-128.941,30.213,72.863,129.642,117.023,147.36,214.5,98.91,175.52,117.56
376,606350.449523,55.956,65,-128.655,30.271,72.961,130.326,116.726,147.72,214.59,98.98,176.46,117.29
377,606350.467292,55.822,66,-128.816,30.217,73.044,130.027,116.804,147.47,214.44,99.25,175.92,117.42
378,606350.469401,55.869,66,-128.589,30.354,73.017,130.135,116.61,147.9,214.75,99.09,175.91,117.16
379,606350.475234,55.866,65,-128.802,30.235,73.016,130.125,116.791,147.52,214.54,99.06,176.18,117.36
380,606350.47824,55.736,67,-129.025,30.304,72.854,129.404,117.07,147.25,214.65,98.84,175.05,117.7
381,606350.486054,55.864,66,-129.12,30.245,72.787,129.708,117.139,147.16,214.58,98.72,175.82,117.65
382,606350.490186,55.908,65,-129.191,30.261,72.678,129.662,117.26,146.98,214.58,98.57,175.56,117.84
383,606350.493097,55.879,67,-128.773,30.302,72.93,130.013,116.793,147.55,214.65,98.93,175.9,117.33
384,606350.498753,55.848,68,-128.901,30.317,72.863,129.79,116.939,147.49,214.7,98.84,175.64,117.47
385,606350.501692,55.179,63,-128.569,29.949,74.005,129.603,116.88,147.84,214.14,100.43,175.49,117.45
386,606350.506827,56.085,65,-129.038,30.225,72.758,130.399,117.058,147.23,214.51,98.8,176.5,117.6
387,606350.51463,55.84,66,-129.155,30.257,72.748,129.557,117.19,147.2,214.6,98.79,175.4,117.6
388,606350.517217,55.941,66,-129.27,30.197,72.689,129.79,117.316,146.9,214.52,98.56,175.7,117.85
389,606350.523708,55.902,68,-128.988,30.241,72.818,129.891,117.003,147.3,214.56,98.78,175.95,117.53
390,606350.525503,55.85,67,-129.091,30.217,72.836,129.747,117.107,147.18,214.48,98.9,175.81,117.61
391,606350.529364,55.889,67,-129.251,30.183,72.716,129.664,117.347,147.04,214.46,98.82,175.48,117.8
392,606350.538585,55.858,71,-128.895,30.223,72.901,129.892,116.963,147.43,214.5,99.03,175.65,117.5
393,606350.55075,55.889,65,-129.292,30.128,72.743,129.712,117.446,146.84,214.4,98.66,175.63,118.03
394,606350.553628,56.535,62,-129.666,30.107,71.466,129.604,117.973,146.42,214.37,97.01,175.52,118.45
395,606350.562692,57.228,67,-129.696,30.065,70.334,129.937,118.061,146.36,214.33,95.47,175.83,118.57
396,606350.565916,57.793,65,-129.979,30.063,69.493,130.386,118.48,145.96,214.33,94.24,176.64,118.97
397,606350.56974,58.092,66,-130.225,30.098,68.986,130.517,118.601,145.58,214.37,93.54,176.72,119.14
398,606350.574055,58.049,69,-130.705,30.064,68.846,130.098,118.881,144.99,214.32,93.46,176.04,119.4
399,606350.578401,57.923,68,-130.641,30.164,69.122,130.158,118.719,145.11,214.44,93.85,176.22,119.24
400,606350.582054,57.913,65,-131.096,30.201,69.169,130.211,118.802,144.5,214.57,93.78,176.2,119.28
401,606350.59011,57.476,67,-131.437,30.091,69.84,129.899,118.931,144.01,214.36,94.73,175.87,119.43
402,606350.593541,56.77,66,-131.182,29.883,71.342,130.184,118.443,144.31,214.07,96.74,176.22,119.01
403,606350.598272,56.777,65,-131.47,30.152,71.279,130.095,118.334,143.99,214.47,96.64,176.06,118.85
404,606350.601885,55.624,68,-131.261,29.709,73.31,129.84,118.07,144.21,213.95,99.1,175.9,118.6
405,606350.606104,55.348,68,-131.343,29.67,73.772,129.744,118.018,144.1,213.76,100.05,175.61,118.62
406,606350.614702,55.63,71,-131.695,29.894,73.245,129.744,118.137,143.73,214.05,99.45,175.67,118.63
407,606350.617639,55.324,68,-131.478,29.721,73.868,129.835,117.952,143.91,213.78,100.25,175.86,118.51
408,606350.621033,55.478,69,-131.382,29.893,73.55,129.782,117.681,144.12,214.02,99.96,175.52,118.25
409,606350.638721,55.511,72,-130.95,29.361,73.395,129.616,117.68,144.63,213.35,99.54,175.44,118.27
410,606350.642088,56.004,73,-130.854,29.526,72.497,129.658,117.714,144.78,213.56,98.39,175.48,118.27
411,606350.645741,56.159,73,-130.712,29.458,72.169,129.592,117.77,144.98,213.49,97.88,175.49,118.3
412,606350.649682,56.119,70,-130.42,29.279,72.233,129.572,117.714,145.34,213.24,97.98,175.4,118.28
413,606350.653619,55.953,71,-130.16,29.118,72.577,129.632,117.758,145.69,213.02,98.46,175.49,118.33
414,606350.657968,56.156,71,-130.16,29.236,72.262,129.752,117.972,145.65,213.17,97.99,175.74,118.56
415,606350.665908,55.903,72,-129.866,29.357,72.632,129.562,117.85,146.06,213.31,98.56,175.43,118.47
416,606350.670019,55.555,69,-129.494,29.412,73.384,129.743,117.787,146.69,213.43,99.64,175.67,118.26
417,606350.673499,54.929,72,-129.317,29.394,74.343,129.383,117.947,146.86,213.38,100.9,175.21,118.48
418,606350.678385,54.586,74,-129.145,29.486,74.971,129.375,118.013,147.15,213.52,101.78,175.18,118.51
419,606350.681605,54.285,74,-128.999,29.574,75.477,129.298,118.066,147.28,213.59,102.52,175.06,118.65
420,606350.690833,54.069,74,-128.823,29.663,75.83,129.223,117.975,147.52,213.77,102.83,175.1,118.55
421,606350.69383,54.092,72,-128.564,29.853,75.812,129.265,117.617,147.88,214.02,102.85,175.13,118.16
422,606350.697776,54.12,73,-128.36,29.983,75.748,129.242,117.255,148.11,214.2,102.74,175.04,117.86
423,606350.702247,54.291,72,-128.268,30.067,75.421,129.22,116.982,148.23,214.31,102.3,175.0,117.58
424,606350.705774,54.508,75,-127.957,30.195,75.11,129.368,116.296,148.66,214.48,101.89,175.19,116.89
425,606350.713654,54.888,76,-127.808,30.386,74.444,129.426,115.893,148.89,214.74,101.05,175.28,116.43
426,606350.726704,56.031,71,-127.765,30.821,72.44,129.647,115.508,148.95,215.35,98.27,175.67,116.05
427,606350.729796,56.383,69,-127.736,31.021,71.806,129.698,115.418,148.95,215.62,97.43,175.62,115.97
428,606350.734036,55.999,70,-127.222,30.899,72.435,129.532,115.064,149.67,215.44,98.33,175.4,115.61
429,606350.741981,56.494,71,-127.439,31.136,71.643,129.783,115.475,149.42,215.75,97.31,175.79,115.99
430,606350.746026,56.798,71,-127.51,31.328,71.135,129.905,115.784,149.35,216.01,96.67,175.94,116.23
431,606350.749623,56.755,73,-127.527,31.353,71.181,129.84,115.972,149.24,216.07,96.57,175.85,116.52
432,606350.754203,56.683,74,-127.522,31.355,71.346,129.893,116.152,149.24,216.07,96.79,175.93,116.7
433,606350.75909,56.59,75,-127.473,31.343,71.551,129.945,116.255,149.34,216.04,97.16,175.88,116.81
434,606350.767407,56.444,74,-127.491,31.297,71.803,129.902,116.355,149.36,215.94,97.65,175.79,116.89
435,606350.770208,55.908,71,-127.259,31.109,72.736,129.765,116.176,149.61,215.73,98.71,175.76,116.73
436,606350.774036,55.958,70,-127.438,31.196,72.674,129.821,116.265,149.43,215.86,98.61,175.98,116.76
437,606350.778438,55.744,73,-127.585,31.179,72.886,129.486,116.485,149.28,215.76,99.16,175.33,116.92
438,606350.78168,55.763,73,-127.802,31.014,73.051,129.842,116.586,148.89,215.6,99.12,175.89,117.12
439,606350.790692,55.669,71,-127.804,30.946,73.081,129.584,116.512,148.89,215.53,99.15,175.42,117.07
440,606350.793825,54.968,72,-127.441,30.55,74.262,129.369,116.023,149.41,214.96,100.83,175.24,116.54
441,606350.798056,55.001,70,-127.602,30.502,74.193,129.354,115.996,149.15,214.9,100.69,175.17,116.56
442,606350.810705,52.181,77,-126.892,30.053,79.165,129.108,112.331,150.1,214.24,107.48,174.83,112.99
443,606350.817421,51.137,78,-126.383,29.702,80.918,128.96,111.415,150.81,213.78,109.88,174.56,112.05
444,606350.822885,50.677,78,-125.996,29.497,81.643,128.837,110.864,151.29,213.47,110.87,174.52,111.55
445,606350.825359,50.389,74,-125.676,29.284,82.084,128.746,110.91,151.77,213.21,111.49,174.28,111.55
446,606350.830612,50.229,74,-125.34,29.066,82.392,128.794,111.247,152.23,212.91,111.93,174.36,111.88
447,606350.833732,50.973,76,-125.501,29.378,81.142,128.86,112.503,152.07,213.34,110.21,174.62,113.04
448,606350.842193,50.816,73,-125.179,29.222,81.367,128.783,113.151,152.43,213.13,110.51,174.41,113.78
449,606350.845933,51.871,75,-125.482,29.85,79.625,128.963,114.538,152.12,213.98,108.21,174.76,115.0
450,606350.849332,52.321,76,-125.654,29.989,78.818,128.95,115.771,151.77,214.19,106.97,174.7,116.38
451,606350.854224,52.648,73,-125.564,30.003,78.232,128.944,116.357,151.89,214.17,106.28,174.69,117.0
452,606350.85846,54.109,70,-126.119,30.454,75.841,129.369,117.513,151.07,214.8,102.86,175.49,118.12
453,606350.865881,54.581,72,-126.027,30.628,74.879,129.202,117.512,151.26,215.08,101.6,175.06,118.07
454,606350.870088,55.644,63,-126.552,30.797,73.319,129.92,117.816,150.61,215.22,99.78,175.87,118.32
455,606350.873823,56.152,68,-126.775,31.113,72.317,129.833,117.307,150.31,215.67,98.41,175.61,117.82
456,606350.878831,57.105,60,-127.944,31.434,70.498,129.806,117.744,148.69,216.21,95.63,175.69,118.27
457,606350.881277,57.612,64,-127.563,31.69,70.12,130.908,116.403,149.16,216.51,95.16,177.13,116.92
458,606350.898579,58.161,63,-128.511,32.09,69.342,131.443,114.921,147.95,217.11,94.05,177.89,115.41
459,606350.901283,58.054,64,-128.86,32.155,69.543,131.431,114.82,147.51,217.15,94.44,177.87,115.3
460,606350.906561,57.746,65,-128.821,32.285,70.055,131.269,114.641,147.51,217.32,95.09,177.47,115.17
461,606350.909416,57.622,65,-129.057,32.355,70.321,131.317,114.777,147.14,217.39,95.4,177.54,115.27
462,606350.918751,57.736,61,-129.46,32.225,70.637,132.322,115.47,146.59,217.14,96.03,178.55,116.03
463,606350.922396,57.787,59,-129.573,32.253,70.801,132.816,115.94,146.49,217.29,96.02,179.78,116.49
464,606350.926566,56.704,58,-129.101,32.343,71.439,130.132,116.28,146.96,217.33,96.93,175.91,116.78
465,606350.930735,57.611,60,-129.826,32.035,71.089,132.712,116.617,146.18,217.01,96.43,179.5,117.18
466,606350.933412,57.461,61,-130.024,31.83,71.196,132.365,116.834,145.75,216.63,96.6,178.68,117.34
467,606350.942156,57.613,60,-130.057,31.815,71.0,132.551,117.064,145.83,216.7,96.27,179.44,117.62
468,606350.946015,56.626,60,-130.707,31.001,71.497,129.971,116.631,145.06,215.67,96.98,175.64,117.18
469,606350.949222,56.925,58,-130.816,30.899,71.079,130.244,116.433,144.86,215.47,96.59,176.04,117.12
470,606350.955076,57.96,58,-130.503,31.135,70.578,133.039,117.005,145.25,215.8,95.69,179.99,117.52
471,606350.958431,57.368,58,-130.413,30.927,70.822,131.334,116.976,145.32,215.45,96.05,177.51,117.64
472,606350.962518,57.34,55,-130.982,30.346,70.676,130.966,116.603,144.59,214.71,95.84,177.3,117.17
473,606350.970397,57.719,57,-130.618,30.345,70.625,132.238,117.069,145.07,214.7,95.78,178.98,117.62
474,606350.983031,56.256,63,-130.218,29.491,71.883,129.406,117.475,145.7,213.63,97.48,174.85,117.93
475,606350.9854,56.174,68,-130.242,29.14,72.494,130.226,118.088,145.49,213.02,98.34,176.06,118.67
476,606350.994697,55.34,63,-130.407,28.755,73.608,129.431,118.271,145.43,212.53,99.93,175.03,118.93
477,606350.997632,54.916,67,-129.812,28.895,74.895,130.301,118.617,146.14,212.72,101.55,176.45,119.21
478,606351.001892,53.979,71,-129.745,28.762,76.159,129.504,118.958,146.23,212.53,103.27,175.39,119.57
479,606351.007502,53.418,73,-129.423,28.691,77.148,129.451,118.8,146.67,212.43,104.62,175.32,119.43
480,606351.009578,52.815,75,-129.366,28.505,77.94,128.955,118.593,146.76,212.18,105.72,174.74,119.3
481,606351.01441,52.483,80,-129.111,28.545,78.474,128.856,118.204,147.12,212.24,106.41,174.58,118.83
482,606351.022101,52.513,78,-128.976,28.572,78.455,128.914,117.776,147.29,212.26,106.42,174.69,118.48
483,606351.025128,52.619,78,-128.792,28.735,78.227,128.852,117.25,147.56,212.46,106.21,174.45,117.86
484,606351.031267,52.962,78,-128.622,28.897,77.656,128.923,116.684,147.77,212.71,105.37,174.45,117.27
485,606351.034437,53.485,77,-128.287,29.177,76.829,129.117,115.902,148.22,213.09,104.25,174.82,116.51
486,606351.038236,54.327,80,-127.516,29.856,75.392,129.284,114.348,149.26,214.01,102.33,175.04,114.94
487,606351.045684,55.277,79,-126.742,30.624,73.89,129.72,112.982,150.33,215.04,100.41,175.52,113.58
488,606351.049664,56.031,76,-125.944,31.251,72.503,129.762,112.053,151.4,215.92,98.45,175.69,112.59
489,606351.053483,56.601,78,-125.147,31.952,71.392,129.694,111.269,152.47,216.87,96.96,175.6,111.79
490,606351.07067,57.929,69,-122.605,33.992,68.776,129.53,110.346,155.9,219.66,93.43,175.45,110.82
491,606351.074484,58.351,61,-121.927,34.627,67.973,129.543,110.484,156.67,220.5,92.36,175.52,110.89
492,606351.077846,59.001,64,-121.511,34.921,67.563,131.185,110.652,157.43,220.93,91.81,177.77,111.08
493,606351.08304,58.921,62,-120.425,35.561,67.189,130.155,110.915,158.75,221.79,91.3,176.33,111.3
494,606351.086051,59.093,59,-119.941,35.994,66.916,130.277,110.91,159.42,222.45,90.8,176.57,111.13
495,606351.089769,58.978,56,-119.015,36.35,66.959,129.925,111.257,160.72,222.85,91.05,176.0,111.63
496,606351.098471,59.645,59,-119.424,36.472,66.958,132.496,111.098,160.15,223.04,90.98,179.43,111.56
497,606351.101379,59.529,51,-119.418,36.528,67.422,132.955,111.203,160.21,223.13,91.59,180.19,111.65
498,606351.106618,59.176,54,-119.306,36.594,67.937,132.586,110.929,160.41,223.23,92.33,179.49,111.4
499,606351.109919,58.77,60,-119.292,36.634,68.538,132.193,110.854,160.42,223.29,93.14,178.98,111.3
500,606351.113925,58.324,62,-119.487,36.514,69.101,131.592,110.712,160.08,223.09,93.88,178.26,111.19
501,606351.121914,57.591,57,-120.065,36.097,69.352,129.398,109.846,159.25,222.54,94.19,175.27,110.44
502,606351.125959,58.012,66,-119.636,36.219,69.594,131.373,110.339,160.06,222.76,94.72,177.5,110.77
503,606351.13026,57.34,64,-120.585,35.591,69.896,129.518,110.064,158.66,221.85,94.94,175.66,110.56
504,606351.134192,57.638,61,-120.689,35.482,69.663,130.146,110.185,158.52,221.71,94.77,176.29,110.77
505,606351.138009,57.371,68,-121.307,35.031,69.834,129.515,110.464,157.74,221.1,94.9,175.29,110.96
506,606351.145885,58.168,65,-121.881,34.729,69.291,131.373,111.059,156.84,220.66,94.13,177.9,111.56
507,606351.153745,57.804,71,-123.216,33.697,69.261,129.991,112.136,155.11,219.32,94.16,175.97,112.71
508,606351.159015,57.806,73,-124.119,33.163,69.072,129.644,112.726,153.85,218.54,93.78,175.63,113.23
509,606351.162467,57.79,73,-124.92,32.681,69.253,129.923,113.548,152.77,217.89,94.01,176.0,114.05
510,606351.170647,57.502,77,-125.894,32.133,69.806,129.926,114.383,151.42,217.13,94.73,176.07,114.9
511,606351.174301,57.335,75,-126.88,31.653,70.126,129.929,115.203,150.11,216.48,95.16,175.97,115.73
512,606351.177708,57.169,75,-127.809,31.17,70.448,129.939,115.913,148.9,215.81,95.66,175.95,116.41
513,606351.181928,56.962,76,-128.891,30.491,70.812,129.885,116.889,147.45,214.92,96.07,175.84,117.4
514,606351.187218,56.941,73,-129.938,29.946,70.945,130.055,117.658,145.98,214.16,96.2,176.09,118.21
515,606351.190319,56.796,74,-130.69,29.431,71.255,130.116,118.157,144.99,213.42,96.77,176.02,118.68
516,606351.197771,56.66,73,-131.79,28.842,71.395,129.902,119.008,143.49,212.66,96.77,175.92,119.58
517,606351.202163,56.592,75,-132.667,28.387,71.542,129.936,119.62,142.32,212.05,96.99,175.79,120.2
518,606351.205818,56.504,72,-133.552,27.96,71.597,129.732,120.313,141.09,211.45,97.02,175.59,120.91
519,606351.210877,56.647,73,-134.215,27.63,71.463,129.981,120.707,140.18,210.99,96.84,175.82,121.3
520,606351.214712,56.661,72,-134.804,27.297,71.472,130.045,121.056,139.29,210.53,96.77,175.77,121.72
521,606351.222693,57.164,68,-135.547,27.066,70.914,130.78,121.524,138.34,210.21,96.06,176.78,122.14
522,606351.225769,56.978,67,-135.839,26.866,70.957,130.207,121.722,137.98,209.94,96.14,176.07,122.31
523,606351.229365,57.948,61,-136.333,26.927,70.011,131.925,121.923,137.28,209.99,94.85,178.17,122.45
524,606351.242689,58.521,57,-137.046,26.708,69.273,132.661,121.966,136.46,209.82,93.86,179.03,122.5
525,606351.249857,57.505,60,-136.984,26.577,70.848,131.878,121.713,136.5,209.59,95.97,178.22,122.32
526,606351.254909,55.45,58,-137.345,26.153,73.664,129.89,121.493,135.95,208.98,99.76,175.62,122.19
527,606351.257299,55.079,58,-136.3,26.509,75.276,131.499,121.199,137.48,209.54,101.95,177.55,121.82
528,606351.262318,53.02,59,-136.115,25.883,77.737,129.232,120.805,137.7,208.51,105.58,174.78,121.52
529,606351.266162,53.523,65,-135.707,26.215,77.818,130.898,121.014,138.26,209.12,105.41,176.88,121.63
530,606351.273939,53.488,64,-135.202,26.381,78.075,131.221,120.79,138.92,209.3,105.78,177.41,121.48
531,606351.27812,53.25,69,-134.665,26.55,78.115,130.555,120.545,139.64,209.54,105.84,176.56,121.2
532,606351.281549,53.148,73,-133.756,26.913,77.68,129.522,119.814,140.82,210.0,105.27,175.2,120.46
533,606351.287538,53.927,71,-133.151,27.173,76.564,130.032,119.391,141.62,210.39,103.68,176.01,120.06
534,606351.290155,54.425,75,-132.557,27.458,75.364,129.543,118.891,142.45,210.76,102.16,175.31,119.52
535,606351.298558,55.041,75,-131.885,27.911,74.245,129.576,118.196,143.35,211.38,100.66,175.37,118.81
536,606351.301971,55.207,74,-131.087,28.459,73.883,129.479,117.439,144.43,212.13,100.19,175.24,118.04
537,606351.305756,55.49,75,-130.336,29.004,73.457,129.656,116.631,145.42,212.85,99.65,175.4,117.22
538,606351.310716,55.645,73,-129.474,29.564,73.216,129.743,115.998,146.61,213.63,99.33,175.61,116.57
539,606351.313914,55.739,73,-128.531,30.145,73.071,129.796,115.271,147.89,214.41,99.15,175.69,115.84
540,606351.330883,55.958,66,-126.025,31.687,73.067,130.525,113.421,151.28,216.51,99.2,176.73,113.97
541,606351.333956,56.11,61,-125.257,32.16,73.177,131.235,112.992,152.36,217.17,99.4,177.52,113.54
542,606351.338448,55.976,59,-124.74,32.467,73.364,131.114,112.648,152.96,217.51,99.8,176.95,113.23
543,606351.341555,54.757,59,-123.563,32.776,74.001,128.242,112.613,154.56,217.98,100.51,173.67,113.16
544,606351.350542,55.231,63,-123.25,33.214,73.836,129.476,112.407,155.0,218.58,100.29,175.33,112.95
545,606351.353894,55.208,63,-122.673,33.425,73.892,129.5,112.341,155.9,218.91,100.37,175.23,112.87
546,606351.357768,55.348,66,-122.611,33.552,74.044,130.225,111.774,155.94,219.06,100.58,176.35,112.33
547,606351.362705,55.209,65,-122.091,33.76,74.296,130.21,112.005,156.64,219.36,100.91,176.34,112.51
548,606351.365426,55.155,66,-121.629,33.881,74.549,130.478,112.028,157.33,219.5,101.33,176.81,112.5
549,606351.374707,54.679,74,-121.38,33.961,74.763,129.314,112.228,157.53,219.61,101.54,175.2,112.79
550,606351.378734,54.789,70,-121.375,33.982,74.529,129.259,112.499,157.52,219.63,101.22,175.12,113.06
551,606351.381714,54.939,72,-121.29,33.881,74.485,129.662,112.302,157.72,219.48,101.25,175.73,112.78
552,606351.385949,54.685,72,-121.152,33.662,74.805,129.405,111.984,157.87,219.2,101.63,175.38,112.51
553,606351.390496,54.922,71,-121.435,33.556,74.504,129.641,111.984,157.49,219.05,101.22,175.69,112.51
554,606351.39455,55.095,73,-121.679,33.525,74.073,129.449,111.847,157.18,219.02,100.61,175.48,112.36
555,606351.402484,55.198,63,-122.037,33.12,74.224,130.05,111.919,156.75,218.48,100.87,176.18,112.4
556,606351.415188,55.941,63,-123.537,32.554,73.463,131.174,112.346,154.61,217.64,99.88,177.48,112.86
557,606351.418039,55.98,60,-123.948,32.266,73.567,131.489,112.705,153.95,217.23,99.99,177.7,113.27
558,606351.427699,55.985,60,-124.537,32.074,73.512,131.409,113.085,153.34,217.02,99.93,177.24,113.6
559,606351.429975,55.299,57,-125.746,31.167,73.522,129.146,112.895,151.7,215.88,99.93,174.93,113.56
560,606351.433991,55.395,53,-126.336,30.947,73.592,129.581,114.006,150.86,215.52,99.91,175.51,114.58
561,606351.439485,55.359,55,-127.622,30.598,73.515,129.328,115.204,149.12,215.05,99.76,175.16,115.78
562,606351.441661,55.706,66,-128.387,30.121,73.628,130.676,117.619,148.06,214.36,100.04,176.65,118.24
563,606351.450382,55.0,62,-129.902,29.43,73.591,128.301,118.505,145.98,213.45,99.77,173.65,119.14
564,606351.453973,55.752,72,-131.189,28.586,73.181,130.036,120.711,144.23,212.27,99.21,176.09,121.36
565,606351.457493,55.856,76,-132.49,27.894,72.847,129.789,121.877,142.52,211.37,98.7,175.76,122.47
566,606351.461519,56.095,77,-133.799,27.153,72.365,129.727,122.835,140.75,210.36,98.02,175.65,123.43
567,606351.46591,56.263,79,-134.948,26.562,72.115,129.848,123.401,139.19,209.56,97.66,175.79,124.01
568,606351.469491,56.352,80,-136.112,25.919,71.957,129.864,123.775,137.62,208.68,97.42,175.78,124.39
569,606351.477833,56.414,79,-137.148,25.392,71.831,129.85,123.841,136.26,207.97,97.25,175.77,124.43
570,606351.481649,56.249,73,-137.928,24.984,71.941,129.488,123.928,135.16,207.37,97.43,175.21,124.6
571,606351.48543,56.288,71,-138.62,24.687,71.936,129.608,123.715,134.24,207.0,97.36,175.33,124.35
572,606351.502705,56.373,60,-140.268,23.871,72.925,131.686,123.889,132.05,205.9,98.69,178.08,124.54
573,606351.50611,55.556,62,-140.811,23.63,73.432,129.83,124.06,131.33,205.57,99.39,175.4,124.76
574,606351.51009,55.732,58,-140.295,24.075,73.526,130.581,123.66,132.07,206.23,99.52,176.26,124.27
575,606351.51536,56.089,61,-140.422,24.105,73.369,131.51,123.89,131.77,206.15,99.36,177.29,124.58
576,606351.518348,55.915,61,-140.307,24.339,73.171,130.565,123.891,131.87,206.45,99.03,176.21,124.59
577,606351.522505,56.613,59,-139.783,24.732,72.508,131.763,123.75,132.65,207.01,98.18,177.66,124.3
578,606351.530086,56.563,64,-139.325,25.0,72.046,130.749,123.67,133.51,207.51,97.61,176.37,124.33
579,606351.533332,57.348,60,-138.696,25.475,71.202,131.968,123.433,134.15,208.07,96.37,178.5,124.05
580,606351.539927,56.662,64,-138.044,25.713,71.105,129.381,122.513,135.03,208.37,96.33,175.02,123.19
581,606351.541831,57.895,62,-137.048,26.556,70.019,131.747,122.314,136.32,209.51,94.83,178.03,122.9
582,606351.545837,57.951,64,-136.105,27.07,69.624,131.205,121.64,137.65,210.26,94.33,177.26,122.24
583,606351.553831,57.655,73,-134.718,27.798,69.673,130.227,120.765,139.55,211.22,94.45,176.25,121.37
584,606351.557942,57.957,69,-133.658,28.371,69.459,130.918,119.852,140.98,212.04,94.14,177.07,120.42
585,606351.561424,57.646,72,-132.309,28.996,69.775,130.385,118.794,142.86,212.93,94.59,176.46,119.38
586,606351.565915,57.316,75,-131.05,29.562,70.256,130.105,117.863,144.49,213.6,95.39,175.99,118.4
587,606351.570338,56.936,77,-129.604,30.298,70.827,129.822,116.597,146.43,214.64,96.06,175.75,117.15
588,606351.585873,56.114,67,-125.704,31.881,72.283,129.646,113.903,151.69,216.78,98.12,175.55,114.46
589,606351.589612,55.793,75,-124.137,32.49,72.89,129.656,112.851,153.83,217.61,98.97,175.63,113.38
590,606351.593589,55.462,75,-122.746,32.975,73.47,129.588,111.918,155.77,218.26,99.84,175.63,112.37
591,606351.597668,55.26,72,-121.779,33.384,73.89,129.664,111.41,157.02,218.82,100.37,175.69,111.94
592,606351.606162,56.395,76,-120.941,34.02,71.864,129.845,111.589,158.12,219.69,97.65,175.88,112.09
593,606351.609139,58.36,69,-120.792,34.565,68.374,130.342,112.784,158.42,220.49,92.86,176.65,113.2
594,606351.614809,59.579,74,-120.68,35.203,66.038,130.42,113.333,158.46,221.32,89.7,176.72,113.79
595,606351.617855,60.801,72,-120.73,35.813,63.728,130.634,113.726,158.41,222.17,86.56,176.92,114.16
596,606351.62234,61.815,70,-120.661,36.276,61.965,131.192,113.475,158.51,222.81,84.15,177.85,113.9
597,606351.630551,62.479,71,-120.967,36.688,60.549,131.036,113.209,158.12,223.37,82.23,177.55,113.64
598,606351.634944,63.254,63,-121.702,36.872,59.398,131.986,112.886,157.17,223.62,80.7,178.92,113.26
599,606351.637308,63.516,63,-121.752,37.129,59.02,132.346,111.755,157.1,223.98,80.17,179.19,112.17
600,606351.643032,63.262,67,-122.037,37.179,59.492,132.229,110.837,156.68,224.03,80.8,179.13,111.25
601,606351.646401,62.927,64,-122.509,37.227,60.158,132.18,110.128,156.12,224.03,81.93,178.83,110.51
602,606351.654513,62.108,66,-122.811,36.999,61.741,131.981,109.508,155.69,223.66,84.21,178.39,109.88
603,606351.658007,61.44,68,-123.394,36.835,63.084,131.952,109.39,154.83,223.44,85.9,178.35,109.8
604,606351.670632,59.098,68,-125.217,35.832,67.775,131.966,110.928,152.4,222.16,92.01,178.66,111.42
605,606351.679526,58.474,63,-125.779,35.315,68.984,131.928,111.953,151.65,221.44,93.73,178.44,112.47
606,606351.682401,57.824,65,-126.411,34.658,69.954,131.365,112.801,150.75,220.54,94.97,177.72,113.31
607,606351.68634,57.736,67,-127.116,34.015,70.342,131.771,114.163,149.75,219.59,95.53,178.07,114.59
608,606351.689905,57.487,57,-128.129,33.152,70.261,130.721,115.04,148.34,218.42,95.46,176.62,115.63
609,606351.695016,58.013,62,-128.528,32.654,69.838,131.838,116.225,147.8,217.76,94.78,177.92,116.7
610,606351.698206,58.145,63,-129.121,31.88,69.418,131.531,117.09,147.03,216.78,94.15,177.69,117.6
611,606351.705874,58.604,63,-129.972,30.953,68.769,132.005,118.006,146.02,215.48,93.5,178.14,118.51
612,606351.709961,59.03,62,-130.61,30.125,68.081,132.3,118.523,145.07,214.26,92.66,178.47,118.94
613,606351.713514,58.681,61,-131.353,29.145,68.381,131.551,118.889,144.04,213.09,92.72,177.85,119.43
614,606351.718415,56.724,57,-131.997,28.359,70.368,128.252,120.2,143.16,212.0,95.38,173.66,120.78
615,606351.721291,56.602,59,-132.399,28.221,71.747,130.341,120.066,142.57,211.58,97.67,175.77,120.81
616,606351.730323,56.204,60,-133.312,27.653,73.161,131.527,119.921,141.29,210.95,99.26,177.21,120.51
617,606351.734216,55.663,56,-133.878,27.195,74.295,131.716,120.178,140.69,210.39,100.77,177.91,120.74
618,606351.73708,54.474,57,-134.749,26.379,75.441,129.83,120.146,139.42,209.24,102.28,175.38,120.78
619,606351.750513,54.866,59,-135.706,25.917,75.8,131.714,121.032,138.2,208.66,102.69,178.16,121.68
620,606351.757853,54.661,59,-136.606,25.206,74.603,128.98,121.432,137.04,207.79,101.0,174.3,121.99
621,606351.762536,55.467,61,-137.562,24.819,73.36,129.409,121.947,135.71,207.21,99.34,175.01,122.59
622,606351.7654,56.708,59,-137.963,25.093,71.571,130.387,122.722,135.13,207.55,96.93,176.15,123.3
623,606351.770872,58.091,62,-138.167,25.391,69.915,132.273,123.299,134.89,208.0,94.67,178.71,123.88
624,606351.773518,58.482,59,-138.802,25.176,68.88,131.76,123.844,133.93,207.58,93.21,177.94,124.32
625,606351.782406,59.464,60,-138.941,25.437,67.521,132.894,124.09,133.81,208.04,91.37,179.78,124.67
626,606351.786198,59.824,61,-138.784,25.87,66.565,132.425,124.021,134.07,208.68,90.1,178.92,124.56
627,606351.789541,60.157,62,-138.614,26.148,66.168,132.967,123.733,134.24,209.01,89.54,179.86,124.3
628,606351.794786,60.285,59,-138.626,26.402,65.916,132.98,123.593,134.16,209.31,89.24,179.54,124.16
629,606351.797599,60.051,62,-138.167,26.836,66.291,132.789,122.9,134.86,209.95,89.72,179.63,123.46
630,606351.806785,59.362,64,-137.351,27.572,66.884,131.246,121.765,136.0,210.96,90.54,177.45,122.34
631,606351.810008,59.304,61,-137.237,27.594,67.696,132.611,121.139,136.22,211.02,91.72,178.97,121.71
632,606351.813687,58.821,61,-136.52,28.0,68.649,132.601,120.127,137.05,211.49,93.01,179.15,120.72
633,606351.818578,58.507,60,-135.963,28.357,69.397,132.843,119.199,137.81,211.99,94.02,179.3,119.85
634,606351.822189,57.437,59,-134.8,29.058,70.385,130.774,117.925,139.4,212.94,95.44,176.39,118.49
635,606351.835384,56.893,60,-133.447,29.531,71.35,130.63,116.516,141.21,213.47,96.95,176.2,117.12
636,606351.839601,56.999,60,-132.11,30.196,71.375,131.047,115.891,143.13,214.55,96.79,176.89,116.38
637,606351.846993,56.723,62,-130.146,30.766,71.376,130.086,114.908,145.7,215.22,96.95,175.55,115.47
638,606351.849408,57.502,65,-129.307,31.007,70.753,131.691,114.928,146.88,215.6,96.01,178.13,115.49
639,606351.85827,57.709,64,-128.283,31.331,70.367,131.719,114.626,148.24,216.03,95.53,178.06,115.17
640,606351.862179,57.729,65,-127.136,31.64,70.062,131.22,114.348,149.77,216.43,95.19,177.38,114.92
641,606351.865174,57.953,64,-125.986,31.933,69.792,131.53,113.918,151.33,216.86,94.73,178.13,114.42
642,606351.869803,57.454,68,-125.11,32.191,70.254,130.589,113.851,152.63,217.28,95.44,176.47,114.32
643,606351.874508,56.946,65,-124.123,32.58,70.992,130.157,113.326,153.93,217.79,96.43,176.02,113.8
644,606351.882439,56.574,68,-123.566,32.719,71.985,130.678,113.177,154.6,217.93,97.74,177.06,113.69
645,606351.886037,54.298,69,-122.915,32.665,75.816,129.917,114.174,155.5,217.82,103.04,176.01,114.7
646,606351.889534,52.128,80,-122.461,32.092,79.195,129.005,115.285,156.08,217.06,107.5,174.89,115.88
647,606351.894219,50.905,79,-122.075,31.789,81.327,128.965,116.0,156.62,216.62,110.47,174.85,116.59
648,606351.897334,50.173,77,-121.87,31.433,82.539,128.873,116.477,156.88,216.16,112.04,174.76,117.11
649,606351.901974,49.892,77,-121.767,31.215,83.013,128.857,116.386,157.02,215.82,112.78,174.71,117.06
650,606351.911342,50.123,78,-121.971,30.978,82.592,128.821,116.107,156.74,215.53,112.12,174.67,116.74
651,606351.922785,51.021,75,-123.175,30.903,81.055,128.855,113.012,155.13,215.42,110.09,174.58,113.63
652,606351.926033,51.795,75,-123.804,30.887,79.729,128.911,111.917,154.25,215.41,108.27,174.56,112.57
653,606351.934936,52.637,76,-124.308,30.819,78.221,128.893,110.934,153.61,215.31,106.26,174.53,111.52
654,606351.937916,53.907,66,-124.867,30.895,75.984,128.983,110.434,152.85,215.42,103.23,174.62,110.99
655,606351.942557,55.194,67,-125.823,30.82,73.943,129.544,110.001,151.49,215.3,100.53,175.02,110.49
656,606351.946445,56.578,63,-126.625,30.79,72.025,130.765,109.986,150.4,215.2,97.83,176.66,110.38
657,606351.949961,56.831,63,-127.031,30.841,70.876,129.545,110.686,149.8,215.29,96.28,175.15,111.14
658,606351.954076,57.601,59,-128.686,30.48,69.489,129.691,110.876,147.71,214.88,94.37,175.49,111.42
659,606351.962001,57.872,55,-128.18,31.045,68.69,129.163,113.328,148.27,215.61,93.29,174.55,113.87
660,606351.965419,58.688,64,-129.801,30.865,68.048,130.938,114.291,146.2,215.4,92.4,176.54,114.85
661,606351.969435,58.708,59,-130.618,30.667,67.589,130.13,115.627,145.13,215.18,91.7,176.0,116.14
662,606351.973222,59.227,62,-131.117,30.772,67.33,131.599,117.738,144.47,215.32,91.3,177.92,118.3
663,606351.978126,58.942,65,-131.842,30.475,67.553,130.94,119.046,143.48,214.95,91.58,177.26,119.65
664,606351.986902,59.005,64,-132.243,30.455,67.812,131.682,120.596,142.9,214.9,91.89,178.17,121.11
665,606351.990042,58.533,68,-132.691,30.33,68.528,131.28,121.596,142.32,214.74,92.85,177.55,122.15
666,606351.993729,57.76,68,-133.279,30.037,69.394,130.083,122.28,141.49,214.32,93.98,176.16,122.88
667,606352.011104,57.136,71,-134.656,29.781,70.899,130.655,121.263,139.63,213.95,96.02,176.76,121.87
668,606352.013976,56.434,70,-134.66,29.672,72.081,130.369,120.078,139.64,213.78,97.68,176.32,120.68
669,606352.017128,56.555,68,-135.212,29.764,71.747,130.181,119.321,138.95,213.95,97.22,176.02,119.82
670,606352.023196,55.923,65,-135.069,29.303,73.169,130.588,118.443,139.08,213.26,99.17,176.61,119.07
671,606352.025483,56.313,63,-135.03,29.476,72.849,131.34,117.647,139.11,213.48,98.76,177.46,118.27
672,606352.029898,56.257,65,-134.97,29.469,72.976,131.378,117.421,139.13,213.47,98.87,177.47,118.08
673,606352.038264,56.132,57,-134.629,29.381,73.23,131.407,117.425,139.67,213.32,99.38,177.39,118.05
674,606352.041415,56.497,61,-134.619,29.23,73.125,132.478,117.456,139.67,213.14,99.1,179.11,118.04
675,606352.046861,56.624,59,-134.21,29.282,72.825,132.378,117.727,140.24,213.24,98.71,179.04,118.33
676,606352.05025,57.346,53,-134.065,29.287,71.971,133.389,118.231,140.27,213.16,97.59,180.07,118.88
677,606352.054293,57.528,56,-133.556,29.241,71.526,133.224,118.559,141.09,213.19,96.94,180.24,119.14
678,606352.062663,56.396,61,-133.106,29.137,71.317,128.859,118.562,141.77,213.14,96.67,174.6,119.27
679,606352.06592,57.087,72,-132.443,29.072,70.88,130.447,119.611,142.62,212.99,96.08,176.48,120.19
680,606352.069689,57.18,76,-131.893,29.047,70.503,130.078,120.0,143.33,212.94,95.55,176.12,120.57
681,606352.073989,57.081,78,-131.243,28.964,70.474,129.679,120.119,144.2,212.83,95.53,175.6,120.68
682,606352.077998,56.828,79,-130.617,29.034,70.937,129.646,120.055,145.04,212.92,96.15,175.58,120.62
683,606352.085618,56.183,78,-129.994,29.343,72.133,129.608,119.704,145.89,213.34,97.79,175.54,120.28
684,606352.094777,54.663,73,-128.777,29.664,74.876,129.456,118.897,147.53,213.77,101.52,175.36,119.49
685,606352.099355,54.226,69,-128.157,29.814,75.828,129.71,118.365,148.37,213.96,102.88,175.5,118.94
686,606352.102222,53.652,62,-127.085,30.146,76.526,129.119,117.912,149.85,214.36,103.99,174.85,118.49
687,606352.106592,53.812,63,-126.731,30.107,77.055,130.505,116.707,150.29,214.35,104.53,176.88,117.32
688,606352.11442,53.067,60,-126.97,29.859,77.351,128.73,118.041,150.06,214.11,105.18,174.32,118.65
689,606352.117315,54.066,61,-126.709,29.804,76.294,130.006,119.601,150.31,213.93,103.49,175.88,120.09
690,606352.12255,54.662,63,-126.656,30.145,75.528,130.581,120.618,150.38,214.43,102.41,177.02,121.19
691,606352.126645,54.927,63,-126.55,30.278,74.743,130.075,120.845,150.58,214.66,101.36,176.29,121.44
692,606352.129444,55.138,73,-126.644,30.593,73.986,129.435,120.607,150.39,215.04,100.31,175.47,121.17
693,606352.138037,55.892,74,-126.83,30.826,72.849,129.913,119.696,150.09,215.36,98.73,176.02,120.31
694,606352.142114,56.23,72,-127.031,31.113,71.926,129.396,118.249,149.87,215.68,97.68,175.3,118.87
695,606352.146033,56.852,74,-126.932,31.479,70.953,129.759,116.504,150.03,216.25,96.26,175.77,117.04
696,606352.149943,57.342,72,-127.156,31.583,70.294,130.264,114.896,149.74,216.38,95.39,176.4,115.43
697,606352.153523,57.653,68,-127.089,31.795,69.797,130.449,113.119,149.94,216.71,94.73,176.67,113.59
698,606352.161732,57.64,72,-127.212,31.814,69.67,130.167,111.782,149.76,216.66,94.7,176.19,112.23
699,606352.165766,57.52,73,-126.962,31.832,69.956,130.271,110.715,150.03,216.7,95.04,176.12,111.25
700,606352.169483,57.606,69,-126.802,31.947,69.999,130.66,110.033,150.24,216.85,95.11,176.69,110.53
701,606352.187885,57.134,61,-126.035,32.586,70.661,130.209,111.442,151.26,217.74,95.95,176.24,111.96
702,606352.190887,57.922,59,-126.189,32.77,70.257,132.292,112.088,151.07,217.99,95.39,179.06,112.6
703,606352.19416,57.903,60,-126.56,32.65,69.981,131.702,113.344,150.47,217.76,95.04,178.17,113.86
704,606352.197389,58.471,58,-126.463,32.786,69.134,132.206,114.357,150.79,218.08,93.88,178.63,114.84
705,606352.202444,58.843,62,-126.419,32.698,68.524,132.442,115.05,150.73,217.91,93.03,179.04,115.6
706,606352.205849,58.658,67,-126.491,32.586,68.349,131.406,115.717,150.68,217.77,92.76,177.88,116.23
707,606352.213745,58.152,68,-127.076,31.987,69.171,131.087,116.942,149.84,216.95,93.83,177.59,117.45
708,606352.2179,57.697,67,-127.698,31.378,69.754,130.528,118.083,149.01,216.13,94.62,176.72,118.62
709,606352.221412,57.244,73,-128.625,30.762,70.386,130.089,118.993,147.74,215.28,95.43,176.23,119.53
710,606352.226872,56.722,73,-129.373,30.157,71.332,130.0,119.703,146.73,214.45,96.71,176.1,120.26
711,606352.229896,56.321,73,-130.112,29.7,72.189,130.178,120.029,145.73,213.83,97.86,176.31,120.6
712,606352.237773,55.624,74,-130.855,29.129,73.401,130.001,120.132,144.73,213.04,99.5,176.04,120.72
713,606352.241895,54.854,76,-131.635,28.547,74.597,129.586,120.213,143.68,212.24,101.11,175.45,120.83
714,606352.245453,54.514,75,-132.312,28.11,75.16,129.474,120.027,142.74,211.64,101.86,175.34,120.62
715,606352.250711,54.264,70,-132.792,27.818,75.587,129.418,119.831,142.09,211.21,102.42,175.12,120.4
716,606352.253916,54.113,71,-133.446,27.484,75.946,129.559,119.417,141.18,210.77,102.9,175.5,120.0
717,606352.258296,54.342,62,-134.065,27.177,76.229,130.765,119.239,140.4,210.33,103.34,176.98,119.93
718,606352.270905,53.563,61,-134.312,27.025,76.672,129.089,119.579,139.93,210.1,103.93,174.26,120.32
719,606352.2742,54.657,61,-135.142,26.867,75.97,131.33,119.28,138.96,209.95,102.95,177.62,119.93
720,606352.27787,54.945,60,-135.365,26.886,75.468,131.396,119.535,138.67,210.0,102.36,177.1,120.18
721,606352.281676,54.713,68,-135.198,27.063,74.982,129.802,120.155,138.95,210.27,101.61,175.42,120.77
722,606352.290367,55.565,65,-135.53,27.075,73.928,130.736,120.358,138.43,210.24,100.15,176.91,120.99
723,606352.293705,56.001,67,-135.22,27.398,73.033,130.605,120.696,138.83,210.71,98.89,176.81,121.38
724,606352.297392,56.628,65,-134.939,27.646,72.045,130.973,121.129,139.29,211.09,97.6,177.05,121.68
725,606352.30264,57.502,66,-134.736,27.915,70.425,131.079,122.506,139.57,211.42,95.49,177.22,123.04
726,606352.305871,57.869,65,-134.292,27.833,68.759,129.283,123.569,140.06,211.3,93.1,175.08,124.15
727,606352.314517,59.198,64,-134.089,28.333,66.688,130.231,124.583,140.39,212.03,90.33,176.14,125.12
728,606352.317763,59.957,72,-133.634,28.547,65.549,130.929,124.813,141.02,212.3,88.86,177.23,125.28
729,606352.322022,60.228,67,-133.115,29.151,65.03,130.964,124.215,141.82,213.19,88.14,177.21,124.61
730,606352.326876,59.841,68,-132.573,29.369,65.68,130.733,123.372,142.38,213.4,88.97,177.08,123.89
731,606352.33056,59.663,73,-132.314,29.979,65.977,130.625,122.328,142.79,214.2,89.49,176.91,122.82
732,606352.333475,58.506,66,-131.486,30.101,68.109,130.374,120.512,143.85,214.52,91.96,176.64,121.0
733,606352.342056,58.194,67,-131.242,30.639,68.909,130.746,119.069,144.25,215.09,93.5,176.94,119.63
734,606352.345627,56.407,66,-130.384,30.512,71.811,129.789,117.627,145.36,214.91,97.39,175.78,118.18
735,606352.358753,54.396,70,-128.452,31.233,75.735,130.087,114.376,148.01,215.89,102.76,176.09,114.97
736,606352.366183,54.24,63,-127.115,31.543,76.632,131.131,113.567,149.82,216.31,104.01,177.5,114.15
737,606352.369688,53.139,63,-126.372,31.323,77.843,129.764,113.42,150.79,215.86,106.01,175.41,114.1
738,606352.373877,52.414,67,-125.852,30.941,78.591,128.85,112.695,151.53,215.49,106.72,174.49,113.33
739,606352.378508,53.563,61,-124.935,31.45,77.808,131.002,113.216,152.86,216.23,105.72,176.96,113.76
740,606352.381881,53.675,62,-124.255,31.564,77.647,131.08,113.221,153.66,216.33,105.49,177.19,113.75
741,606352.38967,53.279,62,-124.477,31.213,77.404,129.456,113.356,153.4,215.87,105.23,175.38,114.05
742,606352.394726,54.997,58,-123.987,31.457,75.567,131.738,114.419,154.07,216.18,102.7,178.41,114.92
743,606352.397236,54.575,57,-124.206,31.156,74.8,129.045,115.127,153.72,215.8,101.54,174.88,115.69
744,606352.401955,55.245,56,-124.405,31.212,73.695,129.273,115.253,153.59,216.0,100.13,174.83,115.8
745,606352.40531,55.829,60,-124.552,31.494,73.529,130.911,116.33,153.19,216.25,99.81,177.24,116.9
746,606352.409305,56.007,62,-124.759,31.593,73.268,131.05,116.688,152.96,216.4,99.42,177.6,117.22
747,606352.417982,56.08,63,-125.11,31.583,73.004,130.822,116.876,152.53,216.41,99.12,176.91,117.46
748,606352.421862,55.321,67,-125.423,31.421,73.096,128.468,116.366,152.1,216.21,99.21,174.19,117.0
749,606352.425122,55.967,75,-125.585,31.691,72.554,129.638,116.6,151.88,216.55,98.46,175.57,117.14
750,606352.430874,56.097,76,-125.873,31.743,72.323,129.661,116.133,151.45,216.58,98.15,175.6,116.65
751,606352.434129,56.135,74,-126.309,31.707,72.173,129.519,115.534,150.89,216.55,97.94,175.44,116.08
752,606352.450123,56.445,80,-127.307,31.508,71.771,129.848,114.432,149.54,216.28,97.4,175.83,114.98
753,606352.454684,56.582,75,-127.596,31.497,71.496,129.816,114.458,149.18,216.27,97.05,175.69,115.01
754,606352.458442,56.818,74,-127.824,31.532,71.091,129.892,114.536,148.91,216.32,96.5,175.83,115.04
755,606352.46206,56.529,73,-128.071,31.318,71.357,129.384,115.448,148.54,215.97,96.95,175.18,115.99
756,606352.469859,56.075,66,-128.684,31.011,72.162,129.299,118.209,147.61,215.65,97.74,175.3,118.65
757,606352.473793,55.475,60,-129.263,30.26,72.775,128.402,121.431,146.74,214.55,98.59,174.3,121.91
758,606352.478156,56.446,62,-129.809,29.782,72.278,130.765,123.207,146.17,214.01,97.97,176.69,123.69
759,606352.482075,55.711,57,-130.171,29.147,71.942,127.7,126.058,145.49,213.04,97.41,173.21,126.6
760,606352.485516,57.045,59,-131.023,28.632,71.159,130.811,125.516,144.36,212.28,96.49,176.77,126.05
761,606352.493752,57.052,56,-131.333,28.477,70.633,129.869,126.107,144.12,212.24,95.67,175.72,126.64
762,606352.497913,57.303,62,-132.114,28.206,70.69,130.859,124.824,143.07,211.86,95.78,177.01,125.38
763,606352.501461,56.896,62,-132.515,28.227,71.459,130.84,123.596,142.51,211.84,96.85,176.97,124.22
764,606352.50675,56.527,61,-132.845,28.331,72.347,131.172,122.164,142.05,211.94,98.09,177.55,122.74
765,606352.510534,55.577,61,-133.524,28.038,73.378,129.805,120.491,141.23,211.56,99.59,175.35,121.11
766,606352.518854,55.551,65,-133.364,28.307,73.961,130.75,118.854,141.35,211.91,100.27,176.66,119.53
767,606352.521692,55.737,63,-133.501,28.306,73.938,131.331,117.405,141.18,211.91,100.23,177.68,118.01
768,606352.531275,55.119,78,-133.251,28.54,74.165,129.689,115.456,141.54,212.19,100.65,175.36,116.1
769,606352.53564,54.983,72,-133.026,28.8,74.284,129.456,114.837,141.85,212.58,100.75,175.08,115.46
770,606352.537392,55.208,78,-132.71,29.352,74.093,129.85,114.775,142.28,213.33,100.49,175.61,115.39
771,606352.547745,56.32,75,-132.578,29.953,72.282,130.343,114.881,142.45,214.15,98.03,176.3,115.47
772,606352.549322,57.573,71,-132.361,30.525,70.132,130.788,115.154,142.74,214.93,95.12,176.9,115.72
773,606352.556073,58.42,73,-131.767,31.139,68.383,130.578,115.213,143.54,215.78,92.76,176.63,115.76
774,606352.558192,60.056,64,-131.369,31.775,65.708,131.637,115.587,144.07,216.65,89.11,178.1,116.11
775,606352.561515,61.174,64,-130.642,32.314,63.612,131.935,115.563,145.05,217.4,86.28,178.53,116.06
776,606352.569962,62.068,58,-130.0,32.734,61.892,132.13,115.397,145.91,217.98,83.95,178.84,115.89
777,606352.574024,62.987,63,-129.28,33.355,60.644,133.521,115.582,146.82,218.76,82.27,180.27,116.0
778,606352.577458,63.392,57,-128.319,33.983,60.064,134.108,115.189,148.05,219.46,81.89,180.84,115.75
779,606352.583046,63.212,59,-128.096,34.177,60.251,133.686,114.973,148.48,219.95,81.73,180.99,115.42
780,606352.586326,62.616,60,-127.275,34.526,61.309,133.295,114.473,149.59,220.38,83.33,180.04,114.96
781,606352.595004,61.753,64,-126.898,34.576,62.79,132.67,114.192,150.1,220.5,85.19,179.5,114.65
782,606352.59839,60.831,66,-126.113,34.781,64.4,132.134,113.714,151.16,220.76,87.39,178.94,114.18
783,606352.601478,59.789,65,-125.504,34.777,66.204,131.568,113.479,152.04,220.77,89.86,178.01,113.94
784,606352.615659,55.141,63,-124.74,33.46,74.303,129.999,116.517,152.94,218.91,100.83,176.01,117.1
785,606352.62147,53.442,68,-124.602,32.395,76.874,129.062,118.983,153.12,217.49,104.22,175.02,119.44
786,606352.626633,52.583,70,-124.98,31.136,78.235,128.76,119.94,152.66,215.78,106.11,174.62,120.57
787,606352.629987,53.127,64,-125.013,30.654,78.501,130.826,121.921,152.71,215.17,106.44,177.56,122.4
788,606352.63462,52.392,67,-125.534,29.736,78.879,129.256,122.108,151.91,213.88,106.93,175.41,122.74
789,606352.637899,52.399,66,-125.794,29.339,78.91,129.328,122.462,151.57,213.35,106.99,175.3,123.05
790,606352.646027,52.238,66,-126.379,29.002,79.547,129.898,121.671,150.8,212.89,107.88,176.01,122.27
791,606352.649686,51.064,70,-126.299,28.762,81.083,129.02,120.05,150.9,212.54,109.98,174.81,120.7
792,606352.653473,50.645,79,-127.141,28.433,81.531,128.572,119.218,149.7,212.04,110.54,174.38,119.92
793,606352.658627,50.787,74,-127.698,28.296,81.477,128.877,117.396,149.01,211.88,110.53,174.57,118.06
794,606352.661571,50.14,76,-128.022,27.776,82.567,128.828,115.49,148.58,211.16,112.05,174.43,116.17
795,606352.670365,49.925,73,-128.636,27.439,82.949,128.846,114.356,147.77,210.7,112.6,174.38,115.05
796,606352.673916,49.993,68,-129.014,27.435,82.673,128.599,113.339,147.26,210.69,112.23,174.01,114.02
797,606352.677584,51.084,66,-129.795,27.438,81.754,130.143,113.138,146.21,210.69,110.98,176.05,113.81
798,606352.682653,52.493,63,-130.566,27.598,79.733,130.954,113.759,145.17,210.92,108.21,177.13,114.4
799,606352.685915,54.202,56,-131.379,27.881,77.284,132.125,114.598,144.07,211.31,104.87,178.71,115.21
800,606352.698464,56.603,64,-132.225,28.727,71.896,130.616,116.113,142.91,212.49,97.52,176.65,116.69
801,606352.703767,58.13,73,-133.129,28.993,68.767,130.242,117.826,141.68,212.87,93.19,176.39,118.41
802,606352.705546,59.973,77,-133.649,29.242,65.548,130.992,118.839,140.97,213.22,88.83,177.25,119.37
803,606352.710858,61.301,74,-133.734,29.636,62.987,131.164,119.344,140.85,213.76,85.35,177.49,119.86
804,606352.714142,62.435,67,-134.184,29.769,60.98,131.773,119.902,140.17,213.92,82.64,178.1,120.44
805,606352.721971,63.092,54,-133.601,30.641,59.322,131.08,119.821,140.94,215.14,80.37,177.54,120.24
806,606352.726123,63.917,60,-133.975,30.724,58.76,133.646,119.747,140.6,215.31,79.66,180.34,120.12
807,606352.729479,64.272,57,-133.691,31.206,58.785,135.419,119.282,140.96,215.96,79.67,182.95,119.73
808,606352.73504,63.427,58,-133.659,31.519,59.862,133.815,118.902,140.94,216.33,81.1,181.05,119.39
809,606352.737538,61.987,62,-133.743,31.563,61.392,130.712,118.547,140.87,216.35,83.3,176.76,119.03
810,606352.745867,62.254,65,-133.606,31.794,61.537,132.182,119.925,141.1,216.75,83.39,178.6,120.44
811,606352.749773,61.644,73,-133.266,31.858,62.395,131.373,121.053,141.47,216.79,84.49,177.87,121.56
812,606352.753371,61.393,70,-133.172,32.036,63.065,131.714,121.686,141.66,217.08,85.42,178.11,122.18
813,606352.758808,60.984,70,-133.081,31.87,63.844,131.624,121.975,141.71,216.81,86.44,178.23,122.49
814,606352.761863,60.364,66,-133.402,31.636,64.934,131.314,122.355,141.26,216.48,87.91,177.81,122.9
815,606352.766029,60.037,66,-132.592,31.711,66.028,132.204,121.233,142.33,216.53,89.43,178.73,121.7
816,606352.7739,59.917,58,-132.242,31.824,66.81,133.285,120.447,142.8,216.63,90.68,180.02,120.97
817,606352.782139,59.282,54,-132.068,31.254,68.44,133.982,118.137,143.09,215.94,92.76,181.31,118.68
818,606352.787052,58.34,60,-131.725,30.815,69.78,132.945,116.898,143.56,215.28,94.72,179.85,117.49
819,606352.789537,57.502,60,-131.448,30.472,70.95,132.058,115.979,143.92,214.84,96.2,178.84,116.55
820,606352.798599,56.391,67,-130.507,30.202,72.36,130.728,115.064,145.24,214.49,98.16,176.89,115.63
821,606352.802362,55.243,75,-130.399,29.554,73.942,129.701,115.085,145.38,213.61,100.31,175.51,115.67
822,606352.805745,54.561,77,-130.625,28.641,75.072,129.472,116.556,145.06,212.37,101.82,175.23,117.16
823,606352.810095,53.639,74,-130.731,27.887,76.69,129.353,117.902,144.92,211.34,104.01,175.09,118.53
824,606352.814237,52.567,78,-131.062,27.241,78.488,129.128,119.602,144.46,210.46,106.41,174.83,120.27
825,606352.82164,51.745,71,-131.025,26.814,79.661,128.66,121.011,144.45,209.8,108.02,174.28,121.66
826,606352.825845,51.482,63,-131.445,26.307,80.04,128.523,122.285,143.78,209.1,108.49,173.97,122.83
827,606352.829585,52.263,60,-131.872,26.038,79.678,130.183,123.408,143.3,208.72,108.14,175.76,124.19
828,606352.83425,51.932,59,-131.65,26.036,79.804,129.427,123.921,143.66,208.77,108.25,175.04,124.59
829,606352.837683,51.88,63,-132.68,25.559,79.716,129.132,123.255,142.33,208.23,108.03,174.68,123.92
830,606352.841963,52.271,68,-132.982,25.878,79.525,129.958,123.221,141.8,208.62,107.61,176.12,123.92
831,606352.849827,52.353,71,-133.117,26.146,79.378,129.958,122.187,141.67,208.96,107.52,176.01,122.87
832,606352.853825,52.59,67,-133.275,26.351,78.955,129.964,121.108,141.43,209.22,107.0,175.79,121.8
833,606352.866785,55.909,74,-133.942,27.169,72.709,129.721,120.59,140.59,210.39,98.54,175.48,121.2
834,606352.873867,57.443,72,-134.233,27.716,70.037,130.146,120.379,140.2,211.11,95.0,175.99,120.98
835,606352.87812,58.472,70,-134.641,28.055,68.075,130.182,120.47,139.66,211.63,92.25,175.97,121.02
836,606352.881839,59.594,64,-134.746,28.641,66.332,131.061,119.933,139.58,212.42,89.94,177.24,120.43
837,606352.885955,60.015,64,-134.898,29.123,65.36,130.779,119.721,139.25,213.05,88.54,176.91,120.29
838,606352.889774,60.342,65,-133.732,29.859,65.25,131.866,118.542,140.81,214.02,88.46,178.14,119.03
839,606352.898229,60.661,59,-133.446,30.319,65.027,132.714,118.216,141.23,214.66,88.15,179.38,118.71
840,606352.901501,60.441,57,-134.056,30.504,65.009,131.778,118.625,140.34,214.87,88.14,178.16,119.22
841,606352.905351,60.116,60,-132.678,31.134,66.042,132.548,117.331,142.1,215.67,89.58,178.67,117.85
842,606352.91092,60.393,56,-131.917,31.907,66.289,134.173,116.961,143.32,216.84,89.86,181.56,117.48
843,606352.913228,58.693,57,-131.976,32.005,68.614,132.045,117.26,143.43,217.13,93.02,178.24,117.75
844,606352.918543,57.739,63,-131.984,31.623,70.61,132.284,118.258,143.23,216.44,95.69,179.06,118.82
845,606352.926518,56.84,63,-132.039,31.63,72.182,131.963,119.059,143.15,216.39,97.92,178.29,119.64
846,606352.929895,55.218,69,-132.181,31.136,73.969,129.669,119.68,142.98,215.79,100.22,175.51,120.28
847,606352.933169,54.794,76,-132.049,30.956,74.856,129.841,120.198,143.14,215.52,101.41,175.83,120.83
848,606352.93841,54.654,77,-132.089,30.749,75.124,129.857,120.652,143.08,215.24,101.78,175.84,121.28
849,606352.941241,54.813,78,-132.118,30.544,74.86,129.909,120.61,143.03,214.96,101.42,175.92,121.24
850,606352.95465,55.631,78,-132.02,30.104,73.318,129.877,119.537,143.17,214.37,99.36,175.83,120.14
851,606352.959351,56.24,75,-131.901,29.939,72.079,129.706,118.771,143.33,214.15,97.69,175.58,119.36
852,606352.962325,56.653,71,-131.644,29.608,71.033,129.218,118.283,143.64,213.66,96.32,174.94,118.9
853,606352.966145,57.484,64,-131.809,29.164,70.38,130.933,118.679,143.45,213.1,95.41,177.21,119.24
854,606352.970024,57.469,56,-131.298,28.801,70.197,130.536,120.282,144.17,212.65,95.15,176.6,120.8
855,606352.977782,57.888,58,-131.61,28.301,70.205,132.071,121.621,143.65,211.92,95.25,177.85,122.17
856,606352.981555,57.495,51,-131.645,28.133,71.175,132.451,122.672,143.65,211.7,96.43,179.4,123.22
857,606352.986951,55.872,59,-131.745,27.769,73.076,130.249,123.19,143.54,211.21,99.03,176.32,123.8
858,606352.990296,55.4,63,-131.644,27.762,74.039,130.386,123.506,143.67,211.2,100.32,176.51,124.12
859,606352.993838,54.773,62,-131.928,27.475,74.886,129.825,123.197,143.26,210.79,101.44,175.91,123.81
860,606353.003633,53.799,67,-131.907,27.378,75.805,128.347,122.302,143.3,210.66,102.7,173.88,122.95
861,606353.006544,53.843,74,-131.792,27.505,76.166,129.096,121.807,143.46,210.83,103.21,174.85,122.45
862,606353.009685,53.939,73,-131.751,27.732,76.039,129.176,120.562,143.52,211.13,103.05,174.9,121.19
863,606353.014704,54.009,73,-131.725,27.794,75.96,129.259,119.352,143.56,211.21,102.97,174.99,119.98
864,606353.017351,54.605,71,-131.705,28.128,75.089,129.639,117.675,143.61,211.67,101.82,175.44,118.29
865,606353.025987,55.609,71,-131.828,28.359,73.429,130.0,116.421,143.57,211.93,99.85,175.87,116.89
866,606353.030163,56.007,73,-131.493,28.757,72.679,129.996,114.943,143.92,212.43,98.85,175.67,115.51
867,606353.042709,58.942,59,-130.755,30.252,68.281,132.351,113.442,144.9,214.56,92.67,178.98,113.97
868,606353.046037,59.49,55,-130.334,31.004,67.12,132.206,113.131,145.38,215.56,91.13,178.51,113.68
869,606353.05489,59.901,58,-130.083,31.491,66.471,132.547,113.428,145.81,216.26,90.19,179.33,113.93
870,606353.057339,59.846,64,-129.812,31.914,66.192,131.77,113.87,146.22,216.86,89.83,178.14,114.38
871,606353.062664,59.538,68,-128.861,32.529,66.241,130.663,113.915,147.47,217.69,89.87,176.8,114.41
872,606353.065605,58.867,68,-128.909,32.622,67.582,130.715,115.589,147.38,217.81,91.67,176.95,116.11
873,606353.069532,57.764,73,-128.738,32.465,69.751,130.766,117.692,147.6,217.59,94.58,177.1,118.23
874,606353.07839,56.666,73,-128.682,32.257,71.621,130.332,119.625,147.67,217.31,97.09,176.57,120.18
875,606353.082286,56.484,68,-128.652,31.954,72.32,130.975,121.292,147.69,216.89,98.01,177.48,121.85
876,606353.085428,55.817,57,-128.936,31.443,72.712,129.42,121.761,147.46,216.35,98.67,175.05,122.41
877,606353.091689,56.097,59,-128.427,31.797,72.539,130.047,122.946,148.01,216.7,98.3,176.18,123.52
878,606353.093949,56.578,66,-129.052,31.59,72.025,130.765,122.515,147.23,216.42,97.69,177.13,123.1
879,606353.103014,56.407,63,-128.525,31.392,72.348,130.761,121.206,147.89,216.14,98.07,177.11,121.78
880,606353.105831,56.172,75,-128.728,31.271,72.162,129.624,120.294,147.61,215.94,97.89,175.6,120.85
881,606353.109643,56.215,74,-128.858,30.953,72.428,130.248,118.736,147.43,215.53,98.19,176.44,119.3
882,606353.126694,55.384,64,-128.99,29.976,74.871,131.799,114.449,147.21,214.17,101.58,178.2,115.07
883,606353.129923,54.802,60,-129.024,29.563,75.798,131.501,113.711,147.24,213.61,102.87,177.94,114.3
884,606353.134872,52.856,57,-129.486,28.466,77.532,128.403,112.449,146.63,212.11,105.27,173.74,113.09
885,606353.137486,53.184,71,-129.609,28.704,77.633,129.55,113.385,146.49,212.41,105.47,175.28,114.1
886,606353.14315,52.548,79,-129.772,28.459,78.486,129.069,114.254,146.22,212.12,106.44,174.68,114.92
887,606353.145538,52.83,81,-130.214,28.114,78.169,129.38,115.456,145.63,211.64,106.05,175.09,116.1
888,606353.153932,53.419,72,-130.801,27.906,77.108,129.385,116.849,144.85,211.38,104.59,175.03,117.46
889,606353.158464,54.061,58,-130.575,28.106,75.55,128.723,118.103,144.94,211.54,102.52,173.76,118.79
890,606353.161671,55.564,60,-131.79,27.653,73.675,130.288,121.013,143.41,210.99,99.9,176.19,121.63
891,606353.166305,56.534,60,-132.23,27.199,71.635,129.905,123.06,142.92,210.5,97.07,176.0,123.72
892,606353.169644,57.631,68,-132.869,27.463,69.629,130.058,125.351,141.95,210.82,94.22,176.32,125.97
893,606353.178406,58.914,71,-133.485,27.768,67.198,130.148,126.044,141.13,211.22,90.96,176.32,126.58
894,606353.182257,60.15,68,-134.454,27.97,65.054,130.702,126.185,139.91,211.51,88.13,177.14,126.63
895,606353.185278,60.811,67,-134.726,28.311,64.186,131.613,125.034,139.37,211.91,86.91,177.93,125.58
896,606353.190516,61.467,65,-134.729,28.981,63.608,133.165,123.172,139.43,212.86,86.12,180.16,123.71
897,606353.194194,60.218,57,-135.007,29.097,64.754,130.368,121.795,139.07,213.04,87.63,176.28,122.32
898,606353.210785,56.939,65,-135.678,29.096,71.53,131.12,118.477,138.24,212.97,96.89,177.4,119.1
899,606353.213716,54.898,76,-136.821,28.638,74.96,130.357,118.668,136.73,212.36,101.54,176.26,119.33
900,606353.218678,54.064,76,-137.047,28.141,76.722,130.727,119.229,136.48,211.71,103.88,176.94,119.89
901,606353.222215,54.051,68,-137.754,27.561,76.921,131.026,120.87,135.43,210.87,104.18,177.06,121.55
902,606353.230807,54.76,61,-137.991,27.278,76.07,131.835,121.888,135.17,210.5,103.05,178.28,122.53
903,606353.233903,54.547,57,-138.215,26.574,75.254,129.738,123.056,134.84,209.59,101.84,175.65,123.79
904,606353.237268,55.844,70,-138.335,26.498,73.239,130.448,123.319,134.9,209.63,99.24,175.68,124.01
905,606353.243199,56.667,70,-138.078,26.22,71.723,130.526,123.522,135.05,209.13,97.11,176.37,124.15
906,606353.246098,57.51,69,-137.786,25.986,69.885,130.102,123.735,135.41,208.78,94.58,176.27,124.32
907,606353.255145,59.169,68,-137.929,25.612,66.763,130.268,124.561,135.14,208.28,90.35,176.24,125.15
908,606353.257734,60.227,64,-137.904,25.488,64.809,130.514,124.761,135.2,208.15,87.7,176.54,125.29
909,606353.2617,60.624,63,-137.397,25.463,64.141,130.756,124.277,135.84,208.1,86.83,176.66,124.85
910,606353.267137,60.144,60,-135.53,26.337,65.472,131.515,122.628,138.44,209.32,88.72,177.48,123.07
911,606353.270845,59.725,56,-135.216,26.71,67.101,133.097,122.17,138.79,209.74,90.92,179.91,122.69
912,606353.27352,58.042,61,-134.683,26.858,69.832,131.933,121.675,139.55,209.96,94.59,178.57,122.24
913,606353.281789,56.251,66,-133.8,27.193,72.53,130.553,121.443,140.76,210.38,98.41,176.21,122.12
914,606353.289964,52.575,83,-132.599,27.108,78.533,129.226,122.004,142.37,210.28,106.39,174.99,122.68
915,606353.295282,51.479,82,-132.305,26.57,80.375,129.054,122.55,142.79,209.52,108.96,174.76,123.23
916,606353.297202,50.392,77,-132.144,26.408,82.024,128.659,123.289,143.04,209.3,111.19,174.59,123.77
917,606353.306071,50.508,71,-132.026,26.24,82.076,129.056,123.448,143.08,209.13,111.27,174.64,124.0
918,606353.310376,51.465,60,-131.836,26.366,81.347,130.574,123.272,143.44,209.28,110.22,176.72,123.97
919,606353.313186,51.767,54,-132.245,26.217,80.202,129.597,123.21,142.74,209.01,108.67,175.22,123.95
920,606353.318853,52.173,56,-131.182,26.444,79.217,129.169,122.334,144.31,209.34,107.49,174.43,123.03
921,606353.321408,52.759,64,-131.302,26.562,78.44,129.616,120.03,144.13,209.53,106.33,175.5,120.68
922,606353.330634,53.061,66,-131.553,26.756,77.349,128.707,119.174,143.91,209.83,104.91,174.51,119.79
923,606353.333877,54.733,71,-131.676,27.108,74.754,129.468,120.004,143.62,210.28,101.33,175.28,120.62
924,606353.337671,56.126,74,-131.954,27.5,72.142,129.433,119.995,143.24,210.83,97.79,175.23,120.58
925,606353.342486,57.599,71,-132.297,28.068,69.615,129.919,119.76,142.81,211.63,94.38,175.78,120.31
926,606353.346069,58.94,70,-132.215,28.426,67.588,131.003,118.883,142.93,212.1,91.67,177.31,119.38
927,606353.350458,59.655,70,-132.503,28.927,65.893,130.428,118.273,142.51,212.79,89.32,176.48,118.8
928,606353.358827,60.514,65,-132.324,29.396,64.75,131.55,117.514,142.76,213.43,87.82,177.74,118.0
929,606353.362158,61.062,64,-131.722,30.033,64.333,132.955,116.499,143.54,214.22,87.39,179.68,117.01
930,606353.366331,60.261,59,-131.842,30.135,65.177,131.391,115.675,143.48,214.46,88.42,177.27,116.13
931,606353.382718,57.784,62,-132.687,30.694,70.032,131.364,117.436,142.26,215.19,94.85,177.6,117.92
932,606353.386753,57.12,67,-132.621,30.684,71.33,131.392,118.366,142.51,215.08,97.03,177.56,118.91
933,606353.389657,56.561,67,-132.576,30.955,72.108,130.857,118.959,142.42,215.52,97.71,177.1,119.55
934,606353.394597,56.259,73,-132.852,30.813,72.495,130.518,119.551,142.06,215.33,98.22,176.67,120.15
935,606353.397756,56.427,71,-133.062,30.765,72.259,130.667,119.901,141.74,215.25,97.92,176.75,120.49
936,606353.405874,56.511,68,-133.259,30.663,72.022,130.526,119.942,141.5,215.13,97.58,176.64,120.54
937,606353.410434,56.11,69,-133.51,30.264,72.601,130.203,121.435,141.12,214.56,98.35,176.17,122.03
938,606353.413476,57.135,58,-133.794,29.882,71.886,132.47,122.066,140.77,214.07,97.36,179.32,122.65
939,606353.417479,56.848,60,-134.216,29.497,71.81,131.311,122.411,140.14,213.5,97.3,177.37,123.06
940,606353.421657,56.767,64,-134.512,29.028,71.419,130.315,122.443,139.96,213.06,96.79,175.95,123.02
941,606353.425731,57.165,66,-134.548,28.772,71.09,131.11,121.968,139.74,212.56,96.27,177.51,122.55
942,606353.434291,56.476,68,-134.356,28.279,71.609,129.66,121.138,140.01,211.94,96.9,175.55,121.71
943,606353.438383,56.423,71,-134.273,27.942,71.787,129.801,120.575,140.12,211.43,97.25,175.66,121.18
944,606353.441678,56.359,72,-134.199,27.531,71.989,129.948,119.847,140.19,210.8,97.63,175.88,120.53
945,606353.446971,55.906,64,-134.029,27.056,72.85,129.963,119.31,140.46,210.22,98.75,175.82,119.92
946,606353.450343,55.892,61,-134.001,26.891,72.655,129.567,119.298,140.44,209.98,98.48,175.18,119.94
947,606353.458912,56.115,61,-133.341,26.709,73.342,131.547,118.672,141.35,209.72,99.46,177.78,119.28
948,606353.470755,53.489,74,-132.352,26.236,76.56,128.677,119.246,142.72,209.1,103.79,174.17,119.89
949,606353.473675,53.24,78,-132.059,26.173,77.265,129.104,120.275,143.11,209.01,104.74,174.78,120.93
950,606353.47864,52.507,76,-132.034,25.888,78.425,128.847,122.346,143.12,208.62,106.27,174.5,123.02
951,606353.486708,52.357,67,-132.022,25.309,79.185,129.654,124.987,143.21,207.86,107.28,175.8,125.55
952,606353.489079,51.6,58,-132.099,24.707,79.781,128.441,125.746,143.02,207.03,108.06,174.08,126.45
953,606353.494769,51.747,64,-132.048,24.939,79.92,129.083,127.272,143.05,207.3,108.2,175.13,128.0
954,606353.497823,51.919,73,-132.444,25.234,79.469,128.846,128.098,142.52,207.71,107.57,174.6,128.74
955,606353.502128,52.475,75,-132.655,25.572,78.613,129.061,127.314,142.26,208.2,106.41,174.93,127.97
956,606353.510471,52.797,76,-132.778,25.733,78.314,129.52,125.619,142.11,208.41,106.05,175.49,126.27
957,606353.514067,53.601,73,-133.321,26.183,76.857,129.52,123.578,141.47,209.01,104.23,175.43,124.13
958,606353.517316,55.04,64,-133.419,26.847,74.974,130.844,121.133,141.29,209.89,101.7,176.89,121.75
959,606353.522716,55.518,57,-133.645,26.929,73.437,129.714,118.65,140.87,209.94,99.66,175.15,119.27
960,606353.526952,56.605,62,-133.767,27.167,72.522,131.759,115.469,140.84,210.34,98.47,177.54,116.05
961,606353.534098,56.528,66,-133.42,27.418,72.34,131.164,113.104,141.37,210.71,98.23,176.89,113.67
962,606353.538139,55.968,74,-133.22,27.7,72.919,130.294,111.553,141.7,211.04,99.11,176.12,112.03
963,606353.541952,55.595,71,-132.977,27.964,73.837,130.677,110.839,141.86,211.41,100.23,176.39,111.46
964,606353.555,55.323,62,-133.921,28.775,74.197,130.409,117.762,140.59,212.46,100.67,176.63,118.45
965,606353.561802,56.743,72,-133.884,29.206,71.363,130.131,121.907,140.64,213.16,96.68,175.99,122.51
966,606353.566075,58.957,67,-133.695,29.215,67.474,130.843,123.76,140.88,213.18,91.38,177.2,124.3
967,606353.571293,61.571,61,-134.442,29.055,62.521,131.328,125.454,139.81,212.98,84.6,177.85,125.98
968,606353.573595,64.124,52,-133.374,29.611,58.558,134.177,124.438,141.24,213.72,79.32,181.5,124.88
969,606353.577549,65.662,55,-132.654,30.311,55.534,134.754,122.724,142.25,214.71,75.23,182.5,123.16
970,606353.586197,64.285,63,-132.341,30.735,57.473,132.46,121.437,142.69,215.28,77.85,179.4,121.89
971,606353.58982,61.616,75,-132.175,30.63,62.072,130.574,120.968,142.91,215.11,84.11,176.71,121.46
972,606353.593467,59.489,69,-132.36,30.716,66.25,130.49,121.046,142.76,215.23,89.82,176.59,121.62
973,606353.597929,56.553,59,-132.409,30.1,70.771,128.402,122.458,142.58,214.36,95.85,173.92,123.05
974,606353.602093,55.84,60,-132.234,29.881,74.098,131.963,121.857,142.84,214.02,100.47,178.25,122.46
975,606353.610239,53.68,66,-132.488,29.107,77.233,130.398,122.723,142.52,213.0,104.59,176.63,123.37
976,606353.614451,52.405,75,-132.573,28.536,79.141,129.723,123.663,142.37,212.22,107.13,175.7,124.39
977,606353.617586,52.608,78,-133.223,27.91,78.638,129.494,125.255,141.52,211.37,106.44,175.45,125.93
978,606353.621753,53.956,75,-133.829,27.07,76.438,129.907,126.117,140.67,210.18,103.56,175.91,126.78
979,606353.626636,55.428,64,-134.221,26.893,73.737,129.946,126.26,140.0,209.9,99.91,175.7,126.83
980,606353.634175,58.1,59,-134.402,26.818,70.149,132.749,124.77,139.86,209.87,95.01,179.5,125.3
981,606353.646597,58.711,53,-134.894,25.575,68.002,130.933,118.403,139.33,208.27,92.17,177.02,118.93
982,606353.649746,56.959,68,-135.858,24.601,70.889,130.014,118.285,137.96,206.83,96.13,175.87,118.94
983,606353.654854,55.131,70,-136.213,23.836,74.072,129.564,118.639,137.52,205.83,100.41,175.15,119.28
984,606353.662401,53.208,73,-136.738,23.29,77.433,129.289,119.652,136.82,205.05,105.02,174.76,120.34
985,606353.666304,51.884,63,-136.91,22.921,79.694,129.11,121.615,136.53,204.55,107.97,174.51,122.31
986,606353.669836,50.863,66,-137.786,22.117,81.658,129.374,123.436,135.41,203.46,110.63,174.99,124.18
987,606353.67567,50.714,68,-138.546,21.594,81.948,129.42,125.569,134.44,202.79,111.1,174.91,126.35
988,606353.678606,50.423,74,-138.675,21.171,82.025,128.744,127.591,134.17,202.19,110.96,174.27,128.38
989,606353.686353,52.103,77,-139.271,20.712,79.265,129.043,129.914,133.34,201.58,107.17,174.73,130.64
990,606353.690465,53.253,69,-139.41,20.324,77.192,129.023,130.524,133.15,201.05,104.4,174.69,131.22
991,606353.693608,55.343,66,-139.758,20.492,73.806,129.788,130.316,132.64,201.27,99.84,175.59,130.97
992,606353.698245,57.359,59,-139.766,20.62,71.186,131.978,129.629,132.65,201.49,96.29,178.4,130.28
993,606353.7029,57.864,58,-139.466,21.143,70.292,132.147,127.858,133.04,202.16,95.14,178.63,128.44
994,606353.706505,57.728,57,-139.326,21.812,70.226,131.522,125.888,133.34,203.12,95.15,177.41,126.48
995,606353.71496,56.865,62,-139.125,22.43,71.729,131.225,124.605,133.59,203.95,97.11,177.37,125.25
996,606353.718216,55.41,72,-138.798,22.597,73.626,129.694,123.88,134.01,204.16,99.68,175.41,124.53
997,606353.727604,53.169,80,-138.534,23.272,77.598,129.445,122.787,134.38,205.06,105.05,175.07,123.5
998,606353.731448,52.291,70,-138.38,23.595,79.254,129.574,122.785,134.57,205.47,107.32,175.14,123.53
999,606353.738424,52.216,61,-137.825,24.061,80.099,130.732,122.6,135.35,206.12,108.44,176.84,123.34
1000,606353.741552,52.601,56,-137.379,24.58,80.208,132.058,123.24,135.94,206.83,108.58,178.67,123.96
1001,606353.745694,51.678,63,-137.384,24.376,79.892,128.842,124.174,135.96,206.59,108.16,174.31,124.96
1002,606353.751021,53.241,68,-136.895,25.145,77.759,129.933,125.919,136.65,207.67,105.29,175.55,126.6
1003,606353.753939,54.429,72,-136.45,25.743,75.37,129.566,126.21,137.15,208.43,101.99,175.44,126.87
1004,606353.761683,55.936,68,-135.719,26.233,72.719,129.829,125.321,138.15,209.11,98.44,175.78,125.93
1005,606353.766647,57.834,69,-135.068,26.998,69.548,130.64,123.876,139.02,210.16,94.17,176.86,124.45
1006,606353.769463,58.996,64,-134.081,27.608,67.594,131.227,121.739,140.34,210.97,91.61,177.47,122.27
1007,606353.775427,59.645,66,-133.283,28.329,66.484,131.559,119.674,141.45,211.96,90.21,177.65,120.22
1008,606353.778094,59.987,60,-132.249,28.895,66.25,132.449,117.622,142.85,212.74,89.82,179.18,118.14
1009,606353.781819,59.832,57,-131.508,29.576,66.855,133.037,115.654,143.81,213.64,90.7,179.78,116.19
1010,606353.789786,58.159,65,-130.396,29.865,69.361,131.474,114.305,145.35,214.03,94.13,177.78,114.85
1011,606353.793846,56.523,69,-129.344,30.559,71.689,129.966,113.238,146.78,214.97,97.3,175.75,113.8
1012,606353.797423,55.03,71,-128.68,30.822,74.311,129.654,113.288,147.71,215.33,100.86,175.45,113.87
1013,606353.814362,51.99,55,-127.884,30.642,79.187,128.592,120.108,148.87,215.37,107.05,173.81,120.54
1014,606353.817762,52.24,79,-127.554,30.139,79.263,129.44,123.161,149.25,214.5,107.51,175.21,123.82
1015,606353.821764,53.332,73,-127.501,30.018,77.352,129.528,123.998,149.25,214.27,104.83,175.58,124.59
1016,606353.826821,54.545,70,-127.736,30.102,75.166,129.584,123.317,148.94,214.34,101.92,175.79,123.91
1017,606353.829832,55.404,64,-128.571,30.352,73.905,130.163,121.648,147.91,214.63,100.53,176.3,122.11
1018,606353.837851,56.706,55,-128.831,30.604,72.906,132.813,118.756,147.43,215.04,98.86,179.78,119.34
1019,606353.841881,57.042,54,-129.247,30.707,72.842,133.895,115.887,146.86,215.17,98.79,181.15,116.48
1020,606353.845374,55.41,68,-129.449,30.332,74.447,131.139,113.468,146.7,214.62,101.25,177.15,114.09
1021,606353.85049,54.066,81,-129.727,29.763,76.261,129.948,111.925,146.31,213.87,103.52,175.77,112.53
1022,606353.8539,53.056,77,-130.299,29.195,77.903,129.614,111.589,145.54,213.09,105.75,175.27,112.22
1023,606353.857934,50.736,59,-130.803,28.156,81.379,128.581,115.111,144.83,211.67,110.41,173.99,115.79
1024,606353.865948,52.873,59,-132.472,28.177,79.511,131.733,117.47,142.58,211.75,107.77,178.03,118.15
1025,606353.870011,53.165,72,-133.81,27.693,77.629,129.486,120.464,140.78,211.06,105.24,175.22,121.12
1026,606353.873188,55.704,74,-135.175,27.245,73.337,130.153,122.888,138.9,210.48,99.31,176.19,123.51
1027,606353.878484,58.397,65,-136.022,26.734,68.423,130.571,123.646,137.73,209.75,92.76,176.53,124.19
1028,606353.882137,61.961,64,-136.351,26.715,62.726,133.44,122.972,137.3,209.77,85.04,180.13,123.45
1029,606353.890167,63.436,56,-137.237,25.854,59.848,133.828,122.21,136.06,208.62,81.05,180.94,122.73
1030,606353.901997,62.912,67,-137.564,25.132,60.224,132.254,118.263,135.75,207.67,81.63,178.68,118.77
1031,606353.906181,61.438,67,-138.021,25.245,63.456,132.723,118.602,135.05,207.77,85.98,179.31,119.16
1032,606353.910071,58.971,63,-138.797,25.137,67.568,131.081,120.597,134.01,207.6,91.47,177.25,121.15
1033,606353.918362,57.102,72,-138.512,25.159,70.926,130.584,123.981,134.4,207.66,95.99,176.53,124.64
1034,606353.921614,56.332,72,-138.961,24.861,72.139,130.126,127.698,133.76,207.25,97.55,176.14,128.33
1035,606353.926245,56.471,64,-139.665,24.166,71.954,130.265,131.307,132.96,206.45,97.26,176.17,131.81
1036,606353.929471,57.856,63,-138.958,24.361,70.75,132.977,132.297,133.76,206.55,95.7,180.06,132.86
1037,606353.933397,57.419,61,-138.839,24.45,69.213,128.53,131.704,133.92,206.77,93.52,174.28,132.33
1038,606353.943025,58.471,75,-139.099,24.432,68.261,130.537,132.664,133.54,206.71,92.23,176.8,133.19
1039,606353.945759,58.909,74,-139.365,24.161,67.487,130.688,131.445,133.13,206.28,91.23,176.76,132.06
1040,606353.949856,59.003,60,-139.677,24.181,67.883,131.815,129.885,132.77,206.34,91.75,178.47,130.46
1041,606353.95456,57.786,50,-139.794,23.695,69.229,129.866,126.961,132.66,205.76,93.72,175.81,127.69
1042,606353.958107,56.745,61,-138.946,24.267,71.878,131.076,125.625,133.83,206.46,97.28,177.19,126.24
1043,606353.966415,54.924,79,-138.338,24.299,74.577,129.774,124.392,134.68,206.45,101.01,175.7,125.02
1044,606353.97002,53.992,77,-137.982,23.969,76.459,130.056,124.124,135.1,205.93,103.68,175.77,124.86
1045,606353.973734,53.074,75,-137.612,23.801,78.105,130.003,124.215,135.61,205.75,105.85,175.67,124.97
1046,606353.986717,51.831,76,-136.283,23.636,80.057,129.547,123.769,137.44,205.56,108.42,175.25,124.5
1047,606353.993946,52.004,77,-136.066,23.444,79.692,129.451,123.446,137.69,205.24,108.05,175.05,124.18
1048,606353.997944,52.729,77,-136.096,23.174,78.283,129.269,123.068,137.64,204.92,106.04,174.77,123.73
1049,606354.00237,53.773,65,-135.822,23.205,77.153,130.55,122.207,137.99,204.92,104.61,176.45,122.93
1050,606354.005797,53.333,66,-134.991,23.089,76.53,128.156,121.97,139.13,204.81,103.7,173.44,122.63
1051,606354.01108,53.986,66,-134.97,23.089,76.287,129.743,120.35,139.32,204.87,103.4,175.16,121.07
1052,606354.018672,53.495,74,-134.374,23.055,76.635,128.822,120.444,139.98,204.77,103.88,174.3,121.1
1053,606354.021628,54.208,74,-134.278,23.157,75.457,129.02,121.517,140.08,204.87,102.35,174.5,122.21
1054,606354.025822,54.256,66,-134.134,23.248,75.61,129.432,122.263,140.29,205.03,102.47,175.18,122.9
1055,606354.030783,54.347,60,-134.182,23.811,75.547,129.612,122.768,140.21,205.8,102.35,175.42,123.43
1056,606354.033813,53.66,55,-133.672,24.228,76.501,129.1,121.927,140.92,206.37,103.67,174.8,122.6
1057,606354.042306,52.684,65,-133.314,24.666,77.998,128.665,122.336,141.41,206.96,105.69,174.24,123.02
1058,606354.046801,53.088,80,-133.349,25.337,77.547,129.118,123.155,141.35,207.87,105.02,174.99,123.85
1059,606354.04934,53.311,79,-133.744,25.608,77.262,129.314,123.523,140.84,208.21,104.74,175.14,124.2
1060,606354.054512,53.572,66,-133.974,25.95,76.679,129.13,123.593,140.57,208.72,103.86,175.02,124.17
1061,606354.057792,54.783,55,-134.364,26.202,75.377,130.709,123.097,139.7,208.84,102.25,176.4,124.0
1062,606354.062243,54.941,55,-134.451,26.494,74.531,129.751,121.792,139.81,209.43,100.97,175.44,122.47
1063,606354.074483,57.02,70,-134.496,27.326,70.802,130.066,122.653,139.76,210.54,95.98,176.07,123.34
1064,606354.078786,58.083,72,-134.562,27.633,69.123,130.744,121.93,139.69,211.01,93.63,176.9,122.52
1065,606354.08172,58.835,72,-134.372,27.91,67.77,130.954,120.811,139.98,211.34,91.9,177.17,121.34
1066,606354.086453,59.624,65,-133.754,28.615,66.924,132.346,119.411,140.83,212.37,90.69,179.09,119.95
1067,606354.095156,59.058,55,-134.021,28.689,67.445,131.174,118.37,140.49,212.48,91.41,177.37,118.91
1068,606354.09835,58.892,59,-133.505,29.192,68.077,131.766,117.627,141.23,213.2,92.33,177.68,118.15
1069,606354.101521,57.765,66,-133.785,29.131,69.98,131.2,117.745,140.79,213.01,94.93,177.28,118.36
1070,606354.10629,56.928,69,-133.689,29.242,71.306,130.67,117.694,140.94,213.11,96.82,176.77,118.33
1071,606354.110295,55.938,71,-133.591,29.407,72.998,130.333,118.115,141.08,213.4,98.98,176.26,118.67
1072,606354.117852,55.112,64,-133.573,29.207,74.771,130.725,120.689,141.07,213.14,101.29,176.96,121.31
1073,606354.121845,53.642,57,-133.279,28.405,76.251,128.62,124.29,141.44,212.05,103.24,174.26,124.92
1074,606354.125428,55.052,69,-134.065,28.636,74.805,130.587,124.412,140.36,212.35,101.28,176.8,125.04
1075,606354.130289,55.598,72,-134.273,28.478,73.521,130.129,125.561,140.11,212.18,99.51,176.18,126.17
1076,606354.13368,56.44,64,-134.562,28.254,72.256,130.707,125.632,139.81,211.84,97.97,177.07,126.15
1077,606354.141668,57.709,58,-134.575,28.538,70.674,132.294,124.369,139.69,212.25,95.68,179.14,124.94
1078,606354.146217,58.275,58,-134.068,28.615,69.986,133.093,122.297,140.34,212.31,94.84,179.93,122.85
1079,606354.149736,57.371,66,-134.071,28.573,70.049,129.913,120.106,140.41,212.3,94.93,175.8,120.7
1080,606354.159899,55.727,71,-133.483,27.878,72.735,129.16,118.787,141.14,211.32,98.55,175.11,119.28
1081,606354.162695,55.594,61,-133.385,27.561,74.625,132.066,120.082,141.3,210.87,101.15,178.58,120.66
1082,606354.171501,54.377,66,-133.669,26.696,76.339,131.066,122.072,140.92,209.72,103.4,177.47,122.71
1083,606354.173812,53.825,75,-133.51,26.461,76.345,129.342,123.765,141.11,209.38,103.4,175.24,124.45
1084,606354.178132,54.257,79,-133.774,25.876,75.742,129.663,125.05,140.76,208.61,102.56,175.63,125.69
1085,606354.182416,55.397,65,-133.649,25.899,74.074,130.437,125.335,140.88,208.6,100.37,176.32,125.96
1086,606354.186056,57.269,58,-134.387,25.363,71.539,132.308,124.793,139.87,207.86,97.01,178.78,125.42
1087,606354.193775,57.727,65,-134.582,25.262,70.238,131.542,123.216,139.67,207.79,95.13,178.11,123.78
1088,606354.197806,57.33,75,-134.626,25.257,70.489,130.585,121.095,139.64,207.78,95.53,176.7,121.67
1089,606354.201802,56.501,71,-134.83,25.22,71.996,130.445,119.571,139.37,207.72,97.59,176.46,120.17
1090,606354.206361,55.316,61,-134.977,25.168,74.174,130.348,119.967,139.21,207.66,100.55,176.16,120.62
1091,606354.20991,53.789,75,-135.522,24.652,76.745,129.908,121.729,138.48,206.93,104.11,175.64,122.48
1092,606354.21446,52.815,77,-135.867,24.616,78.177,129.348,123.701,137.9,206.88,105.78,175.14,124.45
1093,606354.222895,52.789,68,-136.693,24.291,78.285,129.45,125.721,136.9,206.44,106.03,175.28,126.35
1094,606354.226177,53.404,66,-136.35,24.402,78.025,130.878,125.999,137.24,206.6,105.83,176.46,126.72
1095,606354.229648,53.923,76,-137.009,24.381,76.507,129.923,126.647,136.4,206.59,103.53,175.78,127.39
1096,606354.246787,57.879,61,-138.471,23.99,70.495,132.583,124.135,134.34,206.02,95.42,179.08,124.8
1097,606354.249975,57.59,72,-138.034,24.474,70.023,130.647,122.522,135.1,206.76,94.86,176.47,123.12
1098,606354.253904,57.994,76,-138.225,24.384,69.325,130.801,122.337,134.82,206.6,93.88,176.96,122.91
1099,606354.258759,58.154,71,-137.995,24.517,69.223,131.193,121.871,135.12,206.79,93.77,177.29,122.46
1100,606354.261225,57.818,61,-137.569,24.941,69.53,130.544,121.938,135.72,207.38,94.14,176.16,122.65
1101,606354.270097,57.653,65,-137.365,24.993,70.511,131.786,121.27,136.0,207.49,95.49,177.83,121.86
1102,606354.273951,56.454,73,-137.244,25.339,72.119,130.506,121.689,136.18,207.9,97.72,176.49,122.27
1103,606354.277223,56.116,71,-137.069,25.019,73.168,131.241,122.85,136.35,207.45,99.08,177.54,123.48
1104,606354.283335,55.799,68,-137.368,25.104,73.871,131.422,124.015,135.9,207.51,100.0,177.7,124.61
1105,606354.285869,55.411,70,-137.592,24.853,74.106,130.542,124.897,135.63,207.23,100.29,176.7,125.54
1106,606354.290076,55.156,74,-137.34,25.036,74.076,129.652,125.799,136.02,207.54,100.19,175.57,126.36
1107,606354.298838,56.097,69,-137.543,24.936,72.434,129.86,126.623,135.68,207.35,98.02,175.68,127.27
1108,606354.301945,57.466,60,-136.936,25.372,70.667,131.399,125.883,136.49,207.94,95.68,177.55,126.45
1109,606354.305713,57.179,56,-136.821,24.965,70.383,129.856,124.021,136.67,207.4,95.51,175.69,124.76
1110,606354.310829,58.309,64,-135.878,26.09,69.39,132.085,123.241,137.85,208.87,93.97,178.74,123.86
1111,606354.314392,56.667,79,-135.702,25.982,71.415,129.961,122.934,138.19,208.77,96.72,175.89,123.54
1112,606354.321951,55.896,73,-135.451,25.566,72.594,129.473,123.072,138.53,208.21,98.29,175.33,123.69
1113,606354.334745,53.947,71,-134.979,25.266,76.104,129.31,124.186,139.15,207.78,103.04,175.07,124.84
1114,606354.337346,54.451,76,-134.968,24.957,75.207,129.355,125.631,139.15,207.37,101.81,175.18,126.28
1115,606354.346557,55.575,78,-134.858,24.732,73.45,129.924,126.193,139.26,207.04,99.46,175.86,126.81
1116,606354.349722,57.122,61,-134.563,25.057,71.823,132.305,126.112,139.69,207.52,97.23,179.2,126.69
1117,606354.353488,56.531,58,-135.01,24.604,71.526,129.696,124.763,139.13,206.88,96.89,175.3,125.23
1118,606354.359026,56.929,66,-135.136,25.092,71.522,131.071,124.053,138.9,207.54,96.92,177.07,124.64
1119,606354.362587,56.068,71,-135.389,24.82,72.501,129.883,122.896,138.59,207.18,98.2,175.78,123.51
1120,606354.366657,55.365,77,-135.515,25.115,73.953,130.118,121.49,138.37,207.53,100.25,175.77,122.13
1121,606354.374803,54.73,74,-135.612,25.009,75.323,130.446,120.707,138.24,207.39,102.08,176.21,121.41
1122,606354.37792,52.829,64,-135.538,25.031,77.686,128.577,122.361,138.39,207.45,105.23,173.89,123.0
1123,606354.38233,52.5,74,-136.253,24.583,78.789,129.426,123.099,137.49,206.86,106.7,175.05,123.82
1124,606354.385721,52.21,75,-136.556,24.603,79.24,129.316,124.876,137.03,206.87,107.25,175.05,125.59
1125,606354.389247,52.497,71,-137.182,24.386,78.703,129.275,126.297,136.19,206.56,106.56,174.89,127.05
1126,606354.397932,53.719,62,-137.137,24.68,77.293,130.618,126.109,136.35,207.11,104.58,176.43,126.67
1127,606354.401668,54.174,62,-137.593,24.127,75.641,129.227,124.722,135.7,206.32,102.38,175.04,125.44
1128,606354.40541,55.914,73,-137.529,24.996,73.021,130.293,124.336,135.75,207.43,98.91,176.29,125.04
1129,606354.418923,57.159,57,-137.205,25.535,71.911,132.602,121.989,136.19,208.22,97.39,178.69,122.5
1130,606354.426683,56.436,63,-137.109,25.472,72.715,131.523,122.307,136.18,207.99,98.56,177.37,122.95
1131,606354.429549,55.815,74,-137.025,25.599,73.385,130.609,123.029,136.4,208.24,99.35,176.73,123.67
1132,606354.434127,55.825,76,-136.531,25.834,73.261,130.421,123.161,137.07,208.56,99.2,176.47,123.8
1133,606354.438088,57.087,60,-136.153,26.285,72.262,132.991,123.084,137.65,209.23,97.9,179.59,123.68
1134,606354.441347,57.019,61,-135.975,26.552,71.133,130.674,122.071,137.83,209.56,96.32,176.78,122.65
1135,606354.4497,57.113,75,-135.713,26.797,71.018,130.793,121.255,138.16,209.86,96.22,176.86,121.85
1136,606354.453871,57.07,73,-135.318,27.0,71.161,130.902,120.36,138.78,210.16,96.49,176.67,120.99
1137,606354.457568,56.71,65,-135.168,27.228,72.373,131.857,121.198,138.91,210.45,98.04,178.41,121.81
1138,606354.463341,55.758,70,-134.823,27.157,73.742,131.051,122.354,139.37,210.36,99.86,177.43,122.97
1139,606354.465683,55.012,74,-134.372,27.458,74.478,129.886,123.601,139.97,210.77,100.84,175.87,124.24
1140,606354.473874,55.437,65,-133.787,27.676,74.278,130.929,123.947,140.79,211.02,100.73,177.18,124.5
1141,606354.478439,55.643,63,-133.367,27.856,74.289,131.638,123.992,141.32,211.31,100.6,178.28,124.6
1142,606354.48133,55.659,80,-133.051,27.779,73.386,130.092,123.723,141.76,211.23,99.39,176.15,124.3
1143,606354.487018,55.969,76,-132.967,28.006,72.877,130.22,123.101,141.79,211.4,98.8,176.55,123.81
1144,606354.489387,56.019,59,-132.351,28.032,72.85,130.342,122.425,142.76,211.46,99.01,176.05,123.01
1145,606354.506628,56.086,68,-132.584,27.747,72.367,129.703,122.887,142.28,211.12,98.05,175.4,123.53
1146,606354.510024,56.882,62,-132.348,27.697,72.185,132.118,122.001,142.64,211.07,97.84,178.67,122.61
1147,606354.514592,56.094,76,-132.555,27.615,72.829,130.557,121.754,142.49,211.04,98.7,176.57,122.31
1148,606354.517788,55.836,77,-132.849,27.11,73.286,130.504,121.304,142.05,210.31,99.33,176.59,121.9
1149,606354.526581,55.586,66,-133.504,26.987,73.949,130.845,121.102,141.15,210.12,100.21,177.1,121.72
1150,606354.52991,54.935,75,-133.922,26.558,74.845,130.277,121.004,140.59,209.54,101.43,176.23,121.61
1151,606354.533529,54.963,72,-134.502,26.326,74.498,129.765,122.413,139.8,209.23,100.9,175.66,123.05
1152,606354.53868,56.17,62,-134.653,26.146,73.136,131.367,122.737,139.62,209.01,99.12,177.43,123.35
1153,606354.542448,56.407,60,-135.027,25.919,72.64,131.287,122.398,139.02,208.67,98.36,177.58,123.05
1154,606354.550084,56.184,73,-135.255,25.862,72.277,129.87,122.37,138.83,208.65,97.88,175.92,123.01
1155,606354.553751,56.129,81,-136.139,25.144,72.525,130.13,123.198,137.59,207.63,98.21,176.12,123.82
1156,606354.557211,57.156,60,-136.69,24.517,71.785,132.36,123.721,136.89,206.82,97.22,178.92,124.29
1157,606354.563083,56.592,60,-137.159,24.411,71.722,130.261,123.33,136.32,206.73,97.13,175.83,123.89
1158,606354.565457,56.753,75,-137.697,23.962,71.277,130.01,123.918,135.4,205.93,96.54,175.91,124.61
1159,606354.570101,57.637,79,-138.229,23.619,69.904,130.592,124.685,134.69,205.51,94.67,176.42,125.29
1160,606354.577863,59.085,64,-138.486,23.473,68.101,132.551,124.967,134.31,205.28,92.29,178.57,125.51
1161,606354.587433,59.157,71,-139.13,23.394,67.443,131.549,124.544,133.57,205.28,91.3,177.85,125.12
1162,606354.591031,58.428,75,-139.438,23.054,68.615,131.052,124.989,133.16,204.81,92.87,177.17,125.59
1163,606354.594208,58.042,67,-139.947,22.93,69.671,131.631,125.478,132.45,204.61,94.33,177.76,126.08
1164,606354.602462,56.982,68,-140.633,22.608,71.101,130.484,125.922,131.5,204.18,96.17,176.52,126.59
1165,606354.606299,56.452,71,-140.435,22.929,72.105,130.475,127.408,131.83,204.66,97.53,176.37,128.03
1166,606354.609585,56.08,72,-140.389,22.891,72.653,130.194,128.3,131.86,204.64,98.16,176.14,128.86
1167,606354.614505,56.23,60,-140.516,23.142,72.82,131.003,129.173,131.7,204.91,98.49,176.91,129.9
1168,606354.618088,56.264,63,-140.071,23.216,73.211,131.825,128.82,132.25,204.97,99.07,178.05,129.51
1169,606354.626551,55.778,75,-140.226,23.587,73.198,130.152,128.762,132.08,205.53,98.94,176.25,129.42
1170,606354.630341,55.717,76,-140.276,23.312,73.246,130.034,128.232,131.99,205.05,99.17,176.0,128.97
1171,606354.633674,55.707,64,-140.646,23.342,73.47,130.399,127.815,131.43,205.13,99.37,176.21,128.52
1172,606354.638418,56.011,60,-140.147,23.551,73.758,131.937,126.787,132.15,205.43,99.86,177.89,127.41
1173,606354.641668,55.287,68,-139.968,23.627,74.425,130.695,126.768,132.45,205.58,100.68,176.73,127.43
1174,606354.645934,54.914,79,-139.472,23.702,74.847,130.212,126.409,133.12,205.67,101.26,176.13,127.09
1175,606354.6546,54.967,72,-139.065,23.939,75.114,130.85,125.905,133.62,205.95,101.64,176.94,126.56
1176,606354.657914,55.613,61,-138.614,24.2,74.885,132.592,125.053,134.32,206.38,101.41,178.94,125.72
1177,606354.661407,55.577,63,-138.423,24.228,74.253,131.352,123.886,134.58,206.42,100.59,177.18,124.54
1178,606354.679245,54.532,67,-137.052,24.923,76.107,131.162,122.077,136.37,207.3,103.13,177.1,122.73
1179,606354.681362,53.761,71,-136.561,24.934,77.01,130.27,123.021,137.01,207.31,104.29,176.23,123.7
1180,606354.685153,53.267,77,-135.938,25.213,77.456,129.505,123.975,137.89,207.68,104.95,175.27,124.64
1181,606354.69069,54.167,65,-135.125,25.629,76.858,131.285,124.139,138.96,208.28,104.06,177.74,124.79
1182,606354.693609,53.906,65,-135.044,25.196,76.249,129.432,123.305,139.08,207.66,103.35,175.24,124.02
1183,606354.702082,54.713,84,-134.146,26.052,74.911,129.678,123.165,140.29,208.87,101.44,175.66,123.8
1184,606354.705755,54.725,72,-133.77,26.282,74.366,128.773,122.445,140.71,209.14,100.71,174.51,123.04
1185,606354.709519,55.416,68,-133.243,26.448,74.395,131.067,122.297,141.47,209.37,100.81,177.34,122.89
1186,606354.714539,54.819,73,-132.562,26.557,74.68,129.617,122.666,142.41,209.55,101.17,175.53,123.28
1187,606354.717474,54.886,82,-132.148,26.66,74.781,130.009,122.789,142.99,209.7,101.33,176.02,123.4
1188,606354.721558,55.141,68,-131.784,26.914,74.809,130.885,122.507,143.42,210.0,101.39,177.12,123.12
1189,606354.730759,55.434,66,-131.973,27.026,74.487,131.286,121.97,143.21,210.1,101.14,177.46,122.68
1190,606354.733905,54.9,75,-131.98,27.302,74.619,129.77,120.995,143.21,210.56,101.12,175.72,121.61
1191,606354.737517,54.794,72,-131.849,27.569,75.222,130.478,119.71,143.44,210.93,102.02,176.39,120.33
1192,606354.742968,54.251,72,-132.366,27.547,76.158,130.355,120.489,142.69,210.88,103.2,176.51,121.12
1193,606354.745687,53.793,76,-132.433,27.474,76.467,129.451,121.869,142.68,210.82,103.6,175.38,122.45
1194,606354.754343,54.501,67,-132.541,27.687,75.892,130.693,122.179,142.42,211.05,102.84,176.86,122.81
1195,606354.762235,55.11,83,-133.109,27.638,74.337,129.958,122.062,141.68,211.01,100.7,175.99,122.68
1196,606354.767538,55.688,66,-133.41,27.475,73.164,129.793,121.68,141.26,210.79,99.11,175.75,122.28
1197,606354.770106,56.483,61,-134.219,27.298,72.305,130.945,120.571,140.12,210.46,98.01,176.65,121.11
1198,606354.778176,56.829,73,-134.384,27.289,71.341,130.388,120.878,140.0,210.56,96.67,176.36,121.47
1199,606354.782522,57.99,76,-134.718,27.038,69.558,131.227,121.215,139.46,210.17,94.28,177.36,121.78
1200,606354.785162,59.184,61,-135.113,26.991,67.889,132.522,120.96,138.82,210.06,92.08,178.39,121.57
1201,606354.791151,59.197,69,-135.469,26.83,67.538,131.886,120.6,138.58,209.96,91.53,178.19,121.19
1202,606354.793804,58.722,77,-135.941,26.331,68.073,131.114,120.974,137.82,209.22,92.24,177.2,121.55
1203,606354.798622,58.948,69,-136.552,26.107,68.039,131.904,121.52,137.11,208.98,92.21,178.13,122.09
1204,606354.806471,58.731,71,-137.213,25.737,68.224,131.437,122.229,136.19,208.47,92.41,177.55,122.76
1205,606354.809285,58.921,68,-137.894,25.454,67.28,130.331,124.1,135.22,208.08,91.07,176.19,124.7
1206,606354.814065,60.349,61,-137.548,25.57,66.087,133.587,124.526,135.71,208.26,89.46,180.65,125.06
1207,606354.817937,60.399,66,-137.683,25.7,65.572,132.751,124.317,135.51,208.38,88.85,179.51,124.86
1208,606354.822595,59.373,80,-138.123,25.389,66.704,130.935,125.123,134.92,208.0,90.3,176.98,125.68
1209,606354.830794,59.322,66,-138.534,24.909,67.199,131.706,125.998,134.34,207.32,90.99,177.48,126.46
1210,606354.833991,59.92,60,-139.129,24.476,67.318,134.311,126.96,133.53,206.74,91.04,181.84,127.52
1211,606354.837096,58.857,72,-139.479,24.238,67.683,130.872,127.739,133.09,206.44,91.55,177.01,128.32
1212,606354.854805,59.973,66,-140.254,23.622,66.33,132.553,127.929,132.0,205.58,89.68,179.43,128.5
1213,606354.858005,58.829,75,-140.422,23.362,67.897,131.178,127.68,131.85,205.18,92.03,177.19,128.26
1214,606354.862086,58.106,72,-140.86,22.88,69.418,131.387,127.426,131.23,204.58,93.9,177.64,128.03
1215,606354.867592,56.879,72,-141.276,22.817,71.55,130.945,127.529,130.71,204.46,96.81,176.72,128.23
1216,606354.869529,55.628,75,-141.245,22.569,73.54,130.26,128.589,130.7,204.12,99.45,176.1,129.26
1217,606354.874118,54.971,67,-141.219,22.427,74.732,130.198,129.585,130.78,204.0,101.02,175.94,130.21
1218,606354.882085,55.033,66,-140.873,22.455,75.611,131.932,129.935,131.17,203.95,102.26,178.24,130.61
1219,606354.885939,54.74,67,-140.947,22.379,75.84,131.372,129.965,131.05,203.82,102.54,177.68,130.67
1220,606354.889289,54.151,84,-140.966,21.986,75.994,129.759,129.836,131.06,203.32,102.71,175.65,130.53
1221,606354.894227,54.325,71,-141.176,21.959,75.874,130.102,129.048,130.79,203.31,102.54,176.05,129.71
1222,606354.897367,54.284,67,-141.058,21.882,75.948,130.1,128.336,130.95,203.17,102.71,175.55,129.18
1223,606354.906348,54.178,78,-140.705,21.804,76.05,129.94,127.998,131.4,203.06,102.85,175.76,128.7
1224,606354.90987,53.979,84,-140.332,21.849,76.403,129.918,127.177,131.92,203.12,103.35,175.71,127.87
1225,606354.913429,54.189,71,-139.763,22.042,76.608,130.928,126.41,132.75,203.24,104.06,176.43,126.96
1226,606354.917967,54.585,66,-139.705,21.966,76.059,131.25,125.615,132.78,203.29,102.91,177.57,126.3
1227,606354.92145,54.199,76,-139.011,22.223,76.039,129.987,124.08,133.76,203.61,103.07,175.61,124.71
1228,606354.925951,53.684,73,-138.491,22.537,76.687,129.486,123.297,134.37,204.03,103.86,174.97,124.03
1229,606354.938013,52.301,82,-137.463,22.811,79.017,129.217,125.02,135.81,204.44,106.95,174.88,125.74
1230,606354.942597,52.853,67,-136.861,23.226,78.848,130.574,125.692,136.62,205.0,106.72,176.77,126.4
1231,606354.946208,53.349,67,-136.24,23.598,78.202,131.004,125.547,137.44,205.5,105.86,177.35,126.23
1232,606354.949617,53.726,77,-135.69,23.957,76.694,129.627,125.121,138.17,205.97,103.84,175.57,125.82
1233,606354.95916,54.248,72,-135.314,24.467,75.654,129.484,124.22,138.66,206.68,102.46,175.18,124.9
1234,606354.961939,54.547,65,-135.022,24.49,75.084,129.446,123.608,139.17,206.78,101.75,175.03,124.28
1235,606354.965585,54.858,77,-133.921,25.196,74.755,129.873,123.902,140.6,207.71,101.26,175.79,124.52
1236,606354.971791,54.829,76,-133.153,25.789,75.052,130.293,123.184,141.54,208.44,101.74,176.15,123.81
1237,606354.974492,55.237,64,-132.996,26.188,74.926,131.406,122.487,141.9,209.07,101.58,177.58,123.12
1238,606354.982105,54.661,74,-132.572,26.573,75.231,130.063,121.483,142.41,209.56,101.95,176.09,122.1
1239,606354.985888,54.295,70,-132.546,27.04,75.961,130.157,120.703,142.47,210.2,102.97,176.1,121.33
1240,606354.989459,54.128,71,-132.747,27.263,76.493,130.54,121.133,142.16,210.47,103.66,176.68,121.76
1241,606354.995351,53.809,76,-132.608,27.475,76.502,129.559,122.566,142.35,210.78,103.62,175.46,123.22
1242,606354.998202,54.71,69,-132.137,27.958,75.8,131.207,122.386,142.88,211.33,102.79,177.19,122.95
1243,606355.002091,54.693,68,-132.341,28.128,75.032,129.822,121.774,142.73,211.62,101.81,175.76,122.46
1244,606355.010471,55.159,83,-132.386,28.054,74.234,129.937,121.85,142.68,211.59,100.59,175.9,122.46
1245,606355.013613,56.69,60,-132.732,28.184,72.9,132.745,121.166,142.2,211.76,98.77,179.73,121.75
1246,606355.027448,58.407,60,-133.329,28.094,69.036,131.777,120.529,141.32,211.61,93.68,177.21,121.19
1247,606355.034123,58.664,74,-133.468,28.146,68.387,131.499,120.123,141.28,211.79,92.66,177.77,120.63
1248,606355.038006,58.295,75,-133.919,27.603,68.856,131.02,120.199,140.52,210.94,93.31,177.22,120.77
1249,606355.041615,58.446,68,-134.548,27.464,69.064,131.978,120.398,139.74,210.78,93.58,178.58,120.97
1250,606355.046007,57.857,70,-135.122,27.189,69.42,130.479,121.673,138.96,210.42,94.08,176.16,122.3
1251,606355.04934,58.584,66,-135.976,26.757,67.983,130.425,123.573,137.77,209.83,92.03,176.51,124.17
1252,606355.058096,58.843,61,-136.032,26.208,67.391,130.254,122.498,137.78,209.16,91.42,176.35,123.2
1253,606355.061978,59.215,78,-136.038,26.751,67.059,131.022,123.824,137.73,209.84,90.8,177.28,124.39
1254,606355.065175,59.408,64,-136.652,26.382,66.783,131.227,124.334,136.96,209.39,90.41,177.17,124.86
1255,606355.069705,59.938,66,-137.747,25.549,66.592,132.938,125.217,135.41,208.19,90.22,179.05,125.76
1256,606355.074003,59.849,77,-138.13,25.302,66.089,131.578,125.897,134.87,207.86,89.44,177.92,126.44
1257,606355.07738,60.011,67,-139.033,24.579,65.255,130.552,126.768,133.6,206.87,88.29,176.38,127.37
1258,606355.086871,61.401,62,-138.906,24.691,64.337,134.405,126.231,133.74,206.98,87.07,181.52,126.78
1259,606355.089778,60.351,72,-139.364,24.232,65.194,131.789,126.297,133.2,206.42,88.24,177.96,126.86
1260,606355.093404,59.73,74,-140.03,23.476,66.248,131.425,126.491,132.32,205.38,89.61,177.81,127.07
1261,606355.098487,59.102,70,-140.75,23.181,67.685,131.808,126.931,131.3,204.92,91.56,178.11,127.49
1262,606355.111071,57.383,67,-141.562,22.28,70.448,130.696,129.56,130.27,203.75,95.21,176.97,130.17
1263,606355.115448,57.299,65,-141.305,22.462,71.54,132.42,129.696,130.59,203.98,96.7,179.21,130.32
1264,606355.117227,56.156,78,-141.687,22.138,72.499,130.175,130.443,130.08,203.54,97.97,176.2,131.09
1265,606355.125301,56.91,63,-142.699,21.249,72.289,132.407,130.919,128.67,202.28,97.72,178.92,131.55
1266,606355.133931,56.143,73,-142.603,21.127,72.568,130.254,130.887,128.9,202.22,98.09,176.05,131.52
1267,606355.137814,55.951,78,-142.566,20.857,73.082,130.526,130.378,128.9,201.8,98.76,176.63,131.04
1268,606355.141579,55.579,61,-142.124,21.112,73.543,130.104,130.244,129.5,202.12,99.45,175.69,130.96
1269,606355.146465,55.553,75,-142.583,20.707,73.966,130.763,128.731,128.89,201.59,99.98,176.92,129.41
1270,606355.1495,54.882,78,-142.465,20.859,74.915,130.229,127.439,129.06,201.79,101.3,176.12,128.14
1271,606355.153932,53.893,64,-142.706,20.479,76.4,129.646,126.793,128.75,201.28,103.32,175.37,127.55
1272,606355.161847,52.944,79,-141.841,20.78,78.17,129.722,128.165,129.93,201.69,105.7,175.43,128.92
1273,606355.166013,52.619,71,-141.566,21.044,79.033,130.18,128.91,130.25,202.03,106.84,176.0,129.64
1274,606355.169696,52.903,69,-140.866,21.357,79.185,131.282,128.841,131.2,202.42,107.19,177.28,129.61
1275,606355.175415,52.78,86,-140.461,21.388,78.355,129.539,128.733,131.75,202.5,105.94,175.33,129.47
1276,606355.177466,53.87,68,-140.202,21.775,77.171,130.882,128.144,132.03,202.97,104.4,176.8,128.86
1277,606355.186396,54.089,69,-139.635,22.15,76.496,130.422,127.645,132.84,203.52,103.54,176.15,128.34
1278,606355.198592,54.254,77,-137.403,23.258,76.143,130.339,124.439,135.86,205.03,103.1,176.31,125.11
1279,606355.202784,53.765,77,-136.448,23.754,76.838,129.991,122.934,137.2,205.73,104.09,175.8,123.61
1280,606355.210349,53.377,70,-136.197,24.169,77.744,130.323,122.721,137.52,206.28,105.28,176.38,123.41
1281,606355.214063,52.69,79,-135.296,24.429,78.385,129.321,124.12,138.72,206.63,106.13,175.07,124.82
1282,606355.217314,53.11,74,-134.193,25.014,78.353,130.528,124.303,140.2,207.41,106.2,176.22,124.98
1283,606355.222908,53.515,72,-133.747,25.538,77.426,130.212,124.262,140.8,208.14,104.86,176.35,124.92
1284,606355.226105,53.65,80,-133.425,25.468,76.688,129.384,124.01,141.24,208.05,103.9,175.08,124.66
1285,606355.229949,54.833,66,-133.21,26.019,75.595,131.25,123.019,141.57,208.82,102.43,177.58,123.66
1286,606355.238759,54.936,79,-132.942,26.313,74.785,130.178,122.967,141.92,209.23,101.32,176.24,123.56
1287,606355.242107,55.686,68,-132.512,26.553,73.892,131.075,122.396,142.44,209.51,100.15,177.34,122.98
1288,606355.245541,55.73,69,-132.751,26.962,73.825,131.104,121.485,142.2,210.1,100.05,177.42,122.11
1289,606355.250099,55.217,79,-132.679,26.986,74.241,130.141,120.924,142.27,210.12,100.61,176.19,121.53
1290,606355.254858,55.166,70,-133.064,27.13,74.725,130.819,120.407,141.74,210.32,101.32,176.78,121.03
1291,606355.262463,54.891,76,-133.521,27.314,74.913,130.254,120.966,141.17,210.59,101.5,176.23,121.61
1292,606355.265747,55.589,71,-133.55,27.181,73.913,130.789,121.579,141.13,210.4,100.19,176.94,122.17
1293,606355.269647,56.613,65,-133.708,27.627,72.591,131.913,121.405,140.83,210.93,98.48,178.3,122.02
1294,606355.286769,57.321,71,-135.543,27.069,70.527,130.623,121.388,138.49,210.32,95.56,176.61,121.98
1295,606355.289517,58.562,78,-136.228,26.732,68.478,131.291,122.149,137.48,209.8,92.73,177.66,122.72
1296,606355.293164,60.294,62,-136.488,26.444,66.365,133.92,122.0,137.11,209.41,89.87,181.16,122.55
1297,606355.299163,59.936,69,-137.077,26.514,65.934,131.612,121.748,136.41,209.57,89.35,177.53,122.28
1298,606355.302428,60.092,71,-137.579,25.672,66.04,132.448,121.941,135.68,208.38,89.45,179.01,122.51
1299,606355.30694,59.857,68,-138.562,25.51,66.433,132.297,122.191,134.36,208.15,89.95,178.64,122.83
1300,606355.314833,59.155,70,-139.235,25.259,67.033,130.74,123.929,133.44,207.83,90.72,176.72,124.5
1301,606355.317172,59.978,65,-139.362,24.934,66.408,132.728,125.104,133.39,207.34,90.14,179.23,125.5
1302,606355.321902,58.848,64,-139.651,25.156,66.595,128.733,124.5,132.86,207.69,90.1,174.15,125.1
1303,606355.325949,59.111,82,-140.263,24.347,67.274,131.044,126.923,131.99,206.55,90.99,177.26,127.51
1304,606355.33056,60.128,61,-140.968,23.944,66.118,132.75,127.797,130.98,205.96,89.47,178.95,128.41
1305,606355.338072,60.065,69,-141.337,23.951,65.914,132.086,128.525,130.63,206.1,89.14,178.4,129.09
1306,606355.342365,60.247,75,-141.391,23.468,65.594,132.174,128.778,130.48,205.38,88.66,178.89,129.35
1307,606355.345672,60.783,63,-141.807,23.459,65.179,133.529,128.775,129.86,205.32,88.12,180.45,129.34
1308,606355.351096,59.68,74,-141.964,22.988,66.395,131.52,128.544,129.67,204.69,89.76,177.84,129.13
1309,606355.353924,58.946,71,-142.182,22.634,67.85,131.531,127.909,129.39,204.18,91.81,177.37,128.5
1310,606355.362041,57.772,71,-142.717,22.722,70.058,131.371,128.67,128.74,204.37,94.7,177.62,129.29
1311,606355.370675,56.375,63,-141.993,22.59,73.456,132.651,130.328,129.67,204.15,99.26,179.5,130.98
1312,606355.375435,55.293,77,-142.298,22.111,74.335,130.553,131.235,129.3,203.53,100.45,176.57,131.9
1313,606355.377312,55.573,67,-142.341,21.723,74.128,131.118,131.322,129.18,202.94,100.18,177.35,131.97
1314,606355.381835,55.47,72,-142.581,21.744,74.034,130.609,131.715,128.85,202.95,100.01,176.69,132.34
1315,606355.390775,55.401,79,-142.159,21.309,74.04,130.393,130.992,129.43,202.39,100.06,176.41,131.66
1316,606355.394143,55.838,64,-141.994,21.55,74.319,132.35,130.263,129.7,202.74,100.49,178.7,130.9
1317,606355.397749,55.137,76,-141.797,21.466,74.616,130.535,129.237,129.94,202.62,100.85,176.65,129.92
1318,606355.402065,54.589,72,-141.109,21.381,75.364,130.064,127.647,130.87,202.49,101.92,175.96,128.34
1319,606355.406126,53.788,73,-141.423,21.668,77.063,130.443,127.377,130.54,202.93,104.25,176.22,128.11
1320,606355.414614,52.579,76,-140.32,21.373,78.981,129.974,127.315,132.0,202.43,107.0,175.74,128.08
1321,606355.417777,51.943,65,-140.238,21.138,79.871,129.567,127.031,132.07,202.16,108.04,175.37,127.81
1322,606355.422024,51.825,86,-139.698,21.616,79.956,129.366,128.395,132.79,202.8,108.12,175.11,129.15
1323,606355.427169,52.948,69,-139.262,21.24,78.663,130.555,128.059,133.37,202.3,106.4,176.72,128.78
1324,606355.429975,53.285,82,-139.206,21.843,77.546,129.712,127.839,133.44,203.12,104.94,175.3,128.51
1325,606355.4346,54.281,76,-138.419,21.835,76.053,130.269,126.697,134.52,203.11,102.97,176.04,127.38
1326,606355.442323,54.816,71,-138.054,22.073,75.499,131.029,125.134,135.0,203.44,102.2,177.32,125.79
1327,606355.445663,54.392,77,-137.505,22.481,75.578,129.805,123.859,135.73,203.95,102.41,175.46,124.48
1328,606355.458824,53.686,71,-135.591,23.163,77.25,130.445,123.711,138.26,204.84,104.65,176.27,124.3
1329,606355.466112,53.73,74,-135.19,23.578,76.957,130.083,124.334,138.86,205.48,104.21,176.13,124.99
1330,606355.469764,53.759,77,-135.198,23.71,76.557,129.497,124.923,138.9,205.69,103.68,175.33,125.56
1331,606355.473669,54.49,65,-135.047,23.64,75.216,129.494,124.435,139.09,205.58,101.92,174.86,124.99
1332,606355.479011,55.405,81,-135.172,24.496,73.675,129.762,124.84,138.88,206.75,99.78,175.56,125.49
1333,606355.482779,56.777,61,-134.733,24.638,72.264,131.894,124.021,139.46,206.93,97.88,178.51,124.62
1334,606355.490779,56.381,73,-134.892,25.495,72.278,130.545,122.849,139.27,208.1,97.9,176.72,123.45
1335,606355.493542,56.144,72,-135.07,25.543,72.753,130.59,122.184,139.01,208.14,98.58,176.61,122.78
1336,606355.49807,56.001,69,-135.534,25.789,73.32,131.123,122.049,138.41,208.49,99.3,177.49,122.66
1337,606355.503051,55.413,73,-135.988,26.279,73.715,129.857,123.261,137.81,209.17,99.82,175.66,123.92
1338,606355.505902,55.965,65,-135.538,26.368,73.858,131.96,123.001,138.44,209.26,100.13,178.36,123.66
1339,606355.511018,55.723,77,-136.141,26.945,73.409,130.344,123.499,137.6,210.07,99.42,176.26,124.14
1340,606355.519092,57.122,63,-136.552,26.456,71.805,132.273,123.89,137.1,209.48,97.19,178.82,124.43
1341,606355.521665,57.073,65,-137.067,26.688,71.085,130.775,123.465,136.36,209.72,96.32,176.47,124.08
1342,606355.527031,58.053,78,-137.565,26.829,69.522,131.386,123.745,135.67,209.93,94.1,177.8,124.34
1343,606355.530016,59.41,63,-137.589,26.756,68.055,133.731,122.929,135.63,209.83,92.12,180.92,123.5
1344,606355.543612,58.966,67,-138.471,26.439,68.266,132.413,122.051,134.43,209.36,92.45,178.9,122.62
1345,606355.547497,58.734,70,-139.351,26.706,68.564,132.107,122.791,133.23,209.72,92.82,178.48,123.38
1346,606355.549534,58.025,70,-139.707,26.428,69.161,130.603,124.031,132.82,209.38,93.6,176.69,124.61
1347,606355.554374,58.427,70,-139.293,26.777,69.573,132.877,124.149,133.35,209.8,94.26,179.61,124.79
1348,606355.557833,57.878,82,-139.813,26.326,69.682,131.049,125.341,132.66,209.26,94.25,177.25,125.94
1349,606355.565693,59.214,66,-139.956,25.921,68.113,133.077,125.823,132.44,208.7,92.11,180.07,126.41
1350,606355.569693,59.457,72,-140.672,25.905,67.121,132.079,126.654,131.47,208.68,90.78,178.51,127.25
1351,606355.5735,59.604,68,-140.8,25.366,66.3,131.034,126.592,131.28,207.95,89.66,177.1,127.22
1352,606355.578396,60.404,68,-140.777,25.592,65.779,133.19,125.83,131.4,208.31,88.99,179.9,126.41
1353,606355.582036,59.706,75,-140.54,25.089,66.467,131.763,125.158,131.68,207.56,90.0,178.04,125.75
1354,606355.590134,59.228,67,-140.734,25.124,67.793,132.506,125.317,131.35,207.59,91.71,179.06,125.94
1355,606355.59396,57.798,70,-140.894,24.821,69.503,130.424,126.816,131.15,207.19,93.97,176.44,127.45
1356,606355.59812,57.613,66,-140.257,24.734,70.86,132.292,127.117,132.02,207.0,96.05,178.56,127.79
1357,606355.601769,57.02,79,-140.538,24.419,71.263,130.915,128.513,131.66,206.66,96.35,177.12,129.15
1358,606355.606771,57.855,62,-140.439,23.777,70.299,132.124,129.032,131.74,205.75,95.05,178.69,129.62
1359,606355.609787,58.118,75,-140.8,23.764,69.392,131.381,129.697,131.27,205.76,93.78,177.88,130.3
1360,606355.618096,58.534,66,-140.392,23.393,68.931,132.055,129.037,131.78,205.21,93.21,178.55,129.62
1361,606355.626143,57.76,71,-140.326,22.814,70.001,131.22,127.414,131.92,204.46,94.68,177.54,128.03
1362,606355.631434,56.868,72,-140.428,22.792,71.535,130.882,127.482,131.79,204.41,96.79,176.86,128.11
1363,606355.634293,55.815,72,-139.93,22.708,73.441,130.71,127.88,132.47,204.31,99.37,176.67,128.52
1364,606355.64197,54.874,69,-139.798,22.225,74.612,129.677,128.27,132.62,203.64,100.92,175.47,128.94
1365,606355.646713,54.855,79,-139.858,22.014,74.82,129.975,129.804,132.54,203.36,101.15,175.99,130.47
1366,606355.649215,55.474,67,-139.81,21.412,74.032,130.62,129.896,132.51,202.47,100.13,176.48,130.56
1367,606355.653521,55.834,77,-139.98,21.609,73.189,130.323,129.964,132.39,202.84,98.94,176.53,130.61
1368,606355.657381,56.292,66,-139.679,21.266,72.946,131.445,129.116,132.74,202.31,98.69,177.73,129.74
1369,606355.662924,55.805,77,-139.86,21.339,73.259,130.35,128.193,132.55,202.45,99.13,176.23,128.85
1370,606355.670377,55.79,66,-139.851,21.068,73.582,130.877,127.435,132.56,202.08,99.55,177.07,128.09
1371,606355.674179,54.718,80,-139.778,21.212,74.822,129.54,127.665,132.68,202.29,101.22,175.24,128.34
1372,606355.677814,54.676,67,-139.384,21.48,75.748,131.007,127.534,133.15,202.58,102.56,176.85,128.22
1373,606355.682283,53.79,80,-139.163,21.592,76.591,129.652,128.057,133.54,202.82,103.63,175.34,128.75
1374,606355.68566,54.323,67,-139.381,21.524,76.162,130.59,128.811,133.18,202.67,103.03,176.65,129.46
1375,606355.694233,54.462,72,-139.241,21.377,75.49,129.877,128.554,133.34,202.45,102.12,175.66,129.19
1376,606355.698563,55.04,78,-139.416,21.861,74.587,130.169,128.432,133.17,203.17,100.9,176.12,129.1
1377,606355.701106,55.596,68,-139.319,21.859,74.191,131.306,127.472,133.32,203.17,100.39,177.58,128.14
1378,606355.719023,54.473,80,-139.32,23.16,75.476,129.889,125.88,133.3,204.92,102.11,175.76,126.56
1379,606355.722223,54.078,68,-138.628,23.414,76.661,130.669,125.905,134.19,205.21,103.8,176.47,126.62
1380,606355.725208,53.826,81,-138.817,24.002,76.674,129.903,126.263,133.98,206.06,103.73,175.81,126.96
1381,606355.730887,54.411,73,-138.865,23.868,75.607,129.916,126.753,133.89,205.87,102.3,175.66,127.49
1382,606355.733968,54.949,70,-138.792,24.317,74.612,129.915,126.359,134.02,206.48,101.02,175.41,127.01
1383,606355.737964,55.95,78,-138.552,24.725,73.243,130.809,126.156,134.33,207.05,99.09,177.04,126.8
1384,606355.747249,56.885,65,-138.33,25.119,72.236,132.221,125.016,134.59,207.57,97.77,178.77,125.66
1385,606355.750242,56.339,75,-138.243,25.519,72.471,130.749,123.665,134.79,208.13,98.11,176.94,124.27
1386,606355.753184,56.329,67,-138.131,25.664,72.884,131.46,122.869,134.88,208.3,98.7,177.65,123.52
1387,606355.758463,55.337,77,-137.941,26.116,74.022,130.147,123.705,135.17,208.94,100.18,176.1,124.37
1388,606355.76137,55.855,64,-137.189,26.393,74.534,132.791,123.679,136.17,209.3,100.95,179.31,124.36
1389,606355.769924,54.94,82,-137.451,26.63,74.853,130.309,124.564,135.83,209.64,101.29,176.38,125.23
1390,606355.773866,55.994,68,-137.326,26.321,73.556,131.519,124.85,135.97,209.2,99.56,177.88,125.46
1391,606355.777636,56.417,76,-137.529,26.661,72.399,130.887,125.481,135.71,209.69,97.95,177.2,126.1
1392,606355.782989,57.517,71,-137.067,26.643,70.72,131.682,124.796,136.3,209.64,95.73,178.1,125.38
1393,606355.786611,58.095,69,-137.316,26.882,69.799,132.066,123.831,136.03,210.01,94.49,178.61,124.44
1394,606355.794234,58.037,71,-137.014,26.759,69.698,131.663,122.587,136.44,209.83,94.44,177.72,123.17
1395,606355.803118,57.015,68,-136.415,26.955,72.023,132.295,123.432,137.23,210.06,97.59,178.96,124.05
1396,606355.807921,56.118,75,-136.545,27.08,72.905,130.775,124.371,137.04,210.25,98.71,176.83,125.0
1397,606355.809536,56.379,71,-136.71,26.342,72.551,131.031,125.433,136.84,209.29,98.21,177.12,126.07
1398,606355.813842,57.188,76,-136.967,26.297,70.919,130.875,126.469,136.46,209.2,95.99,177.03,127.08
1399,606355.822049,58.371,70,-137.079,26.072,68.928,131.437,126.309,136.36,208.94,93.3,177.64,126.92
1400,606355.826341,59.372,72,-137.212,26.023,67.4,132.296,125.295,136.12,208.84,91.2,179.11,125.85
1401,606355.8292,59.21,71,-137.277,25.69,67.429,131.723,124.167,135.94,208.31,91.35,177.8,124.72
1402,606355.834829,58.403,78,-137.351,25.63,68.509,130.758,124.097,135.98,208.32,92.79,176.64,124.68
1403,606355.837925,58.023,66,-137.025,25.364,70.052,132.277,124.353,136.41,207.94,94.91,178.57,124.92
1404,606355.846594,56.526,78,-137.267,25.098,71.918,130.389,125.438,136.04,207.55,97.35,176.42,126.05
1405,606355.849826,56.983,66,-137.899,24.225,71.724,131.631,127.069,135.09,206.3,97.1,177.72,127.7
1406,606355.85355,57.342,78,-138.195,23.659,70.397,130.454,128.246,134.78,205.62,95.22,176.64,128.84
1407,606355.858997,58.684,66,-138.811,23.355,68.446,131.689,128.481,133.93,205.19,92.63,177.98,129.06
1408,606355.862648,59.276,75,-139.223,23.101,67.216,131.564,127.609,133.37,204.85,90.95,177.79,128.22
1409,606355.869672,59.46,67,-139.869,22.671,67.231,132.309,126.922,132.51,204.26,91.02,178.42,127.51
1410,606355.873781,58.412,76,-140.305,22.423,68.655,131.069,126.937,131.98,203.96,92.88,177.25,127.53
1411,606355.877181,58.004,66,-140.303,22.425,70.134,132.363,127.274,131.96,203.89,95.01,178.66,127.86
1412,606355.891592,57.298,76,-141.699,21.254,70.671,130.808,131.014,130.05,202.35,95.5,177.09,131.63
1413,606355.897432,58.299,67,-142.06,21.31,69.294,131.866,131.077,129.55,202.41,93.7,178.15,131.7
1414,606355.902889,58.288,73,-142.609,21.269,69.113,131.481,130.245,128.91,202.38,93.57,177.42,130.91
1415,606355.905063,58.091,70,-142.942,21.242,69.506,131.497,129.323,128.33,202.24,93.96,177.61,129.88
1416,606355.910888,57.166,75,-143.315,21.382,70.952,130.859,129.15,127.93,202.53,95.9,176.93,129.81
1417,606355.913517,56.226,70,-143.115,21.711,73.228,131.725,129.098,128.15,202.92,98.99,178.03,129.74
1418,606355.921963,54.535,75,-143.186,21.868,75.281,129.75,129.679,128.09,203.17,101.72,175.54,130.39
1419,606355.926649,54.957,69,-143.532,21.437,75.272,131.093,131.048,127.64,202.6,101.7,177.28,131.75
1420,606355.929609,55.374,70,-143.74,21.314,74.3,130.76,131.661,127.31,202.41,100.34,176.98,132.35
1421,606355.934134,56.17,72,-143.76,21.598,73.125,131.348,131.475,127.21,202.72,98.83,177.39,132.13
1422,606355.938365,56.826,69,-143.911,21.773,72.289,132.112,130.334,127.11,203.04,97.7,178.47,131.01
1423,606355.942148,56.664,73,-143.595,22.051,72.053,131.112,128.541,127.53,203.41,97.44,177.09,129.22
1424,606355.950551,56.192,72,-143.465,22.531,73.023,131.24,127.539,127.79,204.11,98.75,177.23,128.24
1425,606355.953222,54.631,74,-142.515,22.807,75.844,131.028,127.039,129.03,204.46,102.55,176.96,127.69
1426,606355.958896,53.329,75,-142.07,23.0,77.899,130.435,127.601,129.66,204.75,105.33,176.21,128.31
1427,606355.962372,53.406,76,-141.772,22.631,77.798,130.504,128.903,129.99,204.19,105.22,176.16,129.65
1428,606355.978827,56.387,74,-140.596,23.278,72.817,131.538,128.256,131.52,205.05,98.48,177.85,128.89
1429,606355.98201,56.577,71,-139.815,23.669,72.105,130.906,126.007,132.67,205.63,97.57,176.93,126.69
1430,606355.986563,55.477,76,-139.059,24.056,73.778,130.182,125.008,133.69,206.16,99.83,176.13,125.68
1431,606355.990257,54.389,68,-137.624,24.22,76.475,131.337,124.488,135.57,206.34,103.58,177.4,125.18
1432,606355.998681,52.564,86,-137.369,24.161,78.723,129.504,125.696,135.93,206.27,106.52,175.32,126.41
1433,606356.001564,53.42,70,-136.891,23.654,78.141,131.122,127.236,136.56,205.58,105.72,177.56,127.92
1434,606356.005579,54.069,81,-136.821,23.65,76.221,129.888,128.632,136.64,205.59,103.11,175.94,129.29
1435,606356.011515,56.041,69,-136.615,23.641,73.386,131.376,128.02,136.91,205.58,99.29,177.94,128.63
1436,606356.014327,56.435,77,-136.585,23.971,72.03,130.283,125.951,136.98,206.04,97.52,176.29,126.56
1437,606356.018559,56.209,71,-136.402,24.133,72.652,130.63,124.208,137.22,206.25,98.37,176.83,124.83
1438,606356.026838,55.281,71,-135.856,24.457,74.517,130.833,123.826,137.97,206.69,100.91,177.08,124.46
1439,606356.029403,53.768,74,-135.592,24.432,76.955,130.201,124.482,138.35,206.66,104.21,176.18,125.16
1440,606356.034656,53.616,68,-136.017,24.114,77.569,130.765,126.452,137.72,206.19,105.01,176.95,127.13
1441,606356.038311,54.217,81,-136.424,23.722,75.836,129.699,127.837,137.2,205.7,102.63,175.6,128.49
1442,606356.042623,56.474,66,-136.817,23.855,72.326,130.952,127.893,136.55,205.76,97.94,177.02,128.52
1443,606356.050457,57.644,73,-137.063,24.161,70.054,130.9,125.886,136.4,206.39,94.83,176.88,126.4
1444,606356.054537,57.604,68,-137.628,24.107,70.318,131.248,124.1,135.61,206.24,95.23,177.43,124.69
1445,606356.066591,54.388,80,-138.118,24.31,75.704,130.008,125.392,134.9,206.46,102.49,175.72,126.06
1446,606356.074677,54.946,63,-138.932,23.686,74.665,130.0,126.774,133.95,205.75,101.07,175.41,127.28
1447,606356.077802,57.02,75,-139.662,23.694,71.395,131.157,128.179,132.82,205.66,96.54,177.54,128.8
1448,606356.081376,59.067,66,-140.172,23.688,68.157,132.592,127.227,132.12,205.66,92.18,179.43,127.81
1449,606356.086633,59.113,78,-140.622,23.792,67.346,131.191,125.332,131.54,205.77,91.22,177.16,125.95
1450,606356.089408,58.936,71,-141.072,23.798,67.966,131.719,124.093,131.02,205.85,92.0,177.83,124.71
1451,606356.097922,57.663,69,-140.862,24.023,70.291,131.411,124.068,131.32,206.06,95.35,177.11,124.77
1452,606356.10233,55.659,71,-141.032,24.081,73.024,129.447,124.526,131.05,206.23,98.79,175.2,125.27
1453,606356.106029,56.309,65,-141.746,23.511,73.332,132.199,127.413,130.04,205.41,99.14,178.86,128.08
1454,606356.109613,56.698,76,-142.195,23.288,71.639,130.477,129.171,129.41,205.11,96.81,176.55,129.81
1455,606356.115354,59.267,67,-142.529,23.218,67.941,132.947,129.685,128.98,205.05,91.83,179.77,130.29
1456,606356.117879,60.3,75,-142.998,23.261,65.626,132.454,128.218,128.32,205.09,88.69,179.2,128.8
1457,606356.126305,60.407,71,-142.97,23.181,65.43,132.494,126.268,128.33,204.95,88.49,178.99,126.88
1458,606356.130804,58.686,71,-142.907,23.657,68.002,130.84,126.031,128.48,205.63,91.92,176.98,126.66
1459,606356.133725,57.288,66,-142.26,23.771,71.437,132.188,126.249,129.34,205.68,96.83,178.3,126.95
1460,606356.150549,58.118,73,-142.393,23.004,69.727,132.017,131.552,129.07,204.67,94.22,178.45,132.14
1461,606356.153885,59.409,70,-142.563,23.073,67.38,132.404,130.68,128.77,204.76,91.08,178.6,131.36
1462,606356.157754,59.696,69,-142.079,23.116,66.539,131.869,128.575,129.54,204.86,90.08,177.55,129.21
1463,606356.162633,58.385,68,-141.995,23.636,68.632,130.926,127.6,129.76,205.61,92.82,177.25,128.13
1464,606356.165371,56.922,63,-140.77,23.94,72.433,132.715,126.986,131.35,205.92,98.12,179.26,127.7
1465,606356.170623,54.421,80,-140.871,23.304,75.764,130.217,129.105,131.2,205.11,102.44,176.11,129.8
1466,606356.178184,55.235,66,-140.765,22.636,75.066,131.644,131.233,131.31,204.2,101.43,178.29,131.89
1467,606356.181603,56.504,72,-140.646,22.515,72.481,131.334,132.504,131.46,204.04,97.97,177.64,133.09
1468,606356.185573,57.903,71,-140.719,22.499,70.007,131.751,131.547,131.36,204.04,94.6,178.42,132.14
1469,606356.190257,58.427,70,-140.478,22.558,68.818,131.436,129.134,131.73,204.14,93.08,177.73,129.73
1470,606356.194039,57.205,73,-140.326,23.011,70.581,130.31,127.619,131.91,204.73,95.45,176.33,128.26
1471,606356.202059,55.175,69,-139.126,23.103,75.001,131.335,126.478,133.56,204.77,101.7,177.29,127.16
1472,606356.205866,52.731,84,-139.248,22.475,78.513,129.654,128.667,133.37,203.97,106.17,175.49,129.41
1473,606356.210068,52.828,76,-139.216,21.781,78.15,129.343,130.761,133.41,203.05,105.64,175.15,131.45
1474,606356.214337,55.194,70,-139.523,21.519,74.662,130.802,132.547,132.94,202.66,100.94,177.02,133.2
1475,606356.217388,57.091,69,-139.697,21.512,71.245,131.133,131.131,132.72,202.67,96.33,177.47,131.72
1476,606356.23401,54.124,71,-139.073,22.11,76.201,130.03,125.908,133.65,203.5,103.13,175.83,126.59
1477,606356.237666,52.016,77,-139.097,21.528,79.56,129.273,128.024,133.67,202.73,107.67,174.68,128.82
1478,606356.241481,52.485,71,-139.215,21.053,78.817,129.428,130.175,133.42,202.05,106.57,175.24,130.89
1479,606356.245992,54.883,70,-139.884,20.81,74.986,130.354,131.718,132.51,201.75,101.39,176.39,132.37
1480,606356.254699,56.788,74,-140.34,21.144,71.633,130.78,130.073,131.89,202.19,96.89,176.82,130.69
1481,606356.259135,57.798,66,-140.571,21.499,70.278,131.877,127.23,131.52,202.62,95.13,178.06,127.85
1482,606356.261153,56.168,71,-140.666,21.846,72.366,129.976,125.786,131.52,203.17,97.94,175.59,126.46
1483,606356.266174,54.506,70,-139.964,22.25,76.103,131.072,124.811,132.44,203.67,102.99,177.27,125.5
1484,606356.269584,52.672,78,-140.275,22.025,78.876,130.077,127.077,132.02,203.36,106.67,176.02,127.82
1485,606356.277857,52.957,74,-140.534,21.756,78.242,129.879,129.573,131.65,203.0,105.81,175.59,130.28
1486,606356.282069,55.617,72,-141.109,21.843,73.98,131.003,131.042,130.85,203.13,100.03,177.11,131.69
1487,606356.28543,57.893,70,-141.587,22.317,70.036,131.771,129.255,130.25,203.81,94.7,178.2,129.88
1488,606356.29008,58.488,69,-141.598,22.865,68.959,131.935,126.113,130.26,204.56,93.34,178.02,126.75
1489,606356.294542,56.778,74,-141.028,23.64,71.751,130.961,124.284,131.0,205.56,97.11,176.99,124.92
1490,606356.302557,54.315,68,-140.816,23.754,75.905,130.123,123.837,131.29,205.7,102.73,175.89,124.55
1491,606356.305715,53.287,79,-140.657,23.637,77.953,130.399,126.625,131.52,205.56,105.45,176.24,127.34
1492,606356.314626,56.827,70,-140.776,23.645,71.973,131.538,130.035,131.31,205.58,97.32,177.81,130.65
1493,606356.319426,58.928,71,-140.895,24.253,68.081,131.909,127.934,131.16,206.43,92.05,178.49,128.52
1494,606356.322098,59.149,72,-140.55,24.659,67.79,132.192,124.786,131.62,206.95,91.77,178.41,125.4
1495,606356.329729,56.647,70,-139.327,25.08,72.074,131.092,123.277,133.34,207.49,97.74,176.93,123.95
1496,606356.333843,54.376,76,-139.051,25.259,76.015,130.505,124.331,133.68,207.76,102.85,176.57,125.02
1497,606356.337189,54.283,68,-138.948,24.55,76.996,131.893,127.409,133.83,206.8,104.27,177.78,128.1
1498,606356.343032,55.324,79,-139.261,24.233,74.31,130.612,130.223,133.35,206.38,100.44,176.9,130.87
1499,606356.345434,58.689,66,-139.118,24.351,68.806,132.399,129.906,133.46,206.39,93.3,178.87,130.57
1500,606356.354554,59.979,72,-139.061,24.639,66.09,132.096,126.733,133.61,206.96,89.4,178.78,127.3
1501,606356.357853,58.825,73,-138.625,24.973,67.857,131.086,124.303,134.22,207.4,91.82,177.38,124.89
1502,606356.362087,56.511,67,-137.504,25.244,72.761,131.867,123.244,135.73,207.71,98.7,177.72,123.94
1503,606356.367535,53.515,83,-137.685,24.421,77.305,130.01,126.215,135.53,206.65,104.64,175.77,126.9
1504,606356.369685,54.007,72,-138.176,23.475,76.518,130.204,129.641,134.87,205.38,103.51,176.27,130.26
1505,606356.374305,56.99,69,-138.654,23.246,71.424,131.103,131.673,134.07,204.95,96.67,177.21,132.29
1506,606356.381903,59.992,76,-138.932,23.158,65.98,131.929,129.476,133.78,204.97,89.22,178.58,130.01
1507,606356.385328,60.313,71,-139.064,23.226,65.436,132.125,125.919,133.64,205.07,88.55,178.66,126.46
1508,606356.398378,55.358,47,-138.327,23.761,74.301,130.708,126.853,134.64,205.77,100.51,176.86,127.48
1509,606356.405588,55.26,76,-139.98,21.382,74.088,130.012,132.312,132.38,202.53,100.14,176.03,132.93
1510,606356.410489,58.831,65,-140.401,21.217,67.928,131.245,132.045,131.8,202.32,91.91,176.82,132.51
1511,606356.414211,60.404,68,-141.205,21.498,64.902,131.413,129.04,130.66,202.62,87.88,177.16,129.67
1512,606356.418058,59.169,68,-141.354,21.719,67.234,131.187,126.3,130.62,203.01,90.97,177.62,126.83
1513,606356.421505,56.373,68,-141.122,22.071,72.804,131.465,125.373,130.91,203.45,98.53,177.65,126.05
1514,606356.429945,53.733,78,-141.631,21.488,77.039,130.235,128.613,130.16,202.63,104.15,176.17,129.35
1515,606356.433933,54.253,75,-142.373,20.572,76.285,130.577,132.218,129.19,201.43,103.08,176.61,132.9
1516,606356.437683,57.178,67,-143.081,20.607,71.412,131.747,134.184,128.17,201.46,96.43,178.4,134.81
1517,606356.443109,59.746,72,-143.691,20.806,66.572,132.13,131.957,127.36,201.75,89.92,178.81,132.54
1518,606356.4462,60.218,68,-144.188,21.284,65.882,132.641,128.371,126.81,202.46,89.09,179.02,128.98
1519,606356.449972,57.182,71,-143.396,22.092,71.089,131.169,125.931,127.89,203.43,96.37,177.05,126.61
1520,606356.458949,53.903,78,-143.359,22.234,76.683,130.158,127.148,127.86,203.64,103.67,175.93,127.89
1521,606356.461617,53.565,67,-143.624,21.204,77.866,131.108,130.91,127.45,202.22,105.2,177.22,131.67
1522,606356.46573,55.127,75,-143.895,21.046,74.712,130.669,133.746,127.08,202.03,100.9,176.67,134.44
1523,606356.469733,58.516,68,-143.959,21.296,69.234,132.564,133.251,126.98,202.38,93.5,179.32,133.84
1524,606356.486695,54.992,63,-142.571,23.143,74.684,130.183,127.174,128.98,204.91,100.97,175.89,127.94
1525,606356.489851,52.883,76,-141.66,22.403,78.803,130.589,129.14,130.15,203.89,106.54,176.53,129.87
1526,606356.494217,53.538,81,-141.549,22.017,77.313,130.094,132.486,130.27,203.36,104.43,176.19,133.19
1527,606356.498536,56.944,70,-141.235,22.046,71.905,131.824,133.36,130.66,203.42,97.12,178.56,133.97
1528,606356.506499,58.984,70,-141.096,22.803,68.013,131.992,130.316,130.82,204.43,91.95,178.52,130.91
1529,606356.510189,58.062,70,-140.401,23.389,69.144,130.709,126.943,131.8,205.24,93.54,176.61,127.6
1530,606356.513815,55.598,69,-139.027,23.974,74.357,131.606,125.364,133.61,205.95,100.7,177.48,125.99
1531,606356.51855,52.489,81,-138.504,23.381,79.036,129.799,127.62,134.38,205.24,106.8,175.78,128.33
1532,606356.521737,52.361,76,-138.323,22.401,79.324,129.893,131.15,134.64,203.85,107.36,175.9,131.85
1533,606356.526126,55.586,71,-138.393,22.289,74.089,131.091,133.282,134.51,203.77,100.15,177.52,133.87
1534,606356.53383,58.226,74,-138.415,22.659,69.112,131.251,130.623,134.46,204.26,93.45,177.77,131.2
1535,606356.537557,58.108,71,-138.07,23.464,69.259,131.095,126.788,135.03,205.41,93.76,177.13,127.38
1536,606356.542562,55.386,69,-137.176,23.903,74.485,131.125,124.792,136.18,205.93,100.83,177.45,125.44
1537,606356.54664,51.998,82,-137.135,23.351,79.715,129.472,126.938,136.27,205.15,107.98,175.13,127.67
1538,606356.550311,51.806,72,-137.315,22.551,80.012,129.4,130.098,135.97,204.07,108.2,175.2,130.77
1539,606356.558067,54.901,68,-138.162,22.097,75.142,130.686,133.008,134.79,203.47,101.56,177.08,133.64
1540,606356.566308,58.469,61,-138.427,24.001,68.036,130.098,125.69,134.5,206.13,92.03,175.99,126.23
1541,606356.571587,56.173,68,-138.341,23.748,73.254,131.588,123.57,134.65,205.74,99.2,177.85,124.2
1542,606356.573592,52.272,85,-138.612,23.224,79.36,129.692,125.193,134.29,205.01,107.39,175.43,125.93
1543,606356.582687,51.731,71,-139.27,22.063,80.767,130.404,129.001,133.41,203.4,109.44,175.8,129.8
1544,606356.586352,54.388,71,-140.263,21.827,76.273,130.988,132.145,131.94,203.05,103.12,177.15,132.81
1545,606356.589054,57.89,71,-141.589,21.744,69.909,131.522,130.993,130.22,203.05,94.48,177.78,131.56
1546,606356.595304,59.891,67,-142.281,22.288,66.606,132.774,126.633,129.29,203.75,90.07,179.6,127.22
1547,606356.59854,57.576,73,-141.454,23.057,70.498,131.48,122.561,130.39,204.75,95.47,177.44,123.2
1548,606356.606636,53.373,83,-141.654,22.863,77.608,130.083,123.769,130.19,204.5,104.99,175.87,124.51
1549,606356.609596,51.919,65,-142.18,21.506,79.802,129.386,127.33,129.58,202.66,108.15,174.46,128.05
1550,606356.614494,54.999,75,-142.694,21.583,75.11,130.947,131.67,128.73,202.78,101.46,177.25,132.35
1551,606356.618094,59.131,70,-143.569,21.485,67.744,132.035,131.483,127.53,202.67,91.51,178.67,132.08
1552,606356.622546,62.106,60,-144.158,21.787,63.269,135.236,127.111,126.83,203.15,85.54,182.61,127.64
1553,606356.625854,59.572,70,-142.711,23.091,67.247,132.78,122.934,128.76,204.84,91.0,179.42,123.54
1554,606356.633845,54.917,81,-142.174,23.365,74.944,130.392,123.835,129.47,205.17,101.4,176.19,124.54
1555,606356.63784,54.413,68,-142.255,22.42,76.712,131.821,128.201,129.41,203.92,103.71,177.9,129.01
1556,606356.641224,56.468,76,-142.142,22.314,72.36,130.993,132.265,129.46,203.78,97.74,177.36,132.9
1557,606356.658697,58.604,51,-140.286,23.327,68.476,131.445,125.098,131.97,205.26,92.45,177.73,125.65
1558,606356.662474,55.455,76,-139.591,24.4,73.929,130.372,125.849,132.92,206.59,100.02,176.33,126.51
1559,606356.665516,55.484,63,-139.174,23.251,75.079,132.5,129.721,133.35,204.96,101.61,178.78,130.41
1560,606356.670932,57.303,66,-138.994,22.92,70.965,131.369,133.657,133.66,204.61,95.89,177.99,134.24
1561,606356.673414,60.529,74,-139.06,22.97,65.098,132.316,132.746,133.56,204.7,87.97,179.29,133.27
1562,606356.677679,61.2,68,-139.186,24.031,63.82,132.473,129.29,133.41,206.14,86.28,179.42,129.82
1563,606356.686011,58.414,71,-138.047,25.077,69.02,131.775,126.527,135.01,207.53,93.53,177.89,127.15
1564,606356.689571,54.96,71,-138.068,24.749,75.191,130.962,128.624,134.99,207.12,101.74,176.94,129.25
1565,606356.693487,53.973,79,-138.087,23.532,76.728,130.452,132.032,134.93,205.45,103.7,176.71,132.66
1566,606356.698868,56.353,69,-138.541,22.927,72.946,131.653,134.711,134.27,204.61,98.54,178.46,135.29
1567,606356.701676,58.625,69,-139.422,23.188,68.373,131.325,133.555,133.07,204.97,92.38,177.97,134.1
1568,606356.709635,59.466,69,-140.487,24.045,67.016,131.909,130.271,131.69,206.17,90.58,178.51,130.84
1569,606356.714378,56.513,74,-139.91,24.631,72.129,130.728,126.752,132.53,206.95,97.57,176.69,127.36
1570,606356.717962,53.899,72,-140.053,23.723,77.301,131.194,128.297,132.34,205.7,104.53,177.49,129.01
1571,606356.722901,53.158,82,-140.426,22.327,78.165,130.36,131.709,131.8,203.79,105.63,176.48,132.41
1572,606356.725272,55.459,72,-141.233,21.596,74.327,131.09,133.858,130.69,202.81,100.42,177.44,134.51
1573,606356.734497,57.577,65,-142.358,21.665,70.056,130.659,132.519,129.13,202.89,94.63,176.97,133.11
1574,606356.746799,52.977,65,-143.066,20.806,77.575,128.832,130.03,128.24,201.72,104.83,174.2,130.81
1575,606356.749318,53.384,78,-143.411,19.925,77.543,130.008,131.938,127.76,200.51,104.74,175.95,132.68
1576,606356.754664,56.418,75,-144.022,19.592,72.59,131.234,132.994,126.92,200.08,98.03,177.63,133.65
1577,606356.762994,58.881,69,-144.815,19.681,68.391,132.332,130.6,125.86,200.21,92.39,179.02,131.22
1578,606356.76634,58.162,63,-143.943,20.31,69.716,132.157,126.813,127.14,201.05,94.4,178.58,127.4
1579,606356.769537,54.557,84,-143.618,20.281,75.266,129.793,126.367,127.53,201.0,101.78,175.46,127.09
1580,606356.774492,53.463,64,-143.49,19.921,77.595,130.336,128.931,127.73,200.6,104.9,175.79,129.61
1581,606356.777456,55.262,67,-143.867,19.333,74.952,131.533,132.966,127.14,199.72,101.23,178.02,133.65
1582,606356.785979,58.228,72,-144.022,19.564,69.224,131.472,132.627,126.91,200.05,93.5,177.92,133.24
1583,606356.790071,59.586,65,-144.03,20.452,66.795,131.945,129.38,126.99,201.31,90.3,178.16,130.03
1584,606356.79339,57.341,68,-142.647,21.731,71.067,131.693,126.183,128.82,202.95,96.2,177.97,126.86
1585,606356.798372,54.008,76,-142.171,21.76,76.654,130.437,127.827,129.51,203.06,103.64,176.3,128.52
1586,606356.801719,53.552,81,-142.057,21.443,77.419,130.315,131.641,129.57,202.56,104.6,176.35,132.35
1587,606356.810529,56.496,65,-141.564,21.639,72.5,131.34,134.079,130.31,202.91,98.01,177.3,134.78
1588,606356.813607,59.345,71,-141.703,22.471,67.213,131.826,131.876,130.0,203.99,90.82,178.39,132.44
1589,606356.817636,58.85,66,-140.563,24.118,67.985,131.43,127.17,131.65,206.27,91.98,177.67,127.75
1590,606356.830796,53.708,56,-139.004,23.86,77.13,130.309,131.737,133.73,205.81,104.44,176.48,132.44
1591,606356.837902,56.755,74,-139.492,23.643,71.924,131.196,133.846,133.0,205.59,97.16,177.79,134.43
1592,606356.841916,59.433,66,-140.351,24.491,67.138,132.019,130.961,131.87,206.83,90.67,178.52,131.49
1593,606356.845411,58.575,62,-139.542,26.028,69.016,132.37,125.428,133.02,208.82,93.44,178.79,126.05
1594,606356.851313,53.525,68,-138.613,26.465,76.954,129.451,125.013,134.3,209.46,104.09,175.02,125.67
1595,606356.853847,51.476,73,-138.081,24.828,80.725,129.609,128.22,134.98,207.19,109.14,175.47,128.93
1596,606356.862644,54.191,68,-138.661,23.368,76.651,131.01,133.264,134.14,205.19,103.57,177.53,133.91
1597,606356.865591,57.468,69,-138.99,23.778,69.577,129.381,133.212,133.65,205.77,94.01,175.38,133.77
1598,606356.869518,59.452,64,-139.33,24.634,67.268,132.35,126.844,133.27,206.94,91.01,179.11,127.41
1599,606356.874307,55.344,81,-138.914,25.109,73.838,129.85,123.28,133.87,207.57,99.94,175.65,123.95
1600,606356.877289,52.081,69,-138.661,24.41,79.945,130.087,124.697,134.23,206.61,108.18,175.92,125.47
1601,606356.882097,52.557,71,-139.472,22.586,79.393,130.587,131.414,133.08,204.14,107.28,176.86,132.11
1602,606356.890323,56.499,72,-140.678,21.694,72.126,130.675,133.616,131.41,202.94,97.45,177.0,134.22
1603,606356.893582,61.192,53,-142.043,21.672,64.322,133.484,130.432,129.53,202.88,86.97,180.41,130.96
1604,606356.898922,59.605,60,-140.698,22.841,67.4,133.213,122.652,131.45,204.47,91.35,179.61,123.31
1605,606356.901844,54.395,61,-140.536,23.01,75.373,129.464,121.69,131.71,204.73,102.04,174.95,122.38
1606,606356.90575,51.772,69,-141.222,21.464,80.001,129.286,128.543,130.75,202.63,108.13,174.89,129.26
1607,606356.918898,58.422,40,-142.917,20.128,67.983,129.823,132.504,128.44,200.79,91.85,175.75,133.1
1608,606356.92251,61.739,54,-143.825,21.451,62.008,130.962,127.476,127.16,202.62,83.83,177.09,128.04
1609,606356.92665,56.122,57,-142.181,22.057,72.249,129.612,124.881,129.48,203.4,97.79,175.23,125.53
1610,606356.929958,53.586,70,-142.822,21.529,77.777,131.023,128.152,128.52,202.66,105.08,177.12,128.92
1611,606356.938598,55.764,69,-143.087,20.615,74.305,132.073,134.15,128.13,201.42,100.34,178.64,134.8
1612,606356.942138,59.517,73,-143.453,20.404,66.437,130.967,134.587,127.62,201.18,89.72,177.25,135.16
1613,606356.945514,62.402,55,-144.959,21.061,62.183,134.228,130.874,125.64,202.1,83.99,181.54,131.43
1614,606356.949927,58.794,62,-143.111,23.531,67.781,130.822,126.264,128.15,205.41,91.64,176.95,126.93
1615,606356.953616,56.234,64,-142.271,23.663,73.955,133.06,127.896,129.33,205.61,99.96,179.99,128.57
1616,606356.958192,55.237,74,-142.381,22.423,74.609,130.85,132.702,129.14,203.92,100.75,177.19,133.37
1617,606356.966682,58.451,75,-141.897,21.904,68.77,131.433,134.36,129.82,203.32,92.9,177.7,134.89
1618,606356.969059,61.03,70,-142.657,22.795,64.211,132.569,132.936,128.68,204.43,86.69,179.46,133.52
1619,606356.974902,60.412,65,-141.573,24.724,65.857,133.381,128.482,130.18,207.04,89.04,180.3,129.07
1620,606356.977739,56.465,69,-140.819,24.61,72.697,131.591,128.556,131.25,206.88,98.29,177.99,129.18
1621,606356.981943,55.383,79,-140.448,23.699,74.305,130.796,131.657,131.75,205.66,100.39,177.16,132.3
1622,606356.990609,57.465,73,-139.809,22.636,70.883,131.798,133.453,132.57,204.22,95.76,178.59,134.03
1623,606356.99378,59.201,73,-140.065,22.899,67.464,131.759,133.034,132.22,204.59,91.14,178.53,133.59
1624,606357.002756,56.003,76,-139.421,24.142,73.074,130.687,129.937,133.13,206.26,98.77,176.99,130.57
1625,606357.006985,54.866,77,-139.466,23.179,75.211,130.69,131.829,133.06,204.95,101.63,177.05,132.47
1626,606357.014794,56.442,67,-139.399,22.403,72.999,132.058,133.467,133.1,203.87,98.66,178.79,134.08
1627,606357.018377,57.67,71,-140.072,22.254,70.222,131.307,132.999,132.25,203.73,94.9,177.74,133.57
1628,606357.022041,57.905,68,-140.039,22.87,70.144,132.017,130.315,132.29,204.54,94.82,178.76,130.91
1629,606357.026493,54.544,80,-140.103,23.148,75.374,129.939,129.369,132.25,204.89,101.99,175.75,130.03
1630,606357.029788,53.353,74,-140.593,21.768,78.022,130.715,131.291,131.59,203.04,105.44,176.92,132.01
1631,606357.033553,54.593,70,-141.053,20.959,76.123,131.387,133.925,130.91,201.92,102.81,177.98,134.59
1632,606357.041553,56.403,74,-142.067,21.089,72.204,130.486,133.48,129.5,202.1,97.52,176.79,134.08
1633,606357.045897,57.748,72,-142.71,21.876,70.429,131.977,130.021,128.7,203.19,95.16,178.62,130.65
1634,606357.050054,54.792,78,-142.351,22.289,75.141,130.328,127.24,129.22,203.73,101.59,176.28,127.95
1635,606357.05426,52.677,75,-142.834,21.052,79.257,130.719,128.91,128.57,202.05,107.13,176.63,129.74
1636,606357.058614,53.541,72,-143.112,20.415,78.035,131.317,132.386,128.14,201.13,105.49,177.49,133.11
1637,606357.067107,56.096,78,-144.022,20.526,72.927,130.741,132.744,127.03,201.41,98.54,176.6,133.47
1638,606357.069529,57.868,63,-145.003,21.441,69.951,131.518,130.09,125.55,202.53,94.49,177.83,130.8
1639,606357.073856,55.551,73,-144.048,22.648,73.834,130.523,126.212,126.92,204.2,99.86,176.16,126.89
1640,606357.090634,56.475,76,-144.409,22.079,72.617,131.48,131.887,126.43,203.46,98.09,177.73,132.56
1641,606357.09399,58.838,64,-144.832,23.139,68.433,132.247,129.452,125.81,204.86,92.43,178.97,130.12
1642,606357.097946,57.338,73,-143.433,24.643,71.121,131.785,124.81,127.76,206.91,96.16,178.22,125.49
1643,606357.101215,54.121,65,-142.774,24.091,77.215,131.75,125.239,128.64,206.1,104.46,177.54,125.83
1644,606357.106843,53.435,75,-142.346,23.676,78.022,130.969,129.426,129.2,205.59,105.44,177.12,130.17
1645,606357.109741,56.688,73,-142.19,23.719,72.244,131.545,131.632,129.43,205.74,97.56,177.96,132.22
1646,606357.1186,59.745,62,-142.458,24.643,66.77,132.518,129.673,129.02,206.96,90.24,179.01,130.31
1647,606357.121786,58.518,67,-141.052,26.369,69.002,132.129,124.413,130.97,209.29,93.32,178.7,125.03
1648,606357.12589,55.134,64,-139.896,26.271,75.448,131.981,124.191,132.54,209.07,102.09,177.9,124.69
1649,606357.131292,53.832,75,-139.428,25.313,77.431,131.205,128.699,133.16,207.84,104.67,177.66,129.39
1650,606357.134214,56.971,74,-139.261,24.846,71.47,131.121,131.441,133.37,207.28,96.6,177.44,132.0
1651,606357.141659,60.923,61,-139.679,25.234,64.667,133.065,129.932,132.8,207.83,87.41,179.95,130.45
1652,606357.145682,59.204,60,-137.876,27.375,66.951,130.767,123.768,135.3,210.76,90.66,176.79,124.35
1653,606357.149705,56.082,61,-136.971,27.302,73.818,132.287,123.688,136.43,210.48,99.97,178.9,124.33
1654,606357.154468,54.003,69,-136.957,25.66,76.582,130.298,128.453,136.46,208.33,103.58,176.32,129.13
1655,606357.157833,57.145,72,-137.248,24.224,70.648,130.224,131.77,136.04,206.4,95.53,176.37,132.36
1656,606357.166926,61.518,65,-137.694,24.155,63.229,132.589,130.63,135.56,206.49,85.52,179.02,131.09
1657,606357.174506,55.905,43,-136.463,25.788,71.789,128.065,130.931,137.09,208.46,96.87,173.62,131.62
1658,606357.179815,55.266,68,-136.76,25.018,75.112,131.829,131.009,136.74,207.48,101.57,178.53,131.6
1659,606357.181833,58.208,74,-137.36,24.338,69.067,131.095,133.149,135.86,206.54,93.36,177.69,133.69
1660,606357.185464,61.422,62,-138.585,24.77,63.822,133.42,131.148,134.31,207.25,86.3,180.41,131.6
1661,606357.194413,59.328,70,-138.014,27.339,66.651,130.656,126.052,135.07,210.67,90.16,176.73,126.58
1662,606357.197872,56.035,67,-138.78,26.308,73.587,131.712,126.01,133.98,209.17,99.56,178.08,126.65
1663,606357.20149,54.995,71,-139.213,24.998,75.616,131.816,130.546,133.39,207.4,102.21,178.39,131.2
1664,606357.206309,57.674,75,-140.356,23.374,70.213,131.304,133.403,131.84,205.23,94.85,177.88,133.99
1665,606357.209941,61.14,66,-141.827,23.484,64.269,133.155,131.858,129.9,205.45,86.82,180.16,132.37
1666,606357.217951,59.46,76,-141.892,25.389,67.025,131.901,127.186,129.82,207.97,90.6,178.47,127.78
1667,606357.221888,55.359,65,-142.41,24.24,74.25,130.623,127.276,129.25,206.32,100.77,176.05,127.88
1668,606357.226039,55.273,71,-142.822,23.049,75.211,132.027,131.67,128.62,204.79,101.66,178.54,132.31
1669,606357.230184,58.02,75,-143.763,22.166,69.516,131.256,134.29,127.25,203.58,93.84,177.71,134.9
1670,606357.233686,60.755,62,-144.272,22.974,64.032,131.067,132.147,126.54,204.68,86.46,177.41,132.71
1671,606357.242136,58.81,76,-144.068,24.332,67.726,130.776,127.212,126.9,206.52,91.53,176.83,127.84
1672,606357.24564,55.417,72,-144.396,23.379,74.182,130.695,127.776,126.49,205.23,100.23,176.69,128.47
1673,606357.249917,55.406,71,-144.906,21.778,74.588,131.371,132.449,125.81,203.08,100.72,177.58,133.17
1674,606357.264164,57.739,62,-144.902,22.879,70.368,131.83,128.573,125.84,204.58,95.12,178.11,129.19
1675,606357.269602,55.607,78,-144.665,22.044,74.259,131.462,130.616,126.09,203.41,100.28,177.87,131.31
1676,606357.273182,56.664,71,-144.536,21.302,72.558,132.033,134.258,126.26,202.42,97.95,178.64,134.91
1677,606357.278554,60.415,65,-144.578,21.764,65.55,132.77,135.025,126.14,203.06,88.45,179.77,135.58
1678,606357.282389,61.171,63,-143.37,23.885,64.123,132.982,130.035,127.82,205.97,86.65,179.52,130.6
1679,606357.285874,57.199,67,-142.984,23.828,71.109,131.266,129.125,128.28,205.82,96.11,177.19,129.82
1680,606357.29402,55.176,76,-141.995,23.231,74.946,131.24,131.815,129.67,205.02,101.22,177.71,132.48
1681,606357.298722,56.687,76,-141.655,22.374,71.979,131.06,134.841,130.13,203.9,97.22,177.35,135.44
1682,606357.301512,60.228,65,-141.599,22.8,65.867,132.65,134.595,130.17,204.46,88.95,179.75,135.15
1683,606357.306979,58.859,71,-140.524,25.267,67.897,131.29,130.261,131.63,207.82,91.74,177.77,130.83
1684,606357.310382,55.712,68,-140.17,24.607,74.191,131.696,130.125,132.17,206.92,100.32,177.97,130.77
1685,606357.318566,54.564,67,-139.751,23.513,76.355,131.695,132.991,132.61,205.36,103.17,178.03,133.71
1686,606357.32183,55.896,73,-139.84,23.062,73.324,130.773,135.132,132.53,204.78,99.08,177.03,135.73
1687,606357.325508,58.97,67,-140.379,23.574,68.31,132.514,133.71,131.82,205.56,92.23,179.41,134.23
1688,606357.331251,57.332,75,-139.508,25.204,70.991,131.521,129.395,133.01,207.71,95.95,178.11,130.0
1689,606357.334453,54.046,77,-139.342,24.032,76.703,130.638,129.709,133.25,206.1,103.71,176.74,130.38
1690,606357.338695,53.528,72,-139.379,22.809,77.867,130.995,132.581,133.28,204.5,105.27,177.09,133.3
1691,606357.353915,54.989,67,-140.326,23.71,74.721,130.235,128.804,131.92,205.67,101.05,176.09,129.49
1692,606357.357586,53.009,78,-140.456,22.644,78.672,130.751,130.105,131.76,204.21,106.36,176.84,130.82
1693,606357.362493,53.783,76,-140.978,21.675,77.306,130.838,132.477,131.06,202.91,104.46,177.11,133.17
1694,606357.371388,56.435,75,-142.175,21.786,72.506,131.143,132.787,129.41,203.07,97.97,177.38,133.42
1695,606357.374868,57.072,72,-142.191,23.163,71.556,131.638,128.79,129.38,204.89,96.73,177.97,129.4
1696,606357.377316,54.479,70,-142.007,22.567,76.078,130.942,127.211,129.69,204.11,102.85,177.12,127.92
1697,606357.383203,53.419,70,-142.313,21.58,78.209,131.232,129.509,129.28,202.77,105.79,177.06,130.21
1698,606357.386698,54.823,75,-143.07,21.141,75.338,130.773,131.453,128.22,202.17,101.77,176.99,132.14
1699,606357.390523,57.8,67,-143.637,21.802,70.627,132.539,130.139,127.46,203.09,95.41,179.35,130.77
1700,606357.398578,55.766,77,-143.258,22.559,73.568,130.771,126.963,128.03,204.11,99.47,176.76,127.67
1701,606357.402024,53.924,79,-143.296,21.857,76.925,130.635,128.093,127.92,203.1,104.01,176.51,128.82
1702,606357.40735,54.692,78,-143.525,21.372,75.766,131.089,130.497,127.64,202.47,102.46,177.13,131.22
1703,606357.409296,57.543,72,-144.355,21.982,70.728,131.791,130.864,126.51,203.33,95.58,178.07,131.52
1704,606357.413265,58.505,67,-143.575,23.229,69.429,132.896,126.977,127.57,205.04,93.95,178.91,127.61
1705,606357.422513,55.487,70,-143.164,23.154,74.362,131.244,126.01,128.1,204.82,100.64,177.02,126.71
1706,606357.425975,54.82,72,-142.965,22.605,75.777,131.524,128.885,128.37,204.15,102.4,177.87,129.61
1707,606357.434941,58.817,69,-142.979,23.293,68.339,131.987,129.032,128.32,205.06,92.44,178.45,129.68
1708,606357.439221,57.656,75,-142.209,24.544,70.284,131.371,125.832,129.41,206.81,95.03,177.67,126.47
1709,606357.446639,55.49,75,-142.048,23.678,74.437,131.388,127.259,129.69,205.67,100.65,177.55,127.94
1710,606357.449848,56.122,73,-141.843,23.295,73.378,131.636,130.08,129.97,205.21,99.24,177.53,130.67
1711,606357.45333,58.87,73,-142.299,23.383,68.241,131.999,130.931,129.26,205.26,92.22,178.46,131.5
1712,606357.458869,60.381,68,-141.394,24.638,65.928,133.394,127.368,130.49,206.85,89.48,179.55,128.01
1713,606357.461951,57.084,69,-140.807,24.584,71.371,131.34,126.041,131.32,206.83,96.7,177.39,126.69
1714,606357.465865,55.796,72,-140.719,23.751,73.655,131.025,129.049,131.37,205.7,99.58,177.24,129.7
1715,606357.474347,57.658,74,-140.762,23.229,70.206,131.234,131.411,131.33,205.05,94.89,177.6,132.01
1716,606357.477366,60.682,71,-140.911,23.634,64.995,132.735,130.328,131.12,205.63,87.84,179.6,130.87
1717,606357.481596,58.961,77,-140.28,24.611,67.598,131.099,126.858,131.98,206.91,91.41,177.41,127.45
1718,606357.48585,56.603,70,-140.472,23.701,72.48,131.676,128.256,131.77,205.68,98.02,178.1,128.91
1719,606357.489498,56.932,67,-140.517,22.698,72.025,132.003,131.452,131.67,204.32,97.35,178.61,132.09
1720,606357.497782,59.503,71,-141.19,22.474,66.958,131.937,132.714,130.71,204.02,90.45,178.7,133.27
1721,606357.501843,60.79,63,-140.714,23.737,64.479,132.126,128.927,131.4,205.73,87.29,178.38,129.46
1722,606357.505829,57.903,68,-140.857,23.379,70.009,131.757,127.873,131.21,205.24,94.65,178.31,128.49
1723,606357.523437,60.52,69,-142.11,21.623,65.397,132.891,132.197,129.49,202.87,88.44,179.32,132.73
1724,606357.526022,58.715,73,-142.411,22.478,68.248,131.424,129.346,129.1,204.01,92.23,177.85,129.95
1725,606357.52927,56.308,75,-142.768,21.683,72.726,131.101,130.859,128.61,202.9,98.27,177.35,131.5
1726,606357.534526,56.682,75,-143.093,20.726,72.231,131.499,133.455,128.14,201.6,97.56,177.93,134.1
1727,606357.538301,58.929,74,-144.204,20.579,67.906,131.574,134.329,126.64,201.41,91.68,178.04,134.91
1728,606357.541505,59.41,72,-144.095,21.785,66.912,131.485,130.859,126.89,203.17,90.39,177.6,131.4
1729,606357.550532,56.854,69,-144.308,21.444,71.793,131.303,130.335,126.6,202.63,97.0,177.48,130.98
1730,606357.554178,56.281,71,-144.481,20.495,73.387,132.2,132.883,126.28,201.27,99.15,178.46,133.58
1731,606357.55726,57.378,74,-145.158,20.103,70.682,131.111,134.773,125.42,200.8,95.47,177.12,135.39
1732,606357.562854,59.609,64,-145.363,20.903,67.492,133.412,132.64,125.12,201.86,91.17,180.19,133.25
1733,606357.566209,56.962,75,-145.207,21.414,71.429,131.016,130.435,125.3,202.52,96.48,177.06,131.14
1734,606357.574452,55.26,75,-145.184,20.624,74.7,131.086,132.183,125.39,201.47,100.85,177.37,132.88
1735,606357.578448,55.809,75,-145.562,19.92,73.61,130.989,134.309,124.85,200.51,99.39,177.08,134.98
1736,606357.581551,58.326,73,-146.261,20.182,69.403,132.177,134.088,123.88,200.86,93.67,178.76,134.71
1737,606357.587125,57.54,76,-145.724,21.216,70.531,131.413,130.888,124.7,202.33,95.28,177.53,131.55
1738,606357.589351,55.272,76,-145.611,20.642,74.621,130.988,131.144,124.82,201.49,100.8,177.0,131.87
1739,606357.606639,57.396,70,-145.285,20.859,70.696,131.205,131.395,125.24,201.82,95.5,177.24,132.03
1740,606357.610349,55.483,73,-144.951,20.609,74.21,130.962,130.35,125.74,201.47,100.32,176.76,131.08
1741,606357.614208,54.619,72,-144.598,19.784,76.106,131.44,132.16,126.2,200.35,102.85,177.49,132.88
1742,606357.617817,55.312,76,-144.814,19.477,74.321,130.591,133.664,125.91,199.96,100.38,176.53,134.34
1743,606357.626452,57.253,68,-144.406,20.208,71.447,132.084,132.214,126.44,200.94,96.51,178.6,132.87
1744,606357.630077,55.709,74,-143.742,20.621,73.658,130.74,130.042,127.28,201.44,99.6,176.48,130.73
1745,606357.633822,54.215,77,-143.253,20.006,76.319,130.517,131.112,127.98,200.63,103.11,176.62,131.82
1746,606357.638905,54.523,78,-143.173,19.671,75.641,130.331,132.688,128.08,200.17,102.17,176.42,133.38
1747,606357.641333,56.268,74,-143.175,19.934,72.678,130.877,132.535,128.13,200.52,98.34,177.05,133.14
1748,606357.650686,55.871,78,-142.383,20.848,73.111,130.308,129.935,129.15,201.78,98.81,176.33,130.6
1749,606357.654376,54.335,76,-141.938,20.496,76.04,130.417,130.117,129.78,201.31,102.79,176.41,130.82
1750,606357.657171,54.168,78,-141.649,20.001,76.289,130.318,131.691,130.13,200.62,103.09,176.43,132.38
1751,606357.662776,55.789,74,-142.042,20.138,73.575,130.859,132.237,129.58,200.82,99.4,177.19,132.89
1752,606357.665799,55.985,77,-141.324,21.067,73.038,130.564,129.836,130.55,202.06,98.75,176.61,130.49
1753,606357.674095,54.38,77,-141.015,20.951,75.892,130.306,129.366,131.0,201.92,102.63,176.17,130.08
1754,606357.679216,54.035,78,-140.761,20.492,76.557,130.358,130.776,131.33,201.29,103.52,176.28,131.48
1755,606357.690686,54.874,70,-140.735,21.508,75.191,130.68,128.497,131.38,202.67,101.67,176.85,129.18
1756,606357.693687,54.458,74,-140.57,21.07,76.057,130.839,129.92,131.57,202.05,102.89,176.77,130.61
1757,606357.702272,55.181,73,-141.181,21.013,74.402,130.303,130.802,130.78,202.02,100.63,176.07,131.48
1758,606357.705959,56.851,70,-141.212,21.616,71.952,131.584,129.47,130.73,202.82,97.32,177.84,130.1
1759,606357.709472,55.189,74,-141.028,21.965,74.409,130.341,127.613,130.97,203.28,100.64,176.25,128.29
1760,606357.714929,54.588,76,-141.148,21.444,75.717,130.669,129.05,130.8,202.56,102.38,176.74,129.73
1761,606357.718274,55.402,72,-141.844,21.181,74.27,130.799,130.106,129.9,202.24,100.41,176.9,130.79
1762,606357.726026,57.155,72,-142.294,21.531,71.295,131.451,129.215,129.24,202.69,96.39,177.74,129.86
1763,606357.729923,56.115,76,-142.107,21.987,72.834,130.638,127.072,129.57,203.35,98.56,176.37,127.75
1764,606357.733132,55.095,77,-142.26,21.434,74.841,130.791,128.35,129.34,202.57,101.17,176.95,129.04
1765,606357.739659,55.822,75,-142.859,21.006,73.607,131.027,129.622,128.56,202.04,99.48,177.25,130.28
1766,606357.741306,57.73,72,-143.557,21.127,70.262,131.598,129.482,127.6,202.19,94.97,177.91,130.11
1767,606357.749924,57.158,76,-143.204,21.778,71.021,130.955,127.006,128.06,203.05,96.06,176.89,127.67
1768,606357.754009,55.662,75,-143.408,21.302,73.82,130.869,128.108,127.92,202.53,99.83,176.49,128.7
1769,606357.757695,56.385,75,-143.787,20.823,72.66,131.249,129.846,127.3,201.77,98.25,177.18,130.51
1770,606357.76261,58.41,74,-144.472,20.947,69.005,131.731,129.94,126.31,201.91,93.24,178.09,130.57
1771,606357.769857,56.324,73,-144.134,21.309,72.778,131.252,128.368,126.82,202.41,98.4,177.28,129.03
1772,606357.779512,56.647,76,-144.17,20.789,72.142,131.216,130.462,126.75,201.71,97.46,177.52,131.13
1773,606357.781719,58.884,73,-144.785,20.971,68.226,132.023,130.935,125.93,202.0,92.16,178.49,131.54
1774,606357.786611,58.927,75,-143.901,21.821,67.952,131.656,128.155,127.09,203.1,91.86,177.94,128.77
1775,606357.790694,56.772,72,-143.945,21.79,71.995,131.383,128.799,127.11,203.12,97.32,177.49,129.43
1776,606357.793909,56.871,74,-143.79,21.102,71.919,131.594,131.031,127.25,202.13,97.19,177.81,131.7
1777,606357.803342,58.859,72,-144.455,21.044,68.245,131.964,131.875,126.34,202.06,92.16,178.6,132.48
1778,606357.805696,59.368,74,-143.491,22.064,67.265,132.017,129.052,127.62,203.43,90.91,178.47,129.67
1779,606357.809866,57.063,68,-143.564,21.957,71.665,131.807,129.488,127.55,203.27,96.85,178.22,130.13
1780,606357.815582,56.779,72,-143.249,21.181,72.109,131.616,131.749,127.97,202.25,97.45,177.89,132.4
1781,606357.817969,58.477,73,-143.816,20.962,68.799,131.586,132.718,127.19,201.95,92.9,178.13,133.32
1782,606357.826503,59.148,71,-143.184,21.93,67.53,131.681,130.174,128.08,203.31,91.24,178.07,130.75
1783,606357.830381,56.836,69,-143.134,21.795,71.833,131.313,130.112,128.21,203.13,97.11,177.39,130.76
1784,606357.833879,56.716,69,-142.953,20.904,72.42,131.962,132.22,128.36,201.86,97.82,178.64,132.86
1785,606357.839373,57.792,72,-143.582,20.47,69.974,131.286,133.267,127.51,201.29,94.53,177.5,133.88
1786,606357.84234,58.661,73,-143.301,21.1,68.474,131.654,131.141,127.89,202.14,92.5,178.17,131.75
1787,606357.845769,56.547,70,-143.283,21.019,72.23,131.03,130.669,127.97,202.05,97.61,177.16,131.33
1788,606357.854449,56.256,71,-143.267,20.014,73.124,131.641,132.53,127.94,200.65,98.77,178.2,133.18
1789,606357.866826,56.016,69,-143.964,19.911,73.133,130.837,131.158,127.04,200.53,98.84,176.77,131.8
1790,606357.869765,55.565,74,-144.032,19.066,74.085,131.015,132.817,126.9,199.31,100.15,177.15,133.52
1791,606357.878859,56.577,73,-144.644,18.657,71.988,130.695,133.619,126.11,198.83,97.23,176.79,134.29
1792,606357.882174,57.324,72,-144.473,19.205,70.882,131.291,131.742,126.32,199.55,95.75,177.64,132.39
1793,606357.885913,55.453,70,-144.477,19.224,74.028,130.543,131.203,126.37,199.61,100.07,176.24,131.88
1794,606357.890538,55.129,75,-144.505,18.448,74.788,130.811,132.912,126.33,198.47,101.23,176.66,133.58
1795,606357.89447,56.169,74,-145.125,18.204,72.782,130.727,133.499,125.43,198.19,98.27,176.92,134.17
1796,606357.898326,56.674,72,-144.761,19.045,71.897,130.863,131.591,125.92,199.3,97.13,177.11,132.28
1797,606357.906641,55.066,72,-144.761,19.081,74.908,130.815,131.263,125.96,199.38,101.23,176.74,131.95
1798,606357.909255,55.025,71,-144.522,18.628,75.243,131.263,132.866,126.27,198.76,101.67,177.38,133.54
1799,606357.914957,55.979,74,-145.012,18.802,73.209,130.848,133.199,125.59,199.0,98.85,177.08,133.87
1800,606357.917983,56.309,75,-144.456,19.838,72.659,130.985,131.012,126.35,200.41,98.15,177.21,131.68
1801,606357.922168,54.625,72,-144.249,19.913,75.764,130.87,130.925,126.7,200.54,102.39,176.83,131.65
1802,606357.930323,54.527,74,-143.977,19.497,75.992,130.948,132.487,127.0,199.94,102.63,177.23,133.19
1803,606357.933731,55.768,74,-144.407,19.8,73.634,130.894,132.694,126.47,200.4,99.49,176.9,133.38
1804,606357.937369,55.91,75,-143.779,20.88,73.456,131.053,130.307,127.26,201.8,99.26,177.22,130.98
1805,606357.955675,55.857,73,-143.586,20.866,73.617,131.163,131.81,127.54,201.81,99.47,177.3,132.49
1806,606357.958192,55.607,76,-142.846,21.816,73.906,130.837,129.43,128.53,203.09,99.87,177.04,130.11
1807,606357.962142,54.003,79,-142.536,21.628,76.698,130.496,129.812,128.97,202.84,103.68,176.4,130.53
1808,606357.966224,54.347,79,-142.45,21.188,76.099,130.558,131.08,129.09,202.25,102.87,176.43,131.78
1809,606357.969498,55.838,75,-142.947,21.506,73.572,131.02,131.016,128.44,202.72,99.43,177.11,131.69
1810,606357.973738,55.378,78,-142.273,22.277,74.101,130.423,128.537,129.34,203.73,100.18,176.36,129.23
1811,606357.981714,54.11,77,-142.182,21.828,76.587,130.644,129.278,129.42,203.08,103.57,176.49,129.97
1812,606357.985325,54.792,76,-142.352,21.302,75.43,130.83,130.496,129.17,202.37,101.95,176.96,131.19
1813,606357.990851,56.28,73,-142.921,21.522,72.836,131.205,130.16,128.48,202.71,98.51,177.37,130.8
1814,606357.993749,55.55,79,-142.293,22.12,73.77,130.409,127.85,129.29,203.51,99.73,176.41,128.53
1815,606357.998674,54.474,77,-142.418,21.564,75.905,130.629,128.902,129.17,202.74,102.73,176.55,129.62
1816,606358.006848,55.266,76,-142.828,20.968,74.499,130.753,130.164,128.54,201.93,100.73,176.63,130.87
1817,606358.009525,56.971,72,-143.199,21.191,71.628,131.414,129.544,128.1,202.28,96.88,177.41,130.19
1818,606358.013635,55.951,75,-142.729,21.597,73.2,130.737,127.446,128.76,202.84,99.01,176.59,128.13
1819,606358.018522,55.018,77,-142.846,20.951,74.979,130.782,129.023,128.54,201.92,101.34,176.93,129.72
1820,606358.021304,56.079,75,-143.344,20.461,73.003,130.817,130.135,127.85,201.26,98.7,176.75,130.81
1821,606358.030606,57.88,72,-143.394,20.856,70.083,131.809,129.035,127.67,201.72,94.79,177.8,129.72
1822,606358.042699,57.087,76,-143.955,20.226,71.062,130.783,130.654,127.06,200.97,96.03,176.83,131.32
1823,606358.046128,58.751,70,-143.588,20.855,68.6,132.241,128.555,127.5,201.78,92.75,178.72,129.18
1824,606358.054192,56.479,71,-143.46,20.995,72.447,131.187,128.103,127.75,202.0,97.96,177.28,128.79
1825,606358.057838,56.395,72,-143.536,20.411,72.803,131.54,130.434,127.6,201.19,98.37,177.97,131.1
1826,606358.0625,58.117,74,-144.196,20.301,69.357,131.311,131.195,126.67,201.03,93.71,177.57,131.83
1827,606358.065462,58.667,72,-143.486,21.256,68.278,131.302,128.449,127.67,202.35,92.29,177.57,129.07
1828,606358.070563,56.514,74,-143.611,21.202,72.283,131.01,129.075,127.56,202.31,97.71,177.02,129.72
1829,606358.073516,56.764,73,-143.64,20.542,71.984,131.336,131.277,127.45,201.37,97.25,177.72,131.93
1830,606358.083291,59.085,70,-144.244,20.625,67.924,132.206,131.651,126.6,201.47,91.76,178.79,132.24
1831,606358.086192,58.498,75,-143.529,21.644,68.617,131.317,128.782,127.61,202.88,92.73,177.63,129.41
1832,606358.089571,56.501,73,-143.512,21.391,72.394,131.165,130.069,127.66,202.54,97.83,177.36,130.74
1833,606358.094949,57.073,75,-143.677,20.673,71.31,131.189,132.111,127.39,201.55,96.31,177.55,132.75
1834,606358.098213,59.131,71,-144.126,20.977,67.642,131.835,131.901,126.81,201.98,91.45,178.23,132.51
1835,606358.105768,57.933,74,-143.675,21.797,69.702,131.289,129.425,127.41,203.08,94.18,177.61,130.06
1836,606358.10983,56.409,74,-143.617,21.189,72.678,131.362,131.212,127.5,202.27,98.21,177.49,131.86
1837,606358.113432,57.284,71,-144.082,20.485,70.801,130.997,133.02,126.83,201.29,95.65,177.06,133.65
1838,606358.127604,56.525,72,-144.015,20.662,72.554,131.54,132.21,126.97,201.55,98.01,177.91,132.88
1839,606358.133386,57.416,73,-144.51,20.186,70.638,131.165,133.297,126.23,200.87,95.4,177.41,133.94
1840,606358.139158,58.143,73,-144.524,20.861,69.468,131.616,131.705,126.26,201.81,93.86,177.86,132.35
1841,606358.141069,56.428,73,-144.581,20.547,72.503,131.112,131.473,126.21,201.4,97.94,177.3,132.13
1842,606358.146125,56.263,76,-144.611,19.801,72.832,131.14,132.905,126.11,200.34,98.36,177.36,133.58
1843,606358.149648,57.31,74,-145.173,19.627,70.881,131.238,133.294,125.4,200.15,95.71,177.5,133.95
1844,606358.158534,57.037,74,-144.931,20.23,71.291,131.026,131.448,125.73,200.97,96.3,177.16,132.1
1845,606358.162505,55.552,78,-145.021,19.65,73.895,130.636,132.247,125.58,200.13,99.8,176.68,132.93
1846,606358.165056,56.183,75,-145.206,19.015,72.859,130.913,133.294,125.35,199.31,98.39,177.05,133.96
1847,606358.170098,57.252,71,-145.449,19.343,71.198,131.617,132.652,125.01,199.74,96.13,178.08,133.3
1848,606358.173347,55.88,74,-145.268,19.606,73.232,130.554,131.489,125.29,200.11,98.92,176.51,132.17
1849,606358.181683,55.47,75,-145.193,19.011,74.313,131.1,132.787,125.38,199.3,100.36,177.29,133.49
1850,606358.186218,56.184,76,-145.575,18.673,72.75,130.721,133.202,124.86,198.85,98.24,176.75,133.87
1851,606358.189626,56.717,74,-145.308,19.435,72.042,131.279,131.776,125.21,199.86,97.29,177.6,132.44
1852,606358.195051,55.212,73,-145.222,19.225,74.714,130.952,131.681,125.36,199.59,100.92,177.06,132.4
1853,606358.197318,55.541,73,-145.066,18.795,74.217,131.17,132.911,125.53,198.99,100.21,177.5,133.6
1854,606358.201373,56.487,73,-145.404,18.979,72.447,131.215,132.718,125.05,199.22,97.84,177.45,133.38
1855,606358.214572,54.701,75,-144.654,19.417,75.493,130.645,131.943,126.1,199.82,102.0,176.58,132.64
1856,606358.218969,55.429,76,-144.707,19.108,74.082,130.559,132.722,126.01,199.41,100.09,176.45,133.41
1857,606358.222102,56.706,72,-144.708,19.736,72.218,131.56,131.705,126.01,200.27,97.58,177.76,132.39
1858,606358.225781,55.107,76,-144.128,20.221,74.661,130.516,130.372,126.81,200.92,100.87,176.57,131.08
1859,606358.234105,54.643,77,-143.954,19.762,75.649,130.73,131.801,127.03,200.3,102.18,176.91,132.51
1860,606358.238119,55.725,72,-144.273,19.717,73.71,130.885,132.45,126.62,200.26,99.57,177.02,133.14
1861,606358.242327,56.452,75,-143.929,20.667,72.492,131.176,130.465,127.08,201.56,97.93,177.42,131.11
1862,606358.245531,54.882,74,-143.614,20.688,75.281,130.865,130.185,127.49,201.53,101.78,176.74,130.9
1863,606358.249438,54.896,76,-143.457,20.239,75.174,130.723,131.595,127.7,200.95,101.55,176.91,132.29
1864,606358.258039,56.37,72,-143.809,20.565,72.711,131.287,131.715,127.22,201.4,98.26,177.43,132.37
1865,606358.262012,55.857,76,-143.313,21.359,73.378,130.738,129.519,127.86,202.47,99.11,176.83,130.25
1866,606358.265444,54.748,77,-143.119,21.031,75.385,130.608,130.346,128.17,202.02,101.89,176.53,131.03
1867,606358.270782,55.378,75,-143.388,20.683,74.259,130.701,131.322,127.79,201.55,100.32,176.87,132.01
1868,606358.273228,56.855,71,-143.467,21.319,72.009,131.701,130.448,127.74,202.47,97.34,177.94,131.11
1869,606358.278379,55.351,75,-143.168,21.488,74.289,130.665,129.151,128.12,202.65,100.44,176.56,129.86
1870,606358.28677,55.178,75,-143.121,21.032,74.82,131.026,130.457,128.17,202.02,101.13,177.1,131.14
1871,606358.289742,56.201,73,-143.699,20.885,72.885,131.022,131.099,127.39,201.83,98.5,177.09,131.77
1872,606358.298986,55.362,74,-143.381,21.328,74.409,130.912,129.352,127.82,202.43,100.55,177.1,130.04
1873,606358.30367,55.74,74,-143.532,20.866,73.747,131.001,130.563,127.63,201.82,99.66,177.13,131.25
1874,606358.311776,57.339,70,-143.997,21.026,71.135,131.812,130.234,127.01,202.05,96.13,178.2,130.9
1875,606358.313687,56.223,76,-143.724,21.375,72.716,130.794,128.687,127.43,202.54,98.32,176.65,129.39
1876,606358.317845,55.886,74,-143.767,20.846,73.582,131.202,129.896,127.3,201.79,99.44,177.33,130.61
1877,606358.323345,56.814,73,-144.449,20.513,71.788,131.152,130.781,126.37,201.33,97.02,177.21,131.46
1878,606358.325842,57.668,74,-144.134,21.23,70.223,131.299,129.037,126.8,202.31,94.9,177.57,129.69
1879,606358.334406,56.198,75,-144.213,20.902,72.902,131.041,129.122,126.66,201.81,98.55,177.03,129.8
1880,606358.337936,56.6,75,-144.369,20.339,72.214,131.181,130.57,126.46,201.07,97.58,177.35,131.23
1881,606358.341346,58.028,75,-144.848,20.442,69.622,131.484,130.566,125.84,201.25,94.09,177.62,131.22
1882,606358.346777,57.365,75,-144.459,20.941,70.679,131.06,128.888,126.37,201.91,95.51,177.24,129.55
1883,606358.350786,56.815,72,-144.465,20.467,72.01,131.562,130.263,126.33,201.24,97.31,177.84,130.91
1884,606358.354188,57.58,74,-144.918,20.104,70.278,131.086,131.268,125.73,200.78,94.92,177.33,131.92
1885,606358.362157,58.697,71,-144.716,20.714,68.554,131.945,129.939,126.05,201.66,92.64,178.27,130.56
1886,606358.366224,57.181,71,-144.647,20.629,71.274,131.504,129.854,126.11,201.49,96.34,177.64,130.54
1887,606358.369434,57.39,72,-144.584,20.112,70.952,131.658,131.344,126.15,200.77,95.86,177.99,132.0
1888,606358.38716,57.041,75,-144.469,20.387,71.444,131.322,131.29,126.44,201.27,96.56,177.22,131.89
1889,606358.389717,57.922,74,-144.647,19.947,69.664,131.176,132.405,126.03,200.52,94.13,177.26,133.03
1890,606358.393626,58.668,75,-144.456,20.714,68.523,131.776,131.177,126.34,201.62,92.55,178.29,131.8
1891,606358.39927,57.231,74,-144.366,20.645,71.066,131.298,131.175,126.52,201.55,96.02,177.47,131.82
1892,606358.402328,57.473,71,-144.181,20.205,70.809,131.69,132.54,126.69,200.89,95.65,178.09,133.16
1893,606358.406954,58.371,74,-144.49,20.233,69.064,131.697,132.614,126.31,200.97,93.35,177.71,133.23
1894,606358.413893,57.703,73,-144.22,20.921,70.263,131.503,131.222,126.69,201.91,94.97,177.59,131.87
1895,606358.417657,56.881,73,-144.017,20.44,71.788,131.387,132.428,126.93,201.23,96.95,177.83,133.07
1896,606358.422505,57.551,75,-144.35,20.005,70.348,131.113,133.077,126.48,200.65,95.04,177.23,133.71
1897,606358.425667,57.867,74,-144.256,20.763,69.904,131.428,131.885,126.61,201.68,94.41,177.86,132.52
1898,606358.43126,56.621,73,-144.281,20.459,72.218,131.266,132.045,126.58,201.26,97.53,177.65,132.7
1899,606358.438199,56.987,72,-144.285,19.983,71.691,131.586,133.068,126.57,200.61,96.81,178.09,133.71
1900,606358.442189,57.678,73,-144.69,20.113,70.32,131.518,132.863,126.02,200.79,94.95,178.0,133.5
1901,606358.446209,56.666,75,-144.568,20.496,71.987,131.001,131.706,126.2,201.31,97.22,177.26,132.37
1902,606358.450431,56.362,73,-144.62,19.846,72.788,131.399,132.742,126.18,200.47,98.34,177.58,133.41
1903,606358.454539,56.938,75,-145.161,19.493,71.472,131.01,133.149,125.39,199.95,96.54,177.08,133.8
1904,606358.462676,56.949,75,-145.14,20.067,71.497,131.096,131.858,125.43,200.72,96.55,177.37,132.52
1905,606358.475263,57.165,73,-145.707,19.301,71.307,131.511,132.4,124.76,199.76,96.36,177.52,133.07
1906,606358.477994,55.925,73,-145.519,19.564,73.329,130.879,131.671,124.91,200.01,99.04,176.94,132.35
1907,606358.482399,55.962,74,-145.493,18.948,73.437,131.199,132.767,124.96,199.19,99.2,177.29,133.45
1908,606358.490279,56.816,73,-145.978,18.905,71.84,131.256,132.959,124.35,199.19,97.03,177.35,133.63
1909,606358.494178,56.477,76,-145.608,19.696,72.284,130.885,131.224,124.81,200.22,97.62,177.04,131.91
1910,606358.49772,55.536,73,-145.444,19.307,74.185,131.094,131.91,125.03,199.68,100.18,177.35,132.61
1911,606358.502567,55.984,75,-145.54,18.973,73.194,130.84,132.842,124.86,199.21,98.85,176.91,133.54
1912,606358.505813,57.292,71,-145.541,19.749,71.257,131.871,131.837,124.89,200.29,96.22,178.4,132.49
1913,606358.514719,55.787,72,-145.146,19.964,73.741,131.15,131.017,125.46,200.6,99.68,176.89,131.68
1914,606358.517781,55.684,73,-144.975,19.527,73.966,131.202,132.255,125.64,199.96,99.9,177.42,132.93
1915,606358.521235,56.843,75,-145.174,19.748,71.788,131.256,132.533,125.38,200.29,96.93,177.62,133.19
1916,606358.526552,56.2,73,-144.613,20.701,72.886,131.019,130.572,126.2,201.62,98.5,177.02,131.26
1917,606358.530004,55.414,76,-144.249,20.308,74.387,131.045,131.619,126.7,201.12,100.54,176.82,132.26
1918,606358.538451,56.32,74,-144.509,20.149,72.667,131.036,132.51,126.23,200.79,98.17,177.12,133.17
1919,606358.541692,56.816,74,-144.16,21.135,71.821,131.221,130.745,126.76,202.18,97.01,177.54,131.4
1920,606358.54574,55.414,74,-143.924,20.937,74.411,131.086,130.862,127.1,201.92,100.53,177.27,131.54
1921,606358.563344,55.688,76,-143.662,21.405,73.729,130.794,130.191,127.46,202.56,99.63,176.86,130.87
1922,606358.566418,55.71,76,-143.428,20.901,73.837,131.06,131.421,127.69,201.8,99.82,176.94,132.11
1923,606358.570377,56.887,73,-143.799,20.903,71.693,131.238,131.555,127.23,201.85,96.88,177.39,132.21
1924,606358.57368,56.231,75,-143.588,21.587,72.772,130.921,129.914,127.53,202.79,98.32,177.13,130.59
1925,606358.578482,55.599,75,-143.491,20.916,74.038,131.045,131.005,127.66,201.87,100.06,177.12,131.68
1926,606358.582034,56.557,75,-143.93,20.601,72.114,130.854,131.67,127.03,201.43,97.42,176.98,132.33
1927,606358.590061,56.99,75,-143.915,21.201,71.422,131.101,129.967,127.09,202.27,96.5,177.36,130.62
1928,606358.593892,55.758,74,-143.914,20.774,73.78,131.118,130.36,127.12,201.7,99.7,177.29,131.04
1929,606358.597504,56.542,73,-144.123,20.109,72.461,131.433,131.527,126.78,200.76,97.9,177.74,132.18
1930,606358.602446,57.793,71,-144.446,20.484,70.347,131.987,130.84,126.36,201.3,95.02,178.58,131.48
1931,606358.605434,56.195,75,-144.305,20.656,72.77,130.796,129.779,126.59,201.54,98.34,176.82,130.45
1932,606358.614449,56.392,72,-144.387,19.974,72.73,131.399,131.276,126.47,200.61,98.26,177.66,131.96
1933,606358.618074,57.576,75,-145.002,19.861,70.362,131.227,131.548,125.64,200.47,95.05,177.43,132.2
1934,606358.621215,57.08,75,-144.652,20.611,71.163,130.941,129.819,126.1,201.45,96.16,176.95,130.51
1935,606358.626691,56.443,72,-144.689,20.036,72.636,131.403,130.958,126.05,200.68,98.11,177.76,131.63
1936,606358.630045,57.351,74,-145.122,19.668,70.74,131.122,131.953,125.43,200.17,95.55,177.29,132.61
1937,606358.634503,58.302,74,-144.986,20.566,69.25,131.795,130.242,125.65,201.41,93.58,178.03,130.88
1938,606358.646534,57.027,74,-144.952,19.833,71.381,131.156,132.008,125.7,200.38,96.52,177.36,132.68
1939,606358.65138,58.802,68,-145.1,20.319,68.557,132.348,131.469,125.48,201.08,92.63,178.77,132.06
1940,606358.654715,57.038,73,-144.847,20.743,71.444,131.312,130.439,125.89,201.69,96.55,177.4,131.11
1941,606358.657909,57.081,73,-144.726,20.168,71.517,131.597,132.053,126.01,200.88,96.6,177.95,132.72
1942,606358.665978,58.396,73,-145.074,20.283,69.088,131.837,132.324,125.51,201.03,93.28,178.4,132.95
1943,606358.670032,57.597,75,-144.68,21.276,70.271,131.134,130.703,126.05,202.37,94.91,177.4,131.35
1944,606358.673528,56.972,73,-144.56,20.576,71.717,131.581,131.896,126.21,201.42,96.85,178.05,132.55
1945,606358.678848,57.775,75,-144.886,20.341,70.005,131.282,132.774,125.72,201.06,94.55,177.47,133.41
1946,606358.682294,57.967,76,-144.687,21.203,69.656,131.327,131.224,126.06,202.29,94.09,177.59,131.87
1947,606358.690526,56.783,72,-144.728,20.757,72.054,131.532,131.915,125.97,201.64,97.32,177.89,132.56
1948,606358.693589,57.537,73,-144.834,20.256,70.537,131.413,132.916,125.83,200.99,95.24,177.85,133.55
1949,606358.69713,58.147,74,-144.908,20.837,69.55,131.79,131.788,125.73,201.76,93.96,178.06,132.41
1950,606358.701978,56.491,71,-144.94,20.758,72.344,131.044,131.957,125.81,201.8,97.71,176.86,132.53
1951,606358.705821,57.398,71,-144.918,20.127,71.006,131.785,133.148,125.69,200.78,95.89,178.22,133.78
1952,606358.7099,58.268,72,-145.208,20.392,69.402,131.956,132.325,125.33,201.17,93.7,178.56,132.95
1953,606358.7191,56.548,73,-145.126,20.541,72.316,131.189,131.833,125.45,201.37,97.65,177.51,132.5
1954,606358.721801,56.807,72,-145.063,19.762,72.064,131.632,133.279,125.56,200.28,97.44,177.81,133.92
1955,606358.731202,56.839,75,-145.352,20.387,71.699,131.079,131.654,125.13,201.13,96.84,177.23,132.31
1956,606358.735413,56.231,73,-145.316,19.483,72.964,131.267,132.996,125.19,199.93,98.51,177.63,133.67
1957,606358.742644,57.387,73,-145.762,19.222,70.757,131.285,133.633,124.6,199.6,95.54,177.53,134.27
1958,606358.746287,57.163,77,-145.582,20.04,71.039,131.007,131.85,124.83,200.69,95.92,177.24,132.51
1959,606358.749447,55.981,74,-145.523,19.459,73.344,131.096,132.61,124.95,199.91,99.05,177.25,133.3
1960,606358.754659,56.821,75,-145.641,19.06,71.693,131.006,133.431,124.77,199.37,96.81,177.17,134.1
1961,606358.75786,57.417,76,-145.649,19.734,70.811,131.491,132.147,124.74,200.28,95.61,177.9,132.8
1962,606358.766572,55.904,75,-145.592,19.512,73.445,131.014,132.322,124.83,199.96,99.21,177.03,133.01
1963,606358.769911,56.569,73,-145.653,18.937,72.32,131.27,133.355,124.68,199.14,97.68,177.38,134.04
1964,606358.773855,57.496,73,-145.833,19.438,70.748,131.66,132.561,124.52,199.89,95.54,178.02,133.23
1965,606358.77877,55.982,72,-145.728,19.577,73.428,131.25,132.045,124.68,200.07,99.17,177.45,132.75
1966,606358.781855,56.239,72,-145.5,19.048,73.024,131.402,133.226,124.96,199.35,98.61,177.69,133.91
1967,606358.785622,57.328,72,-145.805,19.324,71.008,131.538,132.869,124.55,199.74,95.89,177.86,133.51
1968,606358.794626,55.893,74,-145.537,19.931,73.368,130.842,131.646,124.9,200.53,99.07,177.01,132.34
1969,606358.797954,55.804,75,-145.389,19.238,73.682,131.099,133.072,125.09,199.59,99.48,177.4,133.75
1970,606358.801689,57.092,74,-145.662,19.355,71.326,131.284,133.002,124.7,199.73,96.32,177.52,133.65
1971,606358.819276,56.738,75,-145.401,19.484,71.851,131.004,133.036,125.12,199.98,97.05,177.03,133.7
1972,606358.822202,56.29,76,-145.031,20.41,72.617,130.844,131.242,125.58,201.19,98.07,177.01,131.92
1973,606358.825694,55.293,77,-144.782,19.937,74.458,130.769,132.184,125.96,200.58,100.62,176.55,132.85
1974,606358.831439,56.205,76,-144.888,19.609,72.77,130.829,132.87,125.74,200.08,98.28,176.95,133.55
1975,606358.833779,56.759,74,-144.701,20.511,71.976,131.306,131.358,126.05,201.34,97.23,177.56,132.03
1976,606358.838077,55.374,72,-144.464,20.241,74.584,131.26,131.546,126.41,200.94,100.91,177.16,132.24
1977,606358.845466,55.953,75,-144.445,19.778,73.339,130.99,132.727,126.34,200.3,99.11,176.9,133.39
1978,606358.849392,56.868,75,-144.475,20.431,71.772,131.313,131.644,126.35,201.24,96.97,177.41,132.28
1979,606358.855021,55.507,73,-144.366,20.459,74.345,131.282,131.19,126.47,201.22,100.48,177.29,131.89
1980,606358.858778,55.968,72,-144.24,19.918,73.471,131.279,132.432,126.61,200.49,99.25,177.53,133.11
1981,606358.86128,57.013,71,-144.485,20.289,71.727,131.745,131.569,126.31,201.03,96.92,178.0,132.22
1982,606358.870637,55.275,79,-144.222,20.634,74.379,130.571,130.801,126.7,201.5,100.48,176.57,131.51
1983,606358.873689,55.956,71,-144.172,19.965,73.674,131.601,132.089,126.74,200.57,99.55,177.83,132.76
1984,606358.878071,57.133,70,-144.606,20.194,71.494,131.739,131.691,126.15,200.9,96.56,178.26,132.34
1985,606358.882647,55.63,75,-144.377,20.612,73.796,130.722,130.442,126.48,201.46,99.73,176.64,131.15
1986,606358.885372,55.851,72,-144.38,19.943,73.746,131.374,131.924,126.44,200.52,99.62,177.65,132.59
1987,606358.894897,57.163,73,-144.922,19.885,71.28,131.454,131.893,125.7,200.46,96.28,177.75,132.54
1988,606358.902344,55.773,75,-144.658,19.765,73.768,131.15,131.704,126.11,200.28,99.74,177.35,132.39
1989,606358.907616,57.144,73,-145.26,19.593,71.278,131.383,132.041,125.25,200.06,96.27,177.65,132.7
1990,606358.909691,56.788,72,-145.017,20.421,71.915,131.294,130.161,125.58,201.18,97.17,177.46,130.84
1991,606358.913976,55.839,76,-145.069,19.663,73.568,131.016,131.42,125.64,200.28,99.43,176.77,132.06
1992,606358.92175,57.051,75,-145.523,19.434,71.336,131.159,132.222,124.94,199.89,96.35,177.33,132.87
1993,606358.925562,57.373,72,-145.346,20.298,70.801,131.317,130.329,125.21,201.07,95.7,177.23,130.98
1994,606358.930646,56.139,75,-145.27,19.778,73.086,131.17,131.158,125.27,200.33,98.71,177.44,131.84
1995,606358.934491,56.966,76,-145.472,19.425,71.343,130.871,132.247,125.0,199.88,96.36,176.96,132.9
1996,606358.938228,57.702,74,-145.325,20.203,70.268,131.509,130.685,125.19,200.91,94.95,177.66,131.34
1997,606358.945864,56.29,75,-145.283,19.911,72.724,131.037,131.32,125.25,200.51,98.21,177.27,132.0
1998,606358.950048,57.228,75,-145.254,19.568,70.951,131.076,132.174,125.27,200.05,95.85,177.12,132.84
1999,606358.953496,57.784,74,-145.112,20.329,70.172,131.628,130.996,125.44,201.06,94.8,177.93,131.65
2000,606358.958884,56.53,72,-145.124,20.053,72.372,131.228,131.571,125.46,200.7,97.78,177.31,132.26
2001,606358.962465,57.324,74,-145.061,19.689,70.865,131.26,132.418,125.55,200.24,95.71,177.49,133.06
2002,606358.97023,57.919,75,-144.969,20.39,69.863,131.54,131.325,125.66,201.17,94.35,177.96,131.96
2003,606358.973579,56.585,73,-144.905,20.261,72.288,131.267,131.535,125.78,201.01,97.65,177.49,132.21
2004,606358.977988,57.237,71,-144.829,19.789,71.191,131.55,132.633,125.84,200.35,96.13,178.0,133.28
2005,606358.990755,57.015,74,-144.83,19.691,71.444,131.231,132.853,125.81,200.19,96.49,177.46,133.51
2006,606358.99796,58.081,72,-144.971,20.072,69.691,131.81,132.035,125.68,200.76,94.13,178.23,132.68
2007,606359.001849,56.57,73,-144.979,20.222,72.286,131.209,131.796,125.67,200.96,97.64,177.42,132.46
2008,606359.007165,56.946,72,-144.871,19.566,71.713,131.479,132.984,125.78,200.04,96.88,177.68,133.65
2009,606359.009758,58.099,70,-145.205,19.767,69.73,131.951,132.454,125.33,200.33,94.2,178.28,133.08
2010,606359.014912,56.52,74,-145.049,20.11,72.275,131.015,131.709,125.55,200.78,97.6,177.27,132.38
2011,606359.02283,56.705,72,-145.063,19.29,72.184,131.494,133.115,125.5,199.64,97.49,177.81,133.78
2012,606359.026195,57.955,72,-145.359,19.458,69.96,131.855,132.841,125.12,199.9,94.45,178.43,133.47
2013,606359.029623,56.455,74,-145.278,19.859,72.386,130.993,132.001,125.25,200.44,97.74,177.24,132.67
2014,606359.034731,56.571,73,-145.293,19.015,72.414,131.447,133.236,125.22,199.28,97.82,177.61,133.9
2015,606359.037992,57.881,69,-145.595,19.202,70.215,132.063,133.064,124.81,199.56,94.85,178.43,133.68
2016,606359.045841,56.259,74,-145.418,19.69,72.71,130.907,132.091,125.08,200.23,98.2,177.01,132.77
2017,606359.050228,56.429,71,-145.35,18.929,72.765,131.591,133.371,125.19,199.22,98.29,177.81,134.04
2018,606359.053903,57.699,70,-145.722,19.104,70.526,131.978,133.225,124.63,199.42,95.21,178.59,133.87
2019,606359.057981,56.057,75,-145.501,19.652,73.019,130.772,132.037,124.95,200.15,98.64,176.71,132.72
2020,606359.061317,56.155,73,-145.372,18.907,73.156,131.35,133.427,125.12,199.14,98.81,177.51,134.08
2021,606359.069799,57.417,73,-145.715,19.043,70.865,131.593,133.303,124.54,199.26,95.72,177.64,134.0
2022,606359.082551,57.313,71,-145.702,19.149,71.093,131.64,133.171,124.69,199.5,96.0,177.99,133.84
2023,606359.086576,55.798,77,-145.316,19.782,73.419,130.613,131.766,125.15,200.29,99.18,176.51,132.45
2024,606359.089609,55.772,73,-145.23,19.007,73.867,131.321,133.102,125.33,199.3,99.75,177.59,133.78
2025,606359.098412,57.173,73,-145.559,19.24,71.309,131.541,133.143,124.95,199.69,96.36,177.56,133.79
2026,606359.101922,55.781,76,-145.168,19.943,73.447,130.606,131.579,125.43,200.57,99.25,176.38,132.28
2027,606359.105631,55.547,75,-145.016,19.152,74.151,131.072,132.845,125.58,199.45,100.15,177.25,133.52
2028,606359.110767,57.136,72,-145.359,19.38,71.386,131.553,133.0,125.15,199.82,96.4,177.88,133.64
2029,606359.113205,55.73,76,-145.025,20.021,73.545,130.61,131.376,125.59,200.65,99.32,176.7,132.07
2030,606359.121829,55.747,72,-144.88,19.232,73.937,131.362,132.681,125.78,199.58,99.89,177.51,133.38
2031,606359.125869,57.099,72,-145.268,19.439,71.499,131.63,132.62,125.27,199.88,96.65,177.57,133.28
2032,606359.129396,55.618,76,-144.927,20.049,73.779,130.649,131.286,125.7,200.67,99.67,176.65,131.98
2033,606359.134696,55.802,73,-144.787,19.313,73.765,131.242,132.564,125.9,199.69,99.66,177.36,133.25
2034,606359.138588,57.078,71,-145.209,19.608,71.525,131.602,132.299,125.33,200.11,96.63,177.82,132.96
2035,606359.14122,55.671,75,-144.844,20.026,73.715,130.711,131.119,125.84,200.66,99.56,176.84,131.81
2036,606359.14987,55.652,74,-144.831,19.3,73.979,131.116,132.433,125.87,199.7,99.92,177.31,133.11
2037,606359.153737,57.233,72,-145.267,19.593,71.238,131.622,132.349,125.31,200.13,96.24,177.84,133.01
2038,606359.163246,55.647,74,-144.894,19.306,73.988,131.117,132.408,125.74,199.66,99.94,177.29,133.1
2039,606359.166604,57.325,72,-145.244,19.509,71.074,131.65,132.209,125.34,200.01,96.02,177.88,132.87
2040,606359.174956,55.943,74,-145.078,19.982,73.373,131.019,130.922,125.55,200.62,99.12,177.13,131.62
2041,606359.178225,55.998,72,-144.903,19.247,73.445,131.334,132.255,125.75,199.6,99.19,177.7,132.93
2042,606359.182043,57.478,72,-145.215,19.672,70.828,131.741,131.893,125.33,200.19,95.69,178.0,132.56
2043,606359.186554,55.931,74,-144.984,20.017,73.36,130.956,131.019,125.68,200.67,99.15,176.82,131.7
2044,606359.189352,56.281,73,-144.915,19.302,72.876,131.28,132.359,125.71,199.65,98.49,177.24,133.02
2045,606359.197891,57.597,72,-145.143,19.796,70.619,131.784,131.724,125.42,200.36,95.42,178.05,132.39
2046,606359.201928,56.069,73,-144.899,19.934,73.222,131.176,131.154,125.79,200.56,98.92,177.35,131.83
2047,606359.205411,56.286,73,-144.955,19.257,72.809,131.176,132.533,125.66,199.6,98.34,177.38,133.19
2048,606359.210596,57.765,73,-145.08,19.845,70.234,131.676,131.717,125.51,200.42,94.9,177.91,132.36
2049,606359.213181,56.118,72,-144.868,19.901,73.176,131.263,131.054,125.84,200.51,98.86,177.46,131.75
2050,606359.218406,56.355,74,-144.904,19.188,72.602,131.04,132.634,125.73,199.52,98.08,177.04,133.34
2051,606359.226414,57.738,73,-145.011,19.71,70.284,131.669,131.701,125.62,200.26,94.95,177.87,132.32
2052,606359.230111,56.172,72,-144.943,19.751,73.046,131.214,131.415,125.73,200.31,98.68,177.41,132.11
2053,606359.233454,56.571,74,-144.978,19.061,72.177,131.016,132.676,125.64,199.36,97.46,177.28,133.34
2054,606359.241825,56.205,70,-145.099,19.53,73.015,131.269,131.726,125.54,200.03,98.65,177.35,132.41
2055,606359.252138,56.741,75,-145.174,19.008,71.814,130.946,132.877,125.37,199.29,96.97,177.19,133.54
2056,606359.253716,57.319,75,-145.197,19.678,70.756,131.04,131.465,125.35,200.2,95.57,177.27,132.12
2057,606359.258704,56.074,72,-145.24,19.397,73.183,131.125,132.161,125.3,199.81,98.82,177.41,132.84
2058,606359.265658,57.429,74,-145.412,19.771,70.628,131.197,131.413,125.11,200.37,95.43,177.24,132.07
2059,606359.274265,56.046,73,-145.385,19.307,73.344,131.316,132.229,125.09,199.66,99.06,177.55,132.9
2060,606359.277517,57.133,73,-145.807,18.731,71.261,131.309,133.364,124.55,198.93,96.23,177.55,134.03
2061,606359.281321,57.217,74,-145.619,19.664,71.007,131.142,131.373,124.84,200.2,95.97,176.99,132.07
2062,606359.286401,56.073,75,-145.583,19.025,73.208,131.167,132.364,124.81,199.28,98.87,177.34,133.05
2063,606359.289879,57.095,76,-145.971,18.713,71.188,131.043,133.347,124.29,198.86,96.18,176.95,134.01
2064,606359.295064,57.012,74,-145.799,19.541,71.435,131.203,131.486,124.56,200.0,96.51,177.26,132.16
2065,606359.303159,56.129,75,-145.729,18.877,73.099,131.159,132.658,124.64,199.11,98.7,177.45,133.34
2066,606359.306494,57.568,72,-146.202,18.699,70.587,131.618,133.24,124.02,198.9,95.31,177.94,133.88
2067,606359.309245,56.618,75,-145.971,19.4,72.083,131.007,131.679,124.34,199.84,97.36,177.1,132.35
2068,606359.314564,56.244,75,-145.867,18.676,72.874,131.147,132.962,124.51,198.89,98.43,177.17,133.63
2069,606359.318539,57.632,71,-146.29,18.731,70.458,131.612,133.139,123.9,198.94,95.14,177.94,133.78
2070,606359.326965,56.42,75,-146.027,19.271,72.45,130.991,131.689,124.24,199.64,97.83,177.19,132.37
2071,606359.339461,56.328,73,-145.927,19.349,72.733,131.182,131.991,124.4,199.77,98.23,177.34,132.67
2072,606359.341977,56.441,73,-145.879,18.641,72.578,131.293,133.315,124.43,198.78,97.98,177.65,133.99
2073,606359.346854,57.665,74,-145.958,19.214,70.413,131.646,132.762,124.32,199.57,95.06,178.11,133.41
2074,606359.354838,56.125,73,-145.733,19.356,73.095,131.139,132.175,124.62,199.73,98.72,177.31,132.85
2075,606359.35745,56.442,74,-145.66,18.819,72.531,131.21,133.529,124.72,199.03,97.91,177.55,134.2
2076,606359.362926,57.29,76,-145.536,19.559,70.93,131.257,132.497,124.89,200.04,95.77,177.59,133.15
2077,606359.365587,55.83,74,-145.453,19.401,73.639,131.111,132.648,125.01,199.81,99.42,177.41,133.33
2078,606359.369917,56.411,78,-145.47,18.949,72.293,130.675,133.724,124.97,199.2,97.59,176.84,134.39
2079,606359.377763,56.923,75,-145.266,19.858,71.519,131.042,132.186,125.26,200.44,96.57,177.3,132.85
2080,606359.381901,55.737,75,-145.104,19.353,73.899,131.26,132.831,125.5,199.77,99.87,177.11,133.49
2081,606359.385433,56.628,74,-145.351,19.004,72.12,131.11,133.775,125.11,199.26,97.38,177.33,134.44
2082,606359.390013,56.576,73,-145.096,19.894,72.188,131.051,131.948,125.49,200.48,97.48,177.31,132.62
2083,606359.393788,55.508,75,-144.999,19.183,74.244,131.108,132.963,125.65,199.54,100.32,177.09,133.64
2084,606359.401946,56.82,73,-145.338,18.947,71.883,131.346,133.679,125.14,199.18,97.11,177.41,134.35
2085,606359.405908,55.843,76,-145.093,19.729,73.324,130.595,131.864,125.47,200.23,99.04,176.59,132.54
2086,606359.409402,55.546,74,-145.06,18.869,74.173,131.106,133.242,125.54,199.09,100.15,177.42,133.93
2087,606359.422432,55.57,74,-145.315,18.538,74.049,130.968,133.259,125.19,198.64,99.98,177.22,133.95
2088,606359.430225,56.877,75,-145.618,19.084,71.688,131.193,132.502,124.76,199.36,96.86,177.18,133.17
2089,606359.433175,55.377,75,-145.532,19.09,74.281,130.739,131.781,124.94,199.4,100.33,176.76,132.5
2090,606359.439314,55.631,75,-145.706,18.418,73.826,130.777,133.114,124.67,198.48,99.67,176.95,133.81
2091,606359.44186,56.879,75,-145.74,19.243,71.655,131.139,131.928,124.62,199.6,96.76,177.4,132.6
2092,606359.446639,55.309,74,-145.687,19.002,74.436,130.783,131.851,124.69,199.25,100.54,176.81,132.55
2093,606359.454556,55.888,77,-145.817,18.594,73.207,130.537,133.056,124.5,198.69,98.9,176.3,133.75
2094,606359.457839,56.538,75,-145.759,19.462,72.211,130.963,131.397,124.62,199.92,97.54,177.04,132.07
2095,606359.462036,55.424,75,-145.731,18.98,74.407,131.113,132.246,124.64,199.24,100.47,177.38,132.95
2096,606359.465704,56.511,74,-145.968,18.797,72.314,131.058,132.973,124.29,198.98,97.65,177.21,133.65
2097,606359.469991,56.092,76,-145.654,19.781,72.94,130.751,131.156,124.8,200.37,98.55,176.64,131.86
2098,606359.478175,55.554,74,-145.455,19.241,74.164,131.119,132.366,125.04,199.62,100.17,177.28,133.05
2099,606359.481984,56.958,73,-145.774,19.364,71.688,131.476,132.734,124.57,199.77,96.78,177.89,133.4
2100,606359.485591,55.933,75,-145.439,20.053,73.289,130.836,131.18,125.02,200.68,99.04,176.68,131.86
2101,606359.491336,55.857,72,-145.274,19.468,73.698,131.309,132.453,125.25,199.9,99.56,177.43,133.16
2102,606359.494161,57.147,72,-145.452,19.971,71.291,131.418,132.215,125.04,200.61,96.29,177.69,132.89
2103,606359.510928,57.109,74,-145.281,20.39,71.346,131.384,131.492,125.27,201.18,96.37,177.63,132.16
2104,606359.513138,55.687,74,-145.15,20.118,73.939,131.165,131.737,125.43,200.79,99.85,177.46,132.43
2105,606359.518557,56.5,77,-145.418,19.638,72.169,130.757,132.871,125.03,200.12,97.46,176.83,133.53
2106,606359.521939,56.657,75,-145.339,20.45,72.01,131.011,131.039,125.2,201.27,97.27,177.11,131.71
2107,606359.530002,55.821,73,-145.317,19.802,73.747,131.274,132.161,125.23,200.37,99.65,177.28,132.84
2108,606359.53414,57.084,74,-145.746,19.538,71.362,131.324,132.726,124.62,200.01,96.39,177.43,133.37
2109,606359.537645,56.26,76,-145.571,20.195,72.641,130.786,130.992,124.91,200.93,98.14,176.7,131.67
2110,606359.542428,56.047,72,-145.57,19.408,73.433,131.48,132.337,124.81,199.77,99.2,177.62,133.01
2111,606359.546277,57.521,72,-146.139,19.432,70.797,131.84,132.515,124.08,199.86,95.58,178.38,133.17
2112,606359.554937,56.166,74,-145.897,19.756,72.909,130.944,131.159,124.45,200.31,98.48,177.01,131.86
2113,606359.557634,56.317,71,-145.967,18.992,72.901,131.448,132.659,124.32,199.26,98.42,177.83,133.34
2114,606359.561958,57.46,74,-146.12,19.414,70.693,131.429,131.885,124.11,199.84,95.45,177.78,132.54
2115,606359.566667,55.966,73,-146.08,19.288,73.38,131.109,131.861,124.2,199.69,99.1,177.22,132.54
2116,606359.56963,56.768,75,-146.222,18.654,71.798,131.01,132.951,123.93,198.76,96.97,177.02,133.62
2117,606359.574554,57.16,73,-146.188,19.45,71.215,131.321,131.392,124.06,199.9,96.23,177.27,132.06
2118,606359.582302,56.086,74,-146.075,18.808,73.242,131.27,132.343,124.14,198.97,98.94,177.36,133.03
2119,606359.590327,56.701,77,-146.006,19.393,71.822,130.821,131.41,124.3,199.83,97.01,176.82,132.09
2120,606359.595736,56.179,75,-145.885,18.708,73.041,131.226,132.756,124.45,198.9,98.63,177.43,133.43
2121,606359.597589,57.75,72,-146.159,18.813,70.294,131.732,132.928,124.08,199.05,94.92,178.1,133.59
2122,606359.606888,56.413,72,-145.908,19.296,72.599,131.235,131.817,124.46,199.72,98.08,177.28,132.5
2123,606359.609972,56.555,74,-145.728,18.676,72.271,131.13,133.131,124.63,198.83,97.57,177.42,133.8
2124,606359.613043,57.472,75,-145.623,19.308,70.57,131.241,132.202,124.8,199.72,95.31,177.45,132.85
2125,606359.619198,56.047,73,-145.478,19.252,73.287,131.219,132.46,124.98,199.61,98.95,177.54,133.14
2126,606359.622066,56.907,74,-145.541,18.764,71.562,131.067,133.527,124.9,198.97,96.63,177.25,134.19
2127,606359.630382,56.994,74,-145.374,19.706,71.423,131.117,131.903,125.14,200.26,96.47,177.26,132.56
2128,606359.634203,55.977,74,-145.125,19.095,73.411,131.202,132.897,125.43,199.38,99.14,177.44,133.58
2129,606359.637302,57.347,72,-145.449,18.915,71.006,131.601,133.555,125.02,199.19,95.88,177.96,134.19
2130,606359.643022,56.273,77,-145.203,19.695,72.54,130.649,132.001,125.35,200.21,97.99,176.58,132.68
2131,606359.645852,56.208,71,-145.102,18.963,73.177,131.571,133.279,125.45,199.19,98.83,177.92,133.93
2132,606359.65019,57.416,73,-145.355,19.158,70.871,131.599,133.042,125.15,199.52,95.71,177.96,133.68
2133,606359.658728,55.925,72,-145.371,19.396,73.519,131.221,132.364,125.12,199.8,99.27,177.56,133.05
2134,606359.661687,56.313,75,-145.396,18.681,72.613,130.914,133.746,125.05,198.81,98.1,176.82,134.41
2135,606359.665998,57.013,74,-145.5,19.444,71.456,131.245,132.152,125.0,199.92,96.53,177.33,132.82
2136,606359.682551,56.288,74,-145.795,19.483,72.66,130.913,131.856,124.58,199.94,98.13,176.98,132.55
2137,606359.68586,55.725,74,-145.723,18.61,73.891,131.208,133.234,124.67,198.75,99.83,177.19,133.91
2138,606359.690256,57.291,72,-146.155,18.648,71.182,131.728,133.236,124.05,198.8,96.09,178.24,133.89
2139,606359.69536,55.593,73,-146.066,19.056,74.028,131.008,132.237,124.22,199.36,99.96,177.12,132.95
2140,606359.697558,56.053,74,-146.076,18.275,73.214,131.107,133.664,124.19,198.3,98.85,177.28,134.36
2141,606359.706115,56.974,75,-146.234,19.081,71.506,131.197,132.156,123.95,199.38,96.58,177.28,132.82
2142,606359.710296,55.442,73,-146.124,18.759,74.393,131.15,132.55,124.15,198.95,100.51,177.06,133.25
2143,606359.71312,56.397,77,-146.283,18.263,72.396,130.813,133.756,123.88,198.27,97.72,177.0,134.43
2144,606359.718137,56.407,74,-146.268,19.245,72.46,130.961,131.743,123.92,199.6,97.84,177.14,132.43
2145,606359.722023,55.601,74,-146.054,18.51,74.107,131.175,132.975,124.19,198.58,100.07,177.36,133.66
2146,606359.726017,56.996,74,-146.37,18.545,71.491,131.25,133.323,123.76,198.63,96.57,177.24,134.0
2147,606359.733809,55.842,75,-146.18,19.119,73.511,130.926,131.957,124.07,199.45,99.32,176.77,132.66
2148,606359.737255,55.819,76,-146.037,18.421,73.501,130.83,133.345,124.22,198.48,99.22,177.01,134.04
2149,606359.743443,57.145,73,-146.138,19.046,71.311,131.445,132.353,124.07,199.32,96.3,177.71,133.01
2150,606359.745749,55.504,72,-145.943,18.968,74.308,131.205,132.467,124.36,199.22,100.32,177.51,133.17
2151,606359.749375,56.247,77,-145.974,18.462,72.604,130.675,133.673,124.3,198.54,98.05,176.63,134.35
2152,606359.757754,56.766,74,-145.954,19.536,71.888,131.167,131.807,124.34,200.0,97.07,177.44,132.48
2153,606359.765995,56.811,73,-145.848,18.812,71.857,131.269,133.555,124.47,199.02,97.0,177.63,134.22
2154,606359.771191,55.879,76,-145.625,19.515,73.366,130.791,132.048,124.81,199.99,99.08,176.84,132.75
2155,606359.77375,55.923,72,-145.483,18.831,73.521,131.216,133.308,124.96,199.04,99.26,177.55,133.99
2156,606359.78236,56.946,76,-145.536,19.316,71.53,131.143,132.58,124.89,199.7,96.58,177.45,133.24
2157,606359.787019,55.345,72,-145.395,19.292,74.559,131.118,132.569,125.09,199.66,100.67,177.41,133.27
2158,606359.789401,56.29,76,-145.416,18.718,72.64,130.886,133.904,125.07,198.91,98.08,177.03,134.56
2159,606359.794049,56.342,76,-145.318,19.816,72.459,130.736,131.762,125.19,200.38,97.85,176.87,132.44
2160,606359.79857,55.349,78,-145.096,19.038,74.39,130.837,132.964,125.48,199.32,100.45,176.9,133.64
2161,606359.80215,57.085,72,-145.412,18.855,71.494,131.57,133.333,125.08,199.1,96.55,177.93,134.0
2162,606359.810687,55.666,75,-145.341,19.456,73.802,130.849,132.054,125.14,199.87,99.68,176.93,132.75
2163,606359.813584,55.772,75,-145.384,18.525,73.612,130.868,133.592,125.07,198.6,99.4,176.98,134.28
2164,606359.81776,57.049,74,-145.626,19.064,71.386,131.241,132.297,124.77,199.36,96.39,177.56,132.96
2165,606359.82261,55.347,72,-145.634,18.759,74.549,131.109,132.54,124.8,198.96,100.68,177.26,133.25
2166,606359.825314,56.625,75,-145.887,18.063,72.072,131.012,133.724,124.4,198.01,97.3,177.12,134.37
2167,606359.833704,56.282,75,-146.043,18.955,72.644,130.864,131.68,124.22,199.21,98.09,177.02,132.37
2168,606359.838714,55.525,75,-146.058,17.995,74.143,130.984,133.173,124.2,197.9,100.1,177.21,133.87
2169,606359.841284,57.504,71,-146.555,17.923,70.817,131.816,133.034,123.51,197.79,95.67,177.96,133.71
2170,606359.855829,57.029,74,-146.593,18.364,71.365,131.132,132.008,123.48,198.41,96.4,177.15,132.68
2171,606359.862347,55.489,75,-146.598,17.968,74.238,131.03,132.852,123.47,197.85,100.32,176.75,133.57
2172,606359.866463,57.26,73,-146.79,17.644,71.074,131.416,133.679,123.2,197.44,95.94,177.78,134.34
2173,606359.872234,56.102,74,-146.624,18.661,72.968,130.833,131.772,123.46,198.83,98.54,176.85,132.46
2174,606359.874976,55.911,74,-146.403,17.804,73.442,131.035,133.475,123.73,197.65,99.14,177.27,134.17
2175,606359.878206,57.776,68,-146.603,18.186,70.425,132.072,132.765,123.43,198.15,95.1,178.56,133.4
2176,606359.88672,55.772,73,-146.347,18.58,73.671,130.973,132.339,123.81,198.7,99.46,177.17,133.04
2177,606359.889825,56.524,76,-146.165,17.9,72.18,130.857,133.862,124.02,197.76,97.45,176.96,134.53
2178,606359.893817,56.775,76,-146.004,19.084,71.637,130.743,131.957,124.27,199.39,96.73,176.86,132.63
2179,606359.89878,55.7,74,-145.796,18.552,73.886,131.114,133.13,124.54,198.61,99.85,177.23,133.84
2180,606359.901389,57.405,73,-145.786,18.479,70.798,131.424,133.572,124.57,198.6,95.6,177.72,134.21
2181,606359.910588,55.832,76,-145.532,19.447,73.349,130.602,132.139,124.91,199.88,99.09,176.47,132.83
2182,606359.914011,56.126,74,-145.328,18.553,73.051,131.064,133.741,125.19,198.68,98.64,177.26,134.42
2183,606359.917315,57.325,74,-145.259,19.307,70.916,131.356,132.462,125.28,199.72,95.76,177.66,133.09
2184,606359.922832,55.518,73,-145.09,19.333,74.247,131.143,132.834,125.53,199.69,100.41,177.14,133.55
2185,606359.926235,56.743,77,-144.987,18.712,71.734,130.807,133.959,125.64,198.91,96.87,176.93,134.6
2186,606359.929782,56.289,75,-144.896,19.986,72.56,130.738,131.732,125.81,200.65,98.03,176.69,132.42
2187,606359.94233,57.662,71,-144.985,18.992,70.591,131.969,133.268,125.62,199.27,95.31,178.6,133.9
2188,606359.947581,55.461,74,-144.923,19.621,74.171,130.822,132.289,125.71,200.09,100.18,176.93,132.97
2189,606359.949794,56.148,75,-144.914,18.591,72.849,130.776,133.98,125.74,198.74,98.38,176.88,134.64
2190,606359.953871,56.957,73,-145.058,19.564,71.457,131.049,131.76,125.54,200.04,96.51,177.3,132.42
2191,606359.962038,55.346,74,-145.256,18.853,74.557,131.119,132.973,125.32,199.11,100.69,177.25,133.66
2192,606359.96585,57.234,73,-145.493,18.274,71.096,131.366,133.735,124.96,198.32,96.0,177.65,134.37
2193,606359.969398,55.925,76,-145.621,19.379,73.272,130.78,131.767,124.82,199.81,98.97,176.81,132.45
2194,606359.974669,55.865,75,-145.694,18.12,73.471,130.929,133.58,124.66,198.05,99.21,177.06,134.27
2195,606359.977929,57.553,72,-145.938,18.584,70.558,131.511,132.28,124.35,198.72,95.27,177.91,132.93
2196,606359.9866,55.468,68,-146.115,18.652,74.206,130.907,132.38,124.16,198.83,100.21,176.94,133.08
2197,606359.989768,57.008,73,-146.323,17.666,71.496,131.302,133.954,123.8,197.44,96.53,177.55,134.62
2198,606359.993991,56.494,75,-146.381,18.925,72.214,130.817,131.531,123.77,199.17,97.51,176.94,132.22
2199,606359.998847,55.772,73,-146.38,17.946,73.824,131.246,133.357,123.8,197.86,99.74,177.18,134.05
2200,606360.002093,57.913,72,-146.455,17.958,70.068,131.902,132.95,123.65,197.87,94.59,178.45,133.59
2201,606360.007554,55.739,74,-146.479,18.64,73.723,130.955,132.27,123.67,198.83,99.55,176.96,132.94
2202,606360.014386,56.767,75,-146.375,17.722,71.788,130.99,133.87,123.76,197.54,96.99,176.79,134.54
2203,606360.018122,57.064,73,-146.263,18.847,71.301,131.141,131.55,123.95,199.08,96.3,177.26,132.24
2204,606360.027211,57.804,74,-146.008,18.096,70.045,131.462,133.259,124.25,198.06,94.56,177.87,133.9
2205,606360.031578,56.122,73,-146.027,19.075,73.049,131.048,132.072,124.24,199.37,98.63,177.28,132.76
2206,606360.038785,56.469,74,-145.868,18.144,72.414,131.093,133.83,124.44,198.11,97.75,177.39,134.5
2207,606360.041795,57.572,70,-145.611,18.989,70.488,131.447,131.96,124.82,199.29,95.22,177.67,132.6
2208,606360.045674,55.898,74,-145.633,18.889,73.534,131.157,132.817,124.8,199.14,99.35,177.14,133.51
2209,606360.050924,57.479,72,-145.446,18.344,70.72,131.547,133.681,124.98,198.36,95.5,177.91,134.31
2210,606360.053751,56.284,73,-145.334,19.563,72.641,130.868,132.288,125.14,200.01,98.15,176.74,132.95
2211,606360.062227,56.149,75,-145.252,18.626,72.914,130.897,133.812,125.24,198.74,98.46,177.04,134.49
2212,606360.06574,57.65,72,-145.04,19.142,70.467,131.691,132.682,125.53,199.45,95.18,178.1,133.31
2213,606360.069949,55.947,73,-145.138,19.312,73.502,131.264,132.835,125.48,199.74,99.29,177.4,133.52
2214,606360.075581,57.024,73,-144.991,18.572,71.464,131.298,133.748,125.62,198.71,96.51,177.51,134.4
2215,606360.077863,56.283,75,-144.936,19.527,72.587,130.767,132.34,125.7,199.99,98.02,176.95,133.01
2216,606360.081723,55.949,72,-145.121,18.691,73.508,131.281,133.802,125.44,198.85,99.24,177.67,134.48
2217,606360.090172,57.547,71,-145.128,18.746,70.735,131.817,133.095,125.41,198.91,95.53,178.27,133.74
2218,606360.093691,55.979,72,-145.372,19.1,73.519,131.401,132.782,125.15,199.42,99.29,177.69,133.48
2219,606360.097578,56.659,74,-145.31,18.169,72.093,131.17,133.853,125.22,198.17,97.36,177.39,134.52
2220,606360.106835,55.806,73,-145.716,18.21,73.658,131.066,133.589,124.62,198.17,99.46,177.24,134.28
2221,606360.115604,57.115,71,-145.745,18.073,71.259,131.241,133.061,124.69,198.11,96.26,177.2,133.68
2222,606360.118788,55.749,73,-146.138,18.487,73.737,131.014,132.737,124.13,198.61,99.57,177.06,133.42
2223,606360.121338,56.511,73,-146.304,17.495,72.399,131.208,133.889,123.88,197.26,97.75,177.4,134.55
2224,606360.1259,56.44,75,-146.21,18.331,72.287,130.762,132.121,124.01,198.38,97.62,176.8,132.79
2225,606360.129705,55.537,72,-146.551,17.734,74.281,131.267,133.45,123.53,197.55,100.27,177.59,134.15
2226,606360.137966,57.265,74,-146.644,17.546,71.14,131.557,133.38,123.42,197.29,96.11,177.91,134.03
2227,606360.141899,55.88,70,-146.829,18.156,73.668,131.333,132.327,123.16,198.12,99.46,177.63,133.03
2228,606360.145699,56.239,75,-146.755,17.267,72.744,130.898,133.609,123.21,196.88,98.24,176.87,134.29
2229,606360.150861,56.5,73,-146.713,18.211,72.319,131.029,132.02,123.34,198.22,97.67,177.1,132.7
2230,606360.153867,55.518,74,-146.859,17.65,74.186,131.036,133.315,123.13,197.43,100.19,177.03,134.0
2231,606360.158191,57.371,69,-146.851,17.613,71.009,131.693,133.114,123.13,197.39,95.91,177.91,133.78
2232,606360.16607,55.661,69,-146.627,18.441,73.848,130.916,132.023,123.47,198.53,99.73,176.92,132.73
2233,606360.17004,56.505,74,-146.554,17.594,72.351,131.104,133.623,123.52,197.36,97.71,177.16,134.32
2234,606360.173436,56.444,75,-146.265,18.688,72.341,130.875,131.909,123.92,198.84,97.68,177.02,132.59
2235,606360.178521,55.447,77,-146.232,18.241,74.203,130.83,133.206,123.9,198.18,100.26,176.52,133.95
2236,606360.181397,57.421,73,-146.003,18.269,70.848,131.577,133.082,124.29,198.28,95.74,177.86,133.75
2237,606360.19803,56.602,72,-145.069,19.428,72.158,131.089,131.935,125.5,199.83,97.47,177.26,132.59
2238,606360.2018,55.756,73,-145.082,19.076,73.835,131.21,133.1,125.52,199.37,99.79,177.1,133.78
2239,606360.205739,57.257,72,-144.837,18.957,71.194,131.627,133.145,125.85,199.25,96.15,178.01,133.78
2240,606360.214271,55.901,73,-144.8,19.845,73.458,131.027,132.078,125.92,200.43,99.22,177.19,132.77
2241,606360.218672,56.344,75,-144.537,18.984,72.567,130.939,133.316,126.21,199.23,98.05,176.9,133.97
2242,606360.221616,56.553,75,-144.255,19.694,72.13,130.869,131.918,126.61,200.21,97.42,177.1,132.58
2243,606360.227006,55.78,72,-144.604,19.437,73.85,131.32,133.249,126.12,199.83,99.74,177.61,133.91
2244,606360.229652,57.359,74,-144.513,18.927,70.884,131.419,132.872,126.26,199.18,95.73,177.86,133.51
2245,606360.234019,55.898,73,-144.575,19.715,73.48,131.06,131.972,126.15,200.2,99.27,177.16,132.66
2246,606360.241834,56.251,76,-144.742,18.661,72.634,130.741,133.396,125.93,198.8,98.13,176.67,134.09
2247,606360.246301,56.842,72,-144.61,18.913,71.763,131.205,131.782,126.12,199.13,96.96,177.41,132.43
2248,606360.249392,55.81,73,-145.351,18.809,73.691,131.137,133.035,125.15,199.0,99.54,177.21,133.71
2249,606360.255152,57.184,75,-145.449,18.084,71.145,131.277,132.766,125.03,198.05,96.09,177.51,133.43
2250,606360.258619,56.112,70,-145.86,18.493,73.27,131.41,131.997,124.46,198.58,98.94,177.76,132.68
2251,606360.265966,56.343,76,-146.317,17.652,72.45,130.724,133.353,123.84,197.44,97.81,176.85,134.03
2252,606360.270125,56.702,74,-146.157,17.939,71.857,130.887,131.72,124.09,197.86,97.07,176.9,132.39
2253,606360.282322,55.804,73,-147.267,17.858,73.556,130.878,132.163,122.55,197.7,99.35,176.66,132.93
2254,606360.290366,56.671,75,-147.468,17.14,71.967,130.983,133.428,122.32,196.77,97.16,177.04,134.11
2255,606360.293888,56.756,72,-147.392,17.967,71.893,131.144,131.71,122.43,197.89,97.09,177.21,132.39
2256,606360.298222,56.147,72,-147.633,17.601,73.19,131.385,133.128,122.03,197.33,98.8,177.51,133.86
2257,606360.303144,57.552,75,-147.368,17.619,70.547,131.487,132.596,122.42,197.39,95.29,177.54,133.29
2258,606360.305515,56.248,71,-147.412,18.186,73.079,131.534,132.34,122.36,198.14,98.67,177.77,133.05
2259,606360.310943,57.106,74,-147.189,17.618,71.318,131.32,133.44,122.67,197.4,96.26,177.63,134.11
2260,606360.31885,56.59,76,-146.946,18.716,72.043,130.836,131.945,123.04,198.91,97.33,176.62,132.65
2261,606360.321948,56.321,72,-146.82,18.141,72.839,131.351,133.38,123.17,198.1,98.32,177.68,134.07
2262,606360.325361,57.83,72,-146.432,18.551,70.094,131.648,132.607,123.69,198.67,94.63,178.08,133.25
2263,606360.330882,56.263,72,-146.297,18.924,73.041,131.514,132.683,123.85,199.15,98.63,177.8,133.38
2264,606360.334048,57.543,69,-145.849,18.363,70.697,131.734,133.697,124.47,198.41,95.49,177.99,134.34
2265,606360.342544,56.48,76,-145.495,19.556,72.19,130.724,132.203,124.95,200.03,97.48,176.86,132.88
2266,606360.345936,56.3,74,-145.455,18.663,72.724,131.071,133.813,124.97,198.79,98.2,177.27,134.49
2267,606360.349339,57.857,70,-145.011,19.106,70.092,131.744,132.809,125.6,199.46,94.65,178.03,133.38
2268,606360.363213,56.459,74,-144.681,19.413,72.333,130.911,132.578,126.02,199.81,97.7,177.05,133.23
2269,606360.369621,56.317,74,-144.937,18.46,72.61,130.925,134.077,125.68,198.54,98.03,177.21,134.74
2270,606360.374244,57.588,71,-144.674,18.641,70.584,131.685,132.661,126.06,198.81,95.35,178.06,133.29
2271,606360.379407,56.037,74,-145.061,18.638,73.211,131.048,133.364,125.53,198.77,98.89,177.14,134.04
2272,606360.381654,57.308,73,-144.941,17.88,70.932,131.324,133.693,125.68,197.75,95.83,177.49,134.34
2273,606360.386479,56.264,72,-145.169,18.33,72.809,131.101,133.011,125.36,198.34,98.34,177.29,133.69
2274,606360.394018,56.327,77,-145.791,17.621,72.417,130.61,134.199,124.55,197.4,97.85,176.31,134.87
2275,606360.398123,56.888,73,-145.709,17.638,71.653,131.167,132.56,124.63,197.4,96.78,177.34,133.22
2276,606360.401361,55.986,72,-146.368,17.485,73.325,131.077,133.707,123.75,197.18,99.06,176.95,134.4
2277,606360.406729,57.088,76,-146.351,16.953,71.214,131.064,133.324,123.79,196.5,96.15,177.3,133.99
2278,606360.410095,55.942,71,-146.791,17.333,73.519,131.277,133.298,123.21,197.0,99.25,177.58,133.99
2279,606360.418258,56.631,74,-147.286,16.824,72.037,130.971,134.151,122.51,196.29,97.25,177.06,134.82
2280,606360.422111,56.121,75,-147.225,17.251,72.91,130.796,132.287,122.66,196.91,98.46,176.78,133.0
2281,606360.425442,55.615,73,-147.834,16.852,74.02,131.069,134.085,121.79,196.33,99.99,176.75,134.82
2282,606360.430327,57.221,74,-147.661,16.891,71.214,131.537,132.897,122.04,196.41,96.13,177.88,133.57
2283,606360.433293,55.461,75,-148.014,17.428,74.337,131.115,133.237,121.55,197.12,100.32,177.28,133.98
2284,606360.43798,56.737,73,-148.02,16.926,72.048,131.36,133.95,121.55,196.45,97.23,177.68,134.64
2285,606360.450215,55.721,73,-147.841,17.498,73.797,131.029,133.705,121.83,197.25,99.61,177.1,134.43
2286,606360.454637,56.807,72,-147.478,18.223,71.796,131.144,132.566,122.29,198.22,96.91,177.34,133.25
2287,606360.457779,55.488,76,-147.469,18.348,74.229,131.013,133.138,122.31,198.38,100.18,177.21,133.85
2288,606360.461887,56.952,74,-147.102,18.172,71.761,131.59,133.61,122.85,198.2,96.91,177.74,134.29
2289,606360.470438,55.836,71,-146.765,19.295,73.806,131.429,132.682,123.25,199.66,99.67,177.54,133.4
2290,606360.473778,56.08,76,-146.539,18.595,73.052,130.91,133.984,123.56,198.74,98.61,177.03,134.66
2291,606360.477988,56.405,75,-146.039,19.633,72.505,131.035,132.184,124.25,200.15,97.91,177.16,132.88
2292,606360.482417,55.594,74,-145.947,19.257,74.17,131.261,133.226,124.33,199.62,100.19,177.14,133.97
2293,606360.486172,56.947,74,-145.368,19.255,71.706,131.471,133.075,125.14,199.65,96.83,177.79,133.72
2294,606360.493821,55.61,72,-145.418,19.871,74.168,131.311,132.772,125.06,200.45,100.18,177.46,133.49
2295,606360.498414,56.39,74,-145.309,19.035,72.626,131.204,133.688,125.19,199.32,98.04,177.57,134.35
2296,606360.501697,56.01,76,-145.016,19.892,73.076,130.716,132.049,125.64,200.52,98.72,176.67,132.74
2297,606360.506683,55.698,74,-145.134,19.138,73.81,130.974,133.236,125.43,199.45,99.65,177.25,133.92
2298,606360.509651,56.833,72,-144.691,19.037,71.883,131.395,132.441,126.05,199.35,97.11,177.66,133.09
2299,606360.51833,55.379,75,-145.151,19.081,74.373,130.906,133.069,125.41,199.38,100.41,177.15,133.76
2300,606360.522744,56.782,74,-145.311,18.243,71.898,131.242,133.336,125.17,198.23,97.1,177.5,134.0
2301,606360.525951,55.67,74,-145.233,18.606,73.732,130.74,131.967,125.29,198.71,99.6,176.78,132.65
2302,606360.53868,55.687,72,-146.141,17.772,73.924,131.138,133.313,124.13,197.64,99.85,177.16,134.01
2303,606360.546501,56.967,75,-145.991,17.401,71.398,130.975,132.249,124.3,197.13,96.44,177.05,132.91
2304,606360.549732,55.271,73,-146.361,17.557,74.645,131.026,132.385,123.78,197.28,100.81,177.12,133.08
2305,606360.553833,56.812,72,-146.895,16.878,71.91,131.368,133.631,123.04,196.37,97.15,177.33,134.29
2306,606360.55936,55.73,77,-146.687,17.603,73.467,130.469,131.349,123.39,197.38,99.28,176.13,132.06
2307,606360.56181,55.713,73,-147.195,17.053,73.755,130.923,133.357,122.64,196.6,99.58,176.98,134.07
2308,606360.570701,57.12,71,-146.92,17.456,71.245,131.236,131.493,123.04,197.18,96.21,177.43,132.17
2309,606360.573602,55.476,77,-147.239,17.507,74.186,130.896,132.34,122.61,197.24,100.18,176.81,133.08
2310,606360.577791,57.199,73,-147.21,17.092,71.178,131.391,132.862,122.67,196.71,96.11,177.58,133.55
2311,606360.583698,55.93,72,-147.082,18.126,73.364,130.959,131.723,122.85,198.1,99.08,176.98,132.43
2312,606360.585421,56.76,74,-147.075,17.562,71.893,131.156,132.964,122.85,197.34,97.07,177.29,133.65
2313,606360.589994,56.481,76,-146.581,18.481,72.217,130.778,131.394,123.5,198.57,97.52,176.86,132.08
2314,606360.598317,55.907,74,-146.786,18.249,73.504,131.129,133.038,123.24,198.27,99.24,177.26,133.73
2315,606360.601881,57.652,68,-146.122,18.718,70.226,131.25,131.8,124.09,198.89,94.85,177.37,132.45
2316,606360.605828,55.99,73,-146.232,19.101,73.445,131.309,132.094,123.97,199.41,99.16,177.62,132.79
2317,606360.622771,56.465,75,-145.592,19.231,72.363,130.985,133.507,124.82,199.58,97.77,176.82,134.18
2318,606360.626133,57.484,73,-144.934,19.397,70.737,131.594,131.773,125.67,199.8,95.56,177.91,132.43
2319,606360.629851,56.208,75,-145.024,19.637,72.917,131.105,132.891,125.5,200.07,98.5,177.09,133.59
2320,606360.635072,57.35,75,-144.632,19.308,70.82,131.268,132.624,126.1,199.7,95.64,177.64,133.27
2321,606360.637752,56.243,70,-144.669,19.53,73.087,131.53,132.823,126.07,199.98,98.74,177.74,133.49
2322,606360.645945,57.13,73,-145.252,19.158,71.262,131.3,133.586,125.29,199.52,96.23,177.57,134.23
2323,606360.650293,56.205,75,-144.944,19.191,72.788,130.861,132.054,125.73,199.55,98.36,176.76,132.73
2324,606360.653362,56.046,74,-145.641,18.708,73.127,130.929,133.983,124.72,198.85,98.78,176.85,134.65
2325,606360.658297,57.262,72,-145.359,18.488,71.147,131.56,131.778,125.14,198.57,96.14,177.73,132.44
2326,606360.661304,55.365,75,-146.106,18.211,74.403,130.912,133.511,124.1,198.19,100.49,176.72,134.24
2327,606360.665415,57.775,71,-146.323,17.538,70.335,131.9,133.166,123.82,197.29,94.96,178.45,133.81
2328,606360.673953,55.334,69,-146.59,17.795,74.337,130.691,132.257,123.45,197.61,100.37,176.66,133.0
2329,606360.678162,56.481,76,-147.253,16.856,72.255,130.847,134.234,122.58,196.36,97.52,177.01,134.92
2330,606360.682016,56.386,74,-147.259,17.214,72.475,130.918,131.486,122.57,196.82,97.89,176.9,132.19
2331,606360.68688,55.87,72,-147.849,16.624,73.519,131.031,133.449,121.8,196.03,99.28,176.98,134.16
2332,606360.69026,57.518,70,-147.649,16.553,70.637,131.531,132.244,122.06,195.95,95.42,177.58,132.91
2333,606360.698355,55.82,77,-148.144,16.668,73.522,130.868,132.66,121.37,196.11,99.27,176.62,133.42
2334,606360.710795,56.756,75,-148.217,16.375,71.858,131.078,133.525,121.29,195.71,97.03,177.02,134.21
2335,606360.713315,56.921,73,-147.73,17.123,71.56,131.111,131.941,121.93,196.7,96.64,177.16,132.64
2336,606360.722748,56.379,73,-147.856,17.073,72.667,131.239,133.32,121.73,196.6,98.13,177.22,134.01
2337,606360.726211,57.776,71,-147.307,17.405,70.319,131.872,132.78,122.51,197.11,94.93,178.36,133.44
2338,606360.729487,56.225,74,-147.11,18.03,72.925,131.176,132.822,122.78,197.95,98.44,177.43,133.52
2339,606360.734597,57.423,72,-146.564,17.807,70.82,131.53,133.568,123.48,197.64,95.62,177.83,134.23
2340,606360.737818,56.387,74,-146.06,19.009,72.509,130.984,132.649,124.19,199.28,97.89,177.21,133.33
2341,606360.741895,56.544,76,-145.876,18.512,72.157,130.884,134.028,124.43,198.61,97.44,176.92,134.68
2342,606360.749709,57.07,75,-145.174,19.47,71.14,130.867,132.461,125.41,199.95,96.09,176.9,133.11
2343,606360.753832,56.12,73,-145.14,19.382,73.089,131.111,133.574,125.38,199.74,98.72,177.2,134.24
2344,606360.757569,57.387,74,-144.461,19.339,70.822,131.402,133.379,126.35,199.76,95.65,177.75,134.01
2345,606360.76296,56.188,72,-144.616,19.948,72.98,131.147,133.414,126.1,200.53,98.55,177.41,134.07
2346,606360.766033,56.894,73,-144.728,19.271,71.705,131.281,134.129,125.97,199.64,96.85,177.47,134.78
2347,606360.773945,56.369,74,-144.454,19.817,72.565,131.022,132.937,126.37,200.4,98.01,177.22,133.59
2348,606360.778042,56.375,75,-144.875,19.3,72.456,130.844,134.031,125.77,199.68,97.81,177.12,134.69
2349,606360.781522,56.531,74,-144.408,19.269,72.295,131.09,132.814,126.4,199.64,97.63,177.42,133.47
2350,606360.79859,55.606,74,-145.461,18.353,74.096,131.172,133.56,124.99,198.39,100.03,177.51,134.24
2351,606360.802014,56.87,72,-146.019,17.775,71.656,131.11,133.975,124.16,197.56,96.81,176.9,134.67
2352,606360.80526,55.418,75,-146.068,17.664,74.263,130.842,133.194,124.18,197.45,100.26,177.02,133.89
2353,606360.810363,56.107,77,-147.107,17.224,72.88,130.694,134.583,122.75,196.85,98.35,176.79,135.29
2354,606360.81359,55.914,73,-147.053,17.149,73.368,130.911,132.393,122.89,196.77,99.08,176.93,133.11
2355,606360.817274,55.303,72,-147.816,16.547,74.643,131.128,134.319,121.83,195.93,100.78,177.14,135.05
2356,606360.826263,56.968,75,-147.702,16.532,71.627,131.4,132.743,121.99,195.92,96.7,177.67,133.43
2357,606360.829687,54.911,74,-148.231,16.505,75.311,131.009,133.39,121.29,195.86,101.73,176.74,134.13
2358,606360.833193,56.87,71,-148.528,15.877,71.831,131.428,134.015,120.85,195.01,96.97,177.62,134.71
2359,606360.839203,55.199,73,-148.378,16.737,74.739,130.955,132.266,121.05,196.15,100.92,176.86,133.01
2360,606360.841687,55.974,76,-148.539,16.082,73.227,130.864,134.129,120.88,195.33,98.83,176.88,134.83
2361,606360.850124,56.064,75,-148.193,16.952,73.133,131.001,132.022,121.34,196.48,98.73,177.12,132.74
2362,606360.853546,55.644,72,-148.228,16.811,74.007,131.141,133.493,121.26,196.27,99.9,177.22,134.22
2363,606360.857633,56.789,74,-147.427,17.245,71.984,131.422,132.295,122.36,196.89,97.18,177.72,132.98
2364,606360.862913,55.243,76,-147.392,17.787,74.644,130.932,133.192,122.42,197.63,100.77,176.95,133.94
2365,606360.866855,56.986,72,-146.881,17.841,71.658,131.522,133.234,123.14,197.78,96.74,177.66,133.86
2366,606360.870536,55.527,72,-146.362,18.881,74.242,131.165,132.401,123.79,199.1,100.23,177.43,133.11
2367,606360.882166,55.794,78,-145.111,19.505,73.4,130.564,132.244,125.42,199.91,99.16,176.44,132.93
2368,606360.888173,55.707,73,-145.298,19.337,73.862,131.095,133.767,125.21,199.72,99.7,177.43,134.45
2369,606360.890243,56.844,72,-144.403,19.727,71.947,131.548,132.281,126.44,200.27,97.24,177.65,132.92
2370,606360.8945,55.495,76,-144.406,19.93,74.159,130.912,132.945,126.41,200.53,100.18,176.97,133.63
2371,606360.902604,56.631,74,-143.977,19.7,72.218,131.3,132.721,127.01,200.24,97.55,177.61,133.38
2372,606360.905753,55.261,73,-143.968,19.865,74.661,131.023,133.259,126.95,200.39,100.86,177.11,133.94
2373,606360.909156,56.54,73,-144.4,19.658,72.335,131.196,133.712,126.42,200.16,97.71,177.36,134.36
2374,606360.915378,55.408,76,-144.009,19.64,74.194,130.686,132.094,126.93,200.11,100.23,176.77,132.77
2375,606360.917883,55.619,78,-144.568,19.2,73.728,130.561,133.929,126.19,199.54,99.54,176.73,134.6
2376,606360.927045,55.996,74,-144.3,19.03,73.196,130.882,131.857,126.58,199.34,98.9,176.97,132.52
2377,606360.930564,55.169,74,-145.107,18.729,74.753,130.881,133.622,125.45,198.87,100.95,177.0,134.3
2378,606360.933402,56.564,76,-145.264,18.282,72.172,130.982,132.3,125.28,198.32,97.49,177.09,132.96
2379,606360.938928,54.856,75,-145.834,18.068,75.361,130.918,132.763,124.5,198.0,101.75,177.12,133.48
2380,606360.941418,56.647,72,-146.299,17.154,72.163,131.255,133.33,123.87,196.77,97.48,177.31,134.03
2381,606360.945771,55.077,74,-146.493,17.418,74.804,130.667,131.834,123.6,197.09,101.12,176.19,132.58
2382,606360.953785,55.849,76,-147.163,16.703,73.396,130.741,133.546,122.71,196.15,99.07,176.84,134.25
2383,606360.957366,56.096,72,-147.122,16.944,72.963,130.804,131.291,122.81,196.5,98.56,176.72,132.01
2384,606360.970417,55.369,75,-147.837,16.7,74.391,130.904,132.604,121.79,196.12,100.45,176.89,133.34
2385,606360.977471,57.262,72,-147.806,16.515,71.196,131.649,132.574,121.84,195.9,96.16,177.76,133.25
2386,606360.982504,55.61,73,-147.602,17.159,74.072,131.142,131.775,122.13,196.76,100.01,177.3,132.5
2387,606360.985351,56.688,73,-147.754,16.82,72.065,131.219,133.306,121.92,196.31,97.32,177.23,134.01
2388,606360.990433,55.969,76,-147.153,17.761,73.108,130.634,131.543,122.76,197.61,98.74,176.52,132.25
2389,606360.993825,56.211,76,-147.303,17.724,72.801,130.906,133.211,122.54,197.55,98.28,176.97,133.92
2390,606361.00229,56.753,74,-146.518,18.427,71.855,131.061,131.578,123.61,198.51,97.05,177.14,132.27
2391,606361.005739,56.02,72,-146.506,18.692,73.356,131.248,132.761,123.57,198.83,99.05,177.42,133.46
2392,606361.009723,57.264,74,-145.835,18.932,71.113,131.504,132.402,124.52,199.2,96.04,177.8,133.07
2393,606361.015009,56.049,74,-145.768,19.576,73.283,131.22,132.479,124.62,200.07,98.96,177.42,133.18
2394,606361.017479,57.16,73,-145.588,19.26,71.35,131.569,133.206,124.79,199.61,96.35,177.91,133.86
2395,606361.025921,56.32,73,-145.217,20.205,72.731,131.154,132.144,125.33,200.91,98.2,177.47,132.82
2396,606361.029878,56.458,76,-145.246,19.488,72.394,131.018,133.366,125.26,199.92,97.78,177.04,134.04
2397,606361.034045,56.741,75,-144.888,20.121,71.84,130.995,132.052,125.77,200.8,97.03,177.1,132.74
2398,606361.037084,56.092,72,-145.286,19.624,73.222,131.255,133.325,125.26,200.14,98.87,177.52,134.01
2399,606361.043642,57.373,72,-144.971,19.596,71.015,131.714,132.471,125.63,200.06,95.92,178.1,133.1
2400,606361.058601,56.037,72,-145.666,18.963,73.355,131.307,132.95,124.75,199.24,99.06,177.55,133.64
2401,606361.061697,56.978,72,-146.2,18.224,71.546,131.288,133.755,123.95,198.17,96.63,177.39,134.41
2402,606361.066096,56.268,74,-146.166,18.08,72.735,130.982,132.401,124.03,198.0,98.23,177.09,133.08
2403,606361.069502,56.543,75,-146.827,17.699,72.161,130.89,133.929,123.11,197.46,97.44,176.86,134.6
2404,606361.078379,56.477,74,-146.471,17.414,72.286,130.888,132.325,123.66,197.14,97.64,176.91,133.0
2405,606361.082439,56.166,72,-147.206,17.14,73.037,131.175,134.01,122.61,196.72,98.66,177.05,134.71
2406,606361.085498,57.033,73,-147.041,16.994,71.373,131.163,132.457,122.9,196.57,96.39,177.25,133.15
2407,606361.091145,55.508,75,-147.457,16.706,74.135,130.914,133.687,122.29,196.13,100.08,176.97,134.4
2408,606361.09357,57.302,74,-147.513,16.405,70.824,131.106,133.682,122.18,195.74,95.61,177.1,134.37
2409,606361.098206,55.586,74,-147.447,16.847,74.031,130.988,133.077,122.31,196.32,99.95,177.04,133.8
2410,606361.105762,57.069,69,-147.655,16.417,71.551,131.619,134.231,121.99,195.71,96.62,177.76,134.9
2411,606361.110044,55.881,75,-147.24,17.147,73.313,130.704,132.685,122.61,196.75,98.97,176.77,133.39
2412,606361.113443,56.13,77,-147.381,16.76,72.803,130.634,134.189,122.38,196.2,98.28,176.6,134.87
2413,606361.118245,56.441,75,-146.731,17.413,72.276,130.745,132.7,123.29,197.12,97.58,176.84,133.39
2414,606361.122371,55.979,71,-146.959,17.46,73.344,131.088,133.849,123.0,197.19,99.02,177.22,134.56
2415,606361.130814,56.98,71,-146.178,17.773,71.704,131.584,133.09,124.0,197.58,96.84,177.88,133.74
2416,606361.143066,55.668,74,-145.537,19.022,73.863,130.966,133.367,124.93,199.33,99.79,176.81,134.05
2417,606361.146133,56.482,73,-145.299,18.658,72.443,131.191,133.903,125.2,198.81,97.8,177.56,134.56
2418,606361.154505,55.64,75,-144.74,19.518,73.815,130.786,133.063,125.96,199.97,99.71,176.8,133.73
2419,606361.157947,55.851,75,-144.991,19.151,73.472,130.884,134.313,125.62,199.48,99.22,176.96,134.98
2420,606361.161158,56.13,73,-144.558,19.518,72.967,130.927,132.722,126.2,199.97,98.53,177.2,133.39
2421,606361.16652,55.571,73,-144.818,19.443,74.048,130.967,133.887,125.85,199.87,99.96,177.27,134.56
2422,606361.170359,56.203,74,-144.317,19.315,72.892,131.043,132.694,126.53,199.7,98.44,177.35,133.36
2423,606361.173781,55.05,77,-144.892,19.366,74.942,130.822,134.081,125.78,199.78,101.18,176.99,134.78
2424,606361.182753,56.655,73,-145.1,19.086,72.234,131.412,133.281,125.47,199.39,97.53,177.84,133.94
2425,606361.185886,54.828,76,-145.147,18.927,75.399,130.894,133.113,125.42,199.16,101.79,177.15,133.82
2426,606361.18913,56.352,73,-145.708,18.58,72.715,131.234,133.859,124.68,198.73,98.18,177.47,134.52
2427,606361.194474,54.746,76,-145.684,18.562,75.38,130.597,132.653,124.75,198.71,101.81,176.51,133.36
2428,606361.198664,55.681,76,-146.622,18.052,73.711,130.739,134.213,123.41,197.96,99.5,176.81,134.91
2429,606361.206283,55.346,75,-146.603,18.29,74.321,130.704,131.826,123.48,198.29,100.39,176.57,132.55
2430,606361.209324,55.015,73,-147.207,17.443,75.02,130.84,133.823,122.68,197.17,101.32,176.66,134.56
2431,606361.213553,56.333,72,-147.155,17.472,72.818,131.352,131.861,122.73,197.19,98.32,177.62,132.56
2432,606361.221452,56.606,74,-147.671,16.938,72.259,131.284,132.555,122.08,196.52,97.59,177.3,133.25
2433,606361.231971,55.173,74,-147.93,17.189,74.83,131.028,132.302,121.69,196.8,101.01,177.17,133.04
2434,606361.234207,56.637,72,-147.828,16.749,72.263,131.403,132.898,121.83,196.21,97.59,177.46,133.59
2435,606361.237929,55.342,72,-147.669,17.384,74.588,131.161,132.108,122.1,197.11,100.75,177.1,132.84
2436,606361.242986,56.221,75,-147.9,16.931,72.795,130.928,133.517,121.72,196.46,98.29,176.87,134.2
2437,606361.250285,55.842,74,-147.436,17.546,73.478,130.865,133.215,122.41,197.35,99.28,176.48,133.91
2438,606361.259018,56.473,74,-146.577,18.182,72.375,131.037,131.604,123.51,198.15,97.83,176.72,132.3
2439,606361.261774,55.629,74,-146.761,18.237,73.973,131.029,133.028,123.3,198.27,99.89,177.02,133.74
2440,606361.265745,57.218,72,-146.189,18.578,71.32,131.721,132.14,124.02,198.7,96.3,178.17,132.8
2441,606361.27084,55.562,78,-145.93,19.074,73.968,130.799,132.517,124.4,199.4,99.92,176.61,133.21
2442,606361.273312,57.19,73,-145.466,18.96,71.254,131.501,132.648,124.98,199.22,96.21,177.93,133.3
2443,606361.281882,55.712,71,-145.115,19.641,73.993,131.342,132.634,125.46,200.14,99.91,177.72,133.32
2444,606361.285683,56.813,73,-145.275,19.295,71.905,131.363,133.511,125.24,199.68,97.07,177.78,134.17
2445,606361.290528,56.005,75,-144.735,19.756,73.251,131.01,131.991,125.91,200.25,98.94,177.05,132.7
2446,606361.294465,56.326,76,-145.07,19.593,72.547,130.842,133.627,125.54,200.1,98.01,176.74,134.3
2447,606361.297699,56.032,76,-144.436,19.619,73.062,130.764,132.021,126.43,200.15,98.72,176.73,132.7
2448,606361.302002,55.98,73,-145.198,19.424,73.323,131.055,133.98,125.31,199.82,99.0,177.26,134.66
2449,606361.31375,55.518,74,-145.452,18.953,74.203,131.067,133.388,125.03,199.22,100.2,177.26,134.09
2450,606361.318658,57.01,74,-145.432,18.596,71.503,131.32,132.658,125.01,198.7,96.57,177.57,133.3
2451,606361.322472,55.392,75,-145.942,18.422,74.36,130.924,133.109,124.36,198.47,100.48,176.72,133.81
2452,606361.326216,57.157,71,-146.492,17.959,71.399,131.649,133.31,123.58,197.83,96.41,177.98,133.96
2453,606361.334465,55.661,71,-146.62,17.917,74.072,131.313,132.503,123.37,197.74,100.07,177.12,133.24
2454,606361.338062,56.586,72,-147.139,17.035,72.221,131.148,133.776,122.71,196.58,97.5,177.3,134.44
2455,606361.341859,55.764,77,-147.14,17.218,73.446,130.547,132.28,122.77,196.87,99.19,176.44,132.99
2456,606361.346298,56.154,77,-147.703,16.613,72.801,130.709,133.762,121.98,196.03,98.26,176.79,134.46
2457,606361.350138,56.4,74,-147.486,16.779,72.447,130.914,132.233,122.26,196.23,97.84,176.91,132.94
2458,606361.358483,55.933,73,-147.961,16.396,73.326,130.902,133.502,121.66,195.75,98.99,176.91,134.2
2459,606361.361557,56.881,72,-147.588,16.424,71.789,131.39,132.442,122.14,195.77,96.93,177.65,133.13
2460,606361.365592,55.85,73,-147.863,16.503,73.575,131.064,133.389,121.77,195.88,99.31,177.25,134.1
2461,606361.37059,57.073,75,-147.548,16.513,71.344,131.249,133.092,122.19,195.9,96.31,177.5,133.77
2462,606361.374594,55.869,74,-147.53,16.928,73.506,131.005,133.012,122.19,196.43,99.25,177.05,133.72
2463,606361.378378,57.112,73,-147.182,16.773,71.415,131.521,133.39,122.67,196.25,96.41,177.89,134.06
2464,606361.386278,55.869,72,-146.715,17.583,73.573,131.125,132.953,123.29,197.32,99.35,177.25,133.66
2465,606361.389196,56.573,74,-146.833,17.34,72.194,131.052,134.142,123.19,197.06,97.49,177.07,134.82
2466,606361.402154,56.341,73,-145.158,18.482,72.605,130.998,132.527,125.42,198.58,98.07,177.13,133.21
2467,606361.409587,55.826,74,-145.464,18.648,73.497,130.845,134.2,124.96,198.76,99.28,176.75,134.89
2468,606361.413943,56.68,72,-144.91,19.046,72.169,131.382,132.74,125.76,199.35,97.48,177.67,133.41
2469,606361.417181,55.504,75,-144.923,19.145,74.164,130.949,133.824,125.71,199.46,100.12,177.23,134.51
2470,606361.423284,56.788,73,-144.573,19.162,72.009,131.466,133.138,126.2,199.52,97.26,177.81,133.78
2471,606361.425261,55.079,78,-144.689,19.316,74.786,130.642,133.739,126.12,199.8,101.03,176.42,134.37
2472,606361.434313,56.645,74,-145.01,19.059,72.235,131.379,133.835,125.62,199.38,97.54,177.69,134.5
2473,606361.437774,55.18,73,-144.928,19.199,74.778,130.958,133.02,125.65,199.48,101.02,176.94,133.73
2474,606361.44167,56.01,75,-145.292,18.517,73.127,130.804,134.158,125.24,198.63,98.78,176.71,134.85
2475,606361.447001,55.112,77,-145.12,18.624,74.676,130.559,132.709,125.46,198.75,100.84,176.66,133.41
2476,606361.449478,55.611,76,-145.987,18.126,73.849,130.752,134.354,124.3,198.1,99.7,176.85,135.03
2477,606361.453685,55.595,75,-145.747,18.131,73.819,130.643,132.173,124.62,198.08,99.77,176.31,132.88
2478,606361.46191,55.098,74,-146.414,17.506,74.768,130.675,133.999,123.74,197.24,101.0,176.47,134.72
2479,606361.46537,56.019,73,-146.219,17.308,73.226,131.012,132.268,123.98,196.97,98.93,176.98,132.95
2480,606361.470747,54.977,73,-146.912,17.015,75.111,130.876,133.736,123.03,196.54,101.41,176.92,134.44
2481,606361.473906,56.584,71,-146.899,16.925,72.38,131.429,132.446,123.07,196.46,97.73,177.73,133.13
2482,606361.47762,54.809,74,-147.186,16.764,75.451,130.923,132.931,122.69,196.22,101.94,176.67,133.67
2483,606361.490561,54.962,73,-147.292,16.754,75.174,130.937,132.566,122.52,196.19,101.51,176.96,133.3
2484,606361.495382,56.444,71,-147.608,16.469,72.545,131.243,133.273,122.11,195.83,97.92,177.5,133.96
2485,606361.499053,55.348,73,-147.238,17.129,74.497,131.019,132.089,122.62,196.72,100.58,177.17,132.81
2486,606361.50137,56.231,74,-147.302,16.819,72.84,131.043,133.252,122.52,196.31,98.33,177.23,133.95
2487,606361.510269,55.467,76,-146.796,17.591,73.999,130.535,131.866,123.24,197.37,99.94,176.43,132.59
2488,606361.513985,55.696,77,-147.05,17.401,73.612,130.613,133.447,122.9,197.14,99.39,176.51,134.13
2489,606361.517365,56.331,70,-146.33,18.162,72.696,131.125,131.574,123.84,198.13,98.17,177.33,132.26
2490,606361.523048,55.563,73,-146.402,18.176,74.064,130.971,133.02,123.73,198.14,100.04,176.92,133.72
2491,606361.525716,56.789,72,-145.552,18.523,72.003,131.46,131.852,124.88,198.63,97.24,177.82,132.52
2492,606361.533898,55.639,72,-145.643,18.997,74.12,131.325,133.004,124.76,199.25,100.12,177.45,133.67
2493,606361.538293,56.828,73,-145.198,19.166,71.923,131.452,132.348,125.39,199.55,97.14,177.66,132.98
2494,606361.541665,55.52,74,-145.051,19.618,74.18,131.034,132.549,125.53,200.08,100.18,177.2,133.23
2495,606361.545624,56.809,73,-144.783,19.557,71.868,131.281,132.699,125.98,200.13,97.08,177.29,133.28
2496,606361.55085,55.635,71,-144.555,19.922,74.2,131.451,132.574,126.2,200.52,100.22,177.7,133.24
2497,606361.553321,56.758,71,-144.867,19.734,72.128,131.578,133.299,125.81,200.29,97.41,177.95,133.97
2498,606361.561772,55.67,74,-144.504,20.1,73.863,130.97,131.901,126.29,200.76,99.75,177.23,132.58
2499,606361.566645,56.296,75,-144.829,19.593,72.707,131.027,133.387,125.87,200.1,98.23,176.98,134.06
2500,606361.574564,55.938,75,-145.268,19.365,73.288,130.851,133.612,125.27,199.78,99.0,176.79,134.3
2501,606361.579616,56.489,74,-145.053,19.359,72.337,131.021,131.597,125.55,199.76,97.7,177.25,132.27
2502,606361.586062,55.874,71,-145.559,18.904,73.698,131.365,133.096,124.84,199.11,99.52,177.62,133.79
2503,606361.59017,56.765,73,-145.465,18.618,71.967,131.309,131.857,124.99,198.75,97.2,177.62,132.53
2504,606361.593427,55.799,72,-146.197,18.302,73.813,131.315,133.205,124.04,198.33,99.72,177.29,133.88
2505,606361.599097,57.082,75,-146.424,18.084,71.326,131.25,132.362,123.64,197.99,96.33,177.31,133.05
2506,606361.601607,55.518,75,-146.794,17.787,74.111,130.903,132.707,123.21,197.62,100.05,177.06,133.42
2507,606361.606588,57.193,74,-147.138,17.234,71.152,131.323,133.203,122.63,196.82,96.05,177.32,133.94
2508,606361.614168,55.793,72,-147.247,17.385,73.781,131.24,132.498,122.6,197.07,99.61,177.49,133.21
2509,606361.617665,57.055,72,-147.498,16.85,71.453,131.387,133.391,122.21,196.31,96.5,177.45,134.07
2510,606361.621401,56.053,72,-147.374,17.113,73.246,131.166,132.454,122.43,196.71,98.89,177.37,133.16
2511,606361.627099,56.881,73,-147.695,16.639,71.655,131.146,133.57,121.97,196.04,96.74,177.25,134.24
2512,606361.630033,56.126,76,-147.26,16.996,72.837,130.679,132.375,122.61,196.56,98.36,176.62,133.09
2513,606361.637985,56.503,75,-147.712,16.689,72.191,130.805,133.862,121.98,196.16,97.45,176.82,134.54
2514,606361.641756,56.587,75,-147.052,17.217,72.04,130.821,132.189,122.86,196.85,97.27,176.91,132.88
2515,606361.645664,56.194,73,-147.234,17.061,72.842,130.92,133.759,122.61,196.64,98.32,177.09,134.45
2516,606361.662831,57.0,75,-145.92,17.917,71.391,131.08,132.865,124.4,197.82,96.42,177.22,133.54
2517,606361.666265,56.025,76,-145.88,18.34,73.132,130.864,133.669,124.45,198.39,98.74,176.97,134.35
2518,606361.66927,57.161,76,-145.229,18.468,71.152,131.209,133.235,125.27,198.53,96.09,177.44,133.87
2519,606361.674917,55.707,73,-145.128,18.894,73.871,131.109,133.673,125.46,199.14,99.75,177.34,134.36
2520,606361.677761,57.157,73,-145.155,18.646,71.33,131.523,134.073,125.4,198.82,96.27,178.12,134.72
2521,606361.681941,55.788,71,-144.802,19.131,73.842,131.331,133.183,125.88,199.45,99.75,177.51,133.86
2522,606361.689829,56.738,72,-144.911,18.904,72.015,131.302,134.267,125.72,199.15,97.22,177.73,134.91
2523,606361.693488,55.503,75,-144.38,19.131,74.013,130.683,133.193,126.45,199.44,99.99,176.65,133.86
2524,606361.698429,56.216,76,-145.085,18.958,72.746,130.823,134.741,125.47,199.19,98.21,177.0,135.39
2525,606361.702156,55.812,76,-144.761,19.201,73.478,130.763,132.956,125.93,199.54,99.22,176.97,133.63
2526,606361.705364,55.777,77,-145.18,18.718,73.492,130.672,134.569,125.36,198.89,99.2,176.88,135.24
2527,606361.71397,55.77,75,-144.946,18.792,73.517,130.693,133.029,125.73,199.03,99.31,176.64,133.71
2528,606361.7178,55.499,73,-145.664,18.401,74.18,130.962,134.702,124.73,198.47,100.19,176.89,135.4
2529,606361.721878,56.311,72,-145.707,18.381,72.774,131.199,132.909,124.67,198.43,98.31,177.27,133.6
2530,606361.726207,55.298,71,-146.093,18.032,74.685,131.187,134.043,124.14,197.95,100.81,177.51,134.74
2531,606361.729177,56.31,73,-146.045,17.678,72.725,131.109,133.104,124.21,197.48,98.19,177.36,133.78
2532,606361.738279,55.043,74,-146.655,17.516,75.01,130.916,134.167,123.42,197.27,101.26,177.02,134.89
2533,606361.749568,56.422,72,-147.487,16.874,72.612,131.288,133.862,122.27,196.38,98.01,177.59,134.55
2534,606361.753834,54.887,72,-147.488,17.039,75.399,131.086,133.306,122.26,196.57,101.79,177.19,134.04
2535,606361.75802,56.163,74,-147.91,16.873,72.967,131.041,134.214,121.68,196.35,98.49,177.14,134.9
2536,606361.76654,54.991,74,-147.642,17.337,75.064,130.841,132.755,122.11,197.02,101.39,176.61,133.48
2537,606361.76976,55.665,77,-147.76,16.899,73.705,130.675,134.161,121.9,196.41,99.46,176.76,134.87
2538,606361.773882,55.194,76,-147.304,17.606,74.589,130.675,132.512,122.53,197.37,100.69,176.73,133.24
2539,606361.779226,55.431,75,-147.599,17.34,74.259,130.878,134.222,122.14,197.03,100.23,176.94,134.93
2540,606361.781432,55.729,74,-146.968,18.101,73.682,130.848,132.242,122.98,198.05,99.52,176.72,132.95
2541,606361.79024,55.308,76,-147.036,18.033,74.403,130.725,133.716,122.89,197.91,100.57,176.45,134.42
2542,606361.793628,55.838,74,-146.045,18.469,73.55,130.982,132.268,124.24,198.57,99.34,177.06,132.96
2543,606361.797541,55.14,73,-146.305,18.574,74.838,130.935,133.944,123.91,198.73,101.07,176.91,134.65
2544,606361.802201,56.295,72,-145.665,19.083,72.788,131.171,132.33,124.7,199.37,98.33,177.14,132.97
2545,606361.80623,55.054,74,-145.517,19.113,75.067,131.051,133.381,124.91,199.39,101.36,177.23,134.07
2546,606361.809933,56.415,75,-145.034,19.269,72.644,131.324,132.608,125.57,199.64,98.09,177.7,133.28
2547,606361.817896,54.817,76,-145.037,19.439,75.416,130.887,133.469,125.55,199.84,101.83,177.04,134.16
2548,606361.821237,56.655,72,-144.996,19.444,72.387,131.692,133.16,125.62,199.88,97.78,177.99,133.8
2549,606361.834899,55.035,70,-144.578,19.248,75.176,131.181,132.64,126.17,199.57,101.54,177.42,133.32
2550,606361.841522,56.106,73,-145.186,18.866,73.15,131.174,133.815,125.34,199.06,98.78,177.41,134.47
2551,606361.846332,55.224,76,-144.849,18.927,74.517,130.645,132.016,125.88,199.21,100.69,176.53,132.72
2552,606361.849879,55.789,75,-145.365,18.486,73.542,130.803,133.71,125.07,198.52,99.33,176.79,134.39
2553,606361.855237,55.232,77,-145.067,18.335,74.427,130.514,132.087,125.53,198.36,100.52,176.57,132.79
2554,606361.857723,55.553,77,-145.967,17.904,73.853,130.565,133.942,124.31,197.78,99.69,176.68,134.63
2555,606361.866863,55.768,75,-145.847,17.972,73.546,130.737,131.72,124.49,197.87,99.37,176.6,132.42
2556,606361.869722,55.432,73,-146.53,17.337,74.252,130.867,133.591,123.58,197.03,100.26,176.93,134.29
2557,606361.873935,56.134,72,-146.313,17.269,72.961,130.93,131.826,123.86,196.92,98.54,177.06,132.52
2558,606361.87972,55.45,71,-147.039,16.974,74.318,131.046,133.559,122.91,196.51,100.43,176.82,134.24
2559,606361.881401,56.597,72,-147.005,16.998,72.317,131.361,132.025,122.9,196.53,97.68,177.5,132.72
2560,606361.886698,55.386,73,-147.438,16.812,74.375,130.931,133.13,122.32,196.26,100.47,176.74,133.85
2561,606361.894738,56.796,71,-147.358,16.752,71.894,131.286,132.377,122.44,196.22,97.07,177.52,133.06
2562,606361.897138,55.408,74,-147.647,16.896,74.33,130.926,133.07,122.02,196.36,100.38,176.84,133.78
2563,606361.903217,56.746,71,-147.76,16.874,71.807,130.951,132.78,121.9,196.38,96.96,176.88,133.51
2564,606361.906561,55.523,74,-147.673,17.256,74.163,131.013,132.785,122.06,196.91,100.13,177.07,133.51
2565,606361.91024,57.009,72,-147.51,17.132,71.593,131.481,132.896,122.24,196.74,96.64,177.82,133.58
2566,606361.926264,55.64,73,-146.781,18.498,73.986,131.089,132.273,123.2,198.56,99.91,177.18,132.99
2567,606361.929473,56.653,73,-146.777,18.266,72.198,131.336,133.679,123.2,198.25,97.47,177.55,134.34
2568,606361.933825,55.845,73,-146.061,19.0,73.66,131.199,132.399,124.2,199.27,99.45,177.48,133.09
2569,606361.943453,56.284,77,-146.298,19.013,72.669,130.917,133.901,123.87,199.28,98.17,176.72,134.58
2570,606361.946027,55.972,76,-145.619,19.668,73.218,130.841,132.325,124.81,200.19,98.92,176.72,133.01
2571,606361.949493,56.053,77,-145.669,19.479,73.079,130.867,133.817,124.69,199.89,98.71,176.78,134.5
2572,606361.954233,56.044,75,-144.902,19.906,73.166,130.992,132.42,125.77,200.52,98.82,177.14,133.09
2573,606361.95761,55.843,73,-145.263,19.665,73.676,131.22,134.213,125.26,200.17,99.49,177.36,134.87
2574,606361.961886,56.527,73,-144.694,20.055,72.391,131.251,132.536,126.02,200.7,97.75,177.61,133.2
2575,606361.969681,55.763,73,-144.921,19.735,73.792,131.156,133.811,125.74,200.29,99.64,177.41,134.48
2576,606361.973747,56.4,73,-144.354,19.763,72.625,131.236,132.567,126.48,200.31,98.08,177.6,133.23
2577,606361.977451,55.443,74,-144.895,19.378,74.321,131.025,134.294,125.7,199.73,100.37,177.13,134.96
2578,606361.983237,56.858,73,-145.038,19.3,71.893,131.498,132.991,125.56,199.68,97.07,177.95,133.65
2579,606361.985434,55.394,74,-145.202,18.834,74.43,131.055,133.684,125.35,199.03,100.53,177.15,134.37
2580,606361.994034,56.617,75,-145.155,18.568,72.021,130.891,133.178,125.41,198.68,97.3,176.91,133.84
2581,606361.998005,55.129,75,-145.609,18.141,74.807,130.841,133.939,124.8,198.09,101.03,176.87,134.65
2582,606362.006518,55.104,74,-146.275,17.454,74.919,130.958,133.449,123.88,197.15,101.12,177.14,134.18
2583,606362.011609,56.849,70,-146.663,16.902,71.972,131.613,134.054,123.39,196.45,97.18,177.92,134.71
2584,606362.018633,55.239,71,-146.715,16.853,74.743,131.092,133.251,123.29,196.33,100.93,177.22,133.97
2585,606362.022587,56.6,72,-147.23,16.625,72.346,131.424,134.134,122.55,195.99,97.7,177.48,134.81
2586,606362.025826,55.335,71,-147.129,16.7,74.603,131.165,133.168,122.78,196.16,100.74,177.28,133.87
2587,606362.030727,56.201,73,-147.594,16.314,72.897,131.044,134.304,122.1,195.6,98.45,176.91,134.98
2588,606362.033482,55.227,76,-147.299,16.73,74.498,130.624,132.967,122.55,196.2,100.58,176.58,133.7
2589,606362.03858,56.021,74,-147.696,16.439,73.189,130.952,134.329,121.98,195.79,98.77,177.15,135.03
2590,606362.045733,55.41,76,-147.27,17.109,74.112,130.55,132.805,122.58,196.69,100.09,176.35,133.54
2591,606362.050307,55.822,75,-147.461,16.888,73.527,130.887,134.155,122.32,196.42,99.25,176.95,134.85
2592,606362.053692,55.647,76,-146.841,17.699,73.769,130.727,132.773,123.15,197.49,99.68,176.37,133.48
2593,606362.059396,55.529,75,-147.03,17.579,74.07,130.869,134.183,122.93,197.38,100.01,176.83,134.89
2594,606362.061411,55.995,74,-146.268,18.436,73.219,130.919,132.511,123.89,198.48,98.88,176.98,133.21
2595,606362.069885,55.427,73,-146.279,18.415,74.325,130.979,133.872,123.87,198.44,100.34,177.11,134.56
2596,606362.07414,55.991,74,-145.392,18.849,73.215,130.9,132.511,125.15,199.11,98.92,176.85,133.2
2597,606362.077837,55.104,74,-145.572,19.03,74.874,130.879,134.134,124.89,199.34,101.11,176.91,134.85
2598,606362.086032,55.117,73,-144.82,19.517,75.001,131.142,133.572,125.86,199.97,101.25,177.49,134.26
2599,606362.09577,56.331,74,-144.387,19.703,72.818,131.348,132.655,126.36,200.16,98.42,177.22,133.37
2600,606362.097868,54.794,75,-144.461,19.685,75.515,130.984,133.835,126.34,200.19,101.94,177.31,134.53
2601,606362.102141,56.481,71,-144.672,19.736,72.583,131.44,133.295,126.09,200.31,98.07,177.51,133.94
2602,606362.107699,54.866,74,-144.624,19.635,75.368,130.962,133.218,126.15,200.14,101.78,177.15,133.93
2603,606362.113748,54.797,73,-144.662,19.238,75.594,131.131,133.511,126.08,199.59,102.1,177.27,134.2
2604,606362.122017,56.236,73,-145.253,18.939,73.001,131.35,133.915,125.28,199.21,98.61,177.36,134.62
2605,606362.126122,54.945,70,-145.089,18.893,75.295,131.093,132.735,125.51,199.13,101.71,177.12,133.41
2606,606362.129486,55.953,75,-145.612,18.349,73.287,130.9,133.779,124.76,198.36,98.96,177.02,134.47
2607,606362.13512,54.655,72,-145.584,18.262,75.604,130.691,132.759,124.92,198.36,102.12,176.47,133.43
2608,606362.137278,56.019,73,-146.48,17.788,73.291,131.131,134.136,123.59,197.6,98.95,177.31,134.83
2609,606362.146314,54.935,74,-146.484,17.825,75.198,130.894,132.294,123.63,197.66,101.53,177.06,133.01
2610,606362.14958,55.692,75,-146.956,17.229,73.753,130.849,133.99,122.96,196.84,99.56,176.91,134.7
2611,606362.153932,54.917,78,-146.802,17.272,74.934,130.373,132.157,123.21,196.91,101.18,176.32,132.89
2612,606362.159003,55.614,75,-147.52,16.924,73.87,130.798,133.902,122.21,196.42,99.72,176.83,134.6
2613,606362.161358,55.242,78,-147.311,17.087,74.319,130.36,131.764,122.55,196.69,100.37,176.16,132.49
2614,606362.178702,55.416,77,-147.738,16.795,74.027,130.417,133.504,121.96,196.29,99.93,176.28,134.23
2615,606362.181193,56.146,73,-147.235,17.216,73.012,131.062,131.635,122.65,196.87,98.62,177.08,132.33
2616,606362.186205,55.519,73,-147.374,17.023,74.1,130.889,133.227,122.43,196.57,100.09,176.62,133.92
2617,606362.18967,56.395,70,-146.715,17.365,72.591,131.156,131.843,123.34,197.07,98.05,177.24,132.55
2618,606362.198283,55.583,73,-146.873,17.479,74.008,130.938,133.219,123.13,197.22,99.93,177.0,133.94
2619,606362.201163,56.906,70,-146.29,17.808,71.883,131.651,131.974,123.89,197.64,97.12,177.79,132.64
2620,606362.207091,55.642,72,-146.239,18.041,74.042,131.196,132.91,123.97,197.99,99.98,177.37,133.6
2621,606362.210169,56.885,74,-145.508,18.129,71.753,131.34,132.17,124.91,198.08,96.9,177.6,132.86
2622,606362.21472,55.679,72,-145.583,18.468,73.969,131.191,133.083,124.86,198.56,99.89,177.41,133.78
2623,606362.223245,57.103,74,-145.284,18.645,71.443,131.539,132.547,125.28,198.84,96.51,177.77,133.2
2624,606362.225845,55.633,76,-145.254,18.819,73.906,130.926,132.881,125.22,198.98,99.89,176.56,133.62
2625,606362.229675,57.004,73,-144.83,18.916,71.538,131.365,132.475,125.85,199.15,96.66,177.53,133.13
2626,606362.234785,55.424,73,-144.89,19.113,74.178,130.712,133.12,125.82,199.49,100.2,176.6,133.76
2627,606362.238004,57.153,74,-145.219,19.05,71.331,131.509,133.159,125.3,199.33,96.36,177.66,133.84
2628,606362.246634,55.76,73,-145.096,19.109,73.871,131.288,132.789,125.49,199.41,99.79,177.42,133.49
2629,606362.250218,57.047,72,-145.334,18.911,71.476,131.403,133.29,125.18,199.18,96.53,177.7,133.93
2630,606362.262843,55.647,68,-145.936,18.66,73.923,131.003,132.863,124.32,198.77,99.82,177.05,133.57
2631,606362.266139,56.771,73,-146.429,18.078,71.88,131.171,133.86,123.72,198.04,97.1,177.09,134.52
2632,606362.274527,55.628,72,-146.341,18.07,73.986,131.05,132.947,123.78,197.96,99.88,177.28,133.64
2633,606362.278217,56.533,73,-147.079,17.62,72.285,131.08,134.131,122.86,197.44,97.6,177.09,134.81
2634,606362.281519,55.762,75,-146.969,17.614,73.62,130.85,132.617,122.97,197.38,99.39,176.98,133.32
2635,606362.286961,56.33,73,-147.485,17.218,72.661,131.059,134.227,122.25,196.82,98.13,176.95,134.92
2636,606362.289582,55.673,77,-147.06,17.312,73.658,130.618,132.705,122.85,196.97,99.44,176.66,133.41
2637,606362.297979,56.262,74,-147.597,17.061,72.764,131.011,134.378,122.11,196.64,98.24,177.01,135.07
2638,606362.301831,55.667,76,-147.191,17.321,73.617,130.528,132.802,122.72,197.03,99.43,176.32,133.51
2639,606362.306031,56.043,77,-147.513,16.99,73.021,130.729,134.31,122.23,196.54,98.54,176.85,135.0
2640,606362.310062,55.76,77,-146.897,17.316,73.482,130.595,132.946,123.07,196.98,99.2,176.64,133.65
2641,606362.313895,55.844,76,-147.32,17.099,73.395,130.725,134.588,122.51,196.71,99.06,176.76,135.28
2642,606362.317796,55.997,75,-146.602,17.597,73.066,130.653,132.566,123.44,197.34,98.67,176.61,133.27
2643,606362.325963,55.526,76,-146.825,17.257,73.971,130.682,134.446,123.18,196.92,99.9,176.48,135.15
2644,606362.329119,56.035,73,-145.947,17.651,73.002,130.669,132.65,124.37,197.46,98.66,176.38,133.34
2645,606362.343335,55.421,73,-145.825,17.842,74.256,130.836,134.282,124.47,197.67,100.25,176.95,134.98
2646,606362.349669,56.135,74,-145.157,18.112,72.967,130.944,132.829,125.4,198.06,98.58,176.95,133.52
2647,606362.353637,55.205,74,-145.34,18.1,74.661,130.837,134.371,125.13,198.02,100.81,176.96,135.07
2648,606362.357601,56.294,73,-145.086,18.378,72.722,131.045,133.103,125.52,198.45,98.22,177.19,133.78
2649,606362.362411,55.077,76,-145.056,18.389,74.815,130.685,133.944,125.51,198.41,101.02,176.77,134.64
2650,606362.365689,56.139,75,-144.62,18.507,72.962,130.948,133.092,126.1,198.58,98.55,177.1,133.77
2651,606362.374327,54.814,77,-144.91,18.403,75.261,130.607,134.26,125.75,198.47,101.67,176.46,134.96
2652,606362.378137,56.296,74,-144.916,18.691,72.715,131.042,133.431,125.72,198.85,98.23,177.12,134.11
2653,606362.381628,54.771,77,-144.943,18.445,75.429,130.763,133.737,125.67,198.49,101.86,176.87,134.44
2654,606362.386789,56.253,74,-144.976,18.485,72.888,131.205,133.423,125.65,198.59,98.42,177.5,134.07
2655,606362.389412,54.462,77,-145.196,18.381,75.922,130.621,133.995,125.37,198.44,102.51,176.68,134.7
2656,606362.393841,56.238,70,-145.698,18.4,72.896,131.171,133.66,124.72,198.5,98.49,177.06,134.31
2657,606362.402119,54.584,74,-145.836,18.216,75.877,130.933,133.42,124.49,198.17,102.5,176.87,134.15
2658,606362.405567,56.023,75,-146.085,17.87,73.265,131.096,133.711,124.19,197.8,98.91,177.11,134.35
2659,606362.410824,54.424,74,-146.279,17.989,76.17,130.925,133.414,123.9,197.88,102.82,177.14,134.14
2660,606362.414239,56.118,73,-146.975,17.674,73.287,131.461,133.968,122.93,197.45,98.93,177.74,134.66
2661,606362.430052,54.599,72,-147.354,17.528,76.049,131.278,132.995,122.49,197.28,102.67,177.44,133.72
2662,606362.433363,56.058,72,-147.971,17.357,73.418,131.491,133.84,121.62,197.04,99.07,177.86,134.54
2663,606362.438194,54.611,73,-147.661,17.783,75.744,130.79,132.465,122.12,197.7,102.31,176.34,133.14
2664,606362.442515,55.938,73,-147.93,17.321,73.505,131.236,133.708,121.71,197.01,99.22,177.37,134.43
2665,606362.44991,54.935,70,-147.626,17.759,75.5,131.419,132.503,122.16,197.62,101.96,177.46,133.24
2666,606362.453763,55.915,72,-147.944,17.539,73.573,131.281,133.776,121.64,197.26,99.3,177.45,134.47
2667,606362.457135,55.011,74,-147.414,18.021,75.057,130.893,132.042,122.41,197.95,101.35,176.9,132.77
2668,606362.462431,55.703,77,-147.496,17.786,73.737,130.86,133.536,122.26,197.64,99.53,176.78,134.2
2669,606362.465257,54.979,75,-146.717,18.347,75.027,130.737,132.266,123.32,198.37,101.33,176.63,132.97
2670,606362.473632,55.573,77,-146.956,18.216,73.867,130.658,133.706,122.99,198.2,99.69,176.76,134.41
2671,606362.47787,55.124,78,-146.257,18.816,74.65,130.554,131.969,123.88,198.97,100.81,176.39,132.73
2672,606362.481991,55.748,75,-146.213,18.558,73.69,130.925,133.543,124.01,198.69,99.49,177.05,134.24
2673,606362.48561,55.143,75,-145.356,19.012,74.746,130.782,132.22,125.17,199.3,100.95,176.84,132.94
2674,606362.491277,55.682,76,-145.703,18.788,73.776,130.859,133.985,124.69,199.0,99.6,176.99,134.66
2675,606362.493836,55.6,76,-145.006,19.374,73.887,130.782,131.815,125.66,199.81,99.83,176.74,132.51
2676,606362.503039,55.558,77,-145.151,18.948,73.939,130.731,133.612,125.43,199.22,99.84,176.83,134.29
2677,606362.514892,55.831,74,-144.735,19.028,73.46,130.797,131.954,125.97,199.31,99.22,176.98,132.64
2678,606362.519058,55.581,76,-145.149,18.547,73.853,130.658,133.626,125.43,198.67,99.73,176.73,134.32
2679,606362.526429,55.951,73,-144.854,18.502,73.299,130.916,132.021,125.85,198.61,99.07,176.77,132.72
2680,606362.530477,55.692,73,-145.491,18.095,73.806,130.945,133.836,124.95,198.03,99.69,176.96,134.5
2681,606362.533783,56.136,73,-145.501,18.174,72.924,130.871,131.979,124.97,198.17,98.51,176.92,132.66
2682,606362.538922,55.676,71,-145.941,17.727,73.879,131.021,133.585,124.3,197.49,99.79,177.02,134.27
2683,606362.541876,56.261,71,-145.888,17.659,72.747,130.978,132.067,124.46,197.47,98.31,176.82,132.75
2684,606362.546087,55.669,73,-146.556,17.322,73.842,130.931,133.76,123.54,197.01,99.7,177.02,134.47
2685,606362.554396,56.432,73,-146.557,17.48,72.474,131.075,132.025,123.5,197.18,97.89,177.13,132.72
2686,606362.557564,55.707,71,-146.983,17.2,73.944,131.24,133.609,122.95,196.82,99.81,177.53,134.31
2687,606362.561507,56.482,73,-146.84,17.216,72.396,131.104,132.309,123.16,196.87,97.74,177.25,132.97
2688,606362.565987,55.682,72,-147.324,17.158,73.942,131.151,133.73,122.49,196.76,99.85,177.16,134.41
2689,606362.569261,56.57,73,-147.16,17.418,72.26,131.162,132.297,122.76,197.16,97.59,177.18,132.98
2690,606362.578076,55.614,73,-147.464,17.28,73.953,130.945,133.576,122.31,196.92,99.92,176.62,134.29
2691,606362.581635,56.64,72,-147.083,17.494,72.23,131.35,132.384,122.85,197.24,97.6,177.26,133.07
2692,606362.585195,55.523,75,-147.375,17.522,74.147,130.984,133.863,122.39,197.24,100.14,176.71,134.57
2693,606362.602638,56.813,74,-146.755,18.12,71.942,131.429,132.859,123.27,198.08,97.19,177.38,133.54
2694,606362.605503,55.702,71,-146.757,18.412,74.168,131.622,133.913,123.23,198.44,100.12,177.95,134.59
2695,606362.609376,56.877,73,-146.73,18.636,71.905,131.589,133.063,123.26,198.76,97.08,177.9,133.74
2696,606362.614417,55.615,73,-146.623,18.759,74.187,131.363,133.725,123.44,198.94,100.12,177.74,134.42
2697,606362.617969,56.738,73,-146.185,18.812,72.061,131.385,133.178,124.05,199.03,97.33,177.6,133.81
2698,606362.622138,55.365,73,-146.181,18.959,74.622,131.297,133.939,124.03,199.21,100.71,177.68,134.64
2699,606362.630065,56.872,72,-146.15,19.0,72.006,131.756,133.508,124.09,199.29,97.22,178.16,134.18
2700,606362.63345,55.369,74,-146.064,18.926,74.546,131.177,133.723,124.17,199.14,100.64,177.39,134.41
2701,606362.63769,56.745,70,-145.774,18.897,72.17,131.608,133.563,124.52,199.08,97.48,177.84,134.22
2702,606362.642219,55.198,74,-145.809,18.746,74.864,131.171,134.016,124.51,198.89,101.07,177.4,134.7
2703,606362.646359,56.715,73,-146.022,18.683,72.146,131.459,133.929,124.26,198.86,97.4,177.79,134.6
2704,606362.654531,55.093,74,-145.917,18.447,74.882,130.856,133.714,124.33,198.48,101.08,176.91,134.46
2705,606362.657698,56.671,73,-145.781,18.249,72.295,131.579,133.718,124.57,198.27,97.64,177.75,134.38
2706,606362.662059,54.906,75,-145.883,18.004,75.245,130.879,134.079,124.43,197.91,101.57,177.11,134.78
2707,606362.666482,56.655,74,-146.175,17.937,72.245,131.432,134.101,124.0,197.81,97.54,177.73,134.77
2708,606362.669346,55.023,73,-146.06,17.734,75.152,131.1,133.636,124.17,197.52,101.47,177.27,134.35
2709,606362.678177,56.491,74,-146.145,17.415,72.487,131.302,133.99,124.09,197.14,97.87,177.55,134.65
2710,606362.690535,54.721,77,-146.399,17.11,75.449,130.635,133.554,123.78,196.74,101.89,176.52,134.28
2711,606362.6935,56.409,73,-146.68,16.89,72.668,131.345,134.047,123.35,196.4,98.09,177.7,134.72
2712,606362.697432,54.857,70,-146.432,17.071,75.55,131.25,133.583,123.66,196.62,102.01,177.44,134.31
2713,606362.706619,56.203,73,-146.896,16.883,72.998,131.232,134.259,123.06,196.39,98.52,177.56,134.94
2714,606362.70968,54.927,72,-146.63,17.146,75.385,131.19,133.272,123.48,196.79,101.81,177.22,134.0
2715,606362.713775,56.178,72,-146.684,17.053,73.097,131.322,134.068,123.34,196.62,98.66,177.68,134.75
2716,606362.718338,54.849,70,-146.326,17.415,75.629,131.361,133.395,123.84,197.11,102.09,177.72,134.11
2717,606362.721368,56.105,73,-146.647,17.472,73.226,131.306,134.14,123.39,197.19,98.83,177.67,134.82
2718,606362.7301,54.886,70,-146.255,17.913,75.473,131.211,133.124,123.94,197.79,101.94,177.26,133.84
2719,606362.734214,56.09,73,-146.224,17.915,73.244,131.289,133.875,123.99,197.81,98.89,177.54,134.57
2720,606362.737477,54.73,71,-145.84,18.335,75.85,131.359,133.3,124.52,198.38,102.48,177.34,134.03
2721,606362.742696,56.164,70,-146.137,18.333,73.349,131.729,134.088,124.08,198.36,99.0,178.26,134.76
2722,606362.746079,54.68,76,-145.687,18.769,75.672,130.889,132.821,124.7,198.95,102.16,177.1,133.54
2723,606362.753982,55.997,73,-145.838,18.72,73.435,131.314,133.834,124.51,198.91,99.14,177.59,134.53
2724,606362.758574,54.526,73,-145.437,19.082,76.071,131.08,132.98,125.09,199.41,102.75,177.15,133.7
2725,606362.761415,55.79,75,-145.966,18.876,73.721,131.122,134.111,124.32,199.11,99.53,177.27,134.82
2726,606362.775101,54.788,71,-145.555,19.271,75.729,131.336,132.526,124.94,199.67,102.29,177.46,133.24
2727,606362.781927,55.932,73,-146.185,19.067,73.587,131.362,133.872,124.0,199.33,99.34,177.64,134.55
2728,606362.786594,54.978,75,-145.884,19.3,75.228,131.084,132.198,124.44,199.67,101.57,177.34,132.91
2729,606362.789327,55.801,73,-146.178,18.892,73.66,131.052,133.608,124.03,199.12,99.47,177.09,134.32
2730,606362.794901,54.878,73,-145.889,19.013,75.474,131.187,132.426,124.43,199.28,101.9,177.48,133.14
2731,606362.798594,55.887,73,-146.461,18.624,73.562,131.166,133.905,123.61,198.71,99.33,177.26,134.59
2732,606362.807308,55.161,72,-146.297,18.749,74.935,131.171,132.262,123.93,198.94,101.24,177.09,132.97
2733,606362.809648,55.915,75,-146.609,18.345,73.352,130.886,133.511,123.48,198.4,99.03,176.97,134.21
2734,606362.814586,55.094,73,-146.352,18.382,75.04,131.134,132.431,123.79,198.4,101.33,177.28,133.14
2735,606362.818733,56.046,75,-146.989,18.008,73.123,130.921,133.829,122.94,197.92,98.73,176.91,134.52
2736,606362.821666,55.351,75,-146.754,18.099,74.407,130.873,132.193,123.27,198.04,100.46,177.01,132.91
2737,606362.826284,56.02,76,-147.106,17.642,73.076,130.748,133.666,122.81,197.45,98.65,176.76,134.35
2738,606362.834296,55.387,74,-146.806,17.762,74.376,130.935,132.405,123.18,197.56,100.43,176.99,133.11
2739,606362.837605,56.205,76,-147.353,17.412,72.717,130.731,133.888,122.45,197.11,98.14,176.84,134.58
2740,606362.84242,55.538,74,-147.034,17.63,74.011,130.793,132.352,122.79,197.35,100.01,176.16,133.18
2741,606362.845899,56.455,73,-147.302,17.265,72.474,131.152,133.81,122.49,196.89,97.84,177.27,134.5
2742,606362.862941,55.651,76,-146.806,17.625,73.713,130.645,132.527,123.22,197.42,99.54,176.59,133.23
2743,606362.865576,56.431,75,-146.984,17.416,72.363,130.869,133.997,122.94,197.12,97.71,176.84,134.66
2744,606362.870801,55.617,75,-146.324,17.801,73.84,130.755,132.905,123.84,197.64,99.69,176.88,133.61
2745,606362.873602,56.406,76,-146.621,17.726,72.355,130.771,134.272,123.42,197.54,97.66,176.94,134.95
2746,606362.882598,55.792,75,-146.082,18.167,73.551,130.827,132.935,124.16,198.14,99.3,176.99,133.63
2747,606362.886341,56.504,74,-146.141,18.074,72.277,130.967,134.337,124.07,198.01,97.6,177.02,135.02
2748,606362.889087,55.521,77,-145.438,18.448,73.923,130.581,133.213,125.05,198.53,99.83,176.59,133.91
2749,606362.894686,56.296,77,-145.839,18.275,72.533,130.713,134.731,124.49,198.31,97.91,176.82,135.4
2750,606362.897784,55.73,77,-145.334,18.704,73.581,130.672,133.155,125.16,198.87,99.35,176.82,133.84
2751,606362.902654,56.234,76,-145.583,18.36,72.69,130.785,134.739,124.83,198.42,98.13,176.92,135.4
2752,606362.910106,55.509,77,-144.989,18.597,73.926,130.547,133.43,125.62,198.72,99.84,176.5,134.14
2753,606362.913253,56.132,77,-145.581,18.374,72.867,130.754,135.0,124.84,198.44,98.37,176.87,135.67
2754,606362.919288,55.548,76,-145.271,18.63,73.939,130.701,133.519,125.27,198.79,99.84,176.77,134.2
2755,606362.922671,56.059,77,-145.578,18.22,72.96,130.673,134.836,124.85,198.23,98.5,176.77,135.51
2756,606362.925765,55.25,76,-145.18,18.373,74.42,130.564,133.73,125.41,198.45,100.51,176.5,134.42
2757,606362.933693,55.999,75,-145.769,18.039,73.183,130.869,135.197,124.54,197.94,98.79,177.03,135.86
2758,606362.942444,55.85,77,-145.908,17.896,73.316,130.603,134.995,124.32,197.74,98.98,176.44,135.73
2759,606362.947048,54.965,77,-145.523,18.034,74.941,130.542,133.734,124.91,197.95,101.17,176.66,134.44
2760,606362.949615,55.591,77,-146.172,17.605,73.788,130.578,135.417,124.04,197.39,99.59,176.64,136.11
2761,606362.95947,55.004,78,-145.851,18.045,74.796,130.415,133.567,124.47,197.96,100.97,176.47,134.27
2762,606362.962355,55.626,74,-146.122,17.662,73.877,130.852,135.091,124.09,197.45,99.7,177.1,135.78
2763,606362.9655,54.797,75,-145.694,17.88,75.343,130.695,133.816,124.68,197.74,101.71,176.87,134.52
2764,606362.970318,55.466,76,-146.256,17.611,74.091,130.698,135.446,123.93,197.4,100.0,176.81,136.14
2765,606362.973487,54.826,78,-145.81,18.104,75.121,130.404,133.561,124.54,198.07,101.4,176.4,134.25
2766,606362.982047,55.492,74,-145.996,17.794,74.146,130.877,135.034,124.26,197.62,100.11,176.91,135.7
2767,606362.985574,54.442,77,-145.457,18.146,75.87,130.466,133.721,125.0,198.1,102.42,176.56,134.44
2768,606362.989878,55.284,76,-146.023,17.793,74.455,130.737,135.465,124.22,197.62,100.47,176.97,136.15
2769,606362.993567,54.683,77,-145.526,18.336,75.435,130.489,133.295,124.96,198.4,101.89,176.37,134.01
2770,606362.998852,55.163,77,-145.68,18.11,74.537,130.483,134.848,124.67,198.03,100.62,176.5,135.54
2771,606363.002549,54.371,75,-145.135,18.379,76.126,130.681,133.545,125.43,198.41,102.78,176.86,134.26
2772,606363.009571,55.147,76,-145.654,18.184,74.63,130.591,135.08,124.74,198.18,100.74,176.67,135.76
2773,606363.014378,54.516,76,-145.221,18.644,75.742,130.485,133.072,125.35,198.79,102.33,176.29,133.79
2774,606363.01759,55.129,77,-145.357,18.303,74.618,130.513,134.464,125.15,198.34,100.74,176.54,135.16
2775,606363.035426,54.519,75,-145.087,18.682,75.799,130.59,132.707,125.55,198.87,102.39,176.5,133.43
2776,606363.03886,55.256,75,-145.342,18.34,74.519,130.754,134.175,125.17,198.39,100.61,176.85,134.86
2777,606363.041682,54.174,76,-144.937,18.481,76.334,130.413,132.983,125.68,198.53,103.09,176.38,133.71
2778,606363.046097,55.268,74,-145.552,18.293,74.426,130.633,134.303,124.86,198.3,100.46,176.79,135.0
2779,606363.049418,54.507,76,-145.21,18.693,75.827,130.601,132.532,125.34,198.84,102.39,176.7,133.25
2780,606363.0535,55.4,75,-145.427,18.315,74.32,130.88,133.829,125.04,198.34,100.33,177.12,134.52
2781,606363.062151,54.372,77,-145.211,18.571,76.058,130.567,132.598,125.32,198.66,102.72,176.56,133.32
2782,606363.065944,55.377,76,-145.762,18.3,74.269,130.717,134.012,124.57,198.29,100.27,176.8,134.69
2783,606363.069245,54.604,77,-145.448,18.588,75.651,130.608,132.179,125.06,198.74,102.16,176.57,132.87
2784,606363.074813,55.435,76,-145.82,18.247,74.174,130.739,133.601,124.49,198.22,100.15,176.8,134.3
2785,606363.077515,54.495,75,-145.513,18.476,75.841,130.586,132.269,124.96,198.57,102.43,176.57,133.0
2786,606363.085806,55.488,77,-146.108,18.188,74.016,130.636,133.888,124.12,198.16,99.9,176.77,134.58
2787,606363.09019,54.841,75,-145.75,18.686,75.268,130.709,131.868,124.6,198.82,101.65,176.71,132.59
2788,606363.093807,55.63,75,-146.046,18.18,73.77,130.676,133.446,124.21,198.15,99.63,176.6,134.14
2789,606363.098889,54.783,76,-145.628,18.469,75.353,130.669,132.174,124.8,198.56,101.77,176.68,132.89
2790,606363.101992,55.85,76,-146.165,18.24,73.427,130.802,133.504,124.05,198.23,99.16,176.78,134.21
2791,606363.118711,55.037,74,-145.422,18.623,75.018,130.91,132.242,125.09,198.77,101.37,176.77,132.96
2792,606363.122437,56.249,73,-145.816,18.414,72.832,131.091,133.604,124.51,198.48,98.32,177.38,134.28
2793,606363.126822,55.353,74,-145.353,18.806,74.454,130.96,132.116,125.15,199.0,100.54,177.18,132.82
2794,606363.130232,56.381,73,-145.487,18.539,72.606,131.138,133.305,124.96,198.64,98.07,177.22,133.99
2795,606363.138421,55.356,72,-144.948,18.817,74.479,131.015,132.532,125.67,198.99,100.6,177.15,133.21
2796,606363.141576,56.624,72,-145.42,18.714,72.242,131.317,133.67,125.04,198.88,97.53,177.72,134.33
2797,606363.14638,55.758,70,-145.004,19.049,73.921,131.372,132.389,125.59,199.31,99.84,177.65,133.06
2798,606363.150979,56.691,75,-145.17,18.783,71.974,131.062,133.529,125.32,198.94,97.25,176.9,134.21
2799,606363.153358,55.624,70,-144.827,18.907,74.202,131.419,132.868,125.88,199.16,100.28,177.45,133.54
2800,606363.163231,56.932,72,-145.383,18.709,71.758,131.514,133.766,125.05,198.84,96.92,177.76,134.41
2801,606363.165959,55.89,70,-145.155,18.863,73.757,131.525,132.834,125.36,199.03,99.64,177.72,133.51
2802,606363.169798,57.135,68,-145.351,18.706,71.47,131.703,133.632,125.08,198.82,96.54,177.97,134.28
2803,606363.17432,55.74,70,-145.249,18.667,74.108,131.644,133.145,125.21,198.75,100.12,177.8,133.84
2804,606363.177891,57.033,72,-145.857,18.42,71.515,131.424,133.919,124.37,198.42,96.58,177.5,134.61
2805,606363.185671,55.847,70,-145.661,18.435,73.836,131.522,133.012,124.71,198.47,99.71,177.84,133.68
2806,606363.190004,57.102,72,-146.018,18.286,71.5,131.639,133.886,124.23,198.31,96.51,178.14,134.54
2807,606363.198351,57.041,73,-146.28,18.175,71.549,131.513,134.011,123.88,198.16,96.59,177.78,134.64
2808,606363.203636,55.47,65,-146.018,18.544,74.075,130.68,133.124,124.31,198.74,100.03,176.48,133.77
2809,606363.205367,57.094,73,-146.273,18.052,71.471,131.56,133.854,123.89,197.99,96.47,178.02,134.51
2810,606363.214709,55.494,71,-146.129,18.191,74.408,131.348,133.817,124.12,198.19,100.46,177.61,134.5
2811,606363.217943,57.041,72,-146.581,18.006,71.624,131.653,134.32,123.46,197.91,96.68,178.04,134.98
2812,606363.221306,55.641,72,-146.318,18.12,74.154,131.389,133.586,123.79,198.04,100.18,177.11,134.36
2813,606363.227276,57.063,72,-146.345,18.249,71.572,131.637,134.096,123.85,198.3,96.65,177.87,134.76
2814,606363.230573,55.461,72,-146.13,18.321,74.494,131.391,134.064,124.05,198.29,100.6,177.55,134.75
2815,606363.238449,57.066,72,-146.501,18.358,71.651,131.791,134.255,123.57,198.38,96.72,178.22,134.9
2816,606363.242484,55.6,72,-146.306,18.58,74.274,131.465,133.917,123.89,198.71,100.27,177.77,134.62
2817,606363.245355,56.958,73,-146.269,18.418,71.798,131.68,134.115,123.88,198.46,96.93,178.08,134.76
2818,606363.25035,55.278,75,-146.163,18.516,74.62,131.007,134.262,123.99,198.55,100.76,177.02,134.98
2819,606363.253861,56.852,72,-146.494,18.59,72.0,131.675,134.386,123.57,198.69,97.19,178.07,135.04
2820,606363.257992,55.393,74,-146.312,18.699,74.465,131.112,134.151,123.83,198.83,100.52,177.31,134.84
2821,606363.265939,56.687,73,-146.233,18.681,72.0,131.098,134.115,123.91,198.82,97.18,177.31,134.81
2822,606363.269482,55.28,71,-146.112,18.764,74.887,131.481,134.584,124.06,198.88,101.11,177.68,135.27
2823,606363.282769,56.691,71,-145.956,18.697,72.352,131.752,133.895,124.3,198.83,97.69,178.15,134.54
2824,606363.289465,55.064,74,-146.073,18.521,75.104,131.148,134.827,124.17,198.61,101.4,177.29,135.54
2825,606363.293975,56.72,71,-146.192,18.658,72.326,131.808,134.028,123.98,198.77,97.69,178.0,134.7
2826,606363.297595,55.201,73,-145.997,18.504,74.901,131.244,134.345,124.22,198.53,101.14,177.37,135.04
2827,606363.302863,56.416,71,-145.569,18.549,72.749,131.517,133.8,124.82,198.63,98.24,177.86,134.45
2828,606363.306402,55.014,73,-145.769,18.388,75.231,131.206,134.939,124.55,198.4,101.55,177.47,135.62
2829,606363.314208,56.376,72,-145.745,18.559,72.793,131.457,133.878,124.61,198.66,98.37,177.41,134.55
2830,606363.317662,55.095,72,-145.674,18.378,75.1,131.246,134.466,124.65,198.36,101.41,177.37,135.15
2831,606363.321653,56.106,72,-145.275,18.478,73.237,131.328,133.549,125.26,198.58,98.91,177.6,134.23
2832,606363.327537,54.78,73,-145.492,18.292,75.553,131.004,134.933,124.93,198.27,101.99,177.21,135.61
2833,606363.329855,56.127,74,-145.494,18.628,73.196,131.326,133.726,124.92,198.73,98.89,177.35,134.41
2834,606363.333798,54.963,72,-145.425,18.479,75.275,131.119,134.485,125.02,198.52,101.63,177.34,135.17
2835,606363.34243,55.825,72,-145.04,18.682,73.674,131.157,133.417,125.58,198.85,99.5,177.37,134.11
2836,606363.3451,54.631,75,-145.307,18.439,75.785,130.925,134.907,125.22,198.52,102.3,177.12,135.62
2837,606363.34983,55.953,71,-145.31,18.873,73.581,131.423,133.346,125.23,199.12,99.41,177.48,134.02
2838,606363.353981,54.768,74,-145.38,18.611,75.52,130.91,134.454,125.08,198.71,101.95,177.08,135.14
2839,606363.370136,55.513,76,-145.569,18.986,74.071,130.817,132.921,124.85,199.25,100.0,177.01,133.61
2840,606363.373312,54.689,76,-145.748,18.565,75.562,130.727,134.276,124.61,198.67,101.98,176.93,134.98
2841,606363.378598,55.306,74,-145.551,18.767,74.509,130.902,132.783,124.88,198.95,100.6,177.11,133.48
2842,606363.382011,54.774,73,-146.126,18.4,75.53,130.946,134.693,124.14,198.48,101.97,177.0,135.41
2843,606363.390082,55.462,75,-146.122,18.865,74.247,130.957,132.666,124.09,199.06,100.26,177.05,133.38
2844,606363.394297,54.867,75,-146.336,18.376,75.35,130.935,134.084,123.82,198.41,101.73,176.95,134.82
2845,606363.397651,55.19,76,-145.996,18.648,74.681,130.821,132.618,124.33,198.82,100.87,176.76,133.34
2846,606363.403023,54.777,77,-146.62,18.33,75.317,130.587,134.61,123.43,198.35,101.63,176.72,135.32
2847,606363.40603,55.333,76,-146.363,18.835,74.427,130.846,132.387,123.77,199.02,100.5,176.9,133.09
2848,606363.409977,54.819,76,-146.572,18.44,75.281,130.66,134.108,123.46,198.45,101.64,176.58,134.82
2849,606363.418968,55.077,76,-146.127,18.765,74.844,130.739,132.416,124.14,198.96,101.07,176.76,133.14
2850,606363.421173,54.989,77,-146.625,18.481,75.008,130.737,134.464,123.43,198.56,101.22,176.92,135.17
2851,606363.426377,55.193,75,-146.289,19.077,74.662,130.797,132.305,123.88,199.34,100.82,176.84,133.01
2852,606363.429588,55.228,76,-146.469,18.625,74.596,130.799,133.967,123.64,198.76,100.72,176.78,134.67
2853,606363.434515,54.902,77,-145.886,18.996,75.155,130.711,132.42,124.44,199.25,101.51,176.63,133.13
2854,606363.442307,55.407,77,-146.358,18.731,74.234,130.752,134.229,123.79,198.9,100.18,176.94,134.93
2855,606363.450495,55.547,76,-146.047,18.843,74.012,130.825,133.817,124.25,199.09,99.94,176.81,134.51
2856,606363.455552,54.94,75,-145.467,19.099,75.13,130.791,132.41,125.02,199.41,101.47,176.85,133.13
2857,606363.457929,55.61,77,-145.939,18.798,73.806,130.67,134.11,124.39,199.03,99.66,176.62,134.8
2858,606363.466538,55.178,76,-145.489,19.232,74.692,130.803,132.199,125.0,199.6,100.88,176.86,132.92
2859,606363.470023,55.728,76,-145.649,18.775,73.536,130.586,133.727,124.76,198.98,99.29,176.61,134.42
2860,606363.473933,55.037,75,-145.129,18.98,74.866,130.646,132.531,125.45,199.24,101.09,176.77,133.23
2861,606363.479613,55.918,75,-145.583,18.668,73.305,130.815,133.984,124.83,198.82,99.0,176.83,134.64
2862,606363.481956,55.38,73,-145.254,18.901,74.426,131.003,132.43,125.26,199.11,100.52,177.15,133.12
2863,606363.489706,56.189,74,-145.412,18.564,72.853,130.923,133.603,125.08,198.7,98.38,177.06,134.29
2864,606363.494257,55.136,74,-144.972,18.593,74.85,130.941,132.795,125.66,198.71,101.07,177.19,133.49
2865,606363.498,56.314,75,-145.47,18.383,72.622,130.934,133.965,125.0,198.46,98.06,177.08,134.62
2866,606363.501859,55.471,72,-145.113,18.639,74.289,131.062,132.507,125.49,198.79,100.34,177.22,133.21
2867,606363.507221,56.425,74,-145.29,18.351,72.443,130.994,133.752,125.21,198.39,97.8,177.28,134.42
2868,606363.51018,55.34,73,-144.941,18.519,74.532,131.056,132.955,125.67,198.59,100.67,177.23,133.65
2869,606363.518053,56.628,74,-145.392,18.427,72.133,131.132,133.812,125.08,198.5,97.38,177.46,134.47
2870,606363.521766,55.41,73,-145.207,18.598,74.352,130.972,133.022,125.31,198.7,100.41,177.12,133.72
2871,606363.52612,56.73,75,-145.271,18.444,71.91,131.081,133.507,125.24,198.52,97.09,177.39,134.17
2872,606363.533515,56.807,74,-145.589,18.432,71.856,131.253,133.769,124.85,198.55,97.02,177.45,134.42
2873,606363.543482,55.524,74,-145.496,18.534,74.198,131.079,133.124,124.95,198.63,100.18,177.37,133.81
2874,606363.545758,56.813,75,-145.504,18.542,71.857,131.274,133.356,124.93,198.65,97.01,177.64,134.02
2875,606363.550139,55.328,74,-145.516,18.566,74.56,131.065,133.657,124.88,198.64,100.67,177.19,134.36
2876,606363.557621,55.475,75,-145.764,18.718,74.321,131.131,133.486,124.59,198.88,100.37,177.22,134.16
2877,606363.562585,56.836,74,-145.856,18.696,71.872,131.383,133.56,124.49,198.9,97.03,177.63,134.21
2878,606363.570335,55.402,73,-145.894,18.767,74.531,131.26,134.008,124.39,198.92,100.62,177.52,134.68
2879,606363.573772,56.928,72,-146.182,18.831,71.878,131.72,133.684,124.06,199.07,97.09,177.85,134.34
2880,606363.577623,55.503,72,-146.13,18.835,74.368,131.307,133.907,124.09,198.98,100.51,177.47,134.63
2881,606363.582511,56.809,73,-145.979,18.909,72.095,131.697,133.391,124.35,199.2,97.37,177.94,134.06
2882,606363.585867,55.35,72,-146.116,18.831,74.697,131.379,134.408,124.08,199.01,100.83,177.67,135.11
2883,606363.594112,56.886,72,-146.276,18.938,72.015,131.823,133.593,123.85,199.14,97.25,178.13,134.25
2884,606363.599801,55.531,74,-146.268,18.854,74.238,131.171,134.097,123.86,199.01,100.24,177.26,134.78
2885,606363.601609,56.584,70,-145.951,19.017,72.528,131.698,133.278,124.33,199.29,97.91,178.18,133.95
2886,606363.607583,55.528,70,-146.251,18.731,74.5,131.625,134.746,123.9,198.87,100.56,177.99,135.45
2887,606363.60949,56.642,71,-146.312,19.027,72.365,131.606,133.331,123.8,199.26,97.73,177.81,134.0
2888,606363.626748,55.326,75,-146.252,18.525,74.474,130.906,135.037,123.9,198.59,100.52,177.06,135.72
2889,606363.62929,56.147,73,-146.192,18.829,73.153,131.318,133.424,124.02,199.03,98.79,177.43,134.13
2890,606363.634653,55.506,73,-146.226,18.458,74.235,131.084,134.739,123.96,198.53,100.23,177.18,135.41
2891,606363.637882,55.713,75,-145.599,18.82,73.665,130.765,133.274,124.78,199.0,99.47,176.83,133.97
2892,606363.646246,55.32,75,-146.023,18.425,74.449,130.845,135.28,124.23,198.48,100.46,177.11,135.97
2893,606363.651046,55.727,76,-145.701,18.817,73.685,130.848,133.545,124.69,199.04,99.49,176.96,134.24
2894,606363.653427,55.512,75,-145.802,18.575,74.069,130.812,134.873,124.55,198.7,99.98,176.96,135.57
2895,606363.658706,55.327,76,-145.155,18.899,74.371,130.729,133.447,125.38,199.1,100.43,176.81,134.13
2896,606363.66259,55.338,77,-145.566,18.496,74.354,130.738,135.547,124.84,198.58,100.33,176.99,136.23
2897,606363.669912,55.528,75,-145.082,19.068,74.037,130.807,133.356,125.5,199.36,99.96,177.02,134.04
2898,606363.673802,55.465,77,-145.192,18.759,74.106,130.719,135.04,125.34,198.94,100.02,176.96,135.72
2899,606363.677485,54.951,77,-144.54,19.075,74.984,130.57,133.581,126.19,199.32,101.29,176.51,134.27
2900,606363.682778,55.547,76,-145.043,18.748,74.0,130.804,135.425,125.52,198.9,99.89,176.99,136.1
2901,606363.685874,55.104,76,-144.88,19.218,74.777,130.709,133.459,125.8,199.58,100.98,176.81,134.16
2902,606363.694293,55.58,77,-145.038,18.75,73.833,130.62,134.862,125.55,198.93,99.66,176.83,135.53
2903,606363.69779,54.762,74,-144.723,18.983,75.538,130.92,133.733,126.01,199.26,102.0,177.1,134.44
2904,606363.706342,54.98,72,-145.183,18.811,75.209,131.057,133.392,125.39,199.03,101.56,177.25,134.08
2905,606363.710844,55.785,73,-145.552,18.551,73.644,130.969,134.712,124.85,198.63,99.46,176.94,135.39
2906,606363.71357,54.563,75,-145.362,18.641,75.929,130.955,133.683,125.12,198.76,102.55,176.94,134.41
2907,606363.722644,55.811,73,-146.148,18.294,73.659,131.083,134.894,124.04,198.29,99.42,177.31,135.58
2908,606363.725594,54.824,72,-146.115,18.542,75.651,131.319,133.312,124.12,198.64,102.12,177.68,134.03
2909,606363.730941,56.017,72,-146.381,18.158,73.454,131.416,134.357,123.73,198.11,99.15,177.73,135.04
2910,606363.734549,54.504,71,-146.233,18.209,76.262,131.341,133.637,123.97,198.18,102.98,177.49,134.36
2911,606363.737855,56.12,73,-146.964,18.058,73.304,131.498,134.326,123.0,198.02,98.94,177.8,135.0
2912,606363.746056,54.557,74,-146.782,18.198,76.0,131.058,133.395,123.23,198.17,102.57,177.32,134.12
2913,606363.750178,56.147,73,-146.93,18.115,73.286,131.559,133.948,123.0,198.05,98.92,177.89,134.64
2914,606363.753308,54.453,75,-146.727,18.275,76.174,131.024,133.62,123.28,198.25,102.82,177.16,134.36
2915,606363.75835,56.194,71,-147.159,18.274,73.225,131.609,133.85,122.69,198.26,98.84,177.95,134.54
2916,606363.761796,54.781,73,-146.911,18.48,75.7,131.263,133.321,123.08,198.58,102.19,177.46,134.04
2917,606363.767102,56.19,69,-146.669,18.516,73.18,131.516,133.27,123.42,198.66,98.85,177.45,133.93
2918,606363.775274,54.676,74,-146.561,18.675,75.704,130.93,133.611,123.48,198.78,102.2,176.97,134.36
2919,606363.777126,56.233,70,-146.543,18.95,73.091,131.502,132.956,123.52,199.17,98.69,177.79,133.64
2920,606363.79021,54.837,74,-145.792,19.172,75.474,131.055,133.668,124.59,199.48,101.97,177.19,134.4
2921,606363.798483,56.34,73,-145.446,19.495,72.89,131.507,132.32,125.02,199.94,98.42,177.92,133.0
2922,606363.802075,55.06,74,-145.328,19.361,75.037,131.02,133.424,125.2,199.77,101.32,177.2,134.12
2923,606363.805666,56.064,72,-144.769,19.633,73.27,131.245,132.122,125.93,200.13,98.95,177.58,132.8
2924,606363.811168,55.021,75,-145.004,19.405,75.027,130.873,133.861,125.61,199.81,101.28,177.13,134.56
2925,606363.814105,56.374,72,-144.862,19.856,72.786,131.437,132.217,125.85,200.47,98.34,177.61,132.89
2926,606363.822217,55.226,74,-144.9,19.473,74.622,130.837,133.429,125.73,199.89,100.79,176.78,134.16
2927,606363.825703,56.091,74,-144.482,19.61,73.133,131.092,132.242,126.34,200.12,98.84,177.04,132.93
2928,606363.829454,55.395,75,-145.056,19.231,74.294,130.819,134.028,125.54,199.57,100.33,176.87,134.71
2929,606363.834528,56.165,74,-144.999,19.606,73.008,131.121,132.231,125.62,200.09,98.59,177.42,132.91
2930,606363.838135,55.691,74,-145.297,19.071,73.859,131.036,133.719,125.21,199.36,99.7,177.34,134.4
2931,606363.842362,55.652,75,-145.035,19.167,73.728,130.674,132.353,125.6,199.51,99.58,176.71,133.05
2932,606363.850358,55.741,77,-145.76,18.683,73.582,130.713,134.253,124.58,198.84,99.32,176.9,134.93
2933,606363.853495,55.855,76,-145.783,18.942,73.398,130.766,132.36,124.57,199.18,99.15,176.71,133.05
2934,606363.858856,56.07,76,-146.181,18.492,73.061,130.89,133.9,124.02,198.58,98.61,177.11,134.58
2935,606363.861977,55.452,77,-145.986,18.592,74.058,130.592,132.549,124.32,198.73,100.01,176.57,133.25
2936,606363.874357,55.771,75,-146.468,18.643,73.705,131.031,132.454,123.63,198.76,99.53,177.12,133.16
2937,606363.879291,56.377,75,-146.902,18.173,72.576,131.07,134.113,123.05,198.15,97.99,177.11,134.79
2938,606363.881257,55.503,75,-146.494,18.522,74.154,130.929,132.905,123.59,198.59,100.12,177.01,133.62
2939,606363.88764,56.707,72,-147.104,18.311,72.167,131.472,134.345,122.79,198.31,97.51,177.57,135.01
2940,606363.889829,55.684,74,-146.789,18.7,73.978,131.224,132.975,123.2,198.84,99.88,177.41,133.69
2941,606363.897659,56.751,74,-146.966,18.547,71.988,131.298,134.121,122.94,198.63,97.17,177.53,134.8
2942,606363.901651,55.485,72,-146.456,19.001,74.332,131.186,133.226,123.66,199.27,100.33,177.48,133.93
2943,606363.905142,56.849,74,-146.831,18.897,71.909,131.499,134.399,123.14,199.13,97.03,177.94,135.06
2944,606363.910795,55.666,73,-146.429,19.32,74.088,131.357,133.397,123.7,199.7,99.99,177.73,134.09
2945,606363.914284,57.161,70,-146.324,19.421,71.607,132.048,133.974,123.81,199.82,96.71,178.28,134.61
2946,606363.918349,55.392,71,-145.97,19.616,74.679,131.485,133.904,124.31,200.1,100.78,177.95,134.6
2947,606363.927194,57.297,69,-146.153,19.705,71.578,132.484,134.458,124.03,200.21,96.61,179.18,135.11
2948,606363.929423,55.514,74,-145.674,20.088,74.324,131.266,133.761,124.76,200.8,100.38,177.22,134.41
2949,606363.935168,57.028,72,-145.187,20.156,71.837,131.999,133.917,125.33,200.82,96.99,178.55,134.55
2950,606363.937861,55.316,73,-145.09,20.026,74.807,131.458,134.542,125.52,200.66,101.06,177.8,135.23
2951,606363.941793,56.895,71,-145.311,20.065,71.873,131.591,134.311,125.17,200.68,97.09,177.98,135.0
2952,606363.949804,55.334,76,-144.987,19.962,74.584,131.127,134.23,125.64,200.58,100.75,177.11,134.94
2953,606363.962703,56.652,75,-144.938,19.557,72.218,131.37,133.75,125.7,200.03,97.6,177.29,134.4
2954,606363.96582,55.364,75,-145.021,19.058,74.472,131.029,134.482,125.58,199.34,100.57,177.13,135.18
2955,606363.974586,56.201,73,-144.706,18.882,72.902,131.054,133.476,126.03,199.13,98.46,177.25,134.15
2956,606363.978766,55.378,73,-145.182,18.253,74.449,131.037,135.128,125.4,198.29,100.53,177.16,135.81
2957,606363.981127,56.164,75,-145.239,18.455,72.916,130.95,133.471,125.28,198.53,98.45,177.21,134.14
2958,606363.985711,55.312,74,-145.505,17.733,74.423,130.771,134.875,124.97,197.59,100.5,176.78,135.56
2959,606363.989846,55.822,74,-145.229,17.712,73.505,130.847,133.518,125.32,197.54,99.28,176.93,134.19
2960,606363.994282,55.347,74,-145.83,17.251,74.322,130.708,135.47,124.44,196.84,100.35,176.7,136.15
2961,606364.002574,55.741,75,-145.683,17.568,73.583,130.715,133.494,124.72,197.34,99.38,176.74,134.19
2962,606364.006057,55.483,74,-146.019,17.115,74.114,130.793,135.065,124.28,196.75,100.07,176.8,135.76
2963,606364.009598,55.23,77,-145.517,17.439,74.28,130.25,133.539,124.89,197.12,100.32,176.14,134.24
2964,606364.014433,55.475,75,-146.017,17.199,74.132,130.8,135.52,124.19,196.77,100.09,176.83,136.2
2965,606364.017159,55.245,77,-145.839,17.835,74.399,130.509,133.61,124.5,197.7,100.46,176.49,134.31
2966,606364.025513,55.544,76,-146.13,17.543,73.914,130.641,135.07,124.08,197.29,99.75,176.82,135.76
2967,606364.030775,54.716,77,-145.575,18.164,75.372,130.486,133.76,124.84,198.12,101.75,176.58,134.47
2968,606364.03363,55.725,74,-146.095,17.995,73.746,130.948,135.473,124.17,197.94,99.56,177.03,136.15
2969,606364.050884,54.765,71,-145.018,19.414,75.759,131.314,133.856,125.59,199.82,102.26,177.75,134.55
2970,606364.054153,55.797,74,-145.364,19.435,73.74,131.181,135.17,125.11,199.86,99.51,177.59,135.84
2971,606364.05771,54.935,72,-145.08,20.127,75.547,131.498,133.58,125.51,200.79,101.97,177.99,134.27
2972,606364.062455,55.853,75,-145.036,20.016,73.676,131.255,134.398,125.57,200.65,99.49,177.44,135.05
2973,606364.066117,54.522,73,-144.764,20.223,76.254,131.385,133.96,125.93,200.92,102.96,177.68,134.66
2974,606364.069297,56.24,72,-145.203,20.286,73.306,131.913,134.5,125.29,200.97,98.98,178.34,135.15
2975,606364.078238,54.67,75,-144.986,20.475,75.911,131.268,133.557,125.62,201.24,102.48,177.58,134.25
2976,606364.081757,55.999,73,-144.964,20.329,73.547,131.521,133.894,125.66,201.07,99.27,178.04,134.56
2977,606364.085327,54.489,75,-144.919,20.227,76.106,131.024,134.124,125.75,200.95,102.74,177.26,134.82
2978,606364.090565,56.144,73,-145.364,20.27,73.336,131.637,133.765,125.14,201.02,99.0,178.06,134.42
2979,606364.093988,54.635,77,-145.322,20.028,75.856,131.063,133.694,125.21,200.68,102.44,177.06,134.41
2980,606364.102722,55.796,77,-145.269,19.716,73.575,130.884,133.228,125.24,200.24,99.39,176.68,133.96
2981,606364.106001,54.503,76,-145.519,19.465,76.001,130.886,134.018,124.9,199.87,102.6,177.05,134.73
2982,606364.109426,56.133,72,-145.837,19.41,73.319,131.569,133.012,124.47,199.8,99.06,177.65,133.68
2983,606364.114267,54.711,76,-146.002,18.889,75.658,130.965,133.54,124.25,199.09,102.15,177.09,134.26
2984,606364.11738,55.718,76,-145.864,18.747,73.789,131.001,132.539,124.36,198.87,99.69,176.73,133.3
2985,606364.126127,54.767,75,-146.297,18.271,75.523,130.91,134.041,123.85,198.24,101.96,177.02,134.74
2986,606364.134432,54.993,74,-146.457,17.888,75.119,130.943,133.619,123.66,197.75,101.4,177.15,134.33
2987,606364.140016,55.597,75,-146.099,17.896,73.84,130.687,132.252,124.12,197.75,99.73,176.67,132.96
2988,606364.141668,55.14,75,-146.499,17.573,74.739,130.76,134.03,123.63,197.32,100.97,176.76,134.77
2989,606364.145668,55.812,74,-146.152,17.99,73.512,130.825,132.12,124.07,197.89,99.32,176.73,132.84
2990,606364.15429,55.239,77,-146.355,17.515,74.399,130.488,133.871,123.79,197.25,100.43,176.55,134.58
2991,606364.157088,55.472,77,-145.685,17.868,73.892,130.366,132.229,124.72,197.75,99.81,176.24,132.93
2992,606364.162426,55.629,76,-146.027,17.71,73.778,130.684,134.164,124.2,197.5,99.61,176.74,134.86
2993,606364.165799,55.557,76,-145.513,18.318,73.793,130.47,132.268,124.95,198.35,99.71,176.21,132.96
2994,606364.169646,55.908,77,-145.724,18.096,73.249,130.679,133.893,124.64,198.06,98.88,176.8,134.55
2995,606364.17861,55.271,78,-145.051,18.631,74.278,130.381,132.485,125.59,198.83,100.32,176.21,133.13
2996,606364.181655,56.135,77,-145.38,18.611,72.9,130.823,134.168,125.09,198.74,98.41,177.06,134.84
2997,606364.185272,55.555,75,-144.812,19.486,73.953,130.747,132.478,125.85,199.91,99.88,176.82,133.17
2998,606364.191107,56.437,73,-144.783,19.371,72.545,131.218,133.729,125.85,199.73,97.99,177.35,134.38
2999,606364.193835,55.32,73,-144.093,20.011,74.552,131.025,132.936,126.89,200.71,100.74,176.84,133.55
3000,606364.203146,56.685,72,-144.575,19.909,72.256,131.555,134.105,126.17,200.51,97.54,178.1,134.75
3001,606364.206237,55.469,73,-144.096,20.474,74.365,131.19,132.754,126.87,201.3,100.51,177.02,133.42
3002,606364.209823,56.794,73,-144.18,20.407,71.959,131.397,133.651,126.7,201.18,97.15,177.89,134.29
3003,606364.222805,55.444,74,-144.309,20.564,74.385,131.142,133.053,126.57,201.41,100.45,177.41,133.73
3004,606364.229685,56.831,74,-144.318,20.334,71.834,131.296,133.206,126.53,201.08,97.03,177.51,133.86
3005,606364.233812,55.393,73,-144.506,20.044,74.589,131.331,133.687,126.28,200.68,100.74,177.55,134.38
3006,606364.237543,57.04,74,-145.14,20.001,71.601,131.606,133.315,125.47,200.65,96.79,177.7,133.95
3007,606364.242616,55.516,76,-145.282,19.585,74.182,131.023,133.37,125.26,200.08,100.17,177.21,134.05
3008,606364.245881,56.764,75,-145.39,19.353,71.906,131.196,133.062,125.09,199.75,97.08,177.53,133.72
3009,606364.254191,55.519,74,-145.809,18.946,74.273,131.195,134.095,124.48,199.14,100.3,177.31,134.75
3010,606364.25782,56.951,72,-146.25,18.931,71.805,131.666,133.084,123.91,199.15,96.95,178.01,133.74
3011,606364.261443,55.649,72,-146.564,18.337,74.05,131.234,133.927,123.51,198.36,99.99,177.33,134.62
3012,606364.266713,56.694,72,-146.484,18.255,72.162,131.415,132.91,123.62,198.26,97.42,177.76,133.59
3013,606364.270071,55.583,74,-146.973,17.782,73.99,130.909,134.496,122.96,197.61,99.85,177.12,135.2
3014,606364.274509,56.626,72,-146.984,17.947,72.217,131.278,132.929,122.93,197.82,97.51,177.44,133.6
3015,606364.282776,55.825,72,-147.217,17.503,73.692,131.189,134.306,122.6,197.22,99.43,177.43,135.03
3016,606364.285118,56.07,76,-146.804,17.658,72.938,130.67,132.975,123.19,197.44,98.47,176.75,133.67
3017,606364.290327,55.919,75,-147.205,17.353,73.303,130.812,134.928,122.62,197.01,98.93,176.89,135.61
3018,606364.293324,56.098,76,-146.799,17.919,72.909,130.714,133.028,123.22,197.82,98.44,176.72,133.73
3019,606364.298203,56.118,76,-146.894,17.608,72.971,130.894,134.665,123.06,197.38,98.52,176.88,135.34
3020,606364.310766,56.388,74,-146.434,17.899,72.553,131.064,135.081,123.69,197.8,97.93,177.27,135.74
3021,606364.314862,55.804,75,-145.787,18.531,73.456,130.698,133.327,124.53,198.61,99.19,176.74,134.01
3022,606364.317825,56.464,75,-145.795,18.37,72.335,130.934,134.798,124.53,198.42,97.62,177.22,135.46
3023,606364.322224,55.616,72,-145.015,18.871,74.025,131.079,133.688,125.6,199.09,99.99,177.15,134.35
3024,606364.330034,56.491,74,-145.313,18.725,72.337,131.029,135.166,125.19,198.9,97.67,177.15,135.82
3025,606364.333742,55.803,72,-144.781,19.291,73.748,131.213,133.678,125.9,199.66,99.56,177.6,134.35
3026,606364.338341,56.669,73,-144.663,19.182,72.13,131.272,134.744,126.05,199.51,97.41,177.48,135.39
3027,606364.342314,55.269,74,-144.204,19.397,74.653,131.033,134.163,126.68,199.8,100.78,177.4,134.84
3028,606364.345749,56.7,74,-144.669,19.213,72.13,131.381,135.246,126.07,199.61,97.33,177.77,135.87
3029,606364.349699,55.4,73,-144.392,19.549,74.436,131.088,133.972,126.45,200.03,100.56,177.13,134.66
3030,606364.358374,56.703,73,-144.494,19.439,72.115,131.363,134.561,126.27,199.87,97.35,177.85,135.2
3031,606364.361502,54.879,75,-144.412,19.405,75.3,130.886,134.551,126.42,199.83,101.67,177.1,135.23
3032,606364.366029,56.686,73,-144.895,19.328,72.155,131.375,134.715,125.71,199.7,97.41,177.75,135.36
3033,606364.369875,55.262,74,-144.881,19.374,74.712,131.113,134.21,125.77,199.77,100.84,177.49,134.89
3034,606364.373879,56.473,73,-144.787,19.382,72.542,131.339,133.955,125.86,199.77,97.95,177.67,134.62
3035,606364.382597,54.878,76,-145.112,18.961,75.205,130.72,134.879,125.43,199.21,101.51,176.77,135.61
3036,606364.385605,56.329,74,-145.502,19.305,72.776,131.265,133.776,124.96,199.7,98.31,177.31,134.44
3037,606364.394138,55.851,75,-145.498,18.923,73.495,130.925,133.431,124.92,199.14,99.24,177.06,134.1
3038,606364.399658,55.032,75,-146.056,18.613,75.002,130.866,135.051,124.19,198.74,101.21,177.13,135.75
3039,606364.406307,55.829,75,-146.205,18.984,73.596,131.032,133.122,124.03,199.27,99.42,176.93,133.83
3040,606364.409567,55.28,71,-146.426,18.409,74.827,131.373,134.467,123.72,198.48,101.0,177.65,135.18
3041,606364.41343,55.452,75,-146.184,18.528,74.201,130.845,133.117,124.05,198.65,100.19,176.92,133.81
3042,606364.418693,55.253,76,-146.795,18.137,74.586,130.862,135.028,123.18,198.07,100.66,177.0,135.72
3043,606364.42155,55.524,76,-146.611,18.565,74.034,130.788,132.915,123.45,198.67,99.93,176.93,133.62
3044,606364.425946,55.388,75,-146.909,18.01,74.317,130.837,134.547,123.12,197.95,100.4,176.76,135.24
3045,606364.433683,55.108,77,-146.385,18.294,74.742,130.661,133.122,123.76,198.3,100.89,176.77,133.84
3046,606364.43882,55.578,76,-146.937,17.959,73.993,130.894,134.792,123.0,197.85,99.84,177.13,135.49
3047,606364.441306,55.148,77,-146.492,18.519,74.634,130.604,132.912,123.62,198.6,100.79,176.48,133.61
3048,606364.447306,55.678,77,-146.642,18.093,73.751,130.8,134.418,123.4,198.04,99.53,176.99,135.11
3049,606364.45015,55.046,74,-146.072,18.426,75.037,130.974,133.319,124.16,198.46,101.31,177.11,134.02
3050,606364.459357,56.019,75,-146.442,18.297,73.215,130.993,134.622,123.63,198.28,98.88,176.88,135.31
3051,606364.462094,55.279,72,-145.985,18.783,74.755,131.247,133.047,124.32,198.99,100.99,177.22,133.77
3052,606364.465234,56.394,72,-145.972,18.628,72.739,131.421,134.069,124.33,198.78,98.2,177.73,134.75
3053,606364.48253,55.131,75,-145.51,19.124,74.897,131.006,133.128,124.96,199.45,101.13,177.18,133.84
3054,606364.485749,56.634,73,-145.36,19.118,72.314,131.484,133.342,125.18,199.48,97.68,177.68,134.01
3055,606364.48987,54.88,76,-145.205,19.107,75.249,130.803,133.602,125.35,199.42,101.64,176.76,134.31
3056,606364.494898,56.856,72,-145.497,19.187,72.062,131.802,133.464,124.94,199.53,97.28,178.38,134.12
3057,606364.498498,55.153,75,-145.265,19.183,74.766,130.851,133.247,125.26,199.51,100.94,177.08,133.94
3058,606364.502305,56.762,71,-144.968,19.225,72.169,131.666,132.941,125.63,199.55,97.47,178.05,133.58
3059,606364.509925,55.299,73,-145.129,19.052,74.7,131.217,133.834,125.42,199.31,100.86,177.49,134.51
3060,606364.514057,56.661,72,-145.276,19.345,72.244,131.448,132.797,125.24,199.74,97.54,177.87,133.46
3061,606364.517476,55.365,74,-145.393,19.013,74.421,130.944,133.676,125.06,199.26,100.52,176.9,134.37
3062,606364.522514,56.46,73,-145.069,19.096,72.504,131.223,132.435,125.55,199.42,97.94,177.42,133.1
3063,606364.525758,55.435,73,-145.492,18.719,74.34,131.033,134.192,124.99,198.92,100.39,177.12,134.88
3064,606364.533938,56.323,75,-145.41,18.984,72.575,130.881,132.496,125.09,199.27,98.02,176.97,133.18
3065,606364.538378,55.749,73,-145.702,18.541,73.751,131.036,133.927,124.7,198.66,99.63,176.97,134.6
3066,606364.542067,55.839,76,-145.311,18.686,73.319,130.572,132.507,125.23,198.86,99.07,176.36,133.2
3067,606364.545845,55.907,76,-145.87,18.314,73.333,130.824,134.547,124.46,198.36,99.0,176.94,135.22
3068,606364.549339,55.935,76,-145.647,18.864,73.219,130.715,132.394,124.75,199.08,98.86,176.85,133.08
3069,606364.557914,56.02,75,-145.915,18.35,73.097,130.786,134.302,124.37,198.39,98.66,177.0,134.98
3070,606364.566043,56.309,74,-145.962,18.456,72.59,130.86,134.572,124.31,198.53,97.97,177.1,135.24
3071,606364.570913,55.821,74,-145.633,18.931,73.633,131.07,132.855,124.77,199.18,99.46,177.1,133.54
3072,606364.573261,56.591,72,-145.924,18.516,72.103,130.952,134.369,124.33,198.6,97.35,176.93,135.08
3073,606364.578005,55.54,72,-145.307,18.86,74.23,131.188,133.249,125.22,199.1,100.23,177.41,133.92
3074,606364.586455,56.848,71,-145.837,18.614,71.854,131.393,134.614,124.43,198.74,97.02,177.5,135.3
3075,606364.589984,55.782,72,-145.391,18.997,73.861,131.345,133.214,125.09,199.26,99.71,177.75,133.9
3076,606364.593176,57.012,72,-145.491,18.825,71.608,131.522,134.134,124.97,199.06,96.68,177.89,134.8
3077,606364.597864,55.563,72,-145.161,18.849,74.303,131.393,133.72,125.42,199.08,100.33,177.71,134.42
3078,606364.601895,57.135,72,-145.489,18.898,71.443,131.655,134.314,124.92,199.12,96.46,178.07,134.96
3079,606364.609741,55.653,73,-145.229,19.089,73.978,131.121,133.655,125.33,199.4,99.94,177.11,134.35
3080,606364.613959,57.006,75,-145.028,18.988,71.551,131.395,133.788,125.66,199.38,96.67,177.18,134.34
3081,606364.617162,55.386,74,-145.038,18.904,74.428,131.026,134.295,125.54,199.11,100.49,177.25,134.96
3082,606364.623309,57.021,74,-145.159,18.939,71.588,131.514,133.813,125.43,199.24,96.66,177.82,134.45
3083,606364.625457,55.501,74,-145.093,18.834,74.198,131.0,134.143,125.46,199.02,100.18,177.21,134.81
3084,606364.635014,56.641,75,-144.823,18.889,72.062,131.051,133.403,125.84,199.12,97.3,177.36,134.06
3085,606364.638197,55.332,71,-145.158,18.503,74.399,130.796,134.786,125.3,198.52,100.48,176.53,135.55
3086,606364.64157,56.722,72,-145.232,18.836,72.091,131.383,133.351,125.27,199.03,97.35,177.68,134.02
3087,606364.653924,55.492,75,-145.442,18.074,74.009,130.638,135.069,125.0,198.01,99.89,176.83,135.75
3088,606364.661863,56.018,76,-145.376,18.572,73.082,130.752,133.117,125.14,198.73,98.7,176.76,133.79
3089,606364.665962,55.701,75,-145.677,18.086,73.67,130.736,134.796,124.69,198.03,99.47,176.74,135.47
3090,606364.669795,55.614,77,-145.318,18.322,73.697,130.491,133.281,125.16,198.32,99.52,176.49,133.96
3091,606364.674542,55.88,77,-145.95,18.017,73.32,130.714,135.24,124.35,197.95,98.97,176.82,135.92
3092,606364.67794,55.765,76,-145.659,18.516,73.568,130.767,133.184,124.75,198.63,99.35,176.84,133.88
3093,606364.68623,55.994,76,-145.881,18.132,73.115,130.731,134.831,124.44,198.11,98.7,176.84,135.5
3094,606364.689896,55.361,76,-145.329,18.519,74.337,130.782,133.484,125.2,198.63,100.42,176.68,134.19
3095,606364.693468,56.042,76,-145.871,18.235,73.048,130.773,135.209,124.42,198.23,98.58,177.01,135.88
3096,606364.698182,55.518,74,-145.616,18.826,74.141,130.957,133.495,124.79,199.03,100.13,176.99,134.17
3097,606364.701903,56.305,74,-145.659,18.624,72.697,131.04,134.679,124.69,198.74,98.14,177.26,135.35
3098,606364.710101,55.331,72,-145.264,18.889,74.766,131.437,133.98,125.29,199.13,100.95,177.77,134.68
3099,606364.71408,56.577,73,-145.617,18.91,72.221,131.116,134.875,124.69,199.08,97.52,177.16,135.56
3100,606364.717628,55.423,72,-145.275,19.235,74.486,131.249,133.811,125.24,199.58,100.54,177.64,134.5
3101,606364.722617,56.74,73,-145.136,19.222,72.144,131.546,134.123,125.42,199.58,97.38,178.06,134.77
3102,606364.725718,55.062,73,-144.935,19.228,75.173,131.264,134.271,125.68,199.54,101.5,177.56,134.95
3103,606364.729814,56.676,72,-145.399,19.207,72.227,131.47,134.387,125.05,199.55,97.56,177.45,135.08
3104,606364.742262,56.535,73,-144.969,19.534,72.463,131.409,133.473,125.67,200.01,97.9,177.5,134.14
3105,606364.747306,54.993,74,-145.164,19.259,75.162,131.02,134.597,125.32,199.56,101.46,177.11,135.33
3106,606364.749714,56.525,71,-145.458,19.601,72.495,131.433,133.567,124.99,200.09,97.86,177.87,134.23
3107,606364.754138,55.171,75,-145.316,19.376,74.751,130.883,134.211,125.14,199.72,100.94,176.93,134.89
3108,606364.761839,56.09,73,-144.963,19.449,73.169,131.154,133.195,125.64,199.85,98.86,177.14,133.87
3109,606364.765824,55.262,75,-145.316,19.147,74.641,130.991,134.776,125.18,199.46,100.74,177.31,135.46
3110,606364.769456,55.973,75,-145.411,19.569,73.26,130.92,133.083,125.07,200.02,98.98,177.11,133.78
3111,606364.773414,55.351,74,-145.541,19.073,74.447,130.943,134.396,124.88,199.36,100.48,177.23,135.08
3112,606364.777948,55.612,75,-145.288,19.291,73.889,130.824,133.076,125.28,199.7,99.8,176.81,133.77
3113,606364.781807,55.439,76,-145.792,18.87,74.172,130.748,135.023,124.52,199.06,100.11,176.88,135.7
3114,606364.790594,55.621,76,-145.709,19.215,73.852,130.788,132.992,124.67,199.56,99.74,176.76,133.68
3115,606364.793417,55.756,76,-145.941,18.699,73.609,130.809,134.576,124.36,198.88,99.36,176.94,135.25
3116,606364.798715,55.12,76,-145.465,18.802,74.704,130.634,133.127,124.99,198.99,100.86,176.77,133.83
3117,606364.802475,55.806,76,-146.092,18.333,73.464,130.72,134.965,124.13,198.36,99.18,176.7,135.64
3118,606364.806242,55.433,74,-145.856,18.671,74.304,130.962,133.083,124.47,198.82,100.31,177.19,133.78
3119,606364.81451,56.057,75,-146.121,18.277,73.03,130.793,134.429,124.07,198.27,98.59,176.88,135.11
3120,606364.81789,55.294,71,-145.848,18.285,74.749,131.284,133.516,124.53,198.34,100.96,177.38,134.22
3121,606364.827538,55.366,74,-146.053,18.392,74.542,131.159,133.34,124.2,198.44,100.62,177.47,134.04
3122,606364.830934,56.643,73,-146.043,18.123,72.255,131.408,133.982,124.19,198.09,97.55,177.65,134.63
3123,606364.838771,55.126,74,-145.834,18.301,74.848,130.904,133.735,124.54,198.35,101.08,176.92,134.44
3124,606364.841703,56.714,74,-146.055,18.231,72.184,131.527,134.0,124.18,198.23,97.43,177.99,134.66
3125,606364.84573,55.21,76,-145.807,18.441,74.632,130.802,133.608,124.53,198.5,100.75,177.0,134.31
3126,606364.850516,56.692,74,-145.628,18.553,72.11,131.314,133.283,124.76,198.67,97.35,177.69,133.95
3127,606364.853607,55.171,74,-145.547,18.55,74.842,131.043,134.099,124.9,198.66,101.09,177.03,134.79
3128,606364.858616,56.903,71,-145.611,18.882,71.939,131.744,133.316,124.79,199.11,97.12,178.28,133.97
3129,606364.865625,55.267,74,-145.406,18.959,74.53,130.813,133.755,125.04,199.18,100.63,176.92,134.45
3130,606364.869265,56.463,72,-144.928,19.113,72.48,131.192,132.979,125.7,199.42,97.87,177.53,133.64
3131,606364.874783,55.377,74,-145.09,19.034,74.416,130.973,134.455,125.51,199.33,100.47,177.17,135.13
3132,606364.878521,56.385,73,-145.047,19.607,72.645,131.22,132.864,125.58,200.12,98.16,177.21,133.55
3133,606364.882167,55.612,74,-145.034,19.275,74.025,131.067,134.139,125.61,199.69,99.97,177.16,134.82
3134,606364.889902,56.011,73,-144.641,19.645,73.289,131.1,132.879,126.12,200.16,98.98,177.31,133.56
3135,606364.894393,55.611,76,-145.025,19.301,73.868,130.785,134.735,125.57,199.67,99.74,176.83,135.41
3136,606364.897225,55.916,76,-144.813,19.828,73.342,130.873,132.894,125.85,200.37,99.04,177.03,133.56
3137,606364.906312,55.308,75,-144.702,19.427,74.378,130.68,133.156,126.04,199.86,100.44,176.77,133.85
3138,606364.915251,56.034,74,-145.356,18.978,73.163,130.95,135.096,125.1,199.22,98.76,177.17,135.75
3139,606364.917375,55.559,76,-145.188,19.342,73.996,130.837,132.981,125.36,199.73,99.9,177.06,133.67
3140,606364.927189,55.565,69,-145.263,18.913,74.341,131.468,133.437,125.25,199.13,100.38,177.8,134.1
3141,606364.930026,56.677,72,-145.923,18.564,72.187,131.402,134.732,124.36,198.68,97.47,177.61,135.41
3142,606364.937951,55.572,72,-145.827,18.716,74.33,131.47,133.333,124.53,198.91,100.36,177.75,134.01
3143,606364.941607,56.856,72,-146.018,18.31,71.873,131.456,134.213,124.29,198.39,97.06,177.64,134.87
3144,606364.945866,55.425,71,-145.836,18.382,74.574,131.412,133.869,124.49,198.42,100.66,177.84,134.56
3145,606364.950167,57.011,73,-146.235,18.25,71.673,131.636,134.17,123.92,198.24,96.74,178.07,134.85
3146,606364.954063,55.442,73,-146.087,18.264,74.416,131.19,133.699,124.15,198.26,100.45,177.51,134.39
3147,606364.957869,56.993,73,-146.07,18.145,71.692,131.609,133.742,124.17,198.11,96.78,178.09,134.4
3148,606364.966044,55.316,74,-146.063,18.128,74.553,131.014,134.27,124.18,198.08,100.62,177.3,134.97
3149,606364.969704,56.924,73,-146.314,18.31,71.825,131.61,133.707,123.87,198.37,96.97,177.95,134.36
3150,606364.973014,55.536,73,-146.162,18.379,74.204,131.128,133.973,124.09,198.46,100.19,177.23,134.67
3151,606364.978158,56.661,72,-145.893,18.514,72.225,131.416,133.19,124.41,198.61,97.51,177.8,133.86
3152,606364.981742,55.36,75,-146.139,18.311,74.427,130.936,134.672,124.07,198.3,100.54,176.96,135.39
3153,606364.990195,56.54,73,-145.953,18.985,72.349,131.221,133.133,124.38,199.32,97.76,176.86,133.74
3154,606365.002648,55.625,75,-145.83,18.862,73.918,130.921,134.956,124.53,199.12,99.79,177.01,135.64
3155,606365.005963,55.879,75,-145.543,19.554,73.462,130.962,133.116,124.91,200.04,99.19,177.1,133.81
3156,606365.009647,55.982,74,-145.731,19.121,73.379,131.163,134.585,124.64,199.46,99.05,177.42,135.25
3157,606365.018652,55.384,77,-145.111,19.468,74.266,130.731,133.289,125.52,199.96,100.31,176.66,133.97
3158,606365.021617,55.859,75,-145.66,19.143,73.401,130.784,135.176,124.68,199.44,99.07,176.92,135.86
3159,606365.025841,55.569,75,-145.267,19.565,74.07,131.0,133.234,125.28,200.05,100.01,177.19,133.91
3160,606365.031493,56.136,74,-145.484,19.213,73.071,131.134,134.716,124.98,199.58,98.68,177.18,135.37
3161,606365.03395,55.12,71,-145.093,19.4,74.883,130.947,133.709,125.47,199.78,101.14,176.91,134.43
3162,606365.042411,56.427,73,-145.63,19.09,72.657,131.386,135.025,124.78,199.41,98.07,177.74,135.7
3163,606365.046484,55.547,70,-145.376,19.515,74.444,131.588,133.569,125.12,199.96,100.54,177.84,134.23
3164,606365.049779,56.606,72,-145.467,19.116,72.368,131.484,134.466,125.0,199.45,97.7,177.86,135.13
3165,606365.054711,55.016,73,-145.385,19.046,75.169,131.105,134.099,125.05,199.29,101.5,177.11,134.85
3166,606365.057198,56.722,73,-145.87,18.854,72.186,131.557,134.442,124.42,199.06,97.49,177.7,135.09
3167,606365.066618,55.261,73,-145.781,18.837,74.752,131.181,133.867,124.57,199.04,100.95,177.3,134.58
3168,606365.069856,56.612,74,-145.776,18.755,72.291,131.365,133.663,124.56,198.94,97.58,177.77,134.33
3169,606365.073683,54.898,75,-145.926,18.421,75.297,130.942,134.413,124.33,198.43,101.67,177.01,135.11
3170,606365.087814,56.544,71,-145.878,18.231,72.547,131.594,133.305,124.4,198.2,97.97,177.91,133.98
3171,606365.094387,55.225,74,-146.137,18.065,74.702,130.975,134.469,124.06,197.96,100.85,177.13,135.15
3172,606365.097685,56.172,75,-146.208,18.442,72.877,130.909,133.047,123.99,198.51,98.38,177.11,133.73
3173,606365.101489,55.406,74,-146.298,18.035,74.362,130.975,134.258,123.87,197.94,100.41,177.03,134.95
3174,606365.107264,56.095,73,-145.811,18.33,73.114,131.072,132.963,124.55,198.38,98.74,177.21,133.64
3175,606365.109461,55.444,73,-146.087,18.106,74.291,130.975,134.668,124.14,198.05,100.26,177.26,135.36
3176,606365.11782,55.971,75,-145.659,18.652,73.249,130.893,132.906,124.7,198.77,98.92,176.99,133.6
3177,606365.121786,55.625,75,-145.812,18.399,73.878,130.849,134.397,124.51,198.45,99.76,176.88,135.08
3178,606365.125435,55.477,75,-145.141,18.832,74.118,130.78,133.06,125.45,199.05,100.1,176.87,133.76
3179,606365.13054,55.758,76,-145.447,18.568,73.568,130.743,134.943,125.02,198.7,99.31,176.88,135.61
3180,606365.134679,55.503,76,-144.971,19.335,74.059,130.763,132.909,125.7,199.76,100.04,176.74,133.6
3181,606365.143021,56.047,75,-144.993,19.009,73.101,130.885,134.51,125.59,199.26,98.7,177.06,135.18
3182,606365.145704,55.182,73,-144.465,19.29,74.869,131.127,133.491,126.33,199.66,101.08,177.5,134.17
3183,606365.149546,56.375,73,-144.801,19.249,72.664,131.22,134.763,125.84,199.58,98.1,177.53,135.4
3184,606365.155355,55.26,73,-144.496,19.713,74.666,131.025,133.331,126.29,200.24,100.87,176.96,134.06
3185,606365.157253,56.586,73,-144.516,19.517,72.321,131.329,134.077,126.28,200.0,97.66,177.65,134.72
3186,606365.162259,55.094,72,-144.268,19.645,75.042,131.139,133.79,126.57,200.12,101.36,177.23,134.52
3187,606365.178685,56.65,73,-144.491,19.578,72.18,131.295,133.563,126.29,200.06,97.46,177.72,134.21
3188,606365.182073,55.108,75,-144.524,19.37,74.916,130.964,133.967,126.21,199.72,101.18,177.06,134.64
3189,606365.185647,56.813,71,-145.012,19.523,72.08,131.683,133.464,125.61,200.0,97.36,177.92,134.11
3190,606365.194527,55.342,74,-145.078,19.346,74.588,131.161,133.634,125.51,199.74,100.69,177.52,134.32
3191,606365.197987,56.518,72,-144.935,19.258,72.387,131.215,132.867,125.72,199.64,97.81,177.21,133.54
3192,606365.201182,55.415,72,-145.36,18.977,74.49,131.232,134.264,125.1,199.21,100.57,177.5,134.96
3193,606365.207162,56.447,71,-145.568,19.232,72.515,131.2,132.632,124.86,199.58,97.93,177.47,133.34
3194,606365.21011,55.509,75,-145.803,18.718,74.129,130.905,134.05,124.53,198.88,100.06,177.15,134.74
3195,606365.217684,56.066,73,-145.65,18.868,73.122,130.989,132.672,124.76,199.11,98.75,177.11,133.35
3196,606365.221744,55.636,75,-146.195,18.417,73.883,130.893,134.725,124.0,198.47,99.75,176.94,135.43
3197,606365.22556,56.127,75,-146.251,18.855,73.034,131.037,132.725,123.96,199.09,98.62,177.18,133.42
3198,606365.231683,55.819,77,-146.507,18.365,73.432,130.708,134.351,123.62,198.45,99.13,176.7,135.02
3199,606365.233416,55.714,75,-146.157,18.589,73.746,130.914,133.012,124.06,198.71,99.55,177.12,133.71
3200,606365.237432,56.162,76,-146.64,18.356,72.91,130.934,134.81,123.38,198.38,98.4,177.09,135.49
3201,606365.246325,55.701,74,-146.41,18.855,73.774,130.918,132.954,123.75,199.09,99.61,177.0,133.66
3202,606365.249807,56.439,75,-146.566,18.53,72.476,131.102,134.446,123.5,198.63,97.81,177.4,135.12
3203,606365.262841,55.673,72,-146.311,18.866,74.138,131.47,133.354,123.81,199.03,100.12,177.62,134.05
3204,606365.270506,56.955,72,-146.348,18.697,71.788,131.65,134.203,123.77,198.84,96.91,178.03,134.85
3205,606365.274523,55.31,73,-145.979,18.82,74.695,131.244,133.836,124.3,199.01,100.86,177.38,134.55
3206,606365.277642,56.983,72,-146.319,18.783,71.739,131.658,134.481,123.84,199.0,96.81,178.11,135.11
3207,606365.281477,55.419,75,-145.882,19.025,74.408,131.098,133.603,124.46,199.34,100.46,177.23,134.27
3208,606365.285762,56.697,76,-145.575,19.015,72.009,131.149,133.901,124.81,199.27,97.22,177.38,134.56
3209,606365.290511,55.309,74,-145.42,18.967,74.606,131.084,134.276,125.03,199.19,100.72,177.32,134.95
3210,606365.29859,56.883,70,-145.44,19.365,71.936,131.666,133.707,125.02,199.77,97.15,177.92,134.35
3211,606365.301228,55.371,74,-145.328,19.183,74.433,130.984,134.179,125.15,199.49,100.49,177.18,134.85
3212,606365.307429,56.323,75,-144.828,19.251,72.608,130.94,133.293,125.86,199.63,98.11,176.87,133.97
3213,606365.310567,55.334,74,-145.023,19.049,74.499,130.979,134.814,125.55,199.3,100.57,177.2,135.48
3214,606365.314355,56.455,72,-144.906,19.29,72.585,131.353,133.243,125.73,199.66,98.0,177.77,133.9
3215,606365.322419,55.603,73,-144.972,18.937,74.002,130.995,134.583,125.64,199.18,99.89,177.33,135.26
3216,606365.325857,55.613,76,-144.44,19.151,73.688,130.47,133.026,126.36,199.47,99.51,176.58,133.71
3217,606365.329197,55.409,75,-144.94,18.537,74.142,130.597,135.211,125.73,198.68,100.11,176.59,135.89
3218,606365.346726,55.247,77,-144.643,18.542,74.358,130.445,133.271,126.11,198.66,100.43,176.44,133.95
3219,606365.3505,55.974,75,-145.352,18.2,73.17,130.761,135.171,125.12,198.18,98.76,177.01,135.84
3220,606365.353838,55.403,74,-145.038,18.531,74.246,130.76,133.191,125.54,198.6,100.27,176.86,133.87
3221,606365.358326,56.231,74,-145.33,18.138,72.801,130.975,134.663,125.15,198.1,98.27,177.28,135.33
3222,606365.361719,55.268,69,-144.936,18.384,74.766,131.229,133.571,125.67,198.4,100.97,177.48,134.27
3223,606365.365672,56.395,72,-145.47,18.091,72.644,131.253,134.861,124.94,198.02,98.07,177.55,135.53
3224,606365.374339,55.187,74,-145.263,18.548,74.702,130.851,133.519,125.29,198.67,100.87,176.98,134.23
3225,606365.377146,56.593,70,-145.38,18.317,72.344,131.396,134.268,125.1,198.35,97.7,177.6,134.9
3226,606365.381926,54.982,74,-145.143,18.49,75.178,131.009,133.969,125.43,198.56,101.53,177.11,134.67
3227,606365.38596,56.717,73,-145.481,18.601,72.175,131.52,134.29,124.95,198.73,97.42,178.02,134.94
3228,606365.389729,55.164,74,-145.231,18.798,74.815,130.971,133.684,125.26,198.97,101.0,177.15,134.42
3229,606365.398554,56.482,72,-145.016,19.011,72.369,131.056,133.622,125.57,199.26,97.71,177.43,134.31
3230,606365.402032,55.002,75,-144.991,19.042,75.103,130.945,134.34,125.6,199.29,101.4,177.14,135.02
3231,606365.405357,56.762,65,-145.399,19.219,72.295,131.898,133.857,125.01,199.49,97.7,178.12,134.55
3232,606365.409726,55.12,76,-145.125,19.412,74.875,130.934,133.983,125.45,199.82,101.07,177.22,134.67
3233,606365.413799,56.422,72,-144.805,19.63,72.825,131.676,133.047,125.85,200.11,98.31,178.31,133.7
3234,606365.42229,55.245,73,-145.166,19.391,74.8,131.212,134.688,125.37,199.77,100.98,177.51,135.36
3235,606365.43443,55.608,75,-144.95,19.723,73.901,130.832,132.921,125.68,200.25,99.77,177.07,133.6
3236,606365.437449,55.507,74,-145.428,19.259,74.215,131.053,135.043,125.03,199.61,100.2,177.18,135.7
3237,606365.446994,55.763,75,-145.408,19.759,73.678,130.956,132.892,125.09,200.32,99.49,177.11,133.59
3238,606365.449769,55.625,76,-145.641,19.178,73.94,130.959,134.458,124.74,199.51,99.79,177.25,135.14
3239,606365.454683,55.307,76,-145.353,19.164,74.457,130.813,133.193,125.16,199.51,100.54,176.91,133.88
3240,606365.457171,55.875,77,-146.003,18.864,73.366,130.776,134.917,124.28,199.1,99.07,176.69,135.6
3241,606365.463117,55.357,73,-145.816,19.117,74.535,131.115,133.013,124.5,199.4,100.64,177.31,133.72
3242,606365.46643,56.391,73,-146.041,18.673,72.686,131.316,134.399,124.2,198.83,98.1,177.72,135.07
3243,606365.473682,55.066,73,-145.685,18.756,75.097,131.143,133.432,124.74,199.01,101.41,177.04,134.06
3244,606365.477918,56.497,72,-146.187,18.432,72.511,131.364,134.605,124.01,198.5,97.86,177.78,135.27
3245,606365.481249,55.359,71,-146.043,18.543,74.682,131.382,133.217,124.24,198.66,100.84,177.65,133.93
3246,606365.485835,56.542,74,-145.998,18.501,72.256,131.059,133.994,124.31,198.68,97.58,176.9,134.59
3247,606365.490136,55.211,72,-145.825,18.348,74.901,131.279,133.825,124.51,198.37,101.15,177.41,134.52
3248,606365.498525,57.015,70,-146.088,18.519,71.839,131.954,133.702,124.14,198.62,96.97,178.56,134.36
3249,606365.502275,55.324,72,-145.872,18.537,74.623,131.161,133.701,124.46,198.65,100.77,177.21,134.37
3250,606365.505591,56.822,72,-145.559,18.424,72.002,131.575,133.291,124.85,198.49,97.21,178.03,133.95
3251,606365.518798,55.435,72,-145.644,18.641,74.398,131.134,133.786,124.77,198.8,100.45,177.35,134.49
3252,606365.525854,56.442,73,-145.196,18.981,72.521,131.192,132.787,125.4,199.29,97.98,177.26,133.46
3253,606365.530648,55.293,74,-145.41,18.764,74.493,130.832,134.454,125.11,198.99,100.6,176.83,135.14
3254,606365.533341,56.426,73,-145.225,19.384,72.602,131.283,132.69,125.31,199.79,98.08,177.4,133.34
3255,606365.539234,55.647,72,-145.252,19.045,73.993,131.128,134.082,125.24,199.31,99.9,177.36,134.77
3256,606365.541911,55.768,75,-144.777,19.267,73.59,130.815,132.771,125.91,199.63,99.37,177.03,133.45
3257,606365.550301,55.802,73,-145.217,18.98,73.631,131.002,134.713,125.29,199.22,99.4,177.22,135.39
3258,606365.55425,55.763,76,-145.084,19.643,73.586,130.792,132.812,125.53,200.16,99.38,176.89,133.5
3259,606365.55843,55.958,76,-145.266,19.089,73.284,130.911,134.372,125.23,199.38,98.97,176.92,135.05
3260,606365.562842,55.438,74,-144.849,19.385,74.302,130.975,133.117,125.78,199.75,100.35,177.08,133.81
3261,606365.565927,56.236,73,-145.482,19.01,72.863,131.099,134.684,124.94,199.26,98.37,177.35,135.34
3262,606365.574515,55.498,74,-145.278,19.402,74.2,130.995,133.046,125.24,199.81,100.17,177.27,133.74
3263,606365.577879,56.474,72,-145.567,19.023,72.444,131.164,134.26,124.82,199.28,97.81,177.41,134.91
3264,606365.581813,55.241,73,-145.313,19.073,74.852,131.29,133.458,125.18,199.36,101.07,177.5,134.14
3265,606365.58641,56.641,73,-145.9,18.81,72.271,131.429,134.496,124.39,199.01,97.54,177.88,135.16
3266,606365.589577,55.381,73,-145.717,19.028,74.504,131.141,133.245,124.65,199.3,100.58,177.45,133.94
3267,606365.603992,55.196,74,-145.682,18.759,74.856,131.149,133.798,124.7,198.94,101.04,177.48,134.49
3268,606365.606965,57.013,71,-146.044,18.799,71.835,131.941,133.746,124.21,199.0,97.01,178.31,134.4
3269,606365.613961,56.634,74,-145.679,18.823,72.213,131.302,133.255,124.72,199.05,97.51,177.56,133.93
3270,606365.618375,55.263,73,-145.727,18.798,74.726,131.142,134.119,124.61,198.97,100.88,177.36,134.82
3271,606365.626215,56.995,69,-145.834,19.03,72.051,132.275,133.182,124.49,199.31,97.26,178.99,133.84
3272,606365.629656,55.446,73,-145.746,18.953,74.397,131.169,133.929,124.63,199.22,100.44,177.4,134.61
3273,606365.633199,56.348,73,-145.218,19.182,72.764,131.311,132.797,125.32,199.52,98.25,177.68,133.47
3274,606365.638414,55.377,73,-145.506,18.892,74.495,131.111,134.579,124.95,199.14,100.56,177.34,135.26
3275,606365.641691,56.404,70,-145.385,19.519,72.715,131.411,132.829,125.11,199.97,98.22,177.57,133.5
3276,606365.650522,55.692,74,-145.419,19.123,73.891,131.097,134.212,124.99,199.33,99.8,176.9,134.81
3277,606365.653719,55.744,75,-144.862,19.384,73.627,130.801,132.858,125.82,199.81,99.43,176.91,133.53
3278,606365.657183,55.768,76,-145.252,19.039,73.636,130.9,134.775,125.28,199.34,99.41,177.09,135.44
3279,606365.663362,55.698,76,-145.007,19.553,73.725,130.819,132.864,125.65,200.06,99.59,176.82,133.55
3280,606365.66633,55.988,75,-145.124,19.143,73.251,130.953,134.487,125.46,199.49,98.89,177.15,135.15
3281,606365.670324,55.317,75,-144.749,19.34,74.454,130.842,133.229,125.95,199.73,100.52,177.09,133.92
3282,606365.677971,56.256,75,-145.173,19.032,72.785,131.03,134.781,125.34,199.29,98.26,177.26,135.45
3283,606365.690585,55.461,70,-144.748,18.841,74.676,131.712,133.667,125.97,199.08,100.84,178.15,134.33
3284,606365.693335,56.775,73,-145.319,18.658,72.036,131.47,134.475,125.17,198.81,97.23,177.96,135.12
3285,606365.702925,55.445,73,-145.018,18.899,74.398,131.168,133.372,125.57,199.1,100.52,177.17,134.05
3286,606365.705943,56.796,72,-145.123,18.649,72.027,131.528,133.969,125.42,198.77,97.26,177.91,134.61
3287,606365.709325,55.204,75,-145.077,18.521,74.695,130.892,133.962,125.51,198.61,100.84,177.16,134.65
3288,606365.714263,56.787,74,-145.377,18.701,71.905,131.275,133.77,125.15,198.91,97.14,177.27,134.41
3289,606365.717559,55.308,75,-145.252,18.591,74.461,130.825,133.836,125.27,198.71,100.52,177.06,134.53
3290,606365.723048,56.76,72,-144.948,18.69,72.029,131.405,133.236,125.63,198.8,97.31,177.56,133.89
3291,606365.729658,55.106,76,-145.101,18.535,74.79,130.737,134.315,125.51,198.65,101.03,176.64,135.0
3292,606365.73368,56.73,72,-145.202,18.801,72.151,131.522,133.272,125.36,199.02,97.44,177.87,133.94
3293,606365.737863,55.492,72,-145.252,18.74,74.259,131.079,134.027,125.24,198.88,100.32,177.06,134.7
3294,606365.741919,56.194,73,-144.904,19.03,72.89,131.005,132.895,125.72,199.29,98.45,177.17,133.57
3295,606365.745236,55.418,75,-145.191,18.745,74.27,130.85,134.74,125.36,198.93,100.29,176.86,135.42
3296,606365.754548,56.057,76,-145.078,19.402,73.003,130.744,132.811,125.51,199.81,98.57,176.93,133.49
3297,606365.757717,55.634,76,-145.213,19.028,73.785,130.715,134.344,125.32,199.3,99.64,176.72,135.02
3298,606365.762094,55.688,76,-144.67,19.449,73.635,130.628,132.88,126.06,199.88,99.43,176.78,133.56
3299,606365.770541,55.741,76,-145.079,19.742,73.653,130.839,132.884,125.51,200.28,99.44,177.06,133.57
3300,606365.779337,56.01,75,-145.404,19.23,73.159,130.864,134.457,125.11,199.62,98.78,176.93,135.13
3301,606365.781675,55.425,74,-145.123,19.523,74.397,131.099,133.303,125.43,199.95,100.46,177.32,133.98
3302,606365.785443,56.248,76,-145.702,19.195,72.738,130.919,134.76,124.66,199.54,98.16,177.21,135.43
3303,606365.790455,55.545,74,-145.482,19.578,74.204,131.157,133.161,124.97,200.05,100.17,177.49,133.85
3304,606365.793332,56.631,73,-145.728,19.296,72.255,131.365,134.338,124.62,199.68,97.52,177.8,135.0
3305,606365.798641,55.359,72,-145.587,19.263,74.688,131.391,133.734,124.85,199.65,100.84,177.7,134.42
3306,606365.806403,56.627,75,-146.023,19.09,72.206,131.261,134.519,124.25,199.42,97.47,177.53,135.17
3307,606365.80961,55.384,74,-145.905,19.234,74.505,131.154,133.544,124.43,199.61,100.59,177.36,134.23
3308,606365.814436,56.733,75,-145.918,19.089,72.037,131.323,134.033,124.37,199.39,97.23,177.72,134.69
3309,606365.818415,55.22,74,-145.92,18.887,74.841,131.201,134.172,124.4,199.13,101.03,177.46,134.88
3310,606365.822366,56.843,74,-146.31,18.93,71.921,131.5,133.839,123.82,199.15,97.09,177.83,134.49
3311,606365.829695,55.345,75,-146.266,18.728,74.501,131.017,133.936,123.91,198.89,100.55,177.29,134.63
3312,606365.834485,56.611,75,-145.94,18.729,72.174,131.147,133.229,124.33,198.88,97.46,177.33,133.89
3313,606365.837072,55.316,73,-146.268,18.408,74.579,131.06,134.514,123.91,198.46,100.65,177.36,135.21
3314,606365.842394,56.572,71,-146.249,18.716,72.304,131.251,133.241,123.96,198.91,97.62,177.45,133.9
3315,606365.845782,55.628,73,-146.371,18.381,74.077,131.212,134.23,123.77,198.42,99.97,177.55,134.92
3316,606365.86252,56.099,76,-146.171,18.683,72.902,130.707,133.063,124.06,198.86,98.44,176.74,133.74
3317,606365.865623,55.78,74,-146.221,18.275,73.633,130.931,134.632,123.94,198.26,99.44,176.86,135.3
3318,606365.869342,55.541,78,-145.677,18.463,73.821,130.466,133.18,124.7,198.54,99.66,176.54,133.87
3319,606365.874241,55.954,76,-146.149,18.198,73.26,130.856,135.128,124.06,198.18,98.9,176.9,135.8
3320,606365.881887,55.575,76,-145.749,18.752,73.916,130.749,133.176,124.61,198.93,99.79,176.92,133.87
3321,606365.885795,56.063,76,-145.894,18.365,73.041,130.832,134.722,124.4,198.41,98.58,177.07,135.39
3322,606365.890521,55.252,75,-145.367,18.673,74.612,130.905,133.467,125.12,198.82,100.73,177.15,134.16
3323,606365.894158,56.25,74,-145.756,18.418,72.808,131.051,135.14,124.6,198.5,98.28,177.29,135.81
3324,606365.897364,55.359,73,-145.247,18.913,74.499,131.061,133.436,125.26,199.12,100.6,177.26,134.12
3325,606365.907149,56.493,72,-145.323,18.719,72.516,131.36,134.481,125.17,198.89,97.95,177.4,135.12
3326,606365.909639,54.96,74,-144.864,18.784,75.228,131.026,133.98,125.78,198.94,101.62,177.02,134.68
3327,606365.913677,56.679,72,-145.362,18.792,72.311,131.635,134.616,125.12,199.0,97.64,177.95,135.26
3328,606365.918604,55.044,73,-145.053,19.008,75.039,130.971,133.699,125.56,199.29,101.33,177.15,134.39
3329,606365.921646,56.593,73,-144.929,18.878,72.352,131.409,133.94,125.72,199.13,97.7,177.75,134.59
3330,606365.93098,54.89,73,-144.956,18.831,75.331,130.977,134.262,125.67,199.03,101.69,177.29,134.96
3331,606365.933516,56.51,74,-145.21,19.039,72.501,131.392,133.566,125.32,199.33,97.88,177.83,134.23
3332,606365.938044,55.016,75,-145.194,18.872,75.058,130.911,134.032,125.38,199.11,101.34,177.07,134.72
3333,606365.94588,54.99,74,-145.326,18.611,75.221,131.112,134.459,125.19,198.76,101.55,177.35,135.15
3334,606365.9558,56.347,72,-145.514,18.881,72.878,131.51,133.014,124.97,199.15,98.44,177.71,133.69
3335,606365.958131,55.197,72,-145.708,18.454,74.842,131.127,134.065,124.64,198.5,101.05,177.33,134.77
3336,606365.962605,55.753,73,-145.546,18.548,73.707,130.972,132.843,124.88,198.65,99.52,177.21,133.53
3337,606365.966398,55.358,74,-146.073,18.217,74.414,130.909,134.671,124.17,198.2,100.47,176.95,135.35
3338,606365.973677,55.434,77,-146.296,18.25,74.157,130.706,134.243,123.87,198.24,100.08,176.87,134.94
3339,606365.981892,55.135,77,-145.931,18.538,74.656,130.598,132.728,124.37,198.63,100.79,176.69,133.44
3340,606365.98565,55.589,77,-146.519,18.224,73.881,130.734,134.707,123.54,198.19,99.72,176.83,135.4
3341,606365.989045,55.353,75,-146.154,18.747,74.391,130.85,132.449,124.05,198.9,100.45,176.91,133.16
3342,606365.994508,55.759,77,-146.33,18.418,73.533,130.686,134.167,123.82,198.48,99.24,176.84,134.86
3343,606365.99773,54.87,71,-146.049,18.604,75.136,130.573,133.138,124.17,198.7,101.48,176.3,133.88
3344,606366.005692,56.414,73,-146.315,18.582,72.659,131.344,134.323,123.82,198.68,98.08,177.62,134.98
3345,606366.010377,55.31,72,-145.925,19.068,74.764,131.364,132.758,124.32,199.3,101.02,177.22,133.51
3346,606366.013132,56.541,73,-145.792,18.827,72.506,131.509,133.733,124.59,199.08,97.94,177.53,134.37
3347,606366.018758,55.094,72,-145.444,19.035,75.054,131.159,133.185,125.1,199.4,101.37,177.11,133.84
3348,606366.021524,56.79,69,-145.771,19.105,72.209,131.838,133.785,124.6,199.44,97.49,178.28,134.46
3349,606366.025676,55.289,73,-145.323,19.226,74.706,131.194,132.943,125.17,199.55,100.93,177.2,133.63
3350,606366.03817,55.023,75,-144.895,19.263,75.075,130.964,133.568,125.76,199.62,101.4,177.05,134.28
3351,606366.042452,56.754,73,-144.922,19.555,72.165,131.632,133.128,125.69,200.01,97.45,178.03,133.79
3352,606366.046357,55.361,73,-144.862,19.47,74.571,131.194,133.343,125.81,199.9,100.72,177.36,134.03
3353,606366.050594,56.517,74,-144.35,19.482,72.413,131.257,132.632,126.44,199.88,97.84,177.39,133.29
3354,606366.058305,55.45,73,-144.667,19.314,74.38,131.153,133.853,126.08,199.72,100.44,177.41,134.52
3355,606366.062007,56.608,72,-144.619,19.601,72.311,131.388,132.458,126.1,200.06,97.67,177.69,133.11
3356,606366.065657,55.713,71,-144.773,19.213,73.958,131.285,133.61,125.91,199.55,99.85,177.69,134.28
3357,606366.071498,56.151,75,-144.525,19.311,72.894,130.868,132.428,126.25,199.69,98.44,177.1,133.1
3358,606366.073388,55.897,73,-145.046,18.845,73.5,131.089,134.176,125.54,199.06,99.22,177.44,134.85
3359,606366.082071,56.164,75,-145.112,19.285,72.865,130.861,132.361,125.49,199.67,98.41,176.97,133.05
3360,606366.085166,56.069,74,-145.49,18.682,73.115,130.984,133.964,124.95,198.84,98.74,177.05,134.62
3361,606366.090039,55.785,76,-145.275,18.729,73.516,130.741,132.644,125.27,198.92,99.29,176.8,133.34
3362,606366.094996,56.524,74,-145.971,18.454,72.309,131.091,134.355,124.28,198.5,97.66,177.08,135.03
3363,606366.097712,55.943,74,-145.836,18.673,73.392,131.052,132.619,124.49,198.83,99.13,177.09,133.31
3364,606366.101671,56.834,72,-146.188,18.31,71.848,131.333,134.018,123.98,198.31,97.0,177.59,134.69
3365,606366.109893,55.726,73,-145.916,18.477,73.856,131.149,133.002,124.36,198.53,99.73,177.33,133.7
3366,606366.113697,57.039,72,-146.564,18.189,71.513,131.442,134.429,123.5,198.17,96.51,177.86,135.09
3367,606366.122465,57.14,73,-146.479,18.285,71.306,131.419,134.121,123.6,198.28,96.26,177.72,134.77
3368,606366.12672,55.787,73,-146.1,18.524,73.854,131.348,133.513,124.11,198.6,99.75,177.4,134.24
3369,606366.13471,57.407,71,-146.456,18.574,70.993,131.792,134.053,123.6,198.66,95.88,177.89,134.76
3370,606366.137777,55.768,73,-146.204,18.842,73.824,131.232,133.648,124.01,199.07,99.64,177.51,134.31
3371,606366.141152,57.341,73,-145.895,18.939,71.1,131.754,133.501,124.42,199.21,96.02,178.0,134.13
3372,606366.146735,55.809,72,-145.802,19.073,73.856,131.426,134.142,124.53,199.37,99.68,177.87,134.82
3373,606366.149776,57.328,71,-145.804,19.356,71.144,131.79,133.562,124.47,199.72,96.05,178.15,134.24
3374,606366.158639,55.963,73,-145.595,19.411,73.565,131.43,133.958,124.78,199.8,99.32,177.75,134.64
3375,606366.162162,56.993,71,-145.042,19.737,71.742,131.7,133.107,125.5,200.22,96.91,177.96,133.76
3376,606366.165734,55.951,71,-145.217,19.566,73.657,131.554,134.709,125.26,199.98,99.46,177.8,135.37
3377,606366.171436,57.054,72,-145.033,20.069,71.587,131.63,133.264,125.56,200.73,96.64,178.15,133.91
3378,606366.173898,55.91,72,-144.873,19.774,73.64,131.383,134.345,125.73,200.28,99.46,177.43,135.02
3379,606366.177578,56.304,74,-144.338,19.892,72.719,131.074,133.228,126.5,200.48,98.19,177.42,133.89
3380,606366.185915,55.888,76,-144.728,19.497,73.426,130.93,135.298,125.91,199.92,99.16,176.77,136.03
3381,606366.189452,56.255,75,-144.405,20.02,72.717,130.904,133.281,126.38,200.63,98.2,177.08,133.95
3382,606366.193357,56.056,76,-144.58,19.344,73.057,130.836,134.787,126.18,199.76,98.63,177.04,135.44
3383,606366.201776,56.316,75,-144.616,18.933,72.561,130.833,135.329,126.13,199.2,97.96,177.04,135.99
3384,606366.211846,55.725,76,-144.508,19.242,73.617,130.718,133.676,126.29,199.61,99.41,176.84,134.36
3385,606366.213902,56.598,73,-144.895,18.639,72.168,131.093,134.891,125.74,198.78,97.46,177.24,135.54
3386,606366.217204,55.388,69,-144.658,18.584,74.333,130.864,133.984,126.1,198.73,100.38,176.99,134.67
3387,606366.22286,56.806,73,-145.399,18.2,71.875,131.284,135.253,125.05,198.19,97.01,177.72,135.9
3388,606366.226542,55.461,70,-145.3,18.179,74.052,130.61,133.88,125.08,198.07,100.0,176.35,134.65
3389,606366.230523,57.076,71,-145.581,17.994,71.531,131.604,134.805,124.82,197.9,96.59,177.9,135.45
3390,606366.238786,55.198,74,-145.318,17.919,74.738,130.951,134.25,125.18,197.8,100.89,177.24,134.94
3391,606366.241572,56.928,73,-145.809,17.811,71.771,131.523,134.637,124.51,197.66,96.87,178.01,135.29
3392,606366.24686,55.276,75,-145.863,17.988,74.526,130.834,134.383,124.49,197.93,100.64,176.85,135.08
3393,606366.249156,56.839,70,-145.728,18.025,71.995,131.62,134.014,124.57,197.9,97.24,177.86,134.67
3394,606366.254741,55.12,72,-145.904,17.991,74.824,130.843,134.867,124.34,197.84,101.03,176.84,135.57
3395,606366.262424,56.782,69,-146.034,18.331,72.142,131.688,133.997,124.22,198.37,97.43,177.93,134.68
3396,606366.265599,55.345,73,-145.814,18.427,74.579,131.156,134.44,124.47,198.43,100.71,177.25,135.13
3397,606366.269903,56.309,73,-145.473,18.864,72.826,131.284,133.539,124.99,199.09,98.42,177.11,134.2
3398,606366.27517,55.153,74,-145.587,18.695,74.822,130.946,135.106,124.82,198.85,100.97,177.25,135.79
3399,606366.277314,56.281,72,-145.542,19.446,73.0,131.503,133.535,124.96,199.96,98.61,177.55,134.18
3400,606366.289612,55.492,75,-144.99,19.558,74.13,130.853,133.45,125.63,200.02,100.08,177.1,134.13
3401,606366.29458,55.406,76,-145.469,19.248,74.28,130.83,135.435,124.99,199.62,100.25,177.02,136.1
3402,606366.297557,55.427,77,-145.208,20.001,74.216,130.788,133.343,125.36,200.64,100.2,176.92,134.04
3403,606366.302282,55.574,77,-145.325,19.532,73.948,130.802,134.871,125.17,199.99,99.79,177.07,135.55
3404,606366.305661,54.86,76,-144.913,19.825,75.293,130.814,133.575,125.76,200.4,101.66,176.95,134.27
3405,606366.31363,55.736,77,-145.432,19.467,73.716,130.933,135.304,125.07,199.95,99.52,177.03,135.98
3406,606366.31738,55.169,75,-145.196,19.971,74.852,131.054,133.317,125.35,200.58,101.04,177.37,134.01
3407,606366.322707,55.877,74,-145.267,19.525,73.536,131.087,134.575,125.23,199.96,99.32,177.11,135.23
3408,606366.326209,54.876,70,-144.947,19.457,75.613,131.422,133.816,125.7,199.87,102.12,177.65,134.51
3409,606366.329442,56.195,72,-145.657,19.304,73.157,131.492,134.743,124.76,199.71,98.8,177.6,135.4
3410,606366.33828,54.897,76,-145.411,19.383,75.336,131.008,133.439,125.1,199.85,101.73,176.89,134.08
3411,606366.341729,56.248,73,-145.608,19.035,73.049,131.477,134.109,124.82,199.34,98.62,177.83,134.79
3412,606366.345402,54.763,73,-145.545,18.88,75.649,131.115,133.851,124.86,199.07,102.14,177.33,134.56
3413,606366.350281,56.392,72,-145.997,18.807,72.848,131.612,133.759,124.27,199.01,98.33,178.11,134.43
3414,606366.353176,54.804,76,-145.941,18.604,75.384,130.791,133.62,124.35,198.72,101.76,176.98,134.33
3415,606366.362681,56.092,76,-145.811,18.495,73.056,130.957,133.191,124.52,198.58,98.63,177.19,133.87
3416,606366.365627,54.808,76,-145.948,18.306,75.425,130.874,133.979,124.34,198.32,101.81,177.1,134.69
3417,606366.374465,54.898,76,-146.1,18.094,75.155,130.698,133.648,124.05,197.96,101.49,176.52,134.4
3418,606366.378872,56.076,73,-145.733,18.253,73.185,131.135,132.681,124.61,198.23,98.84,177.29,133.37
3419,606366.381985,54.995,76,-146.025,17.986,74.858,130.496,134.158,124.21,197.87,101.04,176.53,134.89
3420,606366.390087,55.784,77,-145.661,18.611,73.429,130.586,132.407,124.81,198.82,99.21,176.31,133.07
3421,606366.393147,55.332,75,-145.793,18.232,74.317,130.649,133.866,124.56,198.24,100.34,176.69,134.55
3422,606366.398722,55.461,77,-145.236,18.671,73.993,130.508,132.372,125.33,198.84,99.95,176.45,133.06
3423,606366.401813,55.653,74,-145.642,18.463,73.844,130.884,134.344,124.74,198.54,99.67,177.14,135.03
3424,606366.405558,55.592,78,-145.111,19.139,73.724,130.467,132.181,125.47,199.45,99.56,176.52,132.87
3425,606366.414448,55.765,77,-145.267,18.905,73.497,130.639,133.885,125.25,199.14,99.21,176.81,134.56
3426,606366.418187,55.251,76,-144.681,19.305,74.458,130.632,132.562,126.05,199.68,100.55,176.78,133.25
3427,606366.422066,56.191,73,-145.055,19.231,72.955,131.112,134.262,125.55,199.6,98.5,177.36,134.94
3428,606366.427017,55.376,76,-144.713,19.845,74.359,130.869,132.627,126.0,200.41,100.4,177.11,133.32
3429,606366.429299,56.421,74,-144.707,19.656,72.554,131.181,133.721,126.0,200.16,97.95,177.56,134.38
3430,606366.438471,55.337,70,-144.286,19.944,74.754,131.436,133.008,126.56,200.51,101.01,177.53,133.7
3431,606366.441719,56.804,72,-144.774,19.863,72.038,131.576,133.895,125.94,200.47,97.27,177.97,134.56
3432,606366.445247,55.506,71,-144.517,20.102,74.486,131.528,132.94,126.25,200.74,100.59,177.91,133.61
3433,606366.458859,57.002,74,-145.095,19.861,71.685,131.627,133.48,125.44,200.43,96.76,178.08,134.17
3434,606366.466026,55.434,74,-145.073,19.834,74.315,130.985,133.167,125.54,200.41,100.4,176.93,133.85
3435,606366.470876,56.896,72,-145.0,19.781,71.903,131.651,132.816,125.62,200.33,97.13,177.91,133.47
3436,606366.473739,55.485,75,-145.366,19.373,74.314,131.153,133.77,125.12,199.77,100.31,177.5,134.46
3437,606366.478656,56.837,71,-145.806,19.579,71.889,131.419,132.645,124.59,200.11,97.1,177.56,133.31
3438,606366.481979,55.757,72,-146.001,19.056,73.889,131.31,133.655,124.24,199.32,99.76,177.56,134.35
3439,606366.490081,56.52,73,-145.835,18.948,72.382,131.21,132.574,124.52,199.22,97.75,177.38,133.26
3440,606366.493719,55.838,72,-146.404,18.517,73.633,131.128,134.288,123.72,198.61,99.42,177.21,135.0
3441,606366.497193,56.497,74,-146.401,18.672,72.404,131.171,132.532,123.79,198.87,97.79,177.21,133.22
3442,606366.502448,55.985,75,-146.688,18.194,73.211,130.872,134.151,123.32,198.15,98.83,176.97,134.85
3443,606366.505155,55.981,76,-146.3,18.304,73.145,130.742,132.706,123.85,198.3,98.78,176.76,133.39
3444,606366.51395,56.17,75,-146.855,17.875,72.867,130.885,134.9,123.11,197.74,98.32,177.12,135.58
3445,606366.517884,56.144,76,-146.536,18.349,72.906,130.866,132.822,123.55,198.38,98.42,177.03,133.51
3446,606366.521499,56.55,74,-146.762,17.922,72.236,131.048,134.491,123.26,197.83,97.55,176.99,135.17
3447,606366.526972,55.707,75,-146.118,18.199,73.662,130.739,133.284,124.13,198.2,99.46,176.78,133.97
3448,606366.529391,56.853,74,-146.462,18.019,71.699,131.128,134.924,123.63,197.94,96.8,177.23,135.58
3449,606366.546665,55.718,72,-145.353,18.684,73.921,131.237,133.931,125.11,198.81,99.81,177.49,134.6
3450,606366.549249,57.363,72,-145.682,18.688,71.065,131.769,134.827,124.69,198.86,95.96,178.12,135.44
3451,606366.55431,55.855,75,-145.186,19.107,73.617,131.157,133.863,125.38,199.44,99.4,177.4,134.53
3452,606366.557524,57.246,73,-144.919,19.235,71.106,131.426,134.202,125.71,199.59,96.03,177.68,134.84
3453,606366.565616,55.584,75,-144.711,19.273,74.003,130.933,134.502,125.99,199.64,99.89,177.25,135.17
3454,606366.569728,57.321,73,-144.797,19.614,71.139,131.757,134.294,125.85,200.1,96.08,178.05,134.92
3455,606366.574172,55.834,74,-144.67,19.694,73.689,131.215,134.355,126.05,200.21,99.46,177.65,135.02
3456,606366.578284,56.866,74,-144.301,19.783,71.684,131.144,133.838,126.52,200.33,96.8,177.31,134.53
3457,606366.581463,55.579,75,-144.375,19.696,74.118,131.12,135.052,126.46,200.24,100.06,177.43,135.71
3458,606366.589865,56.797,76,-144.372,20.064,71.832,131.173,133.855,126.45,200.73,97.0,177.41,134.52
3459,606366.593937,55.818,74,-144.385,19.849,73.725,131.224,134.783,126.43,200.42,99.51,177.68,135.44
3460,606366.597372,56.406,73,-143.984,20.1,72.536,131.096,133.517,127.0,200.78,98.01,177.12,134.16
3461,606366.602257,55.547,74,-144.345,19.62,74.112,131.002,135.494,126.39,200.03,100.07,177.05,136.19
3462,606366.606139,56.453,75,-144.354,20.058,72.449,131.099,133.611,126.45,200.69,97.83,177.35,134.27
3463,606366.610138,55.729,76,-144.571,19.638,73.697,130.875,134.954,126.17,200.13,99.47,177.2,135.62
3464,606366.619582,55.692,76,-144.373,19.723,73.668,130.7,133.647,126.45,200.25,99.5,176.73,134.3
3465,606366.631318,56.055,77,-145.536,19.001,73.004,130.736,135.152,124.93,199.32,98.57,176.75,135.82
3466,606366.634358,55.122,71,-145.525,18.885,74.747,130.716,134.163,124.9,199.08,100.99,176.51,134.92
3467,606366.643808,56.468,73,-146.253,18.588,72.552,131.338,135.547,123.91,198.71,97.89,177.78,136.21
3468,606366.645896,55.431,71,-146.274,18.672,74.59,131.462,133.957,123.95,198.86,100.72,177.65,134.66
3469,606366.649808,56.474,74,-146.595,18.275,72.478,131.226,134.948,123.45,198.29,97.8,177.59,135.62
3470,606366.65485,55.069,73,-146.566,18.207,75.136,131.221,134.405,123.52,198.21,101.43,177.29,135.09
3471,606366.658122,56.678,72,-147.219,18.109,72.317,131.643,135.032,122.62,198.06,97.57,178.15,135.7
3472,606366.666425,55.138,74,-147.213,18.162,74.97,131.16,134.114,122.64,198.12,101.16,177.45,134.83
3473,606366.669723,56.537,73,-147.232,17.987,72.495,131.474,134.428,122.63,197.91,97.85,177.77,135.12
3474,606366.673871,55.022,75,-147.215,18.052,75.213,131.202,134.564,122.64,197.97,101.48,177.52,135.28
3475,606366.678765,56.449,71,-147.408,18.261,72.688,131.52,134.163,122.36,198.27,98.14,177.53,134.86
3476,606366.681543,55.063,73,-147.168,18.354,75.184,131.284,134.373,122.68,198.35,101.52,177.27,135.09
3477,606366.686315,56.309,72,-146.743,18.634,73.05,131.689,133.63,123.25,198.74,98.61,178.05,134.3
3478,606366.694247,54.964,72,-146.804,18.564,75.37,131.285,134.8,123.16,198.64,101.72,177.53,135.52
3479,606366.697598,56.287,71,-146.592,19.206,73.119,131.737,133.467,123.45,199.53,98.7,178.12,134.15
3480,606366.701566,54.991,76,-146.391,19.07,75.163,131.013,134.336,123.71,199.32,101.5,176.91,135.07
3481,606366.718588,55.504,76,-145.476,20.167,74.175,130.971,133.021,125.02,200.91,100.15,177.02,133.66
3482,606366.72203,55.268,75,-145.412,19.723,74.623,130.979,134.518,125.05,200.24,100.71,177.3,135.2
3483,606366.725419,55.028,75,-144.746,20.11,75.005,130.857,133.213,125.98,200.79,101.28,177.01,133.9
3484,606366.731127,55.367,77,-145.05,19.909,74.298,130.735,134.978,125.56,200.52,100.28,176.91,135.66
3485,606366.733943,55.045,76,-144.666,20.543,74.899,130.73,132.924,126.05,201.34,101.14,176.84,133.61
3486,606366.738421,55.57,76,-144.738,20.051,73.991,130.866,134.3,125.96,200.69,99.87,177.17,134.97
3487,606366.746031,54.859,72,-144.315,20.165,75.495,131.162,133.456,126.51,200.82,101.95,177.43,134.15
3488,606366.74959,56.085,72,-144.82,19.985,73.291,131.354,134.517,125.9,200.66,98.97,177.58,135.18
3489,606366.754621,54.977,72,-144.374,20.372,75.254,131.125,133.019,126.47,201.15,101.67,177.02,133.65
3490,606366.757862,56.18,73,-144.37,19.988,73.122,131.376,133.973,126.43,200.59,98.74,177.74,134.62
3491,606366.762397,54.809,73,-144.175,19.958,75.601,131.183,133.481,126.73,200.56,102.12,177.36,134.19
3492,606366.770696,56.513,73,-144.615,19.84,72.575,131.536,133.887,126.12,200.41,97.97,178.06,134.54
3493,606366.773624,54.972,74,-144.452,19.752,75.171,130.966,133.072,126.38,200.3,101.52,177.16,133.78
3494,606366.778213,56.399,73,-144.364,19.648,72.627,131.237,133.123,126.46,200.15,98.07,177.63,133.78
3495,606366.781918,54.702,77,-144.551,19.286,75.486,130.637,133.653,126.22,199.65,101.96,176.62,134.34
3496,606366.786055,56.48,74,-144.928,19.345,72.52,131.322,133.001,125.71,199.74,97.92,177.72,133.66
3497,606366.793946,55.063,74,-145.049,19.002,74.996,130.956,133.345,125.58,199.28,101.32,176.9,134.03
3498,606366.80193,55.14,75,-145.375,18.43,74.8,130.867,133.808,125.12,198.5,101.01,176.93,134.53
3499,606366.807207,56.376,73,-145.674,18.631,72.635,131.172,132.365,124.72,198.77,98.13,177.23,133.05
3500,606366.810637,55.361,72,-145.885,18.138,74.475,131.025,133.618,124.42,198.09,100.54,177.29,134.32
3501,606366.813249,56.021,73,-145.653,18.341,73.026,130.665,132.211,124.75,198.37,98.66,176.53,132.89
3502,606366.823852,55.476,75,-146.337,17.99,73.964,130.506,134.056,123.81,197.89,99.83,176.59,134.76
3503,606366.825749,55.818,78,-146.125,18.39,73.335,130.529,132.152,124.13,198.46,99.04,176.47,132.85
3504,606366.830604,55.806,77,-146.519,17.978,73.431,130.663,133.844,123.54,197.86,99.14,176.67,134.54
3505,606366.834576,55.634,77,-146.122,18.409,73.693,130.549,132.29,124.14,198.48,99.52,176.49,132.99
3506,606366.838564,56.085,76,-146.613,18.041,73.012,130.853,134.171,123.46,197.99,98.56,176.94,134.85
3507,606366.846078,55.776,77,-146.253,18.692,73.502,130.685,132.353,123.94,198.85,99.24,176.78,133.05
3508,606366.849993,56.442,76,-146.479,18.399,72.356,130.895,133.857,123.64,198.48,97.68,177.0,134.53
3509,606366.853377,55.567,70,-146.081,18.724,74.039,130.94,132.935,124.1,198.84,100.03,176.66,133.67
3510,606366.858852,57.051,72,-146.282,18.8,71.551,131.556,134.082,123.9,199.0,96.68,177.51,134.74
3511,606366.862936,55.995,70,-145.894,19.294,73.686,131.755,132.953,124.42,199.67,99.52,178.01,133.61
3512,606366.870192,57.268,70,-145.799,19.17,71.26,131.791,133.695,124.54,199.51,96.24,178.1,134.32
3513,606366.873894,55.642,72,-145.395,19.406,74.192,131.463,133.474,125.09,199.82,100.2,177.69,134.14
3514,606366.877467,57.321,72,-145.614,19.508,71.18,131.831,134.152,124.77,199.97,96.07,178.44,134.79
3515,606366.890717,55.609,74,-144.843,19.754,74.066,131.128,134.034,125.85,200.31,100.01,177.38,134.72
3516,606366.897906,57.191,74,-145.064,19.918,71.309,131.606,133.496,125.55,200.51,96.38,177.82,134.13
3517,606366.90176,55.769,75,-145.027,19.783,73.705,131.023,133.998,125.57,200.33,99.49,177.35,134.67
3518,606366.905253,56.803,73,-144.636,19.703,71.872,131.268,133.103,126.09,200.23,97.04,177.66,133.75
3519,606366.910504,55.913,71,-144.976,19.427,73.652,131.417,134.705,125.63,199.85,99.41,177.9,135.37
3520,606366.914814,56.835,72,-145.004,19.635,71.864,131.367,133.074,125.61,200.13,97.08,177.54,133.73
3521,606366.921973,55.993,73,-145.183,19.042,73.376,131.193,134.415,125.31,199.27,99.1,177.32,135.08
3522,606366.925899,56.255,75,-145.0,19.121,72.629,130.747,133.106,125.61,199.43,98.06,176.94,133.77
3523,606366.929761,56.123,74,-145.529,18.617,73.051,131.052,135.104,124.93,198.79,98.63,177.17,135.77
3524,606366.93437,56.235,76,-145.547,18.919,72.713,130.828,133.262,124.9,199.18,98.19,176.92,133.95
3525,606366.937886,56.168,77,-145.95,18.255,72.794,130.745,134.811,124.32,198.26,98.24,176.96,135.48
3526,606366.946085,55.964,74,-145.706,18.262,73.23,130.835,133.454,124.7,198.33,98.82,176.88,134.12
3527,606366.949665,56.448,74,-146.307,17.881,72.383,130.965,135.255,123.82,197.72,97.7,177.14,135.91
3528,606366.953562,55.976,75,-146.176,18.065,73.244,130.901,133.503,124.03,198.0,98.92,176.88,134.17
3529,606366.958589,56.651,75,-146.449,17.708,72.003,130.977,134.923,123.66,197.53,97.25,176.83,135.61
3530,606366.962673,55.829,70,-146.165,17.792,73.864,131.509,133.992,124.04,197.63,99.7,177.96,134.68
3531,606366.974465,55.889,70,-146.5,18.004,73.746,131.501,133.909,123.62,197.93,99.56,177.81,134.61
3532,606366.979883,56.921,74,-146.444,17.905,71.651,131.279,134.774,123.63,197.77,96.72,177.55,135.44
3533,606366.981915,55.317,75,-146.137,18.114,74.539,130.991,134.396,124.1,198.08,100.62,177.16,135.09
3534,606366.9866,57.178,68,-146.322,18.454,71.472,131.859,134.583,123.85,198.57,96.48,178.3,135.22
3535,606366.989628,55.432,74,-146.015,18.737,74.376,131.087,134.312,124.27,198.92,100.4,177.3,135.01
3536,606366.998171,56.82,72,-145.549,19.056,71.918,131.414,134.008,124.84,199.32,97.1,177.75,134.65
3537,606367.002187,55.235,73,-145.445,19.175,74.798,131.177,134.868,124.96,199.44,101.04,177.12,135.57
3538,606367.005029,56.727,69,-145.328,19.739,72.179,131.563,133.855,125.2,200.32,97.5,177.63,134.5
3539,606367.010329,55.362,73,-145.187,19.773,74.588,131.226,134.517,125.34,200.29,100.69,177.53,135.18
3540,606367.013899,56.253,74,-144.712,20.051,72.919,131.262,133.608,126.02,200.72,98.47,177.55,134.28
3541,606367.021686,55.312,74,-144.895,19.889,74.709,131.276,135.279,125.72,200.45,100.84,177.62,135.96
3542,606367.026419,56.372,72,-144.839,20.586,72.851,131.547,133.581,125.88,201.47,98.39,177.81,134.25
3543,606367.029178,55.474,71,-144.823,20.193,74.5,131.443,134.792,125.84,200.88,100.59,177.71,135.49
3544,606367.033989,55.586,74,-144.334,20.36,74.004,130.943,133.578,126.56,201.16,99.96,177.02,134.26
3545,606367.037924,55.382,76,-144.819,20.003,74.372,130.912,135.564,125.82,200.6,100.38,177.16,136.22
3546,606367.041425,55.481,76,-144.792,20.487,74.148,130.845,133.551,125.89,201.28,100.09,177.12,134.23
3547,606367.049685,55.577,76,-145.051,19.872,74.015,130.929,135.025,125.54,200.45,99.92,177.07,135.69
3548,606367.058262,55.727,76,-145.515,19.402,73.682,130.843,135.464,124.86,199.76,99.47,176.93,136.13
3549,606367.062949,54.946,75,-145.562,19.519,75.045,130.66,133.575,124.81,199.95,101.31,176.53,134.37
3550,606367.065739,55.886,77,-145.864,18.992,73.357,130.799,134.797,124.44,199.26,98.99,177.04,135.47
3551,606367.074521,54.923,71,-145.759,18.87,75.427,131.252,133.959,124.64,199.14,101.88,177.16,134.64
3552,606367.079305,56.399,72,-146.605,18.528,72.778,131.51,134.911,123.44,198.63,98.2,177.98,135.58
3553,606367.081212,55.118,71,-146.593,18.501,75.224,131.537,133.71,123.47,198.58,101.52,177.99,134.42
3554,606367.087204,56.213,74,-146.634,18.14,72.958,131.195,134.268,123.43,198.13,98.49,177.4,134.94
3555,606367.091099,54.705,76,-146.707,17.986,75.638,130.91,134.126,123.32,197.88,102.08,177.13,134.85
3556,606367.098597,56.486,72,-147.176,17.96,72.623,131.528,133.912,122.68,197.86,98.0,177.95,134.59
3557,606367.101772,54.806,75,-147.065,17.862,75.429,130.875,133.88,122.83,197.69,101.82,176.95,134.59
3558,606367.105817,56.454,72,-146.888,17.911,72.796,131.732,133.409,123.07,197.79,98.26,178.21,134.09
3559,606367.110533,54.84,74,-146.973,17.86,75.441,131.005,134.216,122.99,197.73,101.83,177.14,134.95
3560,606367.113446,56.421,69,-146.903,18.253,72.76,131.554,133.201,123.06,198.26,98.22,177.94,133.88
3561,606367.117793,55.023,73,-146.833,18.131,75.108,131.022,133.86,123.16,198.08,101.37,177.27,134.57
3562,606367.126188,56.017,73,-146.286,18.368,73.314,131.163,132.871,123.89,198.41,98.98,177.44,133.56
3563,606367.129475,55.074,75,-146.418,18.414,74.891,130.81,134.428,123.68,198.44,101.09,176.9,135.14
3564,606367.142503,55.467,77,-145.28,19.45,74.026,130.583,132.742,125.24,199.88,99.95,176.7,133.44
3565,606367.15012,55.558,74,-145.623,19.215,74.132,131.075,134.648,124.75,199.53,100.07,177.32,135.32
3566,606367.154419,55.536,76,-145.116,19.977,74.032,130.825,132.665,125.46,200.59,99.95,177.04,133.35
3567,606367.157661,55.676,76,-145.175,19.64,73.794,130.872,134.202,125.37,200.14,99.6,177.15,134.88
3568,606367.163095,55.055,75,-144.57,19.99,74.919,130.799,132.961,126.2,200.61,101.15,177.03,133.65
3569,606367.165504,55.89,75,-145.053,19.659,73.462,130.997,134.646,125.56,200.18,99.17,177.23,135.32
3570,606367.175157,55.454,72,-144.64,20.206,74.496,131.371,132.681,126.1,200.9,100.58,177.8,133.37
3571,606367.178325,56.065,75,-144.783,19.719,73.127,130.993,134.051,125.9,200.25,98.71,177.33,134.71
3572,606367.181463,55.105,70,-144.347,19.807,75.108,131.291,133.236,126.5,200.35,101.46,177.46,133.93
3573,606367.187676,56.446,74,-145.05,19.584,72.618,131.382,134.19,125.53,200.06,98.02,177.86,134.84
3574,606367.190667,55.166,73,-144.874,19.674,74.9,131.129,133.089,125.79,200.18,101.12,177.48,133.78
3575,606367.194361,56.499,73,-145.08,19.271,72.513,131.375,133.691,125.51,199.66,97.88,177.76,134.32
3576,606367.201732,55.067,75,-145.149,19.136,75.035,131.039,133.611,125.42,199.45,101.29,177.35,134.3
3577,606367.205838,56.726,72,-145.619,18.975,72.214,131.623,133.601,124.76,199.22,97.5,178.02,134.25
3578,606367.209526,55.296,72,-145.663,18.742,74.721,131.24,133.381,124.73,198.92,100.92,177.37,134.08
3579,606367.215024,56.633,73,-145.684,18.639,72.268,131.398,133.035,124.71,198.81,97.59,177.68,133.69
3580,606367.217465,55.189,74,-145.978,18.339,74.773,130.979,133.962,124.33,198.38,101.0,176.91,134.66
3581,606367.234208,56.134,74,-146.109,18.15,72.867,130.763,132.595,124.15,198.13,98.41,176.79,133.3
3582,606367.237837,55.443,75,-146.465,17.915,74.232,130.87,134.259,123.64,197.79,100.19,177.08,134.96
3583,606367.241997,56.493,74,-146.426,18.369,72.37,131.095,132.485,123.75,198.46,97.75,177.1,133.18
3584,606367.246592,55.714,73,-146.477,18.124,73.779,130.969,133.982,123.65,198.09,99.65,176.87,134.69
3585,606367.254874,55.899,75,-145.907,18.483,73.318,130.772,132.736,124.4,198.56,98.99,176.92,133.43
3586,606367.257601,56.041,74,-146.295,18.382,73.168,130.985,134.655,123.85,198.41,98.77,177.16,135.32
3587,606367.26298,55.68,76,-145.909,19.086,73.721,130.754,132.821,124.42,199.4,99.55,176.8,133.51
3588,606367.266003,56.275,75,-146.04,18.747,72.754,131.039,134.482,124.2,198.93,98.19,177.35,135.15
3589,606367.269833,55.459,75,-145.331,19.34,74.113,130.713,133.009,125.15,199.7,100.11,176.59,133.72
3590,606367.278799,56.313,76,-145.697,19.114,72.686,131.046,134.828,124.67,199.44,98.12,177.21,135.5
3591,606367.281904,55.744,75,-145.159,19.76,73.785,131.082,132.911,125.41,200.3,99.66,177.16,133.61
3592,606367.285226,56.669,74,-145.294,19.612,72.117,131.249,134.307,125.24,200.13,97.41,177.31,134.95
3593,606367.290642,55.617,70,-144.784,19.835,74.381,131.713,133.627,125.84,200.33,100.47,177.94,134.31
3594,606367.293616,57.083,68,-145.135,19.98,71.55,131.664,134.374,125.44,200.64,96.59,178.09,135.0
3595,606367.302037,55.63,71,-144.902,20.161,74.196,131.43,133.561,125.75,200.83,100.2,177.67,134.24
3596,606367.306076,57.069,70,-144.744,19.942,71.68,131.856,133.921,125.92,200.53,96.79,178.36,134.57
3597,606367.31467,57.15,70,-145.221,19.764,71.562,131.924,134.093,125.3,200.31,96.59,178.59,134.73
3598,606367.31962,55.478,75,-145.116,19.528,74.29,131.085,133.977,125.41,199.96,100.28,177.31,134.7
3599,606367.321515,56.791,71,-145.005,19.507,72.035,131.523,133.521,125.58,199.93,97.27,177.87,134.16
3600,606367.330111,55.531,73,-145.399,18.962,74.275,131.238,134.77,125.07,199.22,100.24,177.65,135.45
3601,606367.333751,56.872,71,-145.692,19.128,71.966,131.684,133.428,124.68,199.44,97.19,177.96,134.09
3602,606367.338685,55.671,72,-145.902,18.537,73.938,131.108,134.477,124.39,198.63,99.84,177.21,135.16
3603,606367.342061,56.167,75,-145.667,18.425,72.78,130.716,133.264,124.73,198.51,98.28,176.77,133.94
3604,606367.346482,55.585,76,-146.128,18.016,73.937,130.82,135.045,124.06,197.9,99.8,176.93,135.74
3605,606367.353977,56.279,74,-146.237,18.234,72.786,131.111,133.334,123.98,198.25,98.28,177.27,134.03
3606,606367.358553,55.75,75,-146.546,17.711,73.609,130.789,134.85,123.53,197.52,99.38,176.78,135.54
3607,606367.361191,55.733,77,-146.126,17.983,73.598,130.715,133.409,124.1,197.89,99.36,176.86,134.1
3608,606367.366297,55.919,77,-146.658,17.576,73.247,130.714,135.356,123.37,197.33,98.83,176.91,136.04
3609,606367.370225,55.675,76,-146.318,18.133,73.718,130.734,133.424,123.84,198.09,99.51,176.88,134.12
3610,606367.379203,56.081,75,-146.504,17.813,73.001,130.821,135.04,123.56,197.64,98.53,176.94,135.72
3611,606367.381773,55.286,76,-145.963,18.224,74.435,130.705,133.741,124.32,198.21,100.48,176.86,134.44
3612,606367.386798,56.224,75,-146.366,18.054,72.8,130.95,135.422,123.74,197.96,98.25,177.14,136.08
3613,606367.403707,55.157,73,-145.405,18.87,74.949,131.184,134.254,125.12,199.13,101.22,177.31,134.95
3614,606367.405801,56.865,73,-145.659,18.964,71.986,131.694,134.943,124.71,199.23,97.14,178.28,135.59
3615,606367.410907,55.061,77,-145.287,19.325,74.905,130.793,134.041,125.24,199.73,101.15,176.75,134.72
3616,606367.413692,56.692,73,-145.01,19.395,72.301,131.662,134.167,125.65,199.86,97.65,177.95,134.82
3617,606367.419135,54.857,75,-144.832,19.474,75.403,130.996,134.54,125.86,199.92,101.8,177.24,135.24
3618,606367.421298,56.806,69,-145.018,19.771,72.266,131.998,134.155,125.55,200.29,97.52,178.81,134.81
3619,606367.430887,55.063,74,-144.844,19.856,75.073,131.09,134.093,125.8,200.4,101.35,177.35,134.77
3620,606367.433687,56.227,72,-144.583,19.929,73.021,131.355,133.555,126.14,200.51,98.61,177.68,134.22
3621,606367.437682,54.992,74,-144.783,19.726,75.242,131.155,134.875,125.9,200.25,101.55,177.57,135.56
3622,606367.442282,56.002,76,-144.904,20.249,73.269,131.032,133.324,125.73,200.96,98.94,177.18,133.97
3623,606367.44636,55.136,73,-145.081,19.744,74.942,131.103,134.452,125.46,200.23,101.22,177.06,135.16
3624,606367.454095,55.599,75,-144.797,19.806,73.92,130.835,133.08,125.94,200.4,99.85,176.84,133.77
3625,606367.457811,55.0,76,-145.272,19.393,74.986,130.736,134.977,125.24,199.79,101.25,176.76,135.66
3626,606367.461151,55.576,76,-145.299,19.727,73.976,130.857,133.023,125.25,200.29,99.92,176.79,133.73
3627,606367.467436,55.229,76,-145.582,19.066,74.624,130.849,134.6,124.85,199.38,100.73,177.0,135.28
3628,606367.469713,54.974,77,-145.337,19.091,74.894,130.491,133.165,125.16,199.39,101.11,176.59,133.87
3629,606367.473721,55.586,76,-146.026,18.563,73.99,130.917,135.085,124.25,198.7,99.87,177.09,135.76
3630,606367.486944,55.753,74,-146.351,18.225,73.647,130.868,134.614,123.77,198.19,99.41,176.99,135.31
3631,606367.490679,55.023,74,-146.196,18.248,75.158,131.111,133.423,124.01,198.24,101.48,177.22,134.1
3632,606367.494623,56.181,74,-146.844,17.962,72.988,131.14,134.767,123.12,197.86,98.56,177.01,135.48
3633,606367.497516,55.216,73,-146.587,18.111,74.887,131.269,133.143,123.47,198.03,101.1,177.48,133.84
3634,606367.506347,56.329,73,-146.801,17.92,72.775,131.262,134.277,123.18,197.8,98.21,177.6,134.96
3635,606367.51043,54.989,73,-146.545,17.987,75.187,131.05,133.534,123.52,197.86,101.51,177.17,134.23
3636,606367.513587,56.499,73,-146.968,17.95,72.495,131.343,134.071,123.02,197.9,97.89,177.44,134.75
3637,606367.51822,54.978,77,-146.662,18.265,75.042,130.761,133.35,123.43,198.3,101.32,176.72,134.06
3638,606367.5223,56.573,74,-146.453,18.275,72.335,131.309,133.422,123.66,198.29,97.64,177.65,134.09
3639,606367.5305,54.954,74,-146.324,18.47,75.253,131.05,133.745,123.86,198.56,101.59,177.23,134.47
3640,606367.53351,56.752,71,-146.247,18.807,72.213,131.711,133.343,123.94,199.01,97.48,178.21,134.01
3641,606367.537759,55.228,73,-146.044,19.001,74.775,131.113,133.461,124.22,199.26,100.97,177.21,134.16
3642,606367.54291,56.283,74,-145.413,19.385,72.824,131.192,132.604,125.06,199.79,98.37,177.28,133.26
3643,606367.545325,55.189,74,-145.545,19.289,74.786,131.004,134.075,124.9,199.68,100.96,177.2,134.76
3644,606367.550487,56.451,73,-145.263,20.054,72.626,131.416,132.546,125.26,200.7,98.06,177.82,133.22
3645,606367.558081,55.572,72,-145.145,19.857,74.234,131.302,133.731,125.39,200.41,100.23,177.59,134.42
3646,606367.561661,56.03,74,-144.511,20.164,73.224,131.05,132.402,126.27,200.85,98.93,177.12,133.08
3647,606367.571851,55.961,76,-144.65,20.605,73.285,130.923,132.454,126.1,201.44,99.05,176.73,133.13
3648,606367.575492,55.838,75,-144.837,20.089,73.558,130.996,134.023,125.88,200.79,99.34,177.1,134.7
3649,606367.583238,55.3,75,-144.412,20.305,74.229,130.39,132.943,126.37,201.01,100.28,176.18,133.67
3650,606367.586017,56.105,75,-144.99,19.906,73.096,131.074,134.683,125.64,200.52,98.67,177.35,135.35
3651,606367.590221,55.748,76,-144.671,20.353,73.68,130.907,132.728,126.06,201.1,99.48,177.17,133.41
3652,606367.594403,56.408,74,-145.001,19.74,72.572,131.167,134.251,125.6,200.28,97.96,177.56,134.91
3653,606367.597675,55.674,69,-144.659,19.789,74.118,131.437,133.217,126.07,200.34,100.07,177.89,133.89
3654,606367.605636,56.814,74,-145.374,19.32,71.929,131.411,134.554,125.14,199.75,97.15,177.49,135.21
3655,606367.610215,55.757,72,-145.217,19.487,73.92,131.366,133.215,125.32,199.93,99.79,177.79,133.89
3656,606367.613286,56.923,73,-145.393,18.973,71.69,131.357,134.037,125.07,199.24,96.77,177.77,134.69
3657,606367.617805,55.518,73,-145.39,18.731,74.267,131.179,133.781,125.05,198.85,100.3,177.31,134.47
3658,606367.621789,57.101,74,-145.885,18.516,71.398,131.448,134.127,124.41,198.62,96.37,177.89,134.78
3659,606367.626033,55.591,74,-145.869,18.309,74.02,130.986,133.677,124.44,198.32,99.97,177.02,134.37
3660,606367.634421,57.036,76,-145.94,18.081,71.382,131.191,133.7,124.36,198.05,96.38,177.41,134.37
3661,606367.637985,55.496,74,-146.036,17.86,74.194,130.978,134.199,124.22,197.71,100.19,177.02,134.89
3662,606367.641611,57.074,74,-146.321,17.857,71.304,131.181,133.561,123.81,197.7,96.24,177.59,134.23
3663,606367.658204,55.7,73,-146.333,17.629,73.785,130.934,134.645,123.81,197.39,99.63,176.95,135.33
3664,606367.662015,56.769,74,-146.263,18.154,71.883,131.171,133.271,123.91,198.12,97.04,177.46,133.94
3665,606367.666061,55.932,73,-146.238,17.942,73.41,131.047,134.545,123.97,197.85,99.15,177.0,135.22
3666,606367.671032,56.349,73,-145.657,18.537,72.539,130.905,133.099,124.72,198.64,97.94,177.11,133.77
3667,606367.673211,55.958,73,-145.961,18.324,73.348,131.024,135.212,124.33,198.37,99.0,177.24,135.89
3668,606367.68177,56.181,76,-145.594,19.171,72.786,130.773,133.326,124.81,199.5,98.33,176.58,133.98
3669,606367.68641,56.098,77,-145.619,18.946,72.986,130.85,134.926,124.8,199.24,98.52,176.96,135.58
3670,606367.689695,55.572,77,-144.927,19.386,73.857,130.635,133.599,125.7,199.79,99.7,176.82,134.28
3671,606367.694469,56.206,76,-145.344,19.174,72.806,130.896,135.516,125.13,199.51,98.25,177.22,136.17
3672,606367.69736,55.789,76,-144.927,19.952,73.57,130.852,133.509,125.71,200.56,99.32,177.11,134.18
3673,606367.701287,56.423,74,-145.005,19.62,72.48,131.054,134.952,125.57,200.09,97.84,177.32,135.61
3674,606367.710322,55.257,74,-144.506,19.94,74.621,130.937,133.978,126.31,200.59,100.76,177.06,134.63
3675,606367.713715,56.679,72,-145.086,19.552,72.262,131.548,135.326,125.5,200.04,97.54,177.99,135.98
3676,606367.717394,55.438,74,-145.036,19.762,74.472,131.275,133.978,125.58,200.33,100.54,177.59,134.65
3677,606367.723394,56.598,73,-145.053,19.636,72.172,131.1,134.681,125.58,200.26,97.43,176.97,135.22
3678,606367.725698,55.193,71,-145.132,19.324,75.071,131.515,134.414,125.43,199.7,101.32,178.03,135.1
3679,606367.733708,56.867,73,-145.693,19.169,71.974,131.679,134.762,124.66,199.5,97.13,178.25,135.41
3680,606367.742343,56.482,76,-145.62,18.893,72.355,131.03,134.112,124.79,199.15,97.69,177.23,134.77
3681,606367.746909,55.075,75,-145.766,18.581,74.965,130.942,134.717,124.58,198.69,101.17,177.23,135.41
3682,606367.749405,56.624,71,-146.069,18.78,72.371,131.553,133.831,124.2,199.0,97.76,177.61,134.5
3683,606367.754311,55.113,75,-146.131,18.366,74.844,130.854,134.488,124.07,198.37,101.03,176.98,135.18
3684,606367.763199,56.145,74,-145.936,18.211,73.005,131.048,133.557,124.36,198.19,98.6,177.1,134.24
3685,606367.765667,55.178,73,-146.296,17.885,74.805,131.002,135.095,123.88,197.77,100.97,177.18,135.78
3686,606367.771063,56.032,75,-146.344,18.148,73.194,131.0,133.405,123.83,198.13,98.83,177.12,134.09
3687,606367.773856,55.276,73,-146.489,17.68,74.581,130.931,134.846,123.59,197.45,100.67,177.08,135.53
3688,606367.778029,55.522,76,-146.079,17.976,73.942,130.619,133.38,124.16,197.87,99.82,176.73,134.08
3689,606367.786126,55.388,77,-146.486,17.629,74.155,130.549,135.251,123.63,197.42,100.09,176.57,135.95
3690,606367.790285,55.376,77,-146.092,18.318,74.209,130.607,133.19,124.18,198.38,100.2,176.55,133.86
3691,606367.794356,55.552,77,-146.319,17.776,73.929,130.694,134.808,123.85,197.63,99.79,176.77,135.49
3692,606367.798413,55.03,76,-145.681,18.219,74.807,130.52,133.329,124.72,198.22,101.01,176.51,134.05
3693,606367.801629,55.672,75,-146.143,18.037,73.754,130.786,135.074,124.07,197.96,99.57,176.8,135.74
3694,606367.810256,55.204,73,-145.629,18.539,74.673,130.855,133.187,124.75,198.62,100.84,176.95,133.9
3695,606367.813647,55.985,74,-145.744,18.465,73.261,130.961,134.628,124.6,198.54,98.93,177.01,135.28
3696,606367.817482,55.014,71,-145.287,18.761,75.27,131.277,133.529,125.21,198.92,101.64,177.55,134.23
3697,606367.830798,56.332,74,-144.908,19.255,72.806,131.33,134.014,125.78,199.67,98.33,177.53,134.68
3698,606367.837738,54.897,74,-144.642,19.424,75.364,131.057,133.744,126.1,199.83,101.79,177.19,134.44
3699,606367.841183,56.529,72,-144.879,19.623,72.575,131.592,133.825,125.78,200.11,98.02,177.89,134.49
3700,606367.846093,55.039,74,-144.715,19.823,75.124,131.102,133.532,126.02,200.4,101.44,177.36,134.23
3701,606367.850131,56.377,74,-144.446,19.877,72.759,131.399,133.153,126.38,200.48,98.26,177.73,133.82
3702,606367.85456,54.842,74,-144.526,19.794,75.471,131.065,134.098,126.23,200.31,101.95,177.07,134.79
3703,606367.862978,56.49,73,-144.65,20.045,72.577,131.46,132.929,126.09,200.69,98.04,177.7,133.59
3704,606367.865793,55.084,75,-144.559,19.896,74.952,130.95,133.585,126.16,200.43,101.24,177.02,134.27
3705,606367.869192,56.013,75,-144.372,19.961,73.25,131.037,132.585,126.46,200.57,98.96,177.12,133.24
3706,606367.875453,55.296,73,-144.83,19.512,74.696,131.196,134.283,125.86,199.98,100.85,177.48,134.97
3707,606367.878476,56.037,74,-144.961,19.996,73.222,131.067,132.427,125.64,200.6,98.89,177.25,133.11
3708,606367.886704,55.475,73,-145.212,19.342,74.281,131.061,133.868,125.34,199.71,100.38,177.11,134.55
3709,606367.889827,55.681,76,-145.0,19.383,73.696,130.713,132.518,125.64,199.8,99.53,176.77,133.22
3710,606367.893776,55.554,77,-145.729,18.944,73.96,130.756,134.374,124.65,199.21,99.89,176.66,135.07
3711,606367.898858,55.735,76,-145.71,19.132,73.642,130.797,132.537,124.69,199.46,99.45,176.86,133.24
3712,606367.901433,55.96,76,-146.238,18.53,73.259,130.875,134.017,123.97,198.65,98.9,177.0,134.71
3713,606367.910141,55.402,75,-145.896,18.596,74.221,130.713,132.782,124.39,198.69,100.23,176.73,133.49
3714,606367.922483,56.523,74,-146.668,17.849,72.326,131.118,134.069,123.32,197.66,97.67,177.16,134.74
3715,606367.925591,55.45,71,-146.406,17.926,74.187,130.813,133.168,123.68,197.77,100.17,176.79,133.9
3716,606367.930047,57.089,72,-146.811,17.943,71.516,131.626,133.962,123.18,197.81,96.61,178.01,134.64
3717,606367.93864,55.534,75,-146.527,18.135,74.056,130.861,133.159,123.63,198.19,99.99,176.72,133.78
3718,606367.941814,57.234,72,-146.475,18.11,71.288,131.721,133.662,123.6,198.04,96.25,178.11,134.31
3719,606367.945689,55.488,75,-146.136,18.359,74.168,130.907,133.548,124.07,198.37,100.14,177.02,134.24
3720,606367.950281,57.225,72,-146.119,18.48,71.311,131.73,133.724,124.08,198.55,96.28,178.14,134.37
3721,606367.95382,55.647,75,-145.775,18.847,73.901,130.963,133.533,124.58,199.05,99.81,176.99,134.22
3722,606367.962664,57.09,71,-145.203,19.114,71.392,131.399,133.017,125.34,199.43,96.44,177.55,133.68
3723,606367.966237,55.734,72,-145.132,19.124,73.921,131.288,134.181,125.43,199.44,99.78,177.71,134.86
3724,606367.969105,57.062,74,-144.885,19.644,71.496,131.494,133.073,125.77,200.14,96.57,177.75,133.72
3725,606367.974702,55.797,73,-144.64,19.663,73.709,131.125,133.886,126.12,200.19,99.53,177.37,134.57
3726,606367.97732,56.623,73,-143.883,20.099,72.187,131.215,132.729,127.11,200.77,97.49,177.6,133.38
3727,606367.982772,55.752,72,-144.056,19.874,73.802,131.138,134.612,126.87,200.45,99.62,177.56,135.27
3728,606367.990228,56.678,72,-143.812,20.509,72.133,131.308,132.996,127.23,201.35,97.43,177.61,133.63
3729,606367.994094,55.924,74,-143.909,20.121,73.412,131.024,134.328,127.04,200.77,99.13,177.29,134.99
3730,606368.006774,55.954,77,-143.66,20.52,73.131,130.626,133.095,127.44,201.37,98.82,176.46,133.74
3731,606368.014756,56.125,77,-143.948,19.978,72.839,130.679,134.611,127.01,200.6,98.33,176.95,135.26
3732,606368.017667,55.5,75,-143.636,19.949,74.114,130.851,133.474,127.44,200.56,100.07,177.16,134.14
3733,606368.021978,56.304,76,-144.326,19.432,72.56,130.791,135.23,126.5,199.86,97.94,177.1,135.87
3734,606368.026864,55.621,75,-144.228,19.641,73.714,130.546,133.36,126.58,200.09,99.6,176.25,134.1
3735,606368.029722,56.638,74,-144.605,19.144,72.072,131.06,134.74,126.16,199.5,97.36,177.05,135.41
3736,606368.038244,55.518,72,-144.543,18.863,74.306,131.249,134.031,126.19,199.06,100.34,177.55,134.71
3737,606368.042715,56.909,72,-145.346,18.546,71.717,131.357,134.839,125.1,198.64,96.82,177.7,135.49
3738,606368.045094,55.502,75,-145.574,18.475,74.208,131.021,134.054,124.82,198.53,100.19,177.22,134.73
3739,606368.049877,56.813,74,-145.883,17.995,71.831,131.231,134.26,124.44,197.93,96.98,177.49,134.93
3740,606368.053373,55.404,73,-146.156,17.732,74.44,131.107,134.538,124.03,197.52,100.49,177.31,135.24
3741,606368.058116,56.926,74,-146.787,17.613,71.732,131.444,134.228,123.2,197.39,96.81,177.85,134.89
3742,606368.066707,55.495,74,-146.838,17.391,74.258,131.085,134.138,123.1,197.02,100.28,177.11,134.81
3743,606368.069889,56.672,74,-146.914,17.351,72.064,131.161,133.87,123.09,197.08,97.33,177.19,134.55
3744,606368.073863,55.415,73,-147.218,17.153,74.418,131.106,134.83,122.65,196.77,100.44,177.28,135.54
3745,606368.090531,56.286,75,-147.006,17.523,72.697,130.976,133.387,122.91,197.26,98.13,177.17,134.08
3746,606368.093709,55.454,73,-147.289,17.397,74.282,130.993,135.109,122.53,197.09,100.22,177.25,135.81
3747,606368.097893,56.134,75,-146.914,18.061,73.052,131.094,133.458,123.08,198.04,98.64,177.16,134.13
3748,606368.102752,55.702,75,-146.897,17.96,73.771,130.918,134.91,123.08,197.88,99.56,177.06,135.6
3749,606368.105786,55.391,77,-146.017,18.639,74.158,130.568,133.387,124.23,198.75,100.13,176.57,134.08
3750,606368.114418,55.729,77,-146.255,18.429,73.681,130.848,135.462,123.91,198.49,99.41,177.11,136.14
3751,606368.117843,55.467,78,-145.552,19.314,74.009,130.554,133.364,124.87,199.7,99.93,176.52,134.08
3752,606368.121392,55.967,73,-145.364,19.152,73.375,131.104,134.857,125.14,199.49,99.05,177.36,135.53
3753,606368.125901,55.04,76,-144.492,19.52,74.907,130.727,133.749,126.29,199.97,101.13,176.96,134.44
3754,606368.129334,55.947,75,-144.672,19.502,73.266,130.842,135.175,126.02,199.93,98.91,177.05,135.84
3755,606368.134573,55.228,71,-144.229,20.043,74.813,131.18,133.657,126.68,200.7,101.03,177.46,134.35
3756,606368.142573,56.246,73,-144.116,19.821,72.924,131.246,134.687,126.75,200.34,98.49,177.48,135.33
3757,606368.146477,54.819,72,-143.713,19.948,75.606,131.224,134.037,127.37,200.57,102.1,177.57,134.73
3758,606368.149132,56.434,71,-143.931,19.836,72.739,131.561,134.728,127.01,200.38,98.21,178.03,135.35
3759,606368.154997,54.79,74,-143.629,19.981,75.377,130.733,133.717,127.48,200.62,101.8,176.89,134.41
3760,606368.157759,56.414,72,-143.455,19.896,72.715,131.446,133.882,127.73,200.53,98.24,177.73,134.53
3761,606368.174421,54.828,76,-143.707,19.479,75.315,130.747,133.772,127.33,199.89,101.72,176.91,134.45
3762,606368.178134,56.216,70,-143.574,19.405,72.955,131.197,133.232,127.52,199.81,98.58,177.35,133.89
3763,606368.182115,54.809,74,-143.963,18.964,75.384,130.807,134.284,127.0,199.21,101.83,176.86,134.97
3764,606368.186088,56.165,72,-144.502,19.218,73.093,131.272,132.988,126.33,199.61,98.75,177.41,133.66
3765,606368.194341,54.988,73,-144.886,18.677,75.101,130.897,133.973,125.81,198.82,101.52,176.95,134.66
3766,606368.197582,55.764,73,-144.905,18.718,73.633,130.877,132.648,125.77,198.91,99.46,176.96,133.32
3767,606368.202368,55.113,74,-145.578,18.324,74.844,130.855,134.356,124.81,198.32,101.05,176.98,135.06
3768,606368.20592,55.682,75,-145.748,18.648,73.756,130.824,132.431,124.64,198.81,99.61,176.89,133.12
3769,606368.209535,55.305,77,-146.125,18.206,74.365,130.645,134.019,124.1,198.19,100.37,176.79,134.72
3770,606368.218377,55.361,75,-145.955,18.502,74.282,130.686,132.477,124.32,198.57,100.32,176.7,133.17
3771,606368.221769,55.534,78,-146.523,18.112,73.971,130.709,134.327,123.61,198.07,99.92,176.71,135.02
3772,606368.225427,55.367,76,-146.381,18.78,74.287,130.715,132.327,123.79,198.98,100.32,176.71,133.05
3773,606368.230643,55.807,77,-146.624,18.35,73.504,130.793,133.777,123.45,198.41,99.22,176.86,134.46
3774,606368.233412,55.202,76,-146.239,18.755,74.68,130.859,132.626,123.98,198.95,100.84,176.92,133.33
3775,606368.242403,56.227,75,-146.701,18.68,72.901,131.141,134.062,123.32,198.84,98.38,177.45,134.74
3776,606368.245497,55.524,72,-146.242,19.233,74.364,131.369,132.51,123.91,199.55,100.41,177.53,133.25
3777,606368.254535,55.256,73,-145.79,19.447,74.834,131.308,133.046,124.54,199.86,101.02,177.61,133.76
3778,606368.258782,56.685,75,-146.005,19.41,72.145,131.355,133.854,124.22,199.8,97.39,177.6,134.53
3779,606368.261722,55.448,75,-145.667,19.735,74.404,131.188,132.855,124.73,200.27,100.47,177.33,133.59
3780,606368.270461,56.843,75,-145.356,19.788,71.907,131.473,133.04,125.21,200.43,97.13,177.55,133.67
3781,606368.272998,55.325,75,-145.317,19.68,74.562,131.058,133.428,125.19,200.19,100.65,177.37,134.12
3782,606368.278683,57.11,72,-145.378,19.879,71.611,131.875,133.016,125.12,200.49,96.7,178.33,133.66
3783,606368.281652,55.512,75,-145.284,19.722,74.145,130.945,133.219,125.26,200.26,100.11,177.11,133.92
3784,606368.285873,57.028,71,-144.937,19.737,71.754,131.846,132.615,125.67,200.25,96.96,178.01,133.26
3785,606368.294232,55.587,74,-145.229,19.385,74.054,131.032,133.772,125.24,199.74,100.02,176.92,134.51
3786,606368.297823,56.716,75,-145.313,19.612,71.995,131.189,132.551,125.19,200.11,97.2,177.52,133.22
3787,606368.301205,55.864,72,-145.542,19.077,73.631,131.211,133.704,124.88,199.38,99.44,177.31,134.39
3788,606368.306603,56.393,76,-145.293,19.058,72.408,130.822,132.451,125.24,199.37,97.8,176.89,133.12
3789,606368.309234,56.031,72,-145.854,18.577,73.319,131.221,134.238,124.48,198.71,99.03,177.22,134.93
3790,606368.317951,56.518,74,-145.812,18.719,72.315,131.083,132.427,124.58,198.93,97.69,177.11,133.11
3791,606368.321667,56.107,76,-146.159,18.184,72.935,130.791,134.066,124.05,198.16,98.44,176.98,134.74
3792,606368.325548,55.999,77,-145.86,18.167,73.035,130.604,132.796,124.39,198.1,98.63,176.48,133.53
3793,606368.339181,56.584,76,-146.609,17.735,72.008,130.753,134.342,123.44,197.56,97.19,176.92,135.01
3794,606368.34629,55.952,70,-146.146,18.01,73.588,131.433,133.306,124.11,197.97,99.37,177.62,133.96
3795,606368.349655,56.943,74,-146.642,17.764,71.574,131.215,134.647,123.38,197.57,96.61,177.46,135.3
3796,606368.354882,56.11,69,-146.221,18.129,73.395,131.626,133.307,123.97,198.08,99.08,178.09,133.99
3797,606368.357606,57.09,74,-146.351,18.03,71.342,131.307,134.346,123.8,197.96,96.34,177.42,135.02
3798,606368.362538,55.778,72,-145.943,18.238,73.874,131.354,133.874,124.36,198.25,99.76,177.47,134.56
3799,606368.370673,57.33,72,-146.192,18.381,71.154,131.815,134.338,123.99,198.43,96.06,178.2,134.96
3800,606368.373594,55.708,75,-145.928,18.673,73.818,131.02,133.911,124.41,198.82,99.79,176.9,134.61
3801,606368.378014,57.196,72,-145.69,18.735,71.299,131.604,133.816,124.7,198.94,96.27,177.97,134.46
3802,606368.383302,55.543,73,-145.522,18.902,74.271,131.272,134.433,124.91,199.13,100.24,177.68,135.12
3803,606368.386097,57.244,70,-145.526,19.064,71.486,132.122,133.932,124.9,199.39,96.47,178.79,134.55
3804,606368.394402,55.607,76,-145.339,19.226,73.995,130.996,134.207,125.17,199.59,99.89,177.21,134.9
3805,606368.397127,56.826,73,-144.886,19.493,71.95,131.491,133.366,125.79,199.96,97.17,177.83,134.03
3806,606368.40274,55.5,74,-145.052,19.3,74.296,131.172,134.932,125.53,199.68,100.27,177.58,135.61
3807,606368.406529,56.584,71,-145.024,19.79,72.302,131.287,133.408,125.57,200.35,97.64,177.47,134.03
3808,606368.409475,55.616,73,-145.183,19.387,74.017,131.067,134.679,125.34,199.77,99.92,177.32,135.34
3809,606368.422291,55.647,75,-145.184,19.171,73.876,130.916,135.366,125.35,199.5,99.7,177.24,136.04
3810,606368.427855,56.05,75,-145.088,19.611,73.167,131.015,133.355,125.52,200.12,98.8,177.19,134.04
3811,606368.429221,55.801,77,-145.265,19.045,73.498,130.763,134.86,125.25,199.32,99.25,176.78,135.53
3812,606368.435248,55.38,76,-144.872,19.09,74.218,130.635,133.568,125.78,199.38,100.29,176.41,134.25
3813,606368.437829,56.038,76,-145.489,18.651,73.137,130.919,135.366,124.94,198.8,98.73,177.03,136.01
3814,606368.446354,55.309,77,-145.336,19.0,74.328,130.595,133.521,125.11,199.25,100.4,176.27,134.22
3815,606368.449569,56.093,74,-145.725,18.419,72.981,130.828,134.985,124.65,198.5,98.52,176.97,135.65
3816,606368.453403,55.23,71,-145.503,18.459,74.906,131.35,133.943,124.91,198.51,101.14,177.65,134.64
3817,606368.458637,56.48,71,-146.117,18.202,72.536,131.351,135.138,124.1,198.18,97.93,177.53,135.81
3818,606368.461729,55.319,71,-145.896,18.293,74.771,131.405,133.689,124.41,198.3,100.92,177.83,134.38
3819,606368.470092,56.541,72,-146.054,18.089,72.409,131.331,134.566,124.19,198.04,97.77,177.5,135.25
3820,606368.474186,54.785,73,-145.777,18.081,75.412,130.776,134.08,124.57,198.0,101.84,176.75,134.81
3821,606368.477339,56.743,71,-146.13,18.129,72.182,131.625,134.524,124.08,198.09,97.42,178.14,135.18
3822,606368.482447,55.016,74,-145.935,18.207,75.027,130.856,133.838,124.38,198.21,101.32,176.79,134.58
3823,606368.485297,56.477,73,-145.735,18.256,72.478,131.235,133.867,124.64,198.28,97.86,177.49,134.55
3824,606368.49021,54.87,75,-145.607,18.289,75.3,130.858,134.306,124.77,198.27,101.66,176.99,135.02
3825,606368.49812,56.589,71,-145.684,18.606,72.505,131.674,133.801,124.67,198.73,97.9,177.92,134.47
3826,606368.510734,55.001,75,-144.946,18.834,75.024,130.805,134.703,125.72,199.08,101.3,176.87,135.39
3827,606368.513344,56.083,75,-144.82,19.368,73.094,130.994,133.178,125.87,199.79,98.71,177.17,133.84
3828,606368.522262,55.347,73,-144.901,19.184,74.508,131.037,134.323,125.77,199.53,100.6,177.26,135.02
3829,606368.525952,55.615,75,-144.332,19.629,73.859,130.783,132.933,126.56,200.16,99.78,176.79,133.62
3830,606368.529628,55.387,76,-144.727,19.281,74.288,130.783,135.071,125.99,199.67,100.29,176.97,135.74
3831,606368.534222,55.618,77,-144.434,20.0,73.822,130.727,132.837,126.41,200.66,99.71,176.77,133.51
3832,606368.53743,55.664,76,-144.631,19.516,73.789,130.821,134.501,126.1,199.97,99.6,177.11,135.17
3833,606368.546189,55.111,77,-144.058,19.833,74.661,130.53,133.139,126.93,200.43,100.86,176.48,133.83
3834,606368.549692,56.047,75,-144.67,19.477,73.155,130.981,134.842,126.07,199.94,98.76,177.23,135.51
3835,606368.553446,55.3,74,-144.427,19.941,74.582,131.012,132.998,126.41,200.56,100.72,177.22,133.7
3836,606368.558926,56.104,76,-144.73,19.439,72.999,130.895,134.417,125.99,199.89,98.56,177.09,135.07
3837,606368.56187,55.244,69,-144.543,19.54,75.008,131.576,133.46,126.23,200.0,101.27,178.1,134.14
3838,606368.565992,56.373,73,-145.347,19.243,72.752,131.372,134.526,125.16,199.63,98.21,177.71,135.17
3839,606368.573649,55.272,72,-145.178,19.426,74.84,131.373,133.156,125.37,199.82,101.11,177.43,133.86
3840,606368.57815,56.509,73,-145.468,19.16,72.505,131.394,133.878,124.95,199.47,97.89,177.72,134.54
3841,606368.581059,55.079,73,-145.525,18.962,75.153,131.284,133.668,124.91,199.21,101.49,177.44,134.39
3842,606368.598598,56.458,73,-146.092,18.483,72.551,131.302,133.305,124.17,198.59,97.97,177.53,133.99
3843,606368.601621,55.155,74,-146.364,18.238,74.884,131.063,133.988,123.81,198.25,101.15,176.98,134.71
3844,606368.606175,56.47,73,-146.514,18.427,72.532,131.311,132.976,123.56,198.47,97.94,177.53,133.64
3845,606368.610406,55.398,71,-146.585,18.115,74.58,131.333,133.821,123.44,198.01,100.71,177.44,134.52
3846,606368.613977,56.276,73,-146.286,18.174,72.739,131.015,132.693,123.87,198.13,98.23,177.11,133.37
3847,606368.62176,55.34,72,-146.577,17.98,74.561,131.106,134.216,123.51,197.9,100.7,177.03,134.93
3848,606368.625784,56.274,73,-146.444,18.244,72.784,131.092,132.715,123.68,198.24,98.26,177.33,133.4
3849,606368.629455,55.528,73,-146.607,17.914,74.098,130.914,134.123,123.45,197.79,100.0,177.13,134.82
3850,606368.634768,55.829,74,-146.002,18.231,73.461,130.793,132.542,124.26,198.17,99.34,176.54,133.24
3851,606368.637561,55.681,76,-146.304,17.914,73.671,130.667,134.606,123.88,197.81,99.49,176.53,135.3
3852,606368.641713,55.73,76,-145.878,18.562,73.589,130.687,132.6,124.46,198.69,99.38,176.7,133.31
3853,606368.65055,55.886,76,-145.992,18.148,73.294,130.686,134.41,124.27,198.11,98.92,176.86,135.09
3854,606368.653638,55.368,76,-145.284,18.599,74.235,130.626,132.89,125.25,198.74,100.26,176.65,133.58
3855,606368.65736,56.247,75,-145.711,18.488,72.757,130.95,134.656,124.64,198.58,98.2,177.24,135.32
3856,606368.662463,55.422,76,-145.203,18.989,74.226,130.789,132.907,125.37,199.27,100.24,176.88,133.59
3857,606368.666487,56.413,73,-145.196,18.875,72.525,131.099,134.338,125.34,199.1,97.9,177.45,135.0
3858,606368.679272,56.585,73,-145.078,19.148,72.3,131.287,134.493,125.44,199.45,97.66,177.12,135.23
3859,606368.682937,55.428,72,-144.712,19.573,74.478,131.252,133.329,125.98,200.02,100.57,177.54,134.02
3860,606368.685692,56.664,73,-144.716,19.464,72.206,131.393,133.944,126.01,199.92,97.5,177.74,134.61
3861,606368.691223,55.085,76,-144.51,19.594,74.953,130.954,133.878,126.27,200.07,101.18,177.27,134.56
3862,606368.693967,56.876,73,-144.897,19.832,71.936,131.641,133.948,125.72,200.38,97.12,178.09,134.58
3863,606368.70232,55.304,76,-144.745,19.821,74.563,130.991,133.566,125.98,200.4,100.68,177.2,134.24
3864,606368.705083,56.653,73,-144.593,19.848,72.248,131.429,133.309,126.13,200.4,97.57,177.78,133.97
3865,606368.710955,55.165,74,-144.846,19.586,74.856,131.048,134.208,125.85,200.07,101.12,177.06,134.89
3866,606368.713466,56.611,73,-145.134,19.692,72.324,131.421,133.247,125.43,200.21,97.64,177.87,133.9
3867,606368.717259,55.417,73,-145.239,19.45,74.452,131.171,133.931,125.27,199.84,100.57,177.17,134.62
3868,606368.725943,56.16,74,-145.105,19.465,72.966,131.026,132.823,125.48,199.9,98.56,177.09,133.5
3869,606368.730085,55.342,74,-145.647,18.944,74.494,130.995,134.573,124.76,199.21,100.56,177.19,135.25
3870,606368.733256,56.286,75,-145.798,19.249,72.804,131.165,132.82,124.56,199.63,98.31,177.36,133.49
3871,606368.739086,55.552,74,-146.077,18.664,74.02,130.857,134.217,124.19,198.83,99.92,176.98,134.92
3872,606368.742908,55.776,75,-145.692,18.769,73.554,130.779,132.919,124.7,198.97,99.33,176.84,133.6
3873,606368.749803,55.723,76,-146.323,18.283,73.68,130.827,134.772,123.83,198.29,99.43,177.06,135.46
3874,606368.75378,55.672,77,-146.188,18.652,73.689,130.669,132.982,124.03,198.8,99.52,176.57,133.67
3875,606368.763098,55.406,74,-146.042,18.347,74.363,130.978,133.278,124.24,198.4,100.41,177.1,133.97
3876,606368.767277,56.212,76,-146.488,17.976,72.813,130.93,134.829,123.63,197.89,98.31,176.91,135.54
3877,606368.769754,55.553,74,-146.071,18.389,74.111,131.021,133.061,124.18,198.44,100.04,177.27,133.76
3878,606368.779332,56.569,71,-146.245,18.153,72.351,131.322,134.457,123.9,198.1,97.67,177.59,135.13
3879,606368.781121,55.316,73,-145.711,18.367,74.656,131.196,133.614,124.66,198.4,100.83,177.3,134.33
3880,606368.78659,56.733,73,-146.102,18.345,72.115,131.466,134.481,124.15,198.41,97.35,177.79,135.16
3881,606368.789794,55.427,72,-145.695,18.742,74.487,131.264,133.482,124.71,198.93,100.57,177.52,134.19
3882,606368.794488,56.828,73,-145.559,18.644,71.96,131.518,133.834,124.85,198.79,97.14,177.99,134.49
3883,606368.802316,55.131,75,-145.336,18.773,74.838,130.903,134.02,125.22,199.02,101.08,176.88,134.7
3884,606368.80511,56.906,73,-145.462,19.003,71.917,131.713,133.912,124.98,199.28,97.08,178.26,134.56
3885,606368.810325,55.265,75,-145.129,19.157,74.602,130.931,133.755,125.44,199.48,100.71,177.21,134.44
3886,606368.813816,56.67,73,-144.827,19.353,72.197,131.398,133.37,125.84,199.75,97.52,177.6,134.04
3887,606368.817317,55.164,74,-144.891,19.219,74.844,131.024,134.384,125.75,199.56,101.03,177.37,135.07
3888,606368.82644,56.598,71,-144.957,19.541,72.37,131.46,133.332,125.67,200.01,97.75,177.66,133.99
3889,606368.82964,55.316,74,-145.025,19.343,74.564,131.031,134.02,125.58,199.72,100.7,177.14,134.7
3890,606368.833966,56.164,73,-144.679,19.529,73.054,131.198,132.998,126.0,199.94,98.69,177.33,133.66
3891,606368.847889,55.448,77,-145.17,19.193,74.153,130.747,134.329,125.36,199.53,100.13,176.56,135.07
3892,606368.853513,55.489,76,-144.805,19.451,74.059,130.716,132.989,125.88,199.87,100.04,176.69,133.68
3893,606368.858106,55.664,77,-145.334,19.038,73.784,130.812,134.793,125.15,199.32,99.58,177.08,135.47
3894,606368.861148,55.407,78,-145.233,19.504,74.146,130.599,132.932,125.26,199.92,100.12,176.58,133.64
3895,606368.866548,55.78,77,-145.633,18.871,73.521,130.733,134.434,124.71,199.06,99.25,176.79,135.13
3896,606368.86995,54.975,75,-145.405,18.917,74.982,130.647,133.301,125.07,199.14,101.27,176.56,134.01
3897,606368.878639,56.29,73,-146.081,18.6,72.869,131.299,134.714,124.16,198.73,98.39,177.45,135.4
3898,606368.881825,55.329,71,-145.925,18.768,74.799,131.487,133.086,124.36,198.92,101.0,177.79,133.77
3899,606368.885803,56.369,76,-146.096,18.54,72.549,130.994,134.189,124.16,198.71,97.95,176.92,134.82
3900,606368.890543,55.165,71,-145.934,18.577,75.105,131.481,133.387,124.36,198.69,101.38,177.91,134.09
3901,606368.893658,56.783,71,-146.462,18.356,72.187,131.773,134.281,123.62,198.38,97.44,178.2,134.93
3902,606368.901778,55.318,71,-146.305,18.608,74.804,131.46,133.263,123.87,198.72,101.02,177.63,133.97
3903,606368.906373,56.655,75,-146.385,18.33,72.182,131.317,133.558,123.68,198.34,97.45,177.29,134.33
3904,606368.909622,55.234,72,-146.305,18.376,74.888,131.332,133.714,123.86,198.41,101.08,177.7,134.42
3905,606368.91506,56.857,73,-146.475,18.612,71.949,131.599,133.427,123.61,198.72,97.13,177.95,134.08
3906,606368.918333,55.337,74,-146.357,18.551,74.583,131.137,133.508,123.77,198.63,100.7,177.31,134.2
3907,606368.935057,56.754,71,-146.12,19.079,72.264,131.812,132.935,124.14,199.4,97.63,177.93,133.59
3908,606368.937617,55.719,70,-146.162,18.862,74.067,131.497,133.945,124.05,199.06,100.02,177.68,134.63
3909,606368.942646,56.309,72,-145.666,19.137,72.848,131.325,132.676,124.72,199.45,98.4,177.44,133.37
3910,606368.946086,55.681,72,-145.974,18.932,73.945,131.153,134.536,124.32,199.19,99.86,177.14,135.23
3911,606368.953923,56.189,74,-145.754,19.388,73.006,131.199,132.691,124.62,199.82,98.58,177.41,133.36
3912,606368.957821,55.849,75,-145.946,18.974,73.551,131.02,134.338,124.36,199.25,99.29,177.22,135.03
3913,606368.961074,55.651,77,-145.344,19.315,73.734,130.681,132.813,125.18,199.71,99.57,176.73,133.5
3914,606368.966498,56.031,75,-145.865,18.967,73.281,131.155,134.852,124.46,199.25,98.91,177.41,135.52
3915,606368.96961,55.855,75,-145.58,19.509,73.541,131.023,132.835,124.86,199.98,99.31,177.18,133.51
3916,606368.977733,56.046,76,-145.793,18.988,73.099,130.879,134.463,124.54,199.25,98.65,177.14,135.13
3917,606368.981941,55.458,74,-145.336,19.216,74.289,131.018,133.335,125.15,199.54,100.31,177.21,134.01
3918,606368.985207,56.42,74,-145.923,18.91,72.498,131.075,134.828,124.39,199.17,97.86,177.3,135.5
3919,606368.990456,55.705,70,-145.659,19.193,74.142,131.587,133.356,124.73,199.53,100.08,178.07,134.04
3920,606368.993551,56.639,74,-145.765,18.888,72.102,131.117,134.293,124.58,199.12,97.36,177.24,134.97
3921,606368.998573,55.291,73,-145.54,18.899,74.653,131.108,133.7,124.89,199.12,100.77,177.43,134.39
3922,606369.006154,56.939,72,-146.061,18.632,71.834,131.675,134.56,124.19,198.8,96.94,178.15,135.19
3923,606369.018746,55.144,76,-145.688,18.437,74.789,130.862,134.153,124.69,198.49,100.99,176.91,134.85
3924,606369.021311,56.903,72,-145.913,18.642,71.816,131.515,133.804,124.41,198.81,96.96,177.82,134.47
3925,606369.030607,55.299,74,-145.848,18.415,74.529,130.914,134.014,124.41,198.43,100.69,176.54,134.78
3926,606369.034048,56.654,73,-145.393,18.513,72.208,131.362,133.267,125.08,198.61,97.49,177.75,133.93
3927,606369.037699,55.201,75,-145.544,18.271,74.705,130.9,134.55,124.9,198.3,100.85,177.05,135.23
3928,606369.043125,56.428,74,-145.542,18.808,72.573,131.238,133.242,124.88,199.01,97.98,177.58,133.91
3929,606369.045977,55.407,74,-145.609,18.468,74.329,130.919,134.308,124.79,198.53,100.37,176.98,135.0
3930,606369.054444,55.992,75,-145.175,18.83,73.18,130.838,132.981,125.42,199.08,98.85,176.84,133.66
3931,606369.058587,55.343,75,-145.566,18.499,74.323,130.695,134.963,124.86,198.61,100.33,176.8,135.64
3932,606369.061199,55.972,75,-145.179,19.205,73.201,130.811,132.955,125.35,199.52,98.86,176.91,133.64
3933,606369.06652,55.703,74,-145.255,18.893,73.787,130.947,134.436,125.26,199.12,99.64,177.03,135.13
3934,606369.069123,55.36,77,-144.633,19.37,74.193,130.526,133.089,126.11,199.77,100.18,176.65,133.77
3935,606369.074813,55.712,74,-145.019,19.029,73.655,130.744,135.0,125.57,199.31,99.41,177.0,135.67
3936,606369.082616,55.464,76,-144.711,19.859,74.153,130.799,133.059,126.05,200.47,100.16,176.84,133.75
3937,606369.085216,55.886,74,-144.802,19.414,73.416,130.903,134.432,125.85,199.81,99.12,177.09,135.09
3938,606369.098553,55.238,72,-144.401,19.806,74.86,131.295,133.222,126.45,200.38,101.1,177.6,133.92
3939,606369.105406,56.508,73,-144.528,19.596,72.498,131.38,134.114,126.22,200.06,97.94,177.5,134.78
3940,606369.109984,54.987,71,-144.205,19.691,75.406,131.425,133.662,126.63,200.15,101.86,177.66,134.34
3941,606369.113189,56.627,73,-144.579,19.498,72.348,131.519,134.165,126.16,199.95,97.66,178.05,134.81
3942,606369.118516,55.047,74,-144.44,19.672,75.059,131.014,133.378,126.35,200.15,101.36,177.24,134.06
3943,606369.121413,56.533,73,-144.417,19.472,72.499,131.47,133.607,126.39,199.91,97.88,177.97,134.26
3944,606369.130347,54.677,74,-144.452,19.435,75.403,130.414,133.832,126.39,199.91,101.81,176.35,134.48
3945,606369.133928,56.604,74,-145.088,19.504,72.418,131.569,133.368,125.49,199.96,97.77,178.07,134.03
3946,606369.137604,55.171,74,-145.255,19.093,74.931,131.199,133.776,125.3,199.41,101.17,177.46,134.48
3947,606369.142361,56.316,74,-145.128,19.245,72.764,131.197,132.894,125.44,199.6,98.25,177.53,133.56
3948,606369.146512,55.22,71,-145.581,18.834,74.899,131.303,134.284,124.83,199.04,101.09,177.71,134.98
3949,606369.150518,56.231,73,-145.931,19.006,72.963,131.265,132.727,124.38,199.27,98.55,177.38,133.41
3950,606369.158233,55.324,73,-146.237,18.537,74.54,131.016,133.939,123.98,198.65,100.68,176.95,134.63
3951,606369.161628,55.687,77,-146.014,18.597,73.642,130.638,132.674,124.25,198.72,99.42,176.73,133.37
3952,606369.165422,55.495,74,-146.587,18.204,74.143,130.883,134.563,123.45,198.16,100.12,176.78,135.25
3953,606369.170758,55.691,77,-146.5,18.602,73.71,130.773,132.555,123.66,198.77,99.56,176.68,133.26
3954,606369.173697,55.709,75,-146.755,18.053,73.812,131.01,134.278,123.23,197.96,99.63,177.16,134.98
3955,606369.190073,55.464,76,-146.325,18.549,74.143,130.782,132.678,123.84,198.65,100.1,176.92,133.38
3956,606369.193683,56.031,75,-146.419,18.203,73.077,130.788,134.378,123.7,198.19,98.67,176.77,135.06
3957,606369.198612,55.397,72,-145.869,18.515,74.517,131.218,133.147,124.36,198.53,100.65,177.17,133.89
3958,606369.202271,56.65,73,-146.073,18.468,72.228,131.383,134.382,124.18,198.57,97.51,177.68,135.05
3959,606369.210491,55.38,73,-145.613,18.845,74.495,131.123,133.259,124.79,199.05,100.57,177.43,133.96
3960,606369.21328,56.732,73,-145.566,18.73,72.056,131.356,133.918,124.87,198.93,97.29,177.66,134.59
3961,606369.219237,55.146,73,-145.107,18.923,74.89,131.042,133.666,125.49,199.17,101.12,177.25,134.37
3962,606369.222078,56.928,70,-145.333,19.041,71.931,131.814,134.137,125.16,199.33,97.15,178.16,134.76
3963,606369.225842,55.211,75,-144.959,19.174,74.689,130.905,133.526,125.67,199.49,100.88,176.95,134.2
3964,606369.234563,56.629,75,-144.691,19.338,72.148,131.166,133.603,126.05,199.75,97.43,177.41,134.27
3965,606369.237846,55.062,75,-144.648,19.225,74.946,130.868,134.089,126.13,199.61,101.22,176.94,134.78
3966,606369.241875,56.636,72,-144.772,19.558,72.23,131.338,133.457,125.91,200.03,97.52,177.77,134.11
3967,606369.246638,55.197,75,-144.78,19.391,74.683,130.848,133.902,125.95,199.84,100.87,176.9,134.59
3968,606369.249973,56.364,74,-144.416,19.546,72.629,131.118,132.946,126.37,199.99,98.1,177.35,133.6
3969,606369.258831,55.255,73,-144.805,19.228,74.669,131.014,134.43,125.92,199.62,100.84,177.11,135.11
3970,606369.261776,56.335,71,-144.923,19.606,72.832,131.386,132.934,125.71,200.09,98.34,177.81,133.6
3971,606369.274568,55.566,74,-145.496,18.824,74.067,130.988,134.712,124.92,199.0,99.99,177.19,135.38
3972,606369.277466,55.746,76,-145.515,19.256,73.607,130.773,132.678,124.9,199.59,99.4,176.84,133.36
3973,606369.286102,55.759,75,-145.98,18.615,73.609,130.82,134.324,124.31,198.77,99.37,176.93,135.0
3974,606369.289244,55.335,77,-145.741,18.643,74.305,130.639,132.887,124.64,198.8,100.34,176.66,133.58
3975,606369.29453,55.958,76,-146.452,18.263,73.207,130.773,134.694,123.65,198.27,98.79,176.98,135.38
3976,606369.29814,55.472,75,-146.3,18.562,74.207,130.921,132.796,123.87,198.67,100.18,177.12,133.5
3977,606369.301773,56.303,74,-146.741,18.061,72.738,131.107,134.26,123.29,198.01,98.19,177.28,134.95
3978,606369.310753,55.444,71,-146.489,18.17,74.567,131.464,133.251,123.62,198.14,100.65,177.86,133.95
3979,606369.313934,56.745,69,-147.098,17.951,72.158,131.586,134.398,122.78,197.85,97.37,178.04,135.07
3980,606369.317274,55.389,72,-146.823,18.267,74.482,131.131,133.139,123.23,198.32,100.59,177.11,133.84
3981,606369.322576,56.751,72,-146.852,17.937,72.15,131.596,133.885,123.1,197.81,97.4,177.94,134.55
3982,606369.325332,55.25,73,-146.658,18.161,74.697,131.049,133.531,123.41,198.14,100.84,177.19,134.25
3983,606369.33374,57.025,71,-146.883,18.104,71.838,131.99,133.756,123.08,198.06,96.95,178.58,134.42
3984,606369.338159,55.263,75,-146.544,18.35,74.609,130.935,133.437,123.54,198.38,100.71,177.14,134.14
3985,606369.341562,56.723,71,-146.216,18.471,72.05,131.313,133.372,123.97,198.55,97.26,177.66,134.04
3986,606369.354611,55.318,75,-145.587,18.99,74.466,130.865,133.74,124.8,199.22,100.54,176.98,134.42
3987,606369.361989,56.508,73,-145.033,19.264,72.435,131.266,132.836,125.57,199.62,97.85,177.38,133.52
3988,606369.366632,55.327,75,-145.13,19.091,74.44,130.849,134.384,125.45,199.41,100.49,177.01,135.06
3989,606369.36929,56.385,73,-144.824,19.617,72.641,131.213,132.877,125.89,200.15,98.16,177.13,133.52
3990,606369.37491,55.603,74,-144.882,19.321,73.948,130.9,134.125,125.79,199.72,99.85,177.08,134.81
3991,606369.377879,55.726,77,-144.281,19.625,73.491,130.501,132.839,126.6,200.14,99.27,176.5,133.51
3992,606369.386182,55.627,77,-144.727,19.162,73.796,130.71,134.761,125.97,199.49,99.6,176.96,135.43
3993,606369.389594,55.833,76,-144.474,19.73,73.376,130.655,132.738,126.32,200.26,99.08,176.83,133.41
3994,606369.393367,55.942,74,-144.724,19.188,73.366,131.002,134.402,125.95,199.5,99.06,177.23,135.06
3995,606369.398671,55.301,76,-144.309,19.299,74.276,130.478,133.073,126.54,199.67,100.3,176.6,133.76
3996,606369.401934,56.106,75,-144.916,18.92,72.956,130.824,134.734,125.67,199.11,98.52,176.89,135.39
3997,606369.411128,55.377,74,-144.82,19.15,74.327,130.819,133.057,125.91,199.46,100.55,176.6,133.74
3998,606369.414172,56.322,77,-145.156,18.714,72.554,130.841,134.34,125.4,198.86,98.01,177.05,135.02
3999,606369.417833,55.26,71,-145.063,18.693,74.826,131.308,133.534,125.56,198.87,101.09,177.35,134.24
4000,606369.423418,56.599,73,-145.701,18.499,72.252,131.249,134.5,124.66,198.59,97.57,177.39,135.16
4001,606369.427028,55.326,74,-145.652,18.63,74.512,130.975,133.238,124.75,198.77,100.65,176.84,133.95
4002,606369.438464,55.182,74,-145.92,18.357,74.86,131.11,133.768,124.38,198.39,101.05,177.41,134.47
4003,606369.443625,56.763,73,-146.528,18.384,72.121,131.581,133.861,123.55,198.44,97.34,178.04,134.53
4004,606369.451329,56.545,73,-146.493,18.343,72.28,131.112,133.298,123.63,198.41,97.62,177.06,133.93
4005,606369.454286,55.189,74,-146.708,18.314,74.84,131.096,134.079,123.32,198.32,101.05,177.16,134.8
4006,606369.462725,56.565,72,-146.761,18.539,72.346,131.303,133.025,123.23,198.62,97.69,177.5,133.69
4007,606369.465749,55.288,75,-146.806,18.439,74.606,131.013,133.849,123.17,198.47,100.71,177.14,134.55
4008,606369.46987,56.184,75,-146.528,18.598,72.939,131.06,132.666,123.59,198.74,98.54,176.93,133.37
4009,606369.474692,55.38,73,-146.738,18.394,74.508,131.146,134.395,123.28,198.44,100.55,177.45,135.1
4010,606369.478374,56.152,76,-146.564,19.027,72.942,130.957,132.727,123.52,199.31,98.46,177.16,133.42
4011,606369.48656,55.408,76,-146.594,18.614,74.243,130.772,134.112,123.49,198.76,100.22,176.84,134.81
4012,606369.489628,55.747,77,-145.934,19.021,73.637,130.829,132.821,124.36,199.3,99.41,177.0,133.51
4013,606369.494146,55.713,76,-146.321,18.792,73.754,130.924,134.749,123.83,198.98,99.52,177.19,135.43
4014,606369.499471,55.657,77,-145.82,19.408,73.735,130.702,132.795,124.54,199.84,99.56,176.73,133.49
4015,606369.501436,55.892,76,-145.888,18.974,73.385,130.869,134.373,124.43,199.26,99.06,177.01,135.04
4016,606369.506468,55.327,76,-145.253,19.304,74.392,130.769,133.146,125.28,199.68,100.43,176.96,133.84
4017,606369.515335,56.055,76,-145.641,18.956,73.061,130.839,134.759,124.74,199.21,98.6,177.1,135.43
4018,606369.527211,55.195,72,-144.89,19.12,74.88,131.187,133.511,125.79,199.44,101.11,177.45,134.22
4019,606369.529684,56.768,73,-145.309,18.904,72.043,131.459,134.457,125.16,199.12,97.26,177.83,135.11
4020,606369.538258,55.38,72,-145.028,19.005,74.466,131.071,133.36,125.57,199.27,100.53,177.4,134.05
4021,606369.541935,56.777,73,-144.931,18.838,71.967,131.352,133.789,125.7,199.06,97.2,177.58,134.47
4022,606369.545979,55.045,76,-144.765,18.557,74.936,130.793,133.853,125.93,198.66,101.17,177.03,134.54
4023,606369.550675,56.806,71,-145.116,18.737,71.95,131.421,133.758,125.43,198.9,97.16,177.76,134.4
4024,606369.553741,55.382,74,-145.202,18.619,74.47,131.085,133.807,125.32,198.72,100.56,177.3,134.48
4025,606369.563155,56.593,75,-145.014,18.562,72.21,131.152,133.221,125.52,198.62,97.55,177.18,133.89
4026,606369.56559,55.435,72,-145.25,18.479,74.484,131.287,134.164,125.18,198.47,100.6,177.29,134.88
4027,606369.569435,56.7,72,-145.32,18.704,72.16,131.434,133.055,125.16,198.84,97.45,177.72,133.7
4028,606369.574627,55.537,72,-145.414,18.484,74.19,131.108,134.078,125.08,198.58,100.17,177.33,134.77
4029,606369.577329,56.218,76,-145.07,18.752,72.77,130.874,132.667,125.54,198.95,98.29,176.99,133.35
4030,606369.581924,55.554,74,-145.41,18.442,74.186,131.158,134.579,125.05,198.51,100.13,177.53,135.26
4031,606369.58978,56.331,74,-145.396,19.082,72.715,131.161,132.87,125.06,199.36,98.2,177.38,133.55
4032,606369.594136,55.554,75,-145.626,18.822,74.091,130.987,134.303,124.75,199.0,100.03,177.17,134.98
4033,606369.597396,55.664,76,-145.25,19.14,73.775,130.797,132.925,125.28,199.46,99.61,177.0,133.61
4034,606369.614774,56.024,77,-145.839,19.336,73.128,130.854,134.524,124.46,199.7,98.71,177.01,135.2
4035,606369.617708,55.208,75,-145.465,19.837,74.71,130.932,133.282,125.04,200.44,100.9,176.97,133.98
4036,606369.622329,56.341,74,-145.87,19.588,72.814,131.373,134.876,124.39,200.02,98.3,177.6,135.53
4037,606369.626589,55.508,73,-145.563,20.142,74.414,131.406,133.015,124.84,200.79,100.47,177.72,133.7
4038,606369.629553,56.509,71,-145.72,19.868,72.675,131.702,134.253,124.64,200.44,98.13,178.0,134.93
4039,606369.63791,55.27,71,-145.541,19.869,75.018,131.677,133.721,124.87,200.42,101.32,177.85,134.4
4040,606369.641752,56.846,71,-146.145,19.905,72.141,131.909,134.193,124.05,200.48,97.37,178.43,134.84
4041,606369.645339,55.187,75,-145.929,19.913,74.926,131.243,133.504,124.38,200.5,101.17,177.38,134.19
4042,606369.650152,56.584,73,-145.919,19.543,72.448,131.553,133.787,124.37,200.01,97.78,178.04,134.45
4043,606369.653403,55.026,76,-145.968,19.392,75.137,131.082,133.969,124.27,199.75,101.44,177.19,134.67
4044,606369.658053,56.616,76,-146.294,19.309,72.322,131.436,133.733,123.85,199.68,97.64,177.6,134.44
4045,606369.666473,55.164,76,-146.231,18.991,74.864,131.059,133.673,124.01,199.29,101.08,177.14,134.38
4046,606369.669529,56.379,74,-146.044,18.91,72.672,131.249,133.18,124.23,199.17,98.18,177.23,133.87
4047,606369.673262,55.321,71,-146.33,18.408,74.803,131.469,134.253,123.78,198.4,101.01,177.63,134.94
4048,606369.678612,56.425,71,-146.41,18.562,72.614,131.304,133.015,123.75,198.7,98.05,177.51,133.7
4049,606369.681299,55.34,73,-146.508,17.986,74.457,130.923,133.967,123.59,197.89,100.54,176.92,134.65
4050,606369.689716,55.927,77,-146.092,17.93,73.2,130.655,132.906,124.15,197.81,98.83,176.75,133.6
4051,606369.698455,55.975,75,-146.235,17.936,73.132,130.697,132.796,123.95,197.82,98.78,176.59,133.49
4052,606369.703502,55.58,75,-146.417,17.464,73.915,130.766,134.253,123.72,197.2,99.79,176.83,134.94
4053,606369.705484,55.638,77,-145.773,17.809,73.667,130.517,132.854,124.53,197.6,99.52,176.36,133.54
4054,606369.709769,55.709,76,-146.115,17.604,73.609,130.651,134.657,124.12,197.39,99.37,176.71,135.34
4055,606369.718421,55.329,78,-145.415,18.16,74.167,130.379,132.857,125.12,198.18,100.21,176.1,133.56
4056,606369.72136,55.959,75,-145.639,17.982,73.153,130.678,134.428,124.77,197.91,98.77,176.74,135.09
4057,606369.726085,55.182,76,-144.954,18.552,74.552,130.569,133.113,125.68,198.66,100.66,176.69,133.81
4058,606369.730142,56.097,75,-145.266,18.425,72.98,130.839,134.718,125.22,198.47,98.53,176.99,135.39
4059,606369.733346,55.355,73,-144.82,19.179,74.518,131.08,133.099,125.86,199.5,100.65,177.18,133.79
4060,606369.741939,56.45,72,-144.935,19.041,72.542,131.259,134.141,125.72,199.35,97.95,177.55,134.81
4061,606369.746573,55.032,73,-144.545,19.435,75.131,131.093,133.533,126.25,199.87,101.45,177.35,134.24
4062,606369.749578,56.693,73,-144.902,19.489,72.23,131.536,134.246,125.76,199.96,97.52,177.96,134.91
4063,606369.754597,55.325,72,-144.506,19.978,74.66,131.23,133.364,126.28,200.59,100.84,177.4,134.07
4064,606369.757757,56.621,74,-144.363,20.02,72.272,131.36,133.559,126.49,200.68,97.6,177.7,134.22
4065,606369.765958,55.042,77,-144.3,19.944,75.093,131.057,133.896,126.6,200.59,101.41,177.21,134.58
4066,606369.769967,56.714,73,-144.61,20.157,72.24,131.627,133.634,126.12,200.85,97.54,178.0,134.26
4067,606369.773442,55.187,75,-144.628,20.011,74.789,131.003,133.689,126.16,200.68,101.01,177.12,134.38
4068,606369.787557,56.311,74,-145.266,19.747,72.786,131.22,132.891,125.25,200.29,98.27,177.57,133.56
4069,606369.79346,55.313,75,-145.443,19.243,74.531,130.964,133.889,125.0,199.57,100.63,177.14,134.57
4070,606369.797963,55.925,74,-145.344,19.195,73.379,130.97,132.595,125.15,199.53,99.08,177.21,133.28
4071,606369.803525,55.363,73,-145.939,18.59,74.412,130.92,134.473,124.37,198.73,100.45,177.07,135.16
4072,606369.805727,55.878,75,-146.06,18.806,73.443,130.925,132.583,124.19,199.0,99.16,177.12,133.27
4073,606369.810368,55.552,74,-146.472,18.146,74.043,130.895,134.128,123.63,198.1,99.98,176.9,134.81
4074,606369.818272,55.534,77,-146.307,18.129,73.997,130.756,132.722,123.82,198.04,99.95,176.67,133.42
4075,606369.821618,55.972,75,-146.946,17.78,73.301,130.988,134.502,123.01,197.64,98.94,177.12,135.18
4076,606369.826131,55.448,77,-146.74,18.098,74.088,130.633,132.694,123.24,197.99,100.07,176.47,133.4
4077,606369.829937,56.217,74,-146.991,17.698,72.842,131.001,134.17,122.91,197.48,98.33,177.12,134.86
4078,606369.833429,55.281,73,-146.659,17.902,74.571,130.93,133.085,123.44,197.82,100.71,176.88,133.8
4079,606369.841618,56.423,73,-147.032,17.677,72.518,131.124,134.507,122.89,197.44,98.04,176.86,135.2
4080,606369.845806,55.536,73,-146.607,18.112,74.219,131.154,132.87,123.49,198.08,100.22,177.3,133.59
4081,606369.849851,56.554,73,-146.671,17.848,72.312,131.202,134.148,123.34,197.69,97.62,177.41,134.83
4082,606369.855063,55.416,72,-146.159,18.155,74.531,131.305,133.441,124.04,198.09,100.63,177.54,134.13
4083,606369.857668,56.833,72,-146.406,18.255,71.931,131.481,134.037,123.75,198.29,97.16,177.55,134.71
4084,606369.874608,55.27,75,-145.602,18.703,74.647,131.025,133.845,124.8,198.86,100.76,177.32,134.54
4085,606369.877393,56.874,73,-145.63,18.93,71.925,131.615,133.591,124.74,199.15,97.11,178.0,134.24
4086,606369.881995,55.437,76,-145.49,18.964,74.297,130.963,133.701,124.97,199.23,100.38,176.75,134.37
4087,606369.885366,56.537,74,-145.127,19.206,72.36,131.229,133.025,125.44,199.55,97.7,177.59,133.69
4088,606369.893816,55.372,75,-145.283,19.017,74.476,131.064,134.37,125.25,199.31,100.54,177.3,135.05
4089,606369.897978,56.4,76,-145.303,19.528,72.55,131.1,133.078,125.24,200.03,97.97,177.25,133.72
4090,606369.901332,55.65,71,-145.469,19.253,74.103,131.331,134.05,124.97,199.58,100.05,177.78,134.76
4091,606369.906427,55.939,75,-145.078,19.45,73.338,130.943,132.894,125.51,199.88,99.02,177.2,133.57
4092,606369.909585,55.584,72,-145.576,19.136,74.033,130.987,134.778,124.83,199.45,99.91,177.31,135.46
4093,606369.917793,55.776,77,-145.418,19.603,73.539,130.753,132.727,125.03,200.06,99.35,176.6,133.4
4094,606369.921783,55.709,77,-145.747,19.058,73.636,130.7,134.486,124.58,199.33,99.4,176.81,135.17
4095,606369.925413,55.269,78,-145.391,19.239,74.348,130.499,132.844,125.09,199.59,100.42,176.4,133.54
4096,606369.930564,55.849,76,-146.062,18.733,73.433,130.808,134.911,124.15,198.88,99.12,176.94,135.59
4097,606369.933338,55.469,76,-145.93,19.152,74.126,130.769,132.797,124.4,199.49,100.13,176.64,133.5
4098,606369.938424,56.08,75,-146.27,18.626,73.075,130.95,134.336,123.9,198.76,98.66,177.0,135.01
4099,606369.946032,55.313,73,-146.08,18.607,74.679,131.225,133.333,124.17,198.73,100.81,177.55,134.04
4100,606369.953994,55.325,73,-146.419,18.675,74.632,131.182,133.191,123.71,198.82,100.74,177.48,133.9
4101,606369.959516,56.673,73,-146.458,18.414,72.184,131.385,133.888,123.65,198.47,97.48,177.53,134.58
4102,606369.962169,55.043,74,-146.267,18.486,75.079,131.036,133.602,123.94,198.58,101.36,177.2,134.31
4103,606369.969777,56.9,72,-146.589,18.491,71.913,131.683,134.026,123.48,198.58,97.1,177.94,134.67
4104,606369.973884,55.061,75,-146.285,18.592,74.95,130.87,133.262,123.92,198.77,101.16,176.93,133.91
4105,606369.977416,56.686,71,-146.099,18.674,72.174,131.41,133.473,124.11,198.8,97.45,177.67,134.13
4106,606369.9828,55.178,75,-146.05,18.609,74.85,131.078,133.908,124.19,198.72,101.08,177.09,134.61
4107,606369.986476,56.735,71,-146.13,19.076,72.22,131.664,132.995,124.12,199.4,97.54,177.81,133.66
4108,606369.994179,55.197,76,-146.044,18.933,74.725,130.923,133.798,124.18,199.16,100.92,176.76,134.53
4109,606369.998206,56.427,73,-145.538,19.134,72.678,131.425,132.72,124.89,199.45,98.13,177.82,133.39
4110,606370.001516,55.393,71,-145.814,19.006,74.631,131.405,134.342,124.52,199.27,100.78,177.57,135.05
4111,606370.006401,56.477,72,-145.767,19.429,72.622,131.497,132.695,124.62,199.87,98.12,177.55,133.37
4112,606370.009393,55.545,72,-145.785,19.13,74.328,131.38,133.961,124.53,199.42,100.35,177.66,134.66
4113,606370.013686,55.926,75,-145.378,19.542,73.4,131.01,132.621,125.11,200.0,99.1,177.26,133.3
4114,606370.021869,55.412,76,-145.702,19.192,74.285,130.858,134.57,124.62,199.48,100.29,176.9,135.25
4115,606370.026572,55.801,76,-145.573,19.712,73.552,130.858,132.694,124.85,200.23,99.3,177.07,133.38
4116,606370.029586,55.735,76,-145.734,19.252,73.657,130.823,134.242,124.62,199.61,99.46,176.83,134.92
4117,606370.03755,55.89,75,-145.666,19.109,73.378,130.85,134.578,124.67,199.37,99.08,176.9,135.25
4118,606370.047035,55.503,75,-145.495,19.376,74.184,130.984,132.908,125.01,199.82,100.2,177.01,133.6
4119,606370.049708,56.111,75,-145.731,19.011,72.959,130.849,134.142,124.62,199.28,98.52,176.88,134.83
4120,606370.059183,56.465,73,-145.931,18.779,72.515,131.26,134.344,124.33,198.95,97.95,177.28,135.0
4121,606370.061507,55.405,71,-145.632,19.003,74.512,131.234,133.026,124.8,199.29,100.62,177.45,133.74
4122,606370.069987,56.686,73,-145.67,18.707,72.183,131.425,133.842,124.77,198.95,97.49,177.54,134.49
4123,606370.074387,54.938,72,-145.434,18.762,75.007,130.568,133.485,125.07,199.01,101.3,176.29,134.1
4124,606370.077211,56.679,71,-145.902,18.658,72.068,131.195,133.765,124.42,198.84,97.3,177.38,134.41
4125,606370.082295,55.144,78,-145.842,18.647,74.703,130.709,133.403,124.55,198.87,100.91,176.37,134.05
4126,606370.08599,56.575,75,-145.737,18.537,72.212,131.094,133.122,124.62,198.64,97.49,177.38,133.79
4127,606370.091227,55.092,76,-145.879,18.376,74.881,130.852,133.844,124.37,198.37,101.11,176.85,134.59
4128,606370.098653,56.939,71,-146.068,18.578,71.869,131.742,133.002,124.17,198.7,97.03,178.24,133.66
4129,606370.101563,55.38,76,-145.967,18.501,74.358,130.883,133.565,124.32,198.6,100.43,176.81,134.25
4130,606370.105375,56.385,76,-145.629,18.679,72.453,130.873,132.657,124.77,198.84,97.83,177.06,133.33
4131,606370.110958,55.337,76,-145.971,18.432,74.339,130.706,134.246,124.36,198.56,100.38,176.61,134.93
4132,606370.113952,56.487,73,-145.938,18.91,72.49,131.291,132.678,124.38,199.17,97.89,177.5,133.37
4133,606370.126598,55.962,75,-145.649,19.024,73.236,130.839,132.601,124.72,199.28,98.9,176.92,133.29
4134,606370.130654,55.748,76,-146.05,18.644,73.628,130.817,134.662,124.19,198.78,99.36,177.05,135.34
4135,606370.133716,55.864,78,-145.707,19.271,73.327,130.672,132.725,124.69,199.66,99.02,176.69,133.41
4136,606370.138734,56.123,75,-145.883,18.879,72.999,130.96,134.331,124.42,199.1,98.52,177.24,135.0
4137,606370.146404,55.396,77,-145.294,19.134,74.172,130.607,132.965,125.2,199.42,100.16,176.64,133.65
4138,606370.150157,56.204,75,-145.846,18.783,72.819,130.913,134.781,124.46,198.98,98.28,177.19,135.45
4139,606370.153839,55.719,74,-145.544,19.19,73.869,131.147,132.966,124.86,199.5,99.75,177.34,133.66
4140,606370.158625,56.491,73,-145.717,18.911,72.438,131.212,134.288,124.66,199.12,97.94,177.07,134.96
4141,606370.161256,55.379,74,-145.399,18.962,74.587,131.282,133.472,125.1,199.24,100.71,177.54,134.15
4142,606370.165762,56.674,73,-145.907,18.796,72.089,131.214,134.523,124.39,198.99,97.34,177.38,135.19
4143,606370.174218,55.562,72,-145.605,19.131,74.206,131.218,133.275,124.83,199.46,100.2,177.46,133.98
4144,606370.178263,56.757,75,-145.64,18.794,71.924,131.2,134.027,124.75,199.0,97.13,177.34,134.67
4145,606370.181914,55.179,75,-145.556,18.718,74.802,131.0,133.848,124.87,198.88,101.01,177.1,134.55
4146,606370.18691,56.802,76,-145.973,18.742,71.827,131.183,133.919,124.32,198.95,96.97,177.41,134.59
4147,606370.189947,55.338,77,-145.87,18.771,74.435,130.877,133.747,124.49,199.03,100.49,176.87,134.39
4148,606370.198121,56.732,74,-145.843,18.744,71.926,131.118,133.286,124.5,198.94,97.12,177.31,133.96
4149,606370.20193,55.27,75,-145.972,18.543,74.619,130.976,134.23,124.29,198.62,100.73,177.14,134.91
4150,606370.211141,55.498,74,-146.078,18.633,74.296,131.163,133.897,124.14,198.74,100.3,177.36,134.6
4151,606370.215482,56.471,74,-145.754,18.677,72.443,131.152,133.064,124.58,198.81,97.83,177.35,133.73
4152,606370.217635,55.405,74,-146.04,18.477,74.274,130.816,134.576,124.17,198.5,100.29,176.82,135.26
4153,606370.227,56.328,73,-146.006,18.987,72.791,131.288,133.025,124.24,199.23,98.29,177.52,133.71
4154,606370.229367,55.574,76,-146.102,18.594,73.894,130.709,134.455,124.15,198.73,99.75,176.8,135.15
4155,606370.235743,55.861,76,-145.58,19.024,73.406,130.801,132.997,124.83,199.3,99.1,176.99,133.68
4156,606370.237769,55.832,76,-145.997,18.642,73.554,130.967,134.976,124.28,198.81,99.28,177.16,135.64
4157,606370.242209,55.878,75,-145.51,19.218,73.418,130.88,133.019,124.93,199.56,99.12,177.1,133.7
4158,606370.249792,56.047,76,-145.684,18.887,73.096,130.875,134.544,124.64,199.09,98.67,176.99,135.24
4159,606370.253773,55.318,75,-145.169,19.188,74.377,130.709,133.253,125.37,199.49,100.44,176.78,133.94
4160,606370.257561,56.158,72,-145.669,18.828,73.014,131.106,135.055,124.7,199.03,98.54,177.47,135.72
4161,606370.262177,55.411,77,-145.436,19.314,74.208,130.722,133.172,125.02,199.69,100.25,176.48,133.91
4162,606370.266181,56.363,74,-145.655,19.011,72.682,131.213,134.592,124.72,199.29,98.09,177.6,135.26
4163,606370.274463,55.287,70,-145.359,19.094,74.925,131.571,133.75,125.13,199.39,101.14,178.08,134.44
4164,606370.277821,56.905,71,-145.935,19.053,72.047,131.945,134.633,124.38,199.34,97.4,177.98,135.27
4165,606370.281632,55.206,73,-145.747,19.258,74.824,131.126,133.615,124.57,199.59,101.04,177.12,134.36
4166,606370.29516,56.926,69,-146.151,19.15,72.053,132.032,134.03,124.04,199.45,97.27,178.55,134.67
4167,606370.302335,55.143,75,-146.109,19.2,74.943,131.127,133.788,124.11,199.51,101.21,177.14,134.48
4168,606370.30509,56.362,75,-146.063,19.167,72.652,131.153,133.393,124.13,199.48,98.05,177.36,134.12
4169,606370.310432,55.106,74,-146.248,18.94,75.015,131.13,134.387,123.94,199.17,101.28,177.25,135.09
4170,606370.313813,56.513,74,-146.398,19.378,72.507,131.414,133.137,123.71,199.75,97.94,177.46,133.82
4171,606370.31887,55.362,73,-146.467,18.928,74.61,131.266,134.083,123.64,199.17,100.69,177.63,134.78
4172,606370.326196,56.226,73,-146.104,18.967,72.982,131.281,133.078,124.11,199.2,98.54,177.51,133.77
4173,606370.329731,55.487,72,-146.41,18.714,74.374,131.266,134.581,123.71,198.88,100.36,177.64,135.27
4174,606370.333802,55.922,75,-146.324,19.045,73.418,131.029,132.92,123.86,199.35,99.13,177.16,133.61
4175,606370.339164,55.584,76,-146.561,18.577,73.972,130.88,134.478,123.53,198.71,99.84,177.0,135.16
4176,606370.341506,55.426,75,-146.066,18.83,74.178,130.718,132.889,124.21,199.05,100.16,176.75,133.6
4177,606370.350064,55.51,77,-146.466,18.436,74.022,130.722,134.846,123.63,198.5,99.88,176.91,135.54
4178,606370.354295,55.644,77,-146.139,18.809,73.796,130.768,132.766,124.09,199.01,99.63,176.92,133.46
4179,606370.358213,55.742,76,-146.269,18.427,73.587,130.723,134.456,123.92,198.51,99.33,176.8,135.14
4180,606370.362268,55.143,75,-145.608,18.606,74.644,130.602,133.131,124.8,198.73,100.77,176.71,133.83
4181,606370.365406,56.008,75,-146.145,18.281,73.172,130.881,134.894,124.09,198.31,98.77,177.03,135.58
4182,606370.382523,55.02,75,-145.399,18.621,75.059,130.925,133.53,125.11,198.79,101.35,177.01,134.2
4183,606370.385316,56.709,72,-145.677,18.656,72.208,131.552,134.244,124.74,198.88,97.52,177.56,134.82
4184,606370.391401,55.129,75,-145.408,18.828,74.843,130.906,133.461,125.07,199.03,101.04,177.15,134.16
4185,606370.393419,56.738,73,-145.251,18.783,72.137,131.526,133.719,125.29,199.0,97.41,177.89,134.39
4186,606370.401763,54.901,76,-145.066,18.809,75.265,130.897,133.889,125.58,199.06,101.66,176.88,134.58
4187,606370.405912,56.739,70,-145.279,18.96,72.072,131.408,133.663,125.26,199.25,97.32,177.7,134.32
4188,606370.409326,55.181,75,-145.296,18.931,74.796,130.994,133.65,125.22,199.17,100.97,177.28,134.34
4189,606370.414251,56.585,73,-144.996,19.087,72.382,131.436,133.032,125.64,199.42,97.76,177.72,133.69
4190,606370.417938,55.109,72,-145.243,18.843,75.044,131.191,134.264,125.28,199.05,101.3,177.57,134.96
4191,606370.426247,56.47,75,-145.194,19.25,72.434,131.132,132.825,125.39,199.67,97.86,177.02,133.44
4192,606370.430573,55.397,72,-145.341,19.029,74.532,131.244,133.907,125.13,199.28,100.63,177.5,134.58
4193,606370.433009,56.096,74,-144.924,19.136,73.104,131.059,132.555,125.74,199.47,98.74,177.22,133.24
4194,606370.439521,55.457,73,-145.388,18.841,74.314,131.06,134.505,125.08,199.06,100.31,177.24,135.23
4195,606370.441884,55.951,76,-145.447,19.374,73.214,130.762,132.738,124.97,199.73,98.89,176.73,133.42
4196,606370.446769,55.608,76,-145.622,19.041,73.928,130.879,134.144,124.83,199.38,99.88,176.62,134.82
4197,606370.4543,55.46,77,-145.334,19.29,74.053,130.608,132.901,125.15,199.64,100.0,176.64,133.59
4198,606370.46209,55.619,75,-145.806,19.495,73.972,130.995,132.793,124.59,199.98,99.91,177.0,133.49
4199,606370.467821,56.156,75,-146.13,19.1,72.98,131.041,134.431,124.07,199.39,98.51,177.24,135.11
4200,606370.470211,55.261,75,-145.844,19.326,74.653,131.009,133.217,124.51,199.72,100.79,177.17,133.93
4201,606370.478683,56.247,75,-146.442,19.023,72.82,131.062,134.737,123.68,199.31,98.31,177.11,135.43
4202,606370.481937,55.576,71,-146.284,19.405,74.34,131.501,132.997,123.9,199.81,100.39,177.69,133.7
4203,606370.485664,56.467,73,-146.609,19.057,72.537,131.31,134.307,123.42,199.32,97.91,177.57,134.97
4204,606370.490186,55.337,71,-146.484,19.039,74.783,131.487,133.589,123.65,199.36,100.91,177.8,134.28
4205,606370.494518,56.823,72,-147.117,18.958,72.115,131.781,134.185,122.79,199.25,97.33,178.18,134.84
4206,606370.503294,55.28,75,-146.967,18.984,74.692,131.139,133.478,122.98,199.24,100.8,177.42,134.19
4207,606370.505248,56.735,73,-146.926,18.708,72.14,131.518,133.71,123.02,198.88,97.38,177.75,134.42
4208,606370.509695,55.073,75,-146.908,18.675,75.025,131.042,133.899,123.07,198.83,101.34,176.83,134.6
4209,606370.515227,56.809,72,-147.077,18.695,72.104,131.713,133.682,122.82,198.86,97.3,178.19,134.35
4210,606370.517546,55.431,73,-146.962,18.667,74.579,131.44,133.619,122.91,198.74,100.7,177.5,134.34
4211,606370.522554,56.633,73,-146.783,18.621,72.377,131.596,133.102,123.22,198.75,97.74,177.77,133.8
4212,606370.5304,55.374,73,-146.927,18.34,74.633,131.345,134.299,122.98,198.33,100.73,177.53,135.01
4213,606370.533594,56.618,72,-146.8,18.77,72.38,131.546,133.016,123.17,198.94,97.72,177.83,133.7
4214,606370.537825,55.596,72,-146.759,18.517,74.213,131.343,134.055,123.25,198.61,100.15,177.71,134.75
4215,606370.555393,55.997,77,-146.026,19.088,73.199,130.892,132.693,124.24,199.39,98.82,177.08,133.38
4216,606370.557985,55.644,76,-146.004,18.845,73.909,130.968,133.856,124.24,199.04,99.78,177.13,134.55
4217,606370.562502,55.401,79,-145.159,19.843,74.114,130.523,131.245,125.44,200.43,100.12,176.47,131.95
4218,606370.566643,55.333,78,-145.042,19.879,74.391,130.785,132.821,125.59,200.48,100.46,176.87,133.51
4219,606370.569271,55.078,75,-144.022,21.447,74.879,130.803,129.681,127.01,202.61,101.2,176.9,130.35
4220,606370.577947,55.524,76,-143.557,21.884,74.221,131.117,131.072,127.57,203.19,100.29,177.23,131.75
4221,606370.581635,54.559,77,-142.103,23.746,75.812,130.741,128.317,129.57,205.72,102.48,176.81,129.02
4222,606370.585543,55.513,74,-141.592,24.052,74.412,131.42,129.894,130.29,206.11,100.77,177.4,130.61
4223,606370.590534,55.013,75,-140.031,26.296,75.341,131.396,127.043,132.37,209.19,101.88,177.74,127.72
4224,606370.59355,55.885,71,-139.287,26.972,73.954,131.858,128.196,133.32,210.09,99.99,178.43,128.84
4225,606370.598671,55.292,76,-137.1,28.851,74.9,131.544,125.208,136.28,212.63,101.34,177.99,125.85
4226,606370.606501,55.979,73,-135.801,29.18,73.755,131.822,126.494,138.04,213.11,99.77,178.57,127.11
4227,606370.609964,55.749,75,-133.633,30.872,74.136,131.722,124.458,140.95,215.39,100.36,178.34,125.06
4228,606370.613274,56.948,70,-132.541,31.57,72.297,132.558,125.275,142.43,216.37,97.84,179.67,125.84
4229,606370.618985,55.744,73,-130.335,32.794,74.173,131.771,123.473,145.44,218.03,100.5,178.29,124.06
4230,606370.621448,57.324,73,-129.061,32.817,71.457,132.354,124.362,147.13,218.07,96.8,179.26,124.89
4231,606370.629679,56.371,72,-127.497,33.641,73.056,131.914,122.97,149.24,219.19,98.96,178.9,123.51
4232,606370.642799,58.733,70,-124.411,34.256,68.914,132.777,122.364,153.41,220.04,93.45,180.06,122.88
4233,606370.646054,57.476,70,-124.034,34.27,71.074,132.193,121.51,153.88,220.03,96.43,178.93,122.0
4234,606370.65002,59.592,66,-123.962,35.264,66.852,132.08,120.427,154.06,221.47,90.65,178.97,120.87
4235,606370.658056,57.745,69,-124.637,34.259,70.54,132.174,120.735,153.11,220.04,95.63,179.3,121.23
4236,606370.661048,59.974,70,-124.58,33.387,66.41,132.716,119.864,153.17,218.87,90.1,179.67,120.36
4237,606370.666204,58.597,70,-125.834,32.833,68.695,131.838,120.424,151.34,218.06,93.12,178.39,120.99
4238,606370.669152,60.018,73,-127.587,33.363,65.94,131.95,118.135,149.14,218.83,89.41,178.8,118.63
4239,606370.673549,59.085,74,-128.943,32.071,67.425,131.236,120.15,147.34,217.12,91.4,177.53,120.64
4240,606370.68216,60.346,73,-130.402,31.223,65.268,131.917,117.511,145.35,215.92,88.49,178.6,118.01
4241,606370.685727,60.424,72,-132.833,30.14,64.89,131.471,119.967,142.05,214.44,87.92,177.97,120.5
4242,606370.689885,60.841,73,-134.52,29.639,64.483,132.345,117.082,139.82,213.68,87.58,178.9,117.64
4243,606370.694106,61.887,75,-136.525,28.514,62.4,132.425,119.677,137.03,212.2,84.56,178.85,120.2
4244,606370.698237,61.903,68,-138.883,27.478,62.372,132.434,117.416,133.91,210.81,84.5,178.9,117.97
4245,606370.706661,63.811,69,-140.543,26.645,58.993,133.67,119.05,131.7,209.7,79.89,180.58,119.57
4246,606370.710025,63.27,65,-142.496,25.99,60.001,133.398,117.434,129.0,208.74,81.34,179.65,117.99
4247,606370.713097,65.891,68,-143.887,25.438,55.457,135.766,118.544,127.19,208.04,75.1,183.09,119.04
4248,606370.726634,66.662,59,-145.204,23.916,53.85,135.93,116.745,125.46,206.0,72.95,183.0,117.21
4249,606370.733918,69.653,62,-145.774,23.607,48.332,139.005,117.968,124.8,205.66,65.46,187.09,118.43
4250,606370.737662,67.91,67,-144.506,23.783,50.458,134.173,117.059,126.3,205.75,68.43,180.54,117.62
4251,606370.742829,71.057,57,-145.396,23.459,45.605,140.483,118.049,125.25,205.44,61.74,189.41,118.48
4252,606370.746423,69.865,57,-144.518,24.2,47.354,137.563,118.294,126.44,206.45,64.14,185.28,118.76
4253,606370.749343,71.941,58,-143.535,25.017,43.313,139.725,118.441,127.69,207.53,58.63,188.73,118.88
4254,606370.75788,71.314,57,-142.3,25.634,44.216,138.014,119.1,129.35,208.39,59.86,186.33,119.53
4255,606370.761793,72.595,58,-141.08,27.052,41.494,138.717,118.642,131.07,210.35,56.21,187.01,119.06
4256,606370.76552,72.592,60,-140.522,27.708,41.885,140.001,120.075,131.67,211.17,56.72,189.05,120.48
4257,606370.769781,73.657,59,-138.392,28.437,39.437,140.156,119.744,134.69,212.26,53.43,189.03,120.14
4258,606370.773801,73.728,60,-137.263,28.845,39.326,140.35,120.872,136.08,212.76,53.25,189.88,121.26
4259,606370.781875,73.957,56,-135.557,30.893,38.478,139.234,120.156,138.44,215.59,52.12,188.19,120.53
4260,606370.785717,74.122,57,-135.037,31.384,38.228,139.729,121.62,139.15,216.28,51.76,189.22,121.98
4261,606370.789316,74.699,55,-133.202,30.431,36.931,139.951,121.554,141.32,214.82,50.03,188.81,121.96
4262,606370.794235,75.451,53,-132.468,30.257,35.444,141.092,122.505,142.43,214.66,47.99,190.98,122.87
4263,606370.797722,74.851,52,-129.028,34.132,35.759,136.84,121.369,147.21,220.05,48.38,185.57,121.65
4264,606370.802503,75.89,50,-131.008,33.268,35.29,144.757,122.733,144.5,218.82,47.77,196.5,123.08
4265,606370.813637,77.107,50,-129.766,31.897,32.376,145.102,123.354,146.16,216.96,43.84,196.98,123.69
4266,606370.819023,76.865,47,-129.026,33.701,33.281,146.459,123.089,147.29,219.5,45.11,197.73,123.43
4267,606370.822018,76.192,45,-131.159,31.664,33.73,141.323,124.766,144.34,216.67,45.71,191.54,125.07
4268,606370.825875,76.267,51,-132.099,29.009,32.22,135.718,125.531,142.81,212.99,43.51,184.06,125.99
4269,606370.834279,77.585,52,-131.448,29.253,30.418,141.484,125.171,143.67,213.29,41.27,190.83,125.56
4270,606370.838248,77.491,46,-131.325,31.071,31.26,144.327,125.054,143.61,215.58,42.37,193.56,125.46
4271,606370.841775,77.034,50,-132.613,30.229,32.148,143.281,126.097,142.41,214.78,43.51,194.16,126.41
4272,606370.846439,77.68,50,-132.53,29.149,30.358,142.277,127.055,142.49,213.32,41.08,192.57,127.37
4273,606370.849423,78.422,47,-136.465,26.869,28.895,143.967,126.544,136.94,210.03,39.08,194.66,126.92
4274,606370.858003,78.104,43,-136.541,28.446,30.548,148.188,127.306,136.96,212.26,41.28,201.31,127.66
4275,606370.862381,77.722,43,-137.787,26.772,30.43,143.1,128.625,135.35,210.05,41.13,193.64,128.97
4276,606370.865711,78.622,49,-138.816,24.851,28.645,145.202,128.793,134.05,207.5,38.71,196.53,129.12
4277,606370.870704,78.622,46,-140.832,24.67,28.496,144.438,128.229,131.24,207.18,38.51,195.36,128.58
4278,606370.873959,78.395,42,-143.371,24.731,29.555,146.923,129.675,127.51,206.99,39.95,197.9,130.08
4279,606370.882145,78.407,44,-144.576,22.684,29.129,144.952,131.035,126.11,204.39,39.34,196.3,131.42
4280,606370.886648,78.166,38,-143.541,23.27,27.808,135.592,131.123,127.45,205.2,37.55,183.27,131.48
4281,606370.889785,78.543,47,-147.299,22.059,28.257,142.256,130.4,122.57,203.64,38.16,192.04,130.78
4282,606370.897929,78.195,46,-145.722,23.547,28.321,138.439,131.92,124.63,205.7,38.2,187.13,132.23
4283,606370.903542,79.829,43,-148.388,19.896,26.695,151.173,132.591,120.87,200.51,36.02,203.7,132.99
4284,606370.910128,79.305,35,-148.658,21.496,27.996,150.856,132.42,120.67,202.81,37.76,204.27,132.79
4285,606370.913774,78.782,39,-148.507,23.35,28.235,145.141,133.14,121.17,205.75,38.18,193.82,133.45
4286,606370.917339,79.241,44,-149.053,21.745,28.564,153.01,134.372,120.11,203.19,38.48,208.03,134.76
4287,606370.92262,80.545,40,-148.531,22.074,26.245,159.769,134.042,120.8,203.62,35.33,217.88,134.42
4288,606370.925298,78.567,37,-146.266,25.105,29.72,149.939,134.016,123.97,207.88,40.12,201.24,134.37
4289,606370.934075,78.457,42,-145.709,24.45,29.083,145.345,135.047,124.62,206.85,39.24,196.67,135.42
4290,606370.937885,77.581,45,-143.497,25.47,29.877,138.925,134.958,127.52,208.34,40.29,187.97,135.16
4291,606370.941396,79.151,39,-147.682,21.043,26.621,141.437,136.517,121.49,201.85,35.64,192.14,136.97
4292,606370.947402,78.161,47,-142.835,26.713,30.722,149.744,135.468,128.48,209.97,41.42,203.28,135.81
4293,606370.949332,76.974,44,-141.0,26.506,31.442,139.505,136.612,131.03,209.9,42.46,187.51,136.81
4294,606370.955032,77.785,49,-139.602,24.449,30.269,143.062,136.657,132.94,207.06,40.86,193.2,136.94
4295,606370.961961,77.85,47,-141.614,21.914,28.964,137.614,137.24,130.04,203.41,39.16,186.6,137.65
4296,606370.965466,77.367,52,-138.242,26.178,31.951,146.089,136.885,134.57,209.14,43.14,197.94,137.22
4297,606370.969843,76.527,47,-137.264,25.315,33.362,143.193,138.329,135.94,208.08,45.03,194.16,138.62
4298,606370.977693,76.199,49,-133.723,27.338,32.439,135.984,137.463,140.63,210.77,43.81,184.53,137.71
4299,606370.987503,74.689,53,-136.648,23.263,35.714,135.253,139.318,136.56,205.15,48.1,184.24,139.75
4300,606370.989616,75.863,56,-134.382,23.783,34.499,141.253,139.292,139.68,205.84,46.6,191.72,139.59
4301,606370.993571,76.013,51,-134.234,23.754,34.706,143.586,139.264,139.9,205.83,46.87,195.25,139.55
4302,606370.999386,74.209,56,-136.012,23.561,36.536,134.262,139.474,137.5,205.57,49.32,182.39,139.82
4303,606371.002055,73.725,57,-135.454,23.328,38.731,138.203,140.366,138.18,205.17,52.31,187.3,140.7
4304,606371.010754,74.235,58,-134.947,23.244,37.904,139.511,139.843,139.02,205.23,51.21,189.15,140.12
4305,606371.013935,74.283,59,-136.045,23.187,38.236,141.152,139.952,137.48,205.07,51.64,191.65,140.26
4306,606371.017529,72.569,50,-136.9,25.339,41.065,137.084,139.022,136.29,207.87,55.46,185.79,139.32
4307,606371.023809,71.742,59,-138.387,23.252,43.197,137.88,140.71,134.29,205.09,58.3,186.92,141.05
4308,606371.026102,72.401,60,-139.125,22.818,42.199,139.566,139.874,133.39,204.63,56.94,189.23,140.19
4309,606371.030926,72.229,59,-141.005,22.745,42.712,139.945,140.247,130.81,204.44,57.62,189.9,140.59
4310,606371.038972,70.13,57,-142.554,24.29,46.017,135.389,139.705,128.52,206.31,62.07,182.73,140.16
4311,606371.041363,69.82,66,-143.066,23.041,47.22,136.883,140.511,128.06,204.83,63.65,185.69,140.89
4312,606371.048013,69.655,58,-144.278,22.235,47.174,135.683,139.813,126.23,203.54,63.64,182.78,140.3
4313,606371.050083,70.575,59,-145.66,22.774,46.433,139.617,139.742,124.52,204.38,62.59,189.19,140.15
4314,606371.053411,67.681,61,-147.015,23.574,50.86,133.923,139.287,122.72,205.5,68.53,181.01,139.76
4315,606371.06239,68.285,69,-146.546,22.763,50.524,136.554,139.855,123.42,204.46,68.1,184.74,140.26
4316,606371.070182,68.988,61,-147.638,23.009,49.389,137.741,138.675,121.94,204.78,66.55,186.39,139.08
4317,606371.07546,66.797,64,-147.938,24.354,53.71,136.324,138.08,121.55,206.57,72.37,184.5,138.53
4318,606371.077781,66.947,69,-147.275,23.302,53.345,136.23,138.581,122.49,205.21,71.89,184.38,139.05
4319,606371.085759,66.699,68,-146.747,22.876,53.971,136.44,138.353,123.14,204.57,72.74,184.7,138.8
4320,606371.090448,67.037,65,-146.339,24.531,52.61,134.848,137.143,123.84,207.02,70.92,181.96,137.52
4321,606371.093397,65.712,68,-146.493,25.398,55.859,135.803,137.446,123.5,207.98,75.29,183.82,137.9
4322,606371.098161,65.5,68,-145.225,25.088,56.251,135.643,136.839,125.23,207.6,75.83,183.78,137.31
4323,606371.101393,65.541,68,-144.564,25.095,56.196,135.726,137.56,126.11,207.61,75.75,183.97,138.02
4324,606371.106096,64.758,74,-143.594,26.795,57.354,134.494,135.492,127.46,209.91,77.41,182.19,135.95
4325,606371.113917,63.903,66,-142.791,26.367,59.247,134.682,136.317,128.56,209.38,79.95,182.02,136.75
4326,606371.11795,63.898,75,-140.96,25.369,59.103,134.331,135.369,130.98,207.98,79.77,182.07,135.83
4327,606371.121546,64.364,71,-140.354,25.517,58.276,134.693,136.147,131.78,208.18,78.65,182.62,136.59
4328,606371.126379,63.477,70,-139.136,28.018,59.903,134.146,134.215,133.45,211.58,80.87,181.9,134.68
4329,606371.129961,62.309,70,-138.313,26.824,62.275,134.011,134.668,134.55,209.95,84.14,181.23,135.13
4330,606371.138063,62.888,69,-136.384,25.907,61.202,134.292,134.101,137.14,208.71,82.73,181.79,134.58
4331,606371.141785,63.126,71,-135.645,26.173,60.462,133.755,134.56,138.15,209.09,81.74,181.17,134.98
4332,606371.14523,62.341,72,-134.71,28.341,61.903,133.351,132.803,139.41,212.02,83.66,180.92,133.26
4333,606371.158547,61.817,70,-132.86,27.948,62.53,132.396,131.96,141.97,211.59,84.56,179.11,132.3
4334,606371.166139,60.177,75,-133.1,28.124,65.754,132.217,131.428,141.6,211.71,88.95,179.11,131.89
4335,606371.169873,60.55,75,-132.713,26.956,65.029,132.264,131.254,142.03,210.07,87.99,179.08,131.75
4336,606371.175187,60.15,74,-132.95,26.26,65.831,132.261,131.022,141.77,209.15,89.07,179.25,131.49
4337,606371.178595,61.548,66,-133.676,27.478,63.579,133.449,129.903,140.89,210.91,86.02,180.69,130.34
4338,606371.181716,59.092,71,-133.847,27.91,67.712,131.823,129.704,140.62,211.41,91.63,178.51,130.24
4339,606371.189639,60.145,73,-133.439,26.652,65.906,132.395,129.497,141.13,209.68,89.23,179.09,130.0
4340,606371.19389,59.732,73,-133.766,26.225,66.892,132.709,129.352,140.76,209.13,90.59,179.7,129.85
4341,606371.197349,60.943,70,-134.578,27.66,64.615,133.04,128.211,139.66,211.11,87.42,180.19,128.7
4342,606371.202695,59.351,72,-135.462,29.127,67.433,132.279,127.93,138.44,213.04,91.22,179.15,128.47
4343,606371.206062,59.415,75,-135.69,28.594,67.245,132.159,127.284,138.11,212.3,90.99,178.85,127.82
4344,606371.214041,59.875,75,-136.061,28.436,66.449,132.398,128.111,137.68,212.15,89.88,179.27,128.64
4345,606371.218078,59.333,76,-136.446,30.28,67.44,132.221,125.647,137.19,214.64,91.23,179.0,126.22
4346,606371.221564,59.357,75,-137.144,29.831,67.576,132.584,126.749,136.28,214.06,91.42,179.32,127.31
4347,606371.227136,59.46,75,-136.833,29.638,67.395,132.631,124.839,136.63,213.75,91.21,179.28,125.41
4348,606371.230555,59.879,69,-137.602,29.608,66.621,132.756,126.175,135.61,213.72,90.1,179.75,126.73
4349,606371.243475,60.346,72,-138.234,30.757,66.097,133.593,125.045,134.8,215.3,89.39,180.73,125.6
4350,606371.246852,59.911,72,-137.823,30.351,66.991,133.624,123.326,135.34,214.72,90.63,180.84,123.89
4351,606371.250235,61.834,67,-138.648,30.547,63.803,135.167,124.04,134.19,214.96,86.36,182.78,124.58
4352,606371.254453,59.856,71,-138.667,31.822,67.189,133.796,122.412,134.2,216.71,90.88,180.87,122.96
4353,606371.257415,61.786,64,-139.061,31.116,63.134,133.541,123.601,133.54,215.7,85.47,180.04,124.25
4354,606371.265849,60.772,70,-137.748,30.985,65.516,134.176,121.929,135.39,215.56,88.75,180.76,122.56
4355,606371.269893,63.351,55,-137.838,31.572,60.796,135.549,121.358,135.28,216.38,82.29,183.14,121.88
4356,606371.27341,60.727,64,-138.522,31.871,64.903,132.732,121.846,134.39,216.8,87.84,179.11,122.46
4357,606371.277841,64.448,62,-137.176,32.183,59.1,137.016,121.002,136.28,217.26,79.99,185.53,121.48
4358,606371.282285,62.322,64,-136.82,31.628,62.903,135.419,121.016,136.7,216.45,85.2,183.05,121.52
4359,606371.28978,64.473,56,-136.481,32.533,58.145,134.925,119.084,137.38,217.86,78.8,181.45,119.48
4360,606371.293839,62.838,67,-136.856,32.448,61.562,134.855,120.843,136.61,217.57,83.33,182.37,121.36
4361,606371.297484,65.027,67,-135.302,31.938,57.253,135.611,119.232,138.73,216.91,77.57,183.17,119.71
4362,606371.302487,63.603,65,-134.859,31.861,59.222,133.207,120.675,139.45,216.9,80.23,179.64,121.08
4363,606371.305182,64.559,64,-134.091,33.63,56.632,131.832,118.101,140.4,219.23,76.71,178.29,118.55
4364,606371.310505,64.21,67,-134.343,33.28,57.544,132.262,120.632,140.1,218.8,77.91,178.78,121.07
4365,606371.31781,65.845,71,-133.251,32.313,54.946,134.274,118.908,141.5,217.42,74.47,181.41,119.37
4366,606371.326459,66.369,67,-132.427,33.813,54.276,135.404,119.183,142.55,219.41,73.56,182.83,119.59
4367,606371.331147,66.992,64,-133.061,33.306,52.589,134.546,121.31,141.65,218.75,71.25,181.63,121.77
4368,606371.333643,67.16,61,-131.822,32.739,52.355,134.879,119.308,143.45,218.03,70.96,182.46,119.69
4369,606371.342618,68.499,62,-132.542,32.198,49.898,136.138,121.335,142.46,217.33,67.56,184.34,121.73
4370,606371.345859,68.267,62,-131.898,33.601,51.186,138.234,119.91,143.32,219.21,69.33,187.31,120.33
4371,606371.34961,69.834,57,-132.258,33.092,47.596,138.063,121.57,142.9,218.58,64.42,187.42,121.96
4372,606371.354928,68.685,59,-132.606,31.828,49.296,135.618,120.416,142.13,216.72,66.74,183.18,120.92
4373,606371.357469,71.523,52,-132.587,32.154,44.218,139.525,121.42,142.37,217.26,59.87,189.06,121.81
4374,606371.365841,69.988,52,-132.289,33.31,47.538,138.909,120.616,142.81,218.83,64.39,187.94,121.04
4375,606371.369881,72.088,49,-131.903,33.171,42.948,139.64,121.379,143.39,218.73,58.24,187.74,121.7
4376,606371.373434,70.983,54,-132.829,31.534,45.667,140.148,120.963,142.06,216.41,61.88,189.37,121.33
4377,606371.377625,72.73,49,-131.849,32.76,40.129,135.172,120.956,143.28,218.03,54.4,182.96,121.35
4378,606371.381821,71.905,59,-133.235,32.958,43.706,140.714,121.376,141.49,218.35,59.17,190.61,121.77
4379,606371.385488,73.806,58,-133.512,32.438,39.786,142.661,121.243,141.14,217.67,53.87,193.18,121.62
4380,606371.393807,72.78,53,-134.336,31.531,42.17,142.443,121.897,140.05,216.39,57.22,192.33,122.32
4381,606371.397833,74.783,52,-135.293,31.988,37.409,142.527,121.139,138.78,217.03,50.75,192.43,121.48
4382,606371.40136,73.557,54,-135.485,32.82,39.815,140.655,122.647,138.43,218.17,53.92,189.67,123.06
4383,606371.409694,73.937,59,-136.716,31.64,38.757,140.074,123.348,136.76,216.55,52.43,189.64,123.74
4384,606371.419272,75.572,55,-137.2,32.176,35.607,142.903,122.382,136.21,217.31,48.24,193.06,122.78
4385,606371.42166,75.262,53,-137.762,32.36,36.007,141.543,123.973,135.11,217.37,48.73,190.41,124.36
4386,606371.425784,74.791,50,-135.918,33.445,35.505,135.339,122.362,137.8,219.0,48.04,183.01,122.7
4387,606371.430947,75.823,59,-138.892,31.409,34.695,141.662,124.81,133.75,216.21,46.91,191.42,125.22
4388,606371.433172,76.517,50,-138.403,31.592,33.789,144.918,124.058,134.52,216.52,45.68,196.4,124.44
4389,606371.441689,76.627,47,-140.529,30.489,32.215,139.284,125.749,131.57,214.98,43.53,188.39,126.16
4390,606371.446535,76.663,53,-138.589,31.737,33.775,146.413,124.597,134.32,216.75,45.64,198.59,124.99
4391,606371.449758,76.538,49,-137.794,32.478,31.709,136.208,126.221,135.4,217.86,42.79,184.31,126.51
4392,606371.455162,77.507,49,-138.529,30.266,31.646,146.296,125.8,134.57,214.91,42.82,197.27,126.13
4393,606371.457691,77.608,45,-136.897,31.869,29.28,136.44,126.641,137.02,217.36,39.43,185.88,126.81
4394,606371.461269,77.659,52,-137.443,32.411,31.865,149.085,126.078,135.85,217.69,43.06,202.24,126.45
4395,606371.470041,77.767,45,-136.738,32.416,30.074,141.938,127.507,136.93,217.86,40.62,191.68,127.81
4396,606371.473757,78.653,47,-137.781,28.789,29.679,150.845,127.364,135.24,212.68,40.12,204.42,127.72
4397,606371.477063,79.594,40,-136.451,29.953,26.755,148.134,127.772,137.25,214.45,36.14,200.64,128.1
4398,606371.482195,78.663,43,-136.056,31.629,29.575,150.44,127.653,137.74,216.68,39.96,204.07,127.99
4399,606371.485536,79.134,39,-136.33,30.155,28.805,152.806,129.362,137.2,214.56,38.89,209.13,129.73
4400,606371.50206,78.823,44,-135.434,30.253,28.947,149.329,129.57,138.49,214.76,39.1,203.17,129.91
4401,606371.505713,79.105,43,-135.12,29.02,28.338,149.932,131.073,138.98,213.16,38.27,203.75,131.41
4402,606371.509608,79.42,40,-135.34,27.598,27.207,148.182,130.856,138.39,210.99,36.79,199.79,131.23
4403,606371.518632,79.156,42,-134.474,29.424,27.303,145.12,130.104,139.96,213.83,36.91,195.89,130.38
4404,606371.521618,78.281,44,-136.215,27.871,29.575,145.612,131.973,137.26,211.41,39.94,197.39,132.31
4405,606371.525625,78.3,38,-137.07,25.551,27.685,136.521,132.202,136.18,208.34,37.4,185.1,132.57
4406,606371.531153,79.063,56,-135.343,26.934,28.15,148.369,132.308,138.62,210.23,38.24,200.08,132.61
4407,606371.533273,78.156,42,-136.864,27.397,29.08,141.676,132.13,136.55,210.8,39.5,191.54,132.47
4408,606371.53779,77.828,46,-136.166,27.555,30.555,144.919,133.489,137.57,211.22,41.28,195.96,133.8
4409,606371.546727,78.358,45,-137.13,25.367,28.857,142.995,133.519,136.0,207.99,38.98,193.5,133.86
4410,606371.549135,78.669,47,-137.134,25.952,28.979,147.495,133.831,136.12,208.89,39.11,200.61,134.17
4411,606371.555271,77.558,43,-136.791,28.817,31.122,144.449,133.371,136.8,213.03,42.09,194.29,133.64
4412,606371.558282,77.408,47,-139.149,25.924,31.861,146.147,135.235,133.37,208.82,43.02,197.94,135.59
4413,606371.562827,77.003,47,-136.771,27.591,30.873,137.275,134.02,136.6,211.15,41.68,186.2,134.31
4414,606371.570608,78.005,49,-139.712,25.499,30.312,145.847,135.105,132.8,208.44,40.96,196.33,135.4
4415,606371.573704,76.802,52,-139.848,27.891,33.363,146.122,134.709,132.55,211.6,45.03,197.9,135.04
4416,606371.581857,76.573,46,-141.315,24.722,33.185,142.913,135.672,130.36,207.09,44.78,193.46,136.05
4417,606371.587155,77.272,49,-141.779,25.587,32.054,145.493,135.745,129.75,208.25,43.27,197.34,136.09
4418,606371.594534,75.29,51,-142.135,26.778,36.286,142.899,135.768,129.26,209.87,48.99,192.55,136.15
4419,606371.598379,74.977,49,-144.3,23.508,35.169,135.678,137.619,126.44,205.61,47.41,184.22,138.08
4420,606371.601155,75.546,60,-142.281,24.608,35.786,143.37,136.332,129.13,207.0,48.26,194.54,136.69
4421,606371.606914,76.267,52,-143.651,24.721,34.534,145.468,136.096,127.36,207.22,46.56,197.22,136.47
4422,606371.609876,74.324,55,-143.666,25.222,38.549,142.668,136.976,127.3,207.85,51.98,193.49,137.35
4423,606371.613909,75.086,54,-142.762,24.406,36.88,143.299,137.311,128.5,206.74,49.72,194.53,137.67
4424,606371.623274,74.407,55,-142.645,24.25,38.152,141.93,137.205,128.59,206.46,51.48,192.15,137.58
4425,606371.625781,74.557,52,-143.735,25.021,37.717,141.646,136.11,127.2,207.55,50.88,191.53,136.5
4426,606371.62982,71.752,51,-143.1,24.91,41.273,131.807,139.316,128.01,207.37,55.58,178.69,139.72
4427,606371.634421,73.789,59,-142.124,23.974,39.529,141.594,137.422,129.33,206.12,53.32,192.08,137.78
4428,606371.637579,73.331,56,-141.878,23.734,40.653,141.722,137.611,129.67,205.81,54.85,192.25,137.98
4429,606371.645496,72.824,59,-142.056,25.343,40.974,138.752,136.481,129.4,207.93,55.28,188.11,136.84
4430,606371.650392,70.932,57,-140.943,25.95,43.97,134.596,137.6,131.03,208.94,59.33,182.05,137.92
4431,606371.653745,72.4,59,-140.203,24.348,42.376,140.147,137.52,131.89,206.58,57.23,189.31,137.89
4432,606371.666917,70.082,61,-139.656,25.182,46.973,137.88,137.794,132.66,207.75,63.39,187.07,138.16
4433,606371.673662,70.385,57,-137.693,25.637,45.42,135.3,137.285,135.45,208.61,61.33,182.79,137.55
4434,606371.678214,70.891,61,-138.372,25.069,45.249,138.225,137.528,134.52,207.75,61.12,186.88,137.87
4435,606371.683219,69.403,63,-138.071,26.81,48.056,136.602,137.25,134.81,209.95,64.87,185.33,137.6
4436,606371.686141,68.666,60,-138.305,25.354,48.903,134.423,138.139,134.36,207.88,66.02,181.69,138.59
4437,606371.690711,69.079,64,-137.322,25.438,48.858,136.825,137.498,135.88,208.17,66.0,185.26,137.87
4438,606371.698591,69.649,60,-137.974,25.9,47.965,137.923,137.028,135.06,208.85,64.82,186.25,137.37
4439,606371.702364,67.687,62,-138.225,27.076,51.825,136.499,136.543,134.67,210.36,69.97,185.05,136.95
4440,606371.705689,66.928,66,-138.891,25.133,52.197,133.191,137.309,133.72,207.7,70.47,180.47,137.72
4441,606371.710415,67.423,66,-138.599,24.899,52.264,136.13,136.602,134.15,207.4,70.58,184.44,136.99
4442,606371.713871,67.638,62,-139.796,25.356,51.876,136.354,135.57,132.54,208.02,70.03,184.79,135.96
4443,606371.722157,65.761,65,-140.32,24.844,55.501,135.191,136.321,131.85,207.32,74.93,183.13,136.74
4444,606371.725933,66.454,70,-140.233,23.65,53.95,135.05,136.04,131.96,205.7,72.85,182.89,136.46
4445,606371.729508,65.817,65,-140.859,23.401,55.375,135.175,136.067,131.05,205.27,74.76,183.07,136.5
4446,606371.734523,65.695,68,-142.4,24.639,55.181,134.065,134.606,129.02,206.98,74.47,181.71,135.06
4447,606371.738225,64.721,69,-142.872,24.393,57.484,134.617,135.762,128.42,206.66,77.59,182.12,136.23
4448,606371.754535,63.932,66,-144.71,25.003,58.129,132.277,133.687,126.04,207.53,78.5,178.89,134.17
4449,606371.757833,63.765,69,-144.741,24.981,59.376,134.315,133.998,125.92,207.44,80.11,181.88,134.51
4450,606371.762092,63.829,72,-144.078,24.087,59.155,134.125,133.267,126.87,206.31,79.89,181.05,133.71
4451,606371.7654,64.525,68,-144.384,23.98,58.002,134.852,133.973,126.4,206.1,78.27,182.6,134.47
4452,606371.774005,63.251,69,-144.201,26.349,60.221,133.801,132.168,126.7,209.32,81.31,180.76,132.66
4453,606371.777654,63.819,67,-144.073,25.64,59.474,134.798,132.821,126.83,208.35,80.26,182.53,133.33
4454,606371.782606,63.132,69,-142.979,25.27,60.672,134.25,131.616,128.34,207.86,81.97,181.35,132.13
4455,606371.786587,64.41,64,-143.57,25.593,58.516,135.475,132.631,127.5,208.28,78.98,183.5,133.12
4456,606371.790005,62.256,73,-142.776,27.227,62.087,133.369,130.879,128.58,210.49,83.84,180.34,131.44
4457,606371.797786,63.768,68,-141.708,26.616,59.568,134.765,131.677,129.99,209.65,80.46,182.35,132.18
4458,606371.801755,62.601,71,-140.835,26.546,61.774,134.238,130.537,131.23,209.6,83.46,181.65,131.05
4459,606371.805595,64.114,62,-140.755,28.147,58.221,133.355,130.239,131.48,211.95,78.64,179.94,130.66
4460,606371.810755,61.812,71,-140.638,28.182,63.297,134.0,129.824,131.56,211.88,85.52,181.13,130.31
4461,606371.814125,64.153,63,-138.901,27.821,59.332,136.09,129.777,133.85,211.35,80.21,184.08,130.27
4462,606371.821708,62.379,68,-138.55,27.525,62.428,134.655,129.45,134.28,210.9,84.4,182.08,129.93
4463,606371.826037,64.491,60,-139.084,28.537,58.674,136.245,128.003,133.45,212.24,79.28,184.26,128.55
4464,606371.834207,63.533,70,-136.739,27.718,59.467,133.427,127.417,136.76,211.19,80.46,179.78,128.0
4465,606371.839352,61.954,65,-136.958,27.331,62.432,132.784,128.788,136.33,210.61,84.45,178.83,129.41
4466,606371.841216,63.15,70,-136.836,29.206,60.178,133.24,126.289,136.66,213.22,81.39,180.48,126.79
4467,606371.851527,61.497,71,-137.037,28.63,62.887,131.78,128.479,136.33,212.43,85.01,178.45,128.98
4468,606371.85388,63.002,75,-135.046,28.028,60.361,132.963,125.83,139.05,211.6,81.72,179.93,126.29
4469,606371.858296,62.278,74,-135.38,27.831,61.61,132.443,128.157,138.52,211.31,83.35,179.36,128.65
4470,606371.862617,62.502,69,-135.591,30.181,61.229,132.613,125.538,138.33,214.46,83.01,179.43,125.97
4471,606371.866033,62.469,71,-135.764,29.311,61.445,132.933,127.518,137.98,213.3,83.12,179.88,128.03
4472,606371.874025,62.9,71,-134.671,28.122,60.68,133.201,125.07,139.47,211.68,82.17,180.13,125.55
4473,606371.878385,63.11,74,-135.621,27.799,59.974,132.605,127.273,138.25,211.29,81.16,179.45,127.73
4474,606371.881021,63.092,67,-135.931,30.468,60.822,134.395,124.783,137.8,214.88,82.31,181.84,125.29
4475,606371.886771,63.321,62,-137.109,29.209,59.315,132.108,126.68,136.15,213.15,80.26,178.41,127.23
4476,606371.889943,63.208,71,-136.298,28.004,60.349,133.885,124.55,137.29,211.51,81.71,180.97,125.02
4477,606371.893959,64.618,70,-137.942,27.754,57.57,134.304,126.194,135.32,211.4,77.9,181.25,126.59
4478,606371.903077,63.461,68,-138.463,29.814,59.874,134.006,124.17,134.44,214.01,80.98,181.36,124.69
4479,606371.90608,65.143,64,-138.276,28.974,56.944,135.468,125.176,134.69,212.89,77.02,183.36,125.67
4480,606371.909302,64.012,65,-138.982,27.523,58.708,133.98,124.365,133.76,210.9,79.46,181.05,124.85
4481,606371.926551,67.052,55,-139.992,28.328,53.957,138.39,123.717,132.5,212.09,73.06,186.46,124.19
4482,606371.929686,65.092,62,-140.276,27.893,57.183,135.773,123.791,131.97,211.41,77.39,182.95,124.33
4483,606371.933159,67.236,61,-141.743,28.605,53.169,137.409,122.492,130.0,212.35,71.93,185.62,122.96
4484,606371.938339,65.381,65,-141.857,28.538,56.446,135.496,123.902,129.88,212.29,76.35,182.89,124.41
4485,606371.941277,67.149,66,-141.112,27.943,52.945,136.337,122.755,130.92,211.5,71.67,183.89,123.23
4486,606371.949891,66.398,67,-141.34,27.599,54.461,136.021,124.175,130.57,211.02,73.65,183.94,124.67
4487,606371.954216,66.567,65,-141.474,29.06,53.255,133.914,121.773,130.43,213.02,72.04,180.95,122.25
4488,606371.957055,66.695,66,-142.265,28.47,53.828,136.055,124.471,129.26,212.17,72.78,183.76,124.99
4489,606371.96262,67.641,67,-140.675,27.655,51.643,135.758,122.448,131.34,211.03,69.9,183.06,122.95
4490,606371.965967,67.595,67,-141.116,27.099,51.68,135.588,124.545,130.9,210.36,69.92,183.36,125.0
4491,606371.970273,66.997,63,-141.928,28.691,51.766,132.468,122.643,129.74,212.49,70.01,179.03,123.16
4492,606371.977836,68.052,64,-141.946,28.604,51.214,137.024,124.743,129.68,212.35,69.24,185.15,125.22
4493,606371.982005,68.513,66,-139.375,27.314,49.701,135.687,122.878,133.17,210.6,67.25,183.69,123.35
4494,606371.9856,68.971,66,-139.825,26.683,48.841,136.108,124.978,132.6,209.78,66.13,184.06,125.43
4495,606371.99074,69.235,61,-138.866,29.152,49.09,138.466,122.742,133.91,213.15,66.41,187.44,123.19
4496,606371.994134,69.259,60,-140.191,28.916,48.201,136.104,124.798,132.14,212.87,65.19,184.0,125.24
4497,606372.00191,69.76,60,-138.944,27.438,47.51,137.331,124.295,133.72,210.79,64.28,185.64,124.75
4498,606372.015403,70.508,60,-138.665,28.824,46.011,137.892,125.015,134.15,212.72,62.22,186.72,125.44
4499,606372.01752,70.537,59,-138.012,27.279,45.784,137.407,124.696,135.17,210.75,61.98,185.02,125.05
4500,606372.026443,71.856,56,-138.443,27.365,43.479,139.625,124.696,134.44,210.74,58.81,189.05,125.1
4501,606372.029811,70.851,61,-138.565,28.789,45.396,138.394,124.724,134.29,212.68,61.4,187.34,125.15
4502,606372.033451,71.215,58,-137.906,27.961,44.376,137.805,125.45,135.11,211.54,60.06,185.93,125.87
4503,606372.03873,71.457,59,-138.098,26.319,43.864,137.929,125.754,134.88,209.31,59.37,186.22,126.15
4504,606372.042069,72.41,58,-138.691,26.894,42.303,139.98,125.01,134.08,210.1,57.22,189.59,125.4
4505,606372.045439,71.652,61,-139.143,28.04,43.693,138.797,125.877,133.62,211.77,59.09,187.38,126.27
4506,606372.053455,72.047,59,-138.405,26.491,42.914,139.223,126.242,134.47,209.55,58.03,188.6,126.64
4507,606372.057976,72.493,59,-137.97,25.553,41.95,139.454,126.698,135.02,208.26,56.75,188.72,127.08
4508,606372.061719,72.071,58,-139.422,25.787,41.554,134.983,126.251,132.96,208.53,56.21,182.33,126.72
4509,606372.066145,72.485,58,-139.468,27.383,41.804,138.908,126.833,133.05,210.74,56.67,187.47,127.23
4510,606372.069776,72.282,58,-138.956,26.135,42.336,139.115,127.199,133.73,209.09,57.29,187.86,127.6
4511,606372.077814,73.153,56,-138.977,25.411,40.346,139.211,127.748,133.56,208.02,54.58,188.0,128.17
4512,606372.081657,72.934,56,-138.797,27.087,41.394,141.047,126.96,134.02,210.43,55.98,190.95,127.38
4513,606372.085141,72.801,57,-139.763,26.919,41.274,139.586,127.957,132.64,210.15,55.79,189.01,128.36
4514,606372.103147,72.279,55,-138.85,27.625,41.382,135.955,127.42,133.89,211.14,55.93,183.6,127.74
4515,606372.106292,72.523,57,-140.755,25.94,41.5,138.188,129.073,131.28,208.8,56.12,186.54,129.49
4516,606372.109781,72.674,54,-139.623,24.828,40.878,137.266,129.067,132.84,207.32,55.32,185.45,129.48
4517,606372.114392,73.901,59,-140.792,23.843,39.139,141.147,129.22,131.28,205.99,52.93,190.86,129.6
4518,606372.117561,72.799,54,-141.142,25.726,41.201,139.323,129.076,130.64,208.4,55.84,187.19,129.54
4519,606372.122629,72.851,58,-141.383,25.08,41.22,139.799,129.855,130.38,207.6,55.76,188.33,130.22
4520,606372.130399,73.093,55,-141.137,23.572,40.613,139.647,130.405,130.84,205.69,54.9,188.67,130.78
4521,606372.134341,73.835,58,-141.609,23.613,39.201,140.806,129.748,130.12,205.66,52.98,190.65,130.15
4522,606372.137286,72.766,57,-142.306,24.995,41.303,139.406,130.222,129.21,207.56,55.8,188.54,130.64
4523,606372.142107,72.715,58,-142.301,24.156,41.395,139.32,130.778,129.2,206.4,55.92,188.61,131.19
4524,606372.146299,73.06,60,-142.209,22.935,40.685,139.632,131.516,129.26,204.69,54.98,188.83,131.93
4525,606372.154646,73.501,59,-142.979,23.427,39.833,140.259,130.243,128.22,205.36,53.82,189.77,130.65
4526,606372.158046,72.666,60,-143.302,24.677,41.718,140.018,131.258,127.85,207.1,56.34,189.61,131.67
4527,606372.161752,72.2,58,-142.862,23.049,42.077,137.645,131.89,128.43,204.89,56.83,186.07,132.33
4528,606372.166755,72.767,60,-142.506,22.166,41.046,138.549,132.342,128.9,203.69,55.42,187.81,132.74
4529,606372.170342,72.596,59,-143.007,23.205,41.112,137.446,131.307,128.25,205.1,55.54,186.18,131.7
4530,606372.186942,72.745,57,-142.759,22.967,41.247,139.055,133.075,128.49,204.73,55.76,187.14,133.51
4531,606372.190179,72.039,61,-142.282,25.212,43.018,139.501,132.056,129.24,207.86,58.1,188.77,132.46
4532,606372.195032,71.581,62,-142.681,24.586,43.808,138.646,133.215,128.66,206.97,59.13,187.87,133.63
4533,606372.197791,71.109,56,-142.384,22.625,43.765,135.174,133.51,128.83,204.17,59.02,182.72,134.02
4534,606372.206964,72.288,59,-141.449,23.368,42.279,138.969,133.425,130.3,205.31,57.09,188.36,133.82
4535,606372.209757,71.469,62,-141.057,25.953,44.34,139.517,132.817,130.9,208.87,59.88,188.9,133.24
4536,606372.213916,70.944,58,-141.378,25.266,45.135,138.242,133.707,130.4,207.88,60.92,187.38,134.11
4537,606372.219134,71.006,60,-140.383,24.302,44.981,138.201,133.873,131.74,206.57,60.73,187.36,134.27
4538,606372.221576,71.609,56,-140.345,24.938,43.504,137.89,133.471,131.89,207.56,58.77,186.37,133.83
4539,606372.231215,70.159,60,-140.061,26.92,46.212,136.151,133.092,132.34,210.32,62.43,183.71,133.42
4540,606372.233798,70.125,62,-139.786,25.493,46.69,137.338,133.956,132.54,208.19,63.04,186.17,134.36
4541,606372.237161,70.247,60,-139.355,24.434,46.481,137.528,134.092,133.08,206.7,62.83,185.75,134.45
4542,606372.24286,70.735,55,-139.924,24.948,45.229,137.087,133.689,132.1,207.26,61.1,184.86,134.17
4543,606372.245897,69.508,65,-139.721,26.521,47.869,136.738,133.914,132.62,209.57,64.67,184.94,134.34
4544,606372.249709,69.357,66,-139.312,25.663,48.107,136.455,134.262,133.17,208.41,64.95,185.03,134.66
4545,606372.257971,69.36,65,-139.229,25.036,48.213,136.774,134.393,133.22,207.51,65.12,185.18,134.8
4546,606372.26144,70.072,59,-139.815,25.955,47.093,138.167,133.099,132.48,208.79,63.58,187.44,133.49
4547,606372.274856,68.568,64,-139.681,24.377,49.751,136.158,134.557,132.72,206.69,67.21,184.35,134.98
4548,606372.282709,68.283,67,-140.311,25.871,50.032,135.212,133.166,131.85,208.71,67.54,183.27,133.57
4549,606372.285632,67.984,65,-140.843,26.002,51.149,136.449,134.211,131.16,208.91,69.07,184.74,134.62
4550,606372.290133,67.759,68,-140.281,24.989,51.386,135.76,133.654,131.89,207.49,69.39,183.98,134.08
4551,606372.295228,67.991,66,-140.869,24.679,51.009,136.114,134.192,131.12,207.11,68.89,184.25,134.61
4552,606372.298131,67.258,61,-141.49,26.333,52.175,134.961,132.659,130.22,209.26,70.47,182.4,133.13
4553,606372.305675,67.005,66,-141.812,25.776,53.018,135.718,133.772,129.76,208.48,71.6,183.51,134.21
4554,606372.310968,66.984,66,-141.143,24.498,53.083,135.769,133.053,130.69,206.78,71.71,183.72,133.51
4555,606372.313336,67.853,66,-141.671,24.439,51.39,136.316,133.74,129.97,206.68,69.43,184.52,134.2
4556,606372.317511,66.488,63,-141.746,26.633,53.983,135.314,132.596,130.0,209.79,72.9,182.97,133.02
4557,606372.321468,66.812,66,-141.879,25.751,53.541,135.978,132.981,129.79,208.54,72.33,183.69,133.42
4558,606372.329831,66.141,68,-141.633,24.728,54.762,135.389,132.575,130.12,207.15,73.96,183.25,133.05
4559,606372.333922,67.676,61,-142.51,25.084,52.345,137.807,132.548,128.89,207.58,70.73,186.0,133.0
4560,606372.338323,65.558,69,-142.62,26.745,55.87,135.024,131.59,128.78,209.85,75.46,182.57,132.05
4561,606372.341274,66.323,66,-142.128,25.74,54.618,136.004,132.072,129.46,208.52,73.76,184.02,132.55
4562,606372.346958,65.524,68,-141.914,24.769,56.021,135.212,131.902,129.76,207.21,75.67,182.94,132.37
4563,606372.35051,67.25,58,-142.592,25.601,53.198,137.567,130.989,128.87,208.36,71.84,186.14,131.46
4564,606372.366171,65.015,69,-141.168,25.718,56.861,134.621,131.117,130.88,208.55,77.0,181.19,131.58
4565,606372.370836,65.993,64,-141.883,27.18,54.971,135.116,129.486,129.92,210.58,74.3,182.16,129.94
4566,606372.373165,64.055,64,-141.417,27.663,58.132,132.871,129.976,130.55,211.26,78.52,179.39,130.4
4567,606372.382699,65.399,73,-140.314,26.387,55.99,134.497,129.536,131.86,209.35,75.67,181.96,130.02
4568,606372.385628,64.995,69,-140.25,26.21,56.909,134.631,130.645,131.97,209.13,76.88,182.34,131.12
4569,606372.390115,64.763,72,-140.336,28.281,56.92,133.498,128.429,131.89,211.89,77.06,180.51,128.89
4570,606372.395155,64.137,64,-140.556,27.363,58.273,133.585,130.269,131.58,210.7,78.73,180.7,130.79
4571,606372.397952,65.087,72,-138.604,26.742,56.612,134.393,128.233,134.23,209.88,76.55,181.86,128.72
4572,606372.402464,64.713,70,-138.816,26.719,57.071,133.609,129.896,133.97,209.87,77.18,180.68,130.37
4573,606372.410049,64.631,65,-138.2,29.224,57.743,134.774,127.828,134.6,213.07,78.12,181.87,128.26
4574,606372.413629,64.598,68,-138.361,28.081,57.558,134.181,129.491,134.51,211.62,77.9,181.21,129.94
4575,606372.417389,64.666,71,-137.042,27.234,57.43,134.214,127.74,136.32,210.54,77.7,181.44,128.17
4576,606372.422435,65.531,67,-137.657,27.454,55.625,134.293,129.343,135.45,210.77,75.28,181.78,129.81
4577,606372.425379,63.905,64,-137.629,29.39,58.439,132.857,127.401,135.44,213.41,79.01,179.57,127.94
4578,606372.43421,64.935,64,-137.115,28.668,56.623,133.655,128.876,136.18,212.46,76.55,181.0,129.35
4579,606372.438048,64.567,71,-136.297,27.953,57.701,134.356,127.165,137.32,211.5,78.05,182.0,127.63
4580,606372.44751,64.174,58,-137.366,29.775,58.478,134.232,126.812,135.82,213.85,79.17,181.45,127.25
4581,606372.451359,66.432,62,-136.375,29.398,54.851,137.183,127.608,137.21,213.48,74.22,185.39,128.08
4582,606372.458293,64.895,65,-136.684,28.476,57.568,135.683,126.74,136.8,212.22,77.86,183.82,127.21
4583,606372.462076,67.218,55,-138.138,29.37,53.378,137.845,125.733,134.84,213.43,72.21,186.42,126.18
4584,606372.465311,64.701,61,-138.243,29.864,57.982,135.682,126.495,134.75,214.1,78.42,183.51,126.96
4585,606372.471283,66.682,67,-137.533,28.87,53.898,136.16,125.446,135.62,212.72,72.97,183.52,125.9
4586,606372.473997,65.219,65,-137.933,28.437,56.775,135.451,126.389,135.12,212.16,76.77,183.4,126.87
4587,606372.478612,66.391,66,-139.463,29.879,54.222,135.391,124.361,133.08,214.12,73.3,183.48,124.82
4588,606372.486477,64.7,63,-139.022,30.266,57.02,133.423,125.788,133.76,214.73,77.1,180.24,126.22
4589,606372.489757,66.727,69,-138.741,28.722,53.602,135.664,124.497,134.06,212.55,72.54,183.28,124.97
4590,606372.493456,65.806,64,-139.43,28.379,55.231,134.766,126.204,133.11,212.08,74.67,182.39,126.69
4591,606372.498926,66.079,65,-140.522,30.248,54.155,133.557,124.187,131.72,214.65,73.19,181.0,124.65
4592,606372.501132,65.99,67,-140.81,29.62,55.1,135.414,126.109,131.31,213.78,74.51,182.72,126.63
4593,606372.511185,66.766,62,-139.28,29.356,53.151,134.736,123.959,133.37,213.43,71.98,181.65,124.43
4594,606372.514533,67.145,67,-140.603,28.762,52.794,135.927,126.381,131.55,212.62,71.36,183.97,126.85
4595,606372.517061,66.984,66,-140.136,31.175,53.563,136.992,124.26,132.24,215.92,72.42,185.28,124.74
4596,606372.525416,67.323,65,-139.655,29.627,52.626,136.501,124.336,132.81,213.76,71.19,184.42,124.78
4597,606372.534745,69.232,56,-141.008,29.283,49.371,139.235,126.366,130.97,213.31,66.75,188.12,126.79
4598,606372.537811,66.753,57,-141.293,30.576,52.938,134.124,125.057,130.52,215.02,71.55,181.17,125.59
4599,606372.542029,69.388,57,-139.406,30.965,48.514,137.808,125.655,133.22,215.68,65.57,186.41,126.08
4600,606372.547412,68.138,62,-139.389,29.439,51.538,138.404,124.812,133.18,213.49,69.8,186.76,125.28
4601,606372.549867,69.95,51,-138.212,31.165,46.19,134.728,124.668,134.85,216.04,62.42,182.57,124.93
4602,606372.554512,67.65,52,-140.736,30.502,51.104,134.391,125.363,131.21,214.95,69.1,181.34,125.98
4603,606372.563078,70.884,58,-137.755,30.513,46.394,141.666,124.72,135.38,215.02,62.74,191.73,125.15
4604,606372.565774,69.111,55,-138.259,28.943,49.685,139.342,125.158,134.85,212.96,67.24,188.3,125.58
4605,606372.569888,71.75,52,-139.399,29.344,44.836,143.174,123.721,133.2,213.45,60.67,193.33,124.1
4606,606372.574543,68.494,58,-136.975,31.788,48.884,133.344,124.969,136.39,216.77,66.14,180.47,125.31
4607,606372.578262,70.957,61,-136.879,29.93,45.311,138.872,124.726,136.44,214.15,61.34,187.42,125.14
4608,606372.586251,70.033,59,-136.931,29.267,47.02,137.699,125.551,136.55,213.38,63.61,186.16,125.97
4609,606372.590007,70.882,61,-137.457,30.609,44.849,136.939,124.153,135.93,215.21,60.72,185.11,124.58
4610,606372.594281,69.936,59,-137.581,30.584,46.981,136.942,125.992,135.61,215.12,63.53,185.24,126.43
4611,606372.597973,71.293,60,-135.817,29.746,44.277,138.055,124.991,137.93,213.95,59.91,186.84,125.38
4612,606372.601865,70.89,62,-136.189,29.371,44.975,137.374,126.227,137.41,213.44,60.83,185.98,126.64
4613,606372.61853,71.826,62,-134.982,29.936,43.276,138.748,125.292,139.05,214.21,58.56,187.84,125.67
4614,606372.622051,71.666,61,-135.631,29.652,43.314,137.699,126.901,138.26,213.9,58.62,186.34,127.27
4615,606372.626692,71.601,62,-134.744,32.146,43.898,139.077,125.528,139.47,217.29,59.4,188.22,125.91
4616,606372.629616,71.563,61,-135.65,30.864,43.479,137.482,127.412,138.2,215.53,58.79,186.23,127.79
4617,606372.639057,71.601,55,-135.509,29.271,42.98,136.171,126.484,137.93,213.1,58.16,183.07,127.01
4618,606372.642025,73.095,58,-135.766,29.422,40.849,140.475,127.511,138.06,213.54,55.37,189.95,127.89
4619,606372.64577,71.815,58,-135.232,31.845,43.495,139.371,126.249,138.71,216.83,58.81,188.79,126.66
4620,606372.650784,72.478,59,-135.542,30.706,42.051,139.669,128.081,138.35,215.33,56.84,189.49,128.47
4621,606372.653179,72.525,56,-135.691,29.079,42.095,140.181,126.905,138.17,213.13,56.95,189.71,127.28
4622,606372.662438,73.772,55,-136.586,29.598,39.353,140.817,127.317,137.09,213.95,53.23,190.16,127.67
4623,606372.665803,72.127,59,-136.832,30.861,43.074,140.348,127.14,136.61,215.52,58.23,190.25,127.53
4624,606372.669751,73.446,59,-136.503,30.008,40.178,141.015,128.462,136.98,214.31,54.32,190.87,128.83
4625,606372.675293,72.824,61,-136.649,29.253,41.401,140.192,127.669,136.83,213.33,55.99,189.95,128.06
4626,606372.678168,73.917,61,-138.462,29.609,39.207,141.527,127.301,134.4,213.82,53.0,191.72,127.67
4627,606372.682511,72.526,58,-138.519,30.003,42.42,141.274,128.347,134.31,214.34,57.33,191.48,128.74
4628,606372.689989,73.676,61,-137.834,29.083,39.493,140.51,128.079,135.15,213.05,53.39,190.16,128.48
4629,606372.698281,72.998,54,-139.204,29.811,40.311,137.859,127.543,133.49,214.14,54.46,187.12,127.92
4630,606372.703303,71.986,55,-137.808,30.947,41.737,134.957,128.863,135.29,215.69,56.39,182.46,129.21
4631,606372.705256,73.174,58,-138.211,28.396,40.112,138.568,128.442,134.58,212.01,54.23,187.1,128.79
4632,606372.714286,73.372,61,-138.45,28.277,40.037,139.91,129.655,134.38,212.0,54.11,189.57,130.04
4633,606372.718268,72.366,57,-140.134,29.542,40.615,134.068,128.937,132.07,213.68,54.87,181.54,129.37
4634,606372.721263,72.272,56,-139.169,29.193,41.927,137.693,130.248,133.36,213.2,56.65,186.1,130.64
4635,606372.726281,73.562,58,-137.564,28.085,39.93,141.11,128.953,135.59,211.75,53.96,191.38,129.33
4636,606372.729722,73.472,60,-138.027,27.756,39.758,139.756,130.393,134.94,211.27,53.82,188.98,130.77
4637,606372.738038,73.222,61,-137.453,30.554,40.819,141.406,128.918,135.74,215.1,55.16,191.78,129.31
4638,606372.741765,71.868,56,-137.883,29.419,41.974,134.876,130.715,135.28,213.79,56.7,182.07,130.93
4639,606372.74557,73.355,66,-137.203,27.687,40.004,139.661,129.716,136.05,211.19,54.07,189.28,130.09
4640,606372.750761,73.778,57,-137.513,28.045,39.028,139.705,130.672,135.61,211.68,52.77,188.82,131.02
4641,606372.753858,72.768,57,-137.202,30.061,41.103,138.75,129.727,136.2,214.57,55.58,187.33,130.06
4642,606372.758398,72.646,55,-137.672,28.634,41.071,137.693,131.567,135.48,212.55,55.5,186.56,131.91
4643,606372.766442,73.351,57,-136.872,27.982,40.035,139.732,130.664,136.57,211.66,54.16,188.81,131.0
4644,606372.76936,73.743,52,-137.117,28.839,39.047,139.477,130.616,136.61,213.25,52.8,186.98,130.84
4645,606372.782087,72.859,60,-136.778,27.777,41.162,139.659,131.541,136.62,211.32,55.62,189.41,131.91
4646,606372.789411,73.498,57,-137.977,28.341,40.177,141.445,130.557,135.02,212.11,54.31,191.16,130.96
4647,606372.794442,71.704,58,-137.988,28.237,43.668,139.107,132.147,135.05,212.02,59.01,188.18,132.5
4648,606372.797486,72.904,58,-136.776,27.327,41.089,139.772,131.652,136.65,210.74,55.53,189.39,132.03
4649,606372.802207,72.155,63,-136.897,27.045,42.528,138.783,132.127,136.44,210.32,57.47,188.22,132.5
4650,606372.80606,72.219,58,-137.648,28.661,41.713,136.593,130.632,135.5,212.56,56.36,185.18,130.98
4651,606372.813949,70.575,57,-139.309,27.044,44.95,135.155,132.847,133.1,210.22,60.7,182.95,133.25
4652,606372.817751,72.329,61,-137.316,26.8,42.267,139.241,132.066,135.88,209.98,57.11,188.81,132.44
4653,606372.820999,71.794,59,-137.502,26.593,43.316,138.641,132.663,135.62,209.69,58.56,187.41,133.04
4654,606372.826515,71.188,60,-139.445,27.672,43.183,133.917,131.928,133.01,211.18,58.33,180.99,132.36
4655,606372.830284,70.786,60,-138.933,27.607,45.598,138.554,132.809,133.66,211.04,61.57,187.79,133.21
4656,606372.834414,71.75,59,-138.117,26.765,43.564,139.113,132.496,134.89,210.02,58.88,188.1,132.88
4657,606372.842244,71.513,62,-138.544,26.83,43.738,137.939,132.865,134.12,209.95,59.1,186.55,133.28
4658,606372.845842,70.89,62,-138.687,28.855,45.244,138.2,131.96,134.03,212.76,61.12,187.1,132.33
4659,606372.849533,70.303,60,-139.104,27.53,46.229,137.156,133.177,133.46,210.96,62.45,185.55,133.55
4660,606372.854624,70.852,61,-138.49,26.972,45.343,138.234,132.416,134.33,210.23,61.25,187.24,132.82
4661,606372.85821,71.471,60,-139.105,27.291,44.235,139.198,132.799,133.46,210.63,59.78,188.04,133.19
4662,606372.871044,69.56,61,-139.93,26.656,46.775,133.936,133.63,132.28,209.72,63.14,181.36,134.07
4663,606372.874919,69.8,66,-138.846,26.459,47.404,137.282,132.529,133.76,209.45,64.06,185.5,132.94
4664,606372.878573,71.503,57,-139.948,26.74,44.753,141.063,132.32,132.42,210.0,60.4,191.03,132.67
4665,606372.881531,69.219,57,-139.94,28.015,49.082,138.336,132.429,132.32,211.57,66.29,187.26,132.82
4666,606372.890563,70.042,62,-139.192,27.095,47.103,137.996,132.849,133.35,210.37,63.6,187.1,133.25
4667,606372.893554,69.296,62,-139.086,26.485,48.566,137.368,132.579,133.5,209.53,65.59,186.23,132.99
4668,606372.897407,70.281,54,-140.057,27.413,46.586,138.072,131.477,132.59,211.23,63.05,184.9,131.77
4669,606372.902545,68.356,66,-140.296,28.172,50.46,136.804,132.129,131.89,211.82,68.13,185.44,132.55
4670,606372.905527,68.836,67,-139.73,26.971,49.207,136.292,132.292,132.61,210.16,66.46,184.57,132.7
4671,606372.910018,68.852,68,-139.694,26.362,49.188,136.341,132.539,132.68,209.36,66.43,184.78,132.96
4672,606372.91851,68.436,62,-140.362,27.598,49.374,134.337,131.352,131.8,211.06,66.71,181.51,131.82
4673,606372.921893,68.352,67,-140.218,28.262,50.357,136.504,132.345,131.96,211.91,68.0,184.87,132.76
4674,606372.92563,68.079,67,-139.429,27.365,50.695,135.792,131.514,133.08,210.75,68.49,183.81,131.93
4675,606372.92934,68.346,67,-139.476,27.114,50.206,136.061,132.334,133.08,210.48,67.85,183.69,132.71
4676,606372.933855,68.16,62,-139.387,29.183,51.179,137.572,130.834,133.16,213.23,69.14,186.27,131.26
4677,606372.941865,67.463,67,-140.098,28.291,52.076,135.867,131.791,132.06,211.9,70.38,183.3,132.27
4678,606372.94553,67.793,67,-139.167,27.402,51.562,136.427,131.095,133.46,210.81,69.71,184.29,131.52
4679,606372.954369,66.559,64,-139.697,28.844,53.113,133.515,130.684,132.47,212.59,71.75,179.99,131.27
4680,606372.959061,67.136,71,-138.952,27.987,52.458,135.009,131.8,133.74,211.63,70.91,182.21,132.19
4681,606372.966362,67.056,71,-138.232,27.047,52.751,135.318,130.31,134.67,210.28,71.29,183.36,130.75
4682,606372.970437,68.422,60,-138.877,27.465,50.38,136.989,131.363,133.75,210.81,68.07,185.63,131.79
4683,606372.973088,65.838,56,-139.225,28.414,54.209,132.436,130.067,133.24,212.1,73.22,178.85,130.63
4684,606372.978956,67.571,67,-138.211,27.819,52.029,136.368,131.525,134.68,211.34,70.33,184.4,131.96
4685,606372.982653,66.873,66,-137.965,26.808,53.357,135.849,130.189,134.97,209.9,72.14,183.78,130.63
4686,606372.985303,68.511,64,-138.693,27.525,50.227,137.111,130.122,134.07,210.96,67.87,185.8,130.54
4687,606372.994027,66.457,62,-138.897,27.972,54.489,136.418,130.22,133.79,211.54,73.61,184.9,130.67
4688,606372.997659,67.881,64,-138.046,27.104,51.476,136.712,130.077,134.95,210.39,69.62,184.66,130.47
4689,606373.002078,66.862,64,-138.038,26.702,53.611,136.431,130.189,134.97,209.84,72.48,184.66,130.65
4690,606373.006153,67.805,65,-139.2,28.018,51.269,135.716,128.608,133.43,211.65,69.3,183.65,129.03
4691,606373.009606,66.208,64,-139.277,28.07,54.746,135.704,130.113,133.25,211.64,73.98,183.71,130.55
4692,606373.018072,67.59,68,-138.06,27.174,51.834,135.961,128.888,134.91,210.46,70.07,184.21,129.32
4693,606373.021826,66.713,66,-138.18,27.1,53.692,135.817,129.839,134.76,210.35,72.61,183.61,130.29
4694,606373.025634,66.668,63,-139.767,28.711,52.647,132.928,128.436,132.58,212.51,71.14,179.94,128.92
4695,606373.034639,67.057,71,-138.538,27.478,52.679,135.14,128.105,134.23,210.84,71.27,182.47,128.56
4696,606373.043941,66.589,68,-138.998,27.342,53.507,134.666,129.616,133.63,210.66,72.34,182.22,130.08
4697,606373.046095,66.578,65,-139.047,29.623,53.876,135.536,127.813,133.62,213.79,72.81,183.61,128.28
4698,606373.05444,66.25,65,-139.42,27.206,53.807,133.602,128.024,132.95,210.41,72.75,180.38,128.56
4699,606373.058079,67.345,70,-139.917,27.3,52.159,135.411,129.532,132.43,210.63,70.48,183.39,129.98
4700,606373.061121,66.516,66,-139.767,29.421,54.23,136.086,127.553,132.63,213.48,73.29,184.05,127.99
4701,606373.070244,66.881,64,-140.618,28.011,52.332,133.28,129.389,131.39,211.54,70.7,180.2,129.9
4702,606373.074226,66.731,69,-139.525,27.382,53.588,135.651,127.627,133.05,210.79,72.48,183.29,128.09
4703,606373.077747,68.122,61,-140.645,27.307,50.987,136.831,128.65,131.59,210.75,68.98,184.69,129.06
4704,606373.082021,66.693,61,-140.608,28.951,54.048,136.604,127.548,131.48,212.81,73.08,184.31,128.0
4705,606373.08587,68.577,59,-139.681,28.428,50.649,138.668,128.266,132.55,211.99,68.52,186.68,128.68
4706,606373.093778,66.911,65,-140.025,27.201,53.465,136.333,127.655,132.3,210.49,72.27,184.57,128.12
4707,606373.097682,68.347,54,-139.853,28.854,49.264,133.515,127.274,132.62,212.85,66.6,180.32,127.67
4708,606373.101124,67.27,62,-141.088,28.463,53.057,137.313,127.527,130.84,212.19,71.7,185.73,128.01
4709,606373.107461,68.692,62,-140.049,27.456,49.967,137.508,127.217,132.38,210.93,67.59,185.59,127.66
4710,606373.109914,67.135,59,-140.874,26.373,51.966,133.74,128.121,131.07,209.33,70.24,180.81,128.63
4711,606373.126063,68.617,68,-140.145,26.757,49.621,136.097,126.544,132.26,210.02,67.12,183.6,126.94
4712,606373.129547,67.937,64,-140.462,26.219,50.906,135.522,127.912,131.72,209.18,68.83,183.24,128.38
4713,606373.133786,68.132,57,-141.107,28.141,50.017,134.286,126.578,131.04,211.89,67.62,181.83,126.94
4714,606373.137708,68.079,60,-141.145,27.752,50.47,135.189,127.625,130.91,211.37,68.22,182.42,128.04
4715,606373.146413,68.866,67,-140.159,26.246,49.081,136.126,126.947,132.12,209.2,66.36,184.2,127.39
4716,606373.150161,69.024,62,-140.551,26.078,48.865,136.505,127.757,131.64,209.01,66.09,184.53,128.21
4717,606373.153481,68.673,61,-140.683,28.136,49.621,136.438,126.788,131.52,211.86,67.12,183.91,127.23
4718,606373.158407,68.444,59,-141.659,26.801,49.187,133.876,128.284,129.98,209.9,66.49,180.6,128.8
4719,606373.161681,69.124,66,-139.857,26.241,48.691,136.641,126.926,132.56,209.22,65.85,184.8,127.38
4720,606373.169942,69.445,62,-139.862,27.079,47.323,134.784,127.511,132.52,210.36,63.98,182.17,127.92
4721,606373.173771,69.078,63,-140.272,28.091,48.936,137.04,126.849,132.01,211.74,66.15,185.43,127.31
4722,606373.177742,68.927,60,-141.05,26.832,48.04,133.61,128.595,130.82,209.96,64.91,180.68,129.07
4723,606373.182575,69.499,64,-139.471,26.692,48.015,137.097,127.277,133.07,209.84,64.93,185.45,127.72
4724,606373.185775,70.187,55,-139.831,27.459,46.223,136.37,127.74,132.63,210.95,62.47,184.38,128.13
4725,606373.189968,69.493,61,-139.84,28.039,48.384,138.111,127.529,132.59,211.67,65.46,186.28,127.95
4726,606373.197809,70.409,59,-139.355,27.415,46.375,138.306,128.193,133.23,210.84,62.69,187.15,128.63
4727,606373.207106,70.797,58,-139.7,27.654,45.417,138.082,127.647,132.75,211.16,61.38,186.89,128.05
4728,606373.210674,69.52,61,-139.905,27.721,47.921,136.965,128.37,132.38,211.16,64.77,185.22,128.8
4729,606373.213772,70.617,62,-139.024,26.996,45.729,137.789,128.033,133.52,210.17,61.89,185.67,128.46
4730,606373.222104,70.143,60,-139.163,26.624,46.866,137.971,128.54,133.43,209.72,63.42,185.98,128.96
4731,606373.225853,70.714,62,-139.862,27.595,45.536,137.87,127.509,132.5,211.03,61.56,186.42,127.93
4732,606373.229098,70.075,57,-140.044,27.489,47.285,138.753,128.913,132.25,210.91,63.88,188.01,129.34
4733,606373.234609,70.709,61,-138.944,26.506,45.462,137.612,128.206,133.74,209.57,61.5,185.83,128.6
4734,606373.238507,70.337,63,-139.25,26.223,46.169,137.209,129.052,133.32,209.19,62.39,185.88,129.47
4735,606373.247176,70.147,61,-139.518,28.003,45.936,135.26,127.658,133.03,211.66,62.09,182.93,128.07
4736,606373.24957,69.644,58,-140.83,26.677,47.091,135.378,129.536,130.92,209.62,63.65,182.38,130.05
4737,606373.253223,70.774,65,-139.173,26.023,45.288,137.532,128.669,133.47,208.96,61.23,186.0,129.08
4738,606373.258616,70.719,61,-139.767,25.878,45.387,137.453,129.366,132.7,208.78,61.37,185.72,129.78
4739,606373.262561,70.083,59,-139.573,28.011,46.22,135.676,128.272,132.9,211.63,62.45,183.52,128.66
4740,606373.265989,70.155,64,-140.421,26.556,46.484,136.93,129.75,131.85,209.75,62.83,184.92,130.15
4741,606373.27402,70.742,61,-139.625,25.659,45.554,138.116,129.028,132.81,208.42,61.6,186.65,129.42
4742,606373.277744,71.07,62,-140.455,25.713,44.746,137.929,129.709,131.69,208.49,60.45,186.87,130.12
4743,606373.290783,69.877,56,-141.353,24.489,46.003,133.718,129.888,130.4,206.85,62.05,181.34,130.46
4744,606373.297726,71.302,56,-141.437,25.378,44.212,137.913,130.034,130.23,207.94,59.76,186.1,130.54
4745,606373.302597,70.277,62,-141.138,26.812,46.698,138.375,129.531,130.78,209.99,63.08,187.44,129.96
4746,606373.305665,70.904,57,-140.417,26.111,45.383,138.723,130.566,131.69,209.0,61.32,187.65,130.99
4747,606373.311169,70.528,58,-140.593,24.922,46.075,138.221,129.985,131.49,207.41,62.25,187.29,130.4
4748,606373.313881,70.901,59,-140.854,26.251,44.343,135.526,129.581,131.38,209.44,59.94,182.58,129.97
4749,606373.322183,70.117,63,-141.719,26.064,46.829,137.693,130.252,129.98,208.96,63.24,186.51,130.68
4750,606373.326612,71.083,59,-140.784,25.174,45.017,138.853,130.499,131.24,207.76,60.81,188.12,130.92
4751,606373.329098,70.461,59,-140.887,24.602,46.09,137.811,130.575,131.1,206.98,62.26,186.68,131.0
4752,606373.333913,70.836,64,-141.9,25.605,45.045,137.215,129.819,129.73,208.33,60.84,185.87,130.24
4753,606373.337923,69.982,61,-142.13,25.511,47.133,137.69,130.904,129.44,208.21,63.68,186.1,131.34
4754,606373.341897,70.531,58,-141.038,24.568,45.531,136.609,130.657,130.89,206.94,61.52,184.67,131.1
4755,606373.350049,70.316,61,-140.856,24.525,46.262,137.345,131.084,131.12,206.87,62.49,186.05,131.51
4756,606373.353527,70.089,59,-141.487,26.138,46.273,135.873,130.277,130.39,209.14,62.57,183.28,130.67
4757,606373.357409,69.867,59,-141.653,25.543,47.484,137.951,131.337,130.09,208.29,64.13,186.75,131.75
4758,606373.362959,70.444,61,-140.12,24.893,46.165,137.916,130.786,132.07,207.34,62.4,186.56,131.21
4759,606373.36551,70.217,60,-140.573,24.777,46.482,137.338,131.509,131.47,207.19,62.81,185.83,131.93
4760,606373.382277,69.9,60,-139.333,25.375,47.245,137.477,130.962,133.22,208.07,63.86,186.05,131.36
4761,606373.385647,70.109,63,-139.982,25.599,46.537,136.783,131.61,132.38,208.4,62.89,184.98,132.02
4762,606373.390833,69.133,64,-139.483,27.474,48.721,136.777,130.813,132.98,210.88,65.81,185.36,131.24
4763,606373.398348,69.47,63,-139.133,26.745,47.834,136.4,131.903,133.45,209.89,64.61,184.88,132.32
4764,606373.401751,69.312,64,-138.554,26.089,48.397,136.992,131.125,134.22,209.0,65.44,185.22,131.54
4765,606373.405406,70.606,58,-139.502,26.509,46.335,139.541,131.449,133.0,209.61,62.59,189.0,131.87
4766,606373.410646,68.761,62,-139.152,27.657,49.721,137.252,131.192,133.39,211.08,67.22,185.34,131.62
4767,606373.413442,69.42,61,-138.34,27.118,47.978,136.487,131.73,134.51,210.4,64.95,183.87,132.08
4768,606373.417512,69.05,63,-138.413,26.542,49.065,137.228,131.333,134.46,209.64,66.31,185.86,131.76
4769,606373.426291,69.92,62,-139.254,27.425,47.348,137.904,130.897,133.24,210.78,63.98,186.69,131.32
4770,606373.429718,68.173,65,-139.444,27.605,50.5,135.821,131.544,133.0,211.01,68.23,183.91,131.96
4771,606373.433448,69.281,64,-138.853,26.762,48.434,136.904,131.164,133.82,209.9,65.44,185.54,131.58
4772,606373.438807,68.506,65,-139.011,26.662,50.034,136.556,131.659,133.62,209.75,67.66,184.91,132.08
4773,606373.442074,68.823,67,-140.076,27.505,49.102,135.926,130.455,132.23,210.94,66.38,183.61,130.88
4774,606373.450738,67.985,67,-140.498,27.173,50.986,136.02,131.885,131.58,210.42,68.86,184.15,132.31
4775,606373.454196,68.514,65,-139.795,26.288,49.795,135.951,130.712,132.57,209.26,67.27,184.18,131.14
4776,606373.466477,67.699,66,-141.594,26.688,51.46,135.608,131.777,130.11,209.76,69.5,183.57,132.21
4777,606373.47435,67.83,69,-140.927,25.95,51.044,135.269,130.378,131.04,208.79,68.96,183.18,130.83
4778,606373.477881,67.948,70,-141.716,25.93,50.736,135.135,131.61,129.98,208.77,68.52,183.03,132.06
4779,606373.481184,67.378,66,-141.795,27.215,52.135,135.54,130.366,129.85,210.49,70.41,183.46,130.84
4780,606373.487753,67.946,66,-141.851,26.56,51.03,135.908,131.418,129.8,209.62,68.91,184.04,131.87
4781,606373.489877,67.136,64,-141.622,25.71,52.243,134.46,130.478,130.1,208.46,70.58,181.8,130.97
4782,606373.493402,68.473,66,-142.065,26.259,49.973,136.19,131.035,129.54,209.24,67.51,184.09,131.45
4783,606373.501698,67.001,64,-141.849,26.865,52.957,135.541,130.357,129.81,210.01,71.55,183.22,130.83
4784,606373.505432,68.314,66,-141.17,26.664,50.51,136.693,130.74,130.74,209.78,68.29,184.47,131.2
4785,606373.509912,67.077,66,-141.034,26.037,52.981,136.023,130.161,130.92,208.91,71.57,184.21,130.62
4786,606373.513501,68.814,62,-141.628,26.477,49.759,137.687,130.123,130.02,209.45,67.22,186.11,130.6
4787,606373.517472,66.842,60,-141.671,26.725,53.242,135.382,130.398,130.07,209.87,71.93,183.07,130.87
4788,606373.526421,68.148,68,-140.619,26.4,50.712,136.246,129.737,131.48,209.41,68.55,184.15,130.18
4789,606373.529454,67.006,65,-140.508,26.144,53.125,135.998,130.134,131.57,209.02,71.82,183.61,130.64
4790,606373.533414,68.163,67,-140.787,26.872,50.708,136.321,129.28,131.23,210.0,68.62,184.23,129.74
4791,606373.541409,67.764,68,-139.881,26.588,51.362,135.727,128.77,132.47,209.66,69.42,183.82,129.22
4792,606373.551253,67.037,66,-140.017,26.58,52.972,135.777,130.365,132.25,209.62,71.58,183.76,130.81
4793,606373.554076,67.33,70,-139.84,27.302,52.046,135.035,128.942,132.52,210.63,70.33,182.92,129.39
4794,606373.557186,67.184,68,-140.106,27.228,52.329,134.948,130.603,132.12,210.51,70.69,182.7,131.07
4795,606373.563087,66.759,65,-139.003,27.624,52.773,133.741,128.34,133.65,211.07,71.34,180.88,128.77
4796,606373.5704,67.162,66,-138.885,27.777,52.759,135.932,129.13,133.86,211.31,71.31,184.03,129.59
4797,606373.578153,67.848,66,-139.114,27.76,51.248,135.916,130.352,133.49,211.26,69.27,183.83,130.81
4798,606373.581308,66.92,62,-138.254,28.956,53.755,137.124,128.64,134.72,212.92,72.67,185.59,129.08
4799,606373.585312,67.363,64,-138.844,28.23,51.895,134.83,130.518,133.75,211.81,70.14,182.23,130.97
4800,606373.591028,67.085,68,-137.648,27.802,52.924,135.925,128.829,135.48,211.31,71.58,183.78,129.24
4801,606373.593355,68.073,66,-138.332,27.961,50.774,135.968,129.92,134.53,211.51,68.64,184.09,130.34
4802,606373.601634,66.885,66,-137.762,29.942,53.53,136.354,128.205,135.34,214.23,72.35,184.78,128.66
4803,606373.605879,67.692,66,-137.527,29.076,51.753,136.34,129.491,135.71,213.11,69.98,184.46,129.93
4804,606373.60995,66.576,65,-137.699,27.282,53.123,133.631,128.884,135.18,210.49,71.78,180.51,129.45
4805,606373.613915,68.653,61,-138.093,27.8,49.489,135.952,129.039,134.87,211.29,66.98,183.93,129.47
4806,606373.617762,66.969,67,-137.568,29.893,53.309,136.258,128.245,135.64,214.2,72.03,184.54,128.66
4807,606373.63028,67.26,67,-136.796,27.585,52.71,136.362,128.221,136.67,211.05,71.3,184.54,128.65
4808,606373.63436,69.093,61,-137.722,28.452,49.037,137.414,127.837,135.39,212.21,66.29,186.17,128.25
4809,606373.637759,67.189,65,-138.075,29.381,52.865,136.357,127.828,134.92,213.46,71.46,184.73,128.27
4810,606373.641974,68.25,68,-137.366,28.173,50.543,136.396,128.144,135.86,211.83,68.34,184.8,128.57
4811,606373.646119,67.813,65,-137.355,27.517,51.481,136.329,128.145,135.91,210.96,69.63,184.48,128.59
4812,606373.65439,68.875,62,-138.403,28.644,49.388,137.034,127.078,134.48,212.47,66.8,185.23,127.48
4813,606373.658459,67.139,62,-138.354,29.171,52.29,134.597,127.884,134.67,213.32,70.71,181.49,128.23
4814,606373.6612,68.713,67,-137.889,27.786,49.368,135.985,127.423,135.11,211.27,66.78,183.7,127.9
4815,606373.666944,67.801,63,-138.531,27.499,50.985,134.941,128.442,134.36,210.96,68.96,182.41,128.88
4816,606373.66961,67.89,67,-139.495,28.865,50.067,133.019,127.043,132.86,212.67,67.7,179.65,127.55
4817,606373.678022,67.98,65,-139.485,28.534,51.168,136.472,128.584,133.01,212.31,69.14,184.88,129.03
4818,606373.681601,68.718,63,-138.416,28.136,49.631,136.739,126.988,134.42,211.74,67.11,185.02,127.41
4819,606373.684968,68.597,66,-139.318,27.831,49.542,135.761,128.803,133.22,211.34,67.0,183.4,129.24
4820,606373.691338,68.154,62,-138.679,30.16,50.59,135.953,126.882,134.2,214.61,68.4,183.74,127.29
4821,606373.693988,68.834,60,-139.199,29.305,49.129,136.066,128.59,133.43,213.4,66.39,184.23,129.02
4822,606373.697931,68.773,63,-138.721,28.161,49.787,137.505,127.327,134.05,211.8,67.39,185.3,127.76
4823,606373.706042,70.208,55,-139.837,27.949,46.917,138.559,128.616,132.43,211.45,63.45,187.01,129.05
4824,606373.714466,69.778,55,-138.25,29.732,47.404,137.14,128.146,134.82,214.11,64.07,185.21,128.51
4825,606373.719348,68.959,62,-138.439,28.131,49.538,137.979,127.366,134.48,211.8,66.99,186.71,127.81
4826,606373.721725,70.379,53,-137.962,30.009,45.119,134.363,127.141,135.13,214.41,60.97,181.76,127.51
4827,606373.730933,68.818,55,-139.343,29.859,49.465,136.896,127.453,133.22,214.13,66.91,184.44,127.9
4828,606373.733451,70.463,57,-138.204,29.192,46.419,138.806,128.12,134.64,213.16,62.76,187.57,128.57
4829,606373.737538,69.697,60,-138.234,28.06,47.97,138.25,127.607,134.71,211.69,64.85,187.31,128.03
4830,606373.741797,70.802,51,-138.317,29.751,44.614,135.673,126.768,134.73,214.1,60.3,183.26,127.17
4831,606373.745399,69.589,60,-139.709,29.289,48.588,139.319,127.784,132.84,213.44,65.69,188.16,128.22
4832,606373.754025,71.361,58,-138.27,28.676,44.726,139.941,127.739,134.76,212.62,60.48,189.14,128.14
4833,606373.757799,70.137,60,-138.317,28.115,46.933,138.129,127.969,134.59,211.75,63.44,187.14,128.38
4834,606373.761208,70.902,55,-138.604,29.961,44.41,135.737,126.374,134.2,214.19,60.02,184.0,126.86
4835,606373.766597,70.103,59,-139.574,29.199,47.509,139.595,128.355,132.84,213.18,64.19,189.07,128.75
4836,606373.769971,71.212,56,-137.657,28.711,44.318,137.602,127.306,135.65,212.74,59.99,185.12,127.64
4837,606373.773765,70.67,60,-138.186,28.075,45.708,138.085,128.615,134.85,211.79,61.82,186.41,129.02
4838,606373.781707,71.441,57,-138.288,30.252,44.544,139.952,127.323,134.66,214.7,60.2,189.79,127.74
4839,606373.786166,69.742,55,-138.16,30.145,46.29,133.689,128.802,134.77,214.53,62.56,180.86,129.18
4840,606373.789576,71.48,60,-137.536,28.248,44.098,138.83,127.852,135.62,211.94,59.61,188.14,128.25
4841,606373.805911,70.441,60,-137.542,30.283,44.901,134.12,128.857,135.67,214.78,60.66,181.61,129.23
4842,606373.809388,71.578,62,-137.096,28.195,43.791,138.576,128.382,136.18,211.84,59.22,187.58,128.77
4843,606373.813901,72.262,56,-137.663,28.317,42.417,139.222,129.462,135.44,212.02,57.42,188.27,129.84
4844,606373.818219,71.163,58,-137.308,30.513,44.77,138.657,128.261,135.9,214.99,60.52,187.69,128.64
4845,606373.821896,71.521,57,-137.419,29.372,43.967,138.717,130.07,135.78,213.49,59.41,188.09,130.47
4846,606373.829726,71.699,57,-136.919,28.153,43.75,139.328,128.889,136.45,211.82,59.14,188.91,129.28
4847,606373.833865,72.711,53,-137.202,28.88,41.453,139.48,129.114,136.13,212.88,56.03,188.75,129.48
4848,606373.837553,71.036,57,-137.508,29.766,45.055,138.641,129.065,135.72,214.05,60.89,187.7,129.47
4849,606373.842227,72.395,56,-136.735,28.917,42.64,140.981,130.082,136.63,212.82,57.65,190.71,130.48
4850,606373.84651,71.68,59,-136.806,28.006,43.765,139.233,129.557,136.63,211.66,59.18,188.5,129.94
4851,606373.849131,73.018,58,-138.136,28.53,41.333,141.514,128.862,134.79,212.33,55.86,191.87,129.24
4852,606373.858532,71.143,57,-138.19,28.938,45.273,140.077,129.997,134.74,212.89,61.17,189.94,130.39
4853,606373.861848,72.723,55,-137.224,28.144,41.929,141.184,129.931,135.99,211.79,56.65,191.56,130.3
4854,606373.865847,71.89,58,-137.225,27.806,43.575,140.183,130.12,136.01,211.34,58.93,189.49,130.48
4855,606373.871366,72.29,55,-138.792,28.703,42.222,138.797,128.932,133.91,212.55,57.04,188.85,129.25
4856,606373.873253,71.236,56,-138.508,28.707,45.045,140.03,130.604,134.3,212.57,60.85,189.91,131.0
4857,606373.890854,70.942,61,-139.11,29.09,43.559,133.4,129.825,133.45,213.09,58.85,180.7,130.29
4858,606373.893618,70.98,59,-138.958,28.495,45.185,138.651,131.061,133.72,212.3,61.03,187.81,131.47
4859,606373.898779,71.889,58,-137.607,27.77,43.252,139.135,130.24,135.46,211.26,58.49,187.93,130.66
4860,606373.906081,71.952,60,-138.22,27.615,43.017,138.845,131.3,134.65,211.06,58.17,187.46,131.65
4861,606373.909632,70.606,57,-139.152,29.224,44.623,134.382,130.27,133.04,213.07,60.15,181.34,130.86
4862,606373.913794,70.713,57,-138.975,28.415,45.168,136.75,131.685,133.53,212.08,61.06,184.45,132.12
4863,606373.919291,71.607,59,-137.774,27.634,44.019,139.507,130.536,135.27,211.1,59.51,188.64,130.95
4864,606373.921934,72.25,55,-138.822,27.392,42.721,140.134,131.436,133.95,210.84,57.81,188.89,131.82
4865,606373.926949,70.768,63,-138.341,29.839,45.553,138.296,130.275,134.47,214.03,61.57,186.95,130.65
4866,606373.934744,70.821,58,-138.635,28.394,45.146,137.426,131.777,134.11,212.14,60.99,185.98,132.2
4867,606373.937672,70.92,54,-137.609,27.937,44.883,137.299,130.655,135.64,211.71,60.74,184.26,130.94
4868,606373.941175,72.183,57,-138.535,28.099,42.847,140.035,130.812,134.28,211.77,57.88,189.81,131.19
4869,606373.946174,70.312,61,-138.697,29.05,46.55,138.168,130.803,134.08,213.07,62.94,186.54,131.22
4870,606373.949556,71.252,59,-138.025,28.057,44.744,139.216,131.471,134.86,211.62,60.44,188.5,131.86
4871,606373.957752,70.434,54,-138.563,26.872,45.543,135.994,131.444,134.01,209.94,61.57,183.24,131.94
4872,606373.962865,71.671,66,-138.661,28.098,43.767,139.174,130.302,134.16,211.8,59.14,188.35,130.7
4873,606373.97561,70.565,58,-137.359,27.688,46.019,138.308,131.441,135.83,211.17,62.18,187.49,131.83
4874,606373.982896,70.916,61,-138.293,28.925,45.201,138.251,129.98,134.55,212.84,61.06,187.59,130.36
4875,606373.985832,68.765,61,-137.507,29.675,48.509,133.931,131.041,135.7,213.94,65.53,181.33,131.43
4876,606373.989918,70.226,66,-137.354,27.632,46.333,136.956,130.992,135.89,211.16,62.61,185.46,131.36
4877,606373.994905,70.038,62,-137.48,27.328,46.616,136.546,131.692,135.61,210.62,63.05,183.84,132.02
4878,606373.997149,70.171,59,-137.396,29.406,46.862,138.147,130.575,135.65,213.33,63.33,186.31,130.86
4879,606374.001726,69.237,57,-138.568,28.224,47.864,135.019,132.155,134.02,211.76,64.66,182.39,132.61
4880,606374.010241,69.774,65,-136.957,27.485,47.485,137.348,131.171,136.37,210.9,64.17,186.23,131.56
4881,606374.013233,70.109,64,-137.279,27.151,46.564,136.86,132.012,135.93,210.45,62.9,185.59,132.4
4882,606374.018079,69.592,64,-137.083,29.562,47.911,137.396,130.622,136.28,213.78,64.75,186.05,131.02
4883,606374.021807,69.12,63,-137.844,28.625,48.686,136.6,131.7,135.18,212.45,65.77,184.95,132.13
4884,606374.025783,69.664,63,-137.202,27.797,47.868,137.739,131.422,136.08,211.35,64.69,186.59,131.83
4885,606374.033724,69.968,53,-136.979,28.961,46.256,135.039,130.973,136.48,213.08,62.51,182.17,131.28
4886,606374.037566,68.741,64,-137.832,29.569,49.589,136.769,130.908,135.21,213.73,66.99,185.42,131.32
4887,606374.041377,69.299,62,-137.66,28.288,48.618,137.539,131.744,135.41,211.98,65.72,185.77,132.12
4888,606374.046778,68.896,63,-137.861,27.255,49.332,137.006,131.102,135.13,210.54,66.68,185.52,131.5
4889,606374.058572,67.885,67,-139.351,28.503,51.132,135.818,130.863,133.11,212.23,69.07,183.86,131.32
4890,606374.06311,69.718,59,-138.516,27.897,48.204,139.063,131.313,134.27,211.45,65.12,188.47,131.73
4891,606374.06532,68.652,61,-138.733,27.219,50.026,137.42,130.974,134.0,210.53,67.59,186.24,131.4
4892,606374.071512,70.166,56,-140.561,27.778,47.499,139.993,129.964,131.49,211.26,64.14,189.88,130.36
4893,606374.073931,67.96,60,-140.443,28.278,51.78,137.99,130.884,131.73,211.95,70.03,186.72,131.32
4894,606374.07726,68.91,65,-139.474,27.372,49.101,136.456,130.476,133.03,210.75,66.35,184.71,130.91
4895,606374.085922,68.306,63,-139.529,26.987,50.609,136.911,130.94,132.84,210.15,68.37,185.24,131.38
4896,606374.090041,68.686,65,-140.603,28.429,49.409,135.934,129.38,131.61,212.22,66.88,183.63,129.75
4897,606374.093901,67.415,64,-140.852,28.196,52.134,135.745,130.749,131.19,211.9,70.42,183.35,131.21
4898,606374.097972,68.432,62,-140.108,26.848,49.889,135.716,130.062,132.11,210.0,67.4,183.72,130.51
4899,606374.101725,68.039,68,-140.326,26.599,50.686,135.531,130.981,131.87,209.68,68.5,183.24,131.42
4900,606374.109837,67.766,60,-141.566,28.306,50.595,133.711,129.603,130.03,211.88,68.36,180.47,130.13
4901,606374.114622,67.396,65,-141.477,27.657,52.024,135.355,130.951,130.2,211.02,70.31,182.47,131.46
4902,606374.117167,68.315,67,-140.213,26.877,50.443,136.516,129.778,132.0,210.05,68.19,184.49,130.24
4903,606374.122478,68.375,69,-140.656,26.771,50.075,135.875,130.96,131.51,210.0,67.67,183.65,131.4
4904,606374.125097,67.913,63,-140.398,29.477,51.292,136.412,129.23,131.83,213.63,69.3,184.56,129.67
4905,606374.130735,67.765,63,-140.797,28.097,51.309,135.589,130.815,131.21,211.69,69.32,183.32,131.27
4906,606374.142099,68.815,61,-140.237,27.538,49.112,135.904,130.448,132.0,210.99,66.32,184.02,130.86
4907,606374.146802,67.451,63,-140.336,28.924,52.291,136.358,129.334,131.87,212.84,70.67,184.25,129.76
4908,606374.150442,68.65,60,-139.375,28.546,50.194,137.87,130.674,133.18,212.37,67.8,186.9,131.12
4909,606374.154486,67.645,64,-139.555,26.927,51.425,135.205,129.655,132.91,210.14,69.51,182.88,130.13
4910,606374.162235,69.529,56,-139.577,28.059,48.039,137.36,129.303,132.9,211.7,64.9,186.0,129.71
4911,606374.165716,66.986,59,-139.082,29.378,52.234,133.606,128.968,133.61,213.53,70.57,180.73,129.38
4912,606374.169086,69.067,63,-138.504,27.855,49.149,137.563,129.633,134.36,211.45,66.42,186.52,130.08
4913,606374.174696,67.931,64,-138.389,27.339,51.263,136.44,129.6,134.47,210.69,69.29,184.83,130.04
4914,606374.177209,69.292,58,-138.91,28.641,48.393,136.856,128.507,133.84,212.5,65.4,185.21,128.94
4915,606374.186648,66.845,61,-138.018,29.735,52.341,133.105,128.988,134.96,213.97,70.72,180.33,129.35
4916,606374.189903,68.808,63,-137.85,27.713,49.141,135.937,128.796,135.23,211.21,66.45,184.19,129.2
4917,606374.193699,67.765,64,-137.784,27.612,51.153,135.179,129.715,135.2,210.98,69.22,182.73,130.18
4918,606374.198576,67.917,65,-138.542,29.216,50.102,133.265,128.199,134.37,213.29,67.79,180.17,128.63
4919,606374.201921,67.021,62,-137.704,29.388,52.105,133.469,129.357,135.57,213.66,70.45,179.88,129.72
4920,606374.205858,68.415,67,-137.028,27.829,50.031,135.996,128.219,136.33,211.33,67.78,183.66,128.63
4921,606374.213712,68.096,67,-137.523,27.495,50.485,135.328,129.95,135.64,210.91,68.28,183.03,130.35
4922,606374.217314,67.692,63,-137.847,29.528,50.854,133.971,128.198,135.14,213.6,68.76,180.94,128.62
4923,606374.230994,68.854,65,-138.119,26.99,49.189,136.354,130.009,134.84,210.23,66.48,184.73,130.42
4924,606374.237949,68.206,67,-138.037,29.592,50.702,136.563,128.242,135.03,213.82,68.54,184.75,128.65
4925,606374.242313,68.477,65,-138.407,28.387,49.936,136.114,129.742,134.45,212.12,67.48,184.48,130.17
4926,606374.245088,68.59,64,-137.978,26.885,49.987,136.937,128.635,135.04,210.07,67.61,185.13,129.06
4927,606374.250269,69.287,57,-139.462,26.39,48.159,136.163,129.877,133.01,209.4,65.13,183.77,130.33
4928,606374.254352,68.072,64,-139.634,28.774,50.393,134.94,128.52,132.68,212.54,68.15,182.01,128.98
4929,606374.262774,68.993,63,-139.335,27.848,49.063,136.86,129.493,133.18,211.36,66.3,185.24,129.91
4930,606374.265472,68.862,62,-139.303,26.482,49.466,137.173,128.945,133.29,209.56,66.87,185.66,129.39
4931,606374.269557,70.405,55,-140.378,26.737,46.661,139.137,128.66,131.92,209.99,63.08,187.93,129.05
4932,606374.274949,68.837,60,-140.588,28.186,49.687,137.63,128.882,131.58,211.88,67.15,186.14,129.34
4933,606374.27761,69.464,64,-140.045,27.089,48.028,136.91,128.91,132.25,210.35,64.9,185.4,129.34
4934,606374.286189,69.099,60,-140.253,26.108,48.946,137.201,129.154,132.04,209.08,66.18,185.37,129.59
4935,606374.28963,70.322,57,-141.528,26.833,46.843,139.111,128.06,130.14,209.92,63.27,188.67,128.5
4936,606374.294251,68.364,59,-142.397,27.355,49.636,134.621,129.229,128.97,210.64,67.04,181.88,129.74
4937,606374.298049,69.452,66,-140.674,26.492,47.977,136.687,128.708,131.36,209.51,64.85,184.87,129.15
4938,606374.302365,69.412,63,-140.946,25.748,48.014,136.542,129.5,131.06,208.55,64.89,184.72,129.95
4939,606374.314143,69.36,62,-141.981,27.612,48.536,137.691,129.38,129.57,211.0,65.57,186.13,129.82
4940,606374.319046,69.688,62,-140.87,26.305,47.74,137.528,128.75,131.14,209.29,64.51,186.22,129.18
4941,606374.326768,69.82,60,-141.32,28.122,47.658,138.149,128.256,130.51,211.7,64.44,186.34,128.69
4942,606374.32997,69.007,59,-142.461,27.034,48.246,134.669,129.679,128.73,210.13,65.1,181.72,130.25
4943,606374.337683,69.774,64,-140.617,26.205,47.542,137.516,128.916,131.4,209.08,64.28,185.76,129.35
4944,606374.342294,70.407,60,-141.204,25.845,46.151,137.624,129.745,130.66,208.64,62.35,186.27,130.16
4945,606374.345389,69.853,61,-140.859,28.147,47.545,138.041,128.776,131.16,211.8,64.23,186.95,129.21
4946,606374.349774,69.941,59,-140.76,27.309,47.205,137.63,129.789,131.33,210.69,63.78,186.28,130.23
4947,606374.353744,69.427,60,-140.627,25.532,47.276,134.533,129.509,131.21,208.11,63.85,181.54,130.06
4948,606374.357467,70.945,53,-140.89,25.683,45.18,138.388,129.993,131.18,208.5,61.11,186.89,130.36
4949,606374.366209,69.796,59,-140.251,28.034,47.546,137.67,128.994,132.12,211.8,64.26,185.73,129.36
4950,606374.370075,70.217,62,-139.885,26.81,46.564,137.576,130.069,132.47,209.99,62.91,186.35,130.49
4951,606374.37355,70.178,60,-139.417,25.498,46.617,137.473,129.645,133.09,208.21,63.0,186.2,130.06
4952,606374.37883,71.4,58,-139.916,26.05,44.402,139.208,129.363,132.39,208.93,60.02,188.25,129.75
4953,606374.381554,70.059,62,-140.206,27.207,47.046,137.945,129.706,131.99,210.49,63.59,186.57,130.14
4954,606374.390746,70.4,63,-139.459,26.154,46.069,137.336,130.263,133.02,209.09,62.24,186.05,130.68
4955,606374.398338,70.916,61,-140.041,26.51,45.033,137.738,129.352,132.23,209.56,60.84,186.68,129.76
4956,606374.404181,69.449,55,-139.304,28.17,47.004,133.896,129.664,133.21,211.85,63.47,181.45,130.01
4957,606374.406216,70.267,65,-139.459,25.895,46.008,136.266,130.268,132.96,208.72,62.17,184.18,130.7
4958,606374.41452,70.417,62,-139.586,25.558,46.008,137.271,130.652,132.93,208.37,62.19,185.51,131.03
4959,606374.417577,70.05,58,-139.95,27.692,46.271,135.608,129.524,132.39,211.2,62.52,183.04,129.87
4960,606374.421696,69.764,60,-140.707,26.903,47.389,137.009,130.665,131.25,210.04,64.03,185.2,131.12
4961,606374.426876,70.357,62,-139.66,25.843,46.256,137.603,130.246,132.76,208.67,62.5,186.4,130.66
4962,606374.429616,70.034,59,-141.348,24.993,46.003,134.726,131.312,130.44,207.5,62.15,182.1,131.78
4963,606374.43437,70.239,62,-140.769,27.765,46.789,138.392,129.93,131.26,211.27,63.23,187.09,130.33
4964,606374.442059,69.624,62,-141.408,26.64,47.51,136.451,130.981,130.39,209.74,64.16,184.83,131.41
4965,606374.445666,69.759,59,-140.021,26.205,46.678,134.917,130.085,132.41,209.34,63.07,182.1,130.42
4966,606374.44941,70.426,58,-141.05,26.017,45.724,136.481,130.905,130.9,208.92,61.76,184.8,131.31
4967,606374.455134,69.595,57,-140.995,28.085,47.492,136.216,130.041,131.1,211.88,64.19,183.34,130.39
4968,606374.458664,69.944,64,-141.281,26.697,47.013,137.09,131.413,130.5,209.77,63.49,185.43,131.84
4969,606374.465676,69.956,62,-140.833,25.595,47.087,137.382,130.589,131.17,208.33,63.61,186.12,131.01
4970,606374.470085,70.904,54,-141.335,26.344,45.104,137.871,130.906,130.52,209.38,60.9,186.75,131.31
4971,606374.473821,69.792,61,-141.78,27.322,47.735,138.19,130.65,129.92,210.67,64.49,186.81,131.08
4972,606374.490673,70.942,57,-141.571,26.543,45.227,138.507,130.815,130.15,209.59,61.09,187.42,131.22
4973,606374.49351,69.538,60,-141.716,27.084,48.262,138.053,131.223,129.95,210.31,65.23,186.26,131.64
4974,606374.497941,70.324,61,-140.787,26.096,46.407,137.828,131.449,131.15,208.94,62.69,186.42,131.87
4975,606374.503518,69.8,61,-140.601,25.702,47.428,137.354,131.437,131.47,208.47,64.06,186.1,131.86
4976,606374.505551,70.105,64,-141.263,26.968,46.476,136.576,130.582,130.59,210.18,62.78,184.76,131.01
4977,606374.509577,68.979,58,-141.575,26.718,48.763,135.939,131.858,130.14,209.83,65.84,184.1,132.3
4978,606374.517881,69.752,61,-140.293,25.95,47.044,135.929,131.281,131.82,208.75,63.57,183.83,131.71
4979,606374.521836,69.52,62,-140.195,26.058,47.875,136.833,131.785,132.02,208.95,64.66,185.41,132.21
4980,606374.525343,69.078,58,-140.857,27.423,47.98,134.359,130.855,130.98,210.71,64.91,180.48,131.34
4981,606374.530852,69.051,64,-140.867,26.729,48.98,136.997,132.024,131.19,209.92,66.2,184.89,132.46
4982,606374.533869,69.495,62,-139.695,26.119,47.96,136.915,131.18,132.68,208.99,64.91,184.73,131.6
4983,606374.542386,69.458,63,-140.323,26.106,47.932,136.598,132.096,131.84,209.01,64.73,185.12,132.51
4984,606374.545949,68.682,64,-140.185,27.621,49.511,136.191,131.002,132.1,211.13,66.89,184.28,131.43
4985,606374.549363,68.891,61,-140.414,26.646,49.004,136.068,132.244,131.71,209.73,66.19,184.02,132.68
4986,606374.553739,68.832,64,-139.619,25.971,49.222,136.312,131.254,132.89,208.9,66.55,184.13,131.65
4987,606374.557436,69.48,64,-140.451,26.12,47.991,136.908,132.109,131.76,209.12,64.85,185.1,132.53
4988,606374.565852,68.239,66,-140.239,27.483,50.476,136.152,131.189,131.98,210.87,68.21,184.1,131.62
4989,606374.574349,68.456,65,-139.754,25.999,50.134,136.522,131.312,132.62,208.87,67.72,184.99,131.74
4990,606374.579246,69.585,56,-140.847,26.382,47.988,137.574,131.722,131.06,209.33,64.83,186.02,132.15
4991,606374.58186,68.001,63,-140.66,27.268,51.232,136.769,131.431,131.43,210.61,69.2,185.14,131.88
4992,606374.585668,69.011,64,-140.095,26.505,49.109,137.103,131.756,132.2,209.62,66.31,185.65,132.15
4993,606374.594429,68.116,65,-140.033,26.069,50.899,136.558,131.505,132.24,208.96,68.76,185.0,131.94
4994,606374.597656,69.304,62,-140.811,26.917,48.601,137.518,131.034,131.2,210.12,65.64,186.35,131.46
4995,606374.601169,67.729,62,-141.061,26.984,51.825,136.746,131.616,130.91,210.23,70.0,185.04,132.07
4996,606374.606641,68.739,64,-140.17,26.334,49.592,136.762,131.165,132.05,209.32,66.99,185.27,131.6
4997,606374.609591,67.699,63,-140.356,26.132,51.271,135.108,131.759,131.77,209.02,69.26,182.91,132.22
4998,606374.617951,68.137,70,-140.773,27.516,50.301,135.074,130.537,131.21,210.9,67.94,182.88,130.99
4999,606374.621645,67.609,65,-140.867,27.242,51.956,136.393,131.751,131.12,210.56,70.2,184.37,132.19
5000,606374.62567,67.991,66,-139.92,26.599,50.749,135.421,130.667,132.36,209.65,68.58,183.26,131.1
5001,606374.630321,67.638,69,-140.164,26.673,51.531,135.445,131.659,132.0,209.73,69.63,183.2,132.12
5002,606374.633414,67.528,67,-140.184,28.148,51.895,135.767,130.283,131.99,211.73,70.12,183.66,130.75
5003,606374.63802,67.455,66,-140.513,27.45,51.949,135.494,131.742,131.59,210.83,70.15,183.62,132.19
5004,606374.646073,67.642,66,-139.428,27.044,51.823,136.237,130.294,133.06,210.28,70.02,184.59,130.73
5005,606374.649578,67.732,71,-140.183,27.084,51.24,135.22,131.569,132.07,210.37,69.2,183.14,131.99
5006,606374.663571,67.166,67,-139.327,27.325,52.804,136.07,130.146,133.24,210.68,71.36,184.18,130.61
5007,606374.669902,68.144,67,-140.269,27.513,50.71,136.213,131.037,131.93,210.93,68.49,184.55,131.47
5008,606374.673651,66.986,64,-140.027,28.473,53.459,136.737,130.261,132.22,212.17,72.27,184.59,130.7
5009,606374.677138,67.325,66,-140.803,27.262,51.245,132.928,131.126,131.15,210.54,69.2,179.92,131.6
5010,606374.682937,66.908,67,-139.522,27.461,53.572,136.589,130.149,132.93,210.83,72.42,184.58,130.63
5011,606374.685821,68.37,65,-140.388,27.787,50.571,137.192,130.177,131.75,211.27,68.32,185.67,130.6
5012,606374.694919,66.708,63,-140.599,28.0,53.72,135.854,130.281,131.49,211.57,72.58,183.69,130.78
5013,606374.697984,68.11,67,-139.997,27.518,51.031,136.878,129.675,132.31,210.93,68.95,185.38,130.12
5014,606374.701291,66.26,61,-140.964,26.63,53.653,133.269,130.435,130.79,209.64,72.33,180.31,131.04
5015,606374.707376,67.872,68,-140.644,27.618,51.363,136.359,129.252,131.43,211.05,69.39,184.71,129.7
5016,606374.709687,66.848,66,-140.869,27.676,53.459,135.97,130.415,131.14,211.13,72.2,184.16,130.88
5017,606374.714472,67.636,66,-140.286,27.101,51.836,136.235,128.591,131.99,210.41,70.07,184.16,129.05
5018,606374.722316,66.705,67,-140.622,26.909,53.468,135.2,130.428,131.54,210.15,72.26,182.77,130.88
5019,606374.725208,67.056,72,-140.587,27.587,52.554,134.812,128.75,131.59,211.06,71.04,182.27,129.22
5020,606374.730269,67.262,67,-140.941,27.479,52.511,135.855,130.487,131.07,210.9,70.94,183.86,130.95
5021,606374.733601,66.921,67,-140.322,27.483,53.092,135.437,128.382,131.85,210.84,71.76,183.25,128.83
5022,606374.750857,67.75,67,-140.62,27.337,51.355,135.628,130.389,131.39,210.63,69.39,183.37,130.86
5023,606374.753717,66.869,65,-139.724,28.467,53.669,136.616,128.444,132.71,212.22,72.52,185.06,128.91
5024,606374.758149,67.499,66,-140.26,27.905,51.932,135.698,130.321,131.99,211.5,70.15,183.7,130.75
5025,606374.761436,67.176,68,-139.352,26.982,52.758,136.007,128.954,133.15,210.17,71.32,184.02,129.41
5026,606374.770202,68.114,58,-139.603,27.782,50.173,134.597,129.564,133.01,211.51,67.8,181.35,129.9
5027,606374.774048,67.088,67,-139.68,29.069,53.076,136.334,128.337,132.73,213.0,71.72,184.51,128.78
5028,606374.77728,67.054,67,-140.625,27.61,51.737,132.705,130.155,131.51,211.06,69.94,179.68,130.58
5029,606374.783208,67.287,70,-139.23,26.597,52.499,135.969,128.827,133.39,209.7,70.98,183.97,129.29
5030,606374.785798,68.803,56,-139.026,27.845,48.812,134.997,128.785,133.76,211.55,65.95,182.31,129.13
5031,606374.794599,67.383,67,-139.726,29.008,52.442,136.364,128.388,132.67,212.94,70.86,184.59,128.86
5032,606374.797493,68.27,66,-139.039,27.98,50.642,136.785,129.048,133.64,211.57,68.49,184.71,129.49
5033,606374.801958,67.659,68,-138.945,26.665,51.747,136.133,128.666,133.77,209.8,69.96,184.23,129.12
5034,606374.805582,69.116,61,-139.6,27.449,48.748,136.751,128.349,132.96,210.93,65.9,184.79,128.78
5035,606374.811474,67.562,67,-140.174,28.377,51.909,136.001,128.478,132.1,212.1,70.17,183.81,128.95
5036,606374.813776,68.416,68,-139.211,27.251,50.113,136.228,128.621,133.34,210.54,67.75,184.34,129.05
5037,606374.822212,68.035,68,-139.157,26.41,50.851,135.952,128.842,133.43,209.41,68.77,183.7,129.3
5038,606374.826007,69.054,64,-140.028,27.541,48.884,136.743,127.75,132.26,210.95,66.06,185.26,128.18
5039,606374.838548,68.642,63,-139.538,26.264,49.752,136.607,128.987,132.9,209.2,67.27,184.76,129.41
5040,606374.846825,68.129,62,-140.484,27.809,49.554,133.025,128.041,131.64,211.33,67.0,179.54,128.51
5041,606374.849622,68.364,65,-140.478,27.627,50.159,136.041,128.965,131.66,211.07,67.77,184.21,129.41
5042,606374.853908,68.906,65,-139.309,26.656,49.065,136.328,128.153,133.29,209.81,66.37,184.02,128.61
5043,606374.858591,69.138,67,-139.78,26.604,48.589,136.44,129.092,132.73,209.76,65.84,183.85,129.49
5044,606374.861694,68.7,58,-139.619,29.115,49.493,136.247,127.539,132.93,213.2,66.91,184.09,127.95
5045,606374.865514,68.711,65,-140.3,27.859,49.476,136.27,129.097,131.98,211.47,66.91,183.59,129.5
5046,606374.87462,68.785,61,-139.816,26.745,49.025,135.481,128.276,132.43,209.82,66.29,182.67,128.77
5047,606374.877439,69.908,62,-140.041,27.34,47.046,136.95,129.037,132.26,210.7,63.56,185.53,129.46
5048,606374.882275,68.841,63,-139.943,29.267,49.563,137.311,127.89,132.41,213.32,66.96,186.02,128.33
5049,606374.886644,68.965,64,-140.901,27.74,47.919,133.503,129.727,131.05,211.22,64.72,180.73,130.19
5050,606374.890012,69.222,62,-139.35,27.586,48.868,137.753,128.215,133.18,211.02,66.09,186.1,128.67
5051,606374.897504,71.055,56,-140.489,27.947,45.576,140.376,128.726,131.66,211.54,61.55,190.32,129.14
5052,606374.902117,68.333,60,-141.326,28.411,49.497,134.063,128.798,130.5,212.13,66.85,181.48,129.28
5053,606374.905645,70.503,61,-139.478,28.365,46.486,139.278,128.893,133.12,212.15,62.92,187.93,129.31
5054,606374.922855,69.223,61,-140.867,28.48,48.857,137.731,128.842,131.24,212.31,66.04,186.03,129.29
5055,606374.926058,70.704,60,-139.849,27.494,45.642,138.123,128.442,132.5,210.9,61.67,187.04,128.86
5056,606374.929327,69.871,61,-139.836,27.039,47.531,138.119,129.007,132.53,210.29,64.27,186.6,129.46
5057,606374.934664,70.241,57,-140.321,28.752,45.666,135.08,127.442,131.9,212.61,61.78,182.53,127.84
5058,606374.937555,69.698,61,-140.947,28.081,47.901,138.057,129.368,131.04,211.71,64.69,187.05,129.8
5059,606374.942532,70.677,57,-139.82,27.072,45.492,137.485,128.568,132.61,210.36,61.47,186.39,128.94
5060,606374.9509,70.249,60,-140.086,26.787,46.324,137.081,129.672,132.14,209.91,62.6,185.45,130.09
5061,606374.953899,69.823,59,-141.586,28.209,45.968,133.269,128.964,130.11,211.84,62.08,180.37,129.43
5062,606374.957721,69.844,62,-140.448,28.232,47.065,136.588,129.825,131.74,211.94,63.64,184.16,130.23
5063,606374.962465,70.688,64,-139.175,27.397,45.579,137.819,128.518,133.42,210.78,61.6,186.7,128.93
5064,606374.966292,70.711,58,-139.541,27.349,45.341,137.26,130.027,132.93,210.72,61.27,185.92,130.44
5065,606374.973745,70.458,61,-139.122,29.753,46.454,138.874,128.542,133.54,214.02,62.79,187.97,128.96
5066,606374.978257,70.411,57,-139.598,28.549,46.225,137.876,130.182,132.74,212.26,62.47,186.42,130.59
5067,606374.98139,70.543,63,-138.264,27.733,45.896,137.788,128.955,134.71,211.3,62.04,186.42,129.36
5068,606374.987142,71.61,60,-139.132,27.695,43.865,139.043,130.174,133.48,211.21,59.26,188.47,130.57
5069,606374.989879,70.221,58,-138.315,29.911,46.801,138.304,129.07,134.62,214.25,63.24,187.27,129.46
5070,606375.003013,70.43,60,-137.49,27.796,46.417,138.576,129.51,135.63,211.29,62.76,187.53,129.93
5071,606375.006838,71.516,53,-137.074,29.306,42.923,135.385,129.639,136.32,213.49,58.02,183.07,129.98
5072,606375.009968,69.68,59,-137.914,29.694,47.598,137.067,129.346,135.14,213.93,64.31,185.68,129.75
5073,606375.013862,71.374,60,-136.919,28.819,44.737,140.068,130.502,136.3,212.64,60.45,189.39,130.94
5074,606375.018266,70.553,59,-137.15,27.448,46.068,138.366,129.858,136.11,210.84,62.33,186.52,130.27
5075,606375.0261,71.041,54,-136.94,29.126,43.488,133.853,129.392,136.48,213.23,58.79,181.06,129.73
5076,606375.029592,70.151,63,-138.661,28.349,47.25,139.161,130.201,134.09,212.07,63.84,188.7,130.6
5077,606375.033827,71.225,58,-137.569,27.432,44.385,137.905,130.09,135.52,210.81,59.97,186.85,130.51
5078,606375.038186,70.457,59,-137.589,27.136,46.037,137.621,130.389,135.57,210.46,62.23,186.29,130.8
5079,606375.042378,71.3,61,-139.1,28.13,44.374,138.403,129.03,133.51,211.77,59.97,187.17,129.47
5080,606375.049942,69.511,54,-137.941,29.408,47.007,134.298,130.022,134.88,213.24,63.82,181.53,130.54
5081,606375.053901,70.985,60,-138.374,27.009,44.597,136.883,130.147,134.4,210.21,60.27,185.2,130.57
5082,606375.0574,70.522,61,-138.514,27.042,45.717,137.101,130.926,134.18,210.22,61.81,185.3,131.36
5083,606375.063288,70.756,62,-139.037,29.001,45.637,138.467,129.627,133.59,212.95,61.63,187.55,130.0
5084,606375.065865,70.347,56,-139.843,27.874,46.689,138.818,131.223,132.48,211.42,63.05,188.25,131.63
5085,606375.070744,70.523,62,-138.871,27.072,45.843,137.493,130.065,133.78,210.3,61.95,186.15,130.46
5086,606375.078272,70.763,61,-139.832,26.849,45.156,137.057,131.477,132.53,210.1,60.93,185.64,131.87
5087,606375.090586,70.231,64,-139.512,27.128,46.554,137.643,130.261,132.87,210.34,62.93,186.1,130.67
5088,606375.093718,70.95,57,-140.854,26.782,44.795,137.242,131.63,131.14,209.92,60.57,185.52,132.08
5089,606375.102698,69.577,66,-140.308,29.272,47.902,137.271,130.071,131.9,213.34,64.69,186.03,130.5
5090,606375.105996,69.756,60,-141.092,27.607,46.533,134.485,132.117,130.76,211.03,62.81,182.09,132.56
5091,606375.110118,70.092,65,-139.884,26.995,46.941,137.855,130.553,132.45,210.23,63.41,186.76,130.97
5092,606375.114944,71.584,56,-140.677,27.436,44.13,139.687,130.772,131.4,210.86,59.59,189.2,131.17
5093,606375.11825,69.546,61,-140.941,28.318,48.287,138.18,130.544,131.05,212.04,65.2,187.24,130.97
5094,606375.126111,70.865,59,-139.818,27.748,45.673,139.337,131.299,132.52,211.24,61.71,188.33,131.7
5095,606375.129978,70.128,61,-139.93,26.693,47.011,138.297,130.79,132.31,209.77,63.52,187.04,131.23
5096,606375.133633,71.197,57,-140.824,27.509,44.685,138.639,130.047,131.18,210.93,60.35,187.85,130.45
5097,606375.138885,69.3,60,-140.994,27.731,48.59,137.463,131.041,131.02,211.29,65.69,185.39,131.48
5098,606375.141859,70.777,61,-139.414,27.103,45.473,138.111,130.652,133.07,210.38,61.43,187.13,131.06
5099,606375.146623,69.881,61,-139.269,26.867,47.339,137.626,131.089,133.27,210.05,63.94,186.53,131.5
5100,606375.155042,69.882,60,-140.366,28.149,46.153,134.185,130.025,131.72,211.74,62.33,181.62,130.48
5101,606375.157083,69.268,59,-140.027,27.94,48.947,138.272,131.244,132.18,211.46,66.13,187.03,131.68
5102,606375.171261,69.694,57,-137.846,29.59,47.552,137.021,130.016,134.81,213.41,64.34,183.73,130.36
5103,606375.178297,69.047,63,-138.404,28.3,49.017,137.071,131.438,134.43,212.0,66.21,185.84,131.85
5104,606375.182558,69.77,65,-136.749,27.367,47.389,137.045,130.411,136.65,210.73,64.05,185.78,130.81
5105,606375.185073,69.802,64,-137.147,27.242,47.16,136.593,131.649,136.09,210.54,63.73,185.04,132.03
5106,606375.191463,69.282,63,-136.816,29.819,48.471,137.009,129.765,136.52,213.99,65.53,185.26,130.14
5107,606375.193125,68.19,66,-137.802,27.975,49.599,133.5,131.799,135.17,211.52,67.01,180.83,132.24
5108,606375.202703,69.495,67,-136.113,27.335,47.927,136.821,130.507,137.51,210.69,64.82,185.11,130.88
5109,606375.206435,70.178,62,-136.773,27.185,46.667,137.622,131.364,136.58,210.46,63.07,186.45,131.74
5110,606375.209001,69.068,62,-136.391,29.117,48.947,137.009,130.499,137.12,213.08,66.16,185.58,130.89
5111,606375.214673,69.498,61,-136.012,28.252,48.105,137.349,131.186,137.66,211.95,65.02,186.2,131.58
5112,606375.217684,69.137,61,-135.953,27.094,48.95,137.445,130.978,137.76,210.4,66.2,186.11,131.37
5113,606375.221958,70.406,53,-137.137,27.255,46.349,138.209,130.665,136.1,210.58,62.68,186.64,131.06
5114,606375.229841,68.69,60,-137.008,29.201,49.882,137.257,130.561,136.32,213.22,67.45,185.62,130.99
5115,606375.233088,69.22,61,-136.949,28.046,48.601,136.986,131.095,136.39,211.66,65.71,185.27,131.48
5116,606375.238306,68.881,65,-137.112,27.51,49.211,136.577,130.973,136.15,210.9,66.52,184.98,131.37
5117,606375.24173,69.092,57,-137.589,29.528,47.692,133.638,129.35,135.73,213.86,64.45,180.22,129.73
5118,606375.245507,68.142,64,-138.847,28.821,51.029,137.065,130.774,133.89,212.74,68.95,185.56,131.21
5119,606375.258315,68.272,61,-139.024,27.619,49.995,135.047,130.994,133.31,210.88,67.59,181.72,131.54
5120,606375.262489,69.029,63,-140.182,29.014,49.016,136.957,129.244,132.1,212.99,66.21,185.46,129.69
5121,606375.26582,67.387,62,-139.92,29.383,51.352,133.555,130.387,132.51,213.63,69.31,180.11,130.68
5122,606375.270247,68.694,67,-139.997,27.576,49.57,136.422,129.663,132.31,211.01,66.98,184.79,130.1
5123,606375.278961,68.593,63,-140.737,27.206,49.756,136.317,131.099,131.3,210.51,67.2,184.63,131.54
5124,606375.281677,67.807,59,-141.905,28.851,50.607,133.978,129.305,129.77,212.73,68.38,181.42,129.75
5125,606375.285515,67.844,62,-142.157,27.754,51.315,136.069,130.911,129.4,211.23,69.33,183.83,131.37
5126,606375.291009,68.433,64,-140.837,26.915,50.123,136.355,129.289,131.24,210.16,67.75,184.32,129.74
5127,606375.293379,68.929,64,-141.877,26.567,49.182,136.797,130.859,129.78,209.64,66.41,185.31,131.3
5128,606375.298435,67.876,62,-141.907,28.678,51.163,135.849,129.132,129.67,212.43,69.11,183.64,129.6
5129,606375.30604,67.984,65,-141.662,27.854,50.556,134.866,130.677,130.11,211.43,68.29,182.19,131.09
5130,606375.310189,68.339,67,-140.847,26.867,50.463,136.714,129.399,131.12,209.98,68.29,184.45,129.84
5131,606375.314037,69.475,58,-141.522,27.414,48.051,137.049,130.257,130.26,210.81,64.91,185.32,130.68
5132,606375.318157,67.802,61,-141.463,28.673,51.69,136.814,129.306,130.23,212.4,69.86,184.71,129.78
5133,606375.322082,69.119,61,-140.43,28.238,49.071,137.678,130.408,131.68,211.9,66.25,186.38,130.88
5134,606375.329665,67.811,61,-141.016,26.803,50.767,134.424,129.88,130.83,209.91,68.59,181.47,130.43
5135,606375.333559,70.065,54,-140.507,28.412,47.136,138.249,128.859,131.65,212.19,63.7,186.77,129.27
5136,606375.343598,69.233,52,-138.171,28.885,48.309,136.249,129.18,134.84,212.84,65.42,183.83,129.57
5137,606375.347255,68.365,64,-138.583,27.743,50.681,137.46,129.299,134.15,211.19,68.55,185.6,129.72
5138,606375.355254,69.932,57,-139.48,28.797,47.407,138.161,128.055,133.0,212.67,64.05,187.24,128.47
5139,606375.357865,67.177,63,-138.534,29.899,51.808,133.562,128.806,134.33,214.22,69.99,180.79,129.22
5140,606375.361733,69.201,62,-137.86,27.982,48.24,135.853,128.876,135.08,211.5,65.25,183.33,129.35
5141,606375.366817,68.527,66,-137.281,27.794,49.997,136.583,129.279,135.9,211.26,67.61,184.77,129.7
5142,606375.369628,68.896,59,-138.374,29.148,48.335,134.244,128.0,134.47,213.14,65.35,181.55,128.45
5143,606375.374525,68.17,64,-138.062,28.983,51.054,137.294,129.278,134.91,212.92,69.0,186.08,129.7
5144,606375.382112,68.809,63,-135.691,28.666,48.404,133.909,128.159,138.12,212.57,65.48,181.22,128.48
5145,606375.386033,68.879,67,-136.556,27.76,49.001,135.985,129.456,136.93,211.27,66.24,184.3,129.87
5146,606375.389089,68.383,63,-137.405,29.456,48.928,132.81,128.331,135.54,213.45,66.08,179.4,128.88
5147,606375.394901,68.499,66,-136.889,29.025,49.971,136.339,129.57,136.48,212.94,67.63,184.48,129.97
5148,606375.39718,69.33,64,-135.6,28.11,48.322,136.893,128.41,138.24,211.77,65.34,185.44,128.8
5149,606375.40569,69.34,64,-136.2,27.974,47.968,135.957,129.742,137.41,211.56,64.84,184.33,130.14
5150,606375.410671,68.078,63,-136.868,29.658,49.621,132.909,128.641,136.3,213.74,67.02,179.67,129.17
5151,606375.413039,69.206,63,-136.218,29.131,48.569,136.813,129.954,137.42,213.15,65.69,185.22,130.36
5152,606375.430744,68.808,58,-136.834,30.116,49.831,137.848,128.436,136.64,214.53,67.38,186.56,128.84
5153,606375.43365,69.808,57,-136.58,29.328,47.462,137.503,129.629,136.91,213.42,64.18,185.79,129.99
5154,606375.437888,69.287,62,-137.007,28.086,48.768,137.886,128.725,136.34,211.72,65.94,186.84,129.14
5155,606375.442233,70.199,55,-137.119,29.798,45.501,134.316,128.529,136.34,214.17,61.53,181.33,128.93
5156,606375.446305,68.862,64,-138.97,29.589,49.816,138.139,128.68,133.71,213.75,67.31,187.2,129.11
5157,606375.449332,70.605,58,-138.293,28.793,46.38,139.664,128.962,134.54,212.6,62.66,189.0,129.34
5158,606375.457654,69.19,59,-138.768,28.025,48.72,137.136,128.824,134.15,211.8,65.9,184.91,129.2
5159,606375.462183,70.53,57,-140.618,28.806,46.063,138.198,127.634,131.47,212.67,62.21,187.3,128.05
5160,606375.465402,68.165,59,-139.811,29.874,49.693,133.607,128.673,132.61,214.2,67.11,181.04,129.05
5161,606375.470207,70.323,61,-139.955,27.984,46.397,137.793,128.068,132.39,211.58,62.69,186.79,128.49
5162,606375.474556,68.834,58,-140.935,27.096,48.421,134.105,129.18,131.02,210.35,65.43,181.47,129.65
5163,606375.482323,69.537,60,-141.636,28.942,47.253,135.163,127.604,130.1,212.86,63.84,182.69,128.09
5164,606375.486487,68.558,61,-141.14,29.056,49.074,134.245,129.065,130.96,213.22,66.29,181.04,129.42
5165,606375.489609,70.059,61,-140.329,27.508,46.957,137.685,127.954,131.96,210.98,63.5,186.0,128.39
5166,606375.494708,69.826,65,-141.016,27.093,47.109,136.596,129.681,130.91,210.34,63.65,184.79,130.1
5167,606375.498062,69.77,63,-140.708,29.56,47.813,138.273,128.056,131.39,213.73,64.58,187.37,128.5
5168,606375.505891,69.47,57,-141.759,28.047,47.599,135.728,130.084,129.83,211.58,64.29,183.41,130.55
5169,606375.514186,70.739,64,-140.95,26.839,45.514,137.974,129.999,131.03,210.02,61.47,186.88,130.42
5170,606375.51968,70.011,64,-140.316,29.611,47.356,138.531,128.402,131.85,213.75,63.99,187.41,128.85
5171,606375.521459,70.327,61,-140.175,28.695,46.38,137.769,129.881,132.07,212.55,62.66,186.22,130.27
5172,606375.525998,70.367,60,-139.328,27.389,46.446,138.236,128.848,133.3,210.85,62.81,186.35,129.23
5173,606375.534016,71.542,54,-140.271,27.175,43.976,138.893,129.877,131.9,210.46,59.4,188.09,130.3
5174,606375.537603,70.054,62,-139.401,29.758,46.968,137.684,128.6,133.08,213.97,63.46,186.37,129.04
5175,606375.54151,70.133,60,-139.866,28.0,45.606,134.198,130.345,132.4,211.53,61.59,181.38,130.78
5176,606375.546527,70.685,65,-138.294,27.437,45.767,138.367,129.298,134.6,210.84,61.85,187.49,129.7
5177,606375.549185,71.777,51,-137.86,28.789,43.005,137.523,128.718,135.46,212.98,58.13,185.14,129.02
5178,606375.55967,70.303,56,-138.656,28.96,46.384,137.618,129.571,134.09,212.91,62.72,185.63,129.97
5179,606375.562557,71.538,58,-137.115,28.364,44.106,139.277,129.844,136.14,212.07,59.62,188.57,130.22
5180,606375.565083,70.878,60,-136.908,27.552,45.267,138.187,129.744,136.56,211.08,61.23,186.78,130.14
5181,606375.570554,71.593,58,-136.884,29.223,43.104,136.505,128.717,136.59,213.38,58.27,184.6,129.07
5182,606375.573402,70.114,57,-137.401,29.193,46.537,136.815,129.725,135.96,213.38,62.91,184.7,130.1
5183,606375.577809,71.386,63,-136.59,28.005,44.045,137.99,129.936,136.87,211.62,59.54,186.82,130.32
5184,606375.586247,71.169,60,-136.695,27.781,44.639,138.301,130.356,136.73,211.31,60.33,187.48,130.74
5185,606375.589036,70.307,61,-138.131,28.872,44.932,133.335,129.883,134.79,212.79,60.74,180.18,130.33
5186,606375.603016,70.818,65,-137.569,27.588,44.985,136.915,130.912,135.59,211.05,60.86,185.29,131.31
5187,606375.609762,70.718,59,-137.618,29.79,45.976,139.229,129.536,135.57,214.1,62.14,188.52,129.93
5188,606375.614605,70.242,61,-138.87,28.087,46.331,137.055,131.373,133.77,211.7,62.57,185.77,131.79
5189,606375.617426,70.706,59,-138.2,27.101,45.648,138.153,130.149,134.62,210.33,61.73,186.46,130.59
5190,606375.622537,71.458,57,-139.015,27.424,43.854,137.904,131.116,133.62,210.8,59.33,186.67,131.52
5191,606375.625963,70.154,63,-139.436,28.989,46.878,138.086,130.134,133.04,212.95,63.34,186.73,130.57
5192,606375.634573,70.721,60,-139.839,27.754,45.521,137.869,131.707,132.54,211.29,61.51,186.55,132.08
5193,606375.637647,70.52,58,-139.781,26.609,46.322,138.908,130.463,132.63,209.75,62.6,187.95,130.87
5194,606375.641592,71.785,54,-140.882,27.106,43.395,138.822,130.918,131.34,210.65,58.68,186.61,131.25
5195,606375.646118,69.92,56,-141.223,28.324,47.413,138.096,130.402,130.74,212.12,64.05,186.68,130.81
5196,606375.650228,71.423,57,-140.973,27.309,44.7,140.311,131.594,131.0,210.69,60.35,190.19,132.01
5197,606375.654327,70.326,58,-141.258,26.087,46.583,138.361,130.892,130.64,209.03,62.93,187.16,131.31
5198,606375.662533,72.2,57,-142.946,26.4,43.398,141.966,130.395,128.32,209.43,58.62,191.86,130.81
5199,606375.664945,70.057,57,-143.001,27.168,47.674,139.771,131.132,128.46,210.65,64.42,188.29,131.55
5200,606375.67074,71.478,59,-142.027,26.221,44.484,140.035,130.99,129.56,209.18,60.06,189.75,131.4
5201,606375.673897,69.705,58,-141.109,26.754,46.818,134.975,130.908,130.8,209.94,63.21,182.74,131.29
5202,606375.687063,69.959,59,-143.291,26.831,47.767,139.384,131.618,127.83,209.97,64.48,188.67,132.03
5203,606375.69127,70.519,56,-142.347,25.726,45.316,135.886,130.997,128.95,208.37,61.23,183.26,131.48
5204,606375.693419,70.134,57,-142.019,25.778,46.574,137.052,131.888,129.49,208.51,62.9,185.29,132.33
5205,606375.699182,69.695,60,-143.128,27.269,46.363,133.603,130.85,128.0,210.55,62.6,180.48,131.33
5206,606375.702365,69.228,60,-141.962,27.429,47.998,135.34,131.74,129.7,210.88,64.8,183.09,132.14
5207,606375.710663,70.406,58,-140.639,26.195,46.417,138.409,130.647,131.4,209.1,62.69,187.71,131.08
5208,606375.713979,70.016,61,-141.054,25.876,46.589,136.324,132.228,130.95,208.78,62.96,184.28,132.64
5209,606375.718404,69.803,63,-140.543,28.412,47.622,137.937,130.589,131.58,212.16,64.31,186.98,131.02
5210,606375.725267,70.064,60,-139.504,26.092,47.133,138.228,131.128,132.95,209.01,63.66,187.35,131.54
5211,606375.729905,70.085,57,-139.045,27.492,45.654,134.026,131.462,133.6,210.97,61.64,181.5,131.84
5212,606375.737701,69.421,62,-139.461,28.434,48.423,137.759,130.969,132.99,212.15,65.41,186.56,131.37
5213,606375.741665,69.102,61,-139.971,26.875,47.703,133.731,132.94,132.26,210.04,64.41,181.15,133.38
5214,606375.74558,69.443,65,-138.466,26.363,48.066,136.884,131.302,134.38,209.39,64.96,185.35,131.72
5215,606375.751075,70.689,52,-138.612,27.366,45.439,137.406,131.615,134.25,210.85,61.38,185.84,131.99
5216,606375.753245,68.752,58,-138.673,28.317,49.559,136.749,131.213,134.3,212.27,66.97,184.35,131.54
5217,606375.76244,69.214,60,-139.127,26.752,47.434,133.664,132.89,133.3,209.8,64.07,180.75,133.35
5218,606375.775066,68.333,65,-138.813,27.803,50.543,136.896,131.648,133.86,211.3,68.27,185.61,132.06
5219,606375.77812,69.872,59,-137.807,26.972,47.549,138.173,131.46,135.26,210.22,64.26,187.09,131.88
5220,606375.786465,68.867,59,-137.937,26.61,49.558,137.457,131.763,135.01,209.66,66.98,186.07,132.16
5221,606375.789836,69.431,62,-139.352,27.728,47.955,136.495,130.33,133.19,211.24,64.78,184.86,130.76
5222,606375.794071,67.826,65,-139.392,27.649,51.297,135.914,131.644,133.16,211.15,69.3,183.99,132.08
5223,606375.799023,69.031,64,-138.712,26.562,48.909,136.668,130.967,133.98,209.61,66.15,184.55,131.37
5224,606375.801239,68.638,64,-139.433,26.192,49.668,136.35,131.923,133.12,209.2,67.14,184.31,132.35
5225,606375.806538,67.799,63,-140.865,27.736,50.083,132.544,130.835,131.13,211.19,67.72,179.35,131.27
5226,606375.814871,67.914,67,-140.673,27.144,51.189,136.146,131.869,131.38,210.42,69.12,184.51,132.31
5227,606375.817652,68.296,64,-139.905,26.234,50.316,136.055,130.373,132.42,209.18,67.98,184.33,130.81
5228,606375.821843,68.09,69,-140.761,25.993,50.333,134.888,131.988,131.27,208.86,67.98,182.72,132.43
5229,606375.827177,67.614,60,-141.305,27.944,51.538,135.325,130.18,130.39,211.4,69.63,182.69,130.69
5230,606375.829209,67.968,67,-141.475,26.96,50.918,135.735,131.69,130.27,210.14,68.77,183.69,132.14
5231,606375.838512,67.833,66,-140.932,25.736,51.391,136.205,130.317,131.08,208.54,69.45,184.23,130.75
5232,606375.841287,69.062,55,-142.055,25.687,49.022,137.179,131.434,129.59,208.5,66.24,185.48,131.85
5233,606375.846411,67.562,62,-142.085,27.572,52.274,136.957,130.176,129.55,211.03,70.61,185.29,130.65
5234,606375.854225,67.69,66,-141.356,25.757,51.855,136.601,130.161,130.49,208.54,70.05,184.96,130.62
5235,606375.862888,68.905,54,-141.539,27.161,48.365,134.376,130.18,130.34,210.62,65.26,181.36,130.51
5236,606375.866141,67.425,64,-142.31,27.465,52.524,136.82,130.024,129.21,210.86,70.93,185.26,130.49
5237,606375.869088,68.86,62,-141.38,26.641,49.727,137.882,130.555,130.42,209.73,67.16,186.64,131.01
5238,606375.875111,67.704,66,-141.248,25.883,51.681,136.221,130.27,130.65,208.71,69.85,184.09,130.72
5239,606375.8778,69.131,63,-142.123,26.924,48.936,137.373,129.342,129.44,210.11,66.09,186.08,129.78
5240,606375.882332,67.281,63,-142.112,27.318,52.64,136.299,130.272,129.46,210.64,71.08,184.6,130.73
5241,606375.890383,68.584,66,-140.621,26.628,49.769,136.304,129.541,131.47,209.72,67.24,184.56,129.98
5242,606375.893357,67.604,68,-140.476,26.418,51.844,136.072,130.252,131.67,209.43,70.05,184.27,130.7
5243,606375.897153,67.702,67,-141.905,27.711,50.357,132.719,129.09,129.79,211.17,68.11,179.42,129.55
5244,606375.903154,67.358,66,-141.264,27.637,52.508,136.397,130.115,130.62,211.09,70.96,184.3,130.54
5245,606375.905888,67.957,64,-140.087,26.672,50.504,134.572,129.356,132.15,209.75,68.25,182.1,129.82
5246,606375.914079,67.944,66,-140.03,26.595,50.998,135.807,130.35,132.26,209.68,68.91,183.9,130.79
5247,606375.918466,67.317,64,-140.75,28.404,51.36,133.182,129.093,131.12,212.01,69.41,179.75,129.63
5248,606375.922,67.694,64,-140.204,28.101,51.676,136.149,130.418,132.03,211.73,69.8,184.44,130.86
5249,606375.926838,67.975,64,-138.962,27.145,51.084,136.22,128.706,133.75,210.45,69.07,184.34,129.16
5250,606375.929819,68.03,68,-139.642,27.012,50.55,135.115,130.401,132.79,210.25,68.31,183.02,130.84
5251,606375.946685,68.156,68,-138.55,27.334,50.745,136.383,129.046,134.23,210.65,68.61,184.58,129.47
5252,606375.949501,69.119,57,-138.778,28.179,48.45,135.935,129.414,134.01,211.91,65.46,183.95,129.8
5253,606375.954325,67.36,59,-139.331,28.585,51.975,135.023,129.356,133.11,212.31,70.24,182.54,129.83
5254,606375.957702,69.044,63,-138.125,28.288,49.225,137.631,129.873,134.9,212.06,66.54,186.18,130.29
5255,606375.967409,67.899,65,-138.019,27.308,51.394,136.599,129.109,134.98,210.65,69.48,185.06,129.54
5256,606375.969734,69.401,62,-138.492,28.375,47.836,135.965,129.033,134.39,212.15,64.65,184.05,129.45
5257,606375.974664,67.745,64,-138.984,28.522,51.854,136.916,129.093,133.73,212.33,70.08,185.32,129.55
5258,606375.97792,68.993,63,-138.16,27.75,49.027,136.766,129.516,134.77,211.27,66.28,184.94,129.93
5259,606375.981682,68.266,63,-138.345,26.95,50.623,136.71,129.371,134.52,210.14,68.47,184.78,129.8
5260,606375.989886,69.426,63,-139.355,27.887,48.228,137.235,128.442,133.42,211.59,65.31,184.87,128.89
5261,606375.99391,67.896,62,-139.583,28.164,51.349,136.463,129.608,132.93,211.86,69.44,184.2,130.06
5262,606375.997281,69.054,62,-138.851,26.999,48.716,136.27,128.641,133.84,210.22,65.85,184.57,129.07
5263,606376.002634,68.014,67,-139.051,26.65,50.792,135.666,129.617,133.71,209.86,68.6,184.15,130.02
5264,606376.00563,68.987,63,-140.162,28.137,48.82,136.152,127.965,132.08,211.72,66.05,184.4,128.41
5265,606376.014348,67.809,61,-140.409,27.886,51.06,135.19,129.411,131.87,211.55,69.01,182.6,129.81
5266,606376.018566,68.972,66,-139.695,26.718,48.726,135.792,128.637,132.84,209.94,65.92,183.44,129.03
5267,606376.031105,68.488,60,-141.766,27.228,49.734,135.626,130.065,129.87,210.49,67.18,183.41,130.52
5268,606376.033909,68.836,63,-140.709,26.289,49.345,136.673,128.542,131.32,209.22,66.7,184.89,128.97
5269,606376.042171,69.486,64,-141.757,25.951,48.06,137.14,130.089,129.92,208.79,64.93,185.53,130.53
5270,606376.04644,68.01,62,-142.374,27.723,50.111,133.827,128.811,129.04,211.16,67.68,180.97,129.31
5271,606376.049936,68.995,66,-141.933,27.145,48.897,136.416,129.941,129.75,210.46,66.06,184.53,130.38
5272,606376.054254,69.077,64,-141.156,26.152,48.972,137.132,128.784,130.8,209.11,66.2,185.44,129.22
5273,606376.057702,70.205,57,-142.293,25.96,46.919,138.543,129.763,129.24,208.83,63.38,187.59,130.19
5274,606376.066022,68.743,64,-142.007,27.95,49.52,136.586,128.856,129.5,211.44,66.92,184.46,129.34
5275,606376.069964,69.775,63,-141.448,27.179,47.647,137.826,129.713,130.38,210.49,64.35,186.66,130.15
5276,606376.073186,69.107,60,-141.381,26.036,48.791,136.811,129.115,130.45,208.92,65.92,185.21,129.56
5277,606376.078065,70.966,55,-142.49,26.401,45.709,140.159,129.19,128.95,209.42,61.72,189.83,129.62
5278,606376.082494,68.951,61,-142.202,27.537,49.296,137.252,129.085,129.41,210.99,66.6,185.61,129.55
5279,606376.085829,70.26,61,-141.134,26.881,46.675,138.193,129.378,130.94,210.23,63.09,186.38,129.77
5280,606376.094101,69.319,64,-141.096,26.161,48.434,137.144,129.402,130.8,209.07,65.43,185.6,129.86
5281,606376.097046,70.782,62,-141.86,27.14,45.656,138.7,128.513,129.8,210.41,61.67,187.88,128.94
5282,606376.111581,69.67,60,-140.677,26.228,47.725,137.366,129.689,131.39,209.18,64.47,186.06,130.12
5283,606376.118251,69.417,61,-141.865,27.423,46.841,133.238,129.043,129.72,210.77,63.29,179.96,129.53
5284,606376.121691,69.5,62,-141.417,27.3,48.112,137.384,129.983,130.37,210.6,64.99,185.92,130.4
5285,606376.126754,70.26,62,-139.996,26.568,46.362,137.262,129.021,132.32,209.65,62.69,185.5,129.42
5286,606376.130415,69.982,63,-140.413,26.412,46.719,136.482,130.132,131.78,209.47,63.13,184.69,130.55
5287,606376.133244,70.043,59,-140.024,28.431,47.159,138.171,129.062,132.33,212.23,63.73,187.0,129.48
5288,606376.142759,69.982,59,-140.523,27.397,47.114,137.635,130.351,131.58,210.77,63.63,186.54,130.77
5289,606376.145842,70.277,60,-139.326,26.661,46.538,137.9,129.354,133.04,209.67,62.94,186.02,129.83
5290,606376.149043,70.497,58,-139.415,27.404,45.314,135.734,130.094,133.29,211.02,61.27,182.89,130.43
5291,606376.155167,69.944,62,-139.412,28.543,47.386,138.174,129.417,133.09,212.33,64.07,186.71,129.84
5292,606376.157403,70.499,59,-139.237,27.885,46.123,138.166,130.653,133.37,211.49,62.31,187.1,131.08
5293,606376.162623,69.607,58,-139.592,26.547,46.901,134.595,130.064,132.59,209.49,63.32,181.79,130.6
5294,606376.171257,71.111,58,-138.901,28.163,44.407,137.166,130.053,133.82,211.89,60.0,185.39,130.41
5295,606376.173373,69.855,59,-139.042,28.753,47.762,138.682,129.865,133.6,212.63,64.53,187.91,130.29
5296,606376.17865,70.811,59,-138.501,28.021,45.658,138.912,130.497,134.32,211.65,61.68,188.3,130.91
5297,606376.181936,70.009,59,-138.42,27.228,47.195,138.05,130.178,134.42,210.55,63.77,187.11,130.59
5298,606376.18675,70.87,54,-138.277,28.788,44.373,135.399,129.784,134.59,212.68,59.96,183.28,130.17
5299,606376.198208,71.001,59,-138.307,27.825,45.443,139.583,130.376,134.55,211.35,61.44,188.55,130.8
5300,606376.202937,69.947,58,-138.45,27.106,47.384,138.194,130.356,134.47,210.46,64.07,186.74,130.77
5301,606376.205802,70.819,60,-139.592,28.067,45.221,137.638,129.475,132.79,211.66,61.1,186.01,129.94
5302,606376.20996,69.371,63,-139.559,28.271,48.371,137.293,130.699,132.9,211.96,65.36,185.73,131.12
5303,606376.218717,70.469,62,-138.25,27.405,45.99,137.568,130.074,134.64,210.79,62.14,186.46,130.48
5304,606376.221527,69.97,62,-138.502,26.972,47.113,137.554,130.765,134.3,210.2,63.65,186.45,131.17
5305,606376.225792,70.218,59,-139.175,28.526,46.265,136.701,129.468,133.5,212.38,62.54,185.09,129.82
5306,606376.230751,69.556,59,-139.497,27.893,48.261,138.165,130.921,133.02,211.49,65.2,187.04,131.35
5307,606376.234366,70.265,62,-138.375,26.988,46.492,137.682,130.143,134.48,210.23,62.82,186.61,130.55
5308,606376.238572,70.125,64,-139.098,26.682,46.574,136.993,131.104,133.5,209.81,62.91,185.65,131.51
5309,606376.246011,69.828,59,-139.08,28.756,47.494,137.727,129.836,133.51,212.61,64.16,186.57,130.28
5310,606376.249625,69.351,63,-139.732,27.476,47.943,135.955,131.285,132.53,210.79,64.78,183.79,131.72
5311,606376.254316,69.969,63,-138.927,26.558,47.231,137.89,130.163,133.7,209.62,63.81,186.78,130.59
5312,606376.258244,70.467,60,-139.879,26.467,45.968,137.482,131.197,132.49,209.57,62.07,186.21,131.58
5313,606376.261899,69.216,61,-139.688,28.438,48.506,136.696,129.909,132.81,212.29,65.55,184.78,130.3
5314,606376.269619,69.387,61,-140.781,26.665,47.268,134.263,131.835,131.18,209.75,63.82,181.79,132.28
5315,606376.273866,69.528,62,-139.671,26.246,48.125,137.596,130.335,132.74,209.21,65.05,185.99,130.73
5316,606376.281773,69.216,59,-140.962,27.65,48.995,138.071,130.45,131.02,211.13,66.16,187.1,130.88
5317,606376.287312,70.062,57,-140.247,27.161,46.694,136.932,130.969,131.87,210.45,63.21,184.45,131.37
5318,606376.294592,69.56,59,-140.457,26.09,48.333,138.404,130.684,131.64,208.96,65.31,187.2,131.1
5319,606376.298326,70.91,57,-141.848,26.685,45.465,139.01,130.082,129.99,209.99,61.4,187.6,130.47
5320,606376.301802,69.032,62,-142.027,27.345,49.305,137.783,130.715,129.58,210.7,66.57,186.67,131.15
5321,606376.307019,70.39,59,-141.108,26.414,46.495,138.533,130.578,130.85,209.47,62.81,187.48,131.01
5322,606376.309641,69.244,61,-141.248,25.882,48.629,137.219,130.916,130.61,208.71,65.72,185.4,131.33
5323,606376.314221,70.602,56,-142.78,26.86,46.398,139.701,129.501,128.47,209.98,62.65,189.52,129.9
5324,606376.322378,68.281,62,-143.043,26.769,49.756,134.455,131.222,128.15,209.89,67.19,181.58,131.69
5325,606376.325696,69.855,62,-141.446,26.156,47.0,136.472,130.297,130.41,209.14,63.52,184.3,130.74
5326,606376.330223,69.375,64,-141.498,26.003,48.219,136.891,131.151,130.22,208.83,65.17,184.72,131.61
5327,606376.334146,68.761,64,-142.751,27.42,48.08,132.723,130.167,128.55,210.78,64.93,179.39,130.66
5328,606376.337933,68.849,67,-142.151,27.133,49.323,136.693,131.256,129.43,210.4,66.71,184.31,131.69
5329,606376.345846,69.328,66,-140.843,26.188,48.15,136.395,129.951,131.19,209.16,65.05,184.58,130.37
5330,606376.350215,69.6,62,-141.375,25.92,47.727,136.92,131.456,130.43,208.75,64.48,185.26,131.87
5331,606376.353819,68.461,59,-141.793,27.882,49.108,133.76,130.197,129.71,211.31,66.32,180.6,130.71
5332,606376.371989,70.052,64,-140.818,25.932,47.016,137.807,131.291,131.19,208.79,63.5,186.69,131.71
5333,606376.374005,68.939,62,-140.308,28.408,49.352,137.33,129.774,131.95,212.17,66.71,185.79,130.24
5334,606376.37715,69.254,60,-140.006,27.424,48.552,137.067,131.379,132.3,210.83,65.57,185.79,131.81
5335,606376.382537,68.978,62,-139.371,26.366,49.172,137.075,130.135,133.15,209.37,66.45,185.73,130.56
5336,606376.38521,70.462,52,-140.202,26.901,46.379,138.676,130.644,132.16,210.25,62.68,187.24,131.01
5337,606376.389219,68.62,58,-140.016,28.259,50.164,137.608,130.055,132.29,211.95,67.76,186.44,130.49
5338,606376.398127,69.824,60,-139.141,27.474,47.739,138.412,130.848,133.45,210.87,64.53,187.05,131.26
5339,606376.401798,68.906,58,-139.063,26.547,49.333,137.076,130.404,133.32,209.45,66.72,184.69,130.88
5340,606376.406087,70.36,59,-139.714,27.602,46.46,138.229,129.817,132.65,211.04,62.79,187.08,130.23
5341,606376.411341,68.435,60,-139.99,27.949,50.595,137.655,130.471,132.32,211.52,68.34,186.56,130.9
5342,606376.414266,70.078,59,-138.77,27.159,47.309,138.841,130.059,133.94,210.45,63.93,188.16,130.47
5343,606376.422293,68.694,62,-138.78,26.726,49.844,137.179,130.407,133.94,209.85,67.4,185.39,130.83
5344,606376.425752,69.625,57,-140.213,27.786,47.413,136.179,129.237,131.98,211.28,64.08,183.98,129.71
5345,606376.429658,68.306,61,-140.032,27.806,50.838,137.53,130.39,132.31,211.36,68.69,186.14,130.84
5346,606376.43506,69.506,61,-138.949,26.969,47.988,137.068,129.957,133.75,210.24,64.83,185.89,130.39
5347,606376.437855,68.927,63,-139.162,26.8,49.154,136.709,130.523,133.47,209.99,66.48,184.54,130.94
5348,606376.445779,69.106,56,-139.476,28.855,48.988,137.361,129.473,132.96,212.69,66.26,185.06,129.89
5349,606376.453524,68.956,62,-139.071,27.117,49.208,137.037,129.433,133.51,210.36,66.52,185.43,129.87
5350,606376.459612,69.007,65,-139.872,26.911,48.831,136.299,131.051,132.47,210.1,66.01,184.5,131.46
5351,606376.461846,68.487,63,-139.728,29.162,50.097,136.608,129.071,132.71,213.19,67.7,184.92,129.51
5352,606376.466081,67.992,61,-139.865,28.321,50.318,134.278,130.512,132.65,212.19,67.97,181.27,130.91
5353,606376.473904,68.63,65,-139.236,26.842,49.662,136.289,129.493,133.22,209.92,67.16,184.1,129.92
5354,606376.477385,69.635,61,-139.973,26.841,47.822,137.419,130.617,132.33,210.02,64.59,186.23,131.03
5355,606376.482422,68.221,65,-139.806,28.868,50.583,136.33,129.316,132.65,212.83,68.37,184.25,129.76
5356,606376.485626,68.435,65,-140.635,27.255,48.962,133.206,131.247,131.36,210.53,66.13,180.25,131.72
5357,606376.490735,68.437,67,-139.211,26.802,50.063,136.218,129.571,133.36,209.95,67.69,184.16,129.98
5358,606376.498425,70.3,56,-139.662,27.588,46.693,138.517,130.036,132.73,211.03,63.1,187.4,130.45
5359,606376.502028,67.74,58,-141.089,27.717,50.914,134.405,130.206,130.73,211.14,68.76,181.73,130.71
5360,606376.505201,69.872,60,-138.676,28.145,47.874,139.12,130.275,134.14,211.85,64.73,187.97,130.7
5361,606376.511252,68.651,61,-138.885,26.942,50.114,137.655,129.611,133.85,210.19,67.76,186.23,130.03
5362,606376.514083,69.54,56,-138.651,28.77,46.686,133.558,128.991,134.26,212.74,63.06,180.56,129.42
5363,606376.522337,68.035,59,-139.896,28.464,51.078,136.556,129.525,132.66,212.43,69.06,184.0,129.9
5364,606376.52582,69.726,63,-138.856,27.383,47.697,137.648,129.385,133.88,210.8,64.48,186.21,129.79
5365,606376.529457,68.73,62,-138.75,27.028,49.668,136.915,129.816,134.02,210.3,67.15,185.28,130.23
5366,606376.541958,69.406,62,-138.328,27.634,48.12,136.805,128.824,134.49,211.04,65.06,185.06,129.25
5367,606376.549309,68.834,62,-138.532,27.463,49.301,136.544,129.981,134.27,210.86,66.63,184.96,130.41
5368,606376.554861,68.543,61,-140.064,28.989,48.634,132.95,128.854,132.22,212.93,65.71,179.9,129.31
5369,606376.55759,68.404,67,-139.322,28.721,50.276,136.597,129.835,133.12,212.49,67.93,184.73,130.28
5370,606376.562316,69.329,62,-138.085,27.819,48.488,137.359,128.756,134.85,211.32,65.56,185.89,129.18
5371,606376.565824,69.271,67,-138.602,27.645,48.194,136.163,129.985,134.18,211.11,65.12,184.52,130.4
5372,606376.574389,68.786,64,-138.338,29.948,49.562,136.966,128.618,134.55,214.24,66.97,185.61,129.05
5373,606376.57741,69.071,61,-138.433,28.958,48.948,137.029,130.09,134.46,212.94,66.15,185.54,130.5
5374,606376.581617,68.547,63,-138.225,27.474,49.056,134.128,129.024,134.46,210.76,66.25,181.2,129.55
5375,606376.586813,69.92,63,-138.534,27.613,47.264,137.66,130.117,134.3,211.1,63.84,186.77,130.53
5376,606376.590489,68.754,62,-138.182,29.865,49.606,136.896,128.419,134.76,214.11,67.07,185.15,128.82
5377,606376.594526,68.786,61,-138.778,28.325,48.536,134.131,130.21,133.83,211.96,65.59,181.35,130.68
5378,606376.60232,69.25,63,-137.799,27.565,48.573,137.1,128.908,135.23,210.97,65.68,185.56,129.33
5379,606376.605719,70.836,53,-138.686,28.074,45.734,139.313,129.132,134.11,211.74,61.79,188.75,129.53
5380,606376.611412,68.61,54,-139.49,28.686,49.496,135.713,129.315,132.65,212.32,66.86,182.76,129.89
5381,606376.614004,70.408,61,-137.878,28.568,46.655,139.134,129.649,135.13,212.34,63.06,188.31,130.04
5382,606376.626611,71.055,55,-139.32,28.377,45.324,139.608,128.421,133.42,212.27,61.32,187.9,128.81
5383,606376.631752,68.946,60,-139.398,28.759,49.532,137.874,129.278,133.1,212.61,66.96,186.27,129.7
5384,606376.638538,69.654,61,-138.577,27.572,47.979,137.998,129.508,134.28,211.06,64.91,186.19,129.91
5385,606376.641432,69.424,59,-139.82,28.817,47.065,133.915,128.456,132.54,212.73,63.66,180.43,128.93
5386,606376.649615,68.825,59,-139.357,29.054,48.841,135.213,129.708,133.28,213.14,66.0,182.66,130.1
5387,606376.653651,69.948,62,-138.557,27.753,47.0,137.079,128.422,134.31,211.28,63.58,185.32,128.82
5388,606376.657545,69.634,63,-139.312,27.335,47.519,136.546,129.99,133.22,210.69,64.2,184.98,130.41
5389,606376.662403,69.745,62,-139.335,29.67,47.609,137.522,128.169,133.29,213.94,64.35,186.01,128.58
5390,606376.66582,69.248,61,-140.158,28.482,48.524,136.952,130.013,132.05,212.21,65.55,185.38,130.42
5391,606376.670781,70.026,58,-138.994,27.594,46.994,137.572,128.719,133.61,211.0,63.53,186.11,129.13
5392,606376.67796,70.153,60,-139.61,27.528,46.509,136.99,129.987,132.83,210.95,62.84,185.56,130.4
5393,606376.681612,69.406,60,-139.592,29.538,48.072,136.667,128.719,132.79,213.63,65.01,184.07,129.13
5394,606376.686069,70.093,60,-139.515,28.729,46.955,137.905,130.283,132.97,212.6,63.42,186.93,130.7
5395,606376.690052,69.322,59,-139.416,27.24,47.73,135.167,129.046,132.92,210.46,64.51,182.54,129.55
5396,606376.694163,71.243,56,-139.797,27.506,44.868,139.538,130.189,132.47,210.79,60.76,188.5,130.63
5397,606376.701812,69.478,57,-139.135,29.5,48.226,137.562,128.674,133.5,213.66,65.15,186.35,129.09
5398,606376.711017,70.122,61,-138.542,27.255,47.04,138.345,129.257,134.28,210.6,63.57,187.47,129.67
5399,606376.714883,70.899,55,-138.046,28.957,43.933,134.252,129.191,134.83,212.81,59.48,181.42,129.57
5400,606376.717393,69.872,63,-139.281,28.902,47.832,138.999,129.521,133.33,212.87,64.64,188.11,129.93
5401,606376.726585,71.218,56,-138.136,28.243,45.056,139.942,129.938,134.81,211.94,60.88,189.67,130.34
5402,606376.729675,70.149,59,-138.214,27.354,47.046,138.543,129.614,134.7,210.72,63.58,187.71,130.03
5403,606376.734705,71.833,58,-139.638,27.968,43.771,140.385,128.85,132.77,211.55,59.14,190.25,129.24
5404,606376.738579,69.5,61,-139.607,28.638,48.09,137.315,129.797,132.82,212.46,64.96,186.05,130.22
5405,606376.742254,71.079,60,-138.499,27.703,44.911,138.498,129.683,134.31,211.19,60.69,187.67,130.09
5406,606376.749833,70.254,59,-138.493,27.39,46.521,137.697,130.115,134.29,210.73,62.87,186.43,130.51
5407,606376.753615,70.458,60,-139.141,29.045,45.407,135.747,128.628,133.63,213.16,61.39,183.4,129.0
5408,606376.757916,69.91,58,-139.739,28.416,47.553,138.441,130.454,132.68,212.19,64.24,187.38,130.89
5409,606376.761039,70.8,61,-138.45,27.396,45.402,138.053,129.359,134.34,210.74,61.37,186.9,129.75
5410,606376.767279,70.36,59,-138.828,27.218,46.129,137.241,130.56,133.82,210.5,62.34,185.76,130.98
5411,606376.769216,70.839,60,-138.809,29.659,45.952,140.0,129.179,133.94,213.86,62.16,189.55,129.59
5412,606376.779083,69.891,60,-139.837,28.175,47.306,137.595,130.684,132.47,211.8,63.88,186.43,131.11
5413,606376.781657,70.406,60,-138.594,27.396,45.882,136.818,129.53,134.32,210.91,62.04,184.76,129.89
5414,606376.785273,70.705,60,-139.446,27.138,45.344,137.227,130.802,133.14,210.52,61.31,185.42,131.2
5415,606376.794195,70.26,62,-139.735,28.204,46.538,137.788,131.019,132.68,211.91,62.86,186.65,131.44
5416,606376.803297,70.115,61,-138.921,27.283,46.883,137.837,129.703,133.75,210.62,63.34,186.78,130.12
5417,606376.806264,71.335,56,-140.277,26.938,44.596,139.346,131.01,131.91,210.16,60.25,188.66,131.42
5418,606376.809414,69.84,57,-139.774,28.94,47.873,138.904,129.835,132.63,212.9,64.67,188.16,130.25
5419,606376.81819,70.15,58,-139.067,27.124,47.16,138.886,130.146,133.56,210.42,63.72,188.24,130.56
5420,606376.82234,71.82,52,-139.811,27.934,43.637,139.863,130.029,132.58,211.55,58.94,189.47,130.42
5421,606376.829945,68.816,53,-138.903,29.943,48.197,133.372,129.623,133.79,214.27,65.09,180.65,130.01
5422,606376.833934,71.326,60,-138.905,27.786,44.936,140.345,130.434,133.73,211.28,60.71,190.03,130.82
5423,606376.83732,69.966,58,-138.97,26.965,47.397,138.355,130.389,133.53,210.08,64.08,186.8,130.82
5424,606376.843154,71.667,57,-140.118,27.796,44.14,140.332,129.423,132.18,211.35,59.63,189.86,129.85
5425,606376.845312,69.57,57,-140.075,28.202,48.447,138.793,130.478,132.19,211.87,65.43,188.08,130.89
5426,606376.854305,70.622,60,-138.842,27.164,45.466,137.025,130.304,133.75,210.39,61.46,185.23,130.73
5427,606376.858176,70.168,60,-138.437,26.925,46.888,138.205,130.68,134.42,210.17,63.42,186.49,131.1
5428,606376.862127,70.462,59,-139.725,28.115,45.381,135.696,129.466,132.62,211.76,61.37,183.45,129.9
5429,606376.866602,69.418,59,-139.443,28.156,48.231,137.199,130.837,133.05,211.82,65.14,185.91,131.25
5430,606376.870611,70.69,61,-138.157,27.112,45.667,138.102,130.006,134.86,210.47,61.75,186.67,130.41
5431,606376.878449,70.147,60,-138.531,26.89,46.627,137.301,130.996,134.29,210.09,63.11,185.38,131.42
5432,606376.886213,69.489,65,-139.566,27.864,47.983,136.943,131.236,132.9,211.39,64.9,185.11,131.65
5433,606376.891039,70.225,63,-138.322,27.037,46.439,137.263,130.076,134.54,210.29,62.75,186.03,130.48
5434,606376.893596,70.336,64,-138.955,27.009,46.009,136.726,131.228,133.69,210.25,62.15,185.32,131.63
5435,606376.898114,69.65,61,-138.971,28.926,47.88,137.68,129.972,133.69,212.86,64.69,186.61,130.39
5436,606376.907092,69.446,59,-139.582,27.599,47.328,134.803,131.726,132.82,211.04,63.94,182.38,132.17
5437,606376.909965,69.811,63,-138.65,26.9,47.538,137.744,130.301,134.1,210.09,64.27,186.26,130.69
5438,606376.913498,71.317,51,-139.625,27.17,44.791,139.83,131.116,132.65,210.33,60.53,189.28,131.53
5439,606376.918478,68.597,54,-138.806,29.615,48.933,134.092,129.734,133.94,213.83,66.08,181.64,130.13
5440,606376.92132,70.465,61,-138.908,28.036,46.515,139.105,131.454,133.71,211.62,62.86,188.23,131.88
5441,606376.930475,69.405,56,-139.27,26.638,48.283,137.259,130.506,133.08,209.6,65.3,184.83,131.0
5442,606376.93413,71.149,58,-140.111,27.388,44.84,138.776,130.443,132.27,210.87,60.57,187.64,130.86
5443,606376.938359,69.189,62,-140.493,28.147,49.247,138.615,130.493,131.65,211.81,66.52,187.61,130.92
5444,606376.942258,70.632,56,-139.514,27.417,46.291,139.581,130.818,132.98,210.84,62.54,188.86,131.24
5445,606376.945448,69.405,63,-139.653,26.657,48.29,137.28,130.669,132.76,209.77,65.24,186.01,131.09
5446,606376.953798,70.842,58,-141.016,27.553,45.608,138.978,129.653,130.92,210.98,61.59,188.36,130.06
5447,606376.957772,68.896,61,-141.257,27.71,49.461,137.367,130.894,130.72,211.32,66.8,185.65,131.28
5448,606376.961437,70.223,59,-140.014,26.884,46.497,137.416,130.121,132.28,210.08,62.8,186.21,130.54
5449,606376.975168,68.753,61,-141.588,27.36,49.524,136.661,131.145,130.12,210.68,66.88,184.97,131.57
5450,606376.981361,69.946,62,-139.943,26.608,47.102,137.363,129.862,132.36,209.69,63.66,185.76,130.26
5451,606376.986605,69.306,67,-140.458,26.202,47.951,135.695,131.335,131.67,209.15,64.76,183.84,131.76
5452,606376.989233,68.813,61,-141.528,27.851,48.207,133.385,129.962,130.12,211.31,65.11,180.31,130.45
5453,606376.994396,69.049,63,-141.137,27.354,49.033,137.125,131.206,130.83,210.77,66.22,185.72,131.61
5454,606376.997524,69.611,64,-139.617,26.503,47.848,137.34,130.081,132.81,209.56,64.65,186.08,130.5
5455,606377.006148,69.827,64,-140.307,26.28,47.034,136.389,131.388,132.05,209.44,63.56,184.07,131.76
5456,606377.009919,69.178,63,-139.879,28.804,48.729,137.083,129.86,132.44,212.65,65.87,184.87,130.22
5457,606377.013312,68.654,65,-140.851,27.05,48.48,133.183,131.759,131.27,210.4,65.53,180.12,132.12
5458,606377.018037,69.338,65,-139.205,26.576,48.338,136.987,130.215,133.4,209.69,65.32,185.46,130.65
5459,606377.021375,70.592,56,-140.267,26.54,46.057,138.605,131.233,131.95,209.63,62.2,188.01,131.62
5460,606377.029642,68.663,63,-139.539,28.595,49.612,136.35,130.08,132.94,212.41,67.02,184.72,130.51
5461,606377.0337,69.951,61,-138.8,27.946,47.293,137.951,131.288,133.92,211.55,63.88,186.99,131.7
5462,606377.037315,69.184,63,-138.699,26.832,48.802,137.329,130.35,134.08,210.03,65.96,185.92,130.78
5463,606377.043135,70.881,55,-139.545,27.587,45.653,139.386,130.107,132.88,211.03,61.68,188.64,130.51
5464,606377.046193,68.666,62,-139.529,28.207,49.954,137.311,130.531,132.97,211.91,67.5,185.84,130.95
5465,606377.05896,69.171,61,-138.336,26.976,48.896,137.512,130.628,134.57,210.22,66.09,186.42,131.02
5466,606377.063512,70.126,57,-139.658,27.881,46.435,136.594,129.549,132.74,211.44,62.77,184.45,129.99
5467,606377.070598,69.897,62,-138.206,27.228,47.228,137.409,130.0,134.63,210.49,63.84,185.89,130.41
5468,606377.073442,69.036,61,-138.329,26.965,48.834,136.493,130.808,134.55,210.18,66.01,184.89,131.19
5469,606377.081782,68.951,61,-139.561,28.262,48.036,133.741,129.623,132.78,211.88,64.9,180.9,130.1
5470,606377.085395,68.639,62,-139.527,27.789,49.903,137.003,131.019,132.88,211.26,67.42,185.43,131.43
5471,606377.089241,69.155,59,-138.897,26.616,48.007,134.912,130.04,133.65,209.63,64.89,182.35,130.51
5472,606377.093717,69.025,67,-138.968,26.701,48.565,135.672,131.152,133.65,209.8,65.61,183.76,131.56
5473,606377.097782,68.787,58,-138.923,29.136,49.118,135.749,129.405,133.83,213.21,66.38,183.58,129.81
5474,606377.102492,68.61,67,-139.802,27.645,49.55,135.859,131.179,132.56,211.11,66.92,184.12,131.6
5475,606377.110238,68.975,64,-139.058,26.655,48.953,136.442,129.866,133.6,209.8,66.17,184.65,130.28
5476,606377.113091,69.023,55,-138.901,27.79,47.418,132.456,130.816,133.76,211.33,64.05,179.44,131.19
5477,606377.119088,68.556,65,-140.016,28.579,50.05,136.899,129.754,132.33,212.41,67.63,185.32,130.19
5478,606377.121754,69.394,61,-140.094,27.602,48.398,137.518,131.227,132.24,211.14,65.37,186.09,131.63
5479,606377.126408,68.602,59,-140.034,26.427,49.668,136.136,130.075,132.32,209.46,67.2,183.94,130.43
5480,606377.134593,70.337,56,-140.841,26.96,46.533,138.287,130.547,131.2,210.22,62.89,186.72,130.92
5481,606377.146714,68.767,61,-140.032,26.718,49.838,137.614,130.157,132.31,209.88,67.35,186.22,130.6
5482,606377.149811,70.36,56,-140.99,27.583,46.462,138.237,129.454,131.1,211.09,62.7,187.12,129.92
5483,606377.158224,67.767,62,-140.303,29.073,50.643,133.846,129.538,131.94,213.09,68.39,181.16,129.96
5484,606377.161738,69.676,64,-139.995,27.033,47.799,137.62,129.628,132.31,210.28,64.58,186.43,130.05
5485,606377.165306,68.718,62,-139.814,26.708,49.82,137.262,130.208,132.62,209.89,67.35,185.51,130.64
5486,606377.171198,69.591,60,-140.959,27.989,47.719,136.838,128.793,131.02,211.57,64.46,185.53,129.2
5487,606377.173257,67.672,62,-139.831,29.107,50.722,133.512,129.661,132.56,213.13,68.5,180.71,130.08
5488,606377.17776,69.378,62,-139.075,27.179,48.353,137.29,129.185,133.5,210.43,65.41,185.25,129.62
5489,606377.187139,68.529,64,-139.442,26.797,49.573,135.436,130.411,132.89,209.86,66.99,182.95,130.91
5490,606377.189105,69.211,59,-139.087,29.407,48.914,137.814,129.012,133.65,213.57,66.22,185.96,129.42
5491,606377.193924,68.13,61,-140.184,27.816,50.519,135.621,130.473,131.98,211.29,68.25,183.45,130.94
5492,606377.197925,69.056,65,-138.453,27.187,48.815,136.565,129.133,134.35,210.46,65.98,184.88,129.57
5493,606377.202186,68.902,66,-138.914,27.078,48.917,135.893,130.42,133.76,210.34,66.09,184.13,130.84
5494,606377.209659,68.436,65,-138.977,29.002,49.966,135.944,128.948,133.6,212.88,67.54,183.84,129.39
5495,606377.213842,68.051,60,-139.968,27.448,49.735,133.06,130.897,132.26,210.8,67.18,180.08,131.37
5496,606377.217362,68.646,69,-138.308,26.964,49.488,135.909,129.23,134.55,210.15,66.91,183.95,129.65
5497,606377.22542,68.301,58,-139.091,28.561,50.29,136.02,129.36,133.51,212.34,67.95,184.22,129.8
5498,606377.235175,69.518,62,-138.543,27.922,48.245,137.876,130.599,134.17,211.42,65.2,186.48,131.01
5499,606377.238179,68.287,63,-139.111,26.461,49.561,133.962,129.979,133.39,209.44,66.97,181.2,130.46
5500,606377.24649,68.139,62,-138.932,29.033,50.456,135.501,129.239,133.79,213.07,68.17,183.02,129.65
5501,606377.249634,69.755,59,-138.33,28.265,47.756,138.013,130.134,134.63,212.05,64.57,186.41,130.51
5502,606377.2581,68.586,58,-139.19,26.953,49.569,135.763,129.882,133.31,210.13,67.03,183.26,130.35
5503,606377.262322,70.562,56,-140.013,27.988,46.504,139.742,129.119,132.29,211.59,62.83,189.29,129.53
5504,606377.26575,68.401,61,-140.258,28.411,50.55,137.325,129.747,131.95,212.14,68.28,186.0,130.19
5505,606377.270041,69.769,60,-139.519,27.373,47.661,137.824,129.334,132.8,210.61,64.48,185.54,129.73
5506,606377.273858,68.88,61,-139.907,26.856,49.32,136.878,129.987,132.41,210.02,66.63,185.38,130.42
5507,606377.277477,69.51,65,-141.121,28.174,47.787,136.519,128.439,130.83,211.85,64.57,184.74,128.86
5508,606377.28618,68.468,62,-141.392,27.97,50.133,136.595,130.043,130.46,211.56,67.69,185.18,130.47
5509,606377.28953,69.326,60,-140.563,26.771,47.934,135.773,129.015,131.49,209.88,64.8,183.32,129.48
5510,606377.293088,68.943,64,-140.865,26.504,48.893,136.079,130.11,131.19,209.59,66.13,183.72,130.54
5511,606377.298395,68.721,60,-142.164,27.947,48.399,133.361,128.953,129.29,211.44,65.37,180.23,129.45
5512,606377.301561,68.734,66,-141.921,27.388,49.437,136.302,130.054,129.74,210.76,66.8,184.18,130.5
5513,606377.318295,69.456,58,-141.098,28.163,48.663,138.669,128.956,130.86,211.83,65.73,187.9,129.4
5514,606377.321813,69.467,61,-141.318,27.24,47.889,136.537,130.466,130.57,210.6,64.68,184.81,130.88
5515,606377.326439,69.493,60,-140.43,26.392,48.212,137.62,129.07,131.83,209.5,65.16,185.93,129.49
5516,606377.330609,70.565,55,-140.927,26.965,45.744,137.481,130.166,131.13,210.26,61.79,185.96,130.58
5517,606377.33835,68.762,62,-140.534,28.736,48.977,135.203,128.873,131.63,212.65,66.2,182.5,129.28
5518,606377.341329,69.936,62,-140.527,27.591,47.216,137.628,130.485,131.53,210.99,63.78,186.12,130.91
5519,606377.346669,69.45,62,-139.959,26.663,48.185,137.273,129.45,132.36,209.78,65.11,185.9,129.88
5520,606377.349228,71.234,51,-140.611,27.234,45.188,140.462,129.811,131.48,210.56,61.05,189.91,130.2
5521,606377.35355,69.188,57,-140.451,28.512,49.019,137.962,129.635,131.67,212.26,66.23,186.65,130.07
5522,606377.362228,70.597,57,-139.358,27.77,46.377,139.604,130.076,133.2,211.32,62.66,189.01,130.48
5523,606377.366576,69.53,61,-139.273,26.903,48.286,138.07,129.886,133.29,210.11,65.25,187.08,130.31
5524,606377.369551,70.629,55,-139.576,28.312,45.251,136.428,128.933,133.04,212.17,61.13,184.24,129.32
5525,606377.375247,69.157,62,-140.185,28.199,49.185,138.237,129.847,132.13,211.91,66.47,186.97,130.29
5526,606377.377868,70.255,62,-138.682,27.425,46.384,137.3,129.722,134.04,210.79,62.69,185.89,130.12
5527,606377.386704,69.568,59,-138.533,27.001,47.788,136.889,130.046,134.33,210.28,64.6,185.21,130.47
5528,606377.389291,69.95,58,-139.206,28.415,46.341,135.164,128.861,133.45,212.21,62.64,182.93,129.26
5529,606377.40254,69.447,63,-138.22,27.011,47.659,135.752,130.533,134.62,210.21,64.4,183.73,130.98
5530,606377.405719,69.19,60,-139.231,28.543,47.273,133.063,129.356,133.22,212.27,63.89,179.72,129.86
5531,606377.414971,69.164,66,-138.859,28.168,48.67,136.834,130.416,133.8,211.79,65.77,185.23,130.82
5532,606377.417859,69.919,64,-137.684,27.215,47.003,136.897,129.513,135.41,210.53,63.53,185.52,129.92
5533,606377.422019,69.948,62,-138.183,27.066,46.817,136.545,130.656,134.74,210.34,63.26,185.05,131.06
5534,606377.427513,69.43,63,-138.062,29.086,48.086,136.863,129.434,134.87,212.99,65.09,184.94,129.84
5535,606377.429362,68.965,62,-139.187,27.58,47.797,133.161,131.423,133.41,211.02,64.6,180.26,131.84
5536,606377.438515,69.49,67,-137.678,27.12,47.805,136.444,129.714,135.42,210.4,64.62,184.9,130.13
5537,606377.441155,70.643,58,-138.74,27.03,45.772,138.091,130.931,133.99,210.3,61.83,187.18,131.32
5538,606377.445454,69.265,64,-138.474,29.044,48.559,137.153,129.682,134.34,213.0,65.65,185.43,130.08
5539,606377.450622,69.384,65,-139.554,27.391,47.057,133.645,131.51,132.81,210.73,63.55,180.93,131.97
5540,606377.453411,69.653,63,-138.266,27.149,47.733,137.281,130.062,134.67,210.48,64.53,185.75,130.46
5541,606377.462208,71.551,50,-139.849,27.24,44.932,141.985,130.364,132.49,210.57,60.73,191.66,130.8
5542,606377.465927,68.388,52,-141.012,27.601,49.094,133.294,130.642,131.0,211.17,66.34,180.46,131.21
5543,606377.46931,70.462,66,-139.106,27.665,46.146,137.982,130.485,133.61,211.21,62.46,185.87,130.94
5544,606377.48243,68.916,63,-140.961,27.914,49.395,137.307,130.403,131.1,211.54,66.75,185.56,130.85
5545,606377.489834,70.251,62,-140.028,26.912,46.503,137.625,129.969,132.29,210.14,62.83,186.28,130.4
5546,606377.494148,69.546,60,-140.333,26.37,48.08,137.586,130.713,131.83,209.37,65.03,185.44,131.15
5547,606377.497094,69.915,64,-141.396,27.668,46.855,136.437,129.136,130.5,211.21,63.3,184.43,129.54
5548,606377.503316,68.474,60,-141.004,28.286,49.082,133.768,130.388,131.1,212.17,66.28,180.55,130.73
5549,606377.505758,69.873,66,-140.4,26.424,47.072,136.798,129.527,131.71,209.4,63.66,184.58,129.97
5550,606377.514005,69.329,63,-141.161,25.962,47.938,135.802,130.938,130.66,208.76,64.79,183.25,131.39
5551,606377.517982,69.755,60,-141.245,28.23,47.679,137.787,129.398,130.66,211.86,64.54,185.71,129.81
5552,606377.5214,69.151,63,-141.95,27.047,48.707,136.852,130.939,129.68,210.29,65.76,185.37,131.38
5553,606377.526978,69.708,60,-140.814,26.214,47.503,136.974,129.864,131.23,209.18,64.24,184.74,130.29
5554,606377.529313,70.227,61,-141.257,26.376,46.646,137.89,130.99,130.56,209.35,63.0,186.62,131.4
5555,606377.534453,69.319,61,-141.006,28.36,48.695,137.883,129.716,131.02,212.14,65.8,186.42,130.14
5556,606377.541929,69.781,59,-140.98,27.461,47.602,137.729,131.291,131.02,210.9,64.29,186.44,131.73
5557,606377.545747,69.418,61,-140.12,26.591,48.345,137.521,129.862,132.1,209.64,65.34,186.05,130.3
5558,606377.551689,70.235,52,-139.917,27.975,45.522,134.613,130.568,132.53,211.72,61.54,181.42,130.94
5559,606377.553746,69.067,57,-140.185,28.63,49.225,137.778,129.867,132.07,212.46,66.52,186.11,130.26
5560,606377.565885,69.465,60,-139.333,26.767,48.338,137.799,130.285,133.21,209.92,65.34,186.27,130.7
5561,606377.5712,70.182,56,-138.751,28.548,45.356,133.782,130.228,134.01,212.38,61.28,181.12,130.62
5562,606377.573324,68.777,62,-139.807,28.603,49.491,136.717,130.311,132.54,212.4,66.87,184.97,130.74
5563,606377.579376,70.624,57,-138.581,27.823,46.469,140.067,130.589,134.24,211.39,62.8,189.53,131.01
5564,606377.582003,69.32,58,-138.58,27.071,48.671,137.821,130.556,134.2,210.33,65.76,186.76,130.98
5565,606377.590424,70.826,54,-139.643,28.0,45.714,139.189,129.446,132.76,211.59,61.75,188.7,129.84
5566,606377.593831,68.734,58,-139.417,28.39,49.848,137.438,130.442,133.13,212.17,67.36,185.96,130.85
5567,606377.597298,70.183,59,-138.205,27.343,46.821,138.11,130.199,134.74,210.73,63.28,186.94,130.62
5568,606377.60227,69.435,62,-138.222,26.897,48.159,137.097,130.791,134.72,210.12,65.09,185.59,131.21
5569,606377.605364,69.592,61,-138.595,28.713,47.529,136.302,129.391,134.25,212.59,64.25,184.42,129.78
5570,606377.610497,68.517,59,-138.754,28.459,49.645,135.558,130.76,134.09,212.35,67.08,183.19,131.12
5571,606377.618061,69.718,64,-137.602,27.19,47.52,137.086,129.822,135.47,210.41,64.37,185.12,130.23
5572,606377.621183,69.245,59,-138.425,26.768,48.236,136.115,131.148,134.43,209.94,65.19,184.22,131.58
5573,606377.626976,69.55,61,-138.364,29.188,48.192,137.933,129.392,134.52,213.23,65.11,187.04,129.81
5574,606377.630235,68.514,63,-139.134,27.854,49.891,136.214,130.892,133.45,211.39,67.4,184.63,131.31
5575,606377.633965,69.558,62,-138.016,27.042,48.042,137.552,130.028,134.96,210.29,64.93,186.4,130.44
5576,606377.642409,69.654,62,-138.887,26.889,47.529,136.697,131.026,133.83,210.12,64.23,185.06,131.45
5577,606377.654483,68.941,62,-138.56,26.909,49.285,137.158,130.023,134.24,210.11,66.6,185.87,130.44
5578,606377.65761,70.2,56,-139.739,27.045,46.823,138.225,130.886,132.67,210.32,63.27,187.02,131.31
5579,606377.665849,68.426,61,-139.787,28.62,50.493,137.319,129.851,132.63,212.47,68.21,185.95,130.27
5580,606377.670374,68.93,61,-140.566,26.897,48.123,133.86,131.483,131.46,210.05,64.99,181.15,131.94
5581,606377.67482,68.693,64,-139.336,26.788,49.752,136.917,130.148,133.28,210.05,67.22,185.14,130.52
5582,606377.678602,70.631,52,-140.415,27.431,46.217,139.352,130.055,131.85,210.93,62.46,188.21,130.44
5583,606377.682408,67.763,54,-139.786,29.372,50.468,133.358,129.411,132.6,213.48,68.14,180.63,129.81
5584,606377.68633,70.027,62,-139.997,27.108,47.451,138.915,130.142,132.29,210.39,64.16,187.57,130.57
5585,606377.694102,68.674,62,-140.05,26.59,50.0,137.485,130.287,132.23,209.66,67.59,185.85,130.72
5586,606377.697065,70.33,57,-142.18,27.099,47.036,139.741,128.919,129.43,210.42,63.55,188.97,129.32
5587,606377.702493,68.304,60,-141.7,27.648,50.949,137.82,130.19,130.07,211.15,68.83,186.43,130.62
5588,606377.706515,69.418,65,-140.608,26.647,47.906,136.272,129.683,131.55,209.82,64.76,184.08,130.11
5589,606377.709602,68.841,64,-140.545,26.432,49.386,136.823,130.334,131.59,209.48,66.74,185.1,130.78
5590,606377.718472,68.745,62,-141.875,27.846,48.609,134.085,129.063,129.85,211.37,65.75,181.52,129.48
5591,606377.721686,67.772,55,-140.944,28.38,50.392,133.21,130.314,131.08,212.19,68.05,179.97,130.73
5592,606377.725574,69.243,63,-140.083,26.932,48.554,137.005,128.976,132.17,210.11,65.63,185.34,129.4
5593,606377.742918,68.675,61,-141.227,27.694,49.899,137.214,130.408,130.67,211.17,67.42,185.47,130.85
5594,606377.745442,69.171,62,-139.757,26.984,48.707,136.977,129.285,132.69,210.24,65.86,185.16,129.7
5595,606377.750645,69.726,63,-140.38,27.007,47.6,137.371,130.485,131.81,210.28,64.35,185.57,130.9
5596,606377.753987,68.213,61,-139.999,28.98,50.123,135.044,129.301,132.25,212.89,67.73,182.54,129.76
5597,606377.757371,68.738,61,-140.523,27.625,48.455,133.618,131.126,131.41,210.97,65.45,180.46,131.63
5598,606377.765709,68.601,68,-139.107,27.194,49.671,136.135,129.45,133.47,210.46,67.14,184.25,129.87
5599,606377.769761,70.326,53,-139.663,27.444,46.652,138.57,130.392,132.74,210.83,63.06,187.44,130.8
5600,606377.773625,68.141,55,-138.686,29.687,50.031,134.374,128.647,134.18,213.99,67.6,181.6,129.04
5601,606377.777417,69.811,61,-138.453,28.271,47.739,138.324,130.424,134.35,211.93,64.52,187.18,130.82
5602,606377.782184,69.135,60,-138.457,27.008,48.9,137.292,129.667,134.34,210.21,66.11,185.81,130.07
5603,606377.785446,70.586,59,-139.051,27.831,45.966,138.292,129.244,133.6,211.39,62.16,186.82,129.63
5604,606377.794269,68.855,59,-139.367,28.286,49.758,137.938,129.901,133.1,211.93,67.24,186.65,130.32
5605,606377.797316,70.201,56,-138.205,27.431,46.652,137.731,129.592,134.65,210.74,63.07,186.0,129.97
5606,606377.801324,69.065,62,-138.15,27.056,49.063,137.314,129.838,134.73,210.25,66.38,185.36,130.27
5607,606377.805907,70.402,60,-139.322,28.006,46.299,138.03,128.79,133.34,211.69,62.59,186.51,129.24
5608,606377.809532,68.787,58,-139.433,28.064,49.759,137.514,130.026,133.16,211.76,67.28,185.68,130.46
5609,606377.818097,69.647,57,-138.847,26.99,47.074,135.347,129.687,133.71,210.13,63.63,182.91,130.15
5610,606377.826547,68.864,60,-140.06,28.375,48.136,133.493,129.172,132.16,212.07,65.03,180.68,129.64
5611,606377.831403,68.805,60,-140.071,27.901,49.294,136.346,130.616,132.17,211.44,66.58,184.7,131.05
5612,606377.83387,69.463,65,-138.851,27.144,47.939,136.652,129.072,133.86,210.42,64.92,184.3,129.47
5613,606377.838592,69.254,65,-139.588,26.845,48.176,136.002,130.56,132.82,210.0,65.15,183.62,130.97
5614,606377.846421,69.049,64,-139.736,29.087,48.926,136.826,128.829,132.67,213.07,66.1,185.43,129.27
5615,606377.849274,68.891,64,-140.521,27.81,48.956,135.934,130.561,131.56,211.31,66.14,183.76,131.03
5616,606377.853513,69.423,64,-139.547,27.007,48.129,136.94,129.398,132.89,210.23,65.08,184.86,129.81
5617,606377.858839,70.019,64,-140.605,26.802,46.921,137.314,130.59,131.53,210.0,63.42,185.77,131.01
5618,606377.862171,68.874,66,-140.305,28.923,49.306,136.799,129.338,131.87,212.79,66.69,184.96,129.76
5619,606377.869844,69.656,61,-140.23,28.113,47.579,136.856,130.758,131.99,211.73,64.29,185.25,131.15
5620,606377.874204,68.939,62,-139.973,27.2,48.959,136.239,129.524,132.32,210.49,66.15,184.47,129.97
5621,606377.878007,70.841,51,-140.599,27.992,45.561,138.822,130.173,131.36,211.39,61.66,187.92,130.64
5622,606377.882176,68.796,55,-140.651,28.872,49.54,136.97,129.475,131.44,212.8,66.96,184.84,129.91
5623,606377.885632,70.193,61,-140.064,28.051,46.977,138.634,130.421,132.14,211.61,63.47,187.43,130.84
5624,606377.893768,69.343,61,-140.164,27.0,48.544,137.606,129.929,132.11,210.26,65.61,186.09,130.35
5625,606377.897803,70.866,54,-141.267,27.624,45.627,139.203,129.354,130.76,211.22,61.71,187.15,129.72
5626,606377.901306,68.871,60,-141.489,27.885,49.523,137.384,130.328,130.33,211.47,66.91,185.48,130.73
5627,606377.915189,70.527,56,-141.949,27.264,46.212,138.62,128.836,129.76,210.63,62.42,187.66,129.26
5628,606377.922177,69.221,58,-141.597,27.424,49.17,138.602,130.392,130.32,210.94,66.5,186.55,130.85
5629,606377.926732,70.285,59,-140.191,26.665,46.58,138.078,129.711,132.11,209.83,62.99,186.3,130.11
5630,606377.929556,69.494,60,-140.812,26.139,47.584,135.837,130.743,131.24,209.08,64.43,183.16,131.19
5631,606377.934592,69.046,62,-141.371,27.806,47.702,133.386,129.621,130.4,211.28,64.52,180.08,130.1
5632,606377.937702,69.249,63,-141.018,27.376,48.524,136.958,130.897,131.03,210.82,65.57,185.22,131.31
5633,606377.945876,69.486,56,-140.315,26.186,47.314,135.017,129.804,131.78,209.08,63.92,182.62,130.27
5634,606377.949715,69.826,61,-140.221,26.37,47.144,136.704,131.056,132.0,209.38,63.7,185.16,131.47
5635,606377.95377,68.755,58,-140.757,27.959,48.348,133.427,129.822,131.06,211.4,65.3,180.09,130.36
5636,606377.958248,69.281,62,-140.311,27.358,48.163,136.138,131.111,131.9,210.73,65.1,183.78,131.57
5637,606377.961583,69.618,64,-138.888,26.758,47.777,137.184,129.844,133.84,209.94,64.58,185.7,130.27
5638,606377.969956,70.61,55,-139.538,27.035,45.831,138.044,130.909,132.94,210.32,61.93,186.66,131.28
5639,606377.973833,69.132,63,-139.13,28.935,48.863,137.174,129.943,133.52,212.89,66.07,185.24,130.36
5640,606377.977599,69.269,63,-140.174,27.322,47.211,133.375,131.877,132.0,210.65,63.74,180.66,132.32
5641,606377.982276,69.101,69,-138.613,27.005,48.49,135.934,130.207,134.18,210.24,65.56,183.85,130.63
5642,606377.98565,71.311,51,-139.296,27.63,45.106,140.764,130.687,133.25,211.12,60.91,190.94,131.08
5643,606378.002903,69.326,57,-138.474,27.069,48.417,137.142,130.388,134.19,210.21,65.49,185.02,130.83
5644,606378.005298,70.284,57,-138.833,28.379,45.83,135.85,129.84,134.05,212.32,61.95,183.25,130.17
5645,606378.010276,68.921,63,-139.558,28.417,49.48,137.577,130.57,132.94,212.19,66.88,185.81,130.98
5646,606378.013581,70.402,61,-138.447,27.573,46.515,138.68,130.276,134.39,211.02,62.84,187.99,130.68
5647,606378.021815,69.363,56,-138.79,26.923,48.547,137.745,130.643,133.88,210.11,65.64,186.0,131.1
5648,606378.02607,70.35,60,-140.103,27.946,46.4,137.984,129.246,132.2,211.54,62.69,186.82,129.67
5649,606378.02922,68.862,55,-140.336,27.744,49.802,138.101,130.643,131.84,211.22,67.29,187.0,131.03
5650,606378.035234,69.685,62,-139.354,26.695,47.301,136.24,130.045,133.19,209.85,63.94,184.31,130.46
5651,606378.037446,69.339,62,-139.494,26.501,48.198,136.605,130.736,132.9,209.51,65.16,184.49,131.21
5652,606378.042056,68.655,60,-141.268,27.512,48.315,132.74,130.018,130.59,210.94,65.27,179.58,130.48
5653,606378.05022,68.95,63,-140.928,27.197,49.127,136.776,131.228,131.0,210.45,66.35,185.16,131.65
5654,606378.053754,69.341,60,-140.091,26.208,48.165,136.52,129.812,132.29,209.24,65.12,184.59,130.23
5655,606378.058681,69.64,63,-140.879,26.01,47.631,136.905,131.331,131.12,208.89,64.4,185.19,131.74
5656,606378.061448,68.841,60,-140.764,28.511,49.222,136.365,129.499,131.29,212.29,66.49,184.65,129.95
5657,606378.065618,69.01,63,-141.377,27.146,48.827,136.312,131.191,130.51,210.46,65.97,184.24,131.62
5658,606378.073856,69.203,63,-140.388,26.288,48.734,137.255,129.904,131.82,209.29,65.86,185.72,130.35
5659,606378.086427,69.066,57,-141.75,26.927,47.918,134.112,131.676,129.87,210.09,64.69,181.5,132.14
5660,606378.090304,68.969,65,-140.328,26.539,49.187,137.059,130.08,131.8,209.51,66.57,185.01,130.48
5661,606378.098419,70.851,53,-140.979,27.228,45.683,139.263,130.445,130.97,210.55,61.71,188.31,130.83
5662,606378.101687,68.588,59,-140.93,28.375,50.028,137.039,129.989,131.14,212.18,67.59,185.21,130.4
5663,606378.105377,70.129,59,-139.904,27.682,47.193,138.842,130.679,132.36,211.07,63.8,187.26,131.07
5664,606378.110601,68.967,62,-139.904,26.617,49.147,136.939,130.295,132.39,209.69,66.41,185.36,130.74
5665,606378.113356,70.584,55,-140.804,27.512,46.022,138.445,129.475,131.17,210.91,62.22,186.82,129.88
5666,606378.117799,68.622,61,-140.828,28.043,50.05,137.303,130.332,131.17,211.62,67.62,185.78,130.75
5667,606378.125784,70.181,58,-139.458,27.109,46.947,138.465,130.037,132.99,210.34,63.44,187.43,130.43
5668,606378.129016,69.023,62,-139.337,26.599,49.065,137.058,130.474,133.19,209.69,66.34,185.25,130.88
5669,606378.134497,70.317,60,-140.52,27.564,46.641,138.479,129.092,131.54,210.95,63.02,187.57,129.49
5670,606378.137554,68.66,57,-140.481,27.708,50.024,137.462,130.429,131.76,211.27,67.64,185.49,130.84
5671,606378.142177,69.397,58,-139.503,26.47,47.564,135.165,130.175,132.78,209.41,64.32,182.11,130.67
5672,606378.150046,69.422,60,-139.382,26.204,47.965,136.464,130.87,133.1,209.14,64.8,184.83,131.3
5673,606378.153839,68.898,59,-140.224,27.895,48.05,133.463,129.861,131.93,211.4,64.9,180.65,130.33
5674,606378.158062,68.974,64,-139.774,27.734,49.186,137.089,130.794,132.52,211.16,66.48,185.32,131.21
5675,606378.174396,69.318,60,-138.918,29.123,48.572,137.525,129.41,133.78,213.13,65.61,186.47,129.84
5676,606378.177699,68.936,62,-139.318,27.881,49.028,136.409,130.916,133.26,211.46,66.3,184.19,131.33
5677,606378.181549,69.333,62,-138.505,27.135,48.489,137.388,129.944,134.31,210.42,65.52,186.2,130.36
5678,606378.186356,70.234,60,-139.604,27.142,46.776,138.316,130.684,132.86,210.47,63.18,187.34,131.07
5679,606378.189353,68.624,62,-139.295,28.958,49.939,137.014,129.845,133.3,212.93,67.48,185.5,130.29
5680,606378.193551,69.044,62,-140.328,27.323,47.759,133.536,131.561,131.78,210.63,64.49,180.75,132.01
5681,606378.202481,68.741,66,-139.188,27.122,49.581,136.747,129.922,133.4,210.39,67.04,184.87,130.33
5682,606378.205565,70.53,56,-140.122,27.828,46.031,138.102,130.102,132.11,211.33,62.19,186.82,130.48
5683,606378.209466,68.751,56,-140.564,28.198,50.215,138.556,129.889,131.61,211.91,67.85,187.4,130.34
5684,606378.2136,69.962,60,-139.985,27.373,47.417,138.383,130.273,132.37,210.78,64.07,187.3,130.71
5685,606378.218644,69.115,61,-140.081,26.73,49.119,137.782,130.134,132.2,209.86,66.4,186.21,130.56
5686,606378.227204,70.251,59,-141.423,27.44,46.788,138.467,129.049,130.37,210.81,63.19,187.62,129.47
5687,606378.229621,68.667,60,-141.589,27.572,50.163,137.888,130.422,130.18,211.01,67.78,186.36,130.84
5688,606378.233617,70.034,60,-140.535,26.661,47.123,138.006,129.293,131.52,209.71,63.73,186.13,129.74
5689,606378.239172,68.984,62,-140.695,26.361,49.327,137.545,130.269,131.5,209.47,66.7,185.63,130.72
5690,606378.241407,69.336,58,-141.93,27.465,47.638,134.993,128.942,129.72,210.85,64.36,182.86,129.36
5691,606378.250665,68.202,60,-141.11,28.156,49.693,133.826,130.01,130.91,211.91,67.13,180.55,130.43
5692,606378.262781,68.574,60,-141.829,28.007,48.785,133.55,129.417,129.77,211.56,65.89,180.64,129.91
5693,606378.265543,69.148,64,-141.26,27.8,48.861,137.265,130.887,130.64,211.36,65.99,185.76,131.31
5694,606378.270672,69.07,59,-140.496,26.72,48.602,136.054,129.387,131.66,209.88,65.7,183.76,129.85
5695,606378.278533,69.626,65,-140.863,26.83,47.544,136.562,130.903,131.11,209.98,64.22,184.82,131.33
5696,606378.28222,69.024,62,-140.471,29.137,49.234,137.533,129.128,131.71,213.15,66.52,186.13,129.56
5697,606378.286403,68.791,62,-141.243,27.618,48.65,134.474,130.972,130.55,211.03,65.69,181.94,131.44
5698,606378.290179,69.149,63,-139.933,26.91,48.799,137.099,129.591,132.4,210.1,65.97,185.29,130.02
5699,606378.293729,70.322,60,-140.839,26.987,46.658,138.561,130.451,131.32,210.35,63.1,187.06,130.81
5700,606378.301939,68.752,62,-140.649,28.663,49.92,137.744,129.619,131.45,212.5,67.42,186.65,130.06
5701,606378.305996,69.934,56,-139.965,28.064,47.546,138.575,130.747,132.36,211.67,64.22,187.7,131.13
5702,606378.309148,69.021,60,-139.684,27.078,49.299,137.698,129.672,132.69,210.3,66.62,186.33,130.09
5703,606378.314712,70.83,57,-140.67,27.627,45.751,139.324,129.753,131.49,211.17,61.8,188.38,130.17
5704,606378.317341,68.563,63,-140.727,28.1,50.345,137.754,129.661,131.33,211.72,68.0,186.61,130.1
5705,606378.3257,70.088,57,-139.734,27.382,47.086,138.256,130.174,132.49,210.63,63.65,186.53,130.61
5706,606378.329859,69.17,62,-139.614,26.528,48.888,137.479,129.93,132.86,209.62,66.08,185.99,130.37
5707,606378.333464,70.394,63,-140.406,27.491,46.376,138.21,128.851,131.73,210.88,62.65,187.34,129.26
5708,606378.346964,69.108,64,-139.175,26.511,48.757,136.728,130.213,133.4,209.57,65.89,185.21,130.64
5709,606378.354074,69.414,61,-140.426,27.85,47.228,134.318,129.055,131.62,211.32,63.84,181.3,129.56
5710,606378.357689,68.872,63,-140.096,27.805,49.491,137.301,130.467,132.28,211.38,66.93,185.54,130.86
5711,606378.361675,69.845,62,-138.729,27.01,47.253,137.143,129.386,134.0,210.24,63.9,185.36,129.8
5712,606378.365857,69.4,61,-139.23,26.759,47.931,136.227,130.734,133.29,209.87,64.77,184.4,131.15
5713,606378.369513,69.692,59,-139.019,29.357,48.091,138.561,129.109,133.59,213.4,64.96,187.71,129.51
5714,606378.377796,68.81,58,-139.551,28.316,49.032,135.649,130.487,132.99,212.11,66.27,183.12,130.87
5715,606378.381746,69.574,61,-138.635,27.071,48.015,137.578,129.334,134.19,210.37,64.91,186.2,129.76
5716,606378.385102,69.711,61,-139.422,26.854,47.383,136.646,130.735,133.08,210.04,64.03,185.13,131.15
5717,606378.391139,68.994,65,-139.356,29.192,49.078,136.908,129.113,133.21,213.24,66.32,185.32,129.54
5718,606378.393796,68.908,59,-140.579,27.464,48.355,134.368,131.225,131.51,210.88,65.31,181.82,131.66
5719,606378.401604,69.307,64,-139.062,26.947,48.509,137.281,129.67,133.51,210.12,65.56,185.74,130.09
5720,606378.406306,70.605,59,-140.158,26.904,46.239,139.239,130.536,132.09,210.12,62.44,188.78,130.94
5721,606378.409334,68.716,60,-139.808,29.098,49.606,136.663,129.384,132.55,213.07,67.02,184.91,129.79
5722,606378.414424,69.966,60,-139.419,28.16,47.435,138.467,130.721,133.11,211.84,64.07,187.68,131.15
5723,606378.418456,69.178,61,-139.434,26.976,49.096,138.116,129.699,133.07,210.21,66.34,187.12,130.13
5724,606378.431486,68.256,56,-140.661,28.417,50.012,134.996,129.664,131.51,212.29,67.61,181.68,130.03
5725,606378.434514,70.172,59,-139.911,27.268,46.938,138.38,130.062,132.54,210.72,63.44,187.22,130.5
5726,606378.438349,69.119,62,-140.001,26.522,48.756,136.788,129.984,132.33,209.61,65.9,185.05,130.41
5727,606378.442605,70.502,61,-141.026,27.444,46.265,138.615,128.961,130.9,210.82,62.49,187.86,129.37
5728,606378.445422,68.269,61,-140.346,28.645,49.618,134.01,129.625,131.88,212.52,67.01,181.34,130.03
5729,606378.453998,70.193,61,-139.976,26.765,46.637,137.628,129.461,132.37,209.94,63.04,186.14,129.9
5730,606378.458033,69.126,62,-140.206,26.454,48.566,136.301,130.314,131.81,209.35,65.66,183.53,130.83
5731,606378.461469,69.668,60,-140.916,28.023,47.282,136.081,128.759,131.08,211.56,64.02,183.75,129.2
5732,606378.467157,69.066,61,-141.326,27.468,49.205,137.713,130.363,130.55,210.9,66.47,186.29,130.79
5733,606378.469067,69.944,61,-140.176,26.602,47.068,137.253,129.621,132.13,209.7,63.69,185.48,130.03
5734,606378.477708,69.828,61,-140.693,26.399,47.203,136.886,130.636,131.34,209.41,63.75,185.44,131.06
5735,606378.481757,68.845,57,-141.714,28.037,48.132,133.37,129.803,129.79,211.53,65.01,180.01,130.37
5736,606378.48526,69.251,65,-140.911,27.742,48.372,136.539,130.809,131.09,211.26,65.34,184.72,131.26
5737,606378.490252,69.624,62,-139.741,26.864,47.868,137.478,129.39,132.61,210.02,64.75,185.5,129.8
5738,606378.494481,70.068,64,-140.485,26.766,46.744,137.121,130.944,131.54,209.83,63.18,185.44,131.39
5739,606378.49834,69.035,66,-140.034,28.963,48.94,136.781,129.286,132.31,212.95,66.12,185.11,129.7
5740,606378.506432,69.585,62,-140.148,27.839,47.833,137.13,130.887,132.1,211.38,64.6,185.85,131.31
5741,606378.518575,68.977,57,-139.927,28.588,49.325,137.495,129.848,132.41,212.4,66.62,186.34,130.28
5742,606378.521696,69.418,61,-140.428,27.019,46.909,133.437,131.368,131.64,210.23,63.35,180.64,131.83
5743,606378.530435,69.28,64,-139.164,26.597,48.606,137.385,129.97,133.46,209.72,65.7,185.91,130.38
5744,606378.533735,71.151,57,-140.049,27.269,45.08,139.537,129.862,132.31,210.69,60.94,188.27,130.22
5745,606378.537797,68.899,60,-140.078,28.016,49.468,137.406,129.988,132.2,211.61,66.82,186.15,130.42
5746,606378.543376,70.376,58,-139.041,27.181,46.511,138.488,130.337,133.55,210.45,62.85,187.47,130.73
5747,606378.54581,69.046,56,-138.655,27.024,48.259,134.947,129.997,134.28,210.46,65.27,181.66,130.33
5748,606378.549861,70.333,61,-139.988,27.732,46.086,136.936,129.204,132.42,211.34,62.26,185.12,129.58
5749,606378.558058,69.068,61,-140.38,27.67,49.238,137.821,130.546,131.78,211.14,66.5,186.76,130.97
5750,606378.561667,70.262,59,-139.22,26.915,46.453,137.546,129.644,133.35,210.11,62.8,185.92,130.06
5751,606378.56715,69.329,63,-139.239,26.878,48.41,137.139,130.522,133.26,210.03,65.44,185.51,130.96
5752,606378.569491,68.885,61,-140.617,28.166,47.527,131.929,129.318,131.49,211.84,64.2,178.52,129.73
5753,606378.57322,68.601,61,-140.036,28.291,49.157,134.73,130.498,132.5,212.27,66.44,181.34,130.82
5754,606378.582349,69.682,66,-139.488,26.803,47.458,136.674,129.752,132.9,209.9,64.18,184.38,130.19
5755,606378.585882,69.636,64,-139.992,26.65,47.529,136.582,130.913,132.34,209.79,64.22,184.83,131.34
5756,606378.589337,69.507,58,-140.078,28.861,48.38,138.188,129.661,132.16,212.72,65.34,187.16,130.07
5757,606378.60666,70.156,62,-140.734,26.688,46.774,137.79,131.285,131.31,209.82,63.17,186.69,131.7
5758,606378.609481,68.422,59,-141.44,28.218,49.19,133.753,129.938,130.15,211.75,66.44,180.29,130.5
5759,606378.613462,69.551,64,-140.452,27.841,47.924,137.169,131.119,131.69,211.32,64.85,185.39,131.51
5760,606378.617665,69.317,60,-140.026,26.671,48.626,137.675,130.034,132.36,209.87,65.74,186.05,130.46
5761,606378.621985,70.946,55,-141.029,26.79,45.723,140.057,130.566,130.98,210.01,61.75,189.58,130.99
5762,606378.626155,69.052,57,-140.74,28.292,49.58,138.675,130.003,131.43,212.09,66.99,187.37,130.43
5763,606378.63476,70.585,53,-139.413,27.927,46.822,140.859,130.858,133.04,211.48,63.27,190.53,131.29
5764,606378.637075,69.139,60,-139.682,26.489,49.099,137.879,130.062,132.83,209.65,66.4,186.09,130.45
5765,606378.642707,71.021,55,-140.718,27.207,45.361,139.475,129.709,131.3,210.5,61.29,188.68,130.13
5766,606378.646393,68.812,59,-140.892,27.615,49.82,137.841,130.241,131.1,211.07,67.29,186.7,130.68
5767,606378.650356,70.464,60,-139.542,27.101,46.52,139.115,130.269,132.81,210.26,62.87,187.7,130.66
5768,606378.657521,68.674,56,-140.417,25.986,48.629,133.719,130.582,131.72,208.89,65.71,181.17,131.09
5769,606378.662053,70.326,62,-140.432,27.835,46.553,138.271,129.177,131.68,211.34,62.88,187.48,129.58
5770,606378.664991,68.868,59,-140.459,27.875,49.63,137.662,130.743,131.68,211.42,67.03,186.53,131.17
5771,606378.671299,70.102,58,-139.058,27.111,47.013,138.131,129.49,133.62,210.43,63.6,186.29,129.9
5772,606378.673201,69.184,61,-139.243,27.008,48.578,136.696,130.809,133.31,210.24,65.63,185.22,131.23
5773,606378.690044,69.432,57,-138.305,27.514,47.752,135.921,129.559,134.7,211.06,64.58,183.29,129.92
5774,606378.694246,69.55,62,-139.115,27.034,47.756,136.685,130.921,133.52,210.3,64.56,185.2,131.31
5775,606378.698101,69.222,62,-138.777,29.45,48.792,137.541,129.511,133.96,213.57,65.92,186.44,129.94
5776,606378.707373,69.244,59,-139.368,28.206,48.741,137.532,130.957,133.14,211.87,65.83,186.49,131.37
5777,606378.709707,69.152,63,-138.397,27.264,48.771,137.043,129.692,134.42,210.55,65.93,185.5,130.1
5778,606378.715218,69.934,61,-139.375,27.148,46.977,136.918,130.986,133.13,210.44,63.46,185.58,131.39
5779,606378.717129,68.666,61,-139.181,29.272,49.747,136.741,129.374,133.44,213.33,67.24,185.16,129.82
5780,606378.722381,68.771,61,-140.169,27.496,48.508,133.962,131.402,131.92,210.82,65.52,181.06,131.88
5781,606378.725715,68.973,66,-138.982,26.877,49.075,136.772,129.852,133.64,210.03,66.33,185.15,130.27
5782,606378.733827,70.394,56,-139.834,27.402,46.316,138.029,130.131,132.63,210.9,62.6,186.46,130.51
5783,606378.738111,68.055,56,-141.187,27.667,50.271,134.516,130.396,130.68,211.14,67.91,181.63,130.88
5784,606378.741492,70.198,61,-139.195,27.758,47.219,139.387,130.523,133.25,211.17,63.85,187.82,130.94
5785,606378.746813,68.828,61,-139.465,26.683,49.657,137.491,129.851,132.98,209.78,67.11,186.13,130.3
5786,606378.74964,70.361,52,-140.51,27.518,46.295,137.747,129.369,131.84,211.15,62.6,185.03,129.74
5787,606378.757705,68.653,60,-140.889,27.81,50.47,138.647,129.967,131.06,211.28,68.18,187.66,130.38
5788,606378.761733,69.7,62,-139.896,26.998,47.448,136.766,129.855,132.42,210.21,64.17,184.41,130.28
5789,606378.765329,68.85,65,-139.734,26.838,49.285,136.593,130.194,132.66,210.01,66.59,185.04,130.62
5790,606378.778298,69.35,64,-139.292,27.173,48.147,136.526,129.008,133.33,210.52,65.1,184.55,129.44
5791,606378.78547,68.721,65,-139.395,27.033,49.326,135.921,130.361,133.11,210.27,66.65,184.11,130.79
5792,606378.790071,68.319,61,-140.532,28.509,49.053,132.779,129.153,131.47,212.21,66.26,179.52,129.66
5793,606378.793832,68.581,61,-140.071,28.108,49.979,136.856,130.468,132.25,211.76,67.56,185.09,130.85
5794,606378.798462,69.045,62,-138.609,27.047,48.867,136.638,129.099,134.22,210.33,66.07,184.89,129.53
5795,606378.801776,69.112,66,-139.094,26.72,48.533,136.119,130.652,133.56,209.87,65.63,184.13,131.05
5796,606378.810927,68.699,66,-138.765,29.216,49.602,136.544,128.979,134.01,213.28,67.04,184.78,129.4
5797,606378.81324,68.595,57,-138.88,28.348,49.339,135.193,130.3,133.9,212.16,66.68,182.73,130.7
5798,606378.817151,68.868,61,-138.446,26.718,48.953,135.784,129.465,134.3,209.79,66.22,183.26,129.95
5799,606378.822532,69.819,62,-139.108,26.709,47.354,137.26,130.463,133.53,209.87,64.03,185.84,130.86
5800,606378.825429,68.118,62,-139.502,28.661,49.887,133.854,129.398,132.86,212.41,67.41,180.96,129.88
5801,606378.83377,69.258,62,-138.46,28.214,48.49,136.917,130.621,134.34,211.86,65.52,185.39,131.02
5802,606378.837566,68.672,59,-138.539,26.935,49.297,135.542,129.472,134.06,210.0,66.68,182.83,129.94
5803,606378.841594,70.674,54,-139.425,27.335,46.41,140.232,129.975,133.13,210.76,62.69,189.9,130.36
5804,606378.847309,68.751,57,-139.444,28.612,50.192,138.491,129.301,133.01,212.39,67.84,187.32,129.74
5805,606378.849247,69.534,57,-138.575,28.035,47.797,136.696,129.874,134.22,211.69,64.68,183.81,130.23
5806,606378.862839,70.48,54,-140.473,27.535,46.683,139.715,128.76,131.66,210.95,63.06,189.36,129.17
5807,606378.867109,68.508,59,-140.509,28.187,50.435,137.661,129.773,131.58,211.8,68.14,186.32,130.2
5808,606378.869284,70.021,59,-139.633,27.274,47.199,138.14,129.172,132.83,210.63,63.79,186.89,129.61
5809,606378.874297,68.942,61,-139.713,27.038,49.54,137.875,129.669,132.7,210.29,66.94,186.79,130.1
5810,606378.877399,70.018,59,-141.31,28.034,47.267,138.32,128.188,130.6,211.66,63.85,187.2,128.64
5811,606378.885939,68.571,61,-141.354,28.012,50.29,137.652,129.66,130.46,211.57,67.94,186.25,130.09
5812,606378.890002,69.239,59,-141.378,26.514,47.697,134.557,129.44,130.26,209.46,64.44,181.6,129.96
5813,606378.894215,69.04,67,-140.901,26.731,48.714,136.179,129.894,131.09,209.86,65.81,184.39,130.33
5814,606378.897921,68.617,59,-141.818,28.331,48.882,134.068,128.639,129.98,212.13,66.05,181.18,129.08
5815,606378.901504,68.951,62,-141.728,27.941,49.14,136.819,130.071,129.88,211.4,66.41,184.91,130.52
5816,606378.909859,69.05,60,-140.669,27.036,48.654,136.073,128.466,131.43,210.3,65.74,184.15,128.9
5817,606378.913888,69.449,63,-141.621,26.592,47.981,136.681,130.286,130.17,209.72,64.82,184.89,130.73
5818,606378.917317,69.234,60,-141.321,28.842,48.895,137.91,128.494,130.57,212.75,66.04,186.86,128.94
5819,606378.921765,69.336,60,-141.896,27.653,48.489,137.405,130.022,129.85,211.19,65.51,185.7,130.47
5820,606378.92593,69.479,62,-140.865,26.767,48.311,137.816,128.889,131.21,209.97,65.3,186.27,129.31
5821,606378.929418,70.613,57,-141.832,26.68,46.256,139.348,129.952,129.82,209.79,62.49,188.51,130.38
5822,606378.937753,69.015,59,-141.386,28.357,49.377,137.877,129.118,130.46,212.09,66.68,186.78,129.57
5823,606378.94615,68.557,61,-141.622,26.102,49.084,134.265,129.636,130.05,209.0,66.31,181.6,130.19
5824,606378.95064,70.876,59,-140.848,27.776,45.11,137.691,129.32,131.3,211.42,60.99,185.51,129.69
5825,606378.953872,68.976,61,-141.233,28.051,49.473,137.902,129.404,130.61,211.61,66.85,186.49,129.83
5826,606378.962577,70.455,59,-140.238,27.262,46.473,138.915,129.766,131.99,210.6,62.78,188.19,130.19
5827,606378.965665,69.597,59,-140.111,26.438,48.25,138.404,129.694,132.06,209.39,65.24,186.99,130.12
5828,606378.969852,70.765,59,-140.825,27.442,45.488,138.075,128.752,131.31,210.91,61.44,186.44,129.18
5829,606378.974186,69.248,61,-141.103,27.739,48.968,138.197,129.935,130.88,211.29,66.16,186.95,130.36
5830,606378.977651,70.412,58,-139.693,26.796,46.257,137.972,129.39,132.75,209.99,62.52,186.73,129.82
5831,606378.985845,69.625,59,-139.535,26.375,48.021,137.927,129.972,132.93,209.39,64.88,186.89,130.4
5832,606378.989872,70.023,59,-140.182,28.086,46.3,135.519,128.522,132.17,211.73,62.67,183.4,128.93
5833,606378.993229,68.985,61,-140.822,27.611,49.091,136.89,130.124,131.28,211.09,66.41,184.95,130.55
5834,606378.998485,70.169,60,-139.129,26.992,46.51,137.096,129.412,133.46,210.22,62.86,185.71,129.83
5835,606379.002146,69.818,61,-139.395,26.684,47.316,137.144,130.28,133.14,209.83,63.93,185.89,130.68
5836,606379.006694,69.961,56,-139.433,29.113,47.192,137.72,128.98,133.14,213.17,63.77,186.44,129.39
5837,606379.014376,69.425,59,-140.179,28.028,48.413,137.759,130.421,132.01,211.58,65.4,186.46,130.83
5838,606379.018238,69.954,60,-138.908,27.146,47.242,137.818,129.291,133.73,210.39,63.86,186.54,129.69
5839,606379.021416,69.85,64,-139.607,26.852,47.022,136.501,130.641,132.87,210.08,63.55,184.71,131.04
5840,606379.039845,69.791,61,-139.152,27.112,47.589,137.763,129.618,133.48,210.41,64.35,186.28,130.04
5841,606379.042205,70.893,54,-140.332,26.962,45.712,139.65,130.569,131.81,210.14,61.76,189.36,131.0
5842,606379.045609,69.136,61,-139.968,28.836,48.892,137.282,129.615,132.35,212.72,66.08,185.6,130.07
5843,606379.051182,69.422,64,-140.808,27.258,46.995,133.704,131.346,131.13,210.53,63.46,180.89,131.79
5844,606379.053091,69.433,62,-139.574,26.899,48.437,137.879,129.845,132.94,210.15,65.48,186.44,130.28
5845,606379.058234,70.535,50,-139.79,28.203,45.106,135.361,129.771,132.68,212.01,60.94,182.62,130.09
5846,606379.066589,68.995,60,-140.763,28.068,49.316,137.583,129.87,131.29,211.7,66.61,186.36,130.3
5847,606379.069385,70.555,56,-139.884,27.185,46.379,139.32,130.271,132.43,210.49,62.71,188.09,130.69
5848,606379.075303,69.565,59,-140.049,26.264,48.132,137.856,130.161,132.23,209.24,65.03,186.75,130.59
5849,606379.07807,70.801,56,-141.262,26.988,45.726,139.048,129.102,130.66,210.27,61.79,188.04,129.51
5850,606379.082782,68.348,58,-140.723,27.976,49.393,133.867,130.21,131.4,211.65,66.71,180.99,130.6
5851,606379.090326,70.416,62,-140.055,26.538,46.267,138.032,129.603,132.23,209.61,62.51,186.97,130.02
5852,606379.093789,69.34,60,-140.215,26.228,48.451,137.326,130.443,132.01,209.18,65.46,185.99,130.87
5853,606379.098451,69.969,64,-141.054,27.714,46.86,136.808,129.005,130.9,211.2,63.34,184.91,129.41
5854,606379.101882,68.802,59,-141.653,27.209,49.156,135.94,130.73,130.11,210.53,66.39,184.22,131.14
5855,606379.105304,69.836,62,-140.205,26.572,47.204,136.938,129.62,132.03,209.66,63.78,185.43,130.05
5856,606379.113891,69.601,63,-140.537,26.51,47.741,136.965,130.71,131.53,209.54,64.49,185.37,131.15
5857,606379.122281,68.643,60,-140.546,28.406,48.654,133.602,130.581,131.66,212.26,65.71,180.54,130.96
5858,606379.12729,69.417,64,-140.172,26.813,48.266,137.292,129.446,132.08,209.99,65.23,185.66,129.9
5859,606379.130075,69.795,62,-140.941,26.594,47.276,136.879,131.205,131.04,209.69,63.85,185.43,131.62
5860,606379.134267,68.717,63,-140.853,28.673,49.239,135.653,129.479,131.12,212.48,66.5,183.64,129.94
5861,606379.141689,69.069,62,-140.617,27.982,48.382,135.432,130.811,131.5,211.61,65.34,183.36,131.23
5862,606379.145277,69.178,58,-140.261,26.502,48.519,136.492,129.892,131.9,209.52,65.58,184.37,130.35
5863,606379.150865,70.185,57,-140.751,26.557,46.595,137.457,130.793,131.44,209.68,63.19,185.58,131.17
5864,606379.1536,68.698,61,-140.361,28.628,49.6,136.53,129.746,131.89,212.51,67.05,184.2,130.17
5865,606379.158191,69.319,59,-141.26,26.833,47.241,133.764,131.572,130.54,209.98,63.78,181.09,132.03
5866,606379.166212,68.988,65,-139.677,26.458,49.027,136.734,130.186,132.76,209.53,66.23,185.17,130.6
5867,606379.170226,71.243,53,-140.944,26.597,45.468,141.4,130.215,131.12,209.77,61.42,190.88,130.61
5868,606379.174015,68.619,59,-140.362,28.087,49.91,136.904,129.894,131.96,211.83,67.46,184.81,130.31
5869,606379.178136,70.067,59,-139.403,27.121,47.202,138.453,130.592,133.03,210.32,63.77,187.28,130.97
5870,606379.182513,69.192,62,-139.376,26.152,48.694,137.072,130.343,133.14,209.07,65.84,185.28,130.76
5871,606379.190171,70.316,63,-140.197,27.166,46.368,137.658,129.385,132.02,210.45,62.64,186.54,129.8
5872,606379.193853,68.572,62,-140.587,27.393,49.772,136.239,130.683,131.52,210.79,67.25,184.17,131.12
5873,606379.197653,69.986,65,-139.151,26.642,46.98,137.27,129.946,133.47,209.78,63.5,185.74,130.35
5874,606379.211639,68.31,59,-140.84,27.209,50.061,135.454,130.875,131.14,210.49,67.61,183.46,131.32
5875,606379.218473,69.594,62,-139.155,26.757,47.788,137.058,129.76,133.39,209.86,64.63,185.05,130.19
5876,606379.221642,69.115,59,-139.689,26.572,48.543,136.167,130.871,132.79,209.71,65.62,184.33,131.26
5877,606379.22571,68.663,59,-139.406,29.049,49.021,134.73,129.079,133.09,213.01,66.26,181.91,129.48
5878,606379.230578,68.795,64,-140.139,27.722,49.428,136.652,131.046,132.11,211.21,66.76,185.15,131.48
5879,606379.233159,69.048,61,-139.378,26.787,48.967,136.94,129.668,133.04,209.86,66.21,185.02,130.1
5880,606379.24256,69.561,60,-140.399,26.549,47.802,136.886,131.118,131.75,209.62,64.56,185.49,131.53
5881,606379.245683,68.544,65,-140.1,28.699,50.012,136.723,129.447,132.17,212.54,67.56,185.24,129.89
5882,606379.24932,68.541,64,-141.224,27.044,48.815,133.437,131.386,130.61,210.27,65.93,180.42,131.86
5883,606379.25447,68.664,67,-139.878,26.505,49.64,136.436,129.854,132.47,209.55,67.11,184.42,130.29
5884,606379.257903,69.577,56,-139.883,27.903,46.684,133.787,130.05,132.58,211.61,63.06,180.71,130.42
5885,606379.265836,68.441,65,-140.836,28.361,50.44,137.267,129.752,131.2,212.09,68.13,185.99,130.2
5886,606379.270319,69.504,60,-140.388,27.446,48.092,137.349,130.674,131.64,210.73,65.0,185.41,131.11
5887,606379.273402,68.089,61,-141.284,25.848,49.932,133.807,130.342,130.45,208.61,67.45,180.87,130.89
5888,606379.279052,70.518,59,-141.448,27.074,46.483,139.371,129.601,130.35,210.33,62.78,188.77,130.02
5889,606379.282991,68.379,60,-141.582,27.656,50.669,137.515,129.926,130.14,211.09,68.45,186.0,130.38
5890,606379.293778,68.807,63,-140.724,26.093,49.576,137.135,130.221,131.29,208.96,67.0,185.52,130.65
5891,606379.298546,69.8,62,-141.879,27.066,47.514,137.604,128.948,129.8,210.34,64.19,186.23,129.37
5892,606379.301391,68.08,61,-142.088,27.116,50.676,135.748,130.454,129.43,210.33,68.44,183.6,130.91
5893,606379.306644,69.245,64,-140.786,26.191,48.127,135.812,129.611,131.21,209.11,65.02,183.81,130.06
5894,606379.309799,68.67,65,-140.726,26.109,49.582,136.313,130.524,131.28,208.99,67.0,184.43,130.97
5895,606379.317848,68.533,61,-142.299,27.419,48.712,133.105,129.369,129.12,210.74,65.78,180.01,129.86
5896,606379.322148,67.956,63,-141.475,27.571,50.575,134.753,130.224,130.45,211.12,68.39,181.58,130.63
5897,606379.325072,69.177,66,-140.34,26.471,48.616,136.76,129.278,131.84,209.51,65.7,185.18,129.71
5898,606379.329782,68.88,62,-140.827,26.254,48.971,135.907,130.595,131.19,209.21,66.16,184.07,131.03
5899,606379.33452,68.302,62,-141.092,28.376,49.815,134.738,129.293,130.69,211.98,67.32,181.73,129.78
5900,606379.342853,68.134,65,-140.751,27.952,49.836,133.81,130.485,131.42,211.65,67.33,180.69,130.9
5901,606379.345703,68.717,66,-139.953,26.708,49.577,136.585,129.274,132.34,209.8,67.01,184.83,129.7
5902,606379.349115,69.649,58,-140.553,26.901,47.633,136.971,130.717,131.53,210.08,64.37,185.08,131.12
5903,606379.354889,68.209,61,-140.616,28.57,50.347,135.627,129.232,131.5,212.38,68.05,183.22,129.71
5904,606379.358207,68.489,61,-141.219,27.195,48.999,133.629,131.123,130.48,210.39,66.17,180.48,131.63
5905,606379.361639,68.665,70,-139.814,26.388,49.56,136.219,129.587,132.57,209.39,67.08,183.98,130.02
5906,606379.369618,70.109,58,-140.117,27.154,46.656,137.13,129.962,132.22,210.52,63.03,185.51,130.37
5907,606379.37942,70.063,56,-139.08,28.034,47.765,140.08,130.49,133.59,211.7,64.55,189.55,130.91
5908,606379.382939,68.747,60,-139.462,26.466,49.745,137.229,129.627,132.99,209.46,67.25,185.64,130.04
5909,606379.385715,70.302,59,-140.085,27.362,46.355,137.526,129.452,132.28,210.86,62.55,186.14,129.81
5910,606379.39377,67.944,59,-141.12,27.654,50.628,134.824,129.824,130.63,211.02,68.44,181.57,130.34
5911,606379.39851,69.904,62,-139.553,27.111,47.668,138.734,129.949,132.9,210.39,64.4,187.91,130.37
5912,606379.401536,68.968,62,-139.723,26.258,49.056,136.684,129.966,132.71,209.26,66.31,184.93,130.39
5913,606379.405897,69.917,63,-140.797,27.417,47.278,137.684,128.775,131.21,210.78,63.86,186.58,129.19
5914,606379.409736,67.797,60,-140.072,28.535,50.259,132.998,129.78,132.2,212.29,67.94,180.1,130.24
5915,606379.417831,69.655,67,-139.74,26.759,47.624,136.978,129.337,132.69,209.94,64.38,185.31,129.75
5916,606379.422507,68.828,65,-139.976,26.507,49.265,136.406,130.037,132.36,209.59,66.62,184.16,130.48
5917,606379.425184,69.248,61,-140.545,28.36,48.148,135.884,128.597,131.65,212.15,65.08,183.44,128.98
5918,606379.430645,68.437,68,-141.174,27.504,50.092,136.293,130.041,130.76,210.94,67.67,184.47,130.49
5919,606379.433862,69.356,63,-139.966,26.904,48.311,137.025,129.357,132.35,210.11,65.32,185.15,129.79
5920,606379.43787,69.418,61,-140.587,26.802,48.139,136.935,130.318,131.49,209.94,65.06,185.23,130.73
5921,606379.44579,68.539,61,-140.168,29.007,49.766,136.022,128.993,132.09,212.99,67.25,183.37,129.35
5922,606379.449829,69.176,63,-140.621,27.877,48.799,137.271,130.677,131.51,211.47,65.92,185.81,131.1
5923,606379.453302,68.247,61,-140.389,26.741,49.796,134.362,129.298,131.65,209.78,67.3,181.49,129.77
5924,606379.471786,69.463,60,-140.202,27.845,48.283,137.632,130.341,132.05,211.41,65.21,186.52,130.77
5925,606379.473601,68.184,63,-140.602,26.386,49.882,134.226,129.819,131.32,209.28,67.4,181.23,130.32
5926,606379.477089,70.241,55,-140.451,27.627,46.481,137.495,129.497,131.82,211.21,62.82,185.4,129.87
5927,606379.483167,68.316,61,-140.675,28.291,50.582,136.897,129.551,131.41,211.97,68.42,184.8,130.02
5928,606379.485778,70.04,60,-139.801,27.51,47.496,139.137,129.9,132.59,210.95,64.16,188.52,130.33
5929,606379.494297,68.669,61,-140.04,26.591,50.015,137.493,129.664,132.21,209.64,67.6,185.99,130.11
5930,606379.497595,70.726,59,-141.555,27.022,46.458,140.743,129.11,130.2,210.26,62.74,190.75,129.52
5931,606379.501611,68.292,61,-141.226,27.799,50.757,137.226,129.625,130.66,211.31,68.56,185.88,130.07
5932,606379.506288,69.882,63,-140.309,26.971,47.503,138.107,129.47,131.88,210.19,64.18,187.02,129.9
5933,606379.509789,68.852,63,-140.426,26.506,49.454,137.076,129.804,131.73,209.55,66.85,185.21,130.24
5934,606379.514099,69.659,59,-141.513,27.631,47.712,137.26,128.488,130.26,211.07,64.43,186.03,128.92
5935,606379.522015,68.382,62,-141.668,27.492,50.261,136.424,130.162,130.15,210.98,67.91,184.31,130.58
5936,606379.525983,69.491,65,-140.446,26.682,47.907,136.738,128.78,131.76,209.85,64.79,184.55,129.18
5937,606379.529096,68.697,63,-140.84,26.42,49.437,136.076,130.16,131.13,209.43,66.78,183.94,130.63
5938,606379.533856,68.838,58,-140.965,28.495,48.568,134.534,128.008,131.01,212.23,65.65,182.14,128.48
5939,606379.537373,68.711,65,-141.864,27.294,49.746,137.014,130.193,129.79,210.62,67.18,185.59,130.63
5940,606379.54619,69.465,62,-140.645,26.614,48.241,137.528,129.086,131.45,209.71,65.18,186.27,129.52
5941,606379.558919,69.359,63,-141.362,27.529,48.362,137.19,130.449,130.47,210.95,65.3,185.93,130.88
5942,606379.561568,68.838,64,-140.602,26.732,49.417,136.885,129.154,131.53,209.89,66.81,184.83,129.62
5943,606379.566183,69.707,53,-140.121,28.504,46.269,133.41,129.64,132.17,212.33,62.47,180.63,130.02
5944,606379.574561,68.462,65,-140.819,28.599,50.024,136.26,128.986,131.29,212.47,67.64,183.66,129.39
5945,606379.577371,69.615,62,-140.58,27.715,47.884,137.465,130.479,131.5,211.18,64.68,186.01,130.89
5946,606379.583267,68.364,62,-141.22,25.98,49.37,133.9,129.921,130.57,208.78,66.69,181.04,130.4
5947,606379.585545,69.875,55,-139.658,28.241,45.994,133.677,129.512,132.79,211.98,62.14,180.86,129.89
5948,606379.589869,68.784,61,-140.744,28.203,49.86,137.775,129.529,131.2,211.78,67.37,186.06,129.98
5949,606379.598118,70.325,57,-139.726,27.407,46.929,139.384,129.907,132.6,210.74,63.47,187.89,130.31
5950,606379.601678,69.004,61,-139.693,26.567,49.261,137.485,129.706,132.72,209.65,66.57,186.2,130.14
5951,606379.605385,71.016,53,-141.073,27.12,45.787,140.747,129.06,130.92,210.44,61.82,190.56,129.49
5952,606379.610871,68.609,62,-140.798,28.0,49.978,137.028,129.703,131.29,211.63,67.53,185.35,130.13
5953,606379.613799,70.223,62,-139.589,27.127,46.804,138.326,129.58,132.89,210.44,63.25,187.21,130.01
5954,606379.622611,69.195,64,-139.592,26.556,48.591,136.802,129.945,132.88,209.66,65.68,185.09,130.37
5955,606379.62626,70.049,63,-140.601,27.844,46.931,137.54,128.664,131.54,211.39,63.4,186.21,129.1
5956,606379.629527,68.913,60,-140.678,27.807,49.512,137.617,130.107,131.39,211.31,66.88,186.39,130.51
5957,606379.642699,69.188,55,-140.573,28.213,47.922,134.876,128.82,131.53,211.85,64.79,182.45,129.24
5958,606379.64967,68.874,65,-140.537,27.664,49.294,136.768,130.304,131.54,211.1,66.59,185.14,130.72
5959,606379.653692,69.619,63,-139.227,26.712,47.802,137.261,129.292,133.36,209.85,64.63,185.56,129.71
5960,606379.658779,69.6,61,-139.796,26.475,47.502,136.274,130.458,132.57,209.52,64.19,184.59,130.88
5961,606379.662014,68.586,62,-140.663,28.464,48.772,133.588,129.477,131.13,212.07,65.82,180.25,130.05
5962,606379.665705,69.019,66,-139.911,28.103,48.616,135.78,130.448,132.33,211.67,65.67,183.61,130.89
5963,606379.673756,69.315,64,-139.193,26.849,48.483,137.256,129.206,133.36,209.99,65.54,185.72,129.62
5964,606379.67788,70.365,56,-139.993,27.071,46.436,138.193,130.296,132.24,210.28,62.76,186.79,130.7
5965,606379.681253,68.347,61,-141.032,28.354,49.286,133.573,129.321,130.71,211.95,66.6,180.04,129.86
5966,606379.686538,69.532,62,-140.132,27.799,48.075,137.479,130.49,132.14,211.33,64.93,186.29,130.92
5967,606379.689851,69.41,62,-139.853,26.506,48.378,137.566,129.565,132.5,209.57,65.37,186.35,129.99
5968,606379.698005,70.003,54,-139.579,28.082,45.818,133.982,129.408,132.92,211.79,61.88,181.3,129.77
5969,606379.701788,69.071,64,-140.929,28.319,49.249,137.872,129.601,131.03,211.98,66.58,186.08,130.04
5970,606379.706158,70.271,60,-140.061,27.602,46.83,138.728,130.232,132.23,211.07,63.25,187.97,130.65
5971,606379.709972,69.32,58,-140.261,26.638,48.599,137.618,129.766,131.95,209.74,65.66,186.42,130.2
5972,606379.713426,70.773,59,-141.321,27.428,45.7,138.773,129.302,130.48,210.78,61.74,187.79,129.72
5973,606379.721739,68.775,58,-141.688,27.798,49.485,136.686,129.78,129.99,211.29,66.87,184.46,130.28
5974,606379.733986,69.919,59,-141.297,27.857,46.917,136.649,128.826,130.57,211.39,63.37,185.22,129.23
5975,606379.737805,68.442,64,-140.349,28.86,49.005,133.371,129.768,131.88,212.82,66.17,180.5,130.17
5976,606379.741324,69.801,66,-139.863,26.869,47.313,137.031,128.997,132.42,210.01,63.95,185.28,129.45
5977,606379.751049,69.519,62,-140.127,26.674,47.984,137.14,130.506,132.08,209.75,64.84,185.51,130.93
5978,606379.753655,68.767,61,-141.343,27.914,48.054,132.686,129.336,130.37,211.43,64.84,179.58,129.87
5979,606379.757434,69.146,67,-140.751,27.654,48.68,136.744,130.506,131.29,211.11,65.77,184.89,130.94
5980,606379.763082,69.828,62,-139.414,26.763,47.524,137.819,129.443,133.09,209.91,64.26,186.19,129.89
5981,606379.765867,69.788,63,-140.02,26.51,47.09,136.297,130.627,132.24,209.54,63.64,184.47,131.04
5982,606379.774612,69.338,63,-139.81,28.775,48.557,137.614,129.36,132.58,212.66,65.61,186.2,129.82
5983,606379.777614,68.946,63,-140.8,27.224,47.991,133.588,131.217,131.17,210.51,64.8,180.9,131.67
5984,606379.781685,69.255,68,-139.214,26.759,48.336,136.463,129.534,133.33,209.87,65.33,184.71,129.95
5985,606379.787759,70.337,58,-140.174,26.584,46.401,137.894,130.796,132.13,209.74,62.73,186.22,131.17
5986,606379.790037,68.901,60,-139.75,28.739,49.313,136.989,129.303,132.69,212.64,66.63,185.4,129.73
5987,606379.793945,69.783,63,-139.576,27.715,47.454,137.32,130.715,132.88,211.24,64.14,185.47,131.15
5988,606379.801913,69.625,61,-139.202,26.776,48.092,138.131,129.875,133.4,209.96,65.05,186.41,130.31
5989,606379.806232,70.022,53,-138.87,28.451,45.538,133.283,129.703,133.82,212.24,61.52,180.54,130.06
5990,606379.818746,69.303,63,-139.509,26.618,48.627,137.586,130.07,132.94,209.7,65.73,186.02,130.47
5991,606379.826704,70.721,60,-140.625,27.56,45.577,138.045,129.244,131.45,210.99,61.56,187.06,129.65
5992,606379.830245,68.835,64,-140.94,27.87,49.49,137.07,129.944,131.04,211.41,66.84,185.68,130.38
5993,606379.833671,70.197,63,-140.028,26.976,46.606,137.569,129.987,132.21,210.17,62.99,186.08,130.42
5994,606379.839143,69.561,61,-140.102,26.632,48.0,137.453,130.237,132.12,209.69,64.86,185.99,130.65
5995,606379.841114,69.808,66,-141.032,28.024,47.038,136.278,129.06,131.05,211.73,63.54,184.32,129.45
5996,606379.850483,68.403,59,-142.108,27.193,49.248,133.796,130.993,129.42,210.47,66.5,180.88,131.5
5997,606379.85454,69.803,67,-140.086,26.933,47.235,136.811,129.279,132.14,210.1,63.84,185.07,129.7
5998,606379.85696,69.611,63,-140.587,26.776,47.796,137.19,130.763,131.48,209.87,64.71,184.97,131.17
5999,606379.863052,69.648,60,-140.619,28.851,47.991,137.991,129.113,131.57,212.82,64.85,186.59,129.56
6000,606379.865936,68.744,63,-141.245,27.761,48.885,134.842,130.64,130.65,211.3,66.02,182.52,131.06
6001,606379.87079,69.597,66,-140.282,26.533,47.776,137.042,129.587,131.85,209.54,64.59,185.2,130.02
6002,606379.879034,69.842,55,-140.312,27.353,46.36,134.531,130.359,132.02,210.94,62.73,181.06,130.67
6003,606379.88177,69.302,63,-140.818,28.481,48.638,137.611,129.625,131.22,212.25,65.69,186.46,130.06
6004,606379.885072,69.603,64,-140.576,27.712,47.728,136.945,130.916,131.53,211.21,64.45,185.54,131.35
6005,606379.902732,68.9,61,-140.446,28.58,49.228,136.745,129.493,131.72,212.38,66.5,184.93,129.9
6006,606379.905769,69.177,60,-141.118,27.012,47.559,133.788,131.34,130.67,210.18,64.22,180.9,131.82
6007,606379.909951,69.546,62,-139.623,26.709,48.128,137.723,130.008,132.76,209.8,65.04,186.37,130.42
6008,606379.914066,70.785,56,-140.37,27.351,45.501,138.254,129.823,131.92,210.83,61.49,186.76,130.2
6009,606379.917295,69.086,60,-140.621,28.003,49.354,138.257,130.22,131.55,211.69,66.7,186.47,130.59
6010,606379.925908,70.655,56,-139.515,27.27,46.262,139.655,130.16,132.95,210.61,62.49,189.28,130.57
6011,606379.929837,68.587,56,-138.805,27.351,48.878,133.878,129.893,133.8,210.68,66.06,181.33,130.21
6012,606379.93327,70.762,59,-140.872,27.449,45.649,138.544,129.152,131.33,211.01,61.72,186.8,129.56
6013,606379.938524,68.227,57,-139.773,28.785,49.521,133.507,129.876,132.58,212.69,66.91,180.75,130.22
6014,606379.941331,70.174,63,-139.782,26.754,46.589,137.364,130.001,132.62,209.92,62.93,186.29,130.41
6015,606379.945814,69.479,63,-139.758,26.457,47.999,136.928,130.469,132.62,209.49,64.85,185.46,130.89
6016,606379.953919,69.879,59,-140.615,27.899,47.011,136.655,129.219,131.57,211.53,63.56,184.39,129.63
6017,606379.957572,69.106,62,-140.814,27.562,48.967,137.3,130.849,131.24,211.03,66.14,185.83,131.29
6018,606379.961337,69.942,63,-139.503,26.696,47.143,137.452,129.56,133.01,209.85,63.72,185.99,129.99
6019,606379.966725,69.565,62,-139.83,26.572,47.816,136.956,130.921,132.53,209.67,64.59,185.53,131.34
6020,606379.969801,69.49,55,-140.046,28.766,47.892,136.687,129.213,132.32,212.7,64.7,185.03,129.65
6021,606379.977743,69.052,63,-140.946,27.374,48.895,136.765,130.873,131.07,210.77,66.04,185.12,131.32
6022,606379.987233,69.854,65,-140.592,26.575,47.073,136.676,130.985,131.48,209.62,63.66,184.83,131.41
6023,606379.990809,68.87,61,-140.622,28.483,49.077,136.143,129.886,131.4,212.19,66.3,184.16,130.33
6024,606379.99391,69.508,60,-140.58,27.632,47.88,136.773,131.255,131.48,211.06,64.68,184.99,131.67
6025,606379.997632,69.19,62,-139.954,26.802,48.872,137.566,130.037,132.35,209.95,66.03,186.08,130.43
6026,606380.006191,70.561,55,-140.745,27.242,45.867,137.818,130.799,131.37,210.51,62.24,185.78,131.22
6027,606380.009592,68.42,56,-141.509,27.995,49.82,135.452,130.209,130.14,211.5,67.31,182.64,130.73
6028,606380.014534,69.512,56,-141.05,27.175,47.439,135.535,131.31,130.65,210.34,64.13,182.16,131.83
6029,606380.01755,68.983,61,-140.366,26.521,48.978,136.563,130.302,131.6,209.44,66.22,184.08,130.79
6030,606380.022187,70.77,56,-141.122,27.318,45.838,139.174,129.866,130.72,210.61,61.95,188.03,130.27
6031,606380.030409,68.745,61,-141.461,27.865,50.059,138.086,130.451,130.35,211.42,67.6,187.07,130.89
6032,606380.034083,70.243,57,-140.078,27.181,46.91,138.774,130.14,132.18,210.49,63.41,187.46,130.56
6033,606380.037709,68.912,62,-140.147,26.551,49.431,137.382,130.333,132.1,209.62,66.78,186.03,130.77
6034,606380.042377,70.398,61,-141.688,27.298,46.516,138.653,129.169,130.08,210.66,62.82,187.72,129.61
6035,606380.046255,68.429,62,-141.589,27.589,50.416,137.129,130.338,130.11,210.98,68.1,185.46,130.78
6036,606380.054575,69.654,63,-140.384,26.615,47.562,136.794,130.04,131.82,209.76,64.32,184.32,130.46
6037,606380.05764,69.109,66,-140.463,26.327,48.772,136.776,130.471,131.67,209.32,65.89,185.26,130.9
6038,606380.061474,69.365,63,-141.038,27.889,48.09,136.461,129.213,130.88,211.41,64.96,184.73,129.63
6039,606380.075947,69.017,66,-140.561,26.361,48.7,135.997,130.964,131.51,209.34,65.8,184.03,131.39
6040,606380.082149,68.391,59,-141.408,27.903,49.081,133.272,129.656,130.2,211.33,66.3,179.86,130.2
6041,606380.085246,68.617,69,-141.115,27.267,49.587,136.005,130.84,130.78,210.58,67.0,183.76,131.31
6042,606380.090899,69.128,64,-139.814,26.693,48.641,136.522,129.797,132.56,209.82,65.73,184.63,130.19
6043,606380.093767,69.631,65,-140.577,26.581,47.556,136.626,130.942,131.53,209.7,64.28,184.43,131.33
6044,606380.098662,68.594,64,-140.274,28.503,49.945,136.842,129.704,131.93,212.27,67.5,184.96,130.14
6045,606380.106539,68.737,64,-141.121,26.996,48.309,133.212,131.571,130.76,210.22,65.23,180.25,132.04
6046,606380.109684,68.648,67,-139.652,26.642,49.609,136.25,129.932,132.77,209.74,67.06,184.2,130.35
6047,606380.113959,70.451,57,-140.302,27.036,46.383,138.614,130.725,131.91,210.31,62.64,187.85,131.13
6048,606380.118437,68.332,61,-139.826,28.664,50.425,136.567,129.637,132.63,212.57,68.15,184.57,130.07
6049,606380.122256,69.799,61,-139.119,27.904,47.887,138.677,130.641,133.46,211.44,64.7,187.72,131.04
6050,606380.129691,68.938,61,-139.063,26.787,49.479,137.679,130.002,133.56,209.94,66.87,186.51,130.43
6051,606380.133736,70.219,56,-139.736,27.777,46.553,137.556,129.536,132.67,211.32,62.89,186.03,129.91
6052,606380.137178,68.399,62,-140.096,28.144,50.579,137.391,130.121,132.15,211.76,68.33,186.02,130.56
6053,606380.142619,69.499,55,-138.92,27.216,47.647,136.045,129.543,133.88,210.66,64.46,183.31,129.93
6054,606380.145469,68.639,64,-138.769,26.94,49.99,137.245,130.028,133.92,210.11,67.58,185.68,130.44
6055,606380.149724,69.761,62,-139.903,28.107,47.305,136.744,128.728,132.65,211.94,63.92,184.47,129.1
6056,606380.162246,69.335,64,-138.989,27.126,48.238,136.689,129.559,133.67,210.41,65.18,185.18,129.98
6057,606380.166604,68.917,64,-139.036,26.954,49.175,136.705,130.063,133.6,210.17,66.45,185.19,130.49
6058,606380.169514,68.561,60,-139.676,28.744,49.029,134.139,128.833,132.82,212.67,66.24,181.65,129.24
6059,606380.17508,68.342,65,-140.186,28.102,50.208,136.041,130.385,132.08,211.75,67.83,184.1,130.84
6060,606380.182705,68.838,64,-139.122,27.128,48.972,135.651,128.986,133.59,210.48,66.22,183.46,129.4
6061,606380.185792,68.8,65,-139.615,26.807,49.166,135.957,130.458,132.88,210.01,66.47,184.0,130.88
6062,606380.190176,68.881,61,-139.582,29.261,49.349,136.963,128.515,132.88,213.3,66.69,185.22,128.92
6063,606380.194203,67.914,63,-139.771,28.493,50.28,133.723,129.764,132.77,212.47,67.93,180.41,130.08
6064,606380.197356,68.956,69,-139.203,27.128,48.987,136.42,129.104,133.31,210.34,66.24,184.42,129.51
6065,606380.205962,69.561,59,-140.097,26.921,47.99,137.427,130.134,132.23,210.18,64.85,185.93,130.54
6066,606380.21035,68.343,65,-139.81,29.097,50.221,136.084,128.921,132.56,213.08,67.85,184.33,129.37
6067,606380.213078,68.63,64,-140.776,27.589,48.533,133.187,130.829,131.21,211.01,65.53,180.33,131.29
6068,606380.218195,68.467,67,-139.418,27.155,49.913,135.991,129.114,132.99,210.35,67.5,183.66,129.54
6069,606380.221476,70.463,53,-140.265,27.649,46.494,139.033,129.746,131.98,211.16,62.8,188.3,130.15
6070,606380.229439,68.349,60,-140.238,28.845,50.582,137.094,128.959,132.05,212.83,68.43,185.21,129.37
6071,606380.23496,69.036,58,-141.037,27.208,47.822,133.666,130.552,130.77,210.46,64.5,180.74,131.09
6072,606380.237792,68.986,63,-139.945,26.883,49.37,137.674,129.334,132.42,210.11,66.77,185.76,129.78
6073,606380.246956,68.631,63,-141.369,28.129,50.196,137.761,129.544,130.47,211.76,67.79,186.62,129.99
6074,606380.251287,70.245,61,-140.388,27.277,46.922,138.826,128.861,131.77,210.61,63.43,187.6,129.29
6075,606380.258627,68.656,63,-140.854,26.661,49.686,136.509,129.559,131.16,209.77,67.12,184.85,130.01
6076,606380.262081,69.624,59,-141.725,28.147,47.269,135.76,128.098,130.01,211.8,63.85,183.74,128.53
6077,606380.265476,68.779,62,-142.377,27.602,49.993,138.116,129.48,129.13,211.06,67.49,187.36,129.92
6078,606380.270765,69.73,64,-141.138,26.807,47.454,136.972,128.834,130.64,209.87,64.16,184.8,129.3
6079,606380.273616,69.423,63,-141.357,26.648,48.237,137.243,129.726,130.48,209.76,65.2,185.37,130.16
6080,606380.281968,68.611,64,-142.744,27.8,48.439,132.816,128.917,128.53,211.26,65.41,179.58,129.42
6081,606380.286689,68.651,62,-141.815,28.103,48.95,134.463,129.898,129.95,211.84,66.13,181.36,130.28
6082,606380.289327,69.572,63,-140.92,26.863,47.991,137.499,128.402,131.04,210.02,64.87,185.94,128.85
6083,606380.294663,69.554,66,-141.702,26.566,47.583,136.211,130.335,130.07,209.7,64.28,184.24,130.75
6084,606380.298435,69.293,62,-140.967,28.911,48.612,137.48,128.464,131.04,212.84,65.65,186.3,128.91
6085,606380.30143,69.567,62,-141.509,27.804,48.017,137.54,130.14,130.36,211.42,64.85,185.91,130.54
6086,606380.310439,69.708,61,-140.345,26.854,47.799,137.828,128.92,131.88,210.06,64.6,186.47,129.34
6087,606380.314325,70.507,56,-141.28,26.573,46.102,138.154,130.192,130.67,209.75,62.27,186.78,130.6
6088,606380.318047,69.086,62,-140.507,28.875,48.672,136.346,129.228,131.6,212.72,65.85,184.19,129.66
6089,606380.325294,69.5,61,-139.176,27.253,48.337,138.024,129.274,133.42,210.59,65.32,186.96,129.7
6090,606380.335608,70.947,53,-139.614,27.981,45.053,138.011,129.705,132.84,211.6,60.86,186.64,130.08
6091,606380.339445,69.326,60,-139.733,28.9,48.882,138.453,129.183,132.68,212.82,66.03,187.62,129.61
6092,606380.341195,70.313,60,-138.735,28.112,46.685,138.577,130.246,134.01,211.76,63.11,187.34,130.63
6093,606380.347528,69.801,62,-138.479,27.08,47.579,137.796,129.557,134.34,210.35,64.31,186.69,129.97
6094,606380.349764,70.947,60,-139.084,27.838,45.291,138.742,129.16,133.52,211.37,61.19,188.09,129.56
6095,606380.358696,69.284,61,-139.106,28.469,48.707,137.696,129.889,133.51,212.23,65.8,186.61,130.31
6096,606380.361534,70.487,62,-137.718,27.756,45.96,137.593,129.584,135.3,211.2,62.12,186.19,129.96
6097,606380.366024,69.604,63,-137.594,27.479,47.864,137.342,129.888,135.54,210.9,64.72,185.77,130.28
6098,606380.370999,70.323,60,-138.158,28.982,45.865,136.211,128.625,134.96,213.08,62.03,183.94,128.99
6099,606380.373306,69.11,62,-138.506,28.656,48.854,137.011,129.995,134.49,212.62,66.15,184.74,130.39
6100,606380.377965,70.181,62,-137.437,27.802,46.54,137.268,129.464,135.79,211.36,62.95,185.63,129.83
6101,606380.386328,69.798,62,-137.611,27.739,47.35,137.117,130.225,135.51,211.24,63.98,185.84,130.63
6102,606380.389752,69.147,59,-139.016,29.13,47.664,133.895,129.304,133.72,213.16,64.42,181.66,129.67
6103,606380.395177,69.121,67,-138.888,28.599,48.628,136.442,130.627,133.76,212.38,65.75,184.28,131.06
6104,606380.398751,69.654,65,-138.155,27.746,47.547,136.751,129.201,134.77,211.25,64.28,184.9,129.65
6105,606380.401166,69.659,65,-139.055,27.512,47.413,136.4,130.707,133.5,210.86,64.08,184.44,131.1
6106,606380.410709,69.318,61,-139.163,29.587,48.638,137.714,129.073,133.44,213.75,65.7,186.65,129.5
6107,606380.418428,69.019,57,-140.046,27.108,48.334,134.988,129.769,132.25,210.41,65.34,182.29,130.23
6108,606380.423538,70.305,62,-140.571,27.223,46.448,137.819,130.667,131.56,210.56,62.71,186.94,131.07
6109,606380.42583,68.848,58,-140.598,28.871,49.536,137.279,129.618,131.46,212.74,66.95,185.26,130.05
6110,606380.434072,69.598,59,-141.441,27.387,46.821,134.307,131.139,130.18,210.65,63.23,181.38,131.64
6111,606380.438678,69.088,64,-140.403,26.881,49.021,137.337,129.638,131.86,210.15,66.29,185.24,130.04
6112,606380.441361,70.712,48,-140.54,28.219,45.088,136.502,129.615,131.68,212.02,60.94,184.01,129.96
6113,606380.446035,68.662,58,-141.311,28.502,49.787,136.825,129.418,130.67,212.38,67.27,184.79,129.84
6114,606380.449708,70.366,60,-140.81,27.284,46.729,139.071,129.928,131.09,210.5,63.14,187.7,130.33
6115,606380.453492,69.264,62,-141.013,26.304,48.764,137.727,129.806,130.91,209.27,65.88,186.41,130.26
6116,606380.461721,70.634,59,-142.472,27.008,45.984,138.67,128.769,128.92,210.21,62.11,187.13,129.28
6117,606380.465451,68.94,60,-142.412,27.491,49.663,138.205,129.949,129.06,210.89,67.06,187.24,130.39
6118,606380.469553,69.681,60,-140.368,27.378,46.731,134.578,128.953,131.88,210.83,63.14,181.89,129.34
6119,606380.474815,69.279,62,-141.081,26.386,48.67,137.558,129.993,130.85,209.4,65.75,186.28,130.43
6120,606380.478344,69.713,60,-141.656,28.169,47.138,135.952,128.414,130.17,211.79,63.9,183.71,128.83
6121,606380.486687,68.847,61,-142.156,27.692,49.59,137.421,130.005,129.45,211.17,67.05,185.57,130.44
6122,606380.489491,69.428,64,-139.934,27.819,47.087,134.004,128.632,132.43,211.39,63.62,181.33,129.04
6123,606380.493496,69.261,69,-140.893,26.836,48.234,136.213,130.232,131.08,209.98,65.17,184.3,130.66
6124,606380.506147,69.564,63,-140.086,27.189,48.008,137.496,129.046,132.2,210.5,64.87,186.27,129.48
6125,606380.51363,69.603,62,-140.733,26.922,47.631,136.665,130.61,131.36,210.17,64.36,184.9,131.02
6126,606380.517722,69.159,61,-140.299,29.328,48.791,137.143,128.867,131.99,213.36,66.14,185.29,129.3
6127,606380.522771,68.838,61,-141.062,27.812,48.579,134.568,130.775,130.74,211.24,65.63,181.8,131.25
6128,606380.525904,69.359,64,-139.481,27.13,48.396,137.291,129.261,133.04,210.44,65.42,185.72,129.68
6129,606380.529921,70.62,57,-140.308,27.067,46.036,138.732,130.606,131.86,210.31,62.19,187.78,131.0
6130,606380.537728,68.813,62,-139.655,29.096,49.355,136.558,129.25,132.74,213.05,66.69,184.74,129.66
6131,606380.541823,70.068,60,-139.005,28.294,47.109,138.19,130.601,133.54,211.92,63.64,186.9,131.02
6132,606380.545134,69.336,60,-138.817,26.979,48.652,137.864,129.551,133.9,210.22,65.75,186.78,129.97
6133,606380.549745,71.211,51,-139.55,27.57,44.889,139.375,129.629,132.9,211.03,60.66,188.47,130.03
6134,606380.553438,69.121,57,-139.67,28.258,49.365,138.515,129.752,132.76,211.95,66.68,187.69,130.18
6135,606380.56187,70.536,57,-138.428,27.715,46.356,139.119,130.129,134.36,211.18,62.66,188.21,130.55
6136,606380.566004,69.526,60,-138.559,26.76,48.407,138.395,129.851,134.23,209.9,65.41,187.56,130.27
6137,606380.569087,70.696,56,-139.999,27.603,45.737,138.351,128.793,132.27,211.03,61.79,187.54,129.19
6138,606380.574788,68.859,57,-140.223,27.867,49.588,137.491,130.105,131.95,211.37,66.99,186.1,130.55
6139,606380.578112,70.114,61,-138.983,27.099,46.573,136.921,129.692,133.64,210.37,62.96,185.07,130.12
6140,606380.59046,69.295,56,-139.858,28.734,47.253,133.651,128.628,132.58,212.68,63.87,180.42,129.04
6141,606380.594581,68.735,64,-140.576,27.892,49.6,136.762,130.4,131.52,211.43,67.01,185.14,130.82
6142,606380.598856,69.657,66,-139.501,27.097,47.514,136.677,129.328,132.94,210.33,64.22,184.97,129.74
6143,606380.601987,69.266,64,-140.143,26.874,48.267,136.339,130.516,132.19,210.12,65.27,184.18,130.92
6144,606380.606195,68.721,60,-141.265,28.536,48.587,133.882,129.145,130.47,212.21,65.62,180.9,129.61
6145,606380.613833,69.062,65,-141.189,28.035,49.052,137.266,130.659,130.71,211.64,66.27,185.54,131.07
6146,606380.617792,69.09,56,-139.746,27.785,48.355,135.485,128.846,132.65,211.32,65.38,182.75,129.23
6147,606380.621318,69.505,67,-141.113,26.997,47.789,136.494,130.881,130.84,210.26,64.54,184.76,131.32
6148,606380.627226,68.757,68,-140.908,29.296,49.487,136.584,128.94,131.1,213.35,66.84,185.02,129.39
6149,606380.629568,69.1,63,-141.283,28.078,48.654,136.387,130.56,130.64,211.73,65.71,184.34,131.01
6150,606380.637098,69.152,64,-140.522,26.989,48.817,137.166,129.396,131.6,210.21,65.96,185.77,129.83
6151,606380.641582,70.785,56,-141.633,26.805,46.173,140.294,130.428,130.17,210.03,62.35,189.85,130.85
6152,606380.645796,69.061,60,-141.11,28.765,49.59,138.76,129.466,130.78,212.6,67.0,187.72,129.91
6153,606380.651143,69.275,57,-141.309,27.471,47.592,134.486,131.002,130.34,210.76,64.26,181.6,131.52
6154,606380.653898,69.108,62,-140.23,26.774,49.095,137.67,129.561,131.96,209.88,66.35,186.26,129.98
6155,606380.658813,70.03,54,-139.702,28.511,45.684,133.76,129.692,132.7,212.32,61.71,181.14,130.07
6156,606380.665995,68.612,61,-141.127,28.211,50.028,137.182,129.629,130.81,211.89,67.57,185.72,130.07
6157,606380.67888,70.25,59,-140.864,27.646,46.542,137.734,128.969,131.1,211.07,62.89,186.35,129.38
6158,606380.681772,67.914,64,-139.965,28.774,50.126,133.313,129.649,132.34,212.65,67.7,180.43,130.02
6159,606380.69052,69.997,62,-139.513,27.033,47.009,137.427,129.416,133.0,210.3,63.55,185.93,129.82
6160,606380.694001,68.861,60,-139.765,26.719,49.014,135.913,130.39,132.58,209.83,66.23,183.99,130.83
6161,606380.697731,68.891,60,-140.892,27.976,47.996,133.27,129.224,131.04,211.52,64.82,180.45,129.69
6162,606380.703145,68.768,61,-140.001,27.975,49.737,137.341,130.478,132.28,211.54,67.18,186.1,130.9
6163,606380.705597,69.461,61,-138.56,27.249,48.035,136.911,129.078,134.17,210.52,64.99,184.6,129.46
6164,606380.713686,69.168,64,-138.835,27.054,48.428,136.174,130.687,133.77,210.24,65.48,184.06,131.13
6165,606380.717964,69.153,59,-138.427,29.541,49.153,138.118,129.131,134.44,213.7,66.41,187.24,129.56
6166,606380.722048,68.532,59,-138.665,28.636,49.255,134.583,130.499,134.18,212.56,66.58,181.64,130.84
6167,606380.725709,68.852,67,-138.124,27.034,49.188,136.338,129.339,134.83,210.28,66.49,184.75,129.76
6168,606380.729857,69.516,52,-139.676,26.501,47.291,135.137,131.162,132.63,209.5,63.91,182.49,131.65
6169,606380.733969,68.337,60,-138.309,29.628,49.809,134.932,128.933,134.72,213.96,67.31,181.94,129.3
6170,606380.741973,68.937,65,-138.896,27.996,49.04,136.449,130.642,133.75,211.55,66.27,184.74,131.05
6171,606380.745761,68.594,59,-139.166,26.434,49.142,134.644,129.89,133.24,209.35,66.45,181.51,130.4
6172,606380.749202,69.542,55,-138.707,28.031,47.02,134.523,129.705,134.21,211.84,63.52,181.58,130.03
6173,606380.766359,68.583,67,-139.461,26.783,49.886,136.617,129.609,133.17,210.08,67.45,184.43,130.0
6174,606380.769617,70.31,58,-140.593,27.432,46.804,138.914,129.432,131.52,210.83,63.22,188.19,129.85
6175,606380.773706,68.361,60,-140.701,27.974,50.84,137.866,129.754,131.43,211.6,68.72,186.01,130.17
6176,606380.778755,70.017,60,-140.024,27.216,47.539,139.111,129.43,132.22,210.49,64.26,188.11,129.87
6177,606380.781982,68.446,63,-140.361,26.65,50.41,137.219,129.818,131.86,209.79,68.13,185.63,130.25
6178,606380.789948,69.494,57,-141.988,27.433,47.796,136.439,128.483,129.65,210.84,64.59,184.37,128.93
6179,606380.793888,67.439,66,-140.92,28.487,51.137,133.284,129.442,131.14,212.33,69.07,180.21,129.85
6180,606380.797379,69.326,64,-140.695,26.638,48.352,136.954,128.841,131.37,209.73,65.34,185.42,129.28
6181,606380.80261,68.578,61,-140.885,26.398,49.987,136.86,130.117,131.14,209.44,67.55,185.1,130.55
6182,606380.805596,68.183,65,-142.477,27.778,49.237,132.488,129.051,128.98,211.29,66.51,179.08,129.55
6183,606380.809425,67.812,64,-141.233,28.507,50.497,133.717,129.759,130.73,212.39,68.23,180.2,130.14
6184,606380.817791,68.701,67,-140.695,26.532,49.488,136.244,128.623,131.39,209.59,66.91,184.12,129.07
6185,606380.821605,68.624,66,-141.266,26.207,49.538,135.91,130.421,130.66,209.2,66.97,183.47,130.85
6186,606380.825013,68.097,63,-142.016,28.199,49.916,133.809,128.987,129.51,211.8,67.43,180.69,129.52
6187,606380.830721,68.547,65,-141.749,27.558,50.052,136.851,130.095,129.9,210.93,67.61,185.11,130.54
6188,606380.833211,68.881,62,-140.56,26.703,49.335,136.925,129.048,131.54,209.82,66.66,185.39,129.49
6189,606380.843029,69.251,64,-141.449,26.44,48.588,137.146,130.198,130.35,209.47,65.63,185.75,130.63
6190,606380.855634,68.425,63,-140.477,26.827,50.383,137.012,129.057,131.71,210.03,68.1,185.37,129.49
6191,606380.858107,70.011,57,-141.624,26.809,47.478,138.894,130.132,130.21,209.97,64.4,186.95,130.51
6192,606380.866584,67.895,59,-141.029,28.371,51.314,136.364,128.877,131.04,212.18,69.33,184.49,129.29
6193,606380.869777,69.648,61,-140.491,27.616,48.228,138.672,129.917,131.61,211.03,65.17,187.54,130.33
6194,606380.873559,68.532,61,-140.487,26.628,50.302,137.445,129.35,131.69,209.74,68.04,185.4,129.78
6195,606380.878292,70.64,50,-141.65,27.187,46.901,141.475,128.637,130.17,210.51,63.34,191.42,129.12
6196,606380.881419,68.132,58,-141.624,27.801,51.115,137.229,129.454,130.12,211.31,69.03,185.9,129.91
6197,606380.885503,69.684,60,-140.481,26.938,47.942,138.08,128.807,131.61,210.09,64.82,186.28,129.21
6198,606380.893966,68.317,61,-140.483,26.47,50.479,136.627,129.468,131.48,209.4,68.23,184.34,129.98
6199,606380.897527,69.707,60,-141.353,27.81,47.814,137.865,127.754,130.56,211.39,64.61,186.4,128.16
6200,606380.902422,68.221,61,-141.525,27.732,50.9,137.186,129.445,130.31,211.25,68.76,185.59,129.91
6201,606380.905561,69.293,62,-139.971,26.749,48.404,136.894,128.513,132.34,209.88,65.42,185.36,128.95
6202,606380.910124,68.631,66,-140.254,26.354,49.628,136.198,129.676,131.98,209.37,67.08,184.19,130.13
6203,606380.918202,68.455,62,-141.521,27.89,48.915,133.198,128.605,130.14,211.36,66.07,180.01,129.12
6204,606380.921708,67.911,62,-139.881,29.032,50.126,133.296,128.831,132.51,213.05,67.71,180.34,129.24
6205,606380.926289,68.939,67,-139.453,26.776,49.001,136.355,128.485,133.06,209.92,66.26,184.34,128.92
6206,606380.93451,68.136,61,-141.204,28.169,49.567,133.1,128.734,130.6,211.76,66.96,179.97,129.23
6207,606380.943308,68.523,66,-140.625,27.723,49.887,136.256,129.709,131.45,211.2,67.39,184.63,130.14
6208,606380.945749,68.838,63,-139.38,26.76,49.278,136.503,128.604,133.2,209.96,66.66,184.24,128.99
6209,606380.949792,69.417,64,-140.319,26.62,48.067,136.72,129.824,131.93,209.75,65.03,184.85,130.24
6210,606380.95521,68.482,64,-140.102,28.82,50.11,136.618,128.503,132.14,212.65,67.76,184.44,128.95
6211,606380.963105,68.887,61,-139.804,26.826,49.552,137.563,128.829,132.63,210.03,66.98,186.14,129.28
6212,606380.970014,69.45,53,-139.44,28.568,46.798,133.318,128.911,133.08,212.41,63.21,180.52,129.29
6213,606380.973274,68.468,61,-140.771,28.366,50.607,137.886,128.78,131.29,212.09,68.37,186.72,129.23
6214,606380.97728,69.846,58,-140.172,27.598,47.718,138.495,129.434,132.12,211.08,64.5,187.27,129.88
6215,606380.983025,68.797,62,-140.218,26.839,49.696,137.406,129.158,132.05,210.04,67.2,185.54,129.56
6216,606380.985792,69.957,54,-140.722,28.124,46.701,136.263,128.335,131.39,211.82,63.12,183.98,128.71
6217,606380.993804,68.492,62,-141.436,28.079,50.463,137.638,129.212,130.44,211.73,68.17,186.23,129.67
6218,606380.99806,69.886,58,-140.633,27.12,47.328,137.627,128.704,131.45,210.38,63.99,185.8,129.15
6219,606381.002364,68.923,60,-140.54,26.912,49.535,137.742,129.298,131.58,210.11,66.93,186.53,129.74
6220,606381.006251,69.516,56,-141.023,28.507,47.508,135.757,127.65,131.05,212.38,64.2,183.38,128.05
6221,606381.00934,68.246,56,-141.663,27.972,50.092,135.155,129.427,130.18,211.65,67.69,182.36,129.86
6222,606381.026527,68.51,60,-141.813,28.184,48.936,133.581,128.507,129.81,211.79,66.1,180.66,129.0
6223,606381.029941,68.918,64,-141.562,27.753,49.346,137.188,129.765,130.17,211.22,66.66,185.62,130.19
6224,606381.034085,68.554,61,-139.642,27.58,48.756,133.349,127.97,132.78,211.04,65.9,180.51,128.36
6225,606381.037522,69.17,66,-141.241,26.338,48.454,136.261,129.947,130.64,209.33,65.45,184.53,130.38
6226,606381.046443,68.819,65,-140.947,28.597,49.448,136.858,128.419,131.09,212.43,66.81,185.19,128.87
6227,606381.050148,68.578,63,-142.107,27.129,48.928,133.964,130.178,129.37,210.34,66.08,181.09,130.67
6228,606381.05346,69.142,64,-140.583,26.497,48.855,137.212,128.693,131.5,209.51,66.03,185.65,129.12
6229,606381.058541,69.808,59,-141.581,26.272,47.327,137.111,129.967,130.18,209.24,63.92,185.7,130.4
6230,606381.062246,68.64,60,-141.199,28.361,49.589,136.15,128.709,130.7,212.06,67.05,183.79,129.19
6231,606381.070028,69.014,61,-142.096,26.791,47.841,133.58,130.458,129.49,209.93,64.69,180.62,130.89
6232,606381.074209,68.835,64,-140.539,26.642,49.191,136.244,128.998,131.62,209.78,66.54,183.56,129.38
6233,606381.077177,70.521,57,-141.257,27.261,45.998,137.941,129.336,130.67,210.66,62.14,186.21,129.77
6234,606381.082512,68.642,61,-141.551,27.931,49.961,137.182,129.124,130.24,211.5,67.49,185.73,129.57
6235,606381.085846,70.051,59,-140.5,27.455,47.086,138.006,129.625,131.62,210.83,63.61,186.4,130.0
6236,606381.0905,69.113,61,-140.666,26.394,49.054,137.592,129.433,131.41,209.41,66.28,186.34,129.87
6237,606381.09935,71.035,53,-142.064,27.101,45.894,141.215,128.535,129.5,210.35,62.0,191.03,128.93
6238,606381.110726,69.151,58,-140.423,26.7,48.868,137.307,129.742,131.74,209.83,66.03,185.9,130.17
6239,606381.113974,69.389,59,-141.366,28.042,47.545,135.062,128.502,130.43,211.62,64.23,182.79,128.95
6240,606381.122282,68.81,62,-141.427,27.806,49.6,137.219,130.1,130.39,211.34,67.02,185.41,130.54
6241,606381.126098,69.574,62,-139.915,27.108,47.786,136.927,128.694,132.46,210.4,64.6,185.19,129.14
6242,606381.130141,68.963,64,-140.358,26.823,48.824,136.014,130.255,131.87,210.04,65.99,183.96,130.68
6243,606381.133949,68.638,61,-141.387,28.486,48.553,133.294,129.034,130.38,212.21,65.57,180.38,129.51
6244,606381.137248,68.696,64,-140.872,27.992,49.629,136.599,130.066,131.23,211.61,67.14,184.54,130.46
6245,606381.145815,69.234,60,-139.66,27.035,48.304,136.239,129.089,132.69,210.24,65.33,183.81,129.55
6246,606381.149642,69.62,63,-140.289,26.93,47.722,137.034,130.273,132.01,210.23,64.48,185.44,130.67
6247,606381.153357,69.161,60,-139.859,29.073,49.22,138.356,129.012,132.5,213.05,66.49,187.53,129.45
6248,606381.158172,69.217,61,-140.282,27.948,48.519,136.74,130.613,132.01,211.57,65.54,185.5,131.0
6249,606381.161756,68.853,60,-139.728,26.877,49.132,136.191,129.159,132.65,210.05,66.4,184.42,129.6
6250,606381.170519,70.336,57,-140.645,26.783,46.689,138.749,130.582,131.45,209.94,63.15,187.58,130.99
6251,606381.173789,67.88,58,-141.54,27.597,49.891,132.496,129.598,130.2,211.03,67.38,179.38,130.09
6252,606381.177891,69.202,60,-141.032,26.976,47.78,134.563,130.942,130.57,210.01,64.49,181.39,131.51
6253,606381.181572,69.123,65,-139.847,26.714,48.849,137.077,129.621,132.52,209.85,66.0,185.68,130.05
6254,606381.19867,70.499,57,-139.968,27.336,46.559,139.469,129.911,132.35,210.7,62.9,188.94,130.33
6255,606381.202167,69.019,58,-140.114,26.803,49.414,138.006,129.94,132.15,209.96,66.76,186.91,130.38
6256,606381.205759,70.507,53,-141.219,27.548,46.114,138.192,129.146,130.84,211.1,62.38,186.14,129.55
6257,606381.210591,68.416,58,-141.415,27.657,50.14,136.298,130.13,130.28,211.03,67.74,184.11,130.61
6258,606381.214458,70.017,59,-140.223,26.986,47.207,138.138,129.423,132.11,210.28,63.74,187.72,129.8
6259,606381.222315,69.097,61,-140.198,26.796,49.05,137.478,130.227,132.04,209.96,66.26,186.25,130.66
6260,606381.225744,69.089,59,-140.99,28.174,48.322,135.385,128.837,131.05,211.84,65.26,183.58,129.19
6261,606381.22911,68.383,60,-141.393,27.674,49.954,135.599,130.819,130.44,211.13,67.51,183.49,131.23
6262,606381.234988,69.312,63,-139.74,26.91,48.491,137.261,128.885,132.66,210.11,65.57,185.48,129.3
6263,606381.238555,68.639,65,-140.296,26.576,49.312,135.381,130.568,131.93,209.69,66.67,182.79,131.02
6264,606381.241318,68.197,61,-141.297,28.354,49.444,133.12,129.238,130.5,212.03,66.78,180.13,129.72
6265,606381.250358,68.573,65,-140.89,27.767,50.018,136.918,130.451,131.11,211.27,67.56,185.47,130.89
6266,606381.253541,69.058,62,-139.844,26.879,48.985,137.051,129.129,132.52,210.07,66.2,185.64,129.56
6267,606381.257245,69.088,66,-140.656,26.76,48.611,136.188,130.368,131.43,209.89,65.73,184.35,130.8
6268,606381.262702,68.468,63,-140.61,28.498,50.294,137.034,129.191,131.46,212.24,67.94,185.5,129.65
6269,606381.265301,68.459,62,-141.632,27.033,49.096,133.716,131.125,130.06,210.25,66.29,181.02,131.59
6270,606381.27364,68.456,68,-140.277,26.804,50.136,136.531,129.223,131.94,209.97,67.75,184.9,129.67
6271,606381.282469,68.161,61,-140.818,28.146,50.803,136.565,129.328,131.37,211.93,68.66,184.28,129.73
6272,606381.286747,69.681,61,-140.7,27.454,47.912,137.979,130.41,131.37,210.85,64.74,186.49,130.83
6273,606381.289377,68.57,63,-140.531,26.822,50.157,137.28,129.733,131.6,209.99,67.77,185.92,130.17
6274,606381.29837,70.458,55,-141.328,27.321,46.677,139.54,129.731,130.53,210.69,63.03,189.03,130.15
6275,606381.302287,68.342,60,-141.296,27.967,50.871,137.835,129.863,130.57,211.54,68.7,186.7,130.31
6276,606381.305476,69.874,58,-140.349,27.265,47.646,138.47,129.535,131.82,210.58,64.46,186.48,129.97
6277,606381.310679,68.422,62,-140.394,26.71,50.542,137.428,129.9,131.77,209.83,68.29,186.12,130.34
6278,606381.31319,70.071,59,-141.551,27.419,47.287,138.732,128.794,130.35,210.87,63.91,187.14,129.27
6279,606381.318259,68.099,61,-141.365,27.673,50.919,136.509,130.13,130.51,211.17,68.79,184.61,130.6
6280,606381.326236,69.131,64,-140.152,26.792,48.383,135.82,129.399,132.08,209.94,65.37,183.92,129.84
6281,606381.330087,68.536,64,-140.023,26.599,49.818,136.147,130.251,132.26,209.68,67.31,184.41,130.69
6282,606381.333821,68.859,59,-140.233,28.425,48.725,135.095,128.546,132.06,212.22,65.84,182.71,128.96
6283,606381.338056,68.138,62,-140.526,28.098,50.59,135.861,130.243,131.62,211.75,68.33,183.95,130.67
6284,606381.341497,68.745,63,-139.221,27.0,49.322,136.051,128.932,133.36,210.23,66.68,184.22,129.36
6285,606381.34997,68.513,62,-139.913,26.693,49.7,135.687,130.393,132.49,209.87,67.15,183.75,130.81
6286,606381.354263,68.386,62,-140.093,28.788,49.852,135.336,128.514,132.2,212.67,67.36,183.25,128.95
6287,606381.357434,68.162,65,-140.632,27.703,50.684,136.254,130.294,131.45,211.19,68.5,184.17,130.73
6288,606381.374538,67.974,65,-140.184,28.625,51.216,136.565,128.929,132.15,212.49,69.23,184.63,129.39
6289,606381.377821,68.169,63,-141.24,27.054,49.568,133.296,130.759,130.62,210.3,66.93,180.58,131.22
6290,606381.381117,67.98,67,-139.896,26.818,51.042,136.14,129.178,132.42,209.95,68.99,184.19,129.61
6291,606381.387196,69.69,55,-140.323,27.752,47.456,136.724,129.618,131.94,211.31,64.25,184.29,130.02
6292,606381.389586,67.499,62,-140.596,28.272,52.046,135.999,129.081,131.57,211.9,70.56,183.36,129.52
6293,606381.393987,69.165,64,-140.195,27.42,48.832,137.293,129.92,132.05,210.8,65.99,185.6,130.35
6294,606381.40182,67.907,66,-140.075,26.691,51.45,136.797,129.406,132.14,209.74,69.55,184.89,129.85
6295,606381.406026,69.975,56,-140.988,27.491,47.454,138.582,128.937,131.01,210.93,64.1,187.62,129.36
6296,606381.410263,67.818,61,-140.983,28.157,51.938,137.565,129.465,130.97,211.76,70.16,186.45,129.94
6297,606381.414245,69.454,59,-139.949,27.311,48.709,138.79,129.098,132.37,210.65,65.81,188.0,129.53
6298,606381.417808,67.946,61,-140.086,26.619,51.508,137.182,129.568,132.18,209.7,69.65,185.27,130.04
6299,606381.425957,69.732,55,-141.882,27.307,48.375,139.646,128.044,129.71,210.58,65.36,189.13,128.45
6300,606381.430236,67.847,61,-141.372,27.964,51.779,137.316,129.554,130.43,211.51,69.94,185.88,130.02
6301,606381.433749,68.985,61,-140.316,26.8,49.258,137.358,128.8,131.92,209.98,66.58,185.81,129.25
6302,606381.438887,68.102,66,-140.452,26.509,50.893,136.458,129.587,131.71,209.55,68.8,184.44,130.03
6303,606381.442339,68.543,61,-141.579,28.098,49.837,136.239,128.154,130.17,211.68,67.33,184.55,128.57
6304,606381.458292,67.848,68,-141.288,26.471,51.029,135.335,129.939,130.58,209.51,68.94,183.21,130.39
6305,606381.462229,67.914,63,-141.457,28.758,51.165,136.079,127.927,130.34,212.59,69.15,184.03,128.4
6306,606381.465537,67.25,65,-142.628,27.22,51.814,133.988,129.964,128.74,210.51,70.01,180.7,130.46
6307,606381.470106,68.165,69,-141.256,26.374,50.717,136.358,128.528,130.6,209.34,68.55,184.44,128.97
6308,606381.479088,68.907,63,-141.988,26.406,49.238,136.816,129.699,129.61,209.39,66.53,185.07,130.13
6309,606381.482095,67.105,62,-142.944,27.735,51.69,132.862,128.563,128.34,211.16,69.95,179.09,129.04
6310,606381.485216,68.425,65,-142.074,27.314,50.267,136.697,129.832,129.52,210.65,67.88,185.18,130.28
6311,606381.491398,68.034,66,-141.232,26.379,51.22,136.93,128.439,130.67,209.39,69.21,185.37,128.9
6312,606381.493054,69.523,57,-141.825,27.061,47.998,137.204,129.374,129.9,210.37,64.83,185.67,129.8
6313,606381.501585,67.777,61,-141.936,28.04,51.661,136.591,128.524,129.72,211.63,69.78,184.9,129.0
6314,606381.505608,69.267,61,-141.183,27.561,48.877,138.067,129.501,130.75,211.02,66.02,187.01,129.95
6315,606381.509122,68.199,65,-141.053,26.665,50.91,137.083,128.882,130.91,209.78,68.79,185.62,129.34
6316,606381.515359,69.653,57,-141.741,27.765,47.613,136.932,128.421,130.0,211.3,64.32,185.3,128.85
6317,606381.518273,67.878,63,-141.958,28.2,51.647,137.151,128.939,129.71,211.87,69.79,185.31,129.37
6318,606381.521875,69.785,60,-140.52,27.705,48.112,139.235,128.474,131.61,211.19,65.01,188.49,128.91
6319,606381.529628,68.269,61,-140.697,27.198,51.067,137.925,128.898,131.38,210.49,69.0,186.79,129.35
6320,606381.537845,68.05,63,-141.568,28.136,51.321,137.299,129.099,130.2,211.76,69.31,186.0,129.55
6321,606381.542833,69.098,67,-140.215,27.348,48.727,136.575,128.323,132.03,210.7,65.85,184.93,128.76
6322,606381.545997,68.482,66,-140.334,27.028,49.968,136.227,129.414,131.9,210.29,67.53,184.33,129.87
6323,606381.554228,68.674,60,-140.152,29.146,49.741,136.772,128.132,132.04,213.11,67.25,184.38,128.58
6324,606381.557735,67.769,65,-141.443,27.748,50.646,133.86,130.122,130.36,211.22,68.47,180.79,130.59
6325,606381.561259,68.605,70,-139.665,26.998,49.485,135.649,128.117,132.76,210.22,66.88,183.68,128.56
6326,606381.566353,68.613,65,-140.321,26.556,49.482,135.691,129.91,131.92,209.64,66.91,183.71,130.32
6327,606381.569704,68.536,63,-139.865,28.896,50.013,136.679,128.044,132.55,212.83,67.59,185.01,128.5
6328,606381.577881,68.448,63,-140.521,27.612,50.107,136.402,129.694,131.68,211.1,67.69,184.52,130.17
6329,606381.581746,68.765,65,-139.301,26.777,49.403,136.403,128.582,133.28,209.95,66.79,184.58,129.03
6330,606381.585274,69.465,62,-140.189,26.659,48.172,137.331,129.828,132.01,209.74,65.12,185.64,130.24
6331,606381.591053,68.292,62,-139.834,28.424,50.605,136.818,128.688,132.55,212.17,68.38,185.37,129.13
6332,606381.593736,69.239,64,-139.37,27.876,48.617,137.153,129.99,133.12,211.39,65.69,185.62,130.4
6333,606381.599099,68.454,64,-139.102,26.984,50.261,136.857,128.703,133.49,210.17,67.98,184.84,129.15
6334,606381.606048,69.951,58,-139.67,27.654,47.003,137.106,129.339,132.84,211.22,63.51,185.4,129.72
6335,606381.609488,68.008,60,-139.325,28.793,50.794,135.64,128.677,133.26,212.71,68.66,183.21,129.06
6336,606381.622575,70.298,58,-139.999,28.023,46.986,139.368,128.621,132.28,211.59,63.49,188.67,129.02
6337,606381.629389,68.337,60,-140.046,28.725,50.775,137.549,129.361,132.27,212.58,68.63,185.86,129.77
6338,606381.634295,69.543,65,-139.181,27.854,48.058,137.506,128.576,133.41,211.39,64.95,186.27,129.0
6339,606381.63746,68.357,65,-139.307,27.507,50.452,136.795,129.285,133.24,210.92,68.18,185.29,129.72
6340,606381.642643,69.499,62,-140.627,28.573,48.153,137.492,127.959,131.49,212.38,65.06,186.13,128.38
6341,606381.645737,67.666,65,-139.837,29.374,50.788,133.651,128.99,132.6,213.54,68.61,180.75,129.39
6342,606381.654305,69.297,65,-139.735,27.698,48.46,137.079,128.704,132.68,211.18,65.52,185.31,129.13
6343,606381.658764,68.694,67,-140.02,27.584,49.616,136.555,129.551,132.28,211.02,67.03,184.97,129.99
6344,606381.66115,68.575,62,-140.492,29.11,49.231,134.776,128.138,131.75,213.17,66.51,182.39,128.54
6345,606381.666481,68.248,64,-140.765,28.584,50.096,135.181,129.828,131.4,212.51,67.69,182.54,130.23
6346,606381.669219,68.71,67,-140.135,27.513,49.428,136.13,128.345,132.11,210.89,66.81,184.19,128.78
6347,606381.678729,68.747,66,-141.151,27.085,49.23,135.81,130.279,130.8,210.39,66.51,183.7,130.71
6348,606381.681943,67.945,63,-141.462,28.284,50.295,133.943,128.486,130.29,211.93,67.95,181.15,128.97
6349,606381.686044,68.786,64,-141.458,27.681,49.331,136.33,130.185,130.43,211.23,66.67,184.08,130.6
6350,606381.689709,68.719,63,-140.685,26.542,49.669,136.849,128.847,131.45,209.61,67.23,184.86,129.3
6351,606381.695209,69.444,59,-142.001,25.996,47.812,136.169,130.217,129.59,208.85,64.57,184.33,130.67
6352,606381.70617,69.659,63,-141.136,27.071,47.902,137.806,130.062,130.81,210.3,64.85,186.0,130.47
6353,606381.711354,68.681,61,-141.025,26.091,49.96,137.42,129.122,130.93,208.99,67.51,186.07,129.57
6354,606381.713291,70.488,56,-142.642,25.96,46.551,139.375,129.672,128.73,208.81,62.86,188.78,130.1
6355,606381.718588,68.181,59,-141.988,27.727,50.711,136.442,129.2,129.77,211.3,68.56,184.46,129.61
6356,606381.721342,69.988,60,-141.315,26.864,47.395,138.49,129.471,130.64,210.14,64.05,187.05,129.89
6357,606381.730245,68.617,63,-141.161,26.358,50.065,137.314,129.394,130.83,209.41,67.69,185.42,129.8
6358,606381.733746,70.277,60,-142.352,27.202,46.695,138.365,128.605,129.17,210.53,63.11,186.67,129.02
6359,606381.737328,68.464,60,-142.343,27.739,50.459,137.462,129.465,129.28,211.32,68.19,185.55,129.92
6360,606381.742299,69.879,62,-141.207,26.799,47.508,138.102,128.902,130.68,209.95,64.18,187.05,129.33
6361,606381.746476,68.673,61,-141.205,26.439,49.695,136.642,129.698,130.63,209.44,67.12,184.93,130.17
6362,606381.749669,69.732,60,-141.754,27.989,47.489,137.087,128.232,130.08,211.69,64.18,185.07,128.63
6363,606381.757962,68.237,61,-142.051,27.855,50.297,135.657,130.031,129.53,211.38,67.94,183.3,130.53
6364,606381.761537,69.557,61,-140.341,26.941,47.873,137.063,128.897,131.88,210.17,64.67,185.79,129.32
6365,606381.764948,69.006,64,-140.231,26.798,49.025,136.837,129.934,131.96,209.93,66.25,185.15,130.36
6366,606381.770488,68.568,63,-141.497,28.35,48.433,132.546,129.145,130.28,212.06,65.43,179.27,129.62
6367,606381.773726,68.29,60,-140.313,28.772,49.81,134.654,129.609,132.08,212.86,67.3,181.48,129.95
6368,606381.782042,69.403,64,-139.571,27.071,48.155,136.885,129.104,132.94,210.39,65.1,185.04,129.51
6369,606381.78991,69.219,59,-139.987,29.023,48.754,137.411,128.644,132.34,212.99,65.86,186.24,129.08
6370,606381.795639,68.373,58,-140.533,27.833,49.487,134.27,130.245,131.6,211.41,66.85,181.4,130.71
6371,606381.797343,69.334,63,-139.337,26.825,48.456,137.304,129.129,133.2,209.99,65.49,185.96,129.56
6372,606381.806647,69.94,63,-140.117,26.802,47.005,137.036,130.227,132.14,209.97,63.49,185.68,130.65
6373,606381.810044,68.792,60,-139.803,28.525,49.596,137.1,129.12,132.62,212.34,67.02,185.52,129.55
6374,606381.813736,69.024,62,-140.753,26.95,47.896,133.799,131.047,131.32,210.22,64.73,180.72,131.48
6375,606381.819975,68.983,65,-139.324,26.659,49.098,136.896,129.446,133.19,209.74,66.36,185.27,129.86
6376,606381.822231,70.399,56,-139.818,27.418,45.969,137.028,129.833,132.81,211.09,62.16,184.38,130.16
6377,606381.826141,68.677,63,-139.918,28.321,49.921,137.289,129.411,132.43,212.04,67.44,186.01,129.85
6378,606381.833993,69.985,62,-139.183,27.582,47.337,138.302,130.111,133.41,211.04,63.95,187.41,130.53
6379,606381.837683,68.756,59,-139.627,26.514,49.141,135.624,129.987,132.48,209.35,66.48,182.43,130.52
6380,606381.841688,70.359,60,-140.231,27.639,46.475,138.266,128.997,132.16,211.24,62.85,186.22,129.39
6381,606381.846632,68.549,61,-140.429,28.024,50.214,137.306,129.984,131.68,211.59,67.83,185.8,130.44
6382,606381.849277,69.805,63,-139.436,27.031,47.44,137.418,129.263,133.07,210.28,64.11,186.11,129.69
6383,606381.858534,68.786,60,-139.52,26.779,49.694,137.334,129.957,132.95,209.93,67.15,186.01,130.39
6384,606381.862061,69.418,63,-141.129,27.848,47.763,135.866,128.6,130.94,211.43,64.63,183.81,129.02
6385,606381.865557,68.361,60,-141.245,27.666,50.522,137.006,130.004,130.68,211.16,68.25,185.38,130.46
6386,606381.873919,69.005,60,-140.487,26.577,49.159,137.207,130.073,131.72,209.71,66.46,185.6,130.48
6387,606381.8831,68.341,63,-142.258,27.825,48.995,132.749,129.286,129.23,211.32,66.17,179.45,129.8
6388,606381.88633,68.518,61,-142.092,27.429,49.778,135.928,130.659,129.43,210.76,67.23,183.83,131.11
6389,606381.889447,69.091,63,-140.856,26.566,48.791,136.715,128.899,131.2,209.63,66.06,184.48,129.34
6390,606381.894888,69.031,64,-141.649,26.19,48.592,135.785,130.798,130.12,209.13,65.71,183.74,131.22
6391,606381.897589,68.845,65,-141.543,28.511,49.438,136.987,128.763,130.3,212.33,66.79,185.24,129.2
6392,606381.901945,68.67,66,-142.265,27.132,49.419,135.865,130.429,129.31,210.46,66.74,183.77,130.85
6393,606381.909919,69.413,61,-141.175,26.132,48.474,137.851,129.29,130.78,209.08,65.55,186.0,129.72
6394,606381.913805,70.058,63,-141.999,26.087,46.903,137.516,130.254,129.61,209.0,63.33,186.3,130.68
6395,606381.917497,67.85,62,-142.496,27.509,49.457,131.173,130.43,128.88,210.88,66.78,177.61,130.89
6396,606381.923382,69.096,63,-142.36,26.645,47.912,134.284,130.944,128.98,209.65,64.7,181.37,131.44
6397,606381.925856,69.0,64,-141.327,26.163,49.117,137.06,129.529,130.53,209.08,66.39,185.23,129.97
6398,606381.934134,70.342,52,-141.495,27.463,45.971,136.654,129.67,130.64,211.28,62.03,183.75,129.93
6399,606381.937744,68.597,63,-142.064,27.887,50.002,137.02,129.519,129.51,211.41,67.58,184.9,129.94
6400,606381.941768,69.903,61,-141.247,27.123,47.319,137.714,130.076,130.64,210.41,63.9,186.54,130.51
6401,606381.945991,69.038,62,-141.083,26.456,49.194,137.51,129.801,130.89,209.53,66.48,186.0,130.23
6402,606381.949558,70.3,60,-142.097,27.308,46.674,138.455,128.917,129.6,210.71,63.03,187.21,129.39
6403,606381.966439,68.728,65,-140.607,26.599,49.657,136.87,130.026,131.49,209.68,67.08,185.35,130.47
6404,606381.970404,69.449,62,-141.533,27.99,47.901,136.454,128.432,130.47,211.67,64.83,184.45,128.84
6405,606381.974263,68.197,60,-141.927,27.456,50.361,135.589,130.342,129.65,210.81,68.0,183.45,130.82
6406,606381.977497,69.378,66,-140.014,26.834,48.107,136.587,129.152,132.28,210.0,65.01,184.94,129.58
6407,606381.986383,68.91,66,-140.305,26.533,48.922,135.956,130.316,131.73,209.49,66.11,183.6,130.8
6408,606381.990444,69.196,56,-139.831,29.129,48.825,137.47,129.145,132.64,213.2,66.02,185.18,129.53
6409,606381.99356,68.672,65,-140.622,27.765,49.666,136.554,130.601,131.46,211.27,67.08,185.0,131.03
6410,606381.999087,68.464,60,-138.362,27.49,48.893,133.192,128.881,134.43,210.88,66.12,180.32,129.21
6411,606382.002292,69.007,68,-139.613,26.441,48.642,135.775,130.724,132.81,209.47,65.71,183.96,131.15
6412,606382.009747,68.353,60,-140.214,28.244,49.159,133.265,129.395,131.86,211.81,66.41,179.85,129.9
6413,606382.013964,68.561,64,-139.496,27.811,49.583,135.656,130.574,133.05,211.4,67.02,183.24,130.97
6414,606382.017921,69.281,63,-138.353,26.897,48.521,137.15,129.528,134.48,210.06,65.59,185.68,129.93
6415,606382.022092,69.817,59,-138.942,26.935,47.311,137.126,130.607,133.81,210.24,63.99,185.09,131.01
6416,606382.025713,68.483,59,-138.758,28.6,49.944,136.168,129.736,134.01,212.44,67.5,184.26,130.16
6417,606382.029965,69.084,58,-138.693,27.593,48.065,134.639,131.188,134.0,211.03,64.96,181.98,131.64
6418,606382.037699,68.736,67,-137.565,27.107,49.489,136.458,129.894,135.55,210.35,66.91,184.76,130.3
6419,606382.047154,68.417,62,-138.277,28.671,50.349,136.875,129.957,134.69,212.58,68.03,185.23,130.34
6420,606382.051274,69.869,60,-137.417,27.973,47.665,138.493,130.346,135.75,211.55,64.46,187.15,130.78
6421,606382.053567,68.893,60,-137.642,27.157,49.564,137.633,130.081,135.42,210.4,67.01,186.26,130.49
6422,606382.062625,70.283,61,-139.059,27.971,46.817,138.768,129.207,133.6,211.59,63.27,187.87,129.6
6423,606382.065509,67.593,62,-138.658,29.127,50.846,133.391,129.663,134.15,213.17,68.69,180.61,130.07
6424,606382.069902,69.628,63,-138.666,27.319,47.881,137.541,129.511,134.13,210.69,64.72,186.17,129.94
6425,606382.074487,68.683,61,-138.967,27.056,49.883,137.219,130.176,133.73,210.34,67.42,185.73,130.62
6426,606382.078335,68.4,63,-141.109,28.046,48.91,132.864,129.158,130.77,211.62,66.06,179.88,129.63
6427,606382.085587,68.18,64,-141.002,27.771,50.915,136.985,130.232,131.0,211.3,68.78,185.42,130.69
6428,606382.090416,68.99,65,-140.224,26.748,49.066,136.853,129.116,132.01,209.88,66.33,184.94,129.55
6429,606382.09324,68.506,64,-141.011,26.343,49.715,135.684,130.489,130.95,209.34,67.19,183.37,130.92
6430,606382.099242,67.698,64,-142.459,27.729,50.278,132.491,129.059,128.96,211.19,67.9,179.28,129.56
6431,606382.101989,68.218,66,-142.197,27.237,50.515,136.133,130.5,129.42,210.61,68.23,184.03,130.94
6432,606382.106185,68.054,63,-142.007,26.001,50.15,134.185,129.234,129.36,208.72,67.76,180.86,129.81
6433,606382.114384,68.644,67,-142.417,25.97,49.411,135.682,130.688,129.06,208.83,66.72,183.72,131.13
6434,606382.117183,68.047,63,-142.166,28.166,50.985,136.378,128.792,129.51,211.89,68.88,184.24,129.24
6435,606382.1298,69.381,57,-142.031,27.299,47.35,134.46,129.715,129.8,210.97,63.84,181.27,129.97
6436,606382.137797,68.268,61,-142.495,27.944,51.014,137.777,129.325,128.96,211.46,68.97,186.09,129.8
6437,606382.142849,68.719,58,-142.911,26.636,48.188,132.772,131.063,128.32,209.7,65.05,179.76,131.53
6438,606382.146145,68.223,66,-141.786,26.17,50.685,136.618,129.521,129.91,209.1,68.47,184.93,129.97
6439,606382.150015,69.759,51,-141.208,28.105,46.597,134.685,129.195,130.78,211.92,62.85,182.12,129.49
6440,606382.153494,68.28,63,-142.061,28.142,50.85,137.405,129.363,129.56,211.78,68.72,185.48,129.79
6441,606382.161706,69.722,58,-140.933,27.238,48.091,138.759,129.732,131.08,210.58,64.95,187.98,130.17
6442,606382.165756,68.589,66,-140.812,26.353,49.917,136.739,129.628,131.22,209.36,67.45,184.83,130.03
6443,606382.169553,70.009,57,-141.762,27.33,47.344,138.486,128.588,129.97,210.71,63.99,187.03,129.01
6444,606382.174061,68.338,62,-141.779,27.732,50.637,137.177,129.752,130.0,211.27,68.44,185.13,130.19
6445,606382.177954,69.425,61,-140.195,26.803,48.074,136.794,129.081,132.18,210.05,64.98,185.31,129.46
6446,606382.185845,68.663,64,-140.136,26.328,49.668,136.508,129.787,132.12,209.32,67.11,184.87,130.22
6447,606382.189873,69.535,59,-140.778,27.807,48.031,137.372,128.194,131.31,211.36,64.91,185.89,128.61
6448,606382.1936,68.075,61,-140.798,27.742,50.736,135.879,129.597,131.3,211.29,68.55,183.77,130.04
6449,606382.198129,69.236,61,-139.37,26.754,48.237,136.06,128.981,133.2,209.92,65.2,184.32,129.39
6450,606382.20342,68.963,66,-139.632,26.564,48.822,136.006,130.087,132.8,209.64,65.97,184.22,130.52
6451,606382.214452,68.459,63,-139.807,27.935,49.925,135.97,130.011,132.56,211.51,67.48,183.66,130.41
6452,606382.219275,68.793,65,-138.523,27.091,49.12,135.785,128.695,134.36,210.43,66.41,183.66,129.09
6453,606382.225923,68.272,60,-139.303,28.908,49.973,134.99,128.99,133.2,212.79,67.52,182.74,129.45
6454,606382.229824,68.527,61,-139.796,27.741,48.935,133.681,130.645,132.38,211.12,66.11,180.52,131.15
6455,606382.237834,68.769,67,-138.307,27.268,49.391,136.391,129.101,134.55,210.56,66.78,184.59,129.51
6456,606382.241825,69.97,55,-138.951,27.777,46.944,137.059,129.896,133.72,211.3,63.43,185.48,130.28
6457,606382.245318,68.496,65,-139.007,29.472,50.204,136.957,128.838,133.66,213.6,67.83,185.59,129.28
6458,606382.249871,68.751,65,-139.89,27.743,48.385,133.503,130.598,132.41,211.22,65.35,180.81,131.05
6459,606382.253395,68.96,64,-138.674,27.423,49.349,137.456,129.283,134.05,210.77,66.76,185.53,129.7
6460,606382.257548,70.355,57,-139.466,28.451,46.394,137.999,128.986,133.05,212.23,62.69,186.82,129.4
6461,606382.266487,68.44,61,-140.054,28.798,50.499,137.421,129.46,132.25,212.68,68.22,186.15,129.9
6462,606382.269794,70.125,58,-139.164,27.949,47.171,138.75,129.372,133.44,211.51,63.74,187.98,129.76
6463,606382.273965,68.712,57,-139.552,27.225,49.814,137.207,129.585,132.9,210.53,67.31,185.83,130.02
6464,606382.278925,70.201,58,-140.886,28.165,46.825,138.239,128.406,131.11,211.81,63.25,187.3,128.82
6465,606382.281998,68.418,58,-141.115,28.191,50.447,137.146,129.591,130.8,211.84,68.13,185.77,130.04
6466,606382.290019,69.435,58,-140.272,27.074,47.767,135.984,129.1,131.93,210.33,64.56,183.81,129.56
6467,606382.298507,68.827,63,-140.453,28.752,48.545,134.407,128.131,131.83,212.7,65.7,181.24,128.5
6468,606382.303551,68.616,61,-141.222,27.798,49.817,136.632,130.113,130.75,211.39,67.32,184.64,130.55
6469,606382.305597,69.336,62,-139.975,26.931,48.318,136.924,128.489,132.35,210.14,65.34,184.99,128.9
6470,606382.314526,68.966,66,-140.593,26.718,48.837,136.063,130.096,131.51,209.85,65.98,184.26,130.53
6471,606382.317647,69.104,58,-140.408,28.8,49.101,137.66,128.405,131.82,212.72,66.35,186.36,128.84
6472,606382.321864,68.867,62,-140.887,27.798,49.298,136.734,130.079,131.15,211.35,66.6,185.02,130.51
6473,606382.327458,69.173,63,-139.86,26.956,48.711,137.006,128.859,132.53,210.2,65.85,185.33,129.28
6474,606382.329289,69.606,61,-140.525,27.091,47.57,136.509,129.954,131.65,210.41,64.28,184.65,130.36
6475,606382.334047,68.748,61,-140.257,28.727,49.911,137.698,128.939,132.02,212.62,67.45,186.27,129.37
6476,606382.342402,68.936,63,-140.973,27.381,48.051,133.694,130.642,130.93,210.71,64.9,180.91,131.11
6477,606382.345547,68.807,64,-139.601,27.133,49.484,136.884,129.033,132.92,210.47,66.91,185.05,129.47
6478,606382.350392,70.356,55,-139.857,28.042,46.116,137.177,129.666,132.61,211.78,62.31,185.36,130.04
6479,606382.354276,68.409,62,-139.769,28.778,50.267,136.602,129.03,132.69,212.69,67.97,184.36,129.44
6480,606382.357789,69.834,59,-139.283,27.956,47.707,138.382,129.983,133.29,211.56,64.45,187.51,130.41
6481,606382.365572,68.498,59,-140.025,26.488,49.285,134.464,129.815,132.1,209.47,66.55,181.59,130.37
6482,606382.36967,70.826,59,-139.986,27.679,45.976,139.983,129.071,132.39,211.21,62.12,189.51,129.5
6483,606382.373451,68.718,60,-139.934,28.323,49.955,137.631,129.664,132.36,211.99,67.5,186.27,130.08
6484,606382.390768,69.423,59,-139.27,28.825,46.937,133.549,128.162,133.34,212.78,63.46,180.17,128.56
6485,606382.393793,68.616,65,-140.126,27.919,49.975,137.06,129.796,132.08,211.42,67.53,185.4,130.23
6486,606382.397245,69.54,59,-139.519,26.734,47.316,135.36,129.527,132.74,209.74,63.98,182.57,130.02
6487,606382.40315,69.236,65,-139.188,26.806,48.564,136.985,129.922,133.34,209.93,65.65,185.33,130.36
6488,606382.406188,68.914,60,-139.597,28.556,48.413,134.569,128.39,132.92,212.41,65.43,182.0,128.8
6489,606382.410821,68.701,60,-140.411,27.562,49.316,135.773,130.559,131.69,210.95,66.63,183.65,130.99
6490,606382.418641,69.392,62,-139.349,26.873,48.174,136.867,128.774,133.16,210.04,65.13,185.06,129.18
6491,606382.422024,68.957,62,-140.067,26.607,48.617,135.399,130.433,132.19,209.67,65.71,183.22,130.85
6492,606382.426241,68.302,62,-140.819,28.144,49.396,133.607,129.141,131.09,211.71,66.73,180.6,129.64
6493,606382.43051,68.917,60,-140.609,27.815,48.797,135.656,130.392,131.62,211.48,65.91,183.44,130.77
6494,606382.433725,69.104,63,-139.871,26.977,48.965,137.282,129.143,132.48,210.2,66.17,185.97,129.58
6495,606382.441993,69.948,62,-141.009,26.717,47.223,137.73,130.429,130.92,209.83,63.79,186.41,130.84
6496,606382.446452,68.484,65,-140.731,28.637,49.958,136.214,129.266,131.36,212.47,67.58,183.91,129.68
6497,606382.449363,69.57,65,-140.509,27.864,47.955,137.385,130.354,131.71,211.5,64.82,185.61,130.77
6498,606382.454223,68.319,61,-141.11,26.32,49.575,134.191,129.635,130.72,209.25,66.98,181.39,130.13
6499,606382.457731,70.803,60,-141.655,26.773,46.157,140.375,130.223,130.08,209.94,62.32,190.23,130.64
6500,606382.461975,68.59,61,-141.057,28.398,49.922,136.759,129.297,130.91,212.15,67.43,185.2,129.74
6501,606382.478212,70.618,54,-141.494,27.297,46.095,138.895,129.277,130.37,210.7,62.26,187.85,129.71
6502,606382.481563,68.623,63,-141.699,27.666,50.005,137.189,129.936,129.97,211.08,67.56,185.46,130.37
6503,606382.486052,70.213,59,-140.691,26.793,46.892,138.52,129.49,131.35,209.93,63.36,187.39,129.9
6504,606382.494014,69.103,63,-140.703,26.465,49.136,137.753,130.043,131.4,209.54,66.4,186.36,130.49
6505,606382.497827,70.336,56,-142.108,27.351,46.887,139.333,128.417,129.39,210.65,63.33,188.97,128.82
6506,606382.501433,68.347,59,-141.403,28.068,49.807,134.985,129.821,130.44,211.71,67.28,182.44,130.25
6507,606382.506291,69.726,64,-140.705,26.551,47.525,137.157,129.115,131.44,209.68,64.26,185.28,129.55
6508,606382.509937,69.122,64,-141.062,26.144,48.603,136.38,130.36,130.83,209.04,65.7,184.11,130.79
6509,606382.518257,68.616,62,-142.249,27.715,48.404,132.752,129.166,129.23,211.17,65.36,179.64,129.65
6510,606382.521568,68.512,60,-141.391,27.946,49.468,135.045,130.042,130.61,211.71,66.84,182.08,130.41
6511,606382.525281,69.536,61,-140.439,26.475,48.124,137.65,129.096,131.76,209.55,65.04,186.22,129.54
6512,606382.53004,69.261,62,-140.914,26.213,48.19,136.086,130.426,131.12,209.19,65.12,184.12,130.86
6513,606382.533289,69.372,58,-140.721,28.928,48.77,138.434,128.861,131.3,212.8,65.88,187.33,129.28
6514,606382.538456,68.969,59,-141.142,27.695,49.127,136.896,130.363,130.82,211.22,66.36,185.3,130.82
6515,606382.546097,69.02,60,-139.828,26.97,48.655,135.893,129.086,132.75,210.42,65.78,183.1,129.43
6516,606382.549031,69.897,64,-140.787,26.772,47.186,137.283,130.282,131.33,209.93,63.98,185.07,130.72
6517,606382.563346,69.096,61,-139.481,26.96,49.041,137.447,129.352,133.0,210.17,66.36,185.18,129.78
6518,606382.570492,70.113,52,-139.134,28.697,45.834,134.738,129.18,133.58,212.68,61.9,182.11,129.53
6519,606382.573254,68.727,62,-139.993,28.576,49.882,137.484,129.363,132.3,212.35,67.4,186.03,129.78
6520,606382.57713,70.008,60,-139.091,27.832,47.285,138.307,130.097,133.42,211.3,63.92,186.64,130.57
6521,606382.582645,69.122,60,-138.976,26.917,49.12,137.833,129.652,133.6,210.04,66.43,186.22,130.07
6522,606382.585991,70.712,55,-139.776,27.661,45.825,138.728,129.166,132.74,211.26,61.98,186.92,129.52
6523,606382.594151,68.078,59,-139.042,29.119,49.909,133.679,129.226,133.68,213.26,67.29,181.03,129.56
6524,606382.598308,70.036,65,-138.906,27.15,46.863,137.256,129.544,133.83,210.48,63.35,185.72,129.97
6525,606382.601358,68.98,59,-138.607,27.06,48.878,136.267,129.874,134.23,210.37,66.11,183.92,130.26
6526,606382.607144,69.872,62,-139.975,28.041,46.964,136.477,128.665,132.37,211.66,63.47,184.7,129.1
6527,606382.609196,68.659,62,-139.965,28.135,49.575,136.227,130.047,132.44,211.86,66.99,184.19,130.46
6528,606382.613849,69.754,62,-139.034,27.083,47.308,136.706,129.289,133.57,210.32,63.95,185.01,129.7
6529,606382.621758,69.331,60,-139.162,26.911,48.353,136.988,130.297,133.42,210.11,65.35,185.53,130.72
6530,606382.62519,68.885,57,-140.059,28.774,48.265,133.978,128.929,132.18,212.61,65.21,181.26,129.39
6531,606382.631157,68.79,59,-140.628,27.841,49.139,135.822,130.59,131.45,211.38,66.38,183.74,131.05
6532,606382.633655,69.461,64,-139.348,27.035,48.099,137.096,129.132,133.14,210.25,65.02,185.5,129.56
6533,606382.646677,69.167,62,-140.122,29.164,49.045,137.904,128.89,132.16,213.18,66.25,186.89,129.33
6534,606382.650596,68.767,60,-141.052,27.649,48.958,135.181,130.708,130.88,211.11,66.13,182.88,131.17
6535,606382.653795,69.153,65,-139.892,26.861,48.771,137.047,129.264,132.43,210.01,65.96,185.05,129.66
6536,606382.661099,68.557,57,-141.162,28.555,49.66,135.841,129.294,130.8,212.37,67.1,184.02,129.72
6537,606382.669493,69.045,60,-141.575,27.224,47.997,134.205,130.921,130.15,210.51,64.91,181.16,131.35
6538,606382.674807,69.265,63,-140.545,26.46,48.848,137.971,129.487,131.61,209.52,66.02,186.66,129.93
6539,606382.677075,70.836,56,-141.64,26.756,45.902,139.832,129.851,130.09,209.91,61.98,189.52,130.27
6540,606382.681887,68.61,60,-141.303,28.34,49.741,136.382,129.282,130.56,212.06,67.22,184.23,129.72
6541,606382.685346,70.236,60,-140.621,27.439,46.989,138.958,130.102,131.54,210.91,63.49,187.88,130.51
6542,606382.689874,69.327,59,-140.639,26.453,48.691,137.924,129.635,131.43,209.47,65.82,186.3,130.07
6543,606382.697781,71.219,53,-142.246,26.767,45.511,141.361,129.057,129.27,209.91,61.46,191.62,129.47
6544,606382.701896,68.793,57,-141.799,27.691,49.645,137.241,129.671,129.95,211.22,67.14,184.74,130.11
6545,606382.70537,70.383,61,-140.652,26.793,46.369,138.112,129.534,131.47,210.0,62.66,186.82,129.95
6546,606382.71065,69.409,60,-140.688,26.371,48.358,137.503,130.006,131.34,209.34,65.39,185.55,130.45
6547,606382.714386,70.041,59,-140.971,28.17,46.401,135.932,128.538,131.12,211.94,62.71,183.54,128.92
6548,606382.721783,68.771,61,-141.549,27.668,49.164,135.775,130.23,130.33,211.22,66.42,183.59,130.65
6549,606382.730367,69.646,62,-140.145,26.581,47.724,137.211,130.337,131.99,209.58,64.53,185.25,130.78
6550,606382.735196,69.139,60,-141.221,28.179,47.478,133.324,129.293,130.55,211.76,64.14,180.04,129.79
6551,606382.737869,69.122,63,-140.652,27.883,48.678,136.593,130.377,131.4,211.41,65.76,184.86,130.79
6552,606382.745641,69.892,62,-139.197,26.831,47.328,137.663,129.294,133.29,209.93,64.0,185.95,129.72
6553,606382.750083,69.909,61,-139.7,26.576,46.987,136.784,130.573,132.69,209.66,63.48,185.31,130.99
6554,606382.753533,68.905,59,-140.153,28.596,48.229,134.001,129.535,131.77,212.21,65.12,180.43,130.12
6555,606382.758276,69.424,63,-139.55,27.997,48.07,136.777,130.607,132.82,211.54,64.92,185.23,131.05
6556,606382.761488,69.323,62,-138.698,26.827,47.956,135.816,129.585,134.08,210.01,64.83,184.02,129.99
6557,606382.765796,70.684,56,-139.453,26.713,46.123,139.437,130.773,133.03,209.86,62.3,189.04,131.17
6558,606382.773657,69.171,60,-138.936,29.024,48.788,137.208,129.251,133.72,212.95,65.95,185.94,129.7
6559,606382.77774,69.742,59,-138.418,28.234,47.503,137.191,130.751,134.44,211.92,64.21,185.34,131.13
6560,606382.781359,69.116,58,-139.123,26.414,47.946,134.499,130.212,133.3,209.33,64.79,181.65,130.73
6561,606382.785989,70.054,56,-137.692,28.678,45.483,133.328,129.772,135.35,212.52,61.48,180.48,130.14
6562,606382.789427,69.156,61,-139.215,28.475,49.113,138.022,129.975,133.35,212.22,66.37,186.74,130.38
6563,606382.79777,69.701,53,-139.866,26.656,46.395,133.737,130.746,132.6,209.85,62.77,180.96,131.11
6564,606382.801771,69.506,62,-138.574,26.909,48.314,137.996,129.949,134.22,210.12,65.29,186.99,130.36
6565,606382.805289,71.086,56,-139.88,27.606,45.332,139.849,129.502,132.46,211.06,61.23,189.53,129.9
6566,606382.823178,69.45,60,-139.429,26.882,48.07,136.943,130.406,133.14,210.14,65.03,184.66,130.81
6567,606382.825746,69.883,65,-140.598,28.03,46.929,136.445,129.089,131.49,211.62,63.39,184.85,129.51
6568,606382.829218,68.76,54,-140.471,28.363,49.088,135.502,130.393,131.77,212.21,66.31,182.79,130.75
6569,606382.835475,69.912,62,-140.044,26.783,47.252,137.575,129.374,132.28,209.98,63.87,186.1,129.79
6570,606382.837837,69.346,63,-140.865,26.4,47.992,136.064,130.954,131.01,209.33,64.86,183.74,131.4
6571,606382.842544,68.998,58,-142.139,27.785,47.863,133.544,129.689,129.3,211.23,64.66,180.2,130.2
6572,606382.849576,69.105,63,-141.691,27.408,48.746,136.676,130.74,130.03,210.79,65.83,185.07,131.17
6573,606382.853112,69.605,61,-140.734,26.378,47.89,137.422,129.68,131.37,209.42,64.72,185.86,130.12
6574,606382.85781,70.236,60,-141.557,26.264,46.646,137.946,130.924,130.19,209.21,63.03,186.81,131.36
6575,606382.862111,69.231,64,-141.241,28.378,48.744,137.458,129.65,130.62,212.11,65.88,185.46,130.09
6576,606382.865714,69.189,60,-142.325,26.79,47.692,134.238,131.468,129.08,209.89,64.38,181.58,131.94
6577,606382.874471,69.259,65,-140.901,26.254,48.539,137.057,129.72,131.09,209.21,65.57,185.63,130.15
6578,606382.878033,69.895,55,-140.46,27.765,45.85,133.387,130.482,131.68,211.31,61.91,180.65,130.86
6579,606382.881442,68.901,66,-141.594,28.12,49.26,136.841,129.622,130.15,211.74,66.55,184.9,130.06
6580,606382.886274,69.975,60,-141.254,27.318,47.303,138.136,130.884,130.58,210.63,63.89,186.89,131.3
6581,606382.889656,69.397,63,-140.966,26.379,48.284,137.212,130.035,131.0,209.39,65.23,185.81,130.47
6582,606382.898764,70.828,55,-141.627,27.255,45.571,138.767,129.919,130.14,210.62,61.54,187.88,130.33
6583,606382.911366,69.319,60,-140.844,26.616,48.815,138.222,130.17,131.16,209.69,65.98,186.71,130.6
6584,606382.913772,70.79,59,-141.927,27.299,45.789,139.164,129.415,129.66,210.59,61.85,188.37,129.82
6585,606382.918621,68.862,61,-141.922,27.433,49.657,137.703,130.34,129.8,210.9,67.08,186.15,130.75
6586,606382.926596,70.181,61,-140.966,26.544,46.709,137.766,129.918,130.88,209.53,63.09,186.26,130.36
6587,606382.929669,69.395,63,-141.001,26.263,48.199,136.962,130.567,130.98,209.26,65.13,185.29,130.99
6588,606382.933768,69.802,62,-141.533,27.667,47.248,136.844,129.158,130.28,211.17,63.83,185.18,129.58
6589,606382.939243,68.444,61,-140.918,28.294,49.028,133.441,130.294,131.19,212.15,66.19,180.25,130.65
6590,606382.941933,69.667,65,-140.375,26.413,47.449,136.553,129.452,131.8,209.44,64.11,184.91,129.88
6591,606382.949953,69.299,65,-140.553,26.314,48.138,136.181,130.923,131.5,209.27,65.04,184.26,131.37
6592,606382.953889,68.885,59,-141.951,27.403,47.894,132.949,130.031,129.6,210.78,64.68,179.9,130.59
6593,606382.957078,69.336,62,-141.098,27.231,48.453,137.302,131.056,130.86,210.58,65.44,185.85,131.5
6594,606382.962233,69.697,59,-139.678,26.461,47.759,137.642,129.871,132.65,209.44,64.54,186.2,130.3
6595,606382.965627,70.044,63,-140.318,26.2,46.685,136.789,131.216,131.95,209.23,63.08,184.93,131.63
6596,606382.97042,69.415,58,-139.489,28.873,48.521,138.004,129.768,133.07,212.85,65.57,186.69,130.2
6597,606382.978705,69.593,58,-139.731,27.681,47.73,136.883,131.337,132.65,211.16,64.46,185.54,131.76
6598,606382.981089,69.347,61,-138.826,26.599,48.362,137.117,130.024,133.87,209.69,65.35,185.81,130.44
6599,606382.995573,68.995,60,-138.26,28.486,47.952,133.776,130.773,134.55,212.17,64.84,181.15,131.18
6600,606383.002327,69.443,63,-138.572,26.73,48.204,137.28,130.389,134.26,209.9,65.16,185.82,130.82
6601,606383.005999,70.19,50,-138.494,28.28,45.765,135.04,129.916,134.47,212.16,61.84,182.31,130.25
6602,606383.009575,68.906,60,-139.722,28.117,49.515,137.578,130.538,132.68,211.76,66.88,186.39,130.96
6603,606383.015105,70.327,58,-138.578,27.486,46.683,138.666,130.725,134.1,210.81,63.12,187.32,131.13
6604,606383.018225,69.276,60,-138.813,26.761,48.873,138.11,130.5,133.93,209.95,66.07,186.88,130.91
6605,606383.025889,70.446,58,-140.36,27.384,46.26,138.216,129.592,131.98,210.88,62.54,186.25,130.04
6606,606383.03034,68.692,60,-140.502,27.524,49.953,137.468,130.631,131.65,210.96,67.47,186.41,131.04
6607,606383.033642,69.749,64,-139.749,26.583,47.193,136.344,130.234,132.66,209.68,63.76,184.81,130.64
6608,606383.038008,69.189,64,-139.829,26.444,48.703,137.078,130.818,132.58,209.5,65.88,185.37,131.25
6609,606383.042012,68.752,63,-141.836,27.302,48.191,132.978,129.942,129.78,210.61,65.07,180.01,130.41
6610,606383.045932,68.492,65,-141.527,27.115,49.895,136.088,131.14,130.2,210.35,67.39,184.17,131.57
6611,606383.05403,69.181,66,-140.444,26.326,48.349,136.035,129.585,131.75,209.31,65.43,183.83,130.01
6612,606383.057627,69.022,62,-141.267,25.889,48.728,136.109,131.319,130.58,208.73,65.86,183.88,131.76
6613,606383.061871,69.124,60,-141.041,28.493,49.148,137.918,129.457,130.86,212.22,66.42,186.23,129.94
6614,606383.065827,68.606,64,-142.001,27.037,49.696,136.239,131.077,129.58,210.24,67.16,183.95,131.53
6615,606383.082753,68.649,64,-141.611,28.311,49.922,137.118,129.808,130.22,212.07,67.45,185.4,130.27
6616,606383.08527,68.549,62,-142.472,26.819,48.853,133.587,131.614,128.97,209.96,66.02,180.71,132.04
6617,606383.090069,68.536,68,-141.1,26.093,49.828,136.176,129.913,130.92,209.09,67.36,183.89,130.34
6618,606383.09389,70.032,54,-141.381,26.968,46.695,136.735,130.568,130.57,210.35,63.08,184.33,130.9
6619,606383.101626,68.457,64,-141.658,28.385,50.31,137.012,129.514,130.09,212.11,67.95,185.56,129.97
6620,606383.106097,68.668,63,-142.354,26.531,48.64,133.712,131.332,129.1,209.58,65.66,181.0,131.8
6621,606383.109536,68.933,65,-140.857,25.934,49.281,137.093,130.118,131.15,208.78,66.58,185.63,130.56
6622,606383.113989,69.641,52,-140.621,27.433,46.791,134.492,129.759,131.53,210.91,63.23,181.58,130.12
6623,606383.117684,68.597,63,-141.659,27.894,50.05,137.15,130.048,130.12,211.48,67.66,184.97,130.51
6624,606383.121567,69.702,61,-140.61,27.079,47.937,138.183,130.316,131.43,210.31,64.78,186.87,130.76
6625,606383.129998,68.874,60,-140.471,26.232,49.459,137.224,130.145,131.73,209.24,66.87,185.37,130.59
6626,606383.134068,70.065,57,-141.162,27.131,47.016,137.893,129.34,130.86,210.51,63.55,186.14,129.77
6627,606383.137265,68.446,59,-141.523,27.673,50.255,136.794,130.011,130.31,211.19,67.91,184.7,130.48
6628,606383.143183,69.075,60,-140.524,26.524,48.469,135.712,129.987,131.49,209.51,65.5,183.39,130.45
6629,606383.146799,68.863,65,-140.146,26.066,48.867,135.512,130.563,132.08,208.95,66.02,183.49,131.0
6630,606383.153944,69.128,62,-140.156,27.938,48.388,135.814,128.98,132.18,211.45,65.6,183.3,129.33
6631,606383.166478,69.119,66,-139.044,26.655,48.562,136.248,130.434,133.52,209.71,65.66,184.21,130.85
6632,606383.169635,69.392,57,-138.867,28.9,48.667,138.271,128.982,133.9,212.86,65.77,187.19,129.43
6633,606383.17768,67.848,62,-138.653,28.669,50.102,132.877,129.847,134.24,212.63,67.7,179.55,130.25
6634,606383.183003,68.984,67,-137.966,27.036,49.023,136.694,129.539,135.04,210.28,66.3,184.85,129.94
6635,606383.18501,69.62,63,-138.307,27.048,47.531,136.489,130.395,134.61,210.33,64.24,184.82,130.82
6636,606383.190668,68.161,60,-139.001,28.664,49.7,133.604,129.663,133.52,212.43,67.17,180.41,130.16
6637,606383.193495,68.877,63,-137.976,28.394,49.177,136.462,130.539,135.02,212.12,66.49,184.59,130.97
6638,606383.197925,68.34,61,-137.859,26.995,49.623,134.445,129.736,135.1,210.18,67.12,181.44,130.23
6639,606383.206783,69.916,64,-138.206,27.533,47.223,137.519,130.249,134.71,210.96,63.81,186.39,130.66
6640,606383.209648,68.305,66,-138.244,29.222,50.279,136.013,129.15,134.75,213.31,67.98,183.98,129.58
6641,606383.213707,68.465,63,-139.19,27.49,48.869,133.13,130.841,133.31,210.85,66.02,180.18,131.3
6642,606383.218866,68.913,64,-137.98,27.131,49.382,137.255,129.77,135.02,210.42,66.75,185.95,130.19
6643,606383.221607,70.091,58,-138.903,27.912,46.95,137.877,129.165,133.79,211.49,63.45,186.78,129.57
6644,606383.229678,67.621,56,-138.459,29.352,50.564,132.807,129.471,134.38,213.45,68.31,179.89,129.86
6645,606383.235058,69.834,62,-138.678,27.461,47.576,138.002,129.573,134.12,210.89,64.32,186.76,130.0
6646,606383.237895,68.732,62,-138.853,27.021,49.787,137.257,129.649,133.88,210.29,67.3,185.75,130.07
6647,606383.2458,68.353,58,-140.327,28.248,50.425,136.693,129.566,131.88,211.94,68.12,185.09,130.0
6648,606383.255336,69.563,62,-139.787,27.098,47.903,137.185,129.127,132.6,210.37,64.73,185.81,129.56
6649,606383.258085,68.447,60,-140.847,26.319,49.23,134.006,130.162,131.06,209.24,66.52,181.15,130.65
6650,606383.266862,68.676,65,-141.518,27.664,49.716,136.714,130.249,130.2,211.05,67.22,184.57,130.72
6651,606383.26936,69.141,63,-140.66,26.709,48.722,136.836,128.677,131.43,209.84,65.84,185.31,129.12
6652,606383.273601,68.992,61,-141.624,26.239,48.633,135.654,130.437,130.09,209.13,65.81,183.31,130.89
6653,606383.282621,69.117,60,-141.414,28.341,49.226,138.095,128.754,130.43,212.06,66.49,187.04,129.2
6654,606383.286003,68.882,59,-142.367,27.074,48.92,135.779,130.527,129.08,210.31,66.09,183.36,130.99
6655,606383.289312,69.145,64,-141.197,26.198,48.783,137.026,129.054,130.73,209.18,65.97,184.93,129.48
6656,606383.294523,70.171,55,-142.06,26.08,46.781,137.909,130.253,129.56,208.99,63.23,186.35,130.68
6657,606383.297728,68.933,62,-141.647,28.328,49.332,137.239,128.975,130.12,212.05,66.63,185.85,129.42
6658,606383.305887,69.758,61,-141.691,27.203,47.693,137.848,130.27,130.08,210.56,64.42,186.5,130.7
6659,606383.310182,69.287,60,-141.14,26.137,48.807,137.991,129.322,130.81,209.08,66.01,186.13,129.75
6660,606383.313588,70.615,53,-141.616,26.9,45.685,137.637,129.611,130.18,210.15,61.69,186.27,130.02
6661,606383.318887,68.938,60,-141.844,28.095,49.336,137.282,129.034,129.86,211.73,66.63,185.89,129.48
6662,606383.321593,70.06,57,-141.095,27.27,47.178,138.336,130.024,130.88,210.66,63.78,186.51,130.4
6663,606383.338575,69.142,61,-141.646,27.877,49.066,137.803,129.597,130.1,211.42,66.26,186.68,130.04
6664,606383.341519,70.523,60,-140.332,27.155,46.224,138.632,129.67,131.86,210.45,62.44,187.81,130.09
6665,606383.346609,69.507,61,-140.115,26.651,48.099,137.386,129.725,132.23,209.81,65.02,185.95,130.15
6666,606383.349254,70.857,56,-140.926,27.731,45.569,138.964,128.722,131.0,211.19,61.58,188.08,129.14
6667,606383.357622,68.835,58,-141.219,27.639,49.06,135.88,129.978,130.76,211.16,66.31,183.79,130.38
6668,606383.361036,70.353,62,-139.374,27.131,46.362,137.891,129.465,133.1,210.38,62.67,186.58,129.87
6669,606383.366453,69.895,63,-139.3,26.83,47.078,136.959,130.171,133.24,210.0,63.61,185.52,130.59
6670,606383.369648,69.183,62,-140.341,28.142,47.119,132.585,129.502,131.79,211.75,63.64,179.52,129.96
6671,606383.373626,69.592,63,-139.651,28.055,48.053,137.803,130.556,132.79,211.7,64.91,186.67,130.96
6672,606383.382529,70.103,60,-138.021,27.231,46.84,137.628,129.255,134.88,210.48,63.35,185.98,129.66
6673,606383.38571,70.009,61,-138.58,26.84,46.777,136.826,130.715,134.2,210.03,63.25,184.96,131.12
6674,606383.389952,69.729,60,-138.276,29.216,47.551,137.246,129.082,134.68,213.29,64.32,185.27,129.51
6675,606383.394613,69.193,58,-138.366,28.527,47.889,134.815,130.493,134.48,212.32,64.74,182.11,130.87
6676,606383.397363,70.006,61,-137.703,27.061,46.974,137.38,129.722,135.33,210.25,63.53,186.0,130.13
6677,606383.405741,70.73,57,-138.408,27.155,45.511,137.907,130.553,134.46,210.45,61.54,186.69,130.99
6678,606383.410295,69.59,60,-138.47,29.134,47.986,137.599,129.644,134.46,213.22,64.87,186.04,130.06
6679,606383.418759,69.496,64,-138.195,27.044,47.842,136.584,129.893,134.81,210.41,64.69,184.38,130.27
6680,606383.423508,71.226,56,-139.691,27.028,45.199,140.44,130.572,132.83,210.35,61.15,189.76,130.97
6681,606383.426025,68.762,58,-140.88,27.786,48.821,134.775,130.357,131.09,211.29,65.95,182.17,130.84
6682,606383.434849,70.291,60,-139.394,27.593,46.648,138.322,130.69,133.12,211.06,63.02,187.46,131.11
6683,606383.438109,69.629,60,-139.597,26.533,47.881,137.552,130.26,132.92,209.66,64.74,185.86,130.69
6684,606383.441952,70.913,56,-140.999,27.115,45.417,138.886,129.548,130.95,210.4,61.35,188.13,129.95
6685,606383.446252,69.0,58,-141.474,27.545,49.086,136.969,130.618,130.28,210.95,66.33,184.89,131.05
6686,606383.449899,70.473,60,-140.519,26.65,46.112,137.955,129.995,131.61,209.77,62.33,186.4,130.4
6687,606383.457813,69.331,59,-140.635,26.311,48.323,136.903,130.377,131.53,209.38,65.3,184.99,130.79
6688,606383.461907,70.184,63,-141.627,27.53,46.202,136.29,129.083,130.26,210.98,62.65,183.88,129.5
6689,606383.465043,69.004,60,-142.27,27.018,49.193,137.292,130.611,129.23,210.24,66.41,185.99,131.05
6690,606383.470479,70.002,61,-141.214,26.171,46.724,136.628,130.092,130.65,209.1,63.12,184.95,130.53
6691,606383.473226,69.545,62,-141.814,25.795,47.435,135.737,131.1,129.86,208.62,64.08,183.54,131.54
6692,606383.478527,69.728,58,-141.836,27.762,47.4,136.808,129.486,129.81,211.23,64.01,184.71,129.87
6693,606383.48719,69.256,61,-142.145,27.057,48.617,137.257,131.093,129.58,210.41,65.81,184.84,131.56
6694,606383.489521,69.691,64,-140.883,26.278,47.586,137.102,129.738,131.12,209.25,64.29,185.66,130.17
6695,606383.503722,69.64,60,-141.597,27.098,47.932,137.77,131.197,130.15,210.38,64.76,186.16,131.62
6696,606383.510128,69.147,63,-140.747,25.937,48.518,136.298,130.088,131.32,208.82,65.57,184.34,130.52
6697,606383.514341,70.466,56,-141.614,25.91,46.022,137.639,131.319,130.12,208.78,62.11,186.34,131.73
6698,606383.517532,69.031,63,-140.912,28.356,49.136,137.302,129.961,131.1,212.1,66.35,186.05,130.4
6699,606383.522271,69.771,63,-140.547,27.266,47.497,137.364,131.187,131.6,210.64,64.16,185.91,131.61
6700,606383.525404,69.087,63,-140.222,26.033,48.782,136.662,130.22,131.98,208.92,65.91,184.87,130.65
6701,606383.53383,71.437,52,-141.45,26.029,45.448,142.764,130.808,130.28,208.87,61.42,192.81,131.2
6702,606383.537804,68.853,57,-140.893,28.008,49.387,136.896,130.042,131.21,211.7,66.74,184.9,130.45
6703,606383.541203,70.063,59,-139.912,27.188,47.267,138.619,130.913,132.36,210.45,63.87,187.51,131.34
6704,606383.546201,69.449,60,-139.705,26.262,48.271,137.509,130.46,132.64,209.2,65.24,186.04,130.89
6705,606383.549168,70.807,57,-140.604,27.105,45.884,139.573,129.774,131.52,210.4,62.0,188.66,130.19
6706,606383.553816,68.864,61,-140.469,27.735,49.613,137.591,130.634,131.67,211.23,67.01,186.4,131.06
6707,606383.561683,70.186,62,-139.006,27.03,46.726,137.85,130.275,133.66,210.3,63.14,186.62,130.7
6708,606383.565485,69.261,62,-138.893,26.741,48.668,137.436,130.652,133.78,209.88,65.75,186.25,131.07
6709,606383.571175,70.138,60,-139.694,27.977,46.817,137.797,129.339,132.67,211.53,63.24,186.86,129.74
6710,606383.574326,68.125,63,-138.817,28.801,49.777,133.598,130.144,133.93,212.73,67.23,180.86,130.54
6711,606383.590889,68.643,62,-139.67,28.181,48.502,133.182,130.151,132.57,211.73,65.53,179.91,130.65
6712,606383.59352,68.378,63,-138.738,28.362,49.598,134.602,131.003,134.17,212.28,67.02,181.62,131.37
6713,606383.598499,69.263,64,-137.97,27.07,48.438,136.797,129.891,135.0,210.3,65.48,185.2,130.29
6714,606383.601535,69.072,64,-138.595,26.855,48.387,135.466,131.401,134.18,210.01,65.44,183.5,131.83
6715,606383.609805,68.782,65,-138.58,29.166,49.368,136.409,129.549,134.31,213.26,66.71,184.49,129.95
6716,606383.613585,68.601,66,-139.128,27.942,49.523,135.728,131.23,133.47,211.52,66.91,183.65,131.63
6717,606383.617226,69.066,63,-138.372,26.885,49.004,137.157,130.146,134.52,210.1,66.24,185.68,130.57
6718,606383.622195,69.752,56,-139.438,26.837,47.362,136.852,131.061,133.04,210.02,63.97,185.45,131.47
6719,606383.625784,68.357,65,-139.297,28.972,50.285,136.341,129.969,133.29,212.96,67.97,183.89,130.37
6720,606383.633655,68.718,60,-140.351,27.216,48.548,133.755,131.748,131.68,210.44,65.56,180.84,132.23
6721,606383.638091,68.557,67,-139.153,26.824,49.942,136.614,130.12,133.44,209.99,67.52,184.7,130.53
6722,606383.641878,70.134,59,-140.062,27.542,46.801,137.724,130.468,132.23,210.99,63.21,186.59,130.88
6723,606383.645871,67.798,61,-139.985,28.956,50.862,134.6,129.592,132.42,212.99,68.71,181.92,129.99
6724,606383.650592,69.646,60,-139.784,27.677,48.277,138.803,130.688,132.6,211.17,65.21,188.05,131.12
6725,606383.653809,68.855,59,-139.893,26.869,49.719,137.829,130.291,132.47,210.08,67.2,186.41,130.72
6726,606383.662161,69.609,57,-141.034,27.652,47.58,136.558,129.446,131.21,211.3,64.24,184.03,129.97
6727,606383.670181,69.376,61,-140.595,26.709,48.085,136.515,129.689,131.47,209.8,65.0,184.31,130.12
6728,606383.675117,68.333,63,-140.566,26.509,50.267,136.145,130.544,131.56,209.58,67.92,184.21,131.0
6729,606383.67776,68.578,55,-141.41,28.101,48.79,133.587,128.82,130.53,211.79,65.92,180.99,129.19
6730,606383.686578,67.818,60,-141.265,27.939,50.954,134.961,130.169,130.86,211.81,68.79,181.76,130.48
6731,606383.690027,68.903,64,-140.428,26.499,48.893,135.834,129.515,131.72,209.54,66.06,183.9,129.96
6732,606383.693429,68.895,62,-140.751,26.214,49.12,136.416,130.616,131.25,209.13,66.37,184.57,131.06
6733,606383.698955,68.809,61,-140.662,28.49,49.523,137.002,129.087,131.39,212.23,66.91,185.42,129.54
6734,606383.701771,68.086,62,-140.971,27.698,50.313,134.813,130.493,131.06,211.23,67.97,182.32,130.93
6735,606383.705928,68.819,64,-139.872,26.607,49.349,136.58,129.205,132.49,209.7,66.69,184.98,129.64
6736,606383.714268,69.024,63,-140.563,26.463,48.676,135.972,130.723,131.6,209.51,65.84,184.15,131.13
6737,606383.717574,68.539,62,-140.249,28.711,49.98,136.61,129.038,132.01,212.58,67.54,184.86,129.48
6738,606383.722206,68.22,62,-140.139,27.905,49.875,134.417,130.3,132.18,211.51,67.38,182.02,130.7
6739,606383.727306,68.607,67,-139.366,26.632,49.643,136.093,129.492,133.2,209.75,67.11,184.12,129.94
6740,606383.729654,69.862,58,-139.71,27.104,47.356,137.55,130.22,132.67,210.27,64.19,185.5,130.65
6741,606383.738619,68.025,63,-139.305,28.894,50.697,135.482,129.275,133.32,212.88,68.52,183.17,129.68
6742,606383.741509,69.336,60,-138.56,28.129,48.562,137.614,130.621,134.23,211.75,65.7,185.54,131.01
6743,606383.746015,68.542,64,-138.227,26.896,50.0,136.679,129.493,134.73,210.11,67.59,185.26,129.9
6744,606383.76242,69.511,62,-137.897,27.688,48.162,137.593,129.989,135.13,211.17,65.08,186.5,130.4
6745,606383.765782,68.74,63,-137.593,27.243,49.52,136.567,129.829,135.54,210.57,66.98,184.61,130.22
6746,606383.768999,69.832,62,-138.208,28.321,47.388,137.448,128.984,134.73,212.05,64.09,185.79,129.39
6747,606383.775137,68.002,59,-138.56,28.301,50.843,135.735,130.24,134.2,211.97,68.7,183.84,130.68
6748,606383.778089,69.114,61,-137.651,27.369,48.083,134.869,129.366,135.21,210.59,65.02,181.93,129.88
6749,606383.782549,68.667,61,-137.209,27.587,49.833,136.985,130.012,136.0,210.94,67.47,185.23,130.42
6750,606383.79025,68.447,61,-138.961,28.418,48.729,132.648,129.05,133.65,212.13,65.83,179.66,129.51
6751,606383.793768,68.196,64,-138.517,28.323,50.628,136.306,130.198,134.34,212.07,68.42,184.51,130.63
6752,606383.797161,68.216,59,-136.773,28.196,49.173,132.504,128.817,136.6,211.87,66.48,179.57,129.17
6753,606383.802276,68.687,65,-138.253,27.122,49.349,135.776,130.289,134.72,210.46,66.75,183.36,130.69
6754,606383.805712,67.88,60,-139.501,28.686,50.084,133.01,128.994,132.9,212.48,67.7,179.73,129.48
6755,606383.814575,68.44,65,-139.271,28.192,50.034,136.158,130.327,133.28,211.85,67.59,184.52,130.75
6756,606383.817761,68.689,61,-138.724,27.111,49.835,137.126,128.932,134.11,210.45,67.39,185.37,129.36
6757,606383.821513,69.179,62,-139.684,26.95,48.548,136.583,130.395,132.73,210.17,65.59,185.03,130.81
6758,606383.827028,68.015,64,-139.883,29.041,50.72,135.481,128.847,132.46,212.99,68.53,183.48,129.3
6759,606383.829323,68.462,61,-140.417,27.721,49.558,134.994,130.393,131.75,211.24,66.96,182.48,130.85
6760,606383.837746,68.496,64,-139.397,27.047,50.112,136.704,129.001,133.19,210.36,67.73,184.9,129.43
6761,606383.845919,68.232,65,-140.632,28.515,50.858,137.138,129.057,131.48,212.29,68.7,185.79,129.51
6762,606383.851463,69.479,61,-139.865,27.791,48.365,137.971,129.903,132.48,211.3,65.37,186.46,130.3
6763,606383.853421,68.717,60,-139.888,26.647,50.069,137.941,129.263,132.5,209.77,67.72,186.1,129.69
6764,606383.857389,70.288,56,-140.845,27.354,46.757,138.623,128.954,131.18,210.72,63.16,187.82,129.38
6765,606383.865886,67.651,57,-141.842,27.505,51.109,134.413,129.524,129.8,210.9,69.07,181.31,130.02
6766,606383.869902,69.922,62,-140.073,27.16,47.641,138.775,129.346,132.28,210.51,64.41,187.49,129.78
6767,606383.873051,68.219,56,-139.65,26.988,50.042,134.865,129.204,133.03,210.49,67.63,181.63,129.54
6768,606383.877956,70.079,55,-141.69,27.247,47.353,138.974,128.216,129.93,210.5,63.96,187.97,128.68
6769,606383.881826,68.389,60,-141.323,27.655,50.593,137.37,129.565,130.52,211.11,68.34,186.08,130.01
6770,606383.889819,69.356,60,-140.328,26.7,47.953,136.012,128.715,131.78,209.77,64.84,183.53,129.21
6771,606383.894312,68.846,62,-140.179,26.676,49.405,136.904,129.659,132.08,209.8,66.79,184.89,130.08
6772,606383.896988,68.821,60,-141.144,28.159,48.615,134.562,128.26,131.0,211.87,65.87,182.0,128.65
6773,606383.903089,68.627,63,-141.149,27.775,49.863,136.819,129.85,130.87,211.37,67.41,184.56,130.32
6774,606383.906104,69.291,62,-139.923,26.872,48.492,137.132,128.484,132.42,210.06,65.58,185.28,128.94
6775,606383.914146,68.944,66,-140.301,26.725,48.763,135.722,129.944,131.87,209.84,65.9,183.63,130.39
6776,606383.918172,68.265,58,-141.133,28.443,49.271,133.052,128.701,130.7,212.14,66.58,179.66,129.2
6777,606383.921352,68.664,62,-141.005,27.805,49.103,134.957,130.068,130.73,211.19,66.32,182.13,130.59
6778,606383.935598,68.903,64,-139.911,29.144,49.387,137.205,128.559,132.44,213.15,66.73,185.85,129.0
6779,606383.941946,68.699,63,-140.78,27.58,48.48,133.455,130.411,131.24,211.02,65.49,180.52,130.88
6780,606383.946014,68.973,67,-139.251,26.921,48.866,136.191,128.85,133.32,210.12,66.04,184.45,129.28
6781,606383.949621,70.499,57,-140.09,27.053,46.208,138.42,129.693,132.26,210.4,62.45,187.12,130.08
6782,606383.954395,68.755,62,-139.982,28.655,49.599,136.878,128.811,132.34,212.48,67.01,185.42,129.25
6783,606383.957523,69.64,56,-139.454,27.857,47.565,136.712,130.025,133.05,211.39,64.29,185.09,130.42
6784,606383.96639,69.418,61,-139.065,26.734,48.409,137.703,129.178,133.56,209.87,65.43,186.52,129.6
6785,606383.96951,71.01,54,-139.735,27.545,45.472,139.739,128.965,132.66,210.98,61.43,189.35,129.37
6786,606383.973569,69.198,58,-140.156,27.973,49.233,138.629,129.424,132.22,211.65,66.56,187.17,129.86
6787,606383.978107,70.574,58,-138.758,27.454,46.222,138.976,129.41,133.93,210.81,62.45,188.23,129.8
6788,606383.981322,69.414,59,-138.845,26.772,48.308,137.391,129.606,133.8,209.87,65.31,185.88,130.02
6789,606383.986092,70.69,59,-139.774,27.764,45.79,138.473,128.545,132.62,211.28,61.85,187.9,128.94
6790,606383.99413,68.764,58,-140.139,27.79,49.093,135.535,129.998,131.95,211.2,66.34,183.01,130.5
6791,606383.997578,70.045,61,-138.795,27.043,46.471,136.169,129.372,133.86,210.25,62.82,184.23,129.79
6792,606384.002028,69.529,61,-138.649,26.995,47.726,136.466,130.003,134.11,210.22,64.5,184.88,130.42
6793,606384.005827,69.589,57,-139.777,28.469,47.044,134.891,128.825,132.54,212.19,63.57,182.53,129.28
6794,606384.009938,69.354,61,-139.778,28.098,48.476,137.483,130.243,132.59,211.7,65.5,186.22,130.63
6795,606384.022526,69.693,64,-139.393,26.952,47.277,136.228,130.34,133.16,210.2,63.93,184.02,130.75
6796,606384.026483,69.033,60,-140.13,28.726,48.12,134.479,128.978,131.99,212.46,65.02,181.69,129.42
6797,606384.030517,69.253,64,-140.215,27.989,48.211,136.096,130.423,132.0,211.57,65.15,183.99,130.87
6798,606384.033338,69.667,63,-139.388,27.081,47.704,137.285,129.245,133.15,210.37,64.52,185.33,129.64
6799,606384.042381,70.054,62,-140.387,26.826,46.618,136.659,130.501,131.91,210.13,63.0,184.61,130.89
6800,606384.046487,69.197,65,-140.185,28.861,48.777,137.339,129.186,132.08,212.77,65.89,186.08,129.63
6801,606384.049952,70.085,62,-140.128,27.987,46.99,137.954,130.514,132.14,211.6,63.47,186.94,130.94
6802,606384.053588,69.162,59,-140.199,26.69,48.42,136.117,129.558,131.98,209.77,65.46,183.8,130.02
6803,606384.057222,71.332,54,-141.395,26.547,45.185,141.162,130.321,130.47,209.63,61.14,190.77,130.73
6804,606384.062032,69.051,58,-140.698,28.467,48.908,136.791,129.171,131.39,212.25,66.07,185.2,129.6
6805,606384.069753,70.441,60,-140.25,27.403,46.43,138.687,130.341,131.93,210.76,62.75,187.28,130.75
6806,606384.07369,69.539,64,-140.329,26.197,47.933,137.118,129.786,131.83,209.12,64.81,185.1,130.23
6807,606384.077943,70.857,57,-141.044,27.142,45.106,137.551,129.221,131.03,210.56,60.99,185.37,129.58
6808,606384.081463,69.408,62,-141.391,27.488,48.65,138.323,130.032,130.4,210.87,65.78,186.52,130.45
6809,606384.086417,70.715,61,-140.153,26.777,45.703,138.381,129.737,132.08,209.87,61.88,186.57,130.12
6810,606384.094293,69.695,61,-140.282,26.312,47.858,137.912,130.144,131.96,209.33,64.66,186.65,130.58
6811,606384.097369,70.097,56,-141.723,27.045,45.733,134.336,129.349,129.92,210.23,61.87,181.18,129.83
6812,606384.106153,70.377,64,-139.86,26.709,46.168,137.473,129.674,132.43,209.81,62.4,185.92,130.11
6813,606384.110638,69.701,60,-140.34,26.318,47.152,135.919,130.705,131.8,209.28,63.73,183.67,131.15
6814,606384.118917,69.498,57,-141.115,27.76,47.019,134.248,129.55,130.72,211.24,63.54,181.54,130.05
6815,606384.121632,69.504,63,-140.731,27.529,48.092,137.353,130.787,131.23,210.88,64.99,185.64,131.2
6816,606384.125839,70.167,60,-139.538,26.738,46.787,137.902,129.573,132.93,209.87,63.25,186.4,129.99
6817,606384.13026,69.923,64,-140.063,26.553,46.718,136.089,131.047,132.09,209.56,63.11,184.02,131.51
6818,606384.133388,69.026,58,-140.805,28.223,47.801,133.546,129.617,131.0,211.74,64.6,180.16,130.12
6819,606384.14196,69.618,65,-140.343,27.715,47.747,137.094,130.931,131.86,211.23,64.5,185.37,131.34
6820,606384.145611,70.0,60,-139.218,26.782,47.186,137.964,129.821,133.31,209.9,63.77,186.75,130.22
6821,606384.149642,70.663,60,-139.855,26.871,45.715,138.059,130.909,132.49,210.07,61.74,187.1,131.32
6822,606384.153089,69.584,60,-139.71,28.951,48.137,137.995,129.83,132.72,212.91,65.02,187.05,130.26
6823,606384.159208,69.912,62,-139.408,28.152,47.204,137.438,131.154,133.1,211.82,63.75,186.28,131.57
6824,606384.16165,69.658,61,-139.19,26.913,47.925,137.864,130.078,133.4,210.13,64.78,186.51,130.52
6825,606384.170006,71.165,56,-140.228,27.14,45.226,140.085,130.776,131.97,210.41,61.08,189.68,131.16
6826,606384.173638,68.921,59,-140.06,28.689,49.098,136.516,129.893,132.29,212.6,66.33,184.65,130.3
6827,606384.178207,70.14,59,-139.544,27.749,46.873,137.972,130.949,132.88,211.23,63.33,186.7,131.34
6828,606384.186491,70.805,56,-140.919,27.118,45.614,138.737,129.888,130.93,210.32,61.63,187.31,130.35
6829,606384.195507,69.245,61,-141.176,27.585,49.04,138.385,130.767,130.72,211.03,66.22,187.53,131.2
6830,606384.197775,70.55,60,-140.133,26.814,46.136,138.556,130.264,132.02,209.89,62.34,187.26,130.66
6831,606384.201885,69.429,58,-140.337,26.471,48.509,138.055,130.681,131.88,209.54,65.59,186.28,131.11
6832,606384.206653,69.581,57,-142.377,26.874,46.587,133.532,129.771,129.04,210.01,62.9,180.76,130.22
6833,606384.209301,68.376,64,-140.883,28.278,49.188,133.478,130.143,131.19,212.11,66.32,180.65,130.5
6834,606384.214226,69.781,63,-140.89,26.261,47.118,136.331,130.321,131.04,209.18,63.66,184.37,130.75
6835,606384.222495,69.55,65,-140.897,26.229,47.845,136.938,131.019,131.08,209.18,64.67,185.02,131.47
6836,606384.226157,69.035,56,-141.156,27.989,48.285,134.949,129.509,130.78,211.61,65.24,182.3,129.91
6837,606384.229725,68.774,62,-141.308,27.377,48.859,134.95,131.332,130.55,210.75,66.07,181.97,131.75
6838,606384.234926,69.382,63,-140.562,26.206,48.116,136.642,129.932,131.45,209.07,65.04,184.61,130.35
6839,606384.23767,69.61,63,-141.129,25.971,47.627,136.698,131.587,130.74,208.82,64.34,184.99,132.02
6840,606384.247211,68.951,64,-140.621,28.247,49.088,136.674,129.775,131.43,211.88,66.32,184.76,130.23
6841,606384.24996,69.068,64,-140.818,27.224,48.664,136.215,131.476,131.15,210.51,65.72,184.38,131.92
6842,606384.254468,69.233,60,-140.011,26.201,48.565,136.968,130.308,132.26,209.13,65.61,185.49,130.74
6843,606384.258678,70.171,60,-140.72,26.157,46.711,137.702,131.395,131.3,209.07,63.1,186.43,131.8
6844,606384.26157,68.805,67,-140.136,28.461,49.437,136.739,130.223,132.04,212.14,66.81,184.87,130.65
6845,606384.278391,70.423,56,-139.78,26.792,46.227,137.96,130.895,132.77,210.16,62.52,185.62,131.25
6846,606384.281897,68.555,62,-139.573,28.494,50.032,136.847,130.162,132.98,212.37,67.7,184.03,130.54
6847,606384.285293,69.887,55,-138.415,27.87,48.028,139.667,131.178,134.45,211.45,64.88,189.35,131.6
6848,606384.289672,69.133,61,-138.457,26.455,48.951,137.423,130.621,134.36,209.49,66.15,186.21,131.04
6849,606384.299559,70.012,52,-138.353,28.063,46.413,135.779,129.629,134.68,211.87,62.73,183.22,129.98
6850,606384.301985,68.719,61,-139.151,28.251,49.821,137.27,130.597,133.43,211.93,67.3,186.06,131.01
6851,606384.305634,69.614,62,-137.904,27.399,47.825,137.29,130.528,135.11,210.78,64.63,186.07,130.93
6852,606384.310411,68.883,65,-137.896,26.989,49.122,136.345,130.652,135.14,210.22,66.42,184.4,131.07
6853,606384.314272,69.635,61,-138.586,28.262,47.431,136.297,129.53,134.29,212.04,64.11,184.32,129.93
6854,606384.322631,68.51,63,-139.09,28.319,50.148,136.886,130.437,133.52,212.02,67.76,185.21,130.83
6855,606384.325897,69.017,66,-138.126,27.313,48.827,136.352,130.31,134.85,210.69,66.0,184.59,130.74
6856,606384.329449,69.221,63,-138.406,26.887,48.504,136.723,130.88,134.46,210.11,65.57,185.02,131.31
6857,606384.334219,68.441,62,-139.147,28.486,49.443,134.552,129.708,133.41,212.22,66.81,182.2,130.16
6858,606384.337934,68.52,66,-139.341,28.115,50.073,136.745,130.893,133.22,211.77,67.65,185.15,131.33
6859,606384.34608,68.839,62,-138.403,27.244,49.073,135.94,129.769,134.47,210.58,66.36,183.72,130.2
6860,606384.349881,68.759,69,-139.175,27.0,49.107,135.548,130.804,133.4,210.23,66.35,183.65,131.23
6861,606384.362547,68.719,63,-139.565,26.655,49.802,137.217,129.911,132.95,209.81,67.34,185.44,130.35
6862,606384.36555,69.629,60,-140.586,26.871,47.785,137.275,130.461,131.57,210.13,64.55,185.73,130.86
6863,606384.37454,68.225,59,-140.715,28.116,51.087,137.713,129.746,131.26,211.66,69.04,186.06,130.19
6864,606384.377823,69.458,60,-140.214,27.408,48.551,138.361,130.685,131.92,210.7,65.64,186.46,131.05
6865,606384.381996,68.456,59,-140.474,26.404,50.645,137.916,129.753,131.63,209.37,68.45,186.52,130.18
6866,606384.386327,69.279,51,-140.37,27.878,47.098,133.113,130.042,131.79,211.44,63.62,180.24,130.43
6867,606384.39015,68.09,61,-141.829,27.39,51.109,136.965,129.796,129.85,210.74,69.06,185.02,130.26
6868,606384.397755,69.428,63,-141.027,26.775,48.257,137.334,129.894,131.02,210.03,65.21,185.48,130.29
6869,606384.40175,68.403,64,-141.312,26.087,50.338,136.761,129.95,130.5,208.94,68.03,184.98,130.38
6870,606384.405053,69.468,62,-142.195,27.007,47.909,136.598,129.008,129.35,210.23,64.7,184.99,129.45
6871,606384.410325,67.975,67,-142.428,27.176,51.036,136.093,130.238,129.13,210.55,68.93,183.88,130.68
6872,606384.413586,69.47,63,-141.456,26.302,48.209,137.466,129.055,130.35,209.28,65.13,186.11,129.49
6873,606384.417623,68.34,66,-141.552,26.117,50.282,136.226,130.229,130.11,208.94,68.0,183.59,130.71
6874,606384.425616,68.745,62,-142.392,27.369,48.822,134.674,128.777,128.98,210.65,65.96,181.95,129.27
6875,606384.429298,68.327,63,-142.246,27.334,50.316,136.247,130.295,129.34,210.73,67.98,184.09,130.71
6876,606384.443509,67.967,61,-142.409,27.747,49.829,132.828,129.402,128.96,211.17,67.3,179.53,129.92
6877,606384.449813,68.632,63,-141.482,27.623,49.587,136.092,130.286,130.33,211.09,66.97,184.23,130.72
6878,606384.454625,68.599,66,-140.487,26.514,49.629,136.008,128.94,131.65,209.56,67.06,184.15,129.39
6879,606384.457544,69.188,64,-141.088,26.408,48.436,136.324,130.44,130.84,209.43,65.42,184.67,130.87
6880,606384.462294,68.318,62,-140.669,28.668,50.029,135.415,128.833,131.44,212.52,67.61,182.93,129.25
6881,606384.46633,68.66,67,-140.587,27.753,49.298,135.471,130.186,131.49,211.24,66.6,183.27,130.61
6882,606384.473831,68.794,66,-139.932,26.672,49.344,136.416,129.201,132.36,209.75,66.7,184.55,129.63
6883,606384.47788,69.926,58,-140.932,26.567,47.441,138.217,130.081,131.14,209.72,64.08,187.13,130.52
6884,606384.481519,68.528,58,-140.287,28.575,50.241,137.255,129.097,131.89,212.34,67.89,185.64,129.55
6885,606384.487191,69.869,58,-139.568,27.939,47.69,138.565,130.165,132.82,211.46,64.45,187.08,130.6
6886,606384.489919,68.778,62,-139.236,27.093,49.717,137.344,129.267,133.4,210.41,67.21,185.74,129.7
6887,606384.493786,69.899,53,-138.889,28.814,46.166,134.327,129.028,133.76,212.73,62.43,181.53,129.37
6888,606384.503006,68.636,64,-140.127,28.052,50.268,137.988,129.439,132.1,211.62,67.93,186.71,129.86
6889,606384.504964,69.971,61,-138.936,27.443,47.244,137.94,129.692,133.81,210.92,63.87,186.46,130.09
6890,606384.511131,69.11,63,-138.912,26.627,48.954,137.291,129.741,133.76,209.73,66.16,186.01,130.16
6891,606384.513678,70.466,59,-139.823,27.55,46.475,138.996,128.577,132.59,211.02,62.82,187.74,129.01
6892,606384.518749,68.866,60,-139.784,27.852,49.721,137.903,129.974,132.65,211.46,67.23,185.84,130.42
6893,606384.530606,69.204,65,-138.552,26.641,48.649,137.022,130.092,134.24,209.75,65.75,185.64,130.51
6894,606384.534344,69.743,64,-139.361,28.213,47.223,136.39,128.653,133.22,211.86,63.92,184.8,129.06
6895,606384.538547,68.633,60,-139.76,27.793,49.636,136.233,130.255,132.67,211.36,67.06,184.25,130.69
6896,606384.541834,69.682,62,-138.431,26.929,47.589,137.049,129.345,134.41,210.14,64.41,184.65,129.77
6897,606384.55093,69.445,63,-138.911,26.709,48.107,137.016,130.277,133.75,209.83,65.0,185.65,130.69
6898,606384.553557,69.509,61,-139.186,28.996,48.229,137.771,128.931,133.46,213.0,65.18,186.49,129.35
6899,606384.557661,68.418,62,-139.386,28.436,49.218,133.803,130.032,133.33,212.44,66.46,180.46,130.34
6900,606384.563136,69.383,65,-138.933,26.88,48.26,137.056,129.131,133.74,210.07,65.22,185.67,129.55
6901,606384.565417,69.8,64,-140.021,26.645,47.226,136.769,130.598,132.26,209.75,63.79,185.3,131.02
6902,606384.569865,68.898,59,-140.308,28.585,48.971,136.018,129.195,131.86,212.36,66.15,184.15,129.65
6903,606384.578288,69.272,61,-140.327,27.741,48.202,136.188,130.397,131.95,211.34,65.2,183.27,130.77
6904,606384.581115,69.275,66,-139.809,26.609,48.475,136.98,129.39,132.56,209.7,65.5,185.53,129.82
6905,606384.58717,70.717,57,-141.16,26.471,46.035,139.4,130.266,130.69,209.48,62.19,188.52,130.68
6906,606384.59,68.31,61,-141.961,27.786,49.32,133.449,129.891,129.51,211.2,66.6,180.28,130.41
6907,606384.594112,70.273,61,-140.254,27.797,47.0,139.241,130.421,132.0,211.37,63.5,188.44,130.84
6908,606384.601987,69.242,62,-140.309,26.548,48.758,137.571,129.477,131.9,209.62,65.87,186.39,129.91
6909,606384.60565,70.591,49,-140.378,28.033,45.227,136.097,129.335,131.91,211.76,61.1,183.9,129.73
6910,606384.615418,70.251,62,-140.718,26.983,46.58,137.854,129.867,131.31,210.18,62.92,186.61,130.28
6911,606384.61895,69.519,63,-140.706,26.39,48.129,137.552,129.849,131.5,209.54,65.08,185.52,130.26
6912,606384.626145,70.601,60,-141.679,27.363,45.995,138.481,128.829,129.95,210.68,62.16,187.74,129.22
6913,606384.630044,69.031,60,-141.81,27.622,49.185,137.442,130.088,129.96,211.08,66.57,185.47,130.52
6914,606384.633499,70.226,58,-140.506,26.789,46.502,137.452,129.143,131.78,210.08,62.92,185.18,129.51
6915,606384.63834,69.296,64,-140.498,26.504,48.439,137.012,130.109,131.59,209.53,65.53,184.54,130.55
6916,606384.641677,69.397,62,-142.192,27.609,46.937,133.383,129.164,129.3,211.02,63.41,180.19,129.62
6917,606384.650126,68.844,63,-141.798,27.397,49.253,136.473,130.192,129.86,210.75,66.51,184.82,130.64
6918,606384.654594,69.956,63,-140.006,26.69,47.116,137.467,129.381,132.29,209.81,63.66,186.2,129.8
6919,606384.657814,69.81,64,-140.306,26.38,47.241,136.876,130.386,131.89,209.4,63.82,185.39,130.81
6920,606384.662453,69.145,54,-141.238,28.026,47.743,134.107,129.497,130.5,211.57,64.51,181.16,130.04
6921,606384.666689,69.316,64,-140.581,27.856,48.255,136.619,130.582,131.63,211.51,65.2,184.54,130.99
6922,606384.669099,69.781,64,-139.172,27.002,47.582,137.677,129.319,133.42,210.21,64.41,185.9,129.74
6923,606384.677795,70.056,65,-139.939,26.709,46.788,137.168,130.848,132.35,209.83,63.22,185.66,131.27
6924,606384.681808,69.497,65,-139.463,29.265,48.175,137.544,129.002,132.96,213.24,65.13,185.74,129.44
6925,606384.685419,69.496,61,-139.62,28.219,47.938,136.861,130.536,132.82,211.91,64.74,185.51,130.96
6926,606384.703084,69.405,62,-139.069,29.042,48.389,137.565,129.65,133.56,213.02,65.39,186.04,130.1
6927,606384.705731,69.538,59,-139.837,27.558,46.772,133.79,131.429,132.46,210.97,63.16,181.17,131.87
6928,606384.709116,69.599,64,-138.251,27.271,47.843,137.246,129.915,134.74,210.72,64.74,184.95,130.29
6929,606384.714175,70.972,55,-138.567,28.253,45.053,138.184,129.814,134.3,212.03,60.9,186.56,130.16
6930,606384.71822,69.166,64,-138.951,28.814,48.86,137.374,129.763,133.76,212.75,66.03,185.91,130.17
6931,606384.722494,70.584,56,-137.992,28.071,46.453,139.737,130.357,134.98,211.69,62.76,189.42,130.76
6932,606384.730602,69.752,60,-138.172,27.187,47.577,137.474,130.305,134.84,210.57,64.34,185.77,130.72
6933,606384.734055,70.531,59,-138.837,28.357,45.922,137.783,129.214,133.91,212.11,62.05,186.58,129.63
6934,606384.737102,69.15,62,-139.186,28.283,48.931,137.477,130.553,133.36,211.94,66.11,186.15,130.96
6935,606384.742687,70.272,61,-138.002,27.477,46.35,137.309,129.596,135.01,210.92,62.65,185.91,129.99
6936,606384.745726,69.447,64,-138.687,26.897,47.911,136.47,130.714,134.02,210.08,64.77,184.39,131.16
6937,606384.753994,69.683,61,-139.09,28.649,47.151,135.798,129.063,133.55,212.41,63.94,183.12,129.44
6938,606384.757888,69.23,59,-139.949,27.76,48.756,137.49,130.766,132.29,211.21,65.87,186.04,131.2
6939,606384.761548,69.292,59,-138.083,27.622,47.18,133.428,129.645,134.88,211.17,63.72,180.71,129.95
6940,606384.767053,69.85,66,-139.643,26.507,47.105,136.746,130.859,132.76,209.55,63.72,184.28,131.26
6941,606384.769727,69.236,58,-139.731,28.963,48.12,135.732,129.362,132.74,212.98,65.03,183.16,129.72
6942,606384.778468,69.419,63,-140.687,27.459,48.125,136.904,131.122,131.37,210.86,64.98,185.54,131.55
6943,606384.786234,70.261,60,-141.47,25.929,46.656,138.145,131.289,130.36,208.83,63.04,186.63,131.68
6944,606384.791403,69.137,65,-141.189,28.239,48.852,137.171,129.542,130.67,211.89,66.0,185.59,130.0
6945,606384.794099,69.76,64,-141.383,27.175,47.495,137.286,131.121,130.41,210.44,64.21,185.62,131.55
6946,606384.797322,68.934,61,-141.946,25.421,48.237,134.202,130.417,129.54,208.02,65.16,181.31,130.95
6947,606384.806239,71.135,55,-142.337,26.08,45.4,140.413,130.534,129.16,209.01,61.3,190.21,130.95
6948,606384.809878,69.009,60,-142.241,27.713,49.206,137.358,130.078,129.31,211.22,66.44,185.96,130.52
6949,606384.813073,70.374,63,-141.727,26.87,46.555,138.607,130.809,130.01,210.1,62.86,187.62,131.23
6950,606384.818254,69.363,64,-141.605,25.954,48.549,137.752,130.173,130.1,208.78,65.6,186.28,130.62
6951,606384.821555,70.946,55,-142.494,26.796,45.165,138.346,129.847,129.05,210.04,61.04,186.21,130.28
6952,606384.830615,68.123,61,-141.928,28.244,49.581,133.061,129.784,129.72,211.95,66.94,180.1,130.19
6953,606384.833291,70.293,65,-141.873,26.5,46.495,137.882,130.436,129.89,209.67,62.83,186.14,130.85
6954,606384.837085,69.614,64,-141.547,26.11,47.983,137.749,130.481,130.26,209.07,64.83,186.3,130.91
6955,606384.842569,70.396,62,-142.424,27.245,46.205,137.714,129.302,129.12,210.62,62.41,186.16,129.74
6956,606384.846124,69.032,57,-142.64,27.302,49.084,137.167,130.838,128.94,210.75,66.42,185.04,131.26
6957,606384.853769,70.039,58,-140.703,26.819,46.751,136.946,129.699,131.37,209.98,63.22,185.21,130.09
6958,606384.857759,69.374,61,-140.751,26.52,48.297,137.105,130.858,131.28,209.58,65.24,185.66,131.29
6959,606384.861313,69.275,62,-141.588,28.199,47.46,134.115,129.559,130.12,211.84,64.09,181.39,130.02
6960,606384.873884,69.762,66,-140.01,26.768,47.266,136.639,131.016,132.28,209.92,63.85,185.11,131.43
6961,606384.881288,68.904,59,-140.307,28.638,48.345,134.316,129.86,131.81,212.39,65.31,181.63,130.36
6962,606384.886517,69.165,66,-140.062,27.952,48.566,136.546,131.071,132.25,211.56,65.6,184.86,131.51
6963,606384.889416,69.51,63,-138.546,27.145,48.091,137.382,129.83,134.25,210.43,64.99,186.16,130.25
6964,606384.895022,70.131,60,-139.276,27.146,46.703,137.415,131.088,133.22,210.37,63.1,186.45,131.52
6965,606384.898473,68.957,65,-138.919,29.098,49.02,136.523,129.619,133.79,213.11,66.24,184.83,130.04
6966,606384.906738,68.733,64,-139.61,27.581,48.265,133.066,131.664,132.83,211.01,65.26,180.13,132.06
6967,606384.909867,69.425,63,-137.973,27.146,48.174,137.081,130.207,134.98,210.41,65.13,185.53,130.63
6968,606384.912981,70.439,56,-138.24,27.993,45.908,137.115,130.239,134.88,211.82,62.07,184.85,130.58
6969,606384.91787,68.764,65,-138.505,28.859,49.591,136.912,130.197,134.35,212.79,67.02,185.37,130.63
6970,606384.921878,69.525,52,-138.758,27.32,47.087,134.611,131.3,133.69,210.52,63.64,181.54,131.83
6971,606384.92591,69.122,64,-137.525,27.272,48.945,137.336,130.217,135.64,210.61,66.17,185.85,130.65
6972,606384.933789,70.959,58,-138.855,27.763,45.696,140.064,129.932,133.84,211.29,61.74,189.84,130.33
6973,606384.937272,68.214,56,-139.518,28.052,50.182,135.209,130.545,132.86,211.61,67.82,182.47,131.03
6974,606384.942545,69.57,61,-137.88,27.74,47.492,136.054,130.382,135.38,211.45,64.16,183.59,130.79
6975,606384.945813,69.185,61,-138.18,27.135,48.806,137.346,130.486,134.78,210.45,65.97,185.89,130.89
6976,606384.950382,69.832,61,-139.416,28.18,47.254,137.056,129.255,133.08,211.83,63.82,186.01,129.66
6977,606384.962333,69.597,62,-138.742,27.091,47.752,136.973,129.597,134.01,210.36,64.56,185.24,130.01
6978,606384.966354,68.798,64,-139.288,26.749,49.108,135.786,130.837,133.26,209.9,66.38,183.6,131.29
6979,606384.969959,68.852,58,-140.747,28.017,48.32,133.935,129.502,131.43,211.64,65.41,181.39,129.87
6980,606384.974977,68.422,62,-140.526,27.576,49.963,135.854,130.718,131.55,210.98,67.52,183.48,131.18
6981,606384.982038,69.271,65,-139.483,26.538,48.504,137.035,129.719,133.0,209.61,65.55,185.62,130.14
6982,606384.985903,69.59,63,-140.315,26.306,47.844,137.193,130.975,131.86,209.24,64.72,185.53,131.39
6983,606384.98966,68.901,63,-140.302,28.556,49.358,137.115,129.37,131.88,212.33,66.68,185.66,129.82
6984,606384.99461,68.415,61,-140.355,27.91,49.213,133.772,130.673,131.97,211.66,66.47,180.54,131.02
6985,606384.998258,68.758,69,-140.022,26.33,49.318,136.12,129.592,132.28,209.32,66.65,184.35,130.03
6986,606385.002494,69.893,61,-141.105,26.23,47.212,137.334,130.954,130.78,209.1,63.89,185.95,131.43
6987,606385.010511,68.415,60,-140.786,28.59,49.949,135.774,129.332,131.25,212.39,67.47,183.64,129.75
6988,606385.013208,69.279,62,-141.129,27.209,48.417,136.838,130.953,130.7,210.47,65.38,185.12,131.42
6989,606385.018184,68.835,63,-140.756,26.29,49.327,136.618,129.85,131.26,209.24,66.66,184.79,130.29
6990,606385.022067,70.388,58,-141.672,26.997,46.311,137.976,130.082,130.39,210.57,62.62,185.54,130.42
6991,606385.026563,68.416,61,-142.037,27.991,50.282,136.686,129.818,129.4,211.45,67.94,184.38,130.31
6992,606385.035124,70.089,59,-141.062,27.31,47.435,139.287,130.364,130.89,210.67,64.06,188.68,130.8
6993,606385.03767,68.975,59,-141.138,26.416,49.565,138.152,129.95,130.81,209.47,66.99,186.75,130.38
6994,606385.046828,68.4,64,-142.431,27.627,50.48,137.131,129.946,129.05,211.08,68.2,185.31,130.42
6995,606385.051091,69.801,61,-141.405,26.536,47.379,137.219,129.565,130.44,209.63,64.02,185.57,129.99
6996,606385.058076,69.052,61,-141.185,26.224,49.131,137.422,130.206,130.71,209.18,66.37,186.14,130.65
6997,606385.061645,69.623,62,-142.025,27.623,47.601,136.706,128.703,129.55,211.05,64.28,185.25,129.13
6998,606385.065759,68.594,61,-142.056,27.436,50.035,137.09,130.299,129.51,210.79,67.57,185.56,130.73
6999,606385.070417,69.685,58,-140.781,26.413,47.567,137.013,129.327,131.29,209.45,64.26,185.73,129.73
7000,606385.073468,69.088,63,-140.796,26.215,48.64,136.268,130.515,131.3,209.23,65.74,184.41,130.92
7001,606385.077441,68.619,63,-141.684,27.87,48.399,132.757,129.322,129.99,211.39,65.38,179.46,129.82
7002,606385.085809,68.743,64,-141.038,27.613,49.59,136.777,130.503,130.95,211.09,66.98,185.14,130.96
7003,606385.089412,69.433,65,-139.481,26.666,48.044,136.758,129.485,133.01,209.78,64.93,185.23,129.91
7004,606385.093217,69.621,64,-139.875,26.54,47.546,136.534,130.641,132.46,209.61,64.23,184.98,131.06
7005,606385.098405,69.198,60,-139.194,28.982,48.838,137.517,129.296,133.41,212.94,66.04,185.74,129.75
7006,606385.10126,68.581,63,-140.075,27.442,48.655,133.235,131.264,132.14,210.81,65.71,180.41,131.74
7007,606385.110388,69.178,66,-138.327,26.907,48.44,136.269,129.476,134.59,210.13,65.53,184.06,129.89
7008,606385.113968,69.977,61,-138.459,27.448,46.742,136.516,130.607,134.42,210.91,63.16,184.79,130.99
7009,606385.117259,68.726,57,-137.852,29.595,49.104,135.335,129.089,135.3,213.89,66.35,182.92,129.45
7010,606385.135187,71.067,56,-138.332,27.837,45.577,140.473,130.136,134.54,211.39,61.58,190.51,130.53
7011,606385.137616,68.34,57,-138.933,28.457,49.762,134.822,130.379,133.61,212.12,67.23,182.3,130.83
7012,606385.141285,70.411,58,-137.319,28.167,46.765,139.483,130.353,135.91,211.84,63.2,189.06,130.75
7013,606385.147149,69.15,59,-137.5,27.347,48.973,137.592,130.025,135.66,210.71,66.2,186.47,130.44
7014,606385.149207,70.892,56,-139.018,28.004,45.748,139.756,129.241,133.62,211.62,61.82,189.32,129.63
7015,606385.153452,68.661,60,-139.248,28.448,49.861,137.026,130.073,133.4,212.27,67.41,185.15,130.51
7016,606385.162533,69.862,64,-138.403,27.504,47.184,137.047,129.787,134.45,210.92,63.76,185.73,130.2
7017,606385.165518,69.286,60,-138.642,27.094,48.679,137.627,130.15,134.13,210.37,65.78,186.53,130.57
7018,606385.169345,69.644,60,-140.316,28.249,47.301,135.982,128.905,131.99,212.01,63.9,184.34,129.25
7019,606385.174674,68.642,60,-140.721,27.876,49.753,136.61,130.438,131.27,211.37,67.21,184.8,130.89
7020,606385.177927,69.547,66,-139.783,26.987,47.721,136.564,129.263,132.61,210.21,64.53,184.54,129.69
7021,606385.186102,69.156,63,-140.336,26.762,48.558,136.465,130.489,131.87,209.94,65.62,184.57,130.91
7022,606385.189603,69.121,56,-141.291,28.406,48.589,136.335,128.878,130.49,212.01,65.59,184.46,129.24
7023,606385.193731,68.55,61,-141.368,27.894,49.386,135.047,130.431,130.5,211.49,66.69,182.77,130.86
7024,606385.198404,69.162,64,-140.869,26.51,48.551,136.484,129.301,131.13,209.56,65.6,184.8,129.74
7025,606385.201693,69.634,64,-141.777,26.207,47.556,136.652,130.718,129.95,209.19,64.24,184.88,131.16
7026,606385.209565,69.05,60,-141.707,28.24,49.41,138.188,129.286,129.88,211.78,66.78,186.45,129.7
7027,606385.21808,69.009,63,-141.278,26.329,49.06,136.953,129.529,130.47,209.22,66.33,184.81,129.98
7028,606385.223227,70.342,58,-142.524,26.157,46.417,137.977,130.788,128.99,209.14,62.77,186.48,131.19
7029,606385.225354,68.946,57,-142.16,27.903,49.697,138.335,129.613,129.47,211.52,67.13,187.02,130.04
7030,606385.229482,69.309,61,-142.8,26.42,47.315,133.912,131.068,128.49,209.41,63.87,181.21,131.52
7031,606385.238156,69.213,61,-141.408,26.199,48.816,137.548,129.941,130.34,209.09,65.96,185.92,130.39
7032,606385.241887,70.766,51,-142.581,26.513,45.477,138.052,130.024,128.86,209.62,61.41,186.67,130.44
7033,606385.245457,68.058,57,-141.32,28.639,49.66,132.9,129.307,130.54,212.5,66.97,179.68,129.61
7034,606385.251409,70.4,60,-140.725,27.101,46.709,139.241,130.041,131.32,210.36,63.14,188.03,130.46
7035,606385.253512,69.265,59,-140.668,26.345,48.745,137.682,130.075,131.36,209.3,65.87,186.24,130.5
7036,606385.261707,70.928,57,-142.082,26.963,45.833,140.27,129.075,129.44,210.14,61.92,189.92,129.49
7037,606385.265843,68.895,57,-141.584,27.729,49.613,137.786,130.035,130.14,211.2,67.02,186.39,130.48
7038,606385.269883,69.748,59,-140.611,26.588,46.924,135.556,129.95,131.22,209.49,63.48,182.08,130.48
7039,606385.273979,69.416,65,-140.121,26.542,48.164,136.996,130.287,132.21,209.7,65.15,184.66,130.71
7040,606385.277747,69.948,60,-140.707,28.149,47.127,137.449,128.956,131.39,211.79,63.75,185.73,129.35
7041,606385.285677,68.924,62,-140.8,27.751,49.349,137.23,130.489,131.28,211.29,66.67,185.7,130.94
7042,606385.289693,69.818,62,-139.252,27.019,47.354,137.257,129.27,133.36,210.29,64.06,185.25,129.68
7043,606385.293401,69.249,63,-139.629,26.766,48.199,136.036,130.781,132.77,209.89,65.15,184.08,131.19
7044,606385.307088,69.217,58,-139.076,26.583,48.18,135.785,129.713,133.5,209.64,65.11,183.84,130.15
7045,606385.314726,69.889,61,-139.304,26.607,47.023,136.756,130.938,133.21,209.68,63.55,185.15,131.34
7046,606385.317468,68.93,63,-138.993,28.781,49.092,136.55,129.572,133.61,212.6,66.36,184.49,129.97
7047,606385.322209,68.923,62,-139.955,27.185,48.011,133.501,131.536,132.26,210.43,64.84,180.67,132.0
7048,606385.325636,69.112,68,-138.362,26.65,48.525,136.098,129.817,134.42,209.69,65.62,184.0,130.24
7049,606385.329795,70.82,56,-139.38,26.603,45.908,139.731,130.938,133.1,209.69,62.01,189.28,131.35
7050,606385.337862,68.411,60,-139.888,28.232,49.359,134.146,130.163,132.08,211.69,66.63,180.77,130.74
7051,606385.341508,69.909,61,-138.59,27.917,47.478,138.217,131.028,134.17,211.47,64.18,186.81,131.41
7052,606385.345393,69.339,62,-138.536,26.769,48.517,137.505,130.05,134.3,209.95,65.59,186.1,130.48
7053,606385.350725,71.12,53,-139.829,27.242,45.503,140.624,130.07,132.68,210.73,61.52,189.69,130.43
7054,606385.353973,68.829,59,-139.892,28.224,49.776,137.826,130.136,132.41,211.86,67.25,186.48,130.55
7055,606385.361919,70.352,58,-139.225,27.423,46.7,138.888,130.472,133.38,210.84,63.11,187.99,130.9
7056,606385.365933,68.596,54,-138.472,27.735,48.994,134.252,129.843,134.31,211.21,66.22,181.55,130.23
7057,606385.369532,70.395,62,-140.75,27.778,46.244,137.82,129.175,131.26,211.27,62.48,186.53,129.6
7058,606385.375037,68.024,58,-140.145,28.961,49.899,133.343,129.744,132.09,212.94,67.38,180.58,130.1
7059,606385.377425,69.794,63,-140.67,26.609,47.07,136.277,129.814,131.37,209.69,63.59,184.48,130.25
7060,606385.381487,69.249,62,-140.554,26.63,48.708,137.471,130.617,131.58,209.76,65.82,185.94,131.04
7061,606385.395538,68.767,61,-142.121,27.458,49.623,137.017,130.814,129.43,210.84,67.0,185.61,131.26
7062,606385.398747,69.419,59,-141.27,26.335,48.089,136.799,129.416,130.57,209.31,64.96,185.23,129.85
7063,606385.402402,69.227,66,-141.655,26.136,48.346,136.312,130.957,130.11,209.09,65.3,184.45,131.4
7064,606385.405814,68.978,61,-141.756,28.423,49.207,137.173,129.101,129.74,211.94,66.51,184.94,129.48
7065,606385.413758,68.789,64,-142.53,27.143,49.366,136.447,130.86,128.99,210.49,66.68,184.41,131.34
7066,606385.41774,69.112,59,-141.376,26.107,48.635,136.409,129.564,130.36,208.95,65.75,183.96,130.05
7067,606385.421337,69.832,63,-142.029,25.986,47.344,137.317,130.943,129.62,208.91,63.95,185.77,131.36
7068,606385.425856,68.736,65,-141.617,28.509,49.584,136.724,129.305,130.11,212.22,67.0,184.85,129.77
7069,606385.429328,68.415,60,-142.437,26.975,48.904,132.934,131.245,129.2,210.29,66.14,179.73,131.57
7070,606385.433744,69.04,65,-140.805,26.365,49.043,137.103,129.714,131.2,209.35,66.24,185.85,130.14
7071,606385.442008,70.417,52,-141.43,26.804,46.394,138.417,130.622,130.48,210.1,62.66,187.07,131.0
7072,606385.44536,68.623,61,-141.081,28.549,49.921,136.954,129.425,130.92,212.39,67.44,185.27,129.86
7073,606385.450465,68.973,63,-141.709,26.985,47.889,133.467,131.35,129.96,210.2,64.65,180.6,131.83
7074,606385.453576,68.994,65,-140.187,26.555,49.097,136.963,129.974,132.06,209.63,66.33,185.53,130.41
7075,606385.457926,70.152,54,-139.801,28.224,45.93,135.275,129.43,132.65,212.05,62.12,182.03,129.72
7076,606385.465716,68.538,63,-140.536,28.219,50.124,136.996,129.951,131.6,211.9,67.71,185.54,130.39
7077,606385.469758,70.344,56,-139.115,27.52,46.881,139.372,130.075,133.54,210.99,63.35,188.68,130.51
7078,606385.482648,68.767,60,-140.153,27.861,49.97,137.978,130.184,132.15,211.44,67.52,186.7,130.63
7079,606385.49054,69.936,58,-139.008,26.917,46.916,136.755,129.806,133.66,210.15,63.38,185.49,130.21
7080,606385.49376,69.296,66,-138.79,26.81,48.299,136.615,130.37,133.92,209.98,65.26,185.11,130.79
7081,606385.498276,69.088,58,-139.739,28.388,47.833,134.009,129.249,132.68,212.11,64.67,181.55,129.65
7082,606385.502575,68.664,62,-139.698,27.986,49.588,136.289,130.693,132.87,211.65,67.13,184.11,131.06
7083,606385.505972,69.549,64,-138.215,27.173,47.71,136.546,129.298,134.59,210.39,64.51,184.5,129.74
7084,606385.510493,69.357,61,-138.836,26.891,48.081,136.381,130.708,133.91,210.12,65.0,184.55,131.13
7085,606385.518297,68.769,61,-139.681,28.778,48.551,134.072,129.33,132.59,212.56,65.62,180.94,129.84
7086,606385.521534,68.866,63,-139.872,27.774,49.356,136.891,130.622,132.49,211.31,66.69,185.34,131.03
7087,606385.525442,69.489,61,-138.727,27.124,48.182,137.507,129.523,133.98,210.37,65.14,185.82,129.96
7088,606385.530054,69.857,61,-139.468,27.311,47.025,136.56,130.546,133.03,210.69,63.52,184.97,130.95
7089,606385.53365,68.859,62,-139.56,29.135,49.42,137.022,129.453,132.91,213.14,66.76,185.67,129.89
7090,606385.541967,69.431,62,-139.638,28.181,48.113,136.941,130.836,132.8,211.86,64.98,185.57,131.26
7091,606385.546153,68.965,63,-139.325,27.048,49.211,137.102,129.582,133.22,210.31,66.5,185.75,130.01
7092,606385.548891,70.716,54,-140.444,27.319,46.018,139.341,130.38,131.72,210.7,62.15,188.79,130.78
7093,606385.566475,69.08,62,-140.178,26.527,49.034,137.326,129.837,132.14,209.65,66.34,185.09,130.25
7094,606385.570598,70.791,55,-141.169,27.189,45.799,139.203,129.478,130.75,210.51,61.86,188.54,129.89
7095,606385.573176,68.778,60,-141.331,27.817,49.869,137.765,129.975,130.52,211.34,67.38,186.16,130.39
7096,606385.578943,70.375,59,-140.366,26.904,46.606,138.765,129.847,131.85,210.13,63.03,187.17,130.26
7097,606385.581836,69.135,62,-140.491,26.353,49.019,137.628,130.016,131.64,209.35,66.23,186.41,130.45
7098,606385.586653,69.543,55,-142.349,26.94,46.636,133.433,129.078,129.16,210.17,62.99,180.53,129.57
7099,606385.594409,68.959,61,-141.832,27.417,49.636,138.251,130.222,129.84,210.8,67.03,187.29,130.66
7100,606385.597832,69.939,57,-140.567,26.6,47.128,137.389,129.561,131.55,209.68,63.68,186.03,129.96
7101,606385.601698,69.296,64,-140.736,26.319,48.344,136.739,130.359,131.35,209.34,65.33,184.99,130.78
7102,606385.605698,69.059,60,-141.989,27.892,47.934,134.115,129.191,129.68,211.5,64.78,180.94,129.66
7103,606385.609351,68.846,58,-142.062,27.372,49.297,136.607,130.749,129.5,210.71,66.58,184.56,131.21
7104,606385.618196,69.522,62,-140.583,26.741,47.784,136.586,129.294,131.54,209.91,64.55,184.88,129.71
7105,606385.621988,69.468,63,-141.196,26.44,47.854,136.443,130.845,130.66,209.48,64.65,184.38,131.29
7106,606385.625569,68.88,61,-141.108,28.566,48.902,135.719,129.312,130.7,212.28,66.1,183.09,129.8
7107,606385.630726,68.947,61,-141.364,27.499,48.718,135.615,130.899,130.4,210.86,65.79,183.52,131.36
7108,606385.634171,69.402,59,-140.135,26.653,48.565,138.047,129.503,132.13,209.76,65.62,187.03,129.93
