frame,t,theta_deg,area_px,cx,cy,d1,d2,ang_deg,rcx,rcy,rd1,rd2,rang
0,577066.645681,60.607,60,-38.473,13.423,71.78,146.254,108.561,270.3,191.68,98.33,200.39,108.56
1,577066.648852,60.549,60,-38.538,13.392,71.86,146.15,108.616,270.21,191.63,98.44,200.24,108.61
2,577066.653377,60.537,60,-38.544,13.403,71.887,146.152,108.621,270.2,191.65,98.47,200.24,108.62
3,577066.658901,60.52,60,-38.573,13.406,71.921,146.144,108.614,270.16,191.65,98.52,200.23,108.61
4,577066.663377,60.521,60,-38.604,13.393,71.917,146.143,108.624,270.12,191.64,98.51,200.23,108.62
5,577066.666824,60.482,61,-38.583,13.42,71.954,146.038,108.597,270.15,191.67,98.56,200.09,108.6
6,577066.670693,60.504,60,-38.615,13.427,71.956,146.142,108.594,270.1,191.68,98.57,200.23,108.59
7,577066.675159,60.527,60,-38.647,13.475,71.897,146.13,108.601,270.06,191.75,98.49,200.21,108.6
8,577066.683567,60.536,61,-38.633,13.531,71.846,146.063,108.573,270.08,191.83,98.42,200.12,108.57
9,577066.687367,60.619,60,-38.728,13.514,71.7,146.142,108.675,269.95,191.8,98.22,200.23,108.67
10,577066.690933,60.581,62,-38.585,13.473,71.775,146.125,108.57,270.15,191.75,98.32,200.21,108.57
11,577066.69557,60.568,63,-38.543,13.479,71.772,146.056,108.551,270.2,191.75,98.31,200.12,108.55
12,577066.699533,60.597,62,-38.581,13.462,71.745,146.136,108.596,270.15,191.73,98.28,200.22,108.59
13,577066.708461,60.651,62,-38.548,13.467,71.669,146.224,108.566,270.24,191.75,98.17,200.46,108.54
14,577066.710884,60.683,61,-38.498,13.416,71.641,146.315,108.55,270.31,191.68,98.13,200.58,108.53
15,577066.715765,60.653,61,-38.529,13.368,71.634,146.164,108.59,270.22,191.6,98.13,200.26,108.59
16,577066.719495,60.67,61,-38.515,13.344,71.602,146.172,108.577,270.24,191.57,98.08,200.27,108.58
17,577066.727769,60.65,61,-38.507,13.339,71.631,146.143,108.61,270.25,191.56,98.12,200.23,108.61
18,577066.735172,60.711,60,-38.478,13.322,71.626,146.41,108.565,270.29,191.54,98.12,200.6,108.56
19,577066.740119,60.634,61,-38.547,13.313,71.656,146.12,108.626,270.2,191.53,98.16,200.2,108.62
20,577066.743074,60.599,62,-38.524,13.33,71.684,146.019,108.624,270.23,191.55,98.2,200.07,108.62
21,577066.747125,60.597,62,-38.484,13.383,71.757,146.162,108.597,270.33,191.63,98.29,200.38,108.58
22,577066.751441,60.536,62,-38.585,13.4,71.794,145.96,108.665,270.26,191.67,98.38,199.58,108.72
23,577066.759499,60.549,62,-38.627,13.388,71.801,146.033,108.672,269.99,191.58,98.35,200.24,108.74
24,577066.763139,60.583,61,-38.73,13.41,71.719,146.021,108.738,269.95,191.66,98.24,200.07,108.74
25,577066.767747,60.594,61,-38.735,13.441,71.771,146.174,108.706,269.94,191.7,98.31,200.27,108.7
26,577066.771733,60.642,60,-38.839,13.505,71.661,146.169,108.787,269.8,191.79,98.16,200.27,108.79
27,577066.776259,60.644,60,-38.82,13.534,71.649,146.151,108.758,269.82,191.83,98.15,200.24,108.76
28,577066.7832,60.645,60,-38.824,13.542,71.646,146.152,108.746,269.82,191.84,98.14,200.24,108.74
29,577066.787058,60.687,62,-38.688,13.527,71.691,146.432,108.641,270.05,191.83,98.2,200.75,108.62
30,577066.790814,60.684,61,-38.817,13.54,71.587,146.209,108.745,269.83,191.84,98.06,200.32,108.74
31,577066.794849,60.69,61,-38.798,13.551,71.566,146.192,108.739,269.85,191.85,98.03,200.3,108.74
32,577066.799085,60.692,61,-38.775,13.554,71.551,146.173,108.735,269.88,191.86,98.01,200.27,108.73
33,577066.802575,60.702,61,-38.759,13.526,71.52,146.151,108.722,269.91,191.82,97.97,200.24,108.72
34,577066.814873,60.742,62,-38.591,13.506,71.549,146.396,108.568,270.18,191.8,98.0,200.7,108.55
35,577066.818557,60.728,61,-38.75,13.502,71.475,146.179,108.719,269.92,191.79,97.91,200.28,108.72
36,577066.822867,60.729,61,-38.482,13.531,71.553,146.344,108.501,270.42,191.81,98.1,200.61,108.4
37,577066.827675,60.692,61,-38.731,13.432,71.534,146.133,108.752,269.94,191.69,97.99,200.22,108.75
38,577066.83629,60.597,62,-38.567,13.394,71.711,146.063,108.591,270.17,191.64,98.23,200.12,108.59
39,577066.838663,60.559,62,-38.563,13.373,71.782,146.039,108.625,270.18,191.61,98.33,200.09,108.62
40,577066.843785,60.558,61,-38.618,13.349,71.81,146.091,108.706,270.16,191.58,98.37,200.3,108.67
41,577066.847621,60.55,61,-38.625,13.332,71.832,146.097,108.728,270.03,191.52,98.41,200.24,108.77
42,577066.851098,60.547,61,-38.617,13.32,71.844,146.111,108.729,270.04,191.5,98.42,200.26,108.78
43,577066.859287,60.515,62,-38.581,13.322,71.88,146.041,108.711,270.19,191.56,98.47,200.04,108.69
44,577066.863172,60.58,61,-38.472,13.332,71.878,146.33,108.647,270.37,191.57,98.45,200.68,108.63
45,577066.866925,60.608,60,-38.487,13.329,71.844,146.389,108.639,270.28,191.55,98.42,200.57,108.64
46,577066.87083,60.542,62,-38.532,13.331,71.825,146.051,108.648,270.17,191.53,98.37,200.21,108.67
47,577066.874831,60.635,61,-38.404,13.355,71.776,146.372,108.558,270.39,191.58,98.32,200.55,108.56
48,577066.878719,60.596,63,-38.43,13.359,71.75,146.143,108.547,270.31,191.59,98.29,200.13,108.57
49,577066.887922,60.64,63,-38.411,13.413,71.681,146.201,108.5,270.39,191.66,98.19,200.32,108.5
50,577066.899945,60.75,61,-38.631,13.43,71.504,146.34,108.658,270.09,191.65,97.98,200.74,108.66
51,577066.903446,60.708,63,-38.484,13.475,71.585,146.311,108.519,270.29,191.75,98.06,200.47,108.52
52,577066.911703,60.649,63,-38.499,13.499,71.634,146.145,108.545,270.26,191.78,98.13,200.24,108.54
53,577066.91492,60.671,62,-38.681,13.487,71.61,146.197,108.712,270.01,191.77,98.09,200.31,108.71
54,577066.919402,60.631,63,-38.517,13.518,71.738,146.274,108.567,270.28,191.81,98.26,200.53,108.55
55,577066.922731,60.617,62,-38.397,13.517,71.817,146.371,108.455,270.54,191.74,98.57,200.71,108.36
56,577066.926883,60.667,61,-38.581,13.461,71.768,146.499,108.618,270.15,191.73,98.31,200.72,108.62
57,577066.930762,60.638,63,-38.332,13.497,71.918,146.675,108.367,270.64,191.8,98.62,200.68,108.31
58,577066.939508,60.601,61,-38.845,13.426,71.773,146.211,108.832,269.79,191.68,98.32,200.33,108.83
59,577066.942524,60.594,59,-38.839,13.455,71.795,146.224,108.785,269.81,191.7,98.35,200.58,108.79
60,577066.947583,60.529,61,-38.736,13.438,71.901,146.144,108.728,269.94,191.7,98.49,200.23,108.73
61,577066.950537,60.563,60,-38.789,13.455,71.807,146.11,108.782,269.87,191.72,98.36,200.19,108.78
62,577066.955373,60.511,62,-38.656,13.457,71.896,146.055,108.666,270.05,191.72,98.48,200.11,108.66
63,577066.964211,60.569,60,-38.732,13.457,71.772,146.064,108.743,269.94,191.73,98.32,200.12,108.74
64,577066.9665,60.584,63,-38.522,13.454,71.789,146.165,108.585,270.23,191.72,98.34,200.27,108.58
65,577066.971538,60.629,62,-38.449,13.445,71.737,146.265,108.553,270.37,191.72,98.26,200.51,108.54
66,577066.978983,60.699,59,-38.653,13.389,71.552,146.203,108.716,270.05,191.63,98.01,200.31,108.72
67,577066.987702,60.722,59,-38.647,13.406,71.495,146.194,108.709,270.06,191.65,97.94,200.3,108.71
68,577066.990579,60.697,60,-38.613,13.413,71.502,146.094,108.712,270.1,191.66,97.95,200.16,108.71
69,577066.99611,60.692,58,-38.009,13.454,71.698,146.472,108.142,271.17,191.76,98.33,200.52,108.03
70,577066.99861,60.734,62,-38.658,13.343,71.522,146.301,108.751,270.05,191.57,97.97,200.46,108.75
71,577067.0026,60.648,62,-38.478,13.402,71.606,146.085,108.58,270.33,191.66,98.09,199.99,108.62
72,577067.007083,60.709,60,-38.676,13.353,71.552,146.252,108.732,270.02,191.58,98.01,200.39,108.73
73,577067.016728,60.626,62,-38.554,13.391,71.655,146.081,108.616,270.19,191.63,98.16,200.15,108.61
74,577067.018732,60.586,62,-38.581,13.401,71.717,146.029,108.621,270.11,191.63,98.22,200.18,108.64
75,577067.022827,60.605,62,-38.544,13.413,71.759,146.2,108.592,270.2,191.66,98.3,200.31,108.59
76,577067.026693,60.605,60,-38.792,13.407,71.688,146.055,108.783,269.86,191.66,98.2,200.11,108.78
77,577067.032111,60.603,61,-38.591,13.43,71.788,146.251,108.617,270.27,191.71,98.33,200.69,108.55
78,577067.03962,60.605,61,-38.662,13.402,71.79,146.263,108.66,270.08,191.66,98.33,200.51,108.64
79,577067.043284,60.596,61,-38.671,13.409,71.813,146.268,108.655,270.12,191.69,98.38,200.39,108.61
80,577067.047164,60.554,61,-38.749,13.398,71.824,146.103,108.709,269.98,191.65,98.38,200.31,108.67
81,577067.051383,60.598,62,-38.608,13.445,71.779,146.207,108.621,270.19,191.72,98.31,200.52,108.59
82,577067.055455,60.623,60,-38.763,13.452,71.67,146.101,108.756,269.9,191.72,98.17,200.17,108.75
83,577067.068231,60.595,62,-38.63,13.493,71.69,146.013,108.643,270.08,191.77,98.2,200.05,108.64
84,577067.071203,60.641,63,-38.309,13.472,71.828,146.501,108.376,270.49,191.65,98.6,200.63,108.39
85,577067.075821,60.693,61,-38.708,13.483,71.558,146.19,108.726,269.98,191.76,98.02,200.3,108.73
86,577067.078524,60.698,61,-38.71,13.509,71.518,146.132,108.708,269.97,191.8,97.97,200.22,108.71
87,577067.083318,60.71,61,-38.709,13.498,71.503,146.154,108.706,270.08,191.76,98.05,200.29,108.62
88,577067.091064,60.711,61,-38.495,13.519,71.569,146.294,108.499,270.34,191.84,98.04,200.33,108.45
89,577067.094846,60.698,59,-38.678,13.496,71.521,146.133,108.65,270.19,191.78,98.1,200.14,108.54
90,577067.098555,60.701,60,-38.738,13.46,71.539,146.187,108.727,269.94,191.73,98.0,200.29,108.73
91,577067.102681,60.715,60,-38.762,13.445,71.54,146.252,108.754,269.9,191.71,98.0,200.38,108.75
92,577067.106837,60.668,60,-38.696,13.451,71.587,146.135,108.732,269.99,191.72,98.06,200.22,108.73
93,577067.116684,60.621,62,-38.528,13.433,71.735,146.225,108.606,270.26,191.7,98.26,200.45,108.59
94,577067.11865,60.585,60,-38.638,13.398,71.765,146.121,108.689,270.07,191.64,98.31,200.2,108.69
95,577067.12299,60.541,61,-38.608,13.378,71.838,146.073,108.689,270.11,191.62,98.41,200.14,108.69
96,577067.127682,60.572,59,-38.714,13.364,71.773,146.08,108.807,269.97,191.6,98.32,200.15,108.81
97,577067.131148,60.561,61,-38.633,13.353,71.827,146.138,108.731,270.02,191.55,98.4,200.3,108.78
98,577067.140194,60.559,61,-38.564,13.368,71.834,146.144,108.696,270.24,191.61,98.4,200.39,108.66
99,577067.151317,60.596,61,-38.496,13.41,71.8,146.244,108.592,270.27,191.66,98.35,200.37,108.59
100,577067.155303,60.58,61,-38.564,13.433,71.726,146.022,108.608,270.17,191.69,98.25,200.07,108.61
101,577067.158736,60.615,62,-38.56,13.467,71.657,146.037,108.604,270.31,191.78,98.16,200.13,108.52
102,577067.167544,60.674,62,-38.722,13.447,71.579,146.146,108.736,269.96,191.71,98.05,200.24,108.74
103,577067.170755,60.666,63,-38.678,13.494,71.551,146.052,108.684,270.02,191.78,98.01,200.11,108.68
104,577067.174991,60.695,63,-38.743,13.475,71.535,146.149,108.72,270.03,191.73,98.08,200.29,108.64
105,577067.18007,60.756,61,-38.825,13.485,71.452,146.26,108.77,269.82,191.76,97.88,200.4,108.77
106,577067.18296,60.729,61,-38.783,13.5,71.467,146.168,108.746,269.84,191.77,97.88,200.38,108.74
107,577067.191417,60.707,61,-38.784,13.504,71.496,146.126,108.755,269.87,191.79,97.94,200.21,108.75
108,577067.194988,60.689,61,-38.807,13.497,71.529,146.113,108.766,269.96,191.76,98.09,200.24,108.68
109,577067.198624,60.663,61,-38.812,13.472,71.587,146.112,108.776,269.94,191.73,98.16,200.23,108.69
110,577067.202725,60.655,60,-38.836,13.43,71.649,146.201,108.781,269.8,191.69,98.15,200.31,108.78
111,577067.207328,60.608,60,-38.765,13.428,71.711,146.115,108.755,269.9,191.69,98.23,200.19,108.75
112,577067.21539,60.626,60,-38.308,13.455,71.867,146.515,108.403,270.83,191.77,98.62,200.41,108.23
113,577067.219289,60.604,61,-38.78,13.338,71.751,146.179,108.837,269.88,191.56,98.29,200.28,108.84
114,577067.222951,60.579,62,-38.542,13.381,71.839,146.244,108.639,270.16,191.6,98.39,200.47,108.66
115,577067.227079,60.534,62,-38.611,13.37,71.84,146.046,108.685,270.11,191.61,98.41,200.1,108.68
116,577067.235808,60.601,62,-38.507,13.378,71.793,146.251,108.617,270.21,191.6,98.33,200.49,108.64
117,577067.242486,60.626,62,-38.467,13.402,71.749,146.276,108.577,270.31,191.65,98.28,200.42,108.58
118,577067.248014,60.635,62,-38.609,13.37,71.703,146.222,108.68,270.11,191.61,98.22,200.34,108.68
119,577067.250533,60.662,63,-38.466,13.423,71.672,146.279,108.564,270.31,191.68,98.18,200.42,108.56
120,577067.25561,60.686,63,-38.461,13.429,71.63,146.303,108.547,270.45,191.58,98.4,200.61,108.47
121,577067.258701,60.73,60,-38.681,13.414,71.526,146.294,108.698,270.01,191.67,97.98,200.44,108.7
122,577067.268556,60.687,62,-38.611,13.427,71.586,146.222,108.631,270.16,191.7,98.08,200.23,108.61
123,577067.27069,60.664,63,-38.57,13.452,71.601,146.144,108.596,270.22,191.72,98.08,200.38,108.56
124,577067.275481,60.712,61,-38.706,13.451,71.521,146.2,108.694,269.9,191.69,97.94,200.51,108.72
125,577067.278642,60.673,62,-38.503,13.49,71.635,146.255,108.555,270.39,191.82,98.13,200.32,108.47
126,577067.284129,60.668,61,-38.729,13.433,71.61,146.181,108.75,269.95,191.69,98.09,200.29,108.75
127,577067.292024,60.617,62,-38.655,13.428,71.723,146.182,108.683,270.05,191.68,98.25,200.29,108.68
128,577067.294788,60.607,62,-38.585,13.443,71.758,146.206,108.614,270.13,191.68,98.3,200.52,108.64
129,577067.299724,60.597,60,-38.73,13.444,71.718,146.081,108.75,269.95,191.71,98.24,200.15,108.75
130,577067.302825,60.659,59,-38.46,13.471,71.777,146.479,108.572,270.54,191.75,98.38,201.05,108.43
131,577067.306921,60.609,60,-38.778,13.419,71.705,146.107,108.794,269.88,191.67,98.22,200.18,108.79
132,577067.310657,60.413,60,-38.261,13.284,72.344,146.524,108.412,270.59,191.38,99.34,200.74,108.45
133,577067.320505,60.573,61,-38.677,13.416,71.795,146.129,108.715,269.96,191.64,98.36,200.29,108.76
134,577067.324088,60.63,60,-38.496,13.464,71.791,146.378,108.579,270.55,191.71,98.54,200.8,108.37
135,577067.327171,60.634,61,-38.781,13.419,71.677,146.165,108.8,269.88,191.67,98.18,200.26,108.8
136,577067.331166,60.567,62,-38.619,13.466,71.752,146.016,108.642,270.05,191.72,98.27,200.15,108.66
137,577067.33494,60.589,62,-38.608,13.475,71.708,146.023,108.6,270.07,191.73,98.21,200.17,108.62
138,577067.343911,60.616,62,-38.601,13.483,71.667,146.063,108.602,270.12,191.76,98.17,200.12,108.6
139,577067.347215,60.68,61,-38.627,13.45,71.631,146.278,108.619,270.15,191.72,98.12,200.57,108.58
140,577067.351114,60.664,63,-38.286,13.45,71.79,146.533,108.321,270.6,191.64,98.54,200.73,108.31
141,577067.354837,60.694,61,-38.693,13.426,71.556,146.188,108.711,270.0,191.68,98.02,200.3,108.71
142,577067.358857,60.692,61,-38.691,13.423,71.545,146.159,108.715,270.0,191.68,98.0,200.26,108.71
143,577067.368339,60.655,61,-38.614,13.45,71.561,146.023,108.659,270.11,191.72,98.03,200.07,108.66
144,577067.371281,60.671,61,-38.67,13.406,71.562,146.096,108.747,269.99,191.64,98.01,200.28,108.74
145,577067.375086,60.638,61,-38.573,13.4,71.646,146.118,108.64,270.1,191.62,98.15,200.26,108.68
146,577067.379683,60.699,61,-38.507,13.377,71.672,146.449,108.617,270.39,191.49,98.51,200.78,108.52
147,577067.383456,60.596,61,-38.622,13.389,71.681,146.002,108.723,270.09,191.63,98.19,200.04,108.72
148,577067.386552,60.601,62,-38.492,13.384,71.767,146.197,108.616,270.32,191.63,98.3,200.43,108.6
149,577067.408226,60.598,61,-38.671,13.391,71.734,146.118,108.708,270.03,191.63,98.26,200.2,108.71
150,577067.410885,60.579,62,-38.632,13.439,71.733,146.028,108.654,270.04,191.68,98.25,200.18,108.67
151,577067.420415,60.658,60,-38.791,13.454,71.594,146.104,108.775,269.86,191.72,98.07,200.18,108.77
152,577067.423156,60.655,62,-38.58,13.49,71.654,146.213,108.6,270.2,191.78,98.15,200.45,108.58
153,577067.426622,60.709,60,-38.509,13.511,71.626,146.403,108.546,270.49,191.81,98.17,201.02,108.41
154,577067.431579,60.697,61,-38.808,13.468,71.548,146.187,108.778,269.84,191.74,98.01,200.29,108.78
155,577067.434932,60.692,61,-38.802,13.487,71.537,146.141,108.762,269.81,191.76,97.97,200.34,108.76
156,577067.438943,60.709,61,-38.812,13.496,71.51,146.163,108.767,269.95,191.76,98.06,200.3,108.68
157,577067.447203,60.698,61,-38.807,13.492,71.529,146.154,108.763,269.84,191.77,97.98,200.25,108.76
158,577067.451998,60.694,61,-38.799,13.489,71.538,146.151,108.758,269.85,191.77,97.99,200.24,108.76
159,577067.454483,60.696,61,-38.798,13.485,71.536,146.158,108.753,269.85,191.76,97.99,200.25,108.75
160,577067.459867,60.681,62,-38.564,13.513,71.608,146.239,108.561,270.22,191.81,98.08,200.48,108.54
161,577067.463198,60.676,61,-38.792,13.452,71.577,146.153,108.764,269.86,191.72,98.05,200.25,108.76
162,577067.47155,60.676,61,-38.53,13.474,71.664,146.329,108.565,270.48,191.74,98.3,200.8,108.39
163,577067.474646,60.673,61,-38.794,13.398,71.624,146.235,108.801,269.86,191.64,98.11,200.36,108.8
164,577067.47939,60.617,63,-38.586,13.408,71.724,146.18,108.644,270.22,191.68,98.24,200.35,108.6
165,577067.487453,60.558,62,-38.607,13.388,71.774,146.02,108.661,270.12,191.63,98.32,200.07,108.66
166,577067.495112,60.566,62,-38.588,13.386,71.774,146.055,108.655,270.14,191.63,98.32,200.11,108.65
167,577067.49897,60.559,62,-38.584,13.387,71.783,146.042,108.654,270.15,191.63,98.33,200.1,108.65
168,577067.502973,60.623,61,-38.472,13.404,71.774,146.311,108.582,270.3,191.65,98.32,200.46,108.58
169,577067.506664,60.591,61,-38.615,13.378,71.749,146.117,108.678,270.11,191.62,98.28,200.2,108.68
170,577067.510841,60.635,61,-38.458,13.416,71.74,146.297,108.579,270.32,191.67,98.27,200.44,108.58
171,577067.514726,60.629,61,-38.705,13.382,71.667,146.123,108.775,269.98,191.62,98.17,200.21,108.77
172,577067.523078,60.62,61,-38.194,13.423,71.857,146.469,108.313,270.96,191.69,98.66,200.43,108.18
173,577067.526969,60.688,62,-38.726,13.371,71.623,146.299,108.779,269.95,191.61,98.11,200.45,108.78
174,577067.530702,60.664,61,-38.688,13.432,71.612,146.17,108.734,270.0,191.69,98.1,200.27,108.73
175,577067.535421,60.638,62,-38.632,13.459,71.638,146.103,108.69,270.08,191.73,98.13,200.18,108.69
176,577067.538536,60.621,63,-38.558,13.451,71.705,146.162,108.599,270.18,191.72,98.22,200.26,108.6
177,577067.54825,60.624,64,-38.526,13.463,71.724,146.216,108.58,270.27,191.76,98.24,200.29,108.54
178,577067.551695,60.648,61,-38.688,13.454,71.646,146.166,108.714,269.87,191.66,98.13,200.52,108.78
179,577067.555405,60.604,63,-38.576,13.462,71.715,146.107,108.631,270.16,191.73,98.24,200.18,108.63
180,577067.55857,60.588,62,-38.555,13.478,71.735,146.072,108.579,270.19,191.75,98.26,200.14,108.58
181,577067.563577,60.654,61,-38.463,13.478,71.721,146.345,108.533,270.4,191.73,98.31,200.73,108.46
182,577067.576094,60.648,61,-38.756,13.425,71.648,146.169,108.763,269.91,191.68,98.15,200.27,108.76
183,577067.578831,60.494,63,-38.047,13.498,71.981,146.147,108.192,270.97,191.73,98.8,200.2,108.13
184,577067.583505,60.662,62,-38.812,13.372,71.662,146.258,108.823,269.83,191.61,98.16,200.39,108.82
185,577067.587588,60.569,64,-38.57,13.421,71.772,146.064,108.607,270.21,191.68,98.31,200.24,108.59
186,577067.590888,60.569,62,-38.635,13.422,71.729,145.975,108.654,270.08,191.68,98.26,200.0,108.65
187,577067.59906,60.611,62,-38.496,13.418,71.767,146.242,108.564,270.27,191.67,98.31,200.37,108.56
188,577067.603234,60.587,62,-38.628,13.407,71.7,145.996,108.64,270.09,191.66,98.22,200.03,108.64
189,577067.607448,60.615,61,-38.66,13.408,71.684,146.094,108.673,269.99,191.63,98.2,200.23,108.72
190,577067.610876,60.672,62,-38.605,13.402,71.681,146.345,108.655,270.16,191.66,98.18,200.63,108.64
191,577067.615258,60.687,60,-38.523,13.431,71.672,146.395,108.585,270.23,191.69,98.18,200.57,108.58
192,577067.623433,60.695,60,-38.517,13.431,71.661,146.407,108.577,270.24,191.69,98.16,200.59,108.58
193,577067.627621,60.648,61,-38.735,13.411,71.627,146.126,108.781,269.94,191.66,98.12,200.21,108.78
194,577067.630991,60.655,62,-38.506,13.449,71.685,146.277,108.58,270.21,191.7,98.18,200.51,108.6
195,577067.635024,60.642,62,-38.651,13.401,71.685,146.217,108.698,270.06,191.65,98.2,200.34,108.7
196,577067.638964,60.649,61,-38.703,13.421,71.647,146.172,108.761,269.98,191.67,98.14,200.27,108.76
197,577067.647697,60.663,61,-38.697,13.424,71.624,146.188,108.759,269.96,191.67,98.1,200.4,108.76
198,577067.659283,60.668,61,-38.694,13.432,71.611,146.187,108.757,270.0,191.69,98.1,200.29,108.76
199,577067.663618,60.651,62,-38.666,13.462,71.605,146.094,108.74,270.03,191.73,98.09,200.17,108.74
200,577067.666782,60.685,62,-38.368,13.498,71.698,146.44,108.456,270.61,191.71,98.45,200.8,108.34
201,577067.675234,60.699,61,-38.745,13.455,71.569,146.241,108.772,269.93,191.72,98.04,200.37,108.77
202,577067.678693,60.698,61,-38.763,13.461,71.559,146.213,108.765,269.9,191.73,98.02,200.33,108.76
203,577067.683169,60.695,61,-38.786,13.455,71.553,146.187,108.776,269.87,191.72,98.01,200.29,108.78
204,577067.686931,60.699,61,-38.551,13.488,71.613,146.33,108.568,270.34,191.77,98.18,200.54,108.46
205,577067.690634,60.675,60,-38.812,13.45,71.563,146.116,108.77,269.84,191.72,98.03,200.19,108.77
206,577067.699257,60.738,62,-38.446,13.479,71.675,146.635,108.452,270.42,191.75,98.24,200.99,108.38
207,577067.703107,60.68,60,-38.854,13.431,71.572,146.157,108.793,269.78,191.69,98.04,200.25,108.79
208,577067.706832,60.668,62,-38.762,13.433,71.643,146.251,108.696,269.91,191.69,98.14,200.38,108.69
209,577067.710769,60.656,62,-38.548,13.441,71.736,146.385,108.549,270.38,191.68,98.47,200.46,108.39
210,577067.714716,60.697,60,-38.667,13.413,71.675,146.449,108.673,270.21,191.68,98.28,200.6,108.56
211,577067.723506,60.638,60,-38.844,13.408,71.634,146.096,108.83,269.68,191.62,98.13,200.12,108.91
212,577067.727038,60.616,61,-38.775,13.42,71.642,146.009,108.795,269.89,191.67,98.14,200.05,108.79
213,577067.730644,60.668,60,-38.804,13.416,71.588,146.137,108.816,269.91,191.68,98.07,200.36,108.77
214,577067.735171,60.706,60,-38.802,13.408,71.521,146.175,108.817,269.85,191.66,97.97,200.27,108.82
215,577067.743893,60.711,61,-38.696,13.462,71.456,146.063,108.703,269.99,191.73,97.88,200.12,108.7
216,577067.750506,60.758,63,-38.583,13.448,71.484,146.334,108.59,270.19,191.72,97.91,200.61,108.57
217,577067.755379,60.778,61,-38.771,13.439,71.371,146.193,108.724,269.89,191.7,97.77,200.3,108.72
218,577067.758941,60.762,64,-38.616,13.41,71.461,146.305,108.582,270.1,191.66,97.89,200.46,108.58
219,577067.762696,60.724,61,-38.338,13.388,71.663,146.544,108.327,270.5,191.55,98.41,200.55,108.31
220,577067.766791,60.794,61,-38.772,13.42,71.341,146.204,108.702,269.89,191.67,97.72,200.32,108.7
221,577067.775437,60.73,63,-38.417,13.422,71.563,146.367,108.445,270.5,191.59,98.27,200.72,108.37
222,577067.778808,60.74,60,-38.574,13.4,71.555,146.395,108.568,270.21,191.67,98.04,200.45,108.54
223,577067.78309,60.668,60,-38.797,13.373,71.583,146.126,108.785,269.86,191.61,98.06,200.21,108.78
224,577067.786632,60.628,62,-38.639,13.369,71.729,146.243,108.688,270.11,191.61,98.25,200.48,108.67
225,577067.791839,60.552,64,-38.721,13.288,71.922,146.293,108.78,270.0,191.5,98.51,200.55,108.76
226,577067.798857,60.555,61,-38.888,13.309,71.854,146.166,108.954,269.73,191.52,98.43,200.26,108.95
227,577067.802679,60.327,63,-38.482,13.177,72.461,146.371,108.643,270.29,191.34,99.26,200.55,108.64
228,577067.806799,60.475,62,-38.756,13.354,71.976,146.056,108.82,269.91,191.58,98.59,200.11,108.82
229,577067.810588,60.477,62,-38.707,13.399,71.969,146.05,108.769,269.88,191.6,98.58,200.26,108.83
230,577067.814657,60.512,62,-38.551,13.475,71.905,146.075,108.637,270.42,191.79,98.6,199.98,108.5
231,577067.818768,60.593,60,-38.78,13.449,71.748,146.124,108.801,269.88,191.71,98.28,200.21,108.8
232,577067.827707,60.618,61,-38.703,13.518,71.66,146.057,108.719,269.98,191.81,98.16,200.12,108.72
233,577067.832202,60.66,62,-38.705,13.547,71.578,146.081,108.701,269.98,191.85,98.05,200.15,108.7
234,577067.835232,60.713,62,-38.653,13.569,71.495,146.149,108.626,270.05,191.88,97.93,200.24,108.63
235,577067.838928,60.542,57,-37.873,13.731,71.676,145.748,108.037,271.16,192.12,98.19,199.61,108.01
236,577067.843432,60.762,65,-38.458,13.551,71.486,146.355,108.425,270.44,191.89,97.9,200.68,108.36
237,577067.851884,60.794,60,-38.618,13.572,71.353,146.23,108.56,270.19,191.91,97.77,200.13,108.55
238,577067.854825,60.787,62,-38.701,13.52,71.395,146.282,108.649,269.99,191.81,97.8,200.43,108.65
239,577067.859647,60.773,62,-38.47,13.536,71.495,146.426,108.474,270.53,191.71,98.32,200.75,108.31
240,577067.863759,60.739,61,-38.707,13.469,71.473,146.225,108.667,269.98,191.74,97.91,200.35,108.67
241,577067.867708,60.65,62,-38.627,13.442,71.643,146.165,108.622,270.09,191.7,98.14,200.26,108.62
242,577067.870953,60.609,60,-38.674,13.433,71.697,146.093,108.7,270.02,191.69,98.21,200.16,108.7
243,577067.879184,60.546,63,-38.516,13.387,71.897,146.215,108.598,270.24,191.63,98.49,200.33,108.6
244,577067.88363,60.488,62,-38.621,13.352,71.927,146.015,108.691,270.1,191.58,98.53,200.06,108.69
245,577067.887312,60.47,62,-38.632,13.327,71.972,146.023,108.698,270.08,191.55,98.59,200.07,108.7
246,577067.891774,60.488,61,-38.657,13.31,71.963,146.085,108.706,269.99,191.49,98.59,200.22,108.75
247,577067.896019,60.455,62,-38.618,13.325,71.988,145.987,108.688,270.1,191.54,98.61,200.02,108.69
248,577067.903347,60.414,60,-38.194,13.24,72.357,146.55,108.349,270.79,191.31,99.47,200.77,108.3
249,577067.915252,60.5,63,-38.599,13.323,71.919,146.05,108.644,270.13,191.54,98.52,200.11,108.64
250,577067.919034,60.613,63,-38.461,13.385,71.727,146.171,108.556,270.36,191.63,98.25,200.39,108.53
251,577067.92861,60.674,60,-38.598,13.405,71.573,146.134,108.664,270.13,191.65,98.04,200.22,108.66
252,577067.931385,60.703,60,-38.615,13.429,71.5,146.117,108.675,270.1,191.69,97.94,200.2,108.67
253,577067.934777,60.728,64,-38.484,13.442,71.505,146.24,108.566,270.33,191.73,97.94,200.32,108.53
254,577067.938977,60.819,60,-38.655,13.449,71.348,146.334,108.675,270.05,191.71,97.74,200.5,108.67
255,577067.943089,60.757,60,-38.687,13.456,71.373,146.1,108.723,270.0,191.72,97.77,200.17,108.72
256,577067.946696,60.227,56,-38.027,13.055,72.701,146.41,108.281,270.91,191.17,99.6,200.6,108.28
257,577067.956191,60.764,63,-38.688,13.429,71.411,146.209,108.716,270.0,191.69,97.82,200.33,108.72
258,577067.958578,60.761,60,-38.437,13.487,71.496,146.369,108.491,270.57,191.66,98.26,200.82,108.34
259,577067.963223,60.763,61,-38.788,13.435,71.437,146.261,108.749,269.87,191.7,97.86,200.4,108.75
260,577067.966669,60.735,61,-38.657,13.471,71.543,146.349,108.616,270.15,191.77,98.01,200.51,108.57
261,577067.971143,60.685,60,-38.865,13.443,71.566,146.171,108.797,269.76,191.71,98.03,200.27,108.8
262,577067.979369,60.668,62,-38.796,13.443,71.65,146.265,108.73,269.86,191.71,98.15,200.4,108.73
263,577067.98277,60.642,61,-38.784,13.43,71.749,146.348,108.732,269.92,191.7,98.28,200.63,108.71
264,577067.986863,60.614,61,-38.801,13.423,71.808,146.342,108.74,269.9,191.69,98.36,200.62,108.72
265,577067.995159,60.563,61,-38.876,13.388,71.864,146.221,108.802,269.69,191.6,98.45,200.41,108.85
266,577068.002734,60.562,62,-38.816,13.398,71.885,146.262,108.772,269.83,191.64,98.47,200.4,108.77
267,577068.007291,60.57,59,-38.967,13.419,71.764,146.054,108.889,269.62,191.67,98.3,200.1,108.89
268,577068.011398,60.591,59,-38.954,13.458,71.682,145.981,108.879,269.64,191.73,98.19,200.0,108.88
269,577068.014829,60.643,62,-38.686,13.494,71.691,146.235,108.66,270.08,191.79,98.19,200.56,108.63
270,577068.019655,60.7,63,-38.372,13.516,71.734,146.582,108.355,270.58,191.83,98.36,200.6,108.29
271,577068.022646,60.826,60,-38.715,13.473,71.444,146.563,108.673,270.13,191.76,97.96,200.79,108.55
272,577068.032552,60.791,62,-38.83,13.462,71.388,146.288,108.752,269.85,191.75,97.78,200.39,108.72
273,577068.034772,60.812,62,-38.801,13.465,71.334,146.271,108.727,269.85,191.74,97.71,200.41,108.73
274,577068.040009,60.877,62,-38.601,13.467,71.345,146.592,108.591,270.27,191.69,97.91,200.96,108.49
275,577068.04266,60.824,60,-38.768,13.469,71.294,146.247,108.691,269.89,191.74,97.66,200.38,108.69
276,577068.047385,60.816,61,-38.778,13.467,71.3,146.222,108.734,269.88,191.74,97.67,200.34,108.73
277,577068.055124,60.803,61,-38.527,13.486,71.421,146.41,108.552,270.34,191.75,97.92,200.7,108.46
278,577068.058616,60.853,60,-38.304,13.444,71.565,146.932,108.359,270.59,191.64,98.26,201.09,108.3
279,577068.064044,60.835,60,-38.434,13.419,71.574,146.87,108.471,270.44,191.67,98.09,201.37,108.43
280,577068.066607,60.66,60,-38.31,13.453,71.728,146.386,108.394,270.75,191.75,98.42,200.3,108.24
281,577068.071527,60.639,61,-38.899,13.319,71.665,146.162,108.888,269.76,191.56,98.16,200.2,108.85
282,577068.084273,60.569,63,-38.782,13.301,71.856,146.236,108.792,269.88,191.51,98.43,200.36,108.79
283,577068.087107,60.561,63,-38.78,13.309,71.878,146.242,108.78,269.85,191.51,98.44,200.48,108.77
284,577068.091083,60.514,62,-38.738,13.348,71.885,146.044,108.731,269.94,191.57,98.47,200.1,108.73
285,577068.095209,60.531,63,-38.683,13.365,71.895,146.142,108.677,270.06,191.61,98.48,200.34,108.66
286,577068.103595,60.581,60,-38.575,13.397,71.875,146.329,108.606,270.22,191.67,98.46,200.4,108.56
287,577068.107399,60.609,61,-38.542,13.421,71.814,146.328,108.57,270.26,191.7,98.38,200.4,108.53
288,577068.111521,60.599,62,-38.693,13.387,71.762,146.18,108.659,270.0,191.63,98.3,200.28,108.66
289,577068.115245,60.599,62,-38.554,13.455,71.711,146.073,108.53,270.19,191.72,98.23,200.14,108.53
290,577068.11862,60.691,61,-38.672,13.437,71.553,146.173,108.641,270.03,191.7,98.02,200.27,108.64
291,577068.122441,60.705,61,-38.661,13.458,71.515,146.158,108.657,270.09,191.74,97.99,200.14,108.63
292,577068.131021,60.679,62,-38.543,13.439,71.613,146.238,108.545,270.2,191.7,98.1,200.36,108.55
293,577068.135513,60.655,64,-38.401,13.44,71.699,146.302,108.461,270.47,191.71,98.2,200.66,108.44
294,577068.138551,60.687,60,-38.641,13.45,71.538,146.12,108.677,270.06,191.71,97.99,200.2,108.68
295,577068.144559,60.672,64,-38.472,13.403,71.712,146.409,108.543,270.3,191.65,98.23,200.6,108.54
296,577068.147425,60.616,63,-38.404,13.434,71.761,146.255,108.491,270.39,191.69,98.3,200.39,108.49
297,577068.155667,60.589,63,-38.569,13.365,71.801,146.215,108.665,270.17,191.6,98.36,200.33,108.66
298,577068.168068,60.583,62,-38.633,13.345,71.814,146.213,108.759,270.08,191.57,98.37,200.33,108.76
299,577068.171448,60.534,62,-38.591,13.404,71.84,146.043,108.71,270.1,191.64,98.39,200.19,108.73
300,577068.174572,60.589,61,-38.747,13.379,71.779,146.168,108.825,269.92,191.62,98.33,200.27,108.82
301,577068.184245,60.572,62,-38.525,13.436,71.858,146.249,108.615,270.27,191.7,98.42,200.5,108.6
302,577068.187002,60.576,60,-38.739,13.443,71.765,146.08,108.762,269.93,191.71,98.31,200.15,108.76
303,577068.19155,60.592,62,-38.536,13.49,71.803,146.233,108.55,270.17,191.75,98.34,200.46,108.57
304,577068.195186,60.586,62,-38.674,13.455,71.788,146.173,108.631,270.02,191.72,98.34,200.27,108.63
305,577068.198603,60.318,56,-37.82,13.675,71.989,145.375,108.097,271.19,192.02,98.61,199.19,108.09
306,577068.207233,60.651,62,-38.789,13.434,71.678,146.244,108.739,269.87,191.69,98.19,200.38,108.74
307,577068.211783,60.616,61,-38.683,13.515,71.639,146.006,108.644,270.01,191.8,98.13,200.05,108.64
308,577068.214743,60.601,61,-38.612,13.496,71.695,146.051,108.591,270.11,191.78,98.21,200.11,108.59
309,577068.219557,60.669,60,-38.775,13.472,71.591,146.147,108.756,269.88,191.74,98.07,200.24,108.76
310,577068.222666,60.687,61,-38.779,13.467,71.558,146.16,108.763,269.88,191.74,98.02,200.26,108.76
311,577068.232126,60.686,61,-38.789,13.462,71.559,146.158,108.778,269.87,191.73,98.02,200.25,108.78
312,577068.234949,60.699,61,-38.788,13.455,71.54,146.177,108.792,269.98,191.73,98.0,200.54,108.73
313,577068.239226,60.713,61,-38.536,13.475,71.606,146.377,108.596,270.46,191.73,98.3,200.55,108.39
314,577068.252538,60.752,61,-38.877,13.363,71.44,146.219,108.838,269.69,191.57,97.87,200.39,108.88
315,577068.259346,60.722,62,-38.626,13.41,71.514,146.231,108.637,270.17,191.68,97.95,200.57,108.61
316,577068.262609,60.723,60,-38.823,13.388,71.452,146.108,108.79,269.82,191.63,97.88,200.18,108.79
317,577068.267992,60.726,60,-38.827,13.386,71.437,146.092,108.783,269.81,191.63,97.86,200.16,108.78
318,577068.271102,60.728,60,-38.828,13.385,71.435,146.099,108.787,269.75,191.62,97.85,200.04,108.82
319,577068.274958,60.708,62,-38.656,13.384,71.535,146.211,108.649,270.09,191.63,97.98,200.44,108.63
320,577068.282764,60.689,59,-38.834,13.351,71.527,146.109,108.797,269.81,191.58,97.98,200.18,108.8
321,577068.28672,60.655,61,-38.733,13.326,71.616,146.135,108.716,269.94,191.55,98.1,200.22,108.71
322,577068.290899,60.598,62,-38.682,13.329,71.685,146.018,108.702,270.01,191.55,98.2,200.06,108.7
323,577068.294726,60.619,61,-38.717,13.333,71.681,146.105,108.723,269.96,191.55,98.19,200.18,108.72
324,577068.298721,60.669,61,-38.571,13.384,71.675,146.319,108.623,270.35,191.51,98.52,200.6,108.48
325,577068.307218,60.696,60,-38.613,13.389,71.661,146.414,108.655,270.11,191.63,98.16,200.6,108.65
326,577068.311554,60.667,60,-38.802,13.418,71.586,146.13,108.821,269.85,191.67,98.06,200.21,108.82
327,577068.315501,60.676,62,-38.607,13.453,71.646,146.292,108.63,270.16,191.73,98.14,200.55,108.61
328,577068.318727,60.694,60,-38.242,13.494,71.784,146.656,108.288,270.78,191.8,98.45,200.66,108.2
329,577068.322601,60.758,60,-38.724,13.46,71.545,146.456,108.677,270.11,191.72,98.11,200.8,108.57
330,577068.327132,60.71,62,-38.385,13.51,71.732,146.621,108.366,270.52,191.77,98.4,200.9,108.3
331,577068.336216,60.726,61,-38.846,13.478,71.543,146.309,108.778,269.75,191.74,97.98,200.58,108.77
332,577068.338771,60.696,61,-38.836,13.505,71.563,146.212,108.782,269.85,191.81,98.02,200.27,108.75
333,577068.342667,60.695,61,-38.831,13.511,71.575,146.231,108.768,269.81,191.8,98.04,200.35,108.77
334,577068.34665,60.692,61,-38.826,13.525,71.579,146.226,108.771,269.81,191.82,98.05,200.34,108.77
335,577068.351552,60.683,61,-38.826,13.512,71.593,146.217,108.779,269.81,191.8,98.07,200.33,108.78
336,577068.359539,60.67,61,-38.799,13.505,71.628,146.227,108.756,269.85,191.79,98.12,200.35,108.76
337,577068.362686,60.696,61,-38.596,13.496,71.72,146.532,108.603,270.16,191.78,98.24,200.85,108.59
338,577068.367692,60.68,60,-38.542,13.496,71.735,146.49,108.554,270.26,191.8,98.29,200.57,108.53
339,577068.370952,60.636,61,-38.777,13.454,71.693,146.207,108.768,269.88,191.72,98.21,200.32,108.77
340,577068.375403,60.63,61,-38.493,13.5,71.781,146.359,108.543,270.32,191.77,98.38,200.55,108.5
341,577068.37808,60.612,60,-38.715,13.455,71.718,146.149,108.712,270.08,191.71,98.34,200.28,108.63
342,577068.387556,60.599,60,-38.705,13.453,71.738,146.129,108.706,269.98,191.72,98.27,200.21,108.7
343,577068.390474,60.582,62,-38.639,13.416,71.808,146.198,108.639,270.07,191.67,98.36,200.31,108.64
344,577068.395628,60.602,61,-38.71,13.414,71.739,146.146,108.716,269.97,191.66,98.27,200.24,108.72
345,577068.399344,60.556,62,-38.561,13.432,71.79,146.041,108.58,270.13,191.66,98.35,200.15,108.62
346,577068.403125,60.588,62,-38.632,13.382,71.775,146.155,108.627,269.99,191.63,98.24,200.21,108.69
347,577068.412387,60.641,60,-38.72,13.372,71.681,146.203,108.708,269.85,191.55,98.19,200.47,108.79
348,577068.424262,60.576,62,-38.539,13.389,71.74,146.029,108.583,270.21,191.63,98.27,200.08,108.58
349,577068.427057,60.583,62,-38.536,13.375,71.72,146.018,108.591,270.21,191.61,98.24,200.06,108.59
350,577068.436194,60.622,62,-38.454,13.372,71.714,146.186,108.553,270.33,191.61,98.24,200.3,108.55
351,577068.438648,60.649,61,-38.424,13.362,71.7,146.279,108.533,270.32,191.58,98.2,200.52,108.55
352,577068.444111,60.631,60,-38.66,13.331,71.622,146.039,108.698,270.04,191.55,98.11,200.09,108.7
353,577068.446514,60.661,61,-38.444,13.345,71.666,146.266,108.524,270.34,191.57,98.17,200.4,108.52
354,577068.451311,60.597,62,-38.575,13.323,71.663,145.971,108.616,270.16,191.54,98.17,200.0,108.61
355,577068.455307,60.657,61,-38.743,13.318,71.58,146.072,108.768,269.93,191.53,98.05,200.14,108.77
356,577068.464245,60.623,62,-38.619,13.36,71.633,146.024,108.634,270.1,191.59,98.12,200.07,108.63
357,577068.466569,60.671,62,-38.577,13.385,71.616,146.208,108.58,270.2,191.63,98.09,200.44,108.56
358,577068.471682,60.698,60,-38.797,13.39,71.518,146.129,108.758,269.97,191.62,98.07,200.25,108.67
359,577068.475633,60.689,60,-38.827,13.421,71.532,146.118,108.774,269.81,191.68,97.99,200.2,108.77
360,577068.478688,60.681,60,-38.839,13.444,71.555,146.126,108.765,269.8,191.71,98.02,200.21,108.76
361,577068.48803,60.675,60,-38.863,13.469,71.577,146.149,108.783,269.88,191.73,98.15,200.28,108.7
362,577068.490898,60.682,60,-38.886,13.474,71.574,146.173,108.78,269.77,191.75,98.04,200.36,108.76
363,577068.495759,60.718,60,-38.702,13.492,71.648,146.487,108.626,270.12,191.79,98.13,201.01,108.56
364,577068.50362,60.678,60,-38.907,13.498,71.612,146.231,108.79,269.71,191.78,98.1,200.35,108.79
365,577068.511286,60.709,62,-38.506,13.544,71.746,146.647,108.479,270.36,191.81,98.42,200.88,108.38
366,577068.515404,60.695,61,-38.936,13.482,71.611,146.307,108.839,269.67,191.76,98.09,200.46,108.84
367,577068.518658,60.681,61,-38.912,13.509,71.606,146.231,108.831,269.7,191.8,98.09,200.35,108.83
368,577068.522698,60.658,62,-38.362,13.509,71.867,146.66,108.339,270.51,191.75,98.59,200.89,108.31
369,577068.526702,60.736,61,-38.872,13.479,71.551,146.371,108.8,269.75,191.76,98.01,200.54,108.8
370,577068.530723,60.719,61,-38.869,13.503,71.539,146.269,108.805,269.76,191.79,98.0,200.4,108.8
371,577068.539549,60.721,61,-38.847,13.492,71.515,146.227,108.806,269.79,191.77,97.96,200.35,108.81
372,577068.54291,60.722,61,-38.837,13.485,71.501,146.203,108.8,269.8,191.76,97.94,200.31,108.8
373,577068.547204,60.721,59,-38.185,13.55,71.686,146.578,108.246,270.82,191.86,98.31,200.64,108.17
374,577068.550902,60.751,61,-38.805,13.445,71.454,146.243,108.783,269.84,191.71,97.88,200.37,108.78
375,577068.55505,60.709,60,-38.766,13.475,71.488,146.118,108.763,269.98,191.78,97.95,199.99,108.75
376,577068.564138,60.742,63,-38.271,13.471,71.695,146.696,108.357,270.67,191.71,98.35,200.99,108.29
377,577068.566482,60.706,60,-38.762,13.401,71.531,146.196,108.752,269.9,191.65,97.99,200.3,108.75
378,577068.571812,60.644,61,-38.529,13.437,71.672,146.198,108.562,270.37,191.76,98.21,200.02,108.48
379,577068.574424,60.636,60,-38.744,13.367,71.641,146.099,108.749,269.86,191.57,98.14,200.25,108.8
380,577068.578943,60.56,62,-38.625,13.351,71.786,146.05,108.654,270.09,191.58,98.33,200.1,108.65
381,577068.587512,60.563,61,-38.66,13.319,71.807,146.109,108.679,269.98,191.5,98.37,200.26,108.73
382,577068.600218,60.533,62,-38.613,13.324,71.833,146.023,108.653,270.17,191.55,98.4,200.21,108.62
383,577068.603521,60.564,61,-38.636,13.32,71.796,146.09,108.653,270.08,191.54,98.35,200.16,108.65
384,577068.607172,60.548,62,-38.591,13.343,71.786,145.999,108.627,270.14,191.57,98.34,200.04,108.63
385,577068.615142,60.563,62,-38.574,13.351,71.767,146.025,108.6,270.16,191.58,98.31,200.07,108.6
386,577068.619519,60.629,61,-38.44,13.391,71.733,146.257,108.509,270.3,191.62,98.25,200.49,108.53
387,577068.622697,60.652,61,-38.509,13.39,71.687,146.264,108.531,270.25,191.63,98.2,200.4,108.53
388,577068.62691,60.59,62,-38.546,13.404,71.695,146.003,108.548,270.2,191.65,98.21,200.04,108.55
389,577068.630776,60.64,62,-38.627,13.377,71.66,146.155,108.61,270.14,191.62,98.16,200.37,108.59
390,577068.639756,60.633,63,-38.613,13.383,71.684,146.175,108.591,270.15,191.64,98.21,200.17,108.57
391,577068.64252,60.635,62,-38.647,13.404,71.678,146.173,108.626,270.11,191.67,98.21,200.16,108.61
392,577068.647856,60.658,63,-38.564,13.42,71.734,146.39,108.571,270.22,191.69,98.28,200.46,108.55
393,577068.650968,60.692,61,-38.556,13.442,71.706,146.486,108.59,270.18,191.7,98.23,200.7,108.59
394,577068.654896,60.649,61,-38.77,13.446,71.656,146.19,108.753,270.0,191.69,98.26,200.34,108.67
395,577068.663646,60.557,58,-38.404,13.37,72.057,146.589,108.458,270.5,191.52,98.99,200.85,108.43
396,577068.666754,60.626,60,-38.786,13.461,71.679,146.134,108.781,269.87,191.73,98.19,200.22,108.78
397,577068.671259,60.597,63,-38.631,13.492,71.771,146.189,108.639,270.13,191.78,98.31,200.41,108.62
398,577068.683099,60.626,60,-38.81,13.478,71.686,146.145,108.786,269.84,191.75,98.2,200.23,108.78
399,577068.691367,60.638,60,-38.802,13.495,71.66,146.145,108.786,269.91,191.8,98.18,200.12,108.76
400,577068.695288,60.658,61,-38.846,13.48,71.637,146.192,108.827,269.79,191.76,98.13,200.3,108.83
401,577068.698808,60.673,61,-38.836,13.486,71.606,146.198,108.812,269.8,191.76,98.09,200.31,108.81
402,577068.703197,60.65,63,-38.635,13.512,71.664,146.211,108.626,270.12,191.81,98.16,200.43,108.61
403,577068.707312,60.674,62,-38.811,13.456,71.61,146.211,108.774,269.83,191.72,98.09,200.32,108.77
404,577068.716676,60.626,63,-38.653,13.491,71.671,146.114,108.628,270.11,191.78,98.17,200.33,108.59
405,577068.719173,60.731,61,-38.852,13.478,71.492,146.227,108.797,269.95,191.76,98.06,200.26,108.69
406,577068.723661,60.708,63,-38.276,13.459,71.824,146.799,108.319,270.53,191.71,98.37,201.24,108.33
407,577068.72716,60.819,60,-38.745,13.467,71.447,146.536,108.695,270.14,191.75,97.95,201.12,108.59
408,577068.731024,60.744,61,-38.879,13.447,71.454,146.208,108.781,269.74,191.71,97.88,200.32,108.78
409,577068.738923,60.744,61,-38.869,13.44,71.449,146.201,108.778,269.86,191.69,97.97,200.35,108.7
410,577068.742679,60.732,61,-38.891,13.426,71.456,146.159,108.786,269.73,191.68,97.88,200.25,108.79
411,577068.747251,60.706,62,-38.816,13.382,71.546,146.225,108.726,269.88,191.65,98.0,200.28,108.69
412,577068.751463,60.678,61,-38.78,13.381,71.572,146.152,108.694,269.88,191.62,98.04,200.24,108.69
413,577068.755156,60.693,60,-38.875,13.365,71.531,146.134,108.796,269.69,191.59,97.99,200.09,108.83
414,577068.759044,60.632,62,-38.752,13.314,71.652,146.106,108.722,269.92,191.53,98.15,200.18,108.72
415,577068.768448,60.657,60,-38.84,13.316,71.588,146.088,108.817,269.8,191.53,98.06,200.15,108.82
416,577068.770603,60.683,60,-38.592,13.331,71.67,146.371,108.645,270.29,191.54,98.22,200.95,108.53
417,577068.776202,60.639,60,-38.835,13.298,71.641,146.112,108.814,269.8,191.51,98.14,200.19,108.81
418,577068.778509,60.645,61,-38.599,13.319,71.714,146.291,108.637,270.16,191.54,98.23,200.54,108.62
419,577068.782835,60.766,60,-38.269,13.36,71.759,146.936,108.421,270.72,191.6,98.34,201.58,108.35
420,577068.791386,60.647,60,-38.838,13.305,71.604,146.073,108.821,269.8,191.52,98.08,200.14,108.82
421,577068.795796,60.642,61,-38.736,13.356,71.581,146.005,108.732,269.89,191.57,98.04,200.14,108.75
422,577068.798637,60.633,62,-38.653,13.362,71.629,146.063,108.635,270.05,191.59,98.12,200.12,108.63
423,577068.803159,60.676,62,-38.56,13.405,71.621,146.239,108.556,270.22,191.66,98.1,200.48,108.54
424,577068.807819,60.683,62,-38.699,13.372,71.603,146.234,108.672,270.1,191.62,98.08,200.61,108.62
425,577068.815399,60.717,61,-38.509,13.451,71.591,146.366,108.523,270.37,191.67,98.21,200.74,108.43
426,577068.818628,60.716,61,-38.765,13.427,71.511,146.196,108.727,270.01,191.67,98.06,200.35,108.64
427,577068.823004,60.693,61,-38.77,13.454,71.546,146.165,108.747,269.95,191.74,98.03,200.14,108.72
428,577068.826523,60.623,63,-38.654,13.471,71.677,146.113,108.647,270.05,191.74,98.18,200.19,108.65
429,577068.830732,60.663,61,-38.768,13.47,71.607,146.153,108.742,269.89,191.74,98.09,200.25,108.74
430,577068.835417,60.609,63,-38.661,13.48,71.712,146.12,108.637,270.04,191.75,98.23,200.2,108.64
431,577068.855609,60.616,61,-38.816,13.472,71.732,146.193,108.785,269.94,191.73,98.36,200.34,108.7
432,577068.859127,60.553,62,-38.664,13.495,71.823,146.093,108.646,270.04,191.78,98.38,200.16,108.65
433,577068.868197,60.607,61,-38.818,13.465,71.752,146.195,108.793,269.83,191.74,98.29,200.3,108.79
434,577068.871162,60.606,62,-38.652,13.482,71.804,146.294,108.634,270.1,191.77,98.35,200.55,108.61
435,577068.874985,60.598,61,-38.752,13.473,71.748,146.146,108.731,269.92,191.75,98.28,200.24,108.73
436,577068.879122,60.557,63,-38.631,13.487,71.811,146.09,108.617,270.08,191.77,98.37,200.16,108.62
437,577068.8835,60.632,60,-38.755,13.478,71.677,146.154,108.726,269.91,191.75,98.18,200.25,108.72
438,577068.886045,60.599,62,-38.627,13.485,71.725,146.105,108.591,270.2,191.79,98.25,200.23,108.52
439,577068.895,60.687,61,-38.499,13.484,71.674,146.396,108.52,270.54,191.73,98.38,200.8,108.31
440,577068.899275,60.737,60,-38.529,13.45,71.615,146.508,108.551,270.4,191.65,98.32,200.92,108.43
441,577068.90272,60.708,61,-38.76,13.416,71.536,146.213,108.741,269.91,191.67,97.99,200.33,108.74
442,577068.907448,60.676,61,-38.653,13.414,71.56,146.116,108.598,270.05,191.67,98.03,200.19,108.6
443,577068.911094,60.698,60,-38.743,13.412,71.495,146.084,108.685,269.93,191.66,97.94,200.15,108.68
444,577068.920143,60.661,63,-38.568,13.406,71.591,146.112,108.545,270.21,191.66,98.06,200.31,108.52
445,577068.922582,60.7,61,-38.488,13.391,71.591,146.29,108.531,270.38,191.68,98.08,200.27,108.46
446,577068.92701,60.61,62,-38.601,13.347,71.629,145.955,108.632,270.12,191.57,98.12,199.98,108.63
447,577068.936667,60.612,61,-38.675,13.305,71.673,146.056,108.69,269.93,191.53,98.1,200.08,108.76
448,577068.943084,60.629,61,-38.721,13.275,71.678,146.145,108.725,269.87,191.49,98.1,200.2,108.79
449,577068.947503,60.669,61,-38.644,13.283,71.675,146.319,108.67,270.11,191.49,98.18,200.59,108.65
450,577068.950637,60.609,61,-38.741,13.272,71.707,146.11,108.733,269.93,191.47,98.23,200.19,108.73
451,577068.954598,60.653,62,-38.623,13.324,71.665,146.224,108.644,270.14,191.55,98.16,200.46,108.63
452,577068.959885,60.629,61,-38.742,13.322,71.648,146.082,108.723,269.98,191.56,98.16,200.03,108.7
453,577068.962634,60.666,61,-38.785,13.341,71.602,146.157,108.726,269.87,191.57,98.08,200.25,108.72
454,577068.972433,60.72,61,-38.619,13.403,71.581,146.36,108.596,270.21,191.64,98.13,200.62,108.51
455,577068.974732,60.787,58,-38.581,13.433,71.55,146.603,108.586,270.35,191.7,98.07,201.15,108.46
456,577068.980264,60.713,60,-38.825,13.443,71.484,146.128,108.754,269.89,191.73,97.95,200.07,108.72
457,577068.982565,60.732,60,-38.84,13.483,71.44,146.124,108.75,269.8,191.76,97.86,200.2,108.75
458,577068.987607,60.749,61,-38.67,13.501,71.515,146.358,108.594,270.11,191.68,98.23,200.55,108.54
459,577068.995711,60.675,63,-38.777,13.463,71.621,146.235,108.672,269.88,191.73,98.11,200.36,108.67
460,577068.999199,60.732,61,-38.625,13.544,71.566,146.381,108.559,270.19,191.84,98.1,200.64,108.48
461,577069.002802,60.787,62,-38.481,13.524,71.632,146.771,108.445,270.38,191.77,98.24,201.25,108.38
462,577069.00778,60.747,62,-38.665,13.488,71.638,146.601,108.601,270.04,191.77,98.13,200.86,108.6
463,577069.01065,60.69,61,-38.411,13.471,71.876,146.827,108.398,270.45,191.68,98.66,201.08,108.37
464,577069.020408,60.762,61,-38.57,13.501,71.666,146.725,108.538,270.24,191.73,98.34,200.99,108.47
465,577069.024368,60.695,61,-38.909,13.496,71.57,146.223,108.816,269.75,191.8,98.03,200.28,108.78
466,577069.026723,60.713,62,-38.481,13.554,71.717,146.604,108.479,270.43,191.84,98.36,200.96,108.37
467,577069.030659,60.692,61,-38.884,13.467,71.592,146.253,108.815,269.78,191.76,98.06,200.33,108.78
468,577069.035418,60.633,62,-38.775,13.466,71.704,146.213,108.719,269.88,191.74,98.22,200.33,108.72
469,577069.038688,60.591,62,-38.692,13.497,71.721,146.06,108.665,270.0,191.78,98.24,200.12,108.66
470,577069.047656,60.682,60,-38.611,13.482,71.696,146.418,108.629,270.16,191.78,98.23,200.48,108.6
471,577069.050899,60.698,59,-38.559,13.476,71.7,146.502,108.589,270.34,191.75,98.28,200.94,108.49
472,577069.055265,60.653,61,-38.527,13.463,71.711,146.318,108.57,270.44,191.77,98.32,200.38,108.41
473,577069.05853,60.641,62,-38.422,13.44,71.76,146.365,108.481,270.5,191.68,98.41,200.64,108.38
474,577069.062779,60.62,61,-38.645,13.395,71.698,146.143,108.636,270.06,191.64,98.21,200.23,108.63
475,577069.071546,60.584,62,-38.579,13.41,71.708,145.999,108.594,270.15,191.66,98.23,200.04,108.59
476,577069.075189,60.584,62,-38.573,13.403,71.702,145.99,108.597,270.16,191.65,98.22,200.02,108.6
477,577069.079302,60.586,62,-38.557,13.387,71.697,145.989,108.584,270.18,191.63,98.21,200.02,108.58
478,577069.083217,60.597,62,-38.539,13.37,71.677,145.996,108.576,270.21,191.61,98.19,200.03,108.57
479,577069.087511,60.577,62,-38.565,13.361,71.7,145.953,108.59,270.17,191.59,98.22,199.97,108.59
480,577069.095511,60.58,62,-38.573,13.353,71.701,145.966,108.598,270.16,191.58,98.22,199.99,108.6
481,577069.107963,60.598,61,-38.55,13.351,71.71,146.066,108.585,270.26,191.59,98.23,200.28,108.55
482,577069.111696,60.582,62,-38.614,13.322,71.74,146.056,108.634,270.11,191.54,98.27,200.11,108.63
483,577069.114716,60.564,63,-38.589,13.348,71.745,145.987,108.604,270.1,191.56,98.26,200.11,108.62
484,577069.124365,60.607,63,-38.508,13.366,71.738,146.164,108.551,270.3,191.61,98.26,200.39,108.53
485,577069.126774,60.551,62,-38.595,13.364,71.766,145.973,108.615,270.13,191.6,98.31,200.0,108.61
486,577069.131145,60.588,63,-38.587,13.376,71.743,146.089,108.592,270.19,191.62,98.27,200.28,108.57
487,577069.135068,60.611,61,-38.681,13.386,71.714,146.135,108.635,270.01,191.63,98.24,200.22,108.63
488,577069.139308,60.668,60,-38.517,13.441,71.713,146.391,108.545,270.46,191.71,98.3,200.91,108.4
489,577069.148328,60.682,60,-38.587,13.423,71.696,146.42,108.589,270.42,191.69,98.36,200.71,108.42
490,577069.151224,60.647,60,-38.793,13.431,71.621,146.11,108.753,269.86,191.69,98.11,200.19,108.75
491,577069.154527,60.677,61,-38.563,13.48,71.672,146.348,108.572,270.21,191.76,98.17,200.61,108.56
492,577069.159891,60.665,63,-38.411,13.479,71.759,146.473,108.399,270.41,191.67,98.53,200.51,108.38
493,577069.162479,60.673,60,-38.81,13.464,71.575,146.132,108.746,269.84,191.73,98.05,200.22,108.74
494,577069.172004,60.705,60,-38.824,13.495,71.513,146.15,108.755,269.82,191.78,97.96,200.24,108.75
495,577069.174688,60.719,61,-38.601,13.516,71.585,146.361,108.585,270.49,191.86,98.24,200.31,108.34
496,577069.178826,60.77,59,-38.614,13.491,71.57,146.566,108.59,270.36,191.74,98.26,200.88,108.39
497,577069.182802,60.773,58,-38.449,13.491,71.659,146.76,108.451,270.6,191.75,98.41,201.09,108.31
498,577069.192405,60.694,61,-38.805,13.458,71.562,146.205,108.752,269.85,191.73,98.03,200.32,108.75
499,577069.198903,60.691,62,-38.272,13.481,71.813,146.704,108.308,270.64,191.7,98.57,200.93,108.28
500,577069.203867,60.732,61,-38.865,13.443,71.508,146.263,108.812,269.8,191.71,97.95,200.48,108.79
501,577069.206691,60.73,61,-38.893,13.464,71.485,146.209,108.844,269.72,191.73,97.92,200.32,108.84
502,577069.211486,60.721,60,-38.854,13.482,71.481,146.159,108.805,269.72,191.73,97.92,200.32,108.85
503,577069.214649,60.776,61,-38.547,13.504,71.563,146.575,108.575,270.3,191.77,98.07,201.14,108.51
504,577069.224091,60.723,60,-38.366,13.438,71.779,146.779,108.375,270.4,191.56,98.63,200.96,108.42
505,577069.226656,60.72,60,-38.875,13.43,71.491,146.175,108.821,269.75,191.69,97.93,200.27,108.82
506,577069.230848,60.724,60,-38.87,13.436,71.475,146.161,108.825,269.77,191.67,97.92,200.46,108.83
507,577069.236166,60.72,60,-38.851,13.429,71.485,146.161,108.818,269.73,191.68,97.92,200.13,108.85
508,577069.238508,60.671,63,-38.703,13.424,71.579,146.13,108.684,269.99,191.68,98.05,200.22,108.68
509,577069.248005,60.661,63,-38.675,13.417,71.595,146.117,108.66,270.03,191.67,98.07,200.2,108.66
510,577069.250546,60.687,60,-38.825,13.401,71.513,146.071,108.788,269.76,191.62,97.97,200.2,108.83
511,577069.25531,60.687,62,-38.628,13.408,71.572,146.19,108.621,270.13,191.67,98.03,200.41,108.6
512,577069.259269,60.69,60,-38.798,13.382,71.521,146.101,108.741,269.86,191.62,97.97,200.17,108.74
513,577069.262935,60.682,62,-38.671,13.375,71.583,146.191,108.634,270.03,191.61,98.06,200.3,108.63
514,577069.266889,60.655,61,-38.703,13.369,71.596,146.093,108.661,269.92,191.57,98.08,200.24,108.71
515,577069.275094,60.652,61,-38.73,13.395,71.544,145.975,108.71,269.95,191.64,98.0,200.0,108.71
516,577069.280363,60.627,62,-38.652,13.388,71.614,146.004,108.634,270.11,191.64,98.1,200.18,108.6
517,577069.282569,60.704,60,-38.565,13.399,71.616,146.358,108.595,270.17,191.65,98.1,200.52,108.59
518,577069.288418,60.642,61,-38.678,13.379,71.632,146.109,108.667,270.02,191.62,98.12,200.18,108.67
519,577069.290573,60.634,61,-38.717,13.409,71.587,145.981,108.726,269.96,191.66,98.06,200.01,108.72
520,577069.298869,60.627,61,-38.713,13.411,71.594,145.964,108.731,269.97,191.66,98.07,199.99,108.73
521,577069.303148,60.667,62,-38.572,13.421,71.631,146.218,108.627,270.21,191.68,98.11,200.46,108.61
522,577069.307126,60.681,60,-38.775,13.407,71.541,146.1,108.791,269.89,191.66,98.0,200.17,108.79
523,577069.31065,60.66,63,-38.597,13.422,71.619,146.163,108.657,270.13,191.67,98.08,200.48,108.66
524,577069.315042,60.677,60,-38.737,13.413,71.56,146.119,108.784,269.94,191.66,98.02,200.2,108.78
525,577069.324114,60.645,62,-38.55,13.447,71.693,146.247,108.604,270.24,191.72,98.2,200.5,108.59
526,577069.326578,60.614,63,-38.577,13.446,71.724,146.169,108.605,270.16,191.71,98.25,200.28,108.6
527,577069.331607,60.632,61,-38.776,13.431,71.683,146.169,108.771,269.88,191.69,98.19,200.27,108.77
528,577069.334898,60.602,63,-38.533,13.466,71.796,146.262,108.549,270.26,191.74,98.34,200.52,108.53
529,577069.339253,60.601,63,-38.673,13.415,71.773,146.209,108.671,270.02,191.67,98.32,200.32,108.67
530,577069.342701,60.589,64,-38.582,13.463,71.761,146.129,108.599,270.15,191.73,98.3,200.22,108.6
531,577069.364115,60.621,63,-38.31,13.457,71.864,146.486,108.363,270.57,191.71,98.51,200.7,108.33
532,577069.367414,60.705,61,-38.807,13.442,71.558,146.241,108.805,269.84,191.7,98.02,200.37,108.8
533,577069.376626,60.624,61,-38.717,13.498,71.625,146.012,108.723,269.96,191.78,98.11,200.05,108.72
534,577069.379656,60.596,62,-38.646,13.48,71.701,146.039,108.638,270.06,191.76,98.22,200.09,108.64
535,577069.382681,60.596,62,-38.651,13.476,71.695,146.029,108.641,270.05,191.75,98.21,200.08,108.64
536,577069.38726,60.651,61,-38.817,13.448,71.612,146.107,108.792,269.83,191.71,98.1,200.18,108.79
537,577069.390814,60.615,63,-38.727,13.423,71.712,146.15,108.702,269.95,191.68,98.23,200.24,108.7
538,577069.394889,60.618,61,-38.271,13.43,71.907,146.56,108.309,270.65,191.56,98.89,200.56,108.34
539,577069.403362,60.695,60,-38.801,13.421,71.539,146.159,108.791,269.85,191.68,98.0,200.25,108.79
540,577069.406712,60.715,60,-38.786,13.421,71.478,146.127,108.816,269.93,191.7,97.93,200.09,108.79
541,577069.411083,60.66,61,-38.326,13.402,71.772,146.474,108.394,270.43,191.47,98.69,200.51,108.47
542,577069.415609,60.664,61,-38.773,13.415,71.529,145.997,108.769,269.89,191.67,97.98,200.03,108.77
543,577069.418672,60.715,60,-38.792,13.407,71.475,146.12,108.799,269.86,191.66,97.91,200.2,108.8
544,577069.427763,60.686,62,-38.689,13.394,71.51,146.061,108.678,270.0,191.64,97.96,200.12,108.68
545,577069.43082,61.685,62,-39.039,13.388,69.475,146.474,109.198,269.52,191.63,95.17,200.68,109.2
546,577069.43479,62.703,60,-39.436,13.444,67.316,146.788,109.616,268.98,191.71,92.21,201.1,109.61
547,577069.438618,63.341,59,-39.64,13.564,65.996,147.092,109.749,268.7,191.88,90.4,201.51,109.75
548,577069.44385,63.515,61,-39.691,13.717,65.522,146.923,109.76,268.59,192.08,89.74,201.4,109.76
549,577069.452048,63.657,59,-40.174,13.799,65.28,147.112,109.748,267.79,192.17,89.33,201.67,109.84
550,577069.454912,63.56,60,-40.483,13.908,65.524,147.159,109.498,267.55,192.35,89.75,201.59,109.5
551,577069.458967,63.343,60,-40.866,13.968,66.0,147.107,109.357,267.03,192.43,90.4,201.52,109.36
552,577069.462674,63.075,61,-41.24,13.95,66.746,147.397,109.358,266.52,192.41,91.42,201.91,109.36
553,577069.466554,62.784,61,-41.475,13.957,67.303,147.158,109.266,266.26,192.39,92.3,201.53,109.24
554,577069.470776,62.526,62,-41.691,13.922,67.783,146.923,109.258,265.86,192.36,92.82,201.36,109.26
555,577069.479721,62.386,61,-42.191,13.67,68.277,147.305,109.614,265.32,192.05,93.53,201.76,109.59
556,577069.482449,62.262,64,-42.274,13.695,68.459,147.09,109.552,265.1,192.06,93.76,201.47,109.56
557,577069.486856,62.169,62,-42.47,13.63,68.644,147.032,109.647,264.83,191.97,94.02,201.39,109.65
558,577069.491366,62.036,63,-42.589,13.521,68.879,146.892,109.775,264.67,191.82,94.34,201.19,109.78
559,577069.494623,61.875,63,-42.625,13.424,69.191,146.778,109.818,264.62,191.69,94.77,201.04,109.83
560,577069.504276,61.776,62,-42.699,13.332,69.433,146.817,109.914,264.52,191.56,95.1,201.09,109.92
561,577069.506962,61.601,63,-42.566,13.25,69.834,146.833,109.977,264.7,191.45,95.65,201.11,109.98
562,577069.511347,61.47,62,-42.603,13.084,70.227,147.034,110.187,264.65,191.22,96.18,201.39,110.19
563,577069.515469,61.179,61,-42.227,13.154,70.623,146.499,110.078,265.17,191.32,96.73,200.66,110.08
564,577069.518726,61.024,62,-42.177,13.031,71.016,146.596,110.206,265.25,191.09,97.43,200.75,110.22
565,577069.540425,60.497,63,-40.641,13.068,72.037,146.279,109.294,267.28,191.17,98.66,200.51,109.32
566,577069.543303,60.392,64,-40.173,13.172,72.142,146.019,109.018,268.01,191.35,98.83,199.92,109.02
567,577069.546616,60.371,64,-39.68,13.227,72.229,146.099,108.783,268.65,191.41,98.94,200.16,108.78
568,577069.555123,60.228,65,-38.729,13.481,72.299,145.603,108.092,270.0,191.76,99.07,199.51,108.05
569,577069.558717,60.444,62,-38.92,13.312,72.159,146.284,108.422,269.69,191.52,98.84,200.42,108.42
570,577069.562768,60.335,65,-37.791,13.631,72.052,145.581,107.527,271.42,191.98,98.7,199.82,107.42
571,577069.56666,60.544,63,-37.978,13.401,71.969,146.35,107.877,270.98,191.64,98.59,200.54,107.88
572,577069.570705,60.337,64,-36.892,13.76,71.965,145.414,107.055,272.52,192.18,98.53,199.24,106.99
573,577069.580506,60.495,64,-36.923,13.606,71.907,146.003,107.211,272.4,191.87,98.64,200.04,107.25
574,577069.582657,60.391,64,-36.004,13.852,71.84,145.403,106.587,273.72,192.28,98.43,199.16,106.57
575,577069.587279,60.514,63,-36.175,13.656,71.836,145.946,106.889,273.53,191.98,98.47,200.07,106.82
576,577069.591174,60.352,64,-35.266,13.908,71.843,145.234,106.2,274.69,192.34,98.42,199.04,106.19
577,577069.594833,59.799,61,-35.042,13.152,73.392,145.899,106.333,275.06,191.37,100.45,199.89,106.26
578,577069.604042,60.344,63,-35.298,13.564,72.226,145.972,106.556,274.61,191.85,98.93,200.18,106.55
579,577069.606703,59.975,64,-34.696,13.719,72.603,145.098,106.14,275.61,192.1,99.49,198.88,106.01
580,577069.611601,59.818,64,-34.809,13.54,73.063,145.328,106.33,275.35,191.84,100.11,199.08,106.32
581,577069.623256,59.023,68,-34.616,13.281,74.714,145.162,106.121,275.58,191.48,102.36,198.96,106.11
582,577069.631678,58.88,65,-34.761,13.246,74.975,145.067,106.303,275.46,191.46,102.73,198.66,106.25
583,577069.635032,58.812,66,-34.788,13.209,75.117,145.056,106.416,275.42,191.41,102.92,198.65,106.36
584,577069.639279,58.784,69,-34.762,13.147,75.243,145.184,106.355,275.42,191.28,103.13,199.01,106.31
585,577069.643317,58.865,64,-35.002,13.196,74.93,144.919,106.682,275.14,191.39,102.67,198.4,106.64
586,577069.646468,58.997,66,-35.244,13.143,74.704,145.034,106.985,274.72,191.29,102.34,198.77,106.98
587,577069.655212,59.203,66,-35.509,13.092,74.388,145.289,107.262,274.27,191.18,101.9,199.27,107.31
588,577069.658777,59.352,65,-35.623,13.153,74.027,145.219,107.306,274.25,191.32,101.42,198.91,107.27
589,577069.662785,59.46,67,-35.742,13.202,73.757,145.153,107.352,274.17,191.42,101.02,198.93,107.26
590,577069.668431,59.642,67,-35.933,13.222,73.48,145.388,107.405,274.0,191.35,100.85,199.39,107.24
591,577069.670708,59.698,67,-36.144,13.24,73.351,145.376,107.401,273.68,191.41,100.62,199.25,107.25
592,577069.680266,58.405,62,-35.943,13.355,75.921,144.912,106.306,273.87,191.58,104.04,198.68,106.2
593,577069.682566,56.938,67,-35.83,13.167,79.101,144.992,105.319,273.93,191.31,108.35,198.71,105.31
594,577069.687589,55.943,63,-35.868,12.988,81.003,144.644,104.534,274.09,191.06,111.07,198.31,104.3
595,577069.690738,55.194,66,-35.695,12.546,82.625,144.753,104.081,274.21,190.4,113.33,198.44,103.99
596,577069.695675,55.295,66,-35.862,12.593,82.352,144.643,104.291,273.92,190.54,112.8,198.19,104.25
597,577069.707666,56.442,61,-35.922,12.403,80.15,144.993,105.064,273.8,190.26,109.8,198.71,105.06
598,577069.711,57.392,66,-35.979,12.288,78.194,145.102,105.556,273.91,190.1,107.21,199.06,105.42
599,577069.714869,58.331,60,-36.148,12.21,76.215,145.169,106.201,273.48,190.01,104.41,198.94,106.2
600,577069.719371,59.381,59,-35.596,12.096,74.56,146.39,106.294,274.24,189.82,102.24,200.45,106.25
601,577069.723655,60.0,61,-36.779,11.853,73.024,146.047,107.652,272.62,189.52,100.04,200.14,107.64
602,577069.73241,60.218,59,-36.359,12.03,72.365,145.692,107.659,273.26,189.77,99.14,199.81,107.62
603,577069.735181,60.62,54,-37.594,11.616,72.079,146.92,108.894,271.51,189.21,98.75,201.32,108.88
604,577069.738891,59.871,55,-36.346,11.986,72.634,144.703,108.627,273.17,189.71,99.54,198.42,108.56
605,577069.743408,60.541,57,-37.778,11.773,72.027,146.456,109.136,271.28,189.42,98.67,200.58,109.15
606,577069.74694,60.505,59,-37.966,11.773,72.038,146.316,109.087,270.99,189.42,98.69,200.49,109.08
607,577069.755265,60.417,58,-38.285,11.782,72.255,146.36,109.198,270.54,189.41,98.98,200.51,109.25
608,577069.758671,60.108,59,-38.44,11.79,72.896,146.268,109.215,270.33,189.42,99.89,200.1,109.16
609,577069.763018,60.051,55,-38.55,11.868,73.419,147.067,109.171,270.17,189.54,100.59,201.23,109.2
610,577069.766912,58.202,50,-37.705,11.201,75.737,143.731,106.673,271.37,188.64,103.77,196.97,106.67
611,577069.770766,57.959,51,-38.474,10.803,76.866,144.889,107.293,270.28,188.17,105.04,198.76,107.26
612,577069.774804,59.467,49,-38.806,12.17,75.392,148.401,109.083,269.8,189.94,103.3,203.14,109.06
613,577069.783741,59.595,47,-40.149,12.161,74.984,148.157,109.818,267.93,189.94,102.72,202.74,109.84
614,577069.795185,59.964,51,-38.908,12.735,74.688,149.212,108.548,269.6,190.73,102.29,204.18,108.6
615,577069.798888,59.022,48,-39.374,11.972,75.233,146.166,107.63,269.17,189.74,103.04,200.35,107.64
616,577069.807052,59.358,54,-39.623,12.215,74.27,145.723,107.577,268.75,190.03,101.74,199.69,107.58
617,577069.811147,60.934,53,-38.427,13.164,72.68,149.606,107.962,270.2,191.26,99.7,203.76,108.14
618,577069.814762,60.196,55,-39.133,13.095,71.722,144.3,106.772,269.42,191.24,98.25,197.73,106.78
619,577069.818909,60.754,56,-39.091,13.307,70.442,144.182,106.446,269.48,191.53,96.5,197.57,106.45
620,577069.82348,61.231,59,-39.072,13.517,69.866,145.166,107.047,269.5,191.81,95.71,198.91,107.05
621,577069.826401,61.375,58,-39.195,13.544,69.245,144.539,106.765,269.34,191.85,94.86,198.06,106.77
622,577069.835425,62.542,54,-37.88,14.144,68.741,149.083,107.208,270.95,192.64,94.13,203.92,107.26
623,577069.839589,62.638,58,-39.071,13.789,68.632,149.328,107.989,269.52,192.18,94.04,204.43,108.0
624,577069.842734,61.557,60,-40.024,13.083,69.539,146.002,107.988,268.2,191.22,95.25,200.06,107.99
625,577069.847166,61.68,58,-39.902,13.335,69.561,146.632,108.216,268.41,191.6,95.3,201.04,108.26
626,577069.85127,62.145,61,-39.256,13.843,69.176,148.052,108.184,269.24,192.25,94.77,202.81,108.18
627,577069.859311,61.778,64,-39.597,13.478,70.015,148.058,108.585,268.65,191.73,95.93,202.53,108.64
628,577069.863296,61.616,63,-39.664,13.438,70.362,148.014,108.698,268.68,191.7,96.39,202.75,108.7
629,577069.867573,60.884,67,-40.596,12.826,71.242,146.413,109.177,267.41,190.87,97.59,200.6,109.18
630,577069.876237,60.34,66,-40.71,12.354,72.539,146.588,110.044,267.28,190.16,99.53,200.74,110.03
631,577069.882677,60.457,68,-40.604,12.368,72.575,147.187,110.246,267.4,190.24,99.41,201.64,110.24
632,577069.887484,60.19,69,-40.257,12.513,72.668,146.178,110.046,267.8,190.41,99.55,200.23,110.0
633,577069.891356,59.932,73,-40.107,12.313,73.25,146.199,110.153,268.0,190.13,100.38,200.07,110.14
634,577069.894533,60.0,65,-40.412,11.907,73.702,147.404,110.494,267.63,189.6,100.97,201.83,110.49
635,577069.899457,59.479,73,-39.687,12.116,74.038,145.787,110.043,268.64,189.89,101.42,199.75,110.03
636,577069.902733,59.21,70,-39.416,12.045,74.406,145.357,109.96,269.01,189.79,101.92,199.17,109.95
637,577069.912195,59.338,64,-39.053,12.151,74.224,145.547,109.614,269.54,189.93,101.69,199.5,109.57
638,577069.915161,59.091,65,-38.038,12.118,74.568,145.165,108.878,270.89,189.89,102.15,198.93,108.86
639,577069.918672,59.305,64,-36.967,12.557,73.994,144.952,107.595,272.4,190.49,101.35,198.77,107.56
640,577069.922573,59.46,64,-35.532,12.994,73.743,145.123,106.319,274.35,191.08,101.05,198.95,106.28
641,577069.926835,59.8,58,-34.788,13.097,73.677,146.471,105.681,275.39,191.21,101.0,200.73,105.64
642,577069.936024,60.74,57,-34.61,13.082,73.086,149.528,104.936,275.92,191.36,100.12,204.06,104.75
643,577069.938668,60.061,56,-32.152,13.625,72.774,145.815,104.037,278.91,191.96,99.73,199.93,103.96
644,577069.944004,61.301,55,-32.822,13.248,72.532,151.044,103.949,278.05,191.43,99.38,207.05,103.94
645,577069.9472,61.12,53,-32.232,13.25,72.643,150.409,103.86,278.85,191.43,99.53,206.18,103.85
646,577069.95093,60.928,55,-31.738,13.2,72.589,149.387,103.94,279.41,191.33,99.53,204.24,103.95
647,577069.963965,60.837,57,-31.071,12.918,72.9,149.599,104.355,280.44,190.97,99.89,205.1,104.34
648,577069.967231,60.476,60,-30.828,12.689,73.426,149.003,104.666,281.0,190.73,100.68,203.52,104.62
649,577069.971428,60.189,59,-30.91,12.444,74.202,149.26,105.019,280.76,190.28,101.86,204.15,105.04
650,577069.97438,59.542,62,-30.904,12.203,75.163,148.279,105.294,280.66,189.99,102.99,203.3,105.28
651,577069.979321,58.861,65,-31.287,11.948,76.273,147.496,105.753,280.13,189.64,104.51,202.23,105.73
652,577069.988389,58.405,65,-31.529,11.803,77.075,147.114,106.011,279.9,189.4,105.78,201.44,106.01
653,577069.990815,57.732,61,-31.956,11.473,78.065,146.223,106.088,279.27,189.01,106.98,200.3,106.05
654,577069.99609,57.581,68,-32.198,11.378,78.533,146.485,106.346,278.92,188.84,107.69,200.49,106.38
655,577069.998423,57.353,66,-32.586,11.287,78.743,145.967,106.626,278.41,188.75,107.9,199.96,106.63
656,577070.003301,56.934,67,-32.366,11.524,78.713,144.266,106.391,278.64,189.06,107.84,197.84,106.36
657,577070.012428,57.072,69,-32.921,11.348,78.491,144.394,106.763,277.91,188.83,107.54,197.94,106.74
658,577070.015235,57.442,64,-33.358,11.29,77.769,144.513,107.016,277.31,188.75,106.55,198.09,106.99
659,577070.018622,57.628,62,-34.52,10.792,77.545,144.834,107.896,275.74,188.07,106.27,198.41,107.9
660,577070.023339,58.381,63,-35.067,11.022,75.982,144.929,107.988,274.96,188.39,104.12,198.43,108.01
661,577070.027452,58.574,66,-34.675,11.101,75.44,144.686,107.399,275.5,188.49,103.37,198.3,107.38
662,577070.035951,59.11,64,-35.139,11.126,74.435,144.988,107.575,274.83,188.47,102.1,198.58,107.59
663,577070.048008,60.917,62,-37.315,11.702,70.336,144.7,108.7,271.92,189.34,96.37,198.24,108.66
664,577070.051135,61.403,58,-37.88,11.928,69.374,144.94,108.781,271.27,189.67,95.08,198.62,108.67
665,577070.059187,61.497,59,-38.037,12.148,69.029,144.655,108.828,270.89,189.93,94.57,198.21,108.82
666,577070.063164,62.111,56,-36.758,12.52,69.132,147.794,107.874,272.68,190.45,94.73,202.35,107.86
667,577070.067207,62.068,52,-37.267,12.568,69.159,147.64,108.176,271.95,190.51,94.75,202.29,108.17
668,577070.071024,62.362,47,-37.271,13.028,68.794,148.301,107.913,271.95,191.14,94.25,203.18,107.91
669,577070.07471,61.338,50,-37.366,12.707,69.919,145.772,108.87,271.74,190.65,95.85,199.67,108.91
670,577070.079107,62.259,53,-37.823,13.496,68.673,147.535,108.407,271.11,191.75,94.04,202.22,108.48
671,577070.087693,62.297,52,-37.64,13.765,68.599,147.562,108.615,271.52,192.18,94.0,201.91,108.58
672,577070.090468,62.517,49,-38.569,13.414,68.785,149.048,109.131,270.22,191.69,94.15,204.65,109.11
673,577070.095591,63.066,50,-38.259,14.061,67.388,148.774,108.223,270.57,192.54,92.29,203.97,108.23
674,577070.098632,63.543,53,-38.093,14.287,66.714,149.74,107.775,270.83,192.86,91.38,205.17,107.77
675,577070.103589,63.337,55,-38.831,14.161,66.724,148.692,107.585,269.82,192.69,91.39,203.74,107.59
676,577070.11132,63.792,56,-38.731,14.41,65.895,149.205,107.099,269.96,193.03,90.25,204.44,107.1
677,577070.114713,63.949,60,-38.701,14.452,65.644,149.475,106.831,270.0,193.09,89.91,204.79,106.83
678,577070.118887,63.895,59,-38.945,14.485,65.584,149.048,106.805,269.59,193.14,89.94,203.96,106.78
679,577070.122688,64.107,54,-38.856,14.564,65.248,149.416,106.911,269.87,193.24,89.52,204.34,106.9
680,577070.131503,63.505,59,-40.963,13.115,65.766,147.42,107.463,266.96,191.27,90.09,202.05,107.45
681,577070.138818,62.959,60,-41.551,12.705,66.739,146.799,108.389,266.15,190.72,91.44,201.01,108.4
682,577070.142615,62.898,59,-42.328,12.142,67.213,147.533,109.4,264.98,189.91,92.08,202.08,109.42
683,577070.146892,62.835,57,-42.67,11.771,67.696,148.275,110.311,264.58,189.43,92.73,203.1,110.31
684,577070.150747,62.855,58,-43.221,11.243,68.236,149.56,111.073,263.83,188.72,93.47,204.85,111.16
685,577070.154592,62.133,62,-43.325,11.014,69.113,147.859,111.252,263.62,188.4,94.67,202.13,111.24
686,577070.164298,61.966,61,-43.461,10.766,69.824,148.566,111.31,263.48,188.05,95.64,203.47,111.3
687,577070.166914,61.542,59,-43.825,10.506,70.721,148.411,111.218,262.99,187.7,96.87,203.27,111.21
688,577070.171388,61.031,62,-43.734,10.404,71.619,147.871,110.786,263.11,187.56,98.1,202.54,110.78
689,577070.174685,60.578,64,-43.623,10.322,72.472,147.531,110.282,263.54,187.58,99.33,201.14,110.21
690,577070.178665,60.605,55,-44.066,9.904,73.261,149.262,109.964,262.64,186.87,100.36,204.3,109.96
691,577070.187775,59.921,57,-43.411,10.014,73.969,147.586,109.483,263.64,187.05,101.35,201.88,109.47
692,577070.191071,58.979,68,-42.55,10.062,74.996,145.521,109.101,264.77,187.09,102.74,199.22,109.11
693,577070.195033,58.632,66,-42.259,9.825,75.705,145.44,109.076,265.21,186.78,103.74,198.97,109.08
694,577070.19971,58.72,65,-41.988,9.833,75.75,145.892,108.992,265.5,186.77,103.76,199.87,108.98
695,577070.202405,58.349,67,-41.466,9.932,76.128,145.077,109.171,266.21,186.9,104.28,198.74,109.16
696,577070.20699,57.569,66,-40.633,9.592,77.708,144.902,109.044,267.36,186.43,106.45,198.51,109.03
697,577070.215313,57.716,64,-40.731,9.752,77.51,145.118,109.594,267.21,186.65,106.17,198.8,109.59
698,577070.220369,57.598,64,-40.24,10.0,77.723,145.044,109.54,267.92,187.0,106.46,198.8,109.52
699,577070.222814,57.55,61,-40.175,10.008,78.043,145.449,109.774,268.16,187.07,106.97,198.91,109.66
700,577070.227711,57.431,57,-39.811,10.141,78.457,145.746,109.849,268.48,187.18,107.48,199.69,109.84
701,577070.230383,56.552,52,-38.253,10.534,78.851,143.06,110.1,270.6,187.72,108.02,196.04,110.08
702,577070.239513,57.525,52,-37.909,10.708,78.876,146.903,108.894,271.04,187.89,108.04,201.18,108.79
703,577070.242566,56.034,52,-37.026,9.797,80.548,144.169,106.936,272.38,186.72,110.39,197.44,107.02
704,577070.247435,58.14,51,-35.323,11.359,78.654,149.008,107.683,274.75,188.83,107.89,204.05,107.61
705,577070.250562,56.545,57,-35.78,10.655,79.538,144.281,107.369,274.0,187.88,108.97,197.77,107.36
706,577070.255531,56.986,55,-35.124,11.022,78.777,144.588,107.534,274.89,188.38,107.93,198.2,107.52
707,577070.264414,57.486,59,-34.459,11.431,77.757,144.663,107.546,275.8,188.94,106.53,198.31,107.53
708,577070.266701,58.723,62,-33.279,12.241,75.823,146.046,106.988,277.35,190.0,103.9,200.19,106.98
709,577070.270854,59.284,66,-32.585,12.593,74.815,146.473,106.329,278.36,190.53,102.51,200.76,106.32
710,577070.275309,59.333,69,-32.859,12.577,74.43,145.927,106.153,278.01,190.46,102.14,199.88,106.16
711,577070.27886,59.575,68,-32.706,12.763,74.136,146.397,105.709,278.24,190.78,101.58,200.58,105.68
712,577070.282773,59.678,69,-32.4,13.089,73.771,146.124,104.964,278.62,191.21,101.08,200.31,104.95
713,577070.292535,59.415,63,-31.991,13.173,73.84,145.121,104.731,279.16,191.3,101.21,199.09,104.67
714,577070.304697,60.323,57,-33.105,13.149,73.271,147.988,104.877,278.05,191.51,100.28,201.74,104.55
715,577070.307495,60.659,56,-34.001,12.907,72.989,148.955,105.691,276.36,190.95,100.02,203.88,105.7
716,577070.315464,61.136,55,-33.977,12.941,72.602,150.396,105.985,276.34,190.97,99.45,206.27,106.02
717,577070.319359,60.802,53,-34.734,12.746,72.341,148.291,106.375,275.43,190.75,99.11,203.28,106.37
718,577070.323206,61.607,51,-35.03,12.793,71.874,151.148,107.193,275.01,190.81,98.47,207.16,107.18
719,577070.327054,59.973,55,-36.319,11.908,73.289,146.46,108.01,273.28,189.59,100.47,200.69,107.97
720,577070.331061,60.163,58,-36.927,11.715,74.052,148.839,109.888,272.44,189.37,101.4,203.98,109.84
721,577070.334722,59.728,61,-37.784,11.2,74.883,148.547,110.919,271.24,188.61,102.71,203.24,110.9
722,577070.343208,58.843,59,-38.76,10.484,75.964,146.824,111.762,270.0,187.64,104.27,201.0,111.77
723,577070.347311,58.912,60,-39.664,10.13,76.103,147.388,112.41,268.63,187.18,104.19,202.01,112.42
724,577070.350539,58.764,68,-40.234,9.75,76.475,147.474,112.95,267.89,186.63,104.83,202.0,112.95
725,577070.355182,58.834,62,-41.002,9.463,76.468,147.758,112.987,266.87,186.28,104.8,202.09,112.95
726,577070.358541,58.58,66,-41.586,9.142,76.641,147.016,112.893,265.95,185.78,105.03,201.03,112.87
727,577070.367587,58.74,61,-41.905,9.131,76.248,146.936,112.506,265.66,185.82,104.46,201.11,112.51
728,577070.370606,58.77,66,-42.409,8.874,76.032,146.644,112.309,264.98,185.42,104.32,200.75,112.27
729,577070.375432,59.142,67,-42.829,8.802,75.343,146.893,111.728,264.36,185.35,103.32,200.79,111.73
730,577070.378878,59.355,66,-43.123,8.724,74.872,146.889,111.368,263.89,185.24,102.59,200.97,111.37
731,577070.383012,59.297,68,-42.484,9.263,74.042,145.011,110.31,264.87,186.02,101.42,198.52,110.26
732,577070.391874,59.894,67,-43.299,8.753,73.61,146.748,110.278,263.68,185.29,100.84,200.91,110.28
733,577070.394733,59.79,66,-42.471,9.326,73.023,145.126,109.124,264.88,186.09,100.03,198.68,109.12
734,577070.399734,60.451,66,-43.287,9.009,72.654,147.322,109.047,263.76,185.64,99.51,201.92,109.01
735,577070.40367,59.502,60,-42.512,8.85,73.998,145.804,108.545,264.91,185.45,101.46,199.38,108.51
736,577070.406747,60.141,62,-43.143,9.36,72.893,146.409,108.552,263.92,186.12,99.85,200.56,108.55
737,577070.411365,59.619,62,-41.816,9.877,73.437,145.204,107.774,265.8,186.83,100.63,198.91,107.72
738,577070.420144,59.582,64,-42.55,9.815,73.599,145.366,108.722,264.81,186.76,100.84,198.86,108.76
739,577070.422863,59.247,65,-41.249,10.252,74.233,145.175,108.201,266.48,187.3,101.72,198.94,108.2
740,577070.426641,58.586,63,-41.147,9.733,75.779,145.387,108.886,266.72,186.63,103.85,199.01,108.9
741,577070.431639,59.356,67,-40.674,10.656,74.386,145.94,108.943,267.3,187.89,101.91,199.93,108.93
742,577070.435397,58.905,62,-40.036,10.68,75.1,145.412,109.328,268.17,187.92,102.89,199.21,109.31
743,577070.443772,59.281,66,-39.624,11.216,74.481,145.804,109.48,268.72,188.62,102.12,199.72,109.49
744,577070.44678,59.243,57,-39.204,11.255,74.729,146.128,109.788,269.29,188.73,102.35,200.06,109.75
745,577070.450898,60.057,62,-39.689,12.224,72.432,145.114,110.543,268.66,190.05,99.24,198.71,110.55
746,577070.454814,60.219,61,-38.998,12.639,72.081,145.121,110.402,269.53,190.59,98.72,198.93,110.41
747,577070.458956,60.455,60,-37.365,12.875,72.302,146.626,109.244,271.71,190.88,99.12,200.56,109.21
748,577070.476527,62.219,56,-35.198,14.141,69.0,148.04,106.899,274.71,192.64,94.57,202.63,106.91
749,577070.480454,62.522,54,-36.475,14.426,67.215,145.675,107.465,273.08,193.06,92.11,199.5,107.47
750,577070.482686,61.989,57,-34.347,14.193,68.224,145.268,106.062,275.94,192.72,93.48,199.1,106.06
751,577070.487998,63.574,52,-33.616,14.785,66.32,149.02,105.145,276.93,193.51,90.91,204.07,105.19
752,577070.495983,63.59,49,-32.783,15.121,66.044,148.484,104.313,278.03,193.97,90.47,203.77,104.34
753,577070.498386,64.439,54,-32.851,15.007,64.135,148.644,104.453,277.99,193.84,87.88,203.71,104.45
754,577070.504062,66.427,48,-32.729,14.897,59.572,148.957,104.663,278.15,193.69,81.63,204.15,104.66
755,577070.50718,67.919,47,-31.43,15.405,56.236,149.593,104.381,279.99,194.38,77.14,204.92,104.34
756,577070.510893,68.121,47,-31.682,15.368,55.318,148.444,105.076,279.59,194.35,75.8,203.44,105.07
757,577070.519255,68.175,45,-31.799,15.635,55.391,148.989,105.4,279.5,194.74,75.92,203.93,105.37
758,577070.522517,67.456,50,-33.134,15.26,56.994,148.66,106.129,277.61,194.2,78.09,203.75,106.13
759,577070.52668,66.737,46,-32.778,15.669,58.593,148.356,105.752,278.09,194.76,80.28,203.31,105.74
760,577070.530483,65.339,51,-34.161,15.104,61.989,148.569,105.913,276.24,193.99,84.95,203.42,105.9
761,577070.534725,64.08,48,-34.486,15.311,64.858,148.378,105.437,275.76,194.26,88.86,203.3,105.43
762,577070.54438,62.147,55,-36.105,14.372,69.023,147.737,105.966,273.52,193.0,94.52,202.44,105.89
763,577070.547128,61.469,50,-36.55,14.35,71.108,148.876,105.75,273.01,192.93,97.39,204.2,105.85
764,577070.550941,58.402,50,-37.736,12.81,75.712,144.501,106.097,271.36,190.79,103.83,198.01,106.04
765,577070.56437,58.488,54,-39.697,12.193,76.981,147.282,107.834,268.64,189.99,105.45,201.76,107.83
766,577070.571052,57.528,53,-41.345,11.012,77.866,145.034,109.232,266.42,188.33,106.8,198.43,109.18
767,577070.575247,58.509,59,-41.714,10.938,76.421,146.298,110.461,265.76,188.29,104.56,200.33,110.55
768,577070.578921,57.729,50,-42.023,9.857,77.259,144.698,110.905,265.49,186.81,105.86,198.12,110.9
769,577070.583173,59.45,59,-41.888,10.204,75.002,147.56,111.73,265.63,187.28,102.74,202.09,111.72
770,577070.586522,59.439,53,-42.663,9.718,74.255,146.04,112.505,264.39,186.54,101.84,199.51,112.59
771,577070.595273,59.063,52,-42.659,9.135,74.163,144.259,113.371,264.6,185.84,101.57,197.72,113.36
772,577070.598571,59.479,50,-42.729,8.935,73.992,145.694,112.556,264.33,185.51,101.38,199.61,112.47
773,577070.603682,59.244,53,-43.512,8.687,73.498,143.727,112.687,263.34,185.21,100.63,196.68,112.62
774,577070.607102,59.759,57,-43.255,8.862,72.904,144.755,112.31,263.75,185.44,99.87,198.26,112.3
775,577070.610931,60.477,56,-43.136,8.931,72.541,147.209,111.318,263.93,185.54,99.37,201.61,111.31
776,577070.61983,60.136,55,-43.926,8.998,72.113,144.821,111.509,262.71,185.61,98.78,198.01,111.57
777,577070.622544,60.388,53,-42.397,9.466,72.45,146.625,110.54,264.94,186.27,99.25,200.8,110.53
778,577070.627864,59.643,55,-42.856,9.278,72.576,143.608,111.77,264.3,185.95,99.55,196.65,111.8
779,577070.630486,59.48,54,-42.011,9.259,73.451,144.633,111.03,265.39,185.96,100.65,197.92,111.05
780,577070.636258,60.257,59,-41.171,9.784,73.099,147.345,110.314,266.61,186.7,100.14,201.83,110.3
781,577070.638761,59.797,60,-40.8,9.963,73.463,146.028,110.077,267.15,186.95,100.65,199.69,110.11
782,577070.652018,59.717,58,-39.593,10.577,74.025,146.793,109.532,268.75,187.75,101.48,201.06,109.55
783,577070.654698,60.002,58,-40.501,11.031,72.481,144.973,110.239,267.55,188.36,99.38,198.48,110.32
784,577070.659021,60.553,57,-39.173,11.627,72.0,146.457,109.638,269.26,189.16,98.74,200.36,109.73
785,577070.66296,61.261,54,-38.793,12.426,70.746,147.137,109.355,269.55,190.19,97.06,200.82,109.46
786,577070.671884,61.357,52,-38.652,12.852,70.097,146.234,109.53,269.97,190.84,96.14,199.93,109.6
787,577070.674596,61.89,51,-38.395,13.414,69.416,147.329,109.095,270.25,191.62,95.13,201.4,109.12
788,577070.678972,62.76,54,-37.688,14.038,68.03,148.629,108.54,271.41,192.53,93.22,203.48,108.54
789,577070.682975,63.071,52,-37.427,14.52,66.302,146.396,107.955,271.72,193.18,90.83,200.59,107.95
790,577070.686638,64.17,51,-37.807,14.67,64.635,148.346,107.207,271.13,193.37,88.57,202.99,107.23
791,577070.696466,64.425,51,-37.487,14.853,63.667,147.481,106.769,271.62,193.54,87.43,201.83,106.76
792,577070.698761,64.422,53,-36.876,15.043,63.136,146.235,106.857,272.48,193.9,86.49,200.39,106.86
793,577070.70273,65.515,54,-36.562,15.403,61.844,149.217,106.114,272.92,194.39,84.73,204.45,106.12
794,577070.707052,65.923,51,-37.005,15.448,60.676,148.729,106.173,272.35,194.45,83.12,203.69,106.2
795,577070.711647,66.272,53,-36.857,15.357,60.22,149.654,106.012,272.52,194.33,82.5,205.05,106.01
796,577070.714482,66.099,52,-36.629,15.279,60.618,149.619,106.308,272.83,194.22,83.05,204.99,106.31
797,577070.723796,65.852,49,-36.819,15.342,61.305,149.854,106.365,272.54,194.27,84.08,205.18,106.38
798,577070.735887,63.541,52,-37.411,14.678,65.624,147.284,107.403,271.61,193.41,89.86,201.63,107.4
799,577070.738981,62.808,54,-38.075,14.021,67.522,147.76,108.455,270.77,192.4,92.67,202.13,108.55
800,577070.748071,62.139,54,-38.387,13.845,69.123,147.91,108.515,270.43,192.26,94.69,202.64,108.51
801,577070.750523,61.524,56,-38.76,13.389,70.412,147.68,108.929,269.83,191.6,96.42,202.45,109.0
802,577070.755523,61.015,55,-38.93,12.985,71.642,147.845,109.335,269.64,191.04,98.19,202.55,109.37
803,577070.75854,60.423,58,-39.166,12.556,72.758,147.402,109.739,269.37,190.5,99.66,201.94,109.73
804,577070.763451,59.782,59,-39.392,12.101,73.962,146.957,109.986,268.99,189.83,101.29,201.55,110.01
805,577070.771504,59.382,57,-39.44,11.783,74.717,146.703,110.161,269.04,189.43,102.32,200.89,110.19
806,577070.775221,59.413,57,-39.524,11.423,75.15,147.688,110.335,268.89,188.9,102.94,202.34,110.38
807,577070.779447,58.822,54,-39.323,11.183,75.705,146.234,110.306,269.04,188.57,103.72,200.29,110.34
808,577070.782768,58.823,54,-39.635,10.862,75.976,146.764,109.934,268.61,188.07,104.41,200.47,109.96
809,577070.78661,58.214,60,-39.146,10.795,77.193,146.544,109.478,269.39,188.08,105.74,200.77,109.47
810,577070.790927,56.282,58,-39.319,10.106,80.797,145.551,109.585,269.22,187.18,110.7,199.21,109.52
811,577070.799166,55.448,56,-39.098,9.55,82.812,146.015,109.636,269.5,186.39,113.47,199.91,109.6
812,577070.803535,54.562,64,-38.706,9.188,84.341,145.46,109.524,269.96,185.86,115.56,199.19,109.52
813,577070.807683,54.729,62,-38.38,8.921,84.326,146.034,109.619,270.39,185.51,115.64,199.89,109.57
814,577070.816092,55.11,62,-37.428,8.779,83.125,145.323,108.946,271.7,185.31,113.89,199.03,108.95
815,577070.82275,55.794,62,-37.045,8.823,81.519,145.008,108.612,272.1,185.37,111.7,198.36,108.69
816,577070.828,56.598,63,-36.403,8.983,79.996,145.312,107.7,273.13,185.6,109.65,198.91,107.69
817,577070.830587,57.658,61,-36.517,8.455,77.472,144.815,106.042,272.99,184.87,106.15,198.49,106.03
818,577070.835635,58.284,64,-35.854,8.626,76.123,144.8,105.031,273.9,185.1,104.3,198.47,105.02
819,577070.839302,58.903,64,-35.264,8.998,74.831,144.885,104.244,274.69,185.58,102.58,198.61,104.28
820,577070.841971,58.966,65,-34.65,9.328,74.53,144.564,103.738,275.65,186.07,102.13,198.39,103.7
821,577070.851328,59.201,67,-34.03,9.659,74.342,145.191,103.298,276.39,186.51,101.89,198.8,103.26
822,577070.855618,59.101,67,-33.687,10.04,74.421,144.922,102.86,276.94,187.07,101.92,198.53,102.82
823,577070.858746,59.596,62,-33.332,10.469,74.344,146.899,102.977,277.35,187.62,101.87,201.37,102.97
824,577070.862815,59.234,62,-32.914,10.896,74.732,146.094,102.676,277.85,188.18,102.43,200.01,102.66
825,577070.866776,59.063,63,-32.601,11.368,75.031,145.947,102.706,278.28,188.82,102.84,199.83,102.68
826,577070.876135,59.305,63,-32.336,11.797,75.049,147.022,103.102,278.86,189.5,102.8,201.39,103.08
827,577070.878518,59.185,63,-32.186,12.211,74.983,146.374,103.355,278.94,190.02,102.77,200.35,103.32
828,577070.883491,59.566,64,-32.005,12.62,74.415,146.907,103.64,279.11,190.56,101.98,201.23,103.65
829,577070.886922,59.812,63,-32.253,12.98,73.855,146.878,104.001,278.86,191.03,101.3,201.25,103.97
830,577070.89087,60.166,59,-32.493,13.207,73.299,147.337,103.984,278.8,191.47,100.5,201.14,103.9
831,577070.900725,60.664,61,-32.806,13.427,72.518,148.017,103.692,278.04,191.66,99.38,202.79,103.68
832,577070.911857,60.823,68,-33.881,14.105,71.742,147.159,102.37,276.57,192.59,98.3,201.64,102.38
833,577070.916107,61.655,57,-34.685,14.468,70.654,148.813,101.816,275.49,193.09,96.79,204.0,101.82
834,577070.91876,61.747,64,-34.638,14.678,69.826,147.509,101.417,275.56,193.38,95.66,202.21,101.42
835,577070.92791,62.055,63,-34.431,14.789,68.886,146.995,101.037,275.89,193.53,94.4,201.35,101.05
836,577070.930602,62.845,63,-34.699,15.603,66.634,146.002,101.328,275.53,194.67,91.26,200.17,101.31
837,577070.934598,63.494,62,-36.263,15.321,65.697,147.206,103.015,273.34,194.21,90.12,201.78,103.03
838,577070.938597,64.007,62,-37.373,15.008,64.717,147.665,104.374,271.81,193.84,88.65,202.34,104.38
839,577070.943029,64.757,59,-38.459,14.999,62.978,147.675,105.771,270.32,193.84,86.27,202.32,105.78
840,577070.951612,65.167,59,-39.388,14.952,62.03,147.697,107.276,269.05,193.78,84.97,202.34,107.28
841,577070.954724,65.5,54,-40.867,14.413,61.564,148.458,108.97,267.15,193.08,84.36,203.01,108.99
842,577070.958739,65.788,53,-42.227,14.106,61.13,149.058,110.25,265.25,192.67,83.74,204.04,110.21
843,577070.963206,65.676,49,-41.468,14.006,62.183,150.965,110.353,266.11,192.46,85.18,206.16,110.42
844,577070.966671,63.941,48,-42.593,12.597,64.626,147.111,110.176,264.69,190.57,88.54,201.53,110.19
845,577070.975224,62.986,50,-43.701,11.979,66.318,146.01,111.068,263.24,189.79,90.96,200.01,111.19
846,577070.978638,62.802,55,-43.809,12.582,66.465,145.417,111.125,263.02,190.56,91.04,199.17,111.13
847,577070.982849,62.316,60,-45.13,11.837,68.387,147.199,112.978,261.18,189.54,93.64,201.57,113.0
848,577070.987124,62.026,60,-45.481,11.706,69.391,147.932,113.687,260.68,189.38,94.98,202.54,113.73
849,577070.9959,61.168,68,-47.003,10.854,71.056,147.344,114.63,258.6,188.16,97.35,201.39,114.59
850,577071.002806,61.113,68,-47.553,10.448,71.475,147.958,115.005,257.94,187.68,97.88,202.41,114.97
851,577071.007788,61.011,58,-47.44,10.607,71.25,147.016,114.751,258.04,187.9,97.47,201.67,114.64
852,577071.011195,60.46,63,-47.495,10.283,71.918,145.869,114.842,257.92,187.42,98.48,199.93,114.79
853,577071.014741,61.455,59,-48.831,9.408,71.91,150.489,114.811,256.15,186.22,98.47,205.99,114.81
854,577071.019053,60.34,56,-47.578,9.998,71.906,145.307,114.327,257.97,186.93,98.68,199.19,114.31
855,577071.028313,62.005,54,-48.245,9.5,71.538,152.406,114.1,256.95,186.34,97.97,208.64,114.1
856,577071.030818,60.573,55,-48.236,9.093,71.888,146.319,113.766,256.93,185.8,98.39,200.41,113.81
857,577071.034631,61.944,56,-48.26,9.097,71.085,151.138,114.79,257.15,185.93,97.37,206.21,114.69
858,577071.039313,61.724,56,-47.65,9.131,71.169,150.234,114.578,257.7,185.82,97.48,205.48,114.6
859,577071.042622,61.122,59,-47.216,9.084,71.585,148.225,114.27,258.34,185.79,97.95,203.06,114.25
860,577071.052682,61.3,61,-46.217,9.556,71.468,148.821,113.547,259.68,186.39,97.9,203.66,113.53
861,577071.05481,61.024,60,-45.607,9.581,72.064,148.756,112.845,260.58,186.44,98.7,203.85,112.81
862,577071.059369,59.99,67,-43.9,10.257,72.871,145.699,111.704,262.89,187.36,99.81,199.53,111.69
863,577071.06356,58.989,66,-42.947,9.713,74.937,145.453,111.07,264.16,186.59,102.65,199.3,111.08
864,577071.066627,58.895,66,-42.075,9.869,75.216,145.594,110.496,265.45,186.83,103.09,199.25,110.48
865,577071.070781,59.0,67,-40.645,10.498,74.995,145.611,109.36,267.33,187.63,102.83,199.44,109.37
866,577071.079497,58.907,58,-39.386,10.67,75.361,145.927,108.664,268.98,187.85,103.3,200.09,108.69
867,577071.084481,58.69,54,-38.003,10.716,75.933,146.12,108.192,270.91,187.96,104.03,199.94,108.1
868,577071.086707,58.613,59,-36.918,11.177,75.459,144.885,107.859,272.46,188.57,103.46,198.53,107.82
869,577071.091128,58.837,58,-35.387,11.346,75.62,146.133,107.202,274.59,188.83,103.64,200.01,107.23
870,577071.094419,58.478,53,-33.842,11.512,76.016,145.394,106.795,276.65,189.1,104.06,199.36,106.73
871,577071.10373,58.897,55,-32.673,12.057,75.582,146.314,105.75,278.29,189.73,103.77,200.47,105.7
872,577071.106474,59.061,55,-31.454,12.428,75.485,146.823,105.061,279.88,190.29,103.4,201.41,105.05
873,577071.112236,59.025,57,-30.81,12.592,75.46,146.622,104.888,280.59,190.53,103.35,200.62,104.98
874,577071.115136,58.561,58,-30.01,12.748,75.931,145.577,104.258,281.83,190.73,104.06,199.45,104.27
875,577071.119996,59.637,63,-28.554,12.778,74.941,148.258,103.144,283.83,190.77,102.71,203.14,103.15
876,577071.127791,59.174,61,-28.985,12.285,74.621,145.619,101.509,283.46,190.16,102.26,199.94,101.59
877,577071.130727,59.112,59,-28.341,12.817,75.405,146.884,102.669,284.19,190.86,103.44,201.24,102.69
878,577071.13517,58.74,67,-29.427,12.31,75.335,145.176,102.222,282.69,190.13,103.23,199.08,102.22
879,577071.138529,58.478,62,-29.853,12.2,75.606,144.611,102.465,282.11,189.98,103.6,198.29,102.46
880,577071.14347,59.024,66,-30.677,12.163,75.324,146.353,103.027,280.94,189.92,103.23,200.51,103.0
881,577071.146747,59.157,63,-31.385,12.209,75.25,146.775,103.451,280.05,189.99,103.12,201.27,103.41
882,577071.163886,59.227,66,-33.968,12.137,74.861,146.317,104.376,276.59,189.91,102.66,200.3,104.32
883,577071.167999,59.714,63,-35.078,12.118,74.221,147.172,105.043,275.01,189.9,101.7,201.58,105.01
884,577071.170556,60.024,63,-36.083,12.049,73.662,147.431,105.593,273.58,189.79,100.91,202.08,105.58
885,577071.179754,60.242,66,-36.8,12.07,73.116,147.312,106.127,272.6,189.82,100.16,201.91,106.12
886,577071.182734,61.052,58,-37.924,12.06,72.032,148.819,106.889,270.96,189.75,98.66,204.43,106.9
887,577071.187431,60.924,62,-38.697,12.087,71.621,147.376,107.706,269.99,189.85,98.11,201.98,107.7
888,577071.191108,60.724,64,-38.529,12.447,71.139,145.474,107.921,270.28,190.35,97.47,199.35,107.87
889,577071.194905,60.79,65,-39.357,12.07,71.344,146.192,108.676,269.1,189.83,97.74,200.3,108.67
890,577071.203881,60.949,63,-40.099,12.072,71.076,146.372,109.209,268.13,189.84,97.4,200.43,109.2
891,577071.20681,61.664,60,-41.355,12.673,69.324,146.054,109.952,266.41,190.69,94.96,199.95,109.93
892,577071.212457,61.65,62,-41.936,12.785,69.251,145.838,110.277,265.61,190.85,94.85,199.67,110.24
893,577071.214927,61.842,60,-42.995,12.698,69.219,146.678,110.899,264.12,190.7,94.8,200.89,110.9
894,577071.219539,62.124,57,-43.535,12.897,68.731,146.996,111.268,263.38,190.97,94.13,201.31,111.27
895,577071.222391,63.748,62,-44.118,12.996,65.277,147.58,111.88,262.57,191.11,89.4,202.1,111.88
896,577071.232387,64.933,59,-44.548,13.183,62.532,147.592,112.329,261.98,191.37,85.64,202.11,112.33
897,577071.234782,66.109,53,-45.305,13.224,60.323,148.945,112.63,260.95,191.44,82.62,203.93,112.64
898,577071.239523,66.804,54,-45.78,13.561,58.89,149.511,112.381,260.34,191.92,80.68,204.42,112.37
899,577071.247241,67.181,50,-43.973,14.526,59.506,153.436,110.41,262.8,193.21,81.5,210.13,110.41
900,577071.254663,66.453,55,-46.445,14.295,59.639,149.28,110.826,259.36,192.91,81.73,204.2,110.86
901,577071.259433,66.662,50,-44.443,14.686,60.901,153.729,109.435,262.16,193.43,83.41,210.5,109.44
902,577071.263109,66.062,51,-45.423,14.534,61.588,151.79,109.585,260.81,193.22,84.35,207.85,109.6
903,577071.267687,65.282,47,-43.967,14.219,63.852,152.699,109.009,262.71,192.77,87.5,208.49,109.05
904,577071.271207,63.707,53,-45.869,12.956,65.133,147.038,108.826,260.28,191.06,89.28,201.24,108.83
905,577071.279807,63.733,50,-45.09,13.525,64.05,144.727,107.915,261.29,191.85,87.73,198.21,107.93
906,577071.282493,65.023,49,-44.706,13.71,64.277,152.226,110.217,261.59,192.02,88.17,207.36,110.28
907,577071.287245,63.094,57,-45.042,12.864,65.535,144.82,109.323,261.38,190.96,89.77,198.22,109.31
908,577071.291264,62.711,56,-44.86,12.675,66.64,145.349,110.299,261.59,190.68,91.28,199.06,110.31
909,577071.295301,63.037,53,-44.104,12.633,67.792,149.514,111.699,262.61,190.63,92.92,204.09,111.72
910,577071.2989,61.986,60,-43.976,12.023,69.697,148.388,112.118,262.88,189.83,95.52,202.76,112.09
911,577071.308041,60.411,62,-44.441,11.028,72.012,145.84,112.353,262.17,188.45,98.59,199.99,112.38
912,577071.31046,60.317,65,-43.647,11.175,73.173,147.762,112.752,263.25,188.62,100.26,202.08,112.72
913,577071.315383,58.928,65,-44.517,10.238,75.161,145.629,113.48,262.04,187.34,102.94,199.45,113.47
914,577071.319852,58.311,67,-44.588,9.772,76.401,145.442,113.661,262.0,186.77,104.53,199.34,113.63
915,577071.322449,57.96,69,-44.513,9.415,77.443,145.976,114.023,262.09,186.25,106.07,199.91,114.07
916,577071.33261,57.497,69,-44.438,9.15,77.988,145.138,113.434,262.17,185.82,106.92,198.65,113.41
917,577071.339852,57.566,75,-43.702,8.936,78.111,145.641,112.658,263.13,185.53,107.02,199.38,112.65
918,577071.344526,57.314,78,-43.266,8.578,78.475,145.314,112.178,263.73,185.04,107.48,199.1,112.17
919,577071.346731,57.621,77,-42.705,8.601,77.809,145.297,111.288,264.52,185.08,106.58,199.02,111.28
920,577071.351441,57.832,77,-42.125,8.483,77.405,145.389,110.537,265.34,184.92,106.04,199.09,110.54
921,577071.359108,57.923,74,-41.31,8.459,76.99,144.973,109.646,266.43,184.88,105.46,198.6,109.63
922,577071.3632,58.221,72,-40.701,8.457,76.454,145.174,108.91,267.29,184.89,104.72,198.97,108.89
923,577071.366979,58.19,70,-39.991,8.424,76.492,145.119,108.245,268.23,184.83,104.79,198.82,108.23
924,577071.371258,57.689,72,-39.213,8.399,77.096,144.233,108.08,269.28,184.86,105.49,197.6,108.03
925,577071.374538,57.298,70,-38.461,8.46,77.8,144.003,107.782,270.32,184.88,106.58,197.33,107.77
926,577071.384016,57.135,66,-37.642,8.702,78.326,144.338,107.527,271.42,185.25,107.17,198.04,107.49
927,577071.386786,56.31,68,-37.072,8.676,79.673,143.632,107.821,272.22,185.17,109.15,196.85,107.8
928,577071.391635,56.013,62,-36.977,8.515,80.956,144.823,108.876,272.29,184.99,110.9,198.28,108.72
929,577071.395174,55.697,64,-36.837,8.611,81.742,145.042,110.7,272.5,185.13,112.1,198.52,110.55
930,577071.398637,54.482,59,-36.472,8.144,83.317,143.412,113.359,273.09,184.49,114.15,196.38,113.28
931,577071.4075,55.092,57,-36.675,8.008,83.349,145.648,114.259,272.67,184.22,114.2,199.5,114.13
932,577071.410752,55.349,53,-37.754,7.449,83.042,146.051,115.703,271.19,183.48,113.8,200.08,115.64
933,577071.41497,56.231,58,-37.257,7.76,82.312,148.084,114.596,272.06,183.94,112.89,202.57,114.55
934,577071.427585,57.435,56,-37.758,8.82,80.266,149.121,110.044,271.19,185.36,110.0,203.92,110.07
935,577071.434941,57.991,54,-37.275,9.47,79.329,149.664,107.861,271.91,186.24,108.71,204.83,107.83
936,577071.439249,58.216,53,-37.098,9.871,78.453,148.947,105.879,272.14,186.8,107.51,203.87,105.89
937,577071.442565,58.702,56,-37.119,10.116,77.444,149.077,104.388,272.16,187.1,106.16,203.64,104.36
938,577071.44772,58.959,62,-36.751,10.435,76.4,148.161,103.321,272.68,187.54,104.68,202.97,103.24
939,577071.450533,59.852,59,-36.905,10.64,75.064,149.46,102.845,272.42,187.85,102.85,204.66,102.87
940,577071.460524,60.34,52,-36.433,10.928,74.058,149.656,102.774,273.26,188.26,101.56,204.8,102.71
941,577071.462774,60.859,57,-36.882,11.243,72.795,149.489,103.754,272.57,188.69,99.76,204.6,103.78
942,577071.466665,60.692,53,-37.15,11.528,72.01,147.108,104.515,272.24,189.11,98.68,201.56,104.58
943,577071.471672,61.83,65,-36.625,12.378,69.91,148.087,105.308,272.84,190.19,95.93,202.81,105.33
944,577071.474592,62.474,64,-36.315,13.122,68.343,147.881,105.858,273.29,191.26,93.66,202.4,105.86
945,577071.484239,62.402,57,-35.546,14.109,67.318,145.315,106.28,274.34,192.63,92.22,199.24,106.3
946,577071.486485,63.667,62,-36.353,14.262,66.092,148.992,107.115,273.42,192.84,90.67,204.06,107.01
947,577071.491381,64.134,60,-36.864,14.653,64.542,147.94,107.358,272.43,193.37,88.37,202.71,107.4
948,577071.494876,63.998,58,-36.035,14.465,64.545,147.229,106.761,273.6,193.09,88.46,201.64,106.77
949,577071.498633,65.185,59,-37.181,15.095,61.361,146.203,106.705,272.07,193.97,84.06,200.33,106.7
950,577071.5028,65.716,59,-38.191,14.921,60.385,146.829,106.751,270.68,193.73,82.72,201.19,106.76
951,577071.511841,65.848,60,-38.577,14.939,60.016,146.683,106.93,270.16,193.76,82.22,200.98,106.93
952,577071.516215,65.119,52,-38.064,14.565,61.667,146.569,107.037,270.7,193.24,84.46,200.25,107.14
953,577071.518779,65.087,51,-37.649,14.653,62.197,147.649,107.414,271.54,193.37,85.23,201.93,107.46
954,577071.52388,65.264,49,-38.414,14.808,62.016,148.209,108.009,270.27,193.55,84.94,203.08,108.06
955,577071.527117,65.177,55,-38.976,14.5,62.627,149.175,108.338,269.62,193.16,85.79,204.37,108.34
956,577071.53593,64.717,52,-39.32,14.239,63.5,148.683,108.686,269.16,192.81,86.98,203.68,108.68
957,577071.538618,63.766,49,-40.599,13.48,65.556,148.304,109.614,267.31,191.69,89.89,202.91,109.68
958,577071.542909,61.898,57,-41.082,12.783,70.01,148.628,110.489,266.8,190.71,95.57,203.95,110.42
959,577071.546897,59.65,54,-42.414,11.881,73.918,146.289,111.833,264.92,189.57,101.23,200.39,111.82
960,577071.550791,58.982,61,-43.505,10.335,75.525,146.562,110.957,263.43,187.44,103.52,200.75,110.99
961,577071.559366,57.607,63,-44.041,9.632,78.068,145.725,111.655,262.72,186.43,107.1,199.52,111.65
962,577071.563819,57.31,59,-44.814,9.016,79.056,146.376,112.78,261.69,185.66,108.31,200.47,112.73
963,577071.566585,56.809,62,-44.892,8.675,79.609,145.421,112.988,261.49,185.15,109.08,198.8,113.0
964,577071.570937,57.745,60,-45.596,8.28,78.742,147.541,113.313,260.54,184.6,108.01,201.61,113.29
965,577071.575183,57.81,68,-45.904,7.964,78.188,146.767,113.027,260.16,184.22,107.13,200.65,113.05
966,577071.579379,58.207,60,-45.926,7.853,77.052,146.251,112.084,260.15,184.09,105.56,199.99,112.05
967,577071.587565,58.742,64,-45.558,7.895,76.033,146.531,111.057,260.66,184.09,104.26,200.57,111.04
968,577071.600001,58.556,68,-43.402,8.555,75.335,144.412,107.993,263.58,185.03,103.18,197.79,107.98
969,577071.602609,58.2,65,-43.674,8.125,76.341,144.874,108.528,263.08,184.35,104.62,198.59,108.62
970,577071.612532,58.221,65,-43.35,8.419,76.345,144.966,108.47,263.64,184.83,104.57,198.55,108.47
971,577071.614772,58.693,60,-43.345,8.75,75.726,145.732,108.825,263.73,185.26,103.8,199.79,108.71
972,577071.620248,58.528,53,-41.781,9.468,75.568,144.744,108.37,265.66,186.23,103.5,198.26,108.32
973,577071.622895,59.969,50,-40.651,10.064,74.907,149.677,107.937,267.28,187.01,102.72,205.05,107.98
974,577071.62682,59.339,52,-39.296,10.237,75.879,148.792,107.686,269.09,187.3,103.95,203.59,107.73
975,577071.635682,58.159,56,-39.839,9.888,76.436,144.883,108.12,268.45,186.84,104.71,198.53,108.12
976,577071.638529,59.574,63,-38.243,11.449,74.417,146.947,108.793,270.57,189.0,101.89,201.17,108.82
977,577071.642759,59.427,73,-38.191,11.562,74.153,145.787,109.613,270.74,189.14,101.6,199.65,109.62
978,577071.646657,59.953,70,-37.404,11.968,72.804,145.404,110.054,271.76,189.73,99.65,199.32,110.0
979,577071.651397,60.8,59,-36.863,12.436,71.186,145.914,109.739,272.5,190.33,97.52,199.97,109.72
980,577071.654746,60.794,55,-36.327,12.749,70.244,143.957,109.993,273.2,190.75,96.23,197.27,109.95
981,577071.66348,62.479,52,-36.932,12.902,70.016,151.524,108.258,272.36,190.95,95.95,207.25,108.24
982,577071.667011,62.393,51,-36.499,13.304,70.246,151.587,106.765,273.01,191.51,96.23,207.73,106.76
983,577071.671235,61.998,55,-36.041,13.592,70.6,150.37,105.503,273.63,191.9,96.72,206.08,105.5
984,577071.679556,62.881,63,-37.015,13.703,67.655,148.416,107.641,272.27,192.06,92.69,203.28,107.64
985,577071.68781,62.918,60,-35.962,14.067,66.656,146.409,107.484,273.77,192.52,91.41,200.57,107.5
986,577071.690684,63.314,60,-36.618,14.041,65.673,146.231,107.814,272.83,192.47,90.1,200.41,107.82
987,577071.694641,63.808,64,-38.54,13.774,64.554,146.253,109.189,270.2,192.17,88.43,200.4,109.19
988,577071.69936,63.883,55,-37.305,13.84,65.231,148.182,108.341,271.89,192.25,89.37,203.01,108.34
989,577071.703185,63.805,55,-38.103,13.581,65.348,148.036,108.462,270.71,191.85,89.58,202.61,108.51
990,577071.712515,63.852,54,-38.0,13.763,65.291,148.153,107.924,270.93,192.11,89.52,202.95,107.95
991,577071.714648,63.704,52,-38.929,13.416,65.674,148.244,108.052,269.65,191.65,89.92,202.94,108.1
992,577071.719472,63.535,50,-38.874,13.001,66.262,148.687,108.347,269.76,191.11,90.77,203.72,108.34
993,577071.722866,63.525,49,-40.744,11.947,65.876,147.768,107.375,267.38,189.7,90.27,202.62,107.36
994,577071.727577,62.694,57,-41.133,11.757,67.174,146.432,107.654,266.68,189.41,92.02,200.62,107.66
995,577071.730925,62.373,62,-41.566,11.629,68.067,146.786,108.234,266.26,189.28,93.29,200.63,108.25
996,577071.740503,62.257,64,-42.711,11.13,68.892,147.993,109.942,264.52,188.55,94.37,202.71,109.94
997,577071.742633,62.182,59,-43.59,10.671,69.534,149.003,111.041,263.22,187.9,95.28,203.74,111.07
998,577071.747463,61.765,57,-44.43,10.279,70.336,148.674,111.958,262.18,187.4,96.38,203.25,111.99
999,577071.751682,61.343,63,-45.644,9.918,70.906,147.853,112.913,260.5,186.9,97.11,202.48,112.91
1000,577071.754647,61.059,61,-46.604,9.589,71.557,147.874,113.222,259.14,186.42,98.01,202.32,113.17
1001,577071.764354,60.463,64,-47.082,9.48,72.34,146.738,113.291,258.75,186.36,99.06,200.37,113.35
1002,577071.767794,59.78,63,-47.098,9.257,73.716,146.459,112.758,258.46,185.99,100.93,200.49,112.8
1003,577071.770606,59.773,65,-47.983,9.228,73.622,146.241,113.016,257.38,186.0,100.84,199.99,113.0
1004,577071.775114,59.531,65,-48.411,9.158,73.977,145.893,112.826,256.71,185.86,101.3,199.73,112.83
1005,577071.779027,59.343,66,-48.478,9.148,74.243,145.605,112.373,256.7,185.89,101.66,199.2,112.31
1006,577071.787104,59.549,61,-48.908,9.04,73.999,146.01,112.57,256.09,185.73,101.32,199.82,112.54
1007,577071.790581,59.897,58,-49.429,8.838,73.572,146.685,113.01,255.33,185.42,100.75,200.79,113.02
1008,577071.794569,61.531,56,-49.358,9.109,70.125,147.109,113.105,255.42,185.8,96.04,201.38,113.11
1009,577071.798567,63.099,55,-49.031,9.32,66.77,147.572,113.141,255.79,186.08,91.43,201.84,113.18
1010,577071.802536,64.291,51,-47.574,9.58,64.83,149.448,112.356,257.7,186.28,89.09,203.82,112.48
1011,577071.806699,65.776,46,-45.664,10.318,63.219,154.08,111.367,260.48,187.46,86.6,210.94,111.37
1012,577071.816531,64.899,49,-44.891,10.231,64.28,151.527,110.657,261.53,187.33,88.06,207.44,110.66
1013,577071.818504,63.322,52,-45.039,10.308,64.6,143.881,108.697,261.32,187.42,88.49,196.93,108.67
1014,577071.823225,62.926,53,-43.917,11.014,66.501,146.109,109.365,262.88,188.45,91.0,200.2,109.39
1015,577071.827205,62.363,57,-43.011,11.653,68.279,147.193,109.727,264.17,189.3,93.51,201.79,109.75
1016,577071.830932,61.593,63,-42.459,11.788,70.459,148.107,110.343,264.86,189.41,96.63,202.74,110.35
1017,577071.847599,59.788,74,-40.56,12.265,73.598,146.259,110.856,267.48,190.1,100.82,200.31,110.87
1018,577071.852515,59.48,73,-40.521,11.878,74.219,146.146,111.376,267.5,189.57,101.66,200.23,111.36
1019,577071.855182,59.445,68,-40.72,11.518,74.298,146.149,111.315,267.29,189.11,101.75,200.21,111.27
1020,577071.859648,59.171,67,-40.58,11.405,74.464,145.302,110.848,267.31,188.91,102.0,199.21,110.77
1021,577071.867518,59.094,63,-40.705,11.283,74.839,145.705,109.975,267.18,188.76,102.4,199.93,109.93
1022,577071.870904,58.511,64,-40.525,11.124,75.619,144.772,109.653,267.46,188.5,103.6,198.44,109.61
1023,577071.874864,58.044,62,-40.388,10.862,76.431,144.41,109.264,267.68,188.17,104.69,197.87,109.25
1024,577071.878716,58.18,57,-40.147,10.983,76.343,144.793,108.54,267.97,188.33,104.55,198.54,108.5
1025,577071.882745,57.913,60,-40.217,10.649,76.518,144.046,108.732,267.91,187.81,104.97,197.23,108.74
1026,577071.891854,59.613,55,-41.15,10.209,75.789,149.83,108.554,266.66,187.28,103.82,205.24,108.55
1027,577071.894617,59.982,54,-40.903,10.172,75.166,150.253,108.717,267.0,187.23,102.97,205.83,108.71
1028,577071.899726,60.225,51,-40.89,10.111,74.378,149.779,108.96,266.86,187.13,101.9,204.74,109.03
1029,577071.903546,60.71,51,-40.944,9.897,72.965,149.143,111.016,267.09,186.78,100.16,203.5,111.04
1030,577071.907094,61.452,59,-41.073,9.489,71.332,149.264,113.124,266.83,186.31,97.74,204.1,113.12
1031,577071.916181,60.903,53,-41.272,8.754,70.825,145.645,114.085,266.47,185.31,97.04,199.54,114.07
1032,577071.918785,62.266,57,-41.181,9.141,69.412,149.153,115.751,266.58,185.84,95.1,204.31,115.73
1033,577071.922718,62.304,57,-41.219,9.248,69.524,149.584,115.92,266.66,186.02,95.27,204.83,115.88
1034,577071.93526,60.68,62,-41.356,10.101,72.398,147.844,112.288,266.4,187.16,99.2,202.35,112.27
1035,577071.943694,59.727,69,-41.379,10.303,74.235,147.256,110.677,266.44,187.47,101.72,201.24,110.68
1036,577071.946411,58.922,68,-41.411,10.471,75.883,147.002,109.098,266.31,187.65,103.95,201.16,109.15
1037,577071.951433,58.579,66,-41.083,10.768,76.725,147.175,107.415,266.79,188.04,105.12,201.37,107.44
1038,577071.955442,58.499,67,-39.928,11.585,75.967,145.389,105.737,268.33,189.16,104.05,199.18,105.73
1039,577071.958904,58.872,63,-39.75,11.575,75.449,145.947,105.018,268.66,189.13,103.42,199.89,104.98
1040,577071.967421,59.863,63,-38.992,12.423,73.188,145.773,104.066,269.62,190.3,100.27,199.72,104.06
1041,577071.970598,60.825,59,-38.217,13.057,71.266,146.196,103.724,270.77,191.12,97.79,200.31,103.64
1042,577071.975032,61.978,57,-37.766,13.519,69.258,147.417,103.791,271.16,191.75,94.89,202.1,103.82
1043,577071.978811,62.73,55,-37.236,14.021,67.649,147.644,104.074,272.01,192.49,92.68,202.3,104.08
1044,577071.983038,63.003,52,-36.297,14.384,66.693,146.916,104.525,273.24,192.97,91.39,201.22,104.51
1045,577071.992176,64.451,48,-35.539,15.385,64.448,149.435,104.649,274.37,194.35,88.36,204.72,104.62
1046,577071.994588,64.836,52,-35.123,15.648,63.254,148.759,105.115,274.9,194.73,86.65,203.85,105.11
1047,577071.999942,65.939,52,-34.988,15.541,61.443,150.702,105.714,275.08,194.58,84.17,206.54,105.71
1048,577072.002556,65.35,54,-35.266,15.169,62.288,149.344,106.316,274.71,194.02,85.29,204.74,106.37
1049,577072.007388,64.428,57,-35.298,14.907,64.438,149.284,106.932,274.66,193.71,88.26,204.6,106.93
1050,577072.010745,63.87,54,-36.939,13.347,64.723,146.96,106.24,272.52,191.61,88.72,201.12,106.23
1051,577072.020209,62.859,59,-37.425,12.888,66.781,146.391,106.775,271.78,190.96,91.5,200.57,106.79
1052,577072.024309,62.318,56,-38.222,12.399,68.572,147.607,107.596,270.66,190.28,93.95,202.27,107.59
1053,577072.027459,61.724,63,-38.638,12.011,70.578,148.988,107.997,269.97,189.67,96.73,204.41,108.07
1054,577072.030742,60.464,60,-39.006,11.729,72.813,147.702,108.014,269.53,189.35,99.77,202.19,108.03
1055,577072.034631,59.221,66,-39.648,11.269,75.079,146.717,108.376,268.79,188.76,102.86,200.79,108.36
1056,577072.043166,58.558,63,-40.409,10.716,76.72,147.076,108.704,267.88,187.97,105.2,200.98,108.76
1057,577072.047398,57.839,65,-40.477,10.398,78.133,146.787,108.738,267.63,187.55,107.04,200.93,108.75
1058,577072.051468,57.084,65,-40.663,10.099,78.986,145.352,109.006,267.31,187.12,108.19,199.14,109.0
1059,577072.055031,57.455,67,-40.888,10.037,78.275,145.501,109.142,267.11,187.09,107.25,199.05,109.09
1060,577072.060128,57.683,64,-41.107,10.036,77.525,145.013,109.343,266.74,187.05,106.21,198.56,109.33
1061,577072.067539,58.858,60,-42.201,10.102,75.496,145.981,110.034,265.28,187.14,103.41,200.14,109.98
1062,577072.071337,58.401,48,-41.116,10.147,75.166,143.455,110.749,266.68,187.2,102.97,196.53,110.73
1063,577072.075209,60.569,49,-42.749,10.528,72.433,147.406,110.144,264.54,187.73,99.27,201.69,110.14
1064,577072.079136,60.775,47,-38.098,11.268,73.17,149.866,106.913,270.65,188.73,100.21,204.7,106.99
1065,577072.083029,60.19,57,-39.356,11.003,73.058,146.961,107.533,269.11,188.36,100.09,201.31,107.53
1066,577072.086468,60.084,68,-39.765,10.828,73.225,146.824,107.886,268.52,188.09,100.36,201.16,107.91
1067,577072.095301,59.775,70,-39.881,10.886,73.43,145.87,108.387,268.38,188.21,100.59,199.86,108.38
1068,577072.104323,60.233,54,-41.363,10.224,74.397,149.85,112.668,266.8,187.62,101.97,203.44,112.33
1069,577072.108369,58.894,48,-41.555,9.801,74.704,144.602,113.009,266.09,186.74,102.34,198.1,113.0
1070,577072.110779,60.861,54,-42.038,10.031,73.166,150.26,115.41,265.37,187.04,100.26,205.57,115.4
1071,577072.120572,60.618,60,-40.792,11.233,71.676,146.089,114.572,267.13,188.71,98.18,200.1,114.54
1072,577072.122634,60.755,62,-40.527,11.439,71.383,146.115,113.712,267.42,188.96,97.8,200.0,113.73
1073,577072.127269,60.655,63,-41.77,11.351,71.346,145.586,113.815,265.8,188.84,97.79,199.23,113.87
1074,577072.131099,60.612,61,-41.977,11.807,71.374,145.447,112.775,265.5,189.48,97.77,199.24,112.77
1075,577072.135438,60.465,62,-40.292,12.036,72.9,147.883,110.32,267.8,189.75,99.95,202.48,110.33
1076,577072.143193,59.686,52,-39.71,11.99,73.738,146.092,109.601,268.6,189.72,101.01,200.16,109.59
1077,577072.147398,60.218,57,-40.402,11.903,73.797,148.574,108.207,267.68,189.59,101.09,203.54,108.2
1078,577072.150715,60.761,58,-40.241,12.289,72.83,149.102,107.069,267.9,190.12,99.76,204.26,107.07
1079,577072.155162,60.567,57,-41.602,11.674,72.027,146.575,105.562,266.05,189.28,98.66,200.81,105.57
1080,577072.158904,61.4,59,-41.182,12.053,71.66,149.7,105.455,266.72,189.84,98.16,205.06,105.45
1081,577072.16354,60.881,65,-42.24,12.083,71.621,147.18,105.713,265.15,189.83,98.11,201.54,105.71
1082,577072.171454,61.716,56,-41.68,12.424,70.981,149.798,105.333,265.82,190.31,97.19,205.0,105.4
1083,577072.174668,61.564,60,-41.667,12.622,70.573,148.208,105.715,265.95,190.58,96.66,203.05,105.72
1084,577072.178805,61.799,62,-41.816,12.672,69.943,148.009,106.352,265.74,190.65,95.8,202.78,106.35
1085,577072.186914,63.921,62,-42.125,12.746,64.866,147.556,109.325,265.31,190.76,88.85,202.11,109.33
1086,577072.196298,66.156,56,-43.012,12.808,60.246,149.032,111.022,264.08,190.86,82.52,204.11,111.03
1087,577072.198716,66.724,48,-40.121,12.668,59.964,151.745,110.542,268.01,190.66,82.14,208.01,110.52
1088,577072.203713,68.407,47,-40.686,13.684,56.199,152.71,110.893,267.28,192.06,77.0,209.18,110.88
1089,577072.206999,66.508,50,-40.563,12.815,58.471,146.683,109.743,267.52,190.9,80.12,200.78,109.73
1090,577072.211001,67.236,56,-39.245,14.066,58.421,150.985,109.803,269.16,192.56,80.04,206.62,109.83
1091,577072.220531,66.179,60,-40.749,13.483,60.58,149.997,110.015,267.35,191.89,82.94,205.14,109.93
1092,577072.222804,64.975,57,-40.451,14.018,62.486,147.715,109.565,267.49,192.49,85.62,202.37,109.51
1093,577072.227302,64.142,57,-43.299,12.884,65.737,150.721,110.752,263.58,190.93,90.08,205.92,110.79
1094,577072.231952,61.503,54,-42.89,12.562,68.852,144.308,112.963,264.21,190.46,94.35,197.7,113.02
1095,577072.234419,62.335,55,-45.257,11.461,70.954,152.817,112.597,261.01,188.96,97.28,208.97,112.58
1096,577072.239045,61.028,51,-45.969,10.633,73.136,150.986,113.33,260.05,187.88,100.16,206.74,113.33
1097,577072.247595,60.075,62,-47.73,9.603,74.197,148.732,114.783,257.65,186.47,101.61,203.65,114.78
1098,577072.250625,59.362,61,-48.663,8.781,74.868,146.914,115.884,256.43,185.38,102.58,200.7,115.88
1099,577072.255888,59.435,67,-49.19,8.173,74.987,147.464,116.398,255.64,184.52,102.68,201.89,116.39
1100,577072.25925,59.075,69,-49.986,7.58,74.873,145.691,116.976,254.58,183.72,102.53,199.32,117.0
1101,577072.262579,59.109,64,-49.69,7.335,74.76,145.614,116.124,254.97,183.38,102.38,199.3,116.12
1102,577072.271674,60.567,58,-49.977,6.95,71.983,146.485,116.034,254.61,182.86,98.62,200.35,116.03
1103,577072.283689,62.608,53,-49.321,7.108,67.535,146.794,114.901,255.54,183.03,92.57,200.77,114.95
1104,577072.286852,62.571,52,-48.547,7.812,68.146,147.937,113.963,256.53,183.99,93.32,202.85,114.0
1105,577072.290655,61.889,53,-47.76,8.457,69.382,147.248,112.83,257.7,184.93,95.1,201.36,112.77
1106,577072.298979,61.419,54,-47.335,8.623,70.796,147.982,112.556,258.2,185.13,96.96,202.6,112.56
1107,577072.302662,60.677,58,-46.406,9.035,72.334,147.701,111.815,259.43,185.67,99.09,202.09,111.81
1108,577072.306651,60.544,62,-45.604,9.56,72.954,148.357,111.469,260.56,186.4,99.91,203.14,111.47
1109,577072.310854,60.852,59,-45.422,9.721,72.501,148.851,111.626,260.78,186.64,99.43,203.42,111.63
1110,577072.314638,60.47,62,-45.807,9.523,72.075,146.231,110.747,260.29,186.36,98.72,200.27,110.75
1111,577072.324273,60.426,64,-45.09,10.055,72.136,146.157,110.714,261.27,187.08,98.8,200.17,110.72
1112,577072.326527,60.98,61,-44.498,10.72,71.449,147.284,110.677,262.08,188.0,97.9,201.19,110.59
1113,577072.331596,61.428,58,-43.742,11.402,70.99,148.435,110.234,263.11,188.92,97.24,203.3,110.23
1114,577072.335194,61.835,59,-43.037,12.001,70.326,148.993,109.386,264.09,189.7,96.42,204.08,109.39
1115,577072.338459,62.045,58,-42.139,12.663,69.649,148.575,108.37,265.21,190.62,95.46,203.11,108.39
1116,577072.347482,62.638,62,-41.425,13.16,68.525,149.093,107.892,266.29,191.33,93.91,203.73,107.86
1117,577072.350876,63.437,62,-41.008,13.382,66.554,148.831,108.531,266.76,191.61,91.16,203.71,108.54
1118,577072.355453,64.556,61,-40.418,13.565,64.322,149.715,108.449,267.76,191.95,88.07,204.87,108.4
1119,577072.364235,64.893,65,-38.552,14.054,62.41,147.085,107.819,270.35,192.57,85.57,201.2,107.82
1120,577072.368354,64.96,60,-37.405,14.698,62.012,146.517,106.905,271.78,193.39,85.07,200.73,106.9
1121,577072.37508,64.295,64,-37.539,14.241,63.837,147.181,106.927,271.52,192.81,87.42,201.61,106.97
1122,577072.378446,63.643,64,-37.412,14.484,65.182,146.821,106.654,271.87,193.13,89.4,201.06,106.59
1123,577072.382781,62.555,60,-36.98,14.274,67.816,147.138,105.872,272.35,192.84,92.91,201.62,105.87
1124,577072.386669,62.154,60,-37.699,14.514,68.623,146.911,105.774,271.36,193.17,94.0,201.3,105.78
1125,577072.390758,61.047,56,-36.923,14.359,71.206,147.09,105.163,272.26,192.96,97.61,201.11,105.2
1126,577072.399328,60.916,50,-37.926,14.214,72.122,148.372,106.042,271.06,192.75,98.8,203.31,106.04
1127,577072.403333,60.38,47,-38.564,13.872,73.064,147.831,106.789,270.12,192.34,100.12,201.42,106.85
1128,577072.407312,58.499,54,-37.338,12.988,75.199,143.92,104.579,271.88,191.08,103.02,197.24,104.59
1129,577072.410908,58.379,57,-38.204,12.256,76.311,145.55,107.083,270.75,190.11,104.57,199.06,107.04
1130,577072.414948,58.924,70,-37.866,12.275,75.809,146.867,108.129,271.09,190.13,103.8,201.07,108.15
1131,577072.423676,58.11,78,-39.215,11.232,77.393,146.499,110.779,269.31,188.69,106.01,200.67,110.75
1132,577072.42624,58.023,67,-40.305,10.269,77.719,146.756,113.01,267.91,187.42,106.51,200.88,112.85
1133,577072.43136,59.267,56,-41.982,9.148,76.533,149.759,115.171,265.47,185.82,104.85,204.93,115.12
1134,577072.435858,60.235,53,-42.335,8.796,75.257,151.592,115.562,265.12,185.37,103.19,207.55,115.48
1135,577072.438652,59.849,55,-43.201,8.331,74.788,148.896,115.769,263.83,184.73,102.45,203.93,115.75
1136,577072.451443,60.186,60,-44.053,8.072,73.625,148.082,114.753,262.66,184.37,100.85,202.83,114.74
1137,577072.455773,59.567,63,-42.66,8.726,73.885,145.865,112.863,264.48,185.18,101.35,199.49,112.88
1138,577072.4595,60.028,61,-43.699,8.987,72.333,144.79,112.716,263.21,185.65,99.09,198.17,112.67
1139,577072.463861,60.543,62,-44.196,9.174,71.459,145.311,112.164,262.47,185.88,97.88,199.01,112.16
1140,577072.466858,60.571,62,-42.226,9.706,72.258,147.06,109.739,265.02,186.56,99.02,201.0,109.79
1141,577072.475464,60.373,54,-42.073,9.987,72.793,147.25,108.507,265.34,186.93,99.78,201.43,108.54
1142,577072.479445,59.999,57,-41.623,10.142,73.854,147.702,107.233,265.88,187.2,101.04,202.24,107.32
1143,577072.48342,59.513,56,-40.917,10.468,74.931,147.691,106.06,266.88,187.58,102.8,202.33,106.12
1144,577072.48661,58.883,59,-41.194,10.182,76.008,147.079,105.118,266.75,187.24,104.15,201.75,105.07
1145,577072.491423,58.008,61,-41.406,10.124,78.763,148.666,107.296,266.35,187.17,107.91,203.49,107.27
1146,577072.500316,57.15,61,-41.832,10.231,79.875,147.252,109.403,265.57,187.25,109.48,201.15,109.41
1147,577072.502922,57.266,64,-41.938,10.271,79.367,146.773,111.51,265.55,187.35,108.7,201.03,111.47
1148,577072.507449,57.979,57,-40.591,10.578,77.825,146.775,112.225,267.51,187.78,106.72,200.93,112.17
1149,577072.511549,59.517,63,-41.332,10.912,73.905,145.689,113.618,266.38,188.25,101.24,199.56,113.61
1150,577072.515594,61.157,60,-41.444,11.205,70.732,146.624,113.212,266.28,188.69,96.91,200.69,113.18
1151,577072.522501,62.378,58,-41.469,11.76,68.28,147.268,112.109,266.13,189.39,93.51,201.84,112.13
1152,577072.536561,61.881,53,-39.193,12.11,70.256,149.068,106.945,269.2,189.88,96.21,204.0,107.02
1153,577072.540554,61.054,66,-38.742,12.643,71.192,147.096,105.973,269.94,190.6,97.5,201.74,105.98
1154,577072.543355,59.854,56,-38.971,12.658,72.299,143.964,107.504,269.61,190.63,99.04,197.27,107.5
1155,577072.551361,61.183,55,-39.907,12.738,72.488,150.387,107.072,268.27,190.71,99.36,205.08,107.14
1156,577072.555221,60.824,55,-40.288,12.751,72.349,148.413,107.489,267.84,190.74,99.17,203.29,107.5
1157,577072.558764,62.222,62,-40.02,13.043,68.955,147.957,109.474,268.26,191.17,94.54,202.4,109.45
1158,577072.563538,64.563,59,-41.381,12.543,63.756,148.439,111.754,266.31,190.46,87.4,203.31,111.77
1159,577072.566505,65.66,54,-39.8,12.413,60.778,147.467,112.357,268.5,190.35,83.22,202.01,112.31
1160,577072.576338,67.4,53,-39.372,12.828,57.19,148.819,112.171,268.98,190.84,78.39,203.28,112.11
1161,577072.57957,68.132,48,-39.666,12.888,55.925,150.148,111.917,268.65,190.97,76.61,205.68,111.91
1162,577072.582539,68.287,48,-38.355,13.67,56.247,152.034,110.368,270.47,192.04,77.05,208.3,110.36
1163,577072.58723,67.018,49,-40.61,12.678,57.668,147.7,108.377,267.39,190.68,79.0,202.37,108.39
1164,577072.590579,64.79,57,-41.696,11.98,62.924,147.733,108.867,265.91,189.72,86.21,202.37,108.87
1165,577072.595234,63.92,65,-42.799,12.197,65.924,149.954,109.938,264.37,189.98,90.36,205.07,109.98
1166,577072.604307,62.132,66,-44.112,11.719,69.367,148.4,111.237,262.61,189.3,95.14,203.32,111.23
1167,577072.607102,60.825,62,-44.871,11.341,71.746,147.178,112.431,261.57,188.84,98.31,201.3,112.45
1168,577072.610674,60.245,65,-45.807,10.899,72.883,146.852,113.949,260.32,188.26,99.84,200.94,113.95
1169,577072.620572,60.925,62,-48.282,10.282,71.347,146.818,116.249,256.91,187.44,97.68,200.96,116.21
1170,577072.627133,62.97,52,-47.523,10.442,68.102,149.855,115.65,258.08,187.67,93.41,204.77,115.56
1171,577072.63096,64.006,51,-48.663,10.2,65.742,150.004,115.493,256.43,187.32,90.07,204.96,115.54
1172,577072.635689,64.495,51,-49.187,10.335,64.279,149.284,114.73,255.65,187.48,88.04,204.35,114.73
1173,577072.638452,63.451,54,-47.795,10.363,65.507,146.558,111.948,257.58,187.52,89.72,200.64,111.95
1174,577072.642585,63.686,61,-47.871,10.384,66.153,149.232,111.58,257.46,187.54,90.61,204.26,111.59
1175,577072.651426,63.005,64,-48.605,10.001,67.526,148.765,111.163,256.47,187.02,92.47,203.64,111.17
1176,577072.654751,61.522,60,-48.77,9.837,69.455,145.661,112.299,256.3,186.81,95.1,199.64,112.23
1177,577072.659427,62.434,57,-50.627,8.879,70.226,151.751,113.662,253.59,185.42,96.2,207.71,113.72
1178,577072.663246,62.241,52,-50.971,8.662,70.514,151.396,114.761,253.16,185.14,96.61,207.23,114.81
1179,577072.668079,61.169,49,-49.457,8.974,70.391,145.972,116.231,255.24,185.61,96.39,199.71,116.26
1180,577072.670515,62.184,61,-51.18,8.228,69.766,149.51,116.874,252.92,184.6,95.53,204.64,116.88
1181,577072.679796,62.002,60,-49.501,9.184,68.915,146.802,116.626,255.23,185.92,94.36,200.92,116.61
1182,577072.68238,62.886,62,-50.649,8.266,67.715,148.577,118.243,253.64,184.66,92.72,203.38,118.24
1183,577072.687186,62.997,57,-48.297,8.685,66.738,146.987,117.641,256.89,185.24,91.43,201.09,117.64
1184,577072.690914,63.938,58,-49.19,8.85,64.171,146.059,118.236,255.69,185.48,87.88,200.09,118.2
1185,577072.695201,64.189,59,-48.472,9.338,63.605,146.085,117.498,256.6,186.12,87.06,199.7,117.6
1186,577072.704215,63.665,59,-46.27,9.921,65.308,147.217,115.245,259.44,186.82,89.47,201.06,115.23
1187,577072.708317,63.538,52,-44.817,10.494,66.551,149.35,113.55,261.66,187.73,91.1,204.53,113.51
1188,577072.711355,62.615,56,-43.475,11.217,68.095,148.045,111.736,263.43,188.61,93.4,202.67,111.78
1189,577072.714835,62.029,56,-42.563,11.584,69.304,147.762,110.444,264.72,189.17,94.92,202.37,110.44
1190,577072.719643,61.949,56,-41.648,11.778,70.234,149.35,109.714,265.95,189.43,96.19,204.69,109.7
1191,577072.727851,61.023,57,-40.805,12.056,71.703,148.008,108.803,267.13,189.81,98.21,202.75,108.8
1192,577072.730783,60.726,59,-41.086,11.49,71.576,146.376,107.572,266.75,189.04,98.05,200.55,107.58
1193,577072.735335,60.148,62,-40.002,11.879,72.714,146.084,107.209,268.24,189.54,99.69,200.05,107.24
1194,577072.73853,60.223,60,-39.312,12.138,73.259,147.514,107.545,269.05,189.86,100.4,201.66,107.49
1195,577072.744097,60.455,57,-38.17,12.048,73.47,148.992,108.288,270.5,189.73,100.7,203.68,108.38
1196,577072.747152,60.285,56,-38.594,11.798,72.342,145.942,108.537,270.24,189.52,99.15,199.86,108.55
1197,577072.755306,60.998,57,-37.656,11.841,71.706,147.896,108.558,271.42,189.51,98.24,202.66,108.55
1198,577072.758814,60.919,58,-37.205,11.822,71.631,147.373,108.351,272.0,189.48,98.15,201.84,108.36
1199,577072.763543,60.147,67,-36.545,11.895,72.405,145.458,108.28,273.02,189.62,99.22,199.16,108.23
1200,577072.767123,60.148,68,-36.816,11.96,72.46,145.571,108.3,272.56,189.67,99.27,199.49,108.29
1201,577072.770831,60.332,60,-37.383,11.832,72.548,146.567,108.345,271.79,189.5,99.39,200.84,108.34
1202,577072.787686,58.633,52,-35.761,11.55,75.247,144.564,104.752,274.07,189.11,103.13,198.02,104.76
1203,577072.792668,58.379,55,-35.265,11.495,76.589,146.079,105.389,274.75,189.03,104.93,200.3,105.36
1204,577072.794891,58.102,68,-35.931,11.308,77.546,146.755,106.961,273.8,188.78,106.23,201.12,106.94
1205,577072.79866,57.142,63,-35.961,11.51,78.908,145.438,108.982,273.79,189.07,108.06,199.63,108.88
1206,577072.806851,58.194,58,-37.799,10.461,78.697,149.32,112.052,271.23,187.63,107.81,204.61,112.03
1207,577072.811031,58.62,56,-38.533,10.179,77.257,148.369,113.455,270.06,187.19,105.86,202.74,113.45
1208,577072.814918,59.869,60,-39.418,9.931,74.867,149.143,113.889,269.0,186.91,102.56,204.34,113.86
1209,577072.818979,60.156,59,-40.146,9.788,73.315,147.325,113.875,267.97,186.7,100.45,201.7,113.87
1210,577072.822779,59.884,64,-39.525,9.895,73.36,146.209,112.479,268.89,186.94,100.38,200.17,112.41
1211,577072.831933,61.134,63,-41.173,10.665,70.224,145.462,111.865,266.6,187.91,96.2,199.27,111.86
1212,577072.834622,61.654,58,-40.162,11.067,70.207,147.866,109.346,267.97,188.42,96.24,202.5,109.37
1213,577072.839423,61.701,48,-39.586,11.424,70.081,147.825,107.239,268.84,188.94,96.0,202.62,107.3
1214,577072.843358,61.328,57,-40.453,11.135,71.144,148.279,105.637,267.57,188.53,97.47,202.99,105.63
1215,577072.84694,60.201,53,-41.459,9.917,72.556,146.001,103.147,266.26,186.87,99.41,200.02,103.16
1216,577072.855287,60.108,56,-41.755,10.729,73.067,146.612,104.428,265.85,187.92,100.22,200.55,104.45
1217,577072.858655,60.563,57,-42.963,10.694,73.346,149.238,107.077,264.18,187.94,100.46,204.41,107.08
1218,577072.862976,60.626,59,-43.511,10.82,72.326,147.449,109.85,263.49,188.15,99.09,201.76,109.82
1219,577072.874917,63.697,34,-41.991,10.42,65.735,148.345,114.482,265.48,187.59,90.05,203.2,114.46
1220,577072.883023,65.229,51,-42.201,11.496,63.464,151.467,113.294,265.19,189.06,86.96,207.39,113.29
1221,577072.886935,64.209,60,-43.592,11.476,64.857,149.066,113.06,263.33,189.06,88.84,204.26,113.07
1222,577072.890926,63.556,67,-44.219,12.195,66.253,148.778,112.213,262.42,190.01,90.73,203.84,112.2
1223,577072.894707,62.715,56,-46.811,11.466,68.779,150.038,113.029,258.8,188.99,94.21,205.0,113.05
1224,577072.898845,61.808,52,-45.293,12.393,70.08,148.339,112.075,261.13,190.34,96.0,202.65,112.08
1225,577072.908339,62.226,63,-46.815,12.117,70.173,150.592,112.052,258.82,189.87,96.09,206.27,112.06
1226,577072.911625,63.393,60,-47.839,12.069,66.791,149.132,113.377,257.55,189.84,91.57,203.99,113.38
1227,577072.915087,64.712,57,-48.003,12.457,62.955,147.379,114.129,257.25,190.38,86.21,201.78,114.14
1228,577072.919296,66.363,50,-44.996,13.568,59.856,149.289,112.568,261.41,191.92,81.98,204.27,112.58
1229,577072.923415,67.676,48,-45.557,12.963,57.941,152.536,112.564,260.58,191.08,79.3,208.86,112.59
1230,577072.932341,67.296,47,-45.906,12.784,57.436,148.81,111.863,259.8,190.75,78.83,203.0,111.94
1231,577072.934684,67.23,53,-46.993,11.817,58.685,151.626,110.006,258.73,189.54,80.39,207.41,109.99
1232,577072.93932,65.642,62,-47.848,11.637,62.083,150.529,110.442,257.5,189.26,85.02,206.1,110.45
1233,577072.943472,64.228,61,-48.698,11.42,65.057,149.628,111.372,256.36,188.97,89.08,204.95,111.37
1234,577072.947258,63.082,64,-48.962,11.206,67.47,149.035,112.641,256.08,188.72,92.41,203.67,112.65
1235,577072.950712,62.043,65,-49.075,11.019,68.948,147.072,114.27,255.8,188.42,94.41,201.32,114.28
1236,577072.959287,62.504,60,-49.836,10.771,68.033,147.356,115.851,254.76,188.09,93.16,201.69,115.86
1237,577072.963614,64.08,59,-50.572,10.161,65.026,148.759,117.346,253.74,187.25,89.04,203.6,117.36
1238,577072.966994,63.479,55,-47.287,9.888,65.947,147.689,117.39,258.17,186.92,90.37,202.0,117.29
1239,577072.971252,64.884,51,-47.783,10.321,63.56,149.748,115.726,257.57,187.47,87.06,205.0,115.73
1240,577072.974756,64.716,62,-47.195,10.719,63.594,148.895,114.749,258.41,188.03,87.12,203.67,114.74
1241,577072.98338,64.045,67,-47.601,10.619,65.119,148.789,114.329,257.84,187.94,89.09,203.51,114.27
1242,577072.98651,63.767,51,-48.89,9.773,67.736,153.237,115.294,256.15,186.72,92.89,208.98,115.17
1243,577072.991417,61.06,48,-47.608,10.409,70.46,145.61,115.355,257.72,187.57,96.46,199.18,115.4
1244,577072.994479,61.04,60,-49.317,9.379,72.586,149.912,115.575,255.7,186.24,99.39,204.61,115.65
1245,577072.99888,60.405,61,-49.467,9.244,73.719,149.271,116.013,255.25,185.98,100.95,204.26,116.02
1246,577073.007332,59.224,58,-47.646,9.775,75.047,146.668,115.135,257.68,186.59,102.88,201.04,115.2
1247,577073.011437,59.983,61,-47.764,9.437,73.218,146.358,116.431,257.52,186.17,100.4,200.18,116.48
1248,577073.015093,61.283,59,-47.45,9.506,70.269,146.247,116.86,258.02,186.35,96.25,200.2,116.85
1249,577073.01917,62.709,55,-46.498,9.743,67.977,148.257,116.397,259.4,186.71,93.06,203.5,116.41
1250,577073.023257,63.068,55,-45.982,9.764,67.239,148.455,115.416,260.05,186.68,92.18,203.19,115.4
1251,577073.027145,63.181,54,-45.032,10.162,67.533,149.682,113.545,261.33,187.24,92.49,204.97,113.54
1252,577073.047578,59.727,52,-43.925,10.58,73.427,145.655,108.952,262.67,187.72,100.6,199.14,109.22
1253,577073.050747,59.734,57,-43.501,10.506,75.445,149.688,106.803,263.46,187.63,103.46,204.94,106.83
1254,577073.059922,59.127,57,-44.18,10.547,75.903,147.921,108.698,262.48,187.73,103.98,202.45,108.72
1255,577073.062822,59.712,61,-43.974,10.582,74.688,148.088,110.682,262.71,187.8,102.23,202.84,110.73
1256,577073.066591,59.742,60,-42.417,10.779,73.612,146.087,111.943,264.84,188.04,100.85,199.99,112.02
1257,577073.071265,61.06,62,-42.822,10.805,70.696,146.097,113.953,264.39,188.13,96.82,200.24,113.92
1258,577073.075916,61.966,61,-42.31,10.999,68.722,146.218,114.292,265.04,188.42,94.05,200.28,114.27
1259,577073.082777,62.955,58,-42.752,11.276,67.186,147.764,114.328,264.43,188.76,92.03,202.39,114.32
1260,577073.086763,63.461,52,-40.973,12.42,67.181,150.358,112.21,266.98,190.35,92.07,205.65,112.19
1261,577073.090573,61.158,50,-40.074,12.23,70.318,145.768,109.497,268.14,190.04,96.38,199.88,109.53
1262,577073.09465,60.889,58,-39.059,13.191,71.165,146.278,108.024,269.56,191.4,97.5,200.55,108.07
1263,577073.098754,60.381,72,-39.234,13.152,72.814,147.33,107.269,269.18,191.28,99.75,201.61,107.28
1264,577073.103471,59.709,62,-41.428,11.977,75.242,149.173,109.169,266.27,189.7,103.06,204.34,109.17
1265,577073.111829,60.342,52,-40.83,12.312,75.248,152.074,109.148,267.1,190.16,103.06,208.33,109.14
1266,577073.115606,60.356,50,-42.378,11.538,75.013,151.658,110.075,264.97,189.1,102.74,207.76,110.07
1267,577073.118475,60.27,59,-41.887,11.766,73.6,148.415,109.973,265.64,189.42,100.81,203.31,109.96
1268,577073.123565,59.939,65,-41.18,11.458,73.272,146.274,109.715,266.51,188.87,100.52,200.54,109.82
1269,577073.135715,62.385,56,-42.828,11.737,67.491,145.603,110.607,264.34,189.38,92.45,199.45,110.6
1270,577073.138979,63.166,64,-41.356,11.667,67.237,148.951,108.45,266.4,189.3,92.11,203.94,108.44
1271,577073.142568,63.434,56,-41.017,11.666,66.904,149.599,107.097,266.86,189.32,91.76,204.62,107.07
1272,577073.147664,62.473,57,-42.192,11.03,67.69,146.46,105.339,265.37,188.44,92.76,200.44,105.26
1273,577073.151292,61.708,65,-42.635,10.958,70.454,148.648,107.193,264.63,188.31,96.51,203.61,107.2
1274,577073.159033,60.857,64,-43.296,10.83,71.937,147.717,109.201,263.78,188.12,98.6,202.36,109.16
1275,577073.162715,60.369,66,-42.657,11.308,71.722,145.068,110.876,264.59,188.81,98.23,198.69,110.86
1276,577073.166817,61.225,66,-44.008,10.53,70.544,146.548,113.834,262.68,187.7,96.66,200.71,113.87
1277,577073.170614,62.358,58,-44.716,10.461,68.329,147.279,115.163,261.81,187.65,93.61,201.42,115.17
1278,577073.174836,61.568,52,-43.778,9.344,69.544,146.066,113.87,263.1,186.18,95.35,200.15,113.95
1279,577073.178861,63.128,64,-43.624,10.681,67.217,148.712,114.101,263.25,187.95,92.08,203.67,114.09
1280,577073.186739,62.824,61,-43.655,11.287,67.086,146.884,113.595,263.23,188.79,91.87,201.31,113.55
1281,577073.190628,64.254,56,-45.62,11.032,67.337,155.018,112.992,260.53,188.43,92.22,212.29,112.99
1282,577073.195498,63.41,57,-45.473,11.689,67.746,151.35,112.786,260.88,189.41,92.83,206.5,112.73
1283,577073.199364,62.717,66,-44.493,12.636,67.502,147.258,112.616,262.04,190.55,92.58,201.66,112.65
1284,577073.203187,63.166,62,-46.307,12.293,66.222,146.703,114.075,259.57,190.13,90.71,200.78,114.14
1285,577073.2111,64.044,60,-44.862,12.686,65.676,150.056,112.619,261.53,190.63,90.0,205.53,112.69
1286,577073.219995,63.567,55,-45.803,11.672,65.99,148.241,110.276,260.23,189.17,90.58,202.49,110.18
1287,577073.224336,63.701,64,-46.861,11.826,66.653,150.441,110.745,258.81,189.51,91.32,205.53,110.76
1288,577073.226673,63.06,63,-47.524,11.885,67.714,149.463,111.114,257.97,189.6,92.72,204.74,111.1
1289,577073.236131,62.726,63,-47.75,11.998,68.361,149.179,111.711,257.61,189.75,93.61,204.28,111.72
1290,577073.238728,62.941,59,-48.326,11.99,67.234,147.794,113.146,256.83,189.74,92.07,202.32,113.16
1291,577073.242722,64.683,54,-48.049,12.152,63.62,148.775,113.705,257.11,189.95,87.13,203.38,113.74
1292,577073.246884,65.824,50,-45.837,12.119,62.503,152.614,112.692,260.03,189.87,85.63,208.37,112.77
1293,577073.250613,65.934,60,-45.893,12.071,61.202,150.082,112.421,260.25,189.86,83.89,205.06,112.52
1294,577073.254768,65.888,64,-46.082,12.16,60.999,149.317,111.974,260.01,190.05,83.54,204.15,111.94
1295,577073.263866,65.283,51,-46.892,11.975,62.794,150.175,112.943,258.74,189.73,85.99,205.76,112.91
1296,577073.267132,65.568,49,-48.387,11.269,64.435,155.784,114.219,256.82,188.74,88.41,212.7,114.21
1297,577073.270547,64.181,56,-48.919,11.037,65.908,151.328,115.387,256.01,188.45,90.25,207.19,115.39
1298,577073.275999,63.507,61,-49.074,10.878,66.639,149.385,116.504,255.79,188.23,91.25,204.51,116.51
1299,577073.279111,63.496,61,-47.903,11.223,65.855,147.572,116.896,257.4,188.57,90.44,201.94,116.98
1300,577073.2875,64.843,57,-47.515,11.002,63.281,148.863,117.653,257.91,188.4,86.67,203.77,117.65
1301,577073.291146,65.767,54,-47.104,11.089,61.409,149.615,117.199,258.5,188.46,84.24,204.83,117.21
1302,577073.294618,66.416,46,-46.416,11.225,60.888,152.181,115.962,259.44,188.71,83.38,208.37,115.96
1303,577073.307164,63.016,61,-47.844,10.507,68.206,150.317,111.925,257.5,187.71,93.41,205.79,111.93
1304,577073.315636,61.044,62,-48.259,10.357,71.649,147.993,111.772,256.91,187.49,98.13,202.51,111.77
1305,577073.31921,59.963,61,-47.956,10.324,74.23,148.293,111.742,257.4,187.46,101.67,202.87,111.77
1306,577073.323289,59.635,62,-48.027,10.135,74.282,146.947,113.572,257.29,187.21,101.74,201.04,113.58
1307,577073.326582,60.358,66,-48.251,10.023,72.408,146.401,115.352,256.97,187.08,99.17,200.3,115.33
1308,577073.330957,61.62,57,-48.993,9.601,70.121,147.526,116.855,255.9,186.48,96.02,201.94,116.86
1309,577073.340213,61.853,50,-46.585,10.413,68.71,145.652,116.316,259.25,187.66,94.17,199.5,116.12
1310,577073.342567,62.527,51,-45.533,10.329,69.25,150.111,114.471,260.68,187.47,94.91,205.29,114.48
1311,577073.347358,61.575,59,-46.137,9.932,70.208,147.492,113.894,259.75,186.88,96.22,201.7,113.91
1312,577073.351193,61.369,68,-46.167,10.309,70.804,147.765,113.158,259.79,187.44,96.97,202.32,113.16
1313,577073.355438,60.737,59,-46.143,10.536,71.956,147.203,112.39,259.75,187.78,98.47,201.85,112.26
1314,577073.362988,59.485,54,-45.901,10.521,73.234,144.229,113.572,260.13,187.72,100.29,197.51,113.56
1315,577073.366773,61.089,59,-46.925,10.099,73.314,151.649,113.52,258.7,187.12,100.4,207.77,113.54
1316,577073.370811,60.793,60,-46.867,10.243,73.064,149.732,114.254,258.96,187.35,100.17,204.77,114.24
1317,577073.374759,60.321,66,-45.247,10.964,72.431,146.284,114.253,261.04,188.34,99.2,200.3,114.24
1318,577073.378829,61.0,62,-44.643,11.138,71.126,146.709,114.409,261.82,188.55,97.44,200.75,114.39
1319,577073.383518,62.345,55,-44.746,11.449,68.448,147.47,114.486,261.7,189.0,93.75,201.93,114.48
1320,577073.392075,63.235,56,-42.941,12.14,67.343,149.54,112.602,264.2,189.94,92.23,204.81,112.6
1321,577073.396436,63.395,55,-42.163,12.578,67.122,149.879,110.752,265.22,190.51,91.94,205.02,110.77
1322,577073.39889,63.219,55,-41.582,12.598,67.803,150.478,107.911,266.21,190.64,92.94,206.16,107.99
1323,577073.403545,61.514,64,-41.846,12.641,71.323,149.541,107.985,265.7,190.61,97.69,204.84,107.99
1324,577073.407388,60.228,61,-41.641,12.735,73.525,148.072,108.078,265.98,190.74,100.7,202.85,108.08
1325,577073.416252,59.533,65,-41.268,12.762,74.491,146.914,108.22,266.49,190.77,102.03,201.27,108.22
1326,577073.419063,59.409,66,-40.964,12.787,74.347,146.09,108.545,266.85,190.76,101.87,200.17,108.61
1327,577073.422959,60.221,62,-41.661,12.63,73.026,147.035,109.703,265.88,190.59,100.02,201.27,109.74
1328,577073.426591,59.528,54,-40.315,11.376,74.04,146.002,107.749,267.8,188.88,101.42,200.06,107.76
1329,577073.431139,60.924,65,-39.311,12.199,71.874,147.898,108.55,269.2,190.02,98.46,202.55,108.53
1330,577073.439537,61.687,63,-39.175,12.37,70.312,148.248,108.298,269.32,190.24,96.32,203.05,108.31
1331,577073.442706,62.958,58,-40.406,11.784,69.473,152.808,110.277,267.67,189.45,95.16,209.35,110.27
1332,577073.446558,63.322,61,-40.356,11.792,67.951,151.344,111.384,267.76,189.49,93.06,207.3,111.34
1333,577073.450591,63.255,63,-40.434,11.847,66.433,147.623,112.647,267.6,189.53,91.0,202.25,112.64
1334,577073.45453,63.814,61,-37.73,12.788,65.217,147.788,111.766,271.37,190.85,89.36,202.29,111.75
1335,577073.458827,64.236,56,-38.632,12.317,64.91,149.331,112.107,270.1,190.2,88.93,204.47,112.08
1336,577073.480367,61.095,61,-40.898,12.176,70.795,146.462,110.486,266.99,189.98,96.97,200.65,110.48
1337,577073.482749,61.639,63,-42.558,12.111,69.801,146.943,112.302,264.76,189.93,95.61,201.19,112.27
1338,577073.491145,62.894,57,-42.993,12.077,67.828,148.863,113.228,263.94,189.8,92.92,203.36,113.26
1339,577073.494687,62.041,54,-42.694,10.985,68.845,146.843,112.374,264.6,188.41,94.36,201.26,112.4
1340,577073.498671,63.004,70,-43.256,11.584,67.353,148.375,113.128,263.72,189.16,92.29,202.87,113.09
1341,577073.502679,64.029,56,-45.566,10.791,66.898,152.763,114.162,260.61,188.1,91.71,208.24,114.14
1342,577073.507282,64.381,57,-47.03,10.814,66.401,153.57,113.95,258.6,188.14,90.93,210.29,113.94
1343,577073.515046,63.753,59,-47.742,11.177,66.545,150.471,113.695,257.6,188.63,91.15,205.49,113.77
1344,577073.518602,63.883,61,-48.34,11.421,64.667,146.903,114.427,256.8,188.97,88.56,201.11,114.43
1345,577073.523356,64.942,54,-49.063,11.503,62.13,146.694,115.193,255.94,189.12,85.07,200.37,115.27
1346,577073.526507,66.039,60,-47.896,11.79,61.521,151.486,113.389,257.43,189.48,84.24,207.41,113.4
1347,577073.530558,66.453,49,-47.888,11.806,61.095,152.928,112.443,257.48,189.52,83.73,208.75,112.46
1348,577073.534836,65.233,59,-50.317,10.754,62.788,149.879,111.849,254.21,188.1,86.04,204.51,111.84
1349,577073.543911,64.804,63,-51.431,10.728,64.269,150.969,112.782,252.53,188.0,88.03,206.36,112.8
1350,577073.547294,63.919,59,-51.984,10.801,65.38,148.713,113.841,251.93,188.14,89.6,203.24,113.86
1351,577073.550712,63.842,65,-52.825,10.676,65.172,147.836,115.487,250.67,187.96,89.23,202.29,115.51
1352,577073.555611,65.208,57,-53.14,10.637,62.238,148.426,116.395,250.18,187.89,85.22,202.91,116.43
1353,577073.56794,66.966,56,-50.981,10.879,59.585,152.28,115.496,253.08,188.17,81.66,208.17,115.56
1354,577073.570866,66.575,60,-51.89,10.534,59.926,150.741,115.646,251.93,187.76,82.08,206.14,115.66
1355,577073.574734,65.592,54,-52.177,10.416,61.703,149.318,116.378,251.41,187.57,84.47,204.78,116.32
1356,577073.578876,65.969,56,-53.579,9.829,62.871,154.389,116.913,249.64,186.79,86.13,210.25,116.89
1357,577073.582623,65.363,55,-53.858,9.777,64.046,153.638,117.299,249.27,186.74,87.68,210.26,117.3
1358,577073.5921,65.099,55,-54.397,9.443,64.096,152.23,118.37,248.48,186.26,87.77,208.1,118.38
1359,577073.594257,64.437,60,-52.601,9.69,64.179,148.736,118.797,251.01,186.62,87.88,203.46,118.82
1360,577073.598914,65.049,56,-52.756,9.982,62.195,147.434,119.501,250.89,187.03,85.3,201.81,119.42
1361,577073.603261,65.396,57,-50.604,10.393,62.58,150.31,118.388,253.75,187.59,85.72,205.75,118.37
1362,577073.606808,65.169,52,-50.263,10.327,63.401,150.974,117.392,254.18,187.49,86.8,206.66,117.4
1363,577073.610824,64.509,53,-50.625,9.69,64.221,149.225,114.866,253.71,186.62,87.95,204.29,114.88
1364,577073.620049,62.735,62,-50.073,9.977,67.781,147.958,113.494,254.52,187.01,92.84,201.94,113.45
1365,577073.622612,61.611,65,-49.674,10.21,70.91,149.142,113.117,254.88,187.26,97.16,203.69,113.15
1366,577073.627273,60.517,62,-49.033,10.252,73.22,148.773,113.572,255.98,187.44,100.26,203.36,113.52
1367,577073.630503,59.221,67,-48.248,10.273,75.105,146.767,114.44,257.08,187.49,102.84,200.55,114.37
1368,577073.634884,58.926,61,-47.974,10.17,75.503,146.282,115.541,257.3,187.25,103.39,200.25,115.54
1369,577073.644623,57.827,54,-45.181,9.521,78.041,146.561,115.525,260.96,186.32,106.91,200.74,115.36
1370,577073.655054,60.394,64,-43.841,10.574,73.043,147.851,112.904,263.0,187.8,100.04,202.58,112.87
1371,577073.659245,61.037,55,-43.321,10.566,72.894,150.529,113.135,263.9,187.91,99.84,205.47,113.05
1372,577073.66793,60.813,60,-42.956,10.603,72.99,149.675,113.281,264.13,187.83,99.98,204.91,113.29
1373,577073.670796,59.712,62,-40.642,11.232,73.837,146.403,112.291,267.34,188.62,101.29,200.54,112.27
1374,577073.674541,59.703,64,-40.95,11.331,73.236,145.17,113.39,266.98,188.85,100.34,198.59,113.41
1375,577073.679214,60.733,59,-38.775,11.876,72.55,148.398,111.746,269.93,189.56,99.31,203.4,111.76
1376,577073.684124,61.038,58,-37.543,12.229,72.326,149.365,109.914,271.58,190.05,99.08,204.66,109.9
1377,577073.686555,59.978,63,-37.682,11.839,73.611,147.122,107.228,271.37,189.43,101.0,201.29,107.16
1378,577073.695348,59.219,64,-37.493,12.036,75.897,148.308,107.6,271.71,189.75,104.09,202.93,107.61
1379,577073.699267,58.473,67,-37.608,11.933,77.013,147.281,108.665,271.48,189.63,105.49,201.85,108.65
1380,577073.702999,58.128,66,-36.975,12.292,76.655,145.172,109.335,272.35,190.13,105.0,198.93,109.32
1381,577073.706781,59.123,59,-37.694,12.0,75.462,147.043,110.048,271.28,189.72,103.36,201.3,110.09
1382,577073.711727,57.998,61,-37.032,10.97,76.828,144.971,108.344,272.36,188.38,105.33,198.66,108.42
1383,577073.720047,59.124,74,-37.012,11.688,75.182,146.501,108.447,272.28,189.27,103.02,200.81,108.47
1384,577073.722719,60.517,55,-38.288,11.38,74.269,150.902,108.582,270.75,188.98,101.76,206.1,108.47
1385,577073.72733,61.015,58,-39.234,11.545,72.984,150.612,108.846,269.21,189.09,99.96,206.57,108.84
1386,577073.731259,61.618,60,-39.926,11.607,70.416,148.135,110.267,268.27,189.19,96.48,202.82,110.26
1387,577073.734727,62.503,64,-40.548,11.913,67.335,145.844,111.397,267.5,189.62,92.19,199.68,111.46
1388,577073.744389,64.063,57,-39.367,12.216,65.304,149.306,110.214,269.0,189.97,89.56,204.44,110.27
1389,577073.746666,64.508,61,-41.175,11.093,63.794,148.226,108.538,266.57,188.41,87.56,202.61,108.46
1390,577073.751239,64.448,66,-42.338,11.571,64.513,149.567,108.389,265.03,189.16,88.37,204.9,108.39
1391,577073.755137,63.786,68,-43.4,11.882,65.974,149.355,108.564,263.62,189.6,90.4,204.25,108.56
1392,577073.759686,63.453,67,-44.078,12.123,65.82,147.269,110.111,262.7,189.91,90.19,201.71,110.08
1393,577073.762998,65.007,60,-46.015,12.008,62.716,148.436,112.431,259.98,189.77,85.9,203.25,112.44
1394,577073.771275,67.192,45,-44.188,12.623,60.229,155.371,112.045,262.45,190.58,82.53,212.83,112.06
1395,577073.775488,66.692,56,-44.796,12.221,59.793,151.118,112.513,261.66,190.06,81.91,206.9,112.51
1396,577073.778663,67.292,54,-48.208,10.966,59.495,154.119,114.75,256.95,188.35,81.47,210.88,114.77
1397,577073.783289,68.139,49,-49.787,11.083,58.244,156.419,115.343,254.82,188.52,79.76,214.12,115.34
1398,577073.786584,67.385,60,-47.962,13.033,57.215,148.79,114.689,257.3,191.19,78.33,203.62,114.7
1399,577073.795929,68.304,57,-51.369,11.654,55.52,150.184,116.562,252.81,189.34,76.15,205.23,116.51
1400,577073.798882,68.775,49,-48.086,13.255,54.334,150.079,115.538,257.13,191.5,74.41,205.36,115.53
1401,577073.803384,69.318,51,-49.633,12.659,54.121,153.239,115.255,254.79,190.6,74.09,209.31,115.33
1402,577073.80669,69.206,48,-50.128,12.603,55.382,156.002,114.331,254.4,190.59,75.87,213.33,114.3
1403,577073.81132,67.319,58,-52.69,11.379,58.905,152.758,114.436,250.87,188.93,80.65,209.07,114.45
1404,577073.823592,65.349,66,-54.596,10.979,62.793,150.552,116.744,248.24,188.38,85.96,206.05,116.76
1405,577073.828409,65.661,60,-55.171,10.776,61.411,149.006,118.426,247.63,188.16,84.13,203.92,118.35
1406,577073.83071,67.098,52,-54.807,10.75,59.52,152.945,118.923,247.93,188.07,81.48,209.16,118.95
1407,577073.835029,65.913,50,-54.164,9.386,60.915,149.259,118.089,248.86,186.23,83.41,204.28,118.11
1408,577073.839035,66.541,64,-53.796,10.175,60.216,151.264,118.404,249.35,187.29,82.44,206.96,118.41
1409,577073.847489,65.121,58,-54.024,9.9,61.58,146.373,119.354,248.97,186.91,84.31,200.26,119.34
1410,577073.850447,67.344,51,-56.103,8.783,61.916,160.738,118.895,246.21,185.4,84.75,220.01,118.91
1411,577073.856002,65.539,54,-55.527,9.221,63.178,152.576,118.787,246.97,185.98,86.49,208.73,118.8
1412,577073.859373,64.799,63,-55.221,9.018,63.74,149.695,119.327,247.38,185.7,87.26,204.81,119.34
1413,577073.863387,64.121,61,-52.653,9.916,64.678,148.185,118.557,250.87,186.91,88.57,202.58,118.54
1414,577073.87189,63.971,53,-51.594,9.877,65.41,149.057,118.416,252.31,186.85,89.59,203.75,118.4
1415,577073.87465,63.791,58,-51.149,9.45,66.175,149.837,117.783,252.97,186.28,90.6,205.05,117.79
1416,577073.879646,62.978,56,-51.364,8.594,67.333,148.205,115.584,252.64,185.08,92.22,202.65,115.57
1417,577073.882535,62.059,68,-50.975,8.808,70.21,149.84,115.04,253.29,185.42,96.21,204.42,115.0
1418,577073.887464,60.445,64,-50.45,8.742,73.301,148.607,115.292,253.88,185.27,100.4,203.17,115.28
1419,577073.890709,58.825,67,-49.303,8.932,75.803,146.438,116.06,255.56,185.59,103.83,200.23,116.08
1420,577073.907425,57.785,66,-46.304,8.476,77.807,145.954,115.415,259.73,185.03,106.53,199.98,115.44
1421,577073.912118,58.462,68,-45.171,9.216,76.786,146.803,114.437,261.09,185.92,105.15,201.05,114.45
1422,577073.915135,59.568,55,-45.246,8.954,76.49,151.012,114.549,261.13,185.62,104.81,206.18,114.55
1423,577073.923745,59.112,60,-44.57,9.145,76.36,148.743,114.511,261.95,185.81,104.69,203.43,114.52
1424,577073.926585,58.528,65,-43.841,9.419,76.391,146.321,114.582,263.12,186.27,104.67,200.17,114.56
1425,577073.930656,58.676,64,-41.907,9.917,76.359,146.879,113.6,265.6,186.89,104.59,201.18,113.59
1426,577073.934705,59.057,61,-41.103,9.97,75.658,147.141,112.514,266.5,186.93,103.64,201.07,112.6
1427,577073.938739,59.207,64,-40.562,10.069,74.964,146.431,108.941,267.55,187.06,102.79,200.49,108.84
1428,577073.948471,58.567,69,-39.842,10.684,77.04,147.728,107.777,268.33,187.89,105.61,201.9,107.79
1429,577073.951098,57.995,64,-39.709,10.887,78.119,147.397,108.932,268.57,188.19,107.04,201.73,108.94
1430,577073.955307,57.539,68,-39.321,11.254,78.052,145.423,110.684,269.14,188.71,106.91,199.24,110.68
1431,577073.958383,59.06,48,-36.442,11.854,77.189,150.132,109.678,273.13,189.55,105.77,205.53,109.63
1432,577073.963665,58.256,62,-38.092,10.75,76.506,145.414,110.478,270.86,188.06,104.84,199.35,110.52
1433,577073.966548,60.445,65,-38.319,11.363,73.124,148.247,110.483,270.52,188.87,100.17,203.11,110.46
1434,577073.976224,62.029,53,-38.572,11.839,70.999,151.374,109.401,270.4,189.64,97.3,206.59,109.3
1435,577073.978704,61.902,62,-37.377,13.13,68.89,146.269,108.536,271.74,191.2,94.51,200.46,108.6
1436,577073.983531,62.731,69,-38.843,12.994,66.838,145.88,110.038,269.78,191.1,91.56,199.87,110.04
1437,577073.992212,64.561,58,-37.056,13.552,65.26,151.927,108.042,272.24,191.86,89.41,208.15,108.04
1438,577073.999303,63.567,61,-39.439,13.048,66.407,149.178,107.339,268.99,191.17,90.97,204.41,107.34
1439,577074.002943,62.978,69,-39.974,13.495,67.49,148.547,107.768,268.43,191.86,92.46,203.04,107.73
1440,577074.006922,63.159,66,-40.962,13.607,66.469,147.212,109.447,266.96,191.91,91.15,201.66,109.42
1441,577074.010794,65.368,56,-41.843,13.653,62.29,149.454,110.723,265.68,192.01,85.32,204.68,110.73
1442,577074.014495,65.25,51,-41.479,12.805,61.159,146.084,109.031,266.21,190.86,83.79,200.14,109.04
1443,577074.02457,66.661,65,-42.116,13.352,59.829,151.021,110.494,265.28,191.59,81.96,206.72,110.51
1444,577074.027879,67.01,53,-44.62,12.797,59.762,153.011,112.058,262.65,191.31,81.85,207.15,111.76
1445,577074.030593,67.321,57,-46.42,12.646,59.475,154.254,112.909,259.56,190.71,81.48,210.77,112.89
1446,577074.034886,67.417,57,-47.86,12.659,57.998,151.026,114.287,257.44,190.67,79.42,206.76,114.29
1447,577074.038681,68.259,62,-48.804,12.528,54.831,148.025,115.901,256.17,190.5,75.06,202.59,115.94
1448,577074.042487,69.98,51,-47.086,13.045,52.729,154.019,115.065,258.63,191.23,72.1,211.37,115.13
1449,577074.051548,69.265,45,-49.582,11.002,52.93,149.497,113.306,255.14,188.41,72.53,204.65,113.32
1450,577074.054641,69.315,57,-51.096,11.577,54.786,155.1,114.346,253.1,189.23,75.01,212.48,114.37
1451,577074.059189,67.577,64,-52.827,11.415,57.84,151.635,115.113,250.74,189.0,79.2,207.36,115.14
1452,577074.062797,66.691,60,-53.806,11.418,59.388,150.087,116.469,249.33,188.98,81.3,205.37,116.48
1453,577074.066749,66.852,61,-55.782,10.597,59.177,150.54,118.657,246.73,187.84,81.19,205.94,118.64
1454,577074.075058,67.504,50,-55.416,10.824,58.494,152.875,118.953,246.92,188.11,80.06,208.59,119.03
1455,577074.088058,67.831,51,-57.887,8.719,59.166,156.799,120.666,243.9,185.4,81.01,213.88,120.68
1456,577074.091518,67.632,52,-58.247,8.812,58.394,153.443,120.779,243.29,185.46,79.97,209.19,120.82
1457,577074.099311,67.135,61,-55.865,10.281,58.004,149.282,119.421,246.48,187.35,79.52,204.14,119.51
1458,577074.103131,66.882,62,-57.816,9.071,58.158,148.124,120.798,243.85,185.79,79.59,202.51,120.85
1459,577074.106769,66.521,63,-55.546,9.561,60.258,151.245,119.083,246.86,186.4,82.53,206.52,119.11
1460,577074.11094,65.984,52,-54.978,9.305,62.196,152.817,117.44,247.78,186.17,85.26,208.75,117.55
1461,577074.114601,64.298,63,-55.546,8.609,65.872,151.887,116.717,246.97,185.14,90.18,207.78,116.73
1462,577074.119167,62.417,65,-55.543,8.441,69.163,149.368,117.488,247.03,184.93,94.7,204.17,117.52
1463,577074.128171,61.035,66,-53.914,8.995,70.873,146.346,118.314,249.2,185.67,97.02,200.21,118.32
1464,577074.130456,61.35,62,-54.17,8.264,70.998,148.079,120.141,248.82,184.66,97.2,202.59,120.16
1465,577074.134649,60.06,55,-51.81,7.679,72.664,145.594,118.361,252.11,183.95,99.6,199.22,118.38
1466,577074.138655,61.256,66,-50.761,8.345,71.232,148.125,118.722,253.53,184.82,97.49,202.66,118.68
1467,577074.142995,62.029,56,-50.305,8.316,70.782,150.914,118.048,254.13,184.74,96.93,206.53,118.04
1468,577074.151926,61.923,59,-49.845,8.316,71.025,150.906,117.562,254.74,184.72,97.26,206.58,117.56
1469,577074.154829,60.542,65,-48.64,8.694,72.446,147.312,117.237,256.38,185.23,99.21,201.68,117.24
1470,577074.15914,59.855,68,-45.588,9.396,74.149,147.65,116.093,260.57,186.19,101.56,202.16,116.08
1471,577074.168711,59.124,72,-44.164,9.071,75.805,147.715,113.082,262.64,185.85,103.91,202.37,113.22
1472,577074.174628,57.851,68,-43.59,9.297,78.407,147.347,112.066,263.37,186.04,107.4,201.97,112.0
1473,577074.178781,56.982,69,-42.703,9.51,79.59,146.062,113.182,264.56,186.34,109.03,199.94,113.19
1474,577074.183371,57.177,61,-42.63,9.593,79.184,146.083,114.851,264.69,186.46,108.46,200.28,114.78
1475,577074.187036,56.31,57,-40.467,9.191,80.303,144.769,112.518,267.57,185.81,110.15,198.14,112.45
1476,577074.19099,57.755,72,-39.734,10.138,78.0,146.193,112.846,268.58,187.19,106.85,200.29,112.82
1477,577074.195065,58.182,53,-38.837,10.802,76.593,145.276,112.245,269.8,188.1,104.92,199.06,112.21
1478,577074.202921,59.397,63,-39.983,10.725,75.828,148.951,111.289,268.25,187.98,103.94,203.54,111.3
1479,577074.206844,59.58,65,-39.159,11.548,73.557,145.275,111.311,269.54,189.17,100.8,198.97,111.23
1480,577074.211015,60.627,58,-36.978,12.494,72.222,147.245,109.478,272.35,190.41,98.94,201.74,109.46
1481,577074.214891,61.046,61,-37.118,12.368,71.908,148.534,108.834,272.05,190.22,98.53,203.23,108.87
1482,577074.21949,60.633,60,-38.23,12.007,72.275,147.378,107.153,270.66,189.77,99.06,201.32,107.08
1483,577074.22817,60.392,67,-38.572,12.55,73.276,148.313,107.081,270.33,190.53,100.41,202.79,107.08
1484,577074.230189,60.532,66,-38.727,12.949,71.911,146.179,108.845,269.95,191.03,98.51,200.29,108.84
1485,577074.235539,62.735,61,-39.341,13.185,67.775,147.945,109.921,268.91,191.36,92.74,202.43,110.02
1486,577074.238507,63.117,58,-38.071,12.937,66.575,147.235,108.64,270.85,191.0,91.27,201.48,108.64
1487,577074.243083,63.971,65,-38.756,13.259,65.017,148.162,109.237,269.85,191.49,88.93,203.38,109.17
1488,577074.255703,65.251,63,-41.49,13.581,63.32,151.252,109.775,266.26,191.93,86.74,206.97,109.79
1489,577074.25905,67.196,59,-41.845,13.857,59.791,154.266,110.751,265.69,192.3,81.89,211.39,110.75
1490,577074.263659,67.738,52,-42.021,13.938,57.31,151.276,110.976,265.28,192.34,78.55,206.77,111.02
1491,577074.266951,69.082,51,-41.838,14.101,55.509,155.474,110.342,265.71,192.64,76.04,212.92,110.34
1492,577074.270844,68.264,59,-45.048,12.999,57.108,154.21,110.316,261.32,191.12,78.22,211.17,110.32
1493,577074.279421,66.483,56,-45.513,13.755,58.727,147.181,110.848,260.69,192.25,80.26,201.61,110.73
1494,577074.283043,66.728,64,-48.377,12.925,58.812,148.857,113.312,256.74,191.03,80.55,203.54,113.35
1495,577074.287117,67.771,57,-50.458,12.364,56.8,150.14,115.584,253.9,190.27,77.77,205.49,115.6
1496,577074.291319,68.039,50,-48.718,12.155,57.268,153.136,115.296,256.22,189.97,78.42,209.45,115.33
1497,577074.294662,68.245,63,-50.457,12.065,56.418,152.218,116.404,253.91,189.87,77.27,208.32,116.41
1498,577074.303852,69.152,54,-53.689,10.646,55.886,157.031,118.117,249.59,188.01,76.51,214.62,118.1
1499,577074.307253,69.945,52,-55.585,10.262,54.649,159.362,118.654,246.88,187.41,74.81,218.13,118.66
1500,577074.311236,69.033,62,-53.485,12.029,53.627,149.863,118.15,249.79,189.85,73.41,205.02,118.15
1501,577074.314428,69.234,54,-56.308,10.769,52.909,149.228,119.916,245.87,188.06,72.48,203.85,120.02
1502,577074.319678,69.255,55,-54.832,11.147,54.461,153.755,118.691,247.98,188.65,74.55,210.23,118.72
1503,577074.322418,68.777,53,-57.001,9.456,56.191,155.226,117.602,244.99,186.33,76.92,212.39,117.63
1504,577074.332556,66.916,65,-57.463,9.571,59.771,152.446,117.719,244.35,186.47,81.82,208.52,117.74
1505,577074.344108,63.821,55,-56.661,8.555,64.337,145.829,118.349,245.48,185.19,88.29,199.54,118.46
1506,577074.346935,64.691,65,-56.552,8.614,64.209,150.198,120.614,245.5,185.1,87.94,205.11,120.61
1507,577074.355177,65.362,52,-57.09,8.1,63.407,152.095,121.04,245.27,184.87,86.82,205.97,120.79
1508,577074.358591,66.088,59,-57.656,7.67,62.635,154.525,120.813,244.14,183.91,85.75,211.12,120.85
1509,577074.363552,64.822,60,-56.621,8.15,63.353,148.916,120.525,245.61,184.6,86.79,202.94,120.63
1510,577074.36641,64.034,63,-53.814,8.661,65.385,149.338,119.653,249.29,185.21,89.57,204.29,119.64
1511,577074.371661,63.328,60,-53.187,8.56,67.005,149.269,118.581,250.15,185.04,91.74,204.27,118.62
1512,577074.379477,62.199,62,-52.849,7.916,69.545,149.11,116.705,250.61,184.17,95.24,203.87,116.72
1513,577074.382724,60.658,68,-52.441,7.962,72.859,148.686,116.958,251.17,184.23,99.78,203.33,116.98
1514,577074.386915,59.334,69,-51.395,7.901,74.767,146.591,118.492,252.62,184.15,102.37,200.62,118.5
1515,577074.390619,59.775,54,-50.862,7.836,74.479,147.954,119.561,253.24,184.03,101.97,202.22,119.62
1516,577074.395064,59.075,65,-48.262,7.829,75.793,147.483,118.372,256.91,184.05,103.81,201.88,118.37
1517,577074.399177,59.188,63,-47.651,7.968,74.748,145.93,118.219,257.79,184.2,102.48,199.72,118.26
1518,577074.406871,60.462,59,-48.219,7.77,74.323,150.755,117.013,257.05,184.02,101.81,206.08,116.99
1519,577074.410655,59.002,69,-46.169,8.087,75.466,146.534,116.127,259.78,184.39,103.37,200.63,116.12
1520,577074.414587,60.088,59,-44.107,9.256,74.669,149.736,115.217,262.57,185.97,102.28,205.16,115.24
1521,577074.418758,58.811,64,-44.032,8.92,76.257,147.253,113.866,262.66,185.51,104.46,201.54,113.86
1522,577074.422747,58.418,72,-43.794,8.804,77.342,147.678,111.922,263.0,185.32,105.99,201.82,111.88
1523,577074.432363,57.106,66,-43.405,9.263,79.425,146.247,111.31,263.69,186.07,108.79,199.69,111.22
1524,577074.434517,57.266,65,-43.329,9.471,78.521,145.209,113.105,263.76,186.34,107.55,198.64,113.04
1525,577074.438956,59.68,53,-41.991,10.023,75.618,149.79,113.065,265.62,186.98,103.79,205.06,112.93
1526,577074.44269,58.809,63,-41.191,9.6,75.449,145.686,112.647,266.7,186.35,103.56,199.41,112.84
1527,577074.446559,60.234,58,-40.948,10.295,72.672,146.382,111.922,266.98,187.45,99.52,200.58,111.83
1528,577074.45563,61.515,58,-41.707,10.504,71.519,149.956,110.809,265.85,187.69,97.98,205.25,110.82
1529,577074.458951,61.81,64,-41.83,11.058,69.517,147.158,110.889,265.7,188.45,95.22,201.6,110.88
1530,577074.46364,63.605,59,-39.382,11.979,67.215,151.196,110.055,269.14,189.7,92.23,206.84,110.1
1531,577074.466521,63.898,59,-38.96,12.161,66.275,150.635,109.078,269.6,189.97,90.87,206.25,109.06
1532,577074.471777,63.151,59,-40.868,11.443,66.784,147.87,107.888,267.16,189.0,91.55,202.37,107.83
1533,577074.474805,62.596,68,-41.148,12.114,68.34,148.48,108.311,266.71,189.92,93.63,203.23,108.3
1534,577074.484549,62.56,65,-41.429,12.507,67.837,147.209,110.089,266.31,190.46,92.94,201.5,110.07
1535,577074.48689,64.22,58,-42.242,12.679,64.607,148.55,112.077,265.03,190.65,88.5,203.18,112.11
1536,577074.491539,64.018,54,-41.345,12.106,64.343,146.873,111.131,266.36,189.89,88.16,201.14,111.13
1537,577074.495202,65.479,64,-41.793,12.978,62.222,149.925,112.062,265.76,191.09,85.23,205.35,112.06
1538,577074.498435,67.253,54,-44.534,12.42,60.845,157.36,112.681,262.06,190.35,83.31,215.83,112.66
1539,577074.507858,66.94,56,-45.343,12.956,59.755,152.558,112.814,260.9,191.07,81.84,208.94,112.81
1540,577074.520491,66.7,53,-47.059,12.14,58.926,148.975,111.482,258.57,189.94,80.75,204.06,111.52
1541,577074.522822,66.953,61,-48.636,12.596,59.823,152.813,112.169,256.42,190.59,81.97,208.76,112.17
1542,577074.531027,66.339,61,-50.259,12.415,60.792,151.478,113.449,254.18,190.33,83.24,207.39,113.46
1543,577074.535428,66.527,59,-51.779,12.123,59.628,149.7,115.293,252.1,189.94,81.64,204.86,115.31
1544,577074.538548,67.81,49,-51.42,12.291,58.144,153.951,115.3,252.58,190.17,79.62,210.63,115.32
1545,577074.54327,66.767,63,-51.544,11.553,59.765,151.507,115.521,252.43,189.16,81.84,207.31,115.54
1546,577074.546795,67.401,50,-54.116,10.372,59.051,153.663,116.873,249.16,187.7,80.91,208.82,116.84
1547,577074.551099,67.966,55,-55.028,10.328,57.561,153.433,117.409,247.86,187.63,78.83,209.26,117.37
1548,577074.560284,67.713,54,-54.992,10.577,56.145,148.04,117.917,247.72,187.86,76.86,202.48,117.93
1549,577074.563559,68.487,51,-53.479,11.01,55.502,151.353,117.405,249.78,188.44,76.0,206.95,117.41
1550,577074.567066,68.323,50,-55.154,9.132,56.204,152.162,116.433,247.36,185.73,77.04,207.39,116.37
1551,577074.571286,67.066,64,-56.149,8.988,59.172,151.849,116.394,246.08,185.63,81.04,207.41,116.41
1552,577074.574735,65.499,61,-55.224,9.999,61.187,147.541,116.936,247.37,187.03,83.78,201.68,116.95
1553,577074.583857,65.273,60,-56.433,8.895,62.516,149.455,119.462,245.71,185.53,85.58,204.37,119.49
1554,577074.586894,64.182,54,-55.247,7.893,64.843,148.89,119.774,247.51,184.27,88.74,204.01,119.86
1555,577074.591106,64.85,62,-55.219,8.046,63.461,149.322,120.694,247.4,184.39,86.87,204.29,120.69
1556,577074.594791,66.205,55,-56.371,7.519,62.119,153.965,121.167,246.13,183.91,85.07,209.07,121.08
1557,577074.599114,65.825,57,-56.295,7.693,61.49,150.15,121.243,245.89,183.89,84.18,205.41,121.26
1558,577074.607712,65.301,56,-53.288,9.05,62.536,149.662,119.836,249.98,185.73,85.64,204.57,119.85
1559,577074.610678,64.623,58,-52.442,8.788,64.285,150.0,119.298,251.17,185.37,88.05,204.89,119.3
1560,577074.615461,63.108,66,-53.512,7.962,68.04,150.429,117.573,249.74,184.25,93.16,205.83,117.58
1561,577074.619373,61.035,68,-53.452,8.185,71.846,148.356,118.074,249.81,184.55,98.36,203.03,118.08
1562,577074.623342,60.378,63,-53.022,8.318,72.644,146.97,119.547,250.4,184.73,99.46,201.09,119.56
1563,577074.627425,59.95,55,-51.049,7.916,74.338,148.45,118.888,253.21,184.31,101.85,202.99,118.96
1564,577074.635443,60.469,70,-51.004,8.23,72.883,147.867,119.2,253.16,184.61,99.8,202.38,119.2
1565,577074.638493,61.633,58,-51.41,8.022,71.641,150.787,118.889,252.61,184.33,98.09,206.35,118.88
1566,577074.643065,60.92,64,-50.352,9.122,71.162,146.416,117.53,254.06,185.84,97.44,200.38,117.53
1567,577074.646523,61.525,62,-48.427,9.709,70.436,147.732,116.379,256.64,186.61,96.48,202.04,116.38
1568,577074.651407,61.969,60,-47.472,9.581,70.944,150.961,115.102,258.03,186.48,97.15,206.59,115.08
1569,577074.660156,60.153,64,-47.861,8.95,72.936,146.548,112.542,257.48,185.58,99.91,200.42,112.53
1570,577074.662592,59.237,70,-47.694,9.355,75.62,147.843,112.543,257.76,186.14,103.57,202.28,112.56
1571,577074.667994,58.489,66,-47.432,9.563,76.383,146.142,113.84,258.05,186.41,104.6,200.08,113.84
1572,577074.670467,59.174,51,-45.587,9.139,76.453,149.194,114.135,260.58,185.83,104.72,204.26,114.13
1573,577074.674998,60.11,63,-45.137,9.716,73.739,147.971,114.02,261.2,186.62,101.09,202.23,114.04
1574,577074.695573,62.583,66,-44.219,10.903,68.17,148.045,112.72,262.42,188.24,93.38,202.7,112.72
1575,577074.699296,63.209,64,-43.295,11.381,67.629,150.039,111.5,263.71,188.9,92.63,205.49,111.5
1576,577074.702575,63.231,64,-44.053,10.981,68.299,151.643,110.191,262.78,188.39,93.57,207.31,110.18
1577,577074.711433,61.795,69,-44.986,11.236,70.3,148.744,110.473,261.43,188.73,96.27,203.54,110.47
1578,577074.714806,61.657,65,-44.885,11.653,69.651,146.71,112.358,261.48,189.23,95.43,200.96,112.41
1579,577074.718455,63.501,51,-45.151,11.879,67.221,150.658,113.836,261.16,189.59,92.07,206.29,113.84
1580,577074.722585,63.21,63,-43.863,12.02,66.993,148.638,113.34,262.96,189.8,91.77,203.43,113.31
1581,577074.726579,64.124,60,-44.845,12.116,65.069,149.096,113.592,261.47,189.85,89.08,203.82,113.46
1582,577074.736438,65.531,62,-46.306,12.077,63.411,153.094,113.889,259.78,189.95,86.89,208.95,113.88
1583,577074.738637,65.088,63,-46.268,12.785,62.227,147.73,114.107,259.63,190.84,85.22,202.27,114.11
1584,577074.742981,65.902,59,-44.998,13.431,61.703,151.126,113.133,261.24,191.66,84.53,206.73,113.15
1585,577074.747057,65.423,57,-45.517,13.317,62.919,151.281,112.105,260.7,191.58,86.17,207.05,112.1
1586,577074.751238,64.694,64,-46.9,12.872,64.95,151.948,110.847,258.75,190.93,88.97,207.84,110.85
1587,577074.754727,63.656,65,-48.013,12.804,66.173,149.12,112.236,257.28,190.86,90.61,204.12,112.24
1588,577074.763411,64.164,62,-49.253,12.619,64.848,148.805,114.001,255.55,190.61,88.79,203.69,114.02
1589,577074.766488,63.757,55,-48.285,11.811,65.528,148.193,113.045,256.88,189.43,89.92,202.79,113.11
1590,577074.771,65.008,63,-49.011,11.791,63.438,150.151,114.143,256.0,189.58,86.86,205.22,114.07
1591,577074.778984,66.742,66,-49.069,12.274,58.74,148.76,114.124,255.83,190.16,80.44,203.59,114.12
1592,577074.786979,67.602,58,-49.289,11.795,57.726,151.497,114.503,255.46,189.43,79.14,207.24,114.55
1593,577074.790592,68.167,54,-50.274,10.998,58.082,156.177,113.899,254.18,188.4,79.54,213.73,113.91
1594,577074.795663,65.943,62,-51.542,10.589,61.323,150.436,113.343,252.44,187.84,83.97,205.92,113.36
1595,577074.798575,64.971,64,-51.544,10.746,62.72,148.248,115.121,252.43,188.06,85.87,202.88,115.13
1596,577074.802973,66.04,54,-52.726,10.208,61.153,150.59,117.379,250.66,187.29,83.7,205.59,117.48
1597,577074.811757,65.826,63,-50.825,10.057,61.631,150.5,117.28,253.4,187.11,84.41,205.93,117.29
1598,577074.814979,67.242,60,-53.102,8.651,60.217,155.665,118.915,250.2,185.16,82.45,213.04,118.89
1599,577074.81895,67.538,58,-53.629,8.99,58.467,153.028,118.8,249.55,185.67,80.05,209.42,118.81
1600,577074.823285,67.183,61,-51.417,10.022,58.154,149.961,118.155,252.4,186.97,79.68,204.8,118.21
1601,577074.827275,67.355,60,-51.405,9.786,58.932,153.064,117.617,252.58,186.77,80.77,209.29,117.62
1602,577074.830867,65.923,62,-52.61,9.059,62.351,152.834,116.521,250.97,185.75,85.38,209.13,116.53
1603,577074.83987,63.642,66,-53.951,8.839,66.263,149.251,117.554,249.13,185.45,90.72,204.26,117.56
1604,577074.842754,63.114,62,-54.115,8.962,66.625,147.332,119.411,248.9,185.63,91.21,201.56,119.43
1605,577074.847046,62.642,54,-53.373,7.729,67.907,147.768,119.309,249.94,183.95,92.98,202.24,119.32
1606,577074.850809,63.949,69,-53.247,8.647,65.563,149.29,119.876,250.03,185.15,89.81,204.04,119.88
1607,577074.855087,65.105,52,-54.99,7.806,64.33,152.818,120.116,247.61,184.02,88.14,207.97,120.22
1608,577074.863781,64.369,63,-53.346,9.466,64.034,148.03,118.621,250.0,186.28,87.81,202.37,118.61
1609,577074.86828,64.929,64,-52.719,9.397,64.015,151.069,118.437,250.8,186.18,87.72,206.58,118.46
1610,577074.870705,64.076,59,-52.775,9.309,65.606,150.07,117.224,250.63,186.08,89.93,204.96,117.28
1611,577074.875118,63.183,67,-53.243,8.662,68.067,150.875,115.901,250.08,185.2,93.15,206.48,115.93
1612,577074.878674,61.601,69,-53.728,8.71,70.984,149.247,116.32,249.55,185.28,97.24,204.01,116.34
1613,577074.887697,61.29,64,-53.726,8.928,70.761,147.304,118.15,249.44,185.57,96.87,201.54,118.17
1614,577074.89132,62.71,53,-53.36,9.117,68.821,150.1,118.581,249.94,185.82,94.23,205.38,118.59
1615,577074.894896,62.324,67,-51.645,9.094,69.052,148.666,117.559,252.32,185.81,94.57,203.33,117.56
1616,577074.898452,64.229,53,-53.393,8.039,67.448,155.134,118.011,249.87,184.35,92.37,212.02,118.03
1617,577074.903471,63.626,57,-51.788,9.485,66.47,149.629,116.496,252.29,186.43,91.02,204.46,116.45
1618,577074.906997,63.334,62,-51.727,9.661,65.855,146.742,116.877,252.22,186.59,90.21,200.72,116.87
1619,577074.915756,63.345,63,-49.276,10.154,67.064,149.493,115.136,255.53,187.24,91.83,204.62,115.14
1620,577074.919018,63.246,61,-48.918,9.885,68.267,151.649,113.678,256.08,186.9,93.57,206.85,113.63
1621,577074.922907,61.418,68,-49.467,9.831,71.117,148.649,113.622,255.46,186.81,97.34,203.15,113.74
1622,577074.927353,60.818,68,-49.177,9.989,71.639,146.924,115.504,255.66,187.01,98.1,201.12,115.51
1623,577074.93091,61.047,51,-47.065,9.843,72.698,150.173,115.785,258.38,186.72,99.65,205.18,115.78
1624,577074.952494,63.301,60,-47.33,11.224,65.899,146.669,116.036,258.17,188.7,90.26,200.8,116.04
1625,577074.954949,63.431,67,-44.944,11.65,67.111,150.044,114.183,261.41,189.25,91.94,205.29,114.17
1626,577074.964181,62.599,61,-45.229,11.425,69.097,150.138,112.187,260.94,188.91,94.69,205.05,112.19
1627,577074.966917,61.424,66,-45.509,11.654,71.151,148.752,112.799,260.68,189.27,97.44,203.73,112.8
1628,577074.971363,61.38,63,-45.733,11.785,70.518,147.221,114.274,260.49,189.53,96.6,201.31,114.21
1629,577074.975565,61.1,54,-44.888,10.842,71.769,148.502,113.637,261.76,188.32,98.29,203.37,113.68
1630,577074.979299,62.088,65,-44.951,11.42,69.459,148.38,113.457,261.39,188.89,95.25,203.2,113.48
1631,577074.986733,63.356,62,-46.435,11.106,67.971,151.572,113.83,259.46,188.56,93.09,207.41,113.81
1632,577074.99042,63.453,67,-46.34,11.411,65.734,147.081,114.374,259.49,188.93,90.04,201.41,114.41
1633,577074.99469,64.505,66,-44.628,11.824,64.728,150.378,113.257,261.83,189.5,88.68,205.73,113.27
1634,577074.998687,64.289,56,-46.18,10.802,65.046,149.931,111.701,259.78,188.12,89.09,205.32,111.71
1635,577075.002456,63.093,64,-46.741,11.203,67.558,149.287,111.801,259.12,188.7,92.56,204.03,111.81
1636,577075.006842,63.065,63,-47.694,11.121,67.007,147.927,114.022,257.68,188.55,91.76,202.52,114.03
1637,577075.0164,62.423,52,-45.706,10.503,68.24,147.404,114.77,260.4,187.72,93.46,201.85,114.75
1638,577075.019667,63.715,59,-47.144,10.804,65.495,147.902,114.817,258.43,188.13,89.69,202.52,114.81
1639,577075.023322,65.539,57,-49.273,10.315,63.071,152.317,115.26,255.87,187.65,86.48,206.97,115.19
1640,577075.03145,67.116,56,-48.207,11.232,59.0,151.721,114.72,256.88,188.66,80.85,207.42,114.74
1641,577075.0395,67.309,51,-49.57,10.399,59.346,153.842,113.22,255.23,187.64,81.26,210.93,113.27
1642,577075.043111,65.359,64,-50.832,10.512,62.745,150.494,113.582,253.41,187.73,85.91,206.02,113.59
1643,577075.047026,64.621,61,-51.353,10.775,63.39,147.902,115.352,252.69,188.1,86.79,202.39,115.36
1644,577075.050788,66.424,50,-51.044,10.876,61.432,153.594,116.344,253.12,188.24,84.13,210.2,116.35
1645,577075.055135,65.996,62,-51.192,10.391,61.28,150.642,116.85,252.87,187.55,83.95,206.0,116.87
1646,577075.059232,66.779,49,-54.55,8.876,59.767,151.583,118.167,248.26,185.49,81.83,207.22,118.2
1647,577075.068307,67.503,59,-54.206,9.741,58.054,151.72,117.996,248.75,186.69,79.48,207.57,118.01
1648,577075.071736,67.748,55,-51.858,11.113,57.017,150.565,117.019,251.98,188.54,78.12,205.83,117.06
1649,577075.074567,68.502,57,-52.442,10.537,57.24,156.194,116.779,251.1,187.74,78.39,213.25,116.78
1650,577075.079474,66.507,64,-54.212,9.722,60.635,152.107,115.989,248.9,186.73,83.06,207.7,115.98
1651,577075.082646,64.634,61,-53.767,10.763,63.01,147.081,116.432,249.4,188.1,86.25,201.22,116.44
1652,577075.091177,64.916,63,-55.413,9.746,63.105,148.849,119.162,247.16,186.72,86.41,203.47,119.19
1653,577075.094556,64.301,53,-53.826,9.56,63.695,146.883,118.144,249.36,186.49,87.22,200.85,118.14
1654,577075.099469,65.472,63,-54.374,9.365,62.386,150.278,119.781,248.53,186.21,85.37,205.72,119.73
1655,577075.102735,66.716,61,-55.552,9.105,60.687,153.525,119.938,246.96,185.86,83.09,209.71,119.93
1656,577075.107356,66.124,62,-54.952,9.793,59.839,147.839,119.764,247.81,186.77,81.85,202.06,119.88
1657,577075.120036,65.269,57,-54.316,9.095,62.535,149.474,117.083,248.75,185.88,85.64,204.22,117.06
1658,577075.122445,63.6,72,-53.731,9.645,66.605,149.796,116.729,249.44,186.55,91.18,205.0,116.74
1659,577075.126603,62.321,68,-53.455,9.628,68.834,148.183,118.401,249.85,186.55,94.25,202.63,118.43
1660,577075.130721,60.983,52,-51.917,8.731,70.561,145.465,117.218,251.93,185.31,96.63,199.11,117.24
1661,577075.13489,62.658,69,-51.713,9.398,68.496,149.134,119.305,252.19,186.21,93.79,204.1,119.31
1662,577075.14438,64.214,55,-52.368,9.006,66.491,152.851,119.508,251.29,185.68,91.06,208.91,119.48
1663,577075.147241,64.052,56,-50.855,9.998,65.295,149.226,118.255,253.28,186.91,89.53,204.51,118.35
1664,577075.151085,63.974,62,-48.988,10.391,66.069,150.573,117.698,255.92,187.57,90.48,206.1,117.7
1665,577075.154635,63.199,63,-48.616,10.036,67.893,150.576,115.984,256.38,187.18,93.26,205.7,115.96
1666,577075.158841,60.993,72,-49.223,9.662,71.97,148.415,114.836,255.54,186.51,98.58,202.91,114.81
1667,577075.168546,59.794,71,-48.97,9.726,73.81,146.706,116.783,255.97,186.66,101.09,200.7,116.8
1668,577075.170746,59.064,52,-46.872,8.984,76.007,147.853,117.717,258.67,185.58,104.15,202.26,117.65
1669,577075.175491,60.649,65,-47.341,9.429,72.524,147.96,117.597,258.17,186.24,99.33,202.56,117.59
1670,577075.178394,62.015,55,-46.713,10.396,69.555,148.229,116.324,259.23,187.75,95.19,202.35,116.19
1671,577075.18368,62.268,66,-46.124,10.599,68.44,147.077,115.493,259.8,187.79,93.81,201.41,115.53
1672,577075.191001,62.642,62,-45.105,10.652,68.748,149.601,114.747,261.18,187.89,94.2,204.41,114.71
1673,577075.200336,59.976,71,-46.317,10.008,74.135,148.16,112.67,259.64,187.03,101.55,202.71,112.69
1674,577075.204359,59.576,63,-46.539,10.178,74.075,146.28,114.86,259.27,187.26,101.45,200.28,114.86
1675,577075.206279,60.554,54,-44.759,9.956,73.341,149.187,114.799,261.64,186.89,100.62,204.04,114.89
1676,577075.211645,61.785,66,-45.54,10.153,69.93,147.912,115.23,260.64,187.23,95.77,202.54,115.22
1677,577075.219297,63.249,58,-46.464,10.187,67.528,150.026,114.687,259.53,187.37,92.57,204.28,114.63
1678,577075.223002,63.582,68,-46.738,10.765,65.3,146.77,114.502,258.98,188.07,89.43,200.96,114.51
1679,577075.226837,64.313,69,-44.693,11.36,65.212,150.448,112.397,261.86,188.88,89.42,205.68,112.39
1680,577075.230999,63.851,61,-45.688,10.82,67.159,152.387,110.899,260.51,188.15,92.01,208.44,110.91
1681,577075.234498,61.887,62,-47.073,10.89,70.303,149.198,111.365,258.53,188.22,96.29,204.2,111.37
1682,577075.244324,62.042,63,-47.899,10.913,69.197,147.597,114.251,257.45,188.3,94.75,202.0,114.23
1683,577075.24685,62.527,50,-47.01,10.04,68.3,148.049,114.166,258.7,187.12,93.55,202.56,114.16
1684,577075.251303,64.654,66,-47.404,10.852,63.845,149.141,114.77,258.09,188.2,87.43,204.19,114.77
1685,577075.254937,66.574,55,-49.101,10.621,61.153,153.817,114.669,255.76,187.88,83.76,210.26,114.65
1686,577075.258604,66.379,61,-49.154,11.356,59.301,147.999,114.366,255.74,188.91,81.23,202.42,114.36
1687,577075.262289,67.101,65,-47.556,11.981,59.245,152.258,113.25,257.78,189.69,81.17,208.06,113.25
1688,577075.270851,66.831,59,-48.916,11.353,60.966,154.955,112.556,256.05,188.89,83.53,211.64,112.58
1689,577075.283574,66.613,43,-48.362,12.47,60.85,153.295,115.545,256.8,190.32,83.6,209.34,115.56
1690,577075.288365,66.834,62,-50.688,11.199,59.402,151.0,116.956,253.6,188.68,81.35,206.66,116.96
1691,577075.295798,68.194,56,-52.139,10.919,57.407,154.544,117.181,251.88,188.45,78.65,210.81,117.14
1692,577075.299423,68.125,61,-53.013,11.135,56.203,150.847,117.241,250.34,188.58,76.95,206.27,117.27
1693,577075.302926,67.975,61,-50.41,12.293,57.303,152.804,116.233,253.98,190.18,78.47,209.12,116.24
1694,577075.307435,66.533,55,-52.313,10.98,59.745,150.027,115.139,251.49,188.41,81.85,205.35,115.11
1695,577075.310864,65.424,68,-52.806,11.183,62.801,150.999,115.956,250.73,188.67,86.01,206.37,115.95
1696,577075.319985,64.95,62,-53.2,11.049,63.05,148.909,118.064,249.96,188.32,86.38,204.14,118.17
1697,577075.322646,64.311,58,-52.291,10.006,63.892,147.393,117.424,251.49,187.13,87.49,201.78,117.46
1698,577075.326984,65.885,65,-52.535,10.391,61.44,150.38,118.606,251.04,187.58,84.11,205.88,118.6
1699,577075.331172,67.604,56,-54.054,9.885,59.342,155.753,118.757,248.98,186.89,81.24,213.16,118.76
1700,577075.334802,66.679,64,-53.318,10.352,58.919,148.827,118.803,250.22,187.57,80.78,204.01,118.71
1701,577075.338791,66.909,65,-51.189,10.723,60.086,153.206,117.504,252.88,188.04,82.33,209.57,117.5
1702,577075.347603,65.302,64,-52.365,9.689,63.413,151.765,116.402,251.36,186.65,86.84,207.48,116.39
1703,577075.350501,63.536,66,-53.104,9.504,66.38,148.954,117.712,250.33,186.37,90.89,203.7,117.74
1704,577075.355152,63.835,56,-53.487,9.172,65.833,149.297,119.809,249.69,185.88,90.14,204.09,119.84
1705,577075.358538,63.323,64,-51.731,8.944,66.556,148.245,119.242,252.17,185.6,91.13,202.88,119.25
1706,577075.371691,64.777,63,-53.62,8.169,63.518,149.055,119.815,249.61,184.56,86.97,203.79,119.85
1707,577075.376498,64.754,66,-50.922,9.022,64.044,150.16,118.359,253.3,185.73,87.72,205.34,118.34
1708,577075.379638,64.551,59,-51.436,8.314,66.04,153.685,116.823,252.5,184.7,90.45,210.0,116.86
1709,577075.382651,61.728,72,-52.686,7.876,70.447,148.728,116.732,250.87,184.12,96.45,203.57,116.74
1710,577075.387663,60.905,63,-52.807,7.911,71.233,146.493,118.676,250.69,184.18,97.53,200.44,118.69
1711,577075.395304,60.467,65,-51.905,6.863,72.182,146.434,118.547,251.96,182.79,98.89,200.46,118.63
1712,577075.39873,62.073,60,-51.826,7.529,69.15,147.648,119.235,252.1,183.67,94.7,201.72,119.25
1713,577075.402831,63.384,60,-53.221,7.208,67.317,150.257,118.694,250.25,183.3,92.21,205.18,118.67
1714,577075.406735,63.223,64,-52.287,8.051,66.297,147.156,117.77,251.39,184.37,90.78,201.35,117.78
1715,577075.410934,63.596,66,-50.759,8.363,67.229,151.177,115.937,253.42,184.76,92.08,206.62,115.95
1716,577075.414962,61.584,67,-52.319,7.455,70.299,147.726,114.289,251.4,183.54,96.25,202.02,114.25
1717,577075.422923,60.288,68,-52.33,7.953,72.998,147.277,115.387,251.44,184.27,100.0,201.1,115.42
1718,577075.426732,61.606,52,-52.257,8.111,71.209,149.746,117.285,251.45,184.44,97.51,204.9,117.3
1719,577075.43084,61.005,60,-51.527,7.549,71.141,146.762,116.938,252.44,183.6,97.59,200.86,117.02
1720,577075.434752,62.892,55,-51.27,8.239,67.554,148.254,117.133,252.67,184.58,92.57,202.67,117.07
1721,577075.439047,64.343,63,-52.29,8.381,65.295,150.801,116.327,251.4,184.82,89.4,206.4,116.33
1722,577075.455452,62.531,68,-50.831,9.354,68.857,149.274,112.77,253.42,186.13,94.29,204.32,112.78
1723,577075.460632,61.432,65,-50.733,9.758,70.527,147.484,114.498,253.54,186.69,96.57,201.86,114.51
1724,577075.463083,62.077,53,-48.728,9.57,70.778,151.141,115.506,256.28,186.43,96.93,206.83,115.51
1725,577075.471435,63.345,66,-49.462,10.025,66.827,148.964,116.188,255.28,187.06,91.53,203.9,116.19
1726,577075.474575,65.265,55,-50.592,9.745,63.839,152.569,116.411,253.69,186.68,87.44,208.46,116.41
1727,577075.479261,65.618,62,-50.718,10.445,61.788,149.672,115.942,253.57,187.67,84.57,204.36,116.07
1728,577075.482805,65.766,68,-47.607,11.884,62.098,151.286,114.582,257.87,189.6,85.05,206.66,114.62
1729,577075.48647,65.295,59,-48.131,11.407,64.114,153.401,113.218,257.24,189.04,87.88,208.9,113.14
1730,577075.491207,63.167,68,-48.814,11.649,67.596,149.751,113.39,256.2,189.3,92.56,204.94,113.38
1731,577075.498815,62.91,61,-49.158,11.679,67.356,147.909,115.824,255.68,189.32,92.23,202.46,115.83
1732,577075.502538,62.634,57,-48.092,10.8,67.345,146.507,115.02,257.16,188.13,92.23,200.61,115.03
1733,577075.506864,64.823,64,-48.318,11.469,63.77,149.899,115.543,256.89,189.07,87.34,205.06,115.54
1734,577075.511501,66.678,58,-49.461,11.367,61.533,155.424,115.179,255.26,188.9,84.26,212.81,115.18
1735,577075.51487,65.683,65,-49.016,11.85,60.797,147.644,115.607,256.03,189.55,83.44,202.12,115.52
1736,577075.524128,65.968,62,-47.15,11.928,62.148,152.603,113.884,258.36,189.64,85.18,208.23,113.88
1737,577075.526995,64.288,70,-48.627,11.385,65.105,150.065,113.609,256.45,188.93,89.19,205.15,113.6
1738,577075.539805,65.593,64,-48.422,10.796,62.21,150.549,116.784,256.78,188.2,85.19,205.83,116.74
1739,577075.546864,66.8,59,-49.865,10.473,60.514,153.612,116.56,254.96,187.81,82.92,209.45,116.55
1740,577075.551456,66.343,60,-47.696,11.631,60.058,149.673,115.685,257.59,189.17,82.38,204.81,115.75
1741,577075.555358,66.582,60,-47.955,11.099,61.032,153.563,115.317,257.33,188.55,83.6,209.88,115.32
1742,577075.558434,64.686,66,-50.002,10.061,64.371,150.549,114.968,254.51,187.1,88.17,205.93,114.98
1743,577075.563308,63.699,64,-50.836,10.191,65.631,148.125,117.05,253.46,187.35,89.87,202.52,117.04
1744,577075.566858,65.411,50,-51.18,9.887,62.901,151.165,118.601,252.92,186.88,86.15,206.86,118.6
1745,577075.575732,65.314,63,-50.315,9.699,62.346,149.279,118.3,254.1,186.63,85.37,204.33,118.3
1746,577075.578424,66.844,56,-52.261,8.98,60.489,153.822,118.194,251.42,185.64,82.85,210.26,118.18
1747,577075.583235,66.041,62,-52.104,9.807,59.737,147.107,118.002,251.65,186.79,81.8,201.29,118.01
1748,577075.587087,66.511,67,-50.54,10.009,60.831,152.622,116.66,253.69,187.02,83.42,208.16,116.64
1749,577075.590532,64.97,62,-52.586,8.954,63.843,150.897,115.629,250.95,185.56,87.45,206.19,115.61
1750,577075.598953,63.41,61,-53.407,9.101,66.665,148.937,117.01,249.96,185.85,91.27,203.74,117.0
1751,577075.603141,63.886,61,-54.497,8.6,65.286,148.324,119.477,248.32,185.1,89.36,203.03,119.51
1752,577075.60712,64.309,59,-53.57,8.001,65.262,150.54,119.6,249.75,184.38,89.4,205.42,119.56
1753,577075.610691,66.17,55,-54.727,7.751,62.075,153.641,119.379,248.05,183.99,85.03,209.41,119.36
1754,577075.61502,65.761,63,-53.559,9.337,61.028,148.654,117.892,249.66,186.11,83.65,203.19,117.89
1755,577075.624413,66.066,59,-52.788,9.174,61.549,151.718,117.721,250.7,185.93,84.36,207.31,117.67
1756,577075.62791,66.238,57,-53.743,8.618,62.826,155.92,116.561,249.37,185.13,86.07,212.58,116.56
1757,577075.630646,63.569,71,-54.862,8.327,66.535,149.475,116.364,247.95,184.78,91.11,204.36,116.37
1758,577075.634929,63.012,62,-55.464,8.295,67.306,148.317,118.657,247.06,184.71,92.14,202.89,118.68
1759,577075.638493,62.19,62,-54.047,7.398,68.505,146.833,118.23,249.02,183.49,93.8,200.95,118.25
1760,577075.642993,64.425,63,-54.304,8.168,64.554,149.537,119.075,248.66,184.55,88.38,204.59,119.08
1761,577075.651065,65.653,55,-54.56,8.489,62.174,150.811,118.467,248.32,185.0,85.12,206.28,118.46
1762,577075.654797,64.966,61,-52.934,9.08,62.753,148.299,117.762,250.49,185.78,85.95,202.64,117.79
1763,577075.658703,65.304,60,-52.155,9.264,63.451,151.866,116.688,251.52,186.0,86.9,207.55,116.72
1764,577075.662641,63.315,66,-53.402,8.562,66.973,149.131,115.374,249.84,185.03,91.73,203.82,115.37
1765,577075.666634,62.118,64,-53.084,9.099,69.134,147.834,117.381,250.36,185.82,94.67,202.16,117.41
1766,577075.676207,61.419,55,-51.69,8.144,69.82,145.946,116.721,252.25,184.51,95.62,199.77,116.74
1767,577075.678953,63.062,65,-51.494,8.896,67.111,148.137,118.869,252.46,185.52,91.91,202.65,118.87
1768,577075.683555,65.377,56,-52.564,8.55,64.044,153.716,118.362,250.99,185.04,87.71,210.16,118.35
1769,577075.686811,64.671,64,-51.83,9.52,63.049,147.372,118.379,252.02,186.38,86.34,201.69,118.39
1770,577075.690871,64.461,65,-49.591,9.837,64.812,150.332,116.273,255.0,186.81,88.89,205.12,116.36
1771,577075.708481,61.103,58,-48.35,9.694,70.084,145.032,115.453,256.78,186.56,96.07,198.42,115.42
1772,577075.711783,62.968,65,-48.744,9.842,67.729,149.021,118.051,256.31,186.87,92.74,203.83,118.01
1773,577075.715468,64.358,59,-48.699,10.222,64.729,149.579,117.076,256.31,187.35,88.65,204.54,117.05
1774,577075.718495,64.591,63,-46.76,11.24,63.94,149.015,115.921,258.97,188.74,87.57,203.97,115.91
1775,577075.72821,64.443,67,-46.744,10.864,65.436,151.683,114.482,258.93,188.19,89.65,207.24,114.47
1776,577075.731154,62.212,71,-47.982,10.492,69.376,148.813,113.698,257.37,187.72,95.09,203.03,113.66
1777,577075.735012,61.32,63,-48.249,10.801,70.683,147.28,115.861,256.87,188.07,96.83,201.66,115.92
1778,577075.739224,60.953,62,-47.285,9.611,70.931,146.089,115.726,258.26,186.5,97.15,200.06,115.74
1779,577075.742569,63.49,65,-47.721,10.333,66.595,149.196,117.192,257.66,187.5,91.2,204.25,117.18
1780,577075.751629,65.605,57,-49.18,10.08,63.409,153.523,116.447,255.64,187.14,86.83,210.22,116.44
1781,577075.755185,65.82,61,-46.673,11.542,62.277,152.041,115.276,259.08,189.14,85.29,208.17,115.28
1782,577075.759312,65.327,59,-46.491,11.36,63.994,153.302,113.311,259.46,188.97,87.64,209.47,113.26
1783,577075.762667,62.998,71,-48.537,10.767,67.854,149.448,112.927,256.6,188.09,92.93,204.46,112.92
1784,577075.766996,61.95,61,-49.009,11.095,69.142,147.034,115.251,256.07,188.64,94.66,200.93,115.15
1785,577075.770488,62.879,53,-48.096,10.248,68.36,149.957,116.16,257.09,187.33,93.64,205.1,116.14
1786,577075.779691,64.479,58,-48.918,10.461,64.065,148.698,117.206,255.98,187.65,87.74,203.46,117.19
1787,577075.782708,66.839,59,-50.628,9.998,60.376,153.507,116.705,253.77,187.08,82.68,210.09,116.67
1788,577075.792625,66.642,61,-48.847,11.122,60.72,153.15,113.96,256.15,188.59,83.15,209.57,113.95
1789,577075.796257,64.308,69,-50.708,10.545,64.941,149.792,113.274,253.59,187.78,88.92,204.87,113.34
1790,577075.803669,63.1,67,-51.315,10.745,66.916,147.902,115.753,252.77,188.07,91.63,202.3,115.77
1791,577075.807559,65.044,52,-50.568,10.763,64.718,153.385,117.45,253.91,188.14,88.72,209.37,117.42
1792,577075.811492,65.538,62,-51.241,10.1,62.174,150.146,118.294,252.8,187.16,85.16,205.34,118.31
1793,577075.815163,67.937,56,-53.058,9.528,58.095,154.663,118.111,250.34,186.4,79.54,211.65,118.12
1794,577075.819168,67.481,62,-53.081,10.436,56.965,148.737,117.733,250.3,187.64,78.0,203.54,117.75
1795,577075.828349,66.692,65,-51.183,10.864,59.809,151.155,115.59,252.93,188.26,82.02,206.41,115.65
1796,577075.830711,64.825,65,-52.411,10.464,64.368,151.316,114.577,251.25,187.67,88.13,207.08,114.59
1797,577075.835367,63.174,61,-53.111,10.435,66.989,148.443,117.255,250.28,187.63,91.71,203.13,117.27
1798,577075.839128,62.522,52,-52.189,9.006,67.453,146.192,117.346,251.49,185.67,92.35,200.2,117.41
1799,577075.842473,65.28,63,-52.602,9.704,62.46,149.359,119.784,250.92,186.63,85.5,204.57,119.76
1800,577075.847456,67.746,56,-54.128,9.302,58.285,153.904,119.142,248.98,186.15,79.81,210.22,119.16
1801,577075.855558,67.221,61,-53.639,10.243,57.457,148.4,118.528,249.54,187.38,78.67,203.06,118.54
1802,577075.858633,66.521,61,-51.769,10.517,60.804,152.615,116.002,252.09,187.74,83.26,208.75,116.03
1803,577075.863568,64.001,70,-52.642,10.053,65.806,150.12,115.61,250.99,187.12,90.11,205.29,115.64
1804,577075.871487,64.183,58,-51.082,9.933,65.988,151.523,119.24,253.04,186.94,90.38,207.3,119.25
1805,577075.879685,65.214,48,-52.259,9.114,62.256,148.499,120.484,251.21,185.73,85.29,202.86,120.41
1806,577075.882907,66.684,60,-50.87,10.648,58.95,148.934,118.071,253.33,187.85,80.89,203.8,118.1
1807,577075.887004,66.714,65,-49.831,10.515,60.369,152.709,117.135,254.79,187.77,82.69,208.69,117.12
1808,577075.891025,64.629,62,-50.954,9.781,65.003,151.704,115.39,253.15,186.67,89.03,207.22,115.35
1809,577075.894942,61.979,67,-52.018,9.372,69.974,148.944,116.641,251.77,186.17,95.8,203.87,116.65
1810,577075.904273,62.221,59,-53.135,8.861,69.194,148.462,120.121,250.23,185.48,94.74,203.16,120.13
1811,577075.906932,62.842,67,-51.218,8.568,67.867,148.686,120.271,252.86,185.08,92.94,203.48,120.27
1812,577075.911837,65.554,56,-52.559,7.985,63.278,152.908,120.347,251.47,184.64,86.72,207.34,120.22
1813,577075.914911,65.568,62,-52.726,8.912,61.221,148.013,119.121,250.84,185.58,83.85,202.4,119.12
1814,577075.919788,64.74,61,-50.56,9.377,63.868,149.668,116.596,253.67,186.17,87.52,204.57,116.59
1815,577075.922532,62.57,70,-51.549,8.899,69.011,149.805,114.628,252.43,185.52,94.5,205.02,114.64
1816,577075.931651,60.429,69,-52.389,8.738,72.698,147.312,116.687,251.32,185.3,99.62,201.43,116.71
1817,577075.934757,60.019,47,-51.757,7.249,73.901,147.888,118.193,252.16,183.34,101.34,202.55,118.32
1818,577075.938967,62.583,62,-52.933,6.948,69.239,150.366,120.589,250.54,182.88,94.82,205.73,120.59
1819,577075.942927,65.581,60,-53.925,7.181,63.391,153.337,119.355,249.23,183.22,86.81,209.56,119.38
1820,577075.946922,65.434,58,-51.06,9.628,61.737,148.499,116.411,253.1,186.54,84.54,203.16,116.41
1821,577075.963995,61.161,50,-52.461,8.883,71.296,147.81,116.166,251.24,185.43,97.86,202.18,116.17
1822,577075.96822,62.364,52,-52.464,8.803,70.096,151.117,118.302,251.23,185.41,96.02,206.59,118.32
1823,577075.971362,63.383,65,-52.246,8.459,66.604,148.662,118.741,251.5,184.95,91.22,203.32,118.75
1824,577075.979742,65.945,51,-51.189,9.83,60.781,149.115,116.893,253.01,186.9,83.2,203.78,116.85
1825,577075.983008,65.923,63,-52.882,9.344,60.235,147.649,116.64,250.63,186.15,82.49,202.15,116.63
1826,577075.987199,64.364,60,-51.252,9.909,64.521,149.13,113.875,252.88,186.96,88.44,203.78,113.93
1827,577075.990808,62.214,72,-51.785,9.469,69.573,149.243,113.015,252.09,186.28,95.26,204.18,113.01
1828,577075.995395,61.179,65,-52.462,9.455,71.103,147.494,116.281,251.17,186.28,97.35,201.83,116.3
1829,577075.998508,61.005,48,-51.414,7.933,70.981,146.434,117.596,252.62,184.22,97.19,200.44,117.6
1830,577076.007351,64.908,60,-51.721,9.08,63.571,149.906,118.483,252.19,185.8,87.05,205.12,118.48
1831,577076.011412,66.721,57,-50.649,10.298,59.08,149.49,116.545,253.85,187.45,81.13,204.16,116.54
1832,577076.015564,66.861,64,-49.264,10.72,59.863,152.34,114.995,255.52,188.02,81.94,208.41,114.97
1833,577076.018476,64.476,57,-50.478,10.297,64.485,149.659,112.836,253.85,187.4,88.35,204.57,112.82
1834,577076.023144,62.345,69,-50.842,10.344,69.474,149.682,114.3,253.39,187.5,95.16,204.5,114.31
1835,577076.03204,62.673,55,-51.447,10.168,68.581,149.393,118.019,252.54,187.26,93.9,204.43,118.03
1836,577076.035438,63.786,60,-49.866,9.894,65.695,148.724,118.584,254.71,186.87,90.02,203.32,118.58
1837,577076.047846,66.656,52,-49.522,10.539,61.407,154.97,114.455,255.21,187.78,84.09,212.06,114.45
1838,577076.054514,63.31,62,-49.516,10.767,67.421,150.105,113.534,255.14,188.05,92.36,205.2,113.57
1839,577076.058826,62.121,62,-50.34,10.666,69.162,147.904,116.734,254.12,187.97,94.71,202.29,116.72
1840,577076.062664,62.504,60,-49.483,9.246,68.033,147.358,117.926,255.29,186.04,93.17,201.62,117.91
1841,577076.067315,66.253,59,-50.986,8.575,61.898,153.71,120.0,253.15,185.03,84.89,210.07,120.01
1842,577076.070702,67.75,55,-48.592,11.507,56.505,149.224,116.528,256.49,189.14,77.36,204.19,116.51
1843,577076.074584,67.446,59,-48.145,11.214,58.372,152.188,115.171,256.91,188.62,79.96,208.27,115.22
1844,577076.084398,65.253,63,-49.131,10.676,63.933,152.727,113.526,255.68,187.93,87.58,208.81,113.52
1845,577076.086785,62.581,66,-50.945,9.996,69.003,149.848,115.302,253.24,187.02,94.48,205.14,115.31
1846,577076.091658,63.019,48,-47.871,10.522,69.567,153.333,116.919,257.44,187.74,95.29,209.76,116.92
1847,577076.09493,64.416,61,-50.681,9.177,64.353,149.025,119.718,253.53,185.81,88.23,203.79,119.71
1848,577076.099323,67.427,53,-52.406,8.339,58.945,153.556,119.863,251.5,184.97,80.76,208.89,119.79
1849,577076.107215,67.675,56,-49.948,10.837,56.817,149.575,116.725,254.62,188.21,77.8,204.67,116.72
1850,577076.11137,66.647,61,-50.57,10.009,60.561,152.781,115.091,253.67,186.97,82.89,208.94,115.04
1851,577076.115327,63.681,67,-52.287,9.377,66.861,150.806,114.444,251.47,186.2,91.57,206.2,114.44
1852,577076.119295,61.75,62,-53.535,9.049,70.032,147.959,117.314,249.75,185.76,95.89,202.32,117.32
1853,577076.124117,63.616,52,-54.643,8.423,66.811,150.348,120.583,248.02,184.83,91.45,205.28,120.65
1854,577076.131579,65.048,64,-53.676,8.258,63.026,149.401,120.626,249.51,184.67,86.3,204.41,120.63
1855,577076.136303,67.824,56,-55.37,7.684,58.061,153.824,119.667,247.22,183.91,79.47,210.64,119.66
1856,577076.138655,66.921,55,-52.321,9.838,58.557,149.377,116.767,251.38,186.84,80.18,204.36,116.76
1857,577076.143573,65.428,65,-53.019,9.371,63.319,152.271,114.853,250.39,186.15,86.71,208.4,114.89
1858,577076.14694,62.382,68,-54.699,8.688,69.276,149.438,115.351,248.18,185.27,94.89,204.0,115.33
1859,577076.150963,61.79,63,-55.91,8.24,70.193,148.492,119.459,246.42,184.62,96.07,203.26,119.47
1860,577076.15978,62.24,61,-54.576,7.329,68.619,147.324,120.198,248.29,183.37,94.02,201.59,120.24
1861,577076.162591,66.261,61,-55.521,7.038,61.663,153.173,121.468,247.0,183.02,84.42,209.52,121.47
1862,577076.166846,67.813,58,-56.318,8.01,57.504,152.275,119.508,246.02,184.4,78.74,207.8,119.56
1863,577076.170708,66.475,53,-52.76,9.773,60.774,152.257,116.359,250.41,186.64,83.35,207.33,116.45
1864,577076.174707,62.937,63,-53.001,9.48,67.655,148.702,114.337,250.46,186.32,92.71,202.72,114.33
1865,577076.18407,61.288,65,-53.642,9.481,71.61,149.062,117.086,249.55,186.32,98.03,204.0,117.1
1866,577076.187385,63.751,49,-51.056,10.081,69.614,157.403,119.326,253.11,187.16,95.33,215.42,119.33
1867,577076.191451,64.343,59,-52.057,9.243,64.692,149.41,120.926,251.72,186.02,88.58,204.46,120.92
1868,577076.195498,67.158,48,-52.24,9.031,59.864,154.215,119.208,251.45,185.64,82.18,210.62,119.24
1869,577076.199172,66.441,55,-48.626,11.509,60.253,150.746,115.774,256.34,189.08,82.5,206.61,115.76
1870,577076.207277,64.066,65,-49.75,10.749,66.517,152.095,113.953,254.92,188.05,91.13,207.78,113.96
1871,577076.219381,62.668,72,-49.681,9.493,67.941,147.975,118.473,254.98,186.35,93.05,202.57,118.48
1872,577076.223951,66.411,54,-51.054,8.743,61.872,154.61,118.634,253.27,185.41,84.77,211.11,118.61
1873,577076.226979,66.251,62,-51.277,9.488,59.908,148.758,116.748,252.78,186.34,82.04,203.61,116.75
1874,577076.234901,64.667,59,-49.094,9.617,64.136,149.892,113.777,255.63,186.49,87.9,204.7,113.86
1875,577076.239381,62.105,69,-50.007,8.811,69.962,149.537,113.338,254.57,185.41,95.81,204.61,113.33
1876,577076.24272,60.96,60,-50.326,8.844,71.039,146.344,116.133,254.15,185.48,97.29,200.14,116.11
1877,577076.246743,61.923,59,-50.093,6.944,68.838,146.259,117.745,254.42,182.86,94.28,200.23,117.75
1878,577076.250782,65.868,62,-50.759,6.816,62.068,151.812,119.247,253.47,182.67,85.04,207.42,119.21
1879,577076.259886,67.202,60,-49.377,8.531,57.698,148.901,116.154,255.41,184.98,79.18,203.7,116.15
1880,577076.262763,66.404,62,-48.406,8.678,60.29,150.617,114.318,256.65,185.21,82.65,205.89,114.28
1881,577076.267544,63.617,70,-49.982,8.071,66.636,149.957,113.317,254.58,184.4,91.28,205.02,113.31
1882,577076.271273,61.346,67,-51.53,7.675,71.067,148.205,115.843,252.44,183.84,97.31,202.85,115.85
1883,577076.275178,62.72,52,-52.567,7.162,68.454,149.352,119.836,251.02,183.15,93.74,204.36,119.84
1884,577076.278604,63.955,67,-51.936,6.603,65.151,148.383,120.671,251.88,182.4,89.22,203.05,120.67
1885,577076.287296,67.472,58,-53.996,6.211,59.222,154.574,119.746,249.22,181.96,81.13,210.73,119.73
1886,577076.290804,67.143,57,-54.662,7.78,57.861,148.961,118.257,248.15,184.01,79.23,203.81,118.27
1887,577076.294786,64.688,61,-52.742,8.672,63.64,148.848,115.331,250.85,185.23,87.13,203.45,115.4
1888,577076.303776,61.622,57,-54.717,8.319,70.343,148.003,117.941,248.04,184.72,96.31,202.32,117.97
1889,577076.311225,62.136,60,-54.544,7.25,68.964,147.555,120.008,248.43,183.4,94.43,202.25,120.11
1890,577076.315596,66.265,56,-56.091,6.871,61.704,153.3,121.129,246.22,182.79,84.49,209.67,121.13
1891,577076.318649,67.84,55,-53.373,10.535,56.456,149.675,116.756,249.96,187.82,77.28,204.72,116.74
1892,577076.323287,66.916,63,-53.083,10.535,60.111,153.311,114.441,250.27,187.79,82.45,209.27,114.42
1893,577076.326843,63.132,68,-54.345,9.989,67.666,149.723,113.636,248.52,186.97,92.68,204.44,113.67
1894,577076.335317,61.47,65,-54.849,10.057,70.978,148.609,116.601,248.01,187.14,97.24,202.9,116.68
1895,577076.339769,63.052,51,-52.362,9.935,69.699,153.799,117.974,251.1,186.87,95.46,209.8,118.07
1896,577076.342709,65.491,59,-54.962,8.97,62.836,151.47,120.3,247.77,185.66,86.02,207.2,120.3
1897,577076.347216,68.254,55,-55.852,9.037,56.816,153.349,118.938,246.64,185.81,77.82,208.99,118.99
1898,577076.3512,67.824,44,-51.579,10.966,57.351,151.941,115.728,252.26,188.31,78.58,207.41,115.75
1899,577076.35557,65.367,65,-51.188,10.829,63.286,151.838,113.3,252.88,188.14,86.68,207.41,113.28
1900,577076.36411,63.224,65,-52.205,10.47,67.678,150.227,115.27,251.59,187.7,92.68,205.4,115.27
1901,577076.366339,63.554,48,-49.504,11.285,66.632,149.616,117.177,255.14,188.77,91.24,204.42,117.24
1902,577076.371526,65.32,63,-50.362,10.012,62.468,149.605,119.401,254.04,187.07,85.54,204.75,119.4
1903,577076.374586,68.292,55,-51.242,9.143,56.908,153.857,118.968,253.1,186.06,77.97,209.68,118.91
1904,577076.379322,68.013,59,-50.167,10.325,55.582,148.455,117.737,254.28,187.48,76.13,203.19,117.74
1905,577076.388002,66.277,54,-49.152,10.173,61.037,151.718,115.222,255.58,187.24,83.59,207.35,115.27
1906,577076.392272,63.052,68,-48.949,10.014,67.794,149.594,115.886,255.97,187.04,92.83,204.82,115.89
1907,577076.394318,62.985,56,-49.601,9.3,67.829,149.331,119.386,255.06,186.07,92.89,204.39,119.39
1908,577076.399618,63.445,67,-48.281,8.696,66.367,148.452,120.475,256.87,185.25,90.94,203.0,120.47
1909,577076.403945,66.452,54,-50.079,7.752,61.178,153.129,120.804,254.36,183.96,83.81,209.33,120.81
1910,577076.411512,66.534,63,-50.325,8.736,58.926,147.982,119.581,254.06,185.31,80.7,202.55,119.58
1911,577076.415562,64.845,59,-48.696,9.301,63.181,148.635,116.809,256.29,186.07,86.53,203.49,116.81
1912,577076.418507,61.664,73,-49.932,8.817,70.224,147.952,115.903,254.7,185.45,96.16,202.35,115.9
1913,577076.423529,60.809,63,-51.949,8.187,71.968,147.56,119.351,251.86,184.55,98.54,201.93,119.36
1914,577076.426597,60.392,66,-51.513,6.613,72.483,146.71,120.381,252.47,182.41,99.26,200.81,120.38
1915,577076.431186,64.552,60,-53.479,6.089,65.935,153.447,121.578,249.8,181.74,90.24,209.97,121.55
1916,577076.439812,65.756,54,-54.432,7.186,61.526,149.838,119.933,248.52,183.23,84.24,204.8,119.97
1917,577076.442571,65.745,61,-52.1,8.764,62.928,153.185,116.004,251.51,185.28,86.23,208.51,116.11
1918,577076.447447,62.05,72,-53.305,8.367,69.468,148.215,114.403,250.01,184.78,95.13,202.73,114.41
1919,577076.450609,60.179,69,-54.629,8.17,73.224,147.244,116.625,248.22,184.53,100.24,201.45,116.64
1920,577076.454941,60.026,53,-54.317,7.314,72.327,144.77,116.382,248.65,183.33,99.14,198.1,116.45
1921,577076.476387,64.42,68,-54.637,8.83,65.545,151.805,113.195,248.22,185.43,89.74,207.69,113.21
1922,577076.479441,61.763,63,-55.226,8.853,70.372,148.738,114.68,247.47,185.43,96.5,203.27,114.72
1923,577076.487077,62.902,51,-55.317,8.905,69.01,151.499,117.453,247.28,185.54,94.48,207.24,117.47
1924,577076.490952,63.512,66,-54.721,8.605,66.392,148.86,118.585,248.09,185.14,90.89,203.66,118.59
1925,577076.494879,67.273,58,-56.165,7.862,59.884,154.999,118.843,246.1,184.13,81.98,212.09,118.85
1926,577076.499138,67.642,56,-51.818,10.38,57.609,151.445,116.015,251.99,187.55,78.87,207.07,116.05
1927,577076.502681,66.133,59,-51.901,10.131,61.499,151.994,113.407,251.83,187.15,84.28,207.16,113.41
1928,577076.506439,63.281,69,-52.544,10.199,67.16,149.374,114.583,251.04,187.29,91.97,204.3,114.6
1929,577076.514506,63.675,54,-52.385,10.191,66.857,150.762,117.436,251.27,187.29,91.54,206.28,117.45
1930,577076.51932,64.006,65,-51.209,9.808,65.363,149.138,118.645,252.89,186.78,89.5,204.1,118.64
1931,577076.522594,67.249,56,-51.741,9.469,59.385,153.561,118.873,252.16,186.34,81.31,210.14,118.87
1932,577076.527842,67.66,58,-48.382,11.346,57.374,150.946,116.617,256.77,188.9,78.58,206.55,116.6
1933,577076.530802,66.428,62,-49.127,10.849,61.215,153.072,114.513,255.69,188.18,83.85,209.33,114.53
1934,577076.538895,63.113,69,-50.001,10.813,67.326,148.873,115.308,254.68,188.22,92.2,203.4,115.3
1935,577076.542632,63.547,52,-49.953,10.609,67.343,151.174,118.085,254.64,187.89,92.23,206.82,118.06
1936,577076.547483,63.609,67,-49.39,10.027,66.137,148.788,119.046,255.36,187.08,90.57,203.67,119.04
1937,577076.556031,66.822,66,-49.077,10.361,59.518,151.216,117.397,255.88,187.6,81.54,206.54,117.37
1938,577076.563442,65.523,57,-49.345,10.303,62.731,151.403,114.665,255.55,187.5,85.92,207.15,114.64
1939,577076.566556,62.452,72,-51.023,9.768,68.703,148.55,115.399,253.14,186.71,94.07,203.34,115.41
1940,577076.57097,62.436,60,-52.45,9.236,68.647,148.349,118.638,251.18,185.99,93.99,203.01,118.65
1941,577076.574671,62.977,69,-51.332,8.738,67.635,148.859,119.328,252.71,185.32,92.61,203.72,119.33
1942,577076.578516,65.83,61,-53.044,7.918,62.241,152.012,119.812,250.38,184.21,85.22,207.98,119.81
1943,577076.582934,66.554,64,-53.688,8.727,58.906,148.047,118.74,249.47,185.3,80.66,202.57,118.75
1944,577076.592067,65.609,62,-52.823,8.861,62.11,150.399,115.494,250.94,185.64,85.1,205.74,115.6
1945,577076.594714,62.694,71,-53.758,8.635,68.402,149.11,115.008,249.41,185.16,93.65,204.06,115.02
1946,577076.599061,62.294,59,-55.568,8.073,69.027,148.468,118.408,246.92,184.4,94.5,203.11,118.43
1947,577076.603267,61.688,63,-54.703,6.748,69.865,147.309,119.16,248.13,182.71,95.44,201.61,119.15
1948,577076.607515,65.483,61,-55.631,6.945,63.161,152.211,120.098,246.97,182.97,86.46,207.84,120.07
1949,577076.61551,66.745,63,-56.389,7.713,58.668,148.592,119.385,245.78,183.92,80.32,203.26,119.41
1950,577076.618733,66.355,57,-55.508,7.857,60.212,150.13,115.804,246.98,184.09,82.45,205.23,115.82
1951,577076.622689,63.771,72,-55.704,8.12,66.225,149.845,114.939,246.79,184.47,90.69,204.75,114.97
1952,577076.626736,62.654,59,-56.703,7.965,68.216,148.501,117.905,245.31,184.22,93.37,203.22,117.97
1953,577076.630574,62.053,61,-55.796,6.774,69.225,147.709,118.934,246.71,182.72,94.75,201.81,118.86
1954,577076.639753,65.946,62,-56.868,6.455,62.923,154.379,120.566,245.13,182.17,86.2,211.16,120.6
1955,577076.652371,64.395,60,-54.931,8.595,65.017,150.445,115.624,247.82,185.13,89.01,205.81,115.63
1956,577076.655023,63.123,60,-54.912,8.835,67.176,148.594,118.102,247.86,185.47,91.98,203.14,118.13
1957,577076.658577,62.696,59,-53.39,8.06,68.172,148.617,119.377,249.97,184.49,93.26,203.52,119.38
1958,577076.668808,65.966,58,-54.045,7.921,62.228,152.789,120.738,249.09,184.29,85.21,208.72,120.71
1959,577076.670795,67.115,64,-53.406,9.134,57.815,148.671,119.867,249.85,185.87,79.16,203.42,119.88
1960,577076.675026,67.42,57,-50.662,10.168,59.203,154.188,116.694,253.59,187.27,81.1,210.31,116.68
1961,577076.678875,63.863,69,-50.999,10.211,65.989,149.799,115.47,253.15,187.31,90.4,204.66,115.47
1962,577076.682498,62.47,61,-51.645,10.064,68.66,148.547,118.352,252.23,187.11,94.01,203.18,118.39
1963,577076.691832,62.558,59,-49.646,9.944,68.851,149.398,119.018,254.9,186.89,94.36,204.12,119.06
1964,577076.69465,65.065,60,-51.094,9.059,64.252,152.406,120.069,253.33,185.99,88.05,207.43,119.96
1965,577076.69899,65.848,63,-49.423,10.629,60.881,148.794,118.13,255.27,187.85,83.43,203.65,118.17
1966,577076.702827,65.785,63,-49.354,10.213,62.529,152.45,116.204,255.36,187.31,85.63,208.53,116.23
1967,577076.707012,62.809,68,-50.398,9.831,68.394,149.671,115.117,254.01,186.8,93.63,205.02,115.12
1968,577076.714987,61.811,60,-51.156,9.601,69.892,147.954,117.926,252.95,186.49,95.7,202.49,117.93
1969,577076.719151,62.281,61,-49.369,9.428,69.349,149.096,118.458,255.33,186.22,94.99,203.88,118.49
1970,577076.723542,65.108,55,-51.334,8.244,64.437,153.09,119.709,252.67,184.63,88.27,209.23,119.71
1971,577076.732479,66.137,52,-50.163,9.268,62.494,154.48,115.712,254.3,186.02,85.61,211.12,115.7
1972,577076.736137,62.513,65,-51.031,9.229,68.782,149.027,114.427,253.23,186.02,94.26,203.25,114.46
1973,577076.743062,61.524,64,-52.142,8.814,70.579,148.028,117.402,251.6,185.41,96.63,202.58,117.42
1974,577076.747151,61.475,53,-51.054,8.239,70.579,147.795,118.115,253.07,184.65,96.58,202.28,118.14
1975,577076.751349,64.69,56,-52.732,7.548,65.073,152.211,119.662,250.81,183.7,89.1,208.26,119.66
1976,577076.755147,65.723,60,-51.706,9.084,61.143,148.712,117.847,252.2,185.8,83.73,203.45,117.85
1977,577076.759032,65.979,60,-51.657,9.148,62.168,152.722,115.742,252.22,185.86,85.22,207.88,115.78
1978,577076.76796,62.983,73,-52.983,8.895,67.843,149.351,114.468,250.37,185.47,92.95,203.93,114.48
1979,577076.771291,61.846,63,-54.007,8.711,69.771,147.867,117.316,249.06,185.27,95.52,202.31,117.34
1980,577076.775125,61.267,58,-53.347,7.46,70.465,146.579,117.882,250.05,183.63,96.48,200.37,117.84
1981,577076.778974,65.34,59,-54.941,7.1,64.164,153.787,119.95,247.75,183.03,87.91,210.43,119.99
1982,577076.783093,66.664,54,-55.21,8.135,59.304,149.709,118.902,247.38,184.47,81.22,204.75,118.97
1983,577076.78656,67.219,60,-52.778,9.601,59.961,154.852,114.934,250.67,186.46,82.16,211.19,114.96
1984,577076.795953,63.676,68,-53.57,9.625,66.345,149.612,114.081,249.7,186.53,90.87,204.44,114.09
1985,577076.798645,62.749,58,-54.761,9.338,68.052,148.623,117.221,247.96,186.1,93.14,203.45,117.28
1986,577076.803467,61.963,57,-53.442,7.99,69.609,148.092,118.354,249.98,184.42,95.31,202.92,118.44
1987,577076.810937,66.35,54,-52.793,9.186,59.903,149.329,118.138,250.74,185.93,82.09,204.15,118.14
1988,577076.819722,67.738,59,-51.17,10.551,58.97,155.657,114.88,252.84,187.72,80.81,212.9,114.94
1989,577076.822735,64.211,68,-52.699,10.178,65.274,150.035,114.882,250.91,187.29,89.38,205.18,114.91
1990,577076.826633,63.977,51,-53.247,10.044,66.067,150.587,117.722,250.07,187.09,90.46,205.99,117.74
1991,577076.830646,64.004,62,-53.037,8.435,66.621,151.997,119.846,250.49,184.92,91.37,207.71,119.81
1992,577076.834558,67.113,56,-53.203,8.651,60.204,154.801,120.033,250.12,185.2,82.44,211.68,120.04
1993,577076.844122,68.152,55,-52.888,9.821,55.666,149.582,119.418,250.63,186.82,76.24,204.83,119.4
1994,577076.846812,67.564,54,-50.284,10.663,59.035,154.68,115.355,254.35,188.0,80.93,211.68,115.29
1995,577076.85073,63.848,68,-51.154,10.631,65.829,149.353,115.792,252.95,187.89,90.13,204.45,115.8
1996,577076.854814,63.793,51,-51.223,10.384,66.701,151.036,118.351,252.64,187.5,91.3,206.17,118.44
1997,577076.858649,63.676,64,-50.659,9.713,66.228,149.347,119.763,253.63,186.66,90.68,204.39,119.76
1998,577076.862814,66.652,57,-52.367,8.513,61.001,153.923,120.404,251.29,185.02,83.53,210.67,120.4
1999,577076.871458,67.328,59,-52.364,9.522,57.418,148.96,119.418,251.28,186.39,78.63,203.85,119.43
2000,577076.875272,65.361,58,-51.069,9.862,62.0,148.718,116.227,253.16,186.87,84.85,203.59,116.29
2001,577076.879452,62.572,67,-51.937,9.617,68.312,148.297,116.508,251.88,186.5,93.53,202.96,116.52
2002,577076.882983,61.032,52,-51.515,7.895,71.536,147.703,117.654,252.46,184.14,98.0,202.29,117.72
2003,577076.887063,63.071,65,-52.464,8.136,67.458,148.952,120.53,251.17,184.5,92.37,203.81,120.53
2004,577076.907226,61.784,68,-53.28,8.875,69.554,147.11,116.448,249.99,185.43,95.24,201.48,116.51
2005,577076.910953,61.894,57,-52.751,8.052,71.351,151.454,117.993,250.78,184.37,97.7,207.21,118.0
2006,577076.919325,62.881,63,-54.171,7.405,68.008,149.193,120.316,248.85,183.51,93.11,204.1,120.31
2007,577076.923525,65.708,62,-54.689,7.626,61.592,149.717,120.134,248.35,183.98,84.34,204.27,120.07
2008,577076.92644,67.437,62,-53.233,8.497,59.246,154.406,117.771,250.11,184.97,81.13,210.97,117.78
2009,577076.93142,64.468,67,-53.798,8.336,64.525,149.702,114.894,249.44,184.79,88.37,204.54,114.93
2010,577076.93512,61.648,64,-54.808,8.474,70.078,147.569,116.427,247.97,184.95,95.93,201.89,116.45
2011,577076.938506,60.343,59,-54.754,6.715,72.663,146.853,117.72,248.06,182.56,99.48,200.95,117.74
2012,577076.948186,63.58,63,-55.928,6.432,67.893,152.584,120.918,246.46,182.15,93.03,208.6,120.93
2013,577076.950545,65.979,63,-55.864,7.123,61.501,151.079,120.062,246.64,183.16,84.27,206.3,120.06
2014,577076.955457,67.249,61,-53.574,8.716,59.592,154.092,117.072,249.62,185.3,81.65,209.99,117.11
2015,577076.958987,64.057,68,-53.989,8.768,65.522,149.771,114.682,249.1,185.35,89.71,204.93,114.7
2016,577076.962599,62.358,61,-55.371,8.473,69.244,149.251,117.188,247.19,184.95,94.79,204.2,117.21
2017,577076.97141,61.091,58,-53.878,7.587,71.211,147.307,117.767,249.29,183.81,97.44,201.81,117.85
2018,577076.974632,64.692,58,-54.556,7.688,65.3,152.756,120.197,248.28,183.88,89.42,208.78,120.21
2019,577076.979561,66.5,64,-54.592,8.452,59.495,149.204,119.787,248.23,184.94,81.46,203.92,119.81
2020,577076.987725,63.701,58,-52.335,9.828,65.526,147.898,115.473,251.29,186.78,89.71,202.55,115.47
2021,577076.995519,62.568,63,-52.82,9.741,68.594,148.891,117.157,250.68,186.68,93.91,203.75,117.17
2022,577076.99907,62.273,69,-51.189,9.457,69.26,148.862,118.297,252.91,186.29,94.84,203.73,118.3
2023,577077.003452,65.562,60,-52.829,8.286,63.763,154.126,120.281,250.64,184.67,87.33,211.16,120.29
2024,577077.007308,66.933,55,-51.985,9.463,58.638,149.66,119.595,251.71,186.28,80.3,204.56,119.63
2025,577077.01171,66.932,59,-49.717,10.637,60.3,153.896,115.407,254.9,187.9,82.6,210.24,115.45
2026,577077.015276,63.127,68,-50.372,10.741,67.227,148.727,115.147,254.07,188.04,92.06,203.65,115.13
2027,577077.023255,62.552,54,-51.472,10.37,68.55,148.715,117.864,252.72,187.49,94.14,203.39,117.73
2028,577077.027308,62.404,67,-50.128,9.81,69.002,148.958,118.715,254.36,186.78,94.48,203.88,118.71
2029,577077.030488,65.193,58,-51.047,9.71,63.159,150.534,119.016,253.25,186.69,86.62,205.52,119.01
2030,577077.035321,66.773,58,-50.03,10.328,59.799,151.63,117.577,254.38,187.44,81.91,207.18,117.59
2031,577077.038446,65.651,65,-50.266,10.144,62.849,152.438,114.456,254.18,187.23,86.06,208.64,114.46
2032,577077.048041,62.544,66,-51.481,9.892,68.432,148.421,115.35,252.51,186.88,93.69,203.15,115.36
2033,577077.050625,61.158,56,-51.244,8.077,70.909,146.993,115.916,252.86,184.41,97.11,201.22,115.94
2034,577077.054873,63.219,64,-52.76,7.578,67.934,150.768,119.597,250.77,183.73,93.03,206.31,119.6
2035,577077.058655,66.087,62,-53.3,7.971,61.431,151.551,119.308,250.11,184.33,84.1,207.13,119.31
2036,577077.062712,67.761,64,-50.898,9.43,58.395,154.291,116.954,253.26,186.25,79.98,210.98,116.97
2037,577077.071596,65.305,63,-52.224,8.869,63.049,150.909,114.27,251.51,185.49,86.34,206.51,114.28
2038,577077.076297,62.527,65,-53.092,8.943,68.137,147.697,116.018,250.32,185.59,93.28,202.1,116.03
2039,577077.078931,61.515,56,-52.662,7.737,69.2,145.097,115.755,250.94,184.0,94.67,198.53,115.71
2040,577077.083169,64.215,66,-53.475,7.912,65.165,149.809,119.457,249.79,184.19,89.22,204.98,119.46
2041,577077.086544,66.507,62,-53.494,8.497,59.366,148.925,119.139,249.82,185.06,81.29,203.52,119.11
2042,577077.090825,67.949,58,-52.838,8.716,58.227,155.091,116.934,250.7,185.32,79.76,211.91,116.94
2043,577077.098789,64.606,70,-54.031,8.501,64.27,149.866,115.202,249.04,184.99,87.99,205.08,115.21
2044,577077.103163,62.859,61,-55.284,8.315,67.841,148.713,117.677,247.31,184.73,92.87,203.45,117.7
2045,577077.10789,62.131,60,-54.302,7.652,69.327,148.31,118.761,248.7,183.85,94.93,202.83,118.77
2046,577077.111453,64.976,64,-55.496,7.289,63.96,151.207,120.666,247.32,183.5,87.58,206.0,120.72
2047,577077.115528,66.915,62,-55.956,8.005,58.369,148.861,120.359,246.24,184.28,79.91,203.28,120.42
2048,577077.124056,67.301,63,-54.29,8.979,59.378,153.876,116.398,248.54,185.62,81.36,209.5,116.45
2049,577077.126681,63.627,67,-54.93,9.042,66.188,148.999,115.859,247.77,185.72,90.6,203.81,115.9
2050,577077.131018,63.056,56,-55.664,8.836,67.735,149.485,118.313,246.62,185.4,92.7,204.07,118.41
2051,577077.13546,62.794,67,-54.836,8.374,68.241,149.262,119.541,248.01,184.88,93.43,203.94,119.53
2052,577077.139402,65.29,61,-54.654,8.831,62.31,149.057,119.914,248.3,185.56,85.29,203.7,119.85
2053,577077.154702,62.974,70,-54.042,9.874,67.219,147.932,116.518,249.02,186.86,92.02,202.42,116.53
2054,577077.160156,61.34,58,-53.57,8.433,70.583,147.166,116.738,249.68,184.91,96.64,201.41,116.76
2055,577077.162927,63.984,65,-54.763,8.178,67.115,153.015,120.478,248.03,184.56,91.88,209.37,120.48
2056,577077.167305,65.816,65,-53.334,9.649,61.195,149.376,119.792,249.99,186.59,83.78,204.35,119.78
2057,577077.175413,67.564,59,-52.169,10.035,58.401,153.023,118.026,251.32,186.99,80.06,208.28,118.1
2058,577077.178575,64.886,69,-52.513,9.934,63.533,149.691,115.107,251.11,186.94,86.99,204.88,115.12
2059,577077.183506,62.48,62,-52.396,10.377,68.239,147.683,116.476,251.51,187.72,93.42,201.54,116.37
2060,577077.186505,61.145,62,-51.917,8.819,71.206,147.549,118.136,251.89,185.42,97.5,201.99,118.11
2061,577077.190752,64.34,59,-52.679,8.841,65.991,152.395,120.236,250.88,185.48,90.35,208.49,120.23
2062,577077.200557,65.949,59,-51.614,9.975,60.573,148.628,119.452,252.41,187.06,82.93,203.52,119.41
2063,577077.202856,67.157,62,-50.832,10.044,59.741,153.886,116.827,253.39,187.1,81.81,210.61,116.83
2064,577077.20764,63.702,69,-51.245,10.003,66.139,149.287,115.087,252.82,187.02,90.58,204.23,115.1
2065,577077.210772,62.163,64,-51.989,9.722,69.238,148.272,117.555,251.81,186.65,94.8,202.91,117.57
2066,577077.21574,62.114,64,-51.904,8.117,70.816,151.41,119.524,252.04,184.52,96.99,206.88,119.53
2067,577077.218186,65.024,59,-52.46,8.134,65.003,153.948,120.467,251.16,184.5,89.0,210.7,120.46
2068,577077.226991,66.183,61,-51.61,9.121,60.242,149.185,119.734,252.26,185.78,82.63,203.67,119.79
2069,577077.231089,65.849,61,-51.224,9.455,61.655,150.695,115.762,252.88,186.3,84.43,206.29,115.77
2070,577077.239679,63.278,49,-50.538,9.796,69.507,154.576,116.548,253.88,186.79,95.22,211.17,116.54
2071,577077.244564,61.717,62,-52.331,7.772,71.166,150.193,120.183,251.39,184.0,97.45,205.59,120.16
2072,577077.251849,64.337,66,-52.383,8.415,64.939,149.949,120.099,251.32,184.91,88.93,205.0,120.11
2073,577077.255205,66.799,63,-50.602,9.714,60.785,154.291,117.864,253.64,186.61,83.25,210.91,117.85
2074,577077.258701,64.546,66,-51.539,9.548,64.752,150.659,114.683,252.44,186.41,88.67,206.18,114.69
2075,577077.262869,61.77,64,-52.353,9.687,69.991,147.969,115.886,251.33,186.6,95.82,202.48,115.9
2076,577077.266571,60.08,64,-52.223,8.043,73.455,147.265,117.012,251.56,184.38,100.59,201.44,117.02
2077,577077.276343,63.143,58,-52.937,8.4,68.152,150.858,119.245,250.55,184.86,93.33,206.09,119.23
2078,577077.279215,65.381,63,-52.666,9.284,62.093,149.054,118.774,251.06,186.18,85.04,203.59,118.71
2079,577077.283244,67.135,60,-52.265,9.613,60.079,154.621,115.855,251.44,186.51,82.26,211.59,115.86
2080,577077.286457,63.546,69,-52.776,9.624,66.449,149.162,114.06,250.75,186.51,90.98,204.15,114.07
2081,577077.290981,62.401,61,-53.906,9.473,68.759,148.416,116.603,249.2,186.31,94.14,203.07,116.62
2082,577077.294974,62.085,67,-52.99,8.868,69.739,148.965,117.711,250.48,185.47,95.56,203.8,117.71
2083,577077.304263,64.79,62,-53.849,8.54,64.169,150.653,119.139,249.63,185.31,87.86,205.04,119.05
2084,577077.30666,67.676,61,-52.166,9.792,58.532,154.093,117.994,251.58,186.77,80.15,210.9,118.0
2085,577077.311614,66.645,60,-52.752,9.506,60.444,152.471,114.256,250.8,186.39,82.8,208.54,114.31
2086,577077.314895,63.423,66,-53.044,9.975,66.416,148.448,115.003,250.38,187.0,90.93,203.14,115.02
2087,577077.327595,63.894,71,-52.915,9.378,65.703,149.317,118.339,250.56,186.19,89.96,204.33,118.35
2088,577077.33219,66.246,69,-52.759,9.633,60.026,149.019,118.976,250.78,186.57,82.18,203.87,118.97
2089,577077.334605,68.317,56,-51.73,9.977,56.49,152.89,117.376,251.93,186.92,77.36,208.79,117.45
2090,577077.339251,65.962,68,-52.343,9.796,61.244,150.351,114.592,251.31,186.74,83.87,205.64,114.6
2091,577077.342783,63.821,60,-53.252,9.824,65.894,149.361,116.634,250.02,186.75,90.21,204.51,116.69
2092,577077.350927,62.038,61,-52.092,8.769,68.923,146.994,117.199,251.77,185.42,94.38,200.93,117.16
2093,577077.354856,65.059,61,-53.085,8.687,64.073,151.943,119.98,250.25,185.23,87.76,207.6,120.0
2094,577077.358801,66.836,62,-52.611,9.514,58.439,148.565,119.94,250.98,186.41,80.03,203.12,119.93
2095,577077.362829,68.355,59,-51.635,9.915,57.249,155.204,117.067,252.33,186.95,78.41,212.11,117.09
2096,577077.366888,64.629,71,-52.212,9.974,63.866,149.051,115.949,251.7,187.06,87.45,203.51,116.03
2097,577077.370819,63.452,59,-53.276,9.787,66.503,148.795,118.162,250.08,186.76,91.07,203.45,118.19
2098,577077.379544,62.985,69,-52.267,9.34,67.751,149.16,119.281,251.44,186.14,92.76,204.12,119.28
2099,577077.38273,65.292,61,-53.04,8.932,62.852,150.365,120.735,250.7,185.87,86.06,204.68,120.61
2100,577077.387,67.658,63,-51.587,9.83,58.28,153.313,119.891,252.38,186.79,79.89,209.46,119.88
2101,577077.391849,66.619,64,-51.994,9.902,60.49,152.425,116.343,251.92,186.98,82.85,208.43,116.35
2102,577077.394649,63.293,65,-52.596,10.183,66.723,148.465,116.666,250.99,187.29,91.35,203.17,116.68
2103,577077.404513,61.086,57,-52.48,8.651,71.134,147.123,117.27,251.25,185.29,97.33,201.06,117.17
2104,577077.416045,66.145,48,-52.048,9.506,61.42,151.869,118.182,251.7,186.32,84.22,207.49,118.18
2105,577077.419607,64.435,65,-53.406,9.547,64.932,150.466,115.705,250.02,186.47,88.94,205.5,115.73
2106,577077.427478,62.562,61,-54.042,9.474,68.534,148.73,117.661,249.07,186.35,93.85,203.34,117.66
2107,577077.431279,61.72,68,-52.823,9.052,70.635,149.09,118.433,250.64,185.71,96.74,203.86,118.45
2108,577077.434937,64.28,63,-54.763,7.848,66.304,152.783,120.492,248.01,184.1,90.77,209.07,120.5
2109,577077.438939,65.873,62,-53.807,8.882,60.949,149.107,120.031,249.21,185.48,83.46,203.71,120.07
2110,577077.442807,65.786,60,-53.823,8.567,61.304,149.47,115.711,249.43,185.07,84.12,204.17,115.67
2111,577077.451577,63.127,66,-53.235,9.522,67.124,148.499,115.727,250.16,186.41,91.91,203.07,115.73
2112,577077.455147,60.896,57,-52.217,8.48,70.655,145.265,114.739,251.5,184.93,96.75,198.7,114.72
2113,577077.458955,62.465,69,-53.089,8.713,68.83,148.89,118.497,250.35,185.31,94.24,203.62,118.49
2114,577077.463317,65.066,63,-54.379,7.823,63.923,151.628,119.891,248.53,184.07,87.52,207.49,119.89
2115,577077.466954,67.136,57,-51.67,9.178,59.842,154.011,118.086,252.3,185.97,81.93,210.67,118.07
2116,577077.471151,65.033,69,-52.928,8.829,63.512,150.467,115.183,250.58,185.46,86.97,205.78,115.18
2117,577077.479654,62.653,63,-53.074,9.167,67.937,147.891,116.343,250.34,185.9,93.01,202.36,116.36
2118,577077.483025,61.617,64,-52.575,8.011,71.005,149.37,117.806,251.1,184.38,97.22,204.15,117.76
2119,577077.487358,63.899,62,-53.742,7.656,66.748,151.718,119.57,249.43,183.84,91.39,207.58,119.57
2120,577077.490709,65.535,63,-54.051,8.209,61.433,148.34,120.078,248.96,184.59,84.11,202.92,120.1
2121,577077.494988,66.737,63,-52.319,8.887,60.183,152.38,116.849,251.17,185.47,82.52,207.64,116.93
2122,577077.50415,63.822,68,-52.825,9.192,65.679,148.875,115.336,250.73,185.96,89.94,203.57,115.34
2123,577077.507404,63.005,53,-53.551,9.031,67.732,149.216,117.265,249.67,185.71,92.74,204.16,117.28
2124,577077.511086,62.452,62,-52.726,8.639,68.948,149.078,118.234,250.82,185.18,94.4,203.99,118.24
2125,577077.514853,64.378,66,-52.7,8.985,64.149,148.346,118.994,250.9,185.7,87.8,203.05,118.97
2126,577077.518631,66.952,59,-51.582,9.508,59.737,152.586,118.537,252.33,186.36,81.85,208.24,118.56
2127,577077.522981,65.633,60,-52.679,9.105,61.921,150.085,115.179,251.09,185.93,84.81,205.3,115.25
2128,577077.531462,63.169,64,-52.383,9.981,66.637,147.634,115.839,251.43,187.12,91.21,201.71,115.77
2129,577077.534448,62.115,64,-51.814,9.07,70.113,149.909,117.075,252.07,185.77,96.0,204.92,117.04
2130,577077.538839,63.92,57,-53.904,8.313,67.023,152.454,119.554,249.1,184.7,91.8,208.18,119.6
2131,577077.543394,65.209,66,-53.165,9.463,62.013,147.896,119.594,250.12,186.28,84.9,202.29,119.63
2132,577077.546776,67.685,58,-51.35,10.076,59.465,156.612,117.23,252.73,187.18,81.46,213.93,117.23
2133,577077.554989,64.641,70,-52.472,10.088,64.277,150.077,115.425,251.22,187.18,88.03,205.22,115.43
2134,577077.559234,63.391,60,-53.075,10.124,66.774,149.083,117.174,250.22,187.18,91.42,203.71,117.24
2135,577077.56267,62.646,65,-51.898,9.886,68.7,149.517,117.846,251.95,186.88,94.06,204.61,117.85
2136,577077.567588,64.841,66,-53.271,9.063,64.724,152.243,119.463,250.23,185.87,88.64,207.79,119.45
2137,577077.571345,67.126,61,-50.919,10.654,59.912,154.132,118.683,253.28,187.95,82.04,210.99,118.69
2138,577077.592081,64.33,63,-52.767,9.289,66.517,153.551,119.203,250.76,186.07,91.07,210.15,119.21
2139,577077.595732,65.383,63,-52.081,10.16,61.901,148.605,119.12,251.62,187.24,84.77,203.15,119.14
2140,577077.598611,67.425,62,-51.116,10.26,59.449,154.859,117.304,253.01,187.4,81.41,211.93,117.31
2141,577077.608393,64.766,68,-52.233,10.036,64.028,150.189,115.482,251.49,187.09,87.7,205.17,115.54
2142,577077.611491,62.596,58,-50.445,9.781,69.339,150.652,116.074,253.91,186.7,94.95,206.09,116.06
2143,577077.614863,62.784,67,-51.809,9.658,68.213,149.153,117.902,252.07,186.57,93.4,204.12,117.9
2144,577077.619233,64.982,70,-53.455,8.587,64.448,152.396,119.612,249.8,185.11,88.23,208.59,119.61
2145,577077.62312,66.521,60,-52.109,9.642,59.981,150.551,119.137,251.75,186.58,82.19,206.17,119.09
2146,577077.631383,66.999,56,-51.579,9.637,60.866,155.772,115.842,252.36,186.54,83.35,213.05,115.86
2147,577077.634935,63.748,62,-52.605,9.765,65.718,148.575,116.379,250.99,186.74,90.0,203.03,116.39
2148,577077.638915,61.792,64,-52.447,8.223,69.579,147.202,116.794,251.21,184.61,95.27,201.49,116.81
2149,577077.643027,64.106,62,-53.922,7.978,66.687,152.705,119.641,249.15,184.28,91.3,208.87,119.66
2150,577077.647224,65.305,69,-52.869,9.09,62.221,148.927,119.377,250.62,185.82,85.19,203.75,119.37
2151,577077.655914,67.296,62,-52.226,9.074,59.335,153.725,118.12,251.39,185.74,81.31,209.57,118.13
2152,577077.659179,64.982,66,-53.547,8.758,63.503,150.157,115.846,249.71,185.33,86.98,205.12,115.87
2153,577077.663032,63.626,60,-54.476,8.825,66.181,148.98,117.85,248.45,185.45,90.62,203.67,117.88
2154,577077.675833,66.49,56,-52.811,9.157,60.347,151.281,119.186,250.48,185.75,82.6,207.56,119.3
2155,577077.684265,66.536,63,-53.275,8.692,60.787,152.665,116.725,250.16,185.31,83.23,208.61,116.73
2156,577077.68675,63.671,65,-53.761,9.22,65.732,148.203,116.619,249.4,185.98,89.99,202.78,116.63
2157,577077.690992,61.523,56,-53.002,8.102,69.354,145.456,115.829,250.46,184.46,94.97,199.07,115.85
2158,577077.694803,63.339,64,-53.846,8.503,67.218,149.801,119.104,249.29,185.01,92.02,204.96,119.11
2159,577077.698479,65.111,66,-53.683,8.929,62.694,148.967,119.59,249.51,185.6,85.83,203.77,119.59
2160,577077.707534,67.205,58,-53.051,8.999,59.936,154.702,118.336,250.36,185.68,82.07,211.65,118.35
2161,577077.710696,64.767,66,-53.892,8.99,64.172,150.531,116.041,249.27,185.67,87.87,205.81,116.07
2162,577077.715703,63.289,61,-54.558,9.082,66.803,148.62,117.836,248.3,185.78,91.45,203.33,117.86
2163,577077.718581,62.454,68,-53.196,8.922,68.947,149.087,118.185,250.2,185.58,94.41,203.9,118.2
2164,577077.723027,64.522,68,-54.734,8.073,65.502,152.271,119.84,248.06,184.41,89.67,208.38,119.84
2165,577077.726519,65.766,62,-53.718,9.12,61.174,149.036,119.818,249.18,185.8,83.65,203.16,120.0
2166,577077.734565,65.474,66,-53.585,8.935,62.127,149.667,116.178,249.56,185.53,85.08,204.54,116.16
2167,577077.739179,63.162,64,-52.728,10.276,66.527,147.354,116.163,250.93,187.5,91.07,201.35,116.11
2168,577077.743266,61.687,56,-52.51,8.886,70.455,148.547,117.03,251.17,185.57,96.5,203.42,117.1
2169,577077.747139,63.532,55,-54.364,8.348,67.762,152.036,119.619,248.52,184.76,92.79,207.75,119.63
2170,577077.759775,66.66,60,-52.584,9.41,61.039,154.065,117.983,250.98,186.24,83.6,210.38,118.01
2171,577077.762696,64.496,70,-52.819,9.726,64.647,150.143,115.711,250.78,186.7,88.61,204.65,115.74
2172,577077.767566,63.317,58,-53.554,9.771,66.644,148.408,117.353,249.66,186.7,91.24,203.01,117.35
2173,577077.770906,62.522,69,-52.256,9.501,68.635,148.752,117.699,251.46,186.36,93.97,203.56,117.7
2174,577077.775006,64.736,66,-53.564,8.682,65.039,152.391,119.226,249.66,185.24,89.04,208.56,119.23
2175,577077.783742,66.438,65,-51.375,10.047,60.764,152.011,118.607,252.65,187.11,83.21,208.03,118.61
2176,577077.787332,65.854,58,-52.253,9.445,61.693,150.813,115.501,251.4,186.24,84.54,205.74,115.52
2177,577077.791217,63.371,63,-51.891,10.383,66.11,147.5,115.907,252.12,187.67,90.53,201.41,115.85
2178,577077.794923,61.596,64,-51.702,8.744,69.928,147.006,116.3,252.28,185.35,95.75,201.1,116.32
2179,577077.798772,63.958,56,-52.833,8.754,66.954,152.505,119.0,250.68,185.35,91.67,208.64,119.0
2180,577077.802782,64.937,66,-53.113,9.065,62.888,148.454,119.585,250.24,185.71,86.26,202.68,119.62
2181,577077.812236,66.845,62,-51.279,9.727,60.516,153.896,117.446,252.57,186.58,82.91,209.83,117.49
2182,577077.814849,64.33,66,-52.585,9.509,64.731,149.428,115.804,250.98,186.35,88.64,204.4,115.82
2183,577077.818701,63.316,60,-53.155,9.53,66.741,148.623,117.521,250.15,186.38,91.37,203.23,117.57
2184,577077.82323,62.972,64,-53.193,8.097,68.977,151.788,118.892,250.21,184.42,94.55,207.57,118.89
2185,577077.826804,64.834,62,-53.547,8.495,64.557,151.811,119.388,249.79,185.03,88.45,207.33,119.38
2186,577077.835542,66.362,57,-51.227,9.954,60.754,151.526,118.365,252.89,187.01,83.21,207.15,118.37
2187,577077.844395,63.401,68,-52.732,9.739,66.39,148.277,116.558,250.81,186.68,90.9,202.9,116.57
2188,577077.848598,61.754,60,-52.59,8.539,69.857,147.608,117.116,251.04,185.1,95.55,202.03,117.09
2189,577077.851078,64.656,57,-54.278,8.098,66.415,155.158,119.486,248.62,184.39,90.92,212.58,119.52
2190,577077.859797,65.392,64,-54.522,8.888,61.735,148.253,119.994,248.33,185.53,84.52,202.83,120.01
2191,577077.862571,66.83,64,-52.548,9.507,60.545,153.878,117.032,251.01,186.37,82.92,210.14,117.07
2192,577077.866917,64.048,69,-53.615,9.54,65.173,148.926,116.062,249.59,186.41,89.23,203.8,116.08
2193,577077.870818,62.592,51,-51.459,9.364,69.27,150.479,116.382,252.66,186.33,94.67,205.9,116.26
2194,577077.874783,63.263,59,-53.529,9.162,67.378,149.761,118.364,249.74,185.91,92.28,204.6,118.37
2195,577077.878825,64.79,65,-53.957,9.055,63.436,148.932,119.188,249.27,185.86,86.86,203.31,119.16
2196,577077.887815,67.358,58,-52.265,9.931,59.611,154.844,118.367,251.33,186.87,81.65,211.65,118.37
2197,577077.890417,65.702,67,-53.836,9.323,62.365,151.56,115.723,249.3,186.11,85.39,207.4,115.74
2198,577077.895045,63.844,60,-54.82,9.387,65.937,149.579,117.427,248.0,186.23,90.28,204.54,117.42
2199,577077.898487,62.004,60,-53.456,8.509,69.325,147.685,117.579,249.87,185.04,94.91,201.99,117.56
2200,577077.902693,64.873,59,-54.733,8.39,64.969,153.002,119.627,248.26,184.98,89.06,207.95,119.58
2201,577077.911256,66.092,64,-54.448,9.14,60.406,149.049,119.838,248.34,185.84,82.71,203.63,119.88
2202,577077.914829,67.321,57,-52.52,9.683,60.11,155.899,116.606,251.11,186.63,82.32,213.04,116.61
2203,577077.918684,64.269,62,-53.809,9.663,64.902,149.495,116.364,249.41,186.61,88.85,204.52,116.38
2204,577077.926786,63.571,68,-53.316,9.303,66.525,149.464,118.715,249.95,186.06,91.08,204.52,118.75
2205,577077.935271,65.741,64,-54.146,8.826,62.321,151.686,119.928,248.86,185.42,85.33,207.79,119.93
2206,577077.938811,66.67,53,-51.598,9.999,59.414,150.027,118.56,252.2,186.98,81.37,205.18,118.6
2207,577077.942686,65.424,67,-53.386,9.348,63.023,151.533,116.143,249.99,186.19,86.31,207.13,116.14
2208,577077.94664,63.627,58,-54.183,9.414,66.313,149.282,118.009,248.81,186.24,90.78,204.25,118.03
2209,577077.951332,62.542,67,-52.521,9.282,68.839,149.295,118.41,251.05,186.03,94.28,204.16,118.43
2210,577077.954684,64.921,62,-54.349,8.14,65.299,154.055,120.227,248.67,184.54,89.41,210.54,120.25
2211,577077.963313,65.896,62,-53.476,9.144,60.958,149.262,120.255,249.74,185.87,83.46,204.16,120.28
2212,577077.966513,66.131,58,-53.266,8.933,61.256,151.382,116.522,250.09,185.59,83.88,207.2,116.54
2213,577077.97109,63.429,66,-52.948,9.862,66.346,148.324,116.774,250.51,186.85,90.83,202.96,116.79
2214,577077.974546,61.658,57,-52.399,8.631,70.337,148.16,117.166,251.28,185.17,96.31,202.8,117.18
2215,577077.979595,63.439,61,-54.169,8.078,67.937,151.933,120.105,248.79,184.39,93.03,207.65,120.11
2216,577077.988344,64.854,60,-53.996,8.788,63.29,148.942,120.406,249.02,185.37,86.65,203.73,120.46
2217,577077.991374,66.734,62,-52.1,9.582,60.656,153.557,118.073,251.46,186.36,83.05,209.53,118.08
2218,577077.994832,64.193,67,-52.919,9.615,65.315,150.031,115.828,250.54,186.5,89.42,205.34,115.84
2219,577077.998664,62.871,59,-53.752,9.58,67.776,148.632,117.716,249.4,186.46,92.79,203.37,117.74
2220,577078.002619,62.006,68,-52.606,9.129,69.914,148.948,118.229,250.98,185.86,95.74,203.6,118.23
2221,577078.012773,63.997,67,-53.782,8.43,66.118,150.808,119.597,249.68,185.09,90.62,205.26,119.58
2222,577078.024298,63.201,72,-53.239,9.46,67.048,148.708,116.423,250.15,186.32,91.81,203.37,116.43
2223,577078.027978,61.92,64,-52.222,8.977,69.759,148.203,116.725,251.54,185.66,95.49,203.08,116.77
2224,577078.030808,64.285,61,-54.115,8.086,66.595,153.482,118.992,248.92,184.43,91.17,210.02,119.0
2225,577078.040201,65.396,66,-52.756,9.361,62.254,149.524,118.721,250.78,186.18,85.24,204.57,118.72
2226,577078.042568,66.757,63,-52.243,9.276,60.753,153.95,116.62,251.43,186.02,83.21,210.43,116.62
2227,577078.047436,63.836,67,-53.192,9.327,65.536,148.629,115.78,250.17,186.11,89.72,203.4,115.79
2228,577078.050754,62.472,51,-51.548,8.718,69.646,150.69,116.16,252.23,185.19,95.43,205.66,116.26
2229,577078.055081,63.031,61,-53.196,8.75,67.681,149.239,118.219,250.18,185.34,92.66,204.19,118.22
2230,577078.064419,64.738,65,-53.197,8.964,63.483,148.758,118.886,250.22,185.68,86.92,203.36,118.87
2231,577078.067025,67.063,63,-52.017,9.321,60.055,154.096,118.178,251.63,186.05,82.29,210.04,118.17
2232,577078.071612,65.254,64,-53.625,8.885,62.969,150.431,115.589,249.59,185.51,86.21,205.89,115.6
2233,577078.07474,63.475,56,-53.818,9.436,66.17,148.168,116.963,249.4,186.32,90.62,202.53,116.94
2234,577078.079308,62.683,68,-52.801,9.041,68.452,149.161,117.446,250.74,185.73,93.74,203.99,117.46
2235,577078.08729,64.751,62,-54.632,8.051,65.228,152.922,119.47,248.17,184.37,89.29,209.19,119.5
2236,577078.090718,66.198,59,-52.788,9.613,60.85,150.778,119.017,250.74,186.5,83.42,205.98,119.02
2237,577078.095325,66.101,59,-53.93,8.708,60.755,149.966,115.942,249.33,185.37,83.23,204.81,115.96
2238,577078.09929,63.715,65,-53.34,10.005,65.398,147.681,116.268,250.12,187.14,89.55,201.65,116.23
2239,577078.108484,63.567,66,-53.726,9.322,66.697,149.832,118.542,249.47,186.17,91.22,205.11,118.53
2240,577078.115315,65.245,64,-53.784,9.581,62.547,149.367,119.191,249.48,186.51,85.71,204.37,119.13
2241,577078.118506,67.071,61,-53.081,9.687,59.992,153.988,117.917,250.15,186.54,82.18,210.03,117.95
2242,577078.123162,64.934,68,-54.082,9.535,63.733,150.43,116.061,249.02,186.42,87.27,205.66,116.1
2243,577078.126377,63.861,58,-54.719,9.678,65.577,148.851,117.809,248.08,186.6,89.78,203.64,117.83
2244,577078.130886,63.111,68,-53.397,9.454,67.53,149.314,118.181,249.98,186.35,92.47,204.04,118.17
2245,577078.139371,65.454,63,-54.717,8.699,63.653,153.224,119.461,248.07,185.27,87.14,209.72,119.46
2246,577078.143008,67.0,62,-52.18,10.157,59.814,153.08,118.595,251.55,187.27,81.9,209.47,118.6
2247,577078.146921,65.908,64,-53.023,9.608,61.929,151.712,115.943,250.33,186.48,84.81,207.31,115.98
2248,577078.15098,63.714,62,-53.184,10.148,65.73,148.424,116.846,250.24,187.28,89.99,202.96,116.83
2249,577078.155678,62.399,65,-52.384,9.232,68.742,148.371,117.424,251.33,186.03,94.14,203.16,117.47
2250,577078.163217,64.701,57,-54.16,8.481,65.438,153.128,119.631,248.93,185.04,89.6,209.24,119.61
2251,577078.166483,65.866,60,-53.294,9.433,60.967,149.112,119.786,250.0,186.27,83.48,203.96,119.8
2252,577078.17073,66.94,64,-51.908,9.763,60.32,153.995,116.977,251.92,186.72,82.6,210.71,116.99
2253,577078.174946,63.705,64,-52.238,10.246,65.338,147.491,116.283,251.49,187.38,89.45,201.82,116.29
2254,577078.179175,63.013,55,-50.945,9.477,68.972,151.992,116.846,253.27,186.33,94.46,207.77,116.85
2255,577078.182508,63.135,57,-52.453,9.206,67.459,149.284,119.085,251.31,186.04,92.37,203.92,119.06
2256,577078.191844,64.805,64,-52.801,9.391,63.227,148.522,119.556,250.79,186.25,86.61,203.24,119.5
2257,577078.204448,63.445,65,-53.592,9.434,66.865,149.568,117.604,249.51,186.23,91.55,204.32,117.66
2258,577078.20699,62.473,65,-52.791,9.114,68.981,149.256,118.22,250.73,185.83,94.44,204.24,118.22
2259,577078.216499,64.44,68,-54.622,8.056,65.761,152.416,119.896,248.26,184.42,90.05,208.38,119.9
2260,577078.219366,65.749,58,-53.817,8.993,61.516,149.767,119.856,249.28,185.66,84.23,204.84,119.88
2261,577078.222425,66.028,65,-53.527,9.015,62.213,153.122,116.588,249.72,185.69,85.18,209.51,116.6
2262,577078.227241,63.063,65,-53.427,9.875,66.716,147.273,116.541,249.91,186.94,91.25,201.48,116.49
2263,577078.230515,61.439,61,-53.455,8.375,70.222,146.88,116.758,249.88,184.85,96.16,200.9,116.78
2264,577078.234216,63.978,63,-54.911,8.024,67.317,153.443,119.584,247.83,184.35,92.16,209.94,119.59
2265,577078.242678,64.963,62,-55.289,8.614,62.692,148.135,120.295,247.2,185.09,85.84,202.75,120.37
2266,577078.246667,66.742,63,-53.444,9.255,60.761,153.876,117.586,249.68,185.97,83.26,209.61,117.65
2267,577078.250396,63.993,67,-54.186,9.361,65.386,149.117,116.252,248.82,186.16,89.51,204.05,116.27
2268,577078.254426,63.329,58,-54.663,9.343,67.044,149.365,117.749,248.06,186.11,91.78,204.08,117.81
2269,577078.258684,62.713,66,-53.854,8.935,68.472,149.355,118.474,249.31,185.6,93.74,204.28,118.49
2270,577078.268662,64.503,66,-53.96,9.13,64.203,149.151,119.315,249.09,185.87,87.93,203.58,119.31
2271,577078.270806,66.653,65,-52.789,9.521,60.583,152.87,118.526,250.65,186.35,82.98,208.88,118.53
2272,577078.274659,64.986,66,-53.766,9.257,63.498,150.17,115.715,249.4,186.02,86.94,205.53,115.73
2273,577078.278886,63.4,64,-54.069,9.538,66.746,149.067,117.287,248.96,186.4,91.38,203.96,117.31
2274,577078.282996,62.058,68,-52.763,9.095,69.569,148.469,117.751,250.77,185.8,95.25,203.18,117.76
2275,577078.292382,64.532,66,-54.099,8.519,65.583,152.513,119.344,248.99,185.06,89.8,208.48,119.33
2276,577078.294638,66.363,63,-52.28,9.842,61.19,152.62,118.993,251.36,186.76,83.95,208.22,119.03
2277,577078.299193,66.177,63,-52.319,9.568,61.6,152.508,116.186,251.42,186.47,84.37,208.5,116.21
2278,577078.303181,63.636,64,-52.629,10.063,65.85,148.285,116.275,250.95,187.13,90.15,202.91,116.29
2279,577078.30693,61.94,61,-52.304,8.57,69.373,147.476,116.76,251.41,185.09,94.99,201.87,116.78
2280,577078.310532,64.145,60,-53.023,8.922,66.281,151.985,119.027,250.38,185.52,90.86,207.64,119.02
2281,577078.319909,65.466,65,-51.864,10.006,61.888,149.045,118.833,252.0,187.07,84.74,203.92,118.83
2282,577078.322807,67.103,60,-51.313,9.804,60.016,154.255,117.319,252.73,186.78,82.18,211.06,117.33
2283,577078.327755,64.399,69,-52.211,9.816,64.644,149.601,115.91,251.51,186.78,88.51,204.76,115.92
2284,577078.331177,61.93,53,-51.357,8.887,68.835,146.285,115.065,252.74,185.55,94.22,200.14,115.04
2285,577078.335079,62.926,65,-52.296,9.169,68.044,149.5,118.32,251.39,185.92,93.21,204.04,118.29
2286,577078.344083,64.404,67,-52.609,9.315,64.279,148.784,119.172,250.98,186.13,88.0,203.55,119.16
2287,577078.346526,66.7,64,-51.559,9.696,60.411,152.727,118.57,252.29,186.57,82.77,208.73,118.61
2288,577078.351536,65.264,65,-52.999,9.152,62.842,150.183,115.877,250.57,185.94,86.08,205.16,115.9
2289,577078.355312,63.666,61,-53.581,9.462,65.96,148.691,117.252,249.64,186.3,90.3,203.44,117.27
2290,577078.358552,62.546,64,-52.458,9.017,68.546,148.679,117.936,251.18,185.69,93.88,203.25,117.97
2291,577078.379833,63.874,66,-53.777,9.519,65.359,148.423,116.692,249.37,186.38,89.48,203.07,116.71
2292,577078.382958,62.046,56,-53.261,8.231,69.427,148.108,117.062,250.18,184.69,95.03,202.67,117.05
2293,577078.387223,64.043,54,-55.246,7.831,66.672,152.326,119.903,247.21,183.98,91.34,208.11,119.99
2294,577078.395755,65.394,65,-54.828,8.645,62.211,149.408,120.138,247.95,185.22,85.18,204.3,120.14
2295,577078.399628,67.139,64,-53.032,9.442,59.928,154.257,117.901,250.39,186.28,82.06,211.04,117.91
2296,577078.403199,64.528,68,-54.121,9.421,64.422,149.792,116.45,248.9,186.25,88.19,204.99,116.46
2297,577078.406687,62.253,52,-52.25,9.045,69.388,149.04,117.345,251.4,185.7,95.04,203.76,117.37
2298,577078.411625,63.106,58,-55.392,7.849,68.383,151.174,119.977,247.27,184.13,93.69,206.83,119.95
2299,577078.4201,64.62,67,-53.966,9.378,63.743,148.716,119.407,249.13,186.22,87.26,203.44,119.4
2300,577078.422533,66.886,54,-52.409,10.021,60.09,153.07,118.571,251.34,187.14,82.31,208.93,118.5
2301,577078.427627,65.315,67,-54.088,9.173,62.794,150.361,116.115,248.99,185.92,86.0,205.51,116.15
2302,577078.430507,63.608,61,-54.184,9.644,66.184,148.891,117.321,248.88,186.58,90.63,203.51,117.34
2303,577078.4357,62.16,66,-53.499,8.699,69.06,147.878,118.004,249.8,185.3,94.53,202.26,117.98
2304,577078.443361,65.011,61,-54.749,8.365,64.965,153.783,119.579,247.96,184.75,88.94,210.49,119.58
2305,577078.446582,66.578,65,-52.607,9.764,60.91,153.234,119.12,250.98,186.74,83.4,209.72,119.13
2306,577078.450983,66.077,59,-53.345,9.09,61.534,151.741,116.285,249.98,185.8,84.26,207.65,116.3
2307,577078.454552,63.584,64,-53.504,9.592,66.086,148.546,116.745,249.75,186.48,90.48,203.25,116.76
2308,577078.464278,63.938,57,-54.501,8.0,66.523,151.416,119.768,248.54,184.42,91.15,206.25,119.73
2309,577078.470621,65.349,62,-54.586,8.474,62.04,148.745,120.143,248.27,184.98,84.96,203.3,120.18
2310,577078.475093,66.821,64,-52.595,9.201,60.627,154.033,117.503,250.84,185.88,83.07,210.13,117.53
2311,577078.479426,63.984,69,-53.607,9.023,65.479,149.284,116.44,249.66,185.72,89.66,204.14,116.47
2312,577078.48314,63.64,53,-53.979,9.059,66.721,150.27,118.05,249.09,185.75,91.35,205.59,118.07
2313,577078.486603,63.587,61,-54.604,7.471,68.122,153.137,119.858,248.25,183.59,93.26,209.54,119.86
2314,577078.495918,64.664,68,-53.479,8.69,63.757,148.992,119.489,249.79,185.27,87.29,203.83,119.49
2315,577078.498416,66.969,61,-52.119,9.331,60.271,154.054,118.533,251.64,186.14,82.53,210.8,118.54
2316,577078.50339,65.031,70,-53.52,8.876,63.6,150.665,116.036,249.82,185.56,87.1,205.9,116.02
2317,577078.506886,63.185,61,-54.015,9.131,66.977,148.469,117.616,249.12,185.89,91.72,202.92,117.63
2318,577078.511275,62.071,67,-52.937,8.55,69.571,148.535,118.258,250.53,185.06,95.25,203.26,118.26
2319,577078.519941,64.802,63,-54.671,7.874,65.477,153.795,119.747,248.14,184.14,89.64,210.46,119.75
2320,577078.522869,65.647,63,-54.196,8.812,61.257,148.553,119.951,248.57,185.39,83.76,202.76,120.09
2321,577078.526456,65.364,62,-53.983,8.498,62.308,149.473,116.195,249.12,185.0,85.32,204.59,116.22
2322,577078.531364,63.138,64,-53.233,9.762,66.715,147.65,116.606,250.21,186.8,91.32,201.65,116.56
2323,577078.534494,61.988,61,-52.621,8.582,70.343,149.773,117.809,250.99,185.12,96.33,204.62,117.77
2324,577078.53897,63.726,56,-53.844,8.741,67.013,151.383,119.179,249.62,185.63,91.77,205.46,119.03
2325,577078.547088,65.037,61,-53.839,9.199,62.704,148.578,119.4,249.22,185.91,85.84,203.38,119.44
2326,577078.552297,66.874,63,-52.522,9.612,60.767,154.718,117.169,251.06,186.51,83.22,211.31,117.22
2327,577078.554989,63.968,67,-53.452,9.6,65.526,149.305,115.905,249.82,186.49,89.71,204.33,115.92
2328,577078.560366,62.462,54,-51.525,9.317,70.021,151.452,116.293,252.45,186.09,95.89,207.19,116.31
2329,577078.56254,62.843,63,-53.148,9.179,68.206,149.433,118.188,250.22,185.91,93.4,204.36,118.2
2330,577078.571629,64.607,67,-53.404,9.347,63.839,148.872,118.766,249.9,186.17,87.4,203.66,118.76
2331,577078.574905,66.997,59,-52.251,9.587,60.482,154.771,117.891,251.46,186.49,82.82,211.78,117.9
2332,577078.578885,65.07,65,-53.503,9.012,63.537,150.735,115.57,249.75,185.69,86.99,206.3,115.58
2333,577078.58285,63.658,61,-53.983,9.208,66.05,148.854,117.236,249.09,185.95,90.43,203.67,117.25
2334,577078.586677,62.986,68,-52.614,8.942,67.637,148.91,117.543,250.92,185.55,92.63,203.59,117.53
2335,577078.596123,65.252,62,-54.281,8.033,63.932,152.718,119.005,248.81,184.43,87.56,208.5,119.02
2336,577078.599057,66.402,62,-52.499,9.183,60.159,150.277,118.418,250.98,185.87,82.41,205.19,118.44
2337,577078.603496,66.22,65,-52.32,8.958,61.242,151.884,115.945,251.52,185.67,83.92,207.18,115.98
2338,577078.606493,63.847,65,-53.065,9.177,65.323,148.201,116.583,250.35,185.91,89.44,202.78,116.6
2339,577078.610879,62.243,56,-51.847,8.092,68.745,147.611,117.816,252.01,184.43,94.13,202.04,117.81
2340,577078.615243,64.688,61,-53.946,7.688,65.238,152.587,119.519,249.15,183.89,89.32,208.77,119.52
2341,577078.632033,64.162,69,-53.719,8.703,65.033,149.219,116.854,249.45,185.26,89.04,204.2,116.87
2342,577078.636932,62.367,54,-52.679,7.961,69.068,148.915,117.105,250.9,184.26,94.57,203.81,117.12
2343,577078.63919,63.365,61,-53.857,8.269,66.917,149.268,119.194,249.17,184.63,91.66,203.93,119.24
2344,577078.647722,65.092,66,-53.77,8.777,62.726,148.936,119.492,249.4,185.4,85.87,203.73,119.49
2345,577078.650527,67.086,60,-52.867,9.107,60.07,154.281,118.343,250.61,185.82,82.29,210.52,118.32
2346,577078.655405,64.893,68,-54.714,8.67,63.947,150.71,116.384,248.09,185.22,87.55,206.24,116.4
2347,577078.658816,63.568,59,-55.629,8.817,66.289,148.918,118.24,246.84,185.42,90.75,203.72,118.26
2348,577078.663112,62.743,67,-54.32,8.615,68.342,149.223,118.486,248.64,185.15,93.56,204.17,118.5
2349,577078.671519,64.382,65,-54.763,8.721,64.527,149.24,119.373,248.09,185.36,88.34,203.96,119.35
2350,577078.674635,66.372,56,-53.882,9.304,60.827,151.768,118.934,249.09,186.0,83.37,207.23,118.97
2351,577078.678729,65.345,65,-54.94,8.655,62.629,150.134,116.381,247.73,185.15,85.8,204.84,116.38
2352,577078.682897,63.699,65,-55.163,9.273,65.971,148.888,117.474,247.48,186.05,90.31,203.69,117.5
2353,577078.686496,63.161,60,-55.143,7.794,68.889,152.583,118.751,247.54,184.05,94.31,208.69,118.75
2354,577078.690699,64.089,56,-54.234,9.293,65.128,149.04,118.882,248.81,186.13,89.15,203.75,118.87
2355,577078.69913,66.427,65,-54.142,9.42,61.192,153.01,119.324,248.87,186.26,83.78,209.38,119.33
2356,577078.702632,66.864,60,-53.449,9.471,60.658,154.378,116.944,249.91,186.36,83.08,210.83,116.96
2357,577078.716376,63.43,68,-53.475,9.227,66.539,148.76,118.774,249.7,185.91,91.14,203.01,118.74
2358,577078.722457,65.223,65,-53.237,9.511,62.442,148.997,119.084,250.16,186.42,85.5,203.68,119.06
2359,577078.727614,66.842,60,-52.544,9.399,60.386,153.55,117.913,251.09,186.25,82.71,209.9,117.92
2360,577078.731129,64.555,68,-53.177,9.192,64.482,150.079,116.4,250.19,185.93,88.28,205.39,116.41
2361,577078.734479,63.67,58,-53.677,9.227,66.136,149.108,118.241,249.39,185.95,90.54,203.71,118.3
2362,577078.739061,63.141,66,-52.482,8.859,67.45,149.291,118.704,251.15,185.49,92.35,204.29,118.7
2363,577078.742841,65.222,65,-53.404,8.322,63.736,152.079,119.641,249.95,184.78,87.28,207.88,119.66
2364,577078.752348,66.561,61,-51.259,9.366,60.682,152.556,118.595,252.69,186.1,83.13,208.5,118.61
2365,577078.755335,64.962,66,-52.303,8.864,63.512,150.067,116.156,251.36,185.46,86.97,205.5,116.18
2366,577078.759496,63.309,59,-52.984,9.049,66.854,148.835,117.792,250.45,185.74,91.53,203.66,117.81
2367,577078.763331,62.158,66,-51.916,8.281,69.609,149.044,118.622,251.95,184.71,95.34,203.67,118.62
2368,577078.766537,64.592,60,-53.584,7.697,65.835,153.442,119.939,249.63,183.9,90.14,209.99,119.94
2369,577078.775915,65.333,66,-52.856,8.613,62.025,148.617,119.833,250.61,185.15,84.94,203.19,119.86
2370,577078.77904,65.373,58,-52.834,8.39,62.789,150.68,116.403,250.64,184.81,86.03,205.71,116.38
2371,577078.783275,62.801,69,-52.942,9.137,67.652,148.006,116.984,250.51,185.85,92.62,202.54,117.0
2372,577078.786687,60.84,56,-52.528,7.809,71.252,146.234,116.767,251.19,184.19,97.39,199.89,116.69
2373,577078.790606,63.44,63,-54.195,7.71,68.048,152.186,119.732,248.8,183.94,93.14,207.85,119.7
2374,577078.799593,64.465,62,-54.125,8.648,63.776,147.951,119.618,248.89,185.17,87.45,202.02,119.64
2375,577078.804279,66.036,65,-53.235,8.934,62.248,153.26,117.343,250.06,185.55,85.25,209.47,117.35
2376,577078.806504,63.428,68,-54.205,9.017,66.807,149.348,115.997,248.84,185.7,91.47,204.21,116.03
2377,577078.810942,61.379,51,-53.567,8.046,71.176,148.591,116.234,249.68,184.35,97.5,203.05,116.26
2378,577078.81477,62.906,58,-55.36,7.713,69.363,152.295,119.114,247.17,183.88,95.0,208.06,119.12
2379,577078.819321,64.166,68,-54.683,8.915,64.748,148.587,118.751,248.16,185.58,88.64,203.25,118.75
2380,577078.827931,66.596,62,-53.884,9.177,61.231,154.153,117.82,249.23,185.92,83.84,210.88,117.84
2381,577078.830524,64.672,68,-54.97,8.857,64.294,150.289,115.307,247.87,185.53,88.03,205.63,115.37
2382,577078.834983,62.533,58,-52.87,8.978,69.465,150.608,115.581,250.52,185.53,95.19,205.43,115.52
2383,577078.838702,62.895,66,-54.096,9.144,67.966,149.172,117.244,248.96,185.87,93.05,204.1,117.25
2384,577078.84204,65.155,64,-55.714,8.145,64.356,153.167,118.85,246.75,184.51,88.15,209.01,118.88
2385,577078.852322,66.967,63,-53.157,9.783,60.037,153.442,118.138,250.22,186.76,82.2,209.98,118.15
2386,577078.855366,66.464,63,-53.611,9.386,61.11,153.035,115.489,249.63,186.18,83.76,209.19,115.5
2387,577078.858418,63.776,64,-53.263,10.229,65.075,147.267,115.862,250.09,187.36,89.09,201.48,115.87
2388,577078.86362,63.503,57,-52.293,9.475,67.237,150.708,116.839,251.34,186.28,92.13,205.74,116.88
2389,577078.866491,65.352,59,-54.406,8.292,64.33,154.252,119.119,248.52,184.72,88.07,211.08,119.12
2390,577078.876396,66.201,67,-53.962,9.22,59.813,148.223,119.55,249.1,185.98,81.89,202.79,119.57
2391,577078.888212,64.435,55,-52.412,9.935,65.044,150.729,117.78,251.23,186.95,89.06,206.26,117.79
2392,577078.891039,64.469,62,-52.969,8.613,65.743,152.535,119.663,250.44,185.11,90.04,208.82,119.7
2393,577078.894633,65.899,63,-52.796,9.097,61.513,150.638,120.029,250.8,185.83,84.32,205.66,120.06
2394,577078.904323,67.581,58,-50.723,10.025,59.136,155.057,118.148,253.54,187.08,80.98,212.19,118.15
2395,577078.907636,64.829,72,-51.973,9.866,63.785,149.968,116.45,251.9,186.88,87.35,205.09,116.48
2396,577078.910942,63.682,60,-52.884,9.857,66.04,148.955,118.343,250.58,186.84,90.42,203.82,118.36
2397,577078.914879,63.009,65,-51.968,9.391,67.848,149.497,119.05,251.85,186.22,92.89,204.58,119.05
2398,577078.918595,64.551,66,-52.336,9.606,64.091,149.15,119.705,251.26,186.47,87.76,203.81,119.71
2399,577078.928293,66.808,61,-51.759,9.83,60.531,153.704,119.1,252.12,186.82,82.88,210.34,119.11
2400,577078.930756,65.24,65,-53.053,9.418,63.251,151.025,116.31,250.36,186.26,86.61,206.62,116.36
2401,577078.935057,63.226,58,-53.752,9.692,66.948,148.615,117.654,249.47,186.65,91.68,203.12,117.67
2402,577078.939012,62.46,67,-52.715,9.328,69.106,149.462,118.187,250.83,186.12,94.62,204.51,118.2
2403,577078.943164,64.308,63,-54.704,8.206,65.895,151.993,120.112,248.06,184.58,90.23,207.74,120.13
2404,577078.952355,66.0,64,-53.725,9.29,61.438,151.052,119.683,249.43,186.08,84.12,206.65,119.7
2405,577078.955619,65.871,61,-54.014,9.016,61.943,151.525,116.309,249.05,185.68,84.83,207.03,116.33
2406,577078.958475,63.243,63,-54.322,9.625,66.825,148.429,116.652,248.7,186.57,91.5,202.87,116.64
2407,577078.962891,62.467,62,-53.233,9.161,69.623,150.616,117.182,250.15,185.89,95.36,205.9,117.21
2408,577078.970352,65.079,61,-55.545,8.45,62.706,148.815,120.078,246.95,184.95,85.88,203.21,120.08
2409,577078.978787,66.981,63,-53.84,9.187,60.39,154.433,117.28,249.28,185.93,82.69,211.26,117.3
2410,577078.983475,64.178,68,-54.977,9.011,65.088,149.43,116.086,247.73,185.68,89.1,204.47,116.1
2411,577078.986528,63.841,52,-54.835,9.043,66.539,150.931,117.416,248.0,185.76,91.15,206.3,117.41
2412,577078.990887,63.496,55,-56.432,7.316,67.466,151.183,119.8,245.7,183.36,92.37,206.63,119.84
2413,577078.994847,64.87,66,-54.689,8.626,63.069,148.51,119.346,248.13,185.18,86.34,203.13,119.35
2414,577079.003381,67.287,57,-52.833,9.28,59.578,154.305,118.173,250.55,185.98,81.63,210.86,118.19
2415,577079.006713,65.19,70,-54.098,8.849,63.187,150.585,115.965,248.94,185.46,86.51,206.07,115.98
2416,577079.011441,63.672,61,-54.525,9.017,66.052,148.929,117.599,248.35,185.69,90.43,203.76,117.62
2417,577079.014566,62.649,70,-53.205,8.705,68.284,148.623,118.262,250.16,185.27,93.49,203.37,118.27
2418,577079.019496,64.88,67,-54.503,7.906,64.627,152.234,120.01,248.38,184.19,88.48,208.32,120.01
2419,577079.028187,66.84,60,-51.997,9.527,60.342,153.423,119.405,251.83,186.42,82.64,209.76,119.41
2420,577079.030568,65.947,60,-53.087,8.929,61.699,151.378,116.464,250.27,185.55,84.5,206.92,116.47
2421,577079.035312,63.553,66,-53.204,9.527,66.111,148.442,117.248,250.15,186.39,90.51,203.12,117.26
2422,577079.038749,62.629,61,-52.918,8.146,69.787,151.792,118.679,250.57,184.52,95.55,207.66,118.67
2423,577079.043553,64.28,60,-53.984,8.139,66.576,153.411,120.104,249.1,184.53,91.15,209.65,120.11
2424,577079.046411,65.214,66,-53.16,9.245,62.354,148.734,120.341,250.07,185.95,85.38,203.29,120.41
2425,577079.05515,66.529,64,-51.844,9.727,61.461,154.312,117.414,252.1,186.71,84.16,211.16,117.39
2426,577079.060397,63.4,66,-52.323,10.385,66.143,147.72,116.554,251.41,187.6,90.55,202.04,116.53
2427,577079.062856,61.622,54,-51.039,9.592,70.477,148.282,117.671,253.07,186.46,96.49,203.09,117.66
2428,577079.067478,63.521,60,-53.781,8.578,68.323,153.233,119.222,249.33,185.06,93.55,209.83,119.26
2429,577079.070456,64.294,64,-54.234,8.99,64.67,149.094,119.29,248.73,185.66,88.54,203.97,119.31
2430,577079.080284,65.943,65,-52.644,9.426,62.593,153.55,117.275,250.9,186.24,85.74,209.69,117.29
2431,577079.083224,63.849,72,-53.947,8.889,65.911,149.549,115.979,249.26,185.57,90.27,204.3,116.0
2432,577079.086602,63.559,55,-54.739,8.872,66.5,149.344,117.712,248.06,185.49,91.05,204.3,117.73
2433,577079.091038,63.174,64,-53.678,8.524,67.31,149.152,117.972,249.52,185.03,92.15,204.07,117.98
2434,577079.094965,64.668,67,-53.977,8.515,63.693,148.865,118.507,249.12,185.03,87.2,203.64,118.5
2435,577079.104248,66.652,65,-52.666,8.929,60.837,153.505,117.774,250.87,185.56,83.31,210.16,117.8
2436,577079.107635,65.082,69,-54.022,8.275,63.492,150.697,115.486,249.07,184.7,86.92,206.31,115.51
2437,577079.111036,63.571,61,-54.874,8.362,66.179,148.688,117.312,247.87,184.8,90.6,203.42,117.33
2438,577079.115195,62.808,66,-53.463,8.005,68.166,149.167,117.842,249.84,184.35,93.29,204.06,117.82
2439,577079.119434,65.004,64,-55.094,7.25,64.641,152.977,119.455,247.63,183.31,88.51,209.12,119.48
2440,577079.123225,65.859,57,-54.664,8.104,60.633,148.25,119.69,248.09,184.45,83.05,202.15,119.77
2441,577079.132282,66.317,61,-54.005,8.246,61.626,153.422,116.405,249.04,184.64,84.42,209.25,116.47
2442,577079.14324,64.52,58,-55.298,7.582,65.691,152.699,119.746,247.28,183.74,89.96,208.71,119.75
2443,577079.14691,65.469,60,-55.381,8.321,61.501,148.127,120.159,247.17,184.77,84.22,202.35,120.19
2444,577079.155514,66.824,63,-53.86,8.953,60.509,153.75,117.508,249.19,185.58,82.9,209.55,117.54
2445,577079.159019,64.144,67,-54.999,9.135,65.069,149.204,116.821,247.79,185.88,89.1,204.07,116.83
2446,577079.163386,62.349,53,-53.134,8.677,69.403,149.549,117.876,250.25,185.23,95.02,204.65,117.87
2447,577079.166606,64.081,56,-55.685,8.088,66.982,153.243,119.65,246.78,184.44,91.69,209.66,119.66
2448,577079.171885,65.156,66,-54.632,9.301,62.752,149.354,118.883,248.3,186.15,85.89,204.49,118.86
2449,577079.174145,66.517,62,-53.88,9.363,61.07,153.257,117.666,249.23,186.18,83.61,209.67,117.68
2450,577079.182794,64.563,69,-54.982,8.999,64.663,150.548,115.969,247.8,185.69,88.54,205.8,116.0
2451,577079.186557,63.484,51,-52.659,9.133,68.474,153.375,116.716,250.91,185.85,93.77,209.8,116.73
2452,577079.190828,63.72,63,-55.442,7.606,67.317,152.042,119.634,247.1,183.78,92.16,208.01,119.64
2453,577079.19457,65.198,66,-54.092,9.115,62.558,149.129,119.136,248.96,185.86,85.64,204.0,119.13
2454,577079.198855,66.903,61,-53.222,9.398,59.675,152.121,118.558,250.01,186.17,81.73,207.73,118.58
2455,577079.207101,65.822,65,-53.562,9.237,62.418,152.401,115.918,249.67,185.99,85.46,208.53,115.93
2456,577079.210645,63.659,57,-54.247,9.346,66.065,148.893,117.602,248.73,186.15,90.44,203.7,117.62
2457,577079.215036,62.963,62,-52.686,8.933,68.041,149.682,118.25,250.93,185.62,93.19,204.54,118.25
2458,577079.219089,64.92,57,-55.062,7.675,64.56,152.304,120.105,247.55,183.85,88.39,208.19,120.14
2459,577079.231441,66.458,61,-52.737,8.812,61.944,155.085,116.761,250.73,185.38,84.85,211.86,116.76
2460,577079.234665,63.623,64,-53.476,8.951,66.03,148.624,117.168,249.84,185.64,90.41,203.23,117.17
2461,577079.239189,61.828,53,-52.795,7.528,69.27,146.724,118.007,250.72,183.67,94.85,200.81,118.02
2462,577079.243229,64.646,58,-53.896,7.684,65.566,153.119,120.132,249.36,183.95,89.87,208.94,120.11
2463,577079.247506,65.445,63,-52.961,8.765,61.723,148.529,119.632,250.52,185.39,84.5,203.32,119.64
2464,577079.2504,66.727,66,-51.995,8.895,60.715,153.665,117.664,251.85,185.56,83.14,210.15,117.65
2465,577079.259634,63.961,69,-53.022,8.882,65.366,148.902,116.732,250.41,185.51,89.49,203.78,116.74
2466,577079.262775,62.522,52,-51.43,8.374,69.343,150.285,117.178,252.45,184.78,94.92,205.37,117.24
2467,577079.267627,63.474,59,-54.299,7.083,67.91,152.06,120.574,248.63,183.04,92.99,207.9,120.6
2468,577079.270464,64.682,65,-52.959,8.585,63.601,148.728,120.008,250.56,185.15,87.14,203.37,119.97
2469,577079.275272,66.439,64,-51.96,8.997,61.278,153.303,118.55,251.85,185.72,83.92,209.12,118.55
2470,577079.283269,64.253,67,-53.415,8.875,65.34,150.414,116.421,249.87,185.49,89.46,205.86,116.43
2471,577079.286554,62.785,59,-54.237,8.955,68.169,149.061,118.211,248.73,185.61,93.33,203.95,118.23
2472,577079.29082,62.026,68,-53.373,8.634,69.865,148.946,118.749,249.94,185.17,95.65,203.81,118.75
2473,577079.294825,64.33,64,-55.266,7.804,66.063,152.505,119.725,247.41,184.08,90.45,208.44,119.75
2474,577079.298461,65.742,61,-53.472,9.042,62.886,153.065,118.59,249.79,185.73,86.14,208.87,118.55
2475,577079.307517,64.736,66,-54.58,8.471,64.584,151.322,115.965,248.49,185.01,88.44,206.39,116.05
2476,577079.315906,62.088,63,-54.406,7.848,69.472,148.411,117.965,248.56,184.14,95.09,202.96,117.94
2477,577079.320787,64.854,62,-55.935,7.565,65.018,153.013,118.991,246.44,183.73,89.01,209.32,119.0
2478,577079.32296,65.751,63,-55.21,8.518,61.255,149.145,118.645,247.42,185.03,83.88,203.87,118.67
2479,577079.326569,66.428,63,-54.183,8.724,61.425,153.598,115.852,248.87,185.32,84.13,209.88,115.86
2480,577079.33525,63.742,66,-54.921,8.779,65.797,148.724,116.058,247.94,185.43,90.1,203.28,116.06
2481,577079.338934,62.214,54,-53.837,7.945,67.934,145.729,115.315,249.33,184.24,93.03,199.43,115.34
2482,577079.342762,64.306,57,-55.633,7.342,65.886,151.962,119.423,246.84,183.42,90.2,207.85,119.44
2483,577079.346814,65.578,63,-55.371,8.051,61.556,148.883,119.578,247.17,184.38,84.28,203.64,119.6
2484,577079.350753,66.958,65,-53.309,8.778,60.094,153.533,117.292,250.01,185.37,82.29,210.04,117.31
2485,577079.359915,64.614,67,-54.237,8.723,64.234,149.831,116.038,248.73,185.26,87.98,205.03,116.07
2486,577079.363205,63.733,52,-51.848,8.849,67.819,153.245,116.627,252.06,185.51,92.8,209.72,116.61
2487,577079.367265,63.648,62,-53.687,8.505,66.337,149.448,118.822,249.48,184.99,90.84,204.34,118.81
2488,577079.371539,65.219,66,-53.422,8.936,62.325,148.693,119.288,249.88,185.62,85.32,203.41,119.28
2489,577079.374461,67.048,60,-52.784,9.125,59.413,152.361,118.865,250.54,185.77,81.39,207.83,118.9
2490,577079.384035,65.54,64,-53.535,8.992,62.613,151.219,116.39,249.73,185.68,85.77,206.56,116.4
2491,577079.386491,63.865,61,-54.084,9.225,65.642,149.021,118.223,248.94,185.98,89.87,203.89,118.24
2492,577079.39108,63.212,66,-52.441,9.136,67.382,149.509,118.628,251.2,185.86,92.26,204.58,118.64
2493,577079.40729,64.931,66,-53.291,8.869,63.715,150.371,115.745,250.13,185.53,87.29,205.42,115.81
2494,577079.410973,62.673,63,-53.992,8.988,68.05,148.236,117.394,249.08,185.66,93.16,202.81,117.41
2495,577079.415266,62.046,56,-53.312,7.937,69.831,148.969,118.506,250.02,184.24,95.62,203.75,118.49
2496,577079.418492,64.593,57,-55.179,7.293,65.386,152.398,120.151,247.53,183.42,89.58,207.71,120.13
2497,577079.423267,65.454,64,-55.904,7.784,61.535,148.128,119.871,246.39,184.0,84.24,202.48,119.91
2498,577079.426483,65.656,66,-55.069,7.874,62.51,151.647,116.673,247.6,184.15,85.62,207.29,116.75
2499,577079.435819,63.161,67,-55.726,7.71,67.146,148.722,116.569,246.72,183.91,91.92,203.47,116.58
2500,577079.438605,61.763,54,-55.051,6.759,68.857,145.537,116.252,247.7,182.64,94.31,199.01,116.27
2501,577079.443578,63.969,63,-55.954,6.929,65.83,150.001,119.703,246.48,182.89,90.12,205.02,119.74
2502,577079.446683,65.84,62,-56.602,6.919,61.063,149.193,119.986,245.49,182.84,83.6,204.02,120.01
2503,577079.451448,67.415,59,-54.737,7.715,59.457,154.81,117.26,248.09,183.94,81.41,211.63,117.26
2504,577079.459282,64.258,69,-55.929,7.487,64.945,149.533,115.998,246.43,183.57,89.0,204.43,116.04
2505,577079.463249,63.512,55,-56.759,7.395,66.425,148.928,118.535,245.21,183.46,90.92,203.51,118.59
2506,577079.466526,63.479,67,-56.617,5.93,67.851,151.952,120.444,245.5,181.49,92.89,207.86,120.45
2507,577079.470718,65.031,64,-55.464,7.466,62.749,148.65,120.144,247.13,183.63,85.89,203.39,120.12
2508,577079.474673,66.891,61,-54.954,7.816,59.755,152.251,119.232,247.61,184.0,81.84,207.75,119.27
2509,577079.479176,65.268,67,-55.467,7.919,63.322,151.349,116.512,247.19,184.25,86.73,206.7,116.54
2510,577079.491555,62.447,65,-54.759,7.859,69.079,149.336,119.128,248.02,184.1,94.58,204.19,119.13
2511,577079.494465,64.886,60,-56.446,7.08,65.223,153.673,120.853,245.72,183.06,89.29,210.24,120.86
2512,577079.499038,66.138,60,-54.828,8.604,61.079,150.983,120.335,247.9,185.13,83.63,206.49,120.36
2513,577079.503098,66.16,62,-54.456,8.961,62.031,153.471,117.106,248.51,185.66,84.95,209.69,117.11
2514,577079.511831,63.178,67,-54.712,9.503,66.908,148.282,117.49,248.16,186.41,91.61,202.68,117.48
2515,577079.514624,61.538,58,-54.074,8.104,70.581,148.1,118.013,249.02,184.47,96.63,202.6,118.05
2516,577079.51962,64.57,56,-55.176,8.3,66.285,154.366,119.358,247.43,184.7,90.76,210.96,119.34
2517,577079.522566,64.777,65,-54.892,8.865,63.411,148.804,118.738,247.88,185.51,86.81,203.69,118.74
2518,577079.526905,65.462,65,-53.376,8.995,63.416,152.703,116.482,249.93,185.67,86.83,208.92,116.5
2519,577079.535596,63.255,70,-54.501,8.514,67.115,149.139,116.256,248.39,185.0,91.88,204.08,116.27
2520,577079.538627,61.525,46,-53.076,7.431,70.49,147.846,117.536,250.4,183.57,96.49,202.51,117.57
2521,577079.542573,63.468,62,-54.128,7.865,66.679,149.273,118.9,249.11,184.25,91.29,203.8,118.87
2522,577079.546671,65.509,65,-54.619,7.741,62.844,151.594,119.015,248.21,183.95,86.06,206.98,119.06
2523,577079.551044,65.699,56,-52.574,8.52,61.838,150.263,117.286,250.97,185.03,84.74,205.14,117.27
2524,577079.554868,63.791,67,-54.044,7.987,66.044,149.543,115.571,249.03,184.27,90.45,204.35,115.58
2525,577079.563657,62.859,59,-54.959,7.852,67.761,148.537,118.109,247.8,184.12,92.8,203.06,118.14
2526,577079.576657,65.85,62,-54.086,7.878,61.699,150.807,118.667,248.73,184.06,84.54,205.29,118.76
2527,577079.579489,64.482,67,-54.726,7.765,64.735,150.269,115.759,248.14,184.0,88.65,205.46,115.79
2528,577079.587987,62.799,62,-55.712,7.903,68.066,148.906,117.572,246.73,184.17,93.18,203.71,117.59
2529,577079.590461,62.274,62,-55.535,6.536,70.529,151.595,119.072,247.09,182.37,96.58,207.04,119.08
2530,577079.595155,63.762,59,-55.528,7.396,66.251,149.855,120.057,247.21,183.59,90.84,204.1,120.05
2531,577079.598852,66.282,65,-54.803,8.533,61.422,152.701,119.215,248.01,185.06,84.11,208.76,119.24
2532,577079.602655,65.978,63,-55.107,8.587,62.338,153.132,116.08,247.53,185.09,85.37,209.27,116.09
2533,577079.612056,63.024,65,-55.542,9.063,67.16,148.055,116.362,247.07,185.84,91.91,202.38,116.31
2534,577079.614612,61.299,57,-55.026,7.752,70.668,147.151,117.087,247.68,183.99,96.73,201.21,117.1
2535,577079.619434,64.191,59,-56.554,7.765,66.34,152.374,119.346,245.55,183.98,90.82,208.3,119.38
2536,577079.622568,65.528,66,-55.062,9.238,61.969,149.594,118.34,247.63,186.02,84.84,204.61,118.34
2537,577079.627108,66.699,65,-54.611,9.171,60.781,153.655,116.289,248.28,185.93,83.24,210.04,116.3
2538,577079.630521,64.245,66,-55.282,9.056,65.127,149.881,115.644,247.37,185.77,89.17,204.89,115.65
2539,577079.640142,62.285,52,-52.706,8.812,68.783,147.897,117.195,250.8,185.45,94.19,202.38,117.1
2540,577079.642978,64.493,62,-55.834,7.732,65.755,152.697,119.525,246.62,183.93,90.17,208.67,119.52
2541,577079.64666,65.826,62,-54.425,9.127,60.952,148.839,119.0,248.36,185.77,83.51,203.48,119.1
2542,577079.651219,67.518,56,-52.457,9.864,58.722,153.562,117.475,251.18,186.87,80.41,210.06,117.48
2543,577079.655347,65.296,67,-53.784,9.276,63.0,150.743,115.758,249.37,186.05,86.27,206.25,115.79
2544,577079.664423,63.959,59,-54.3,9.36,65.463,149.113,117.894,248.75,186.22,89.63,203.85,117.86
2545,577079.667364,63.45,69,-52.775,9.112,66.645,149.101,118.415,250.77,185.84,91.27,203.93,118.43
2546,577079.671344,65.5,63,-54.093,8.204,63.161,152.309,119.599,248.99,184.6,86.65,207.4,119.59
2547,577079.674487,66.406,61,-51.87,9.573,60.406,150.918,118.682,252.06,186.5,82.72,206.26,118.72
2548,577079.679598,65.474,63,-53.485,8.345,62.194,149.828,116.489,249.74,184.74,85.12,205.05,116.47
2549,577079.68264,63.972,62,-53.606,8.815,65.174,148.522,117.996,249.6,185.42,89.23,203.2,118.01
2550,577079.69082,63.203,56,-53.194,7.238,67.781,150.346,119.281,250.7,183.68,92.81,203.98,119.02
2551,577079.694596,65.769,56,-54.323,7.32,63.534,154.803,120.208,248.51,183.32,87.0,211.85,120.24
2552,577079.69856,65.954,63,-53.623,8.241,60.709,148.99,120.037,249.29,184.53,83.15,203.06,120.14
2553,577079.702971,65.968,64,-52.658,8.27,61.592,151.241,117.426,250.91,184.68,84.34,206.99,117.43
2554,577079.707505,63.442,64,-53.051,8.69,65.972,147.557,117.335,250.37,185.25,90.33,201.89,117.34
2555,577079.715569,62.013,57,-52.027,7.579,69.595,148.306,118.945,251.73,183.71,95.29,202.91,118.91
2556,577079.719139,64.211,55,-54.724,6.769,66.913,153.804,120.7,248.01,182.57,91.63,210.65,120.74
2557,577079.723053,64.473,65,-55.186,7.379,63.705,147.831,121.14,247.43,183.47,87.22,202.23,121.16
2558,577079.72714,65.74,64,-53.924,7.974,62.803,152.848,118.573,249.18,184.26,86.03,208.37,118.64
2559,577079.730916,63.055,72,-55.271,7.944,67.436,148.821,117.365,247.37,184.24,92.33,203.48,117.4
2560,577079.747849,64.013,67,-57.123,7.162,66.053,150.752,120.558,244.76,183.15,90.44,206.06,120.58
2561,577079.753045,65.266,57,-56.126,8.12,63.232,151.126,119.1,246.12,184.48,86.53,206.41,119.18
2562,577079.754901,63.915,69,-57.248,8.021,66.111,150.351,116.327,244.78,184.4,90.56,205.02,116.35
2563,577079.759508,62.525,61,-58.0,8.267,68.613,148.718,117.864,243.61,184.67,93.91,203.4,117.9
2564,577079.767518,62.221,67,-57.812,6.822,70.743,151.786,119.006,243.94,182.68,97.0,207.36,119.02
2565,577079.770592,64.368,64,-58.28,7.343,65.993,152.555,119.064,243.3,183.45,90.34,208.45,119.1
2566,577079.775728,65.676,65,-56.297,8.695,62.532,151.817,118.088,245.94,185.27,85.6,207.66,118.11
2567,577079.77906,64.969,62,-56.863,8.167,63.46,149.985,115.276,245.26,184.58,86.89,204.94,115.3
2568,577079.782708,63.481,61,-56.815,8.738,66.392,148.699,116.486,245.23,185.31,90.88,203.38,116.51
2569,577079.792246,62.785,56,-55.355,8.006,68.412,149.587,117.425,247.26,184.32,93.68,204.37,117.44
2570,577079.794632,65.371,58,-56.849,7.581,64.542,154.871,118.746,245.17,183.74,88.42,211.07,118.74
2571,577079.799054,65.952,60,-55.734,8.69,60.743,149.064,118.568,246.75,185.24,83.26,203.8,118.54
2572,577079.802603,66.269,61,-54.421,8.604,60.797,151.068,115.92,248.58,185.18,83.27,206.45,115.92
2573,577079.80672,64.274,67,-54.214,8.956,64.867,149.438,115.961,248.83,185.63,88.82,204.31,116.0
2574,577079.815946,64.568,51,-53.321,9.115,65.19,151.801,117.43,249.9,185.77,89.25,207.66,117.46
2575,577079.81907,64.555,57,-55.127,7.123,65.353,152.108,120.276,247.51,183.11,89.47,208.07,120.29
2576,577079.822637,65.808,62,-52.477,8.992,61.274,149.521,119.161,251.21,185.74,83.88,204.42,119.12
2577,577079.836216,63.602,63,-52.422,9.219,66.37,149.277,118.371,251.29,186.03,90.92,203.56,118.38
2578,577079.843354,63.159,65,-51.456,8.916,67.403,149.282,119.19,252.55,185.56,92.29,204.29,119.19
2579,577079.84718,64.812,64,-51.674,9.145,63.434,149.052,119.504,252.26,185.9,86.85,203.93,119.49
2580,577079.851095,66.096,63,-51.465,9.128,61.211,151.062,118.58,252.32,185.77,83.86,206.02,118.64
2581,577079.85554,64.242,68,-52.444,8.791,65.044,149.676,116.043,251.2,185.38,89.06,204.87,116.05
2582,577079.858698,62.457,63,-53.04,8.95,68.377,147.868,117.983,250.52,185.65,93.7,202.18,117.9
2583,577079.86841,62.371,65,-52.29,8.44,69.263,149.354,118.765,251.41,184.9,94.85,204.36,118.77
2584,577079.871197,64.652,65,-54.51,7.342,65.552,153.116,120.386,248.4,183.44,89.77,209.17,120.4
2585,577079.875757,66.039,60,-53.11,8.757,61.89,152.393,119.167,250.25,185.32,84.81,207.79,119.17
2586,577079.878588,65.124,64,-54.129,8.434,63.791,151.647,116.175,248.9,184.9,87.34,207.48,116.19
2587,577079.883688,62.581,63,-54.885,8.691,68.221,148.148,116.847,247.95,185.32,93.37,202.54,116.8
2588,577079.891526,61.145,60,-54.519,7.743,70.468,146.017,116.658,248.39,183.96,96.49,199.8,116.68
2589,577079.894212,63.957,57,-56.284,7.262,66.961,152.517,119.612,246.0,183.35,91.71,208.05,119.6
2590,577079.898829,65.197,60,-56.699,7.81,62.665,149.38,119.576,245.39,184.07,85.81,204.13,119.6
2591,577079.902575,65.992,61,-55.571,8.238,62.298,153.121,116.513,247.0,184.64,85.34,209.06,116.56
2592,577079.907006,63.026,63,-56.188,8.655,66.876,147.437,115.643,246.24,185.31,91.54,201.3,115.59
2593,577079.91059,61.721,56,-56.104,7.184,70.197,148.166,116.438,246.23,183.2,96.1,202.37,116.38
2594,577079.920288,63.499,61,-56.939,7.767,66.905,149.939,118.707,245.05,183.99,91.59,204.92,118.7
2595,577079.924293,65.391,62,-57.097,8.011,62.209,149.391,119.035,244.96,184.4,85.15,204.28,119.01
2596,577079.92653,67.184,55,-55.598,8.63,59.966,154.642,117.134,246.95,185.22,82.13,211.11,117.13
2597,577079.931428,64.729,70,-57.082,8.162,64.126,150.215,115.576,244.87,184.53,87.78,205.5,115.6
2598,577079.934527,63.917,57,-57.965,8.248,65.628,149.267,117.971,243.66,184.65,89.84,204.15,117.99
2599,577079.943722,63.732,63,-57.349,6.879,67.444,152.391,119.288,244.64,182.78,92.56,207.78,119.29
2600,577079.946703,65.182,61,-56.286,8.17,62.303,148.434,118.924,245.92,184.55,85.29,202.94,118.95
2601,577079.951887,67.412,57,-54.542,9.028,59.132,153.952,118.265,248.23,185.67,80.98,210.23,118.27
2602,577079.954846,65.681,61,-55.529,8.321,61.857,150.206,115.849,247.0,184.75,84.69,205.52,115.87
2603,577079.958884,64.148,62,-55.465,8.835,64.833,148.684,117.555,247.06,185.45,88.75,203.39,117.58
2604,577079.967741,63.393,63,-54.135,8.149,66.887,149.343,118.723,249.03,184.6,91.58,204.05,118.67
2605,577079.970866,65.667,58,-54.857,7.997,62.942,152.753,120.093,247.9,184.32,86.17,208.97,120.1
2606,577079.974635,66.507,62,-53.974,8.82,59.445,149.12,120.076,248.99,185.32,81.65,203.07,120.14
2607,577079.978687,66.638,59,-52.982,9.025,60.42,152.37,117.192,250.35,185.67,82.8,207.91,117.25
2608,577079.98347,63.675,66,-52.395,10.033,65.249,147.138,117.233,251.27,187.09,89.33,201.32,117.24
2609,577079.986656,62.448,59,-51.606,8.75,68.981,149.129,118.552,252.21,185.43,94.89,203.79,118.56
2610,577080.003855,65.953,64,-51.525,9.142,62.647,153.742,117.447,252.44,185.86,85.79,210.33,117.46
2611,577080.010065,63.334,67,-53.248,8.519,66.979,149.242,117.139,250.14,185.04,91.72,204.08,117.14
2612,577080.012322,63.192,52,-53.723,8.345,67.514,149.697,119.116,249.37,184.77,92.44,204.35,119.2
2613,577080.01906,63.205,60,-53.364,7.831,67.261,149.202,119.822,249.99,184.12,92.06,204.22,119.8
2614,577080.022617,64.709,61,-53.913,7.879,63.544,148.739,119.98,249.22,184.18,87.02,203.29,119.98
2615,577080.026705,66.265,60,-52.698,8.346,61.913,153.817,117.959,250.93,184.83,84.83,209.9,117.97
2616,577080.030663,63.742,69,-54.053,7.9,66.307,149.879,116.17,249.0,184.16,90.78,205.11,116.18
2617,577080.034798,62.55,59,-55.211,7.756,68.35,148.276,118.604,247.41,183.97,93.58,202.85,118.62
2618,577080.043854,62.336,65,-55.012,6.199,70.206,151.211,120.065,247.7,181.85,96.12,206.87,120.07
2619,577080.047222,63.987,65,-54.443,7.628,65.164,148.581,119.644,248.49,183.84,89.23,202.97,119.61
2620,577080.051295,66.078,62,-53.75,8.118,62.056,153.037,118.745,249.41,184.48,84.97,209.38,118.76
2621,577080.054651,64.205,65,-55.033,7.709,65.195,149.821,115.763,247.64,183.89,89.27,204.87,115.78
2622,577080.059685,62.265,62,-55.688,8.026,69.053,148.377,117.351,246.81,184.36,94.55,202.81,117.38
2623,577080.062629,61.332,65,-54.779,7.482,71.023,148.049,118.024,248.02,183.6,97.24,202.56,118.04
2624,577080.071064,63.751,62,-56.262,7.129,67.187,151.911,119.893,245.99,183.13,91.97,207.79,119.9
2625,577080.075172,65.655,63,-55.219,8.429,62.55,151.736,119.287,247.41,184.91,85.64,207.56,119.3
2626,577080.079209,65.652,60,-55.152,8.51,62.954,152.698,116.316,247.63,185.03,86.31,208.32,116.34
2627,577080.088232,61.907,56,-53.721,9.181,70.093,148.848,116.364,249.36,185.84,96.06,203.37,116.44
2628,577080.095053,63.854,60,-56.595,7.668,67.549,153.29,119.172,245.56,183.88,92.48,209.33,119.14
2629,577080.099589,64.807,65,-56.245,8.685,62.979,147.953,119.014,245.88,185.21,86.22,202.09,119.08
2630,577080.102662,66.714,63,-54.631,9.23,60.974,154.238,116.706,247.97,185.91,83.5,210.22,116.78
2631,577080.107278,64.315,65,-55.163,9.153,65.008,149.99,115.449,247.52,185.89,89.03,204.92,115.49
2632,577080.110773,63.965,56,-55.897,9.243,65.562,149.369,117.628,246.48,186.0,89.76,204.33,117.65
2633,577080.120044,63.454,63,-55.013,7.904,67.793,151.691,118.895,247.78,184.19,92.87,207.6,118.87
2634,577080.122867,65.343,66,-53.536,9.54,62.174,149.03,118.325,249.78,186.45,85.15,203.95,118.29
2635,577080.126565,67.493,61,-51.778,10.041,59.247,154.776,117.092,252.03,187.08,81.2,211.26,117.05
2636,577080.130964,65.108,71,-52.804,9.514,63.35,150.507,115.073,250.66,186.36,86.74,205.81,115.1
2637,577080.134579,63.491,61,-53.07,9.676,66.209,148.336,117.046,250.34,186.59,90.65,202.96,117.06
2638,577080.138913,63.193,67,-51.74,9.227,67.345,149.326,118.012,252.19,185.99,92.23,204.24,118.02
2639,577080.147847,65.567,61,-52.962,8.394,63.234,152.876,119.238,250.49,184.86,86.58,209.21,119.24
2640,577080.151031,66.406,61,-51.757,9.249,60.157,150.296,118.687,251.8,185.9,82.36,204.84,118.78
2641,577080.156178,65.776,63,-51.64,9.045,62.165,151.512,116.088,252.48,185.82,85.16,206.69,116.09
2642,577080.158645,63.426,63,-52.48,9.089,66.244,148.079,117.132,251.24,185.85,90.73,202.34,117.13
2643,577080.162775,62.213,62,-51.127,8.051,68.689,147.345,119.114,252.98,184.37,94.06,201.68,119.1
2644,577080.17213,65.265,61,-53.505,7.357,64.354,153.803,120.236,249.84,183.51,88.17,209.71,120.18
2645,577080.176243,66.059,61,-52.261,8.513,60.423,148.9,119.49,251.51,185.05,82.75,203.84,119.46
2646,577080.178885,66.883,61,-51.923,8.535,60.436,153.932,116.767,252.0,185.09,82.81,210.13,116.76
2647,577080.182746,63.512,66,-52.187,9.176,65.448,146.743,116.279,251.56,185.92,89.6,200.79,116.28
2648,577080.187453,62.37,57,-51.535,7.942,68.971,148.723,118.158,252.38,184.21,94.43,203.71,118.12
2649,577080.190227,64.3,60,-54.083,7.042,66.212,152.685,120.45,248.96,183.01,90.65,208.92,120.45
2650,577080.198796,65.409,65,-54.698,7.41,61.808,148.528,121.052,248.08,183.51,84.62,203.19,121.07
2651,577080.203392,67.004,62,-53.101,8.307,60.07,153.763,118.231,250.3,184.76,82.33,209.34,118.28
2652,577080.206509,64.037,66,-54.255,8.399,65.338,149.247,116.732,248.72,184.85,89.45,204.23,116.74
2653,577080.212618,62.4,55,-52.699,8.133,70.139,151.393,117.23,250.8,184.45,96.1,206.64,117.22
2654,577080.214891,62.57,64,-55.457,6.758,69.877,151.689,120.314,247.09,182.61,95.67,207.52,120.32
2655,577080.224523,64.099,67,-55.378,7.92,64.93,148.643,120.261,247.2,184.22,88.89,203.3,120.26
2656,577080.227399,66.552,64,-54.626,8.553,61.319,154.099,119.168,248.02,184.99,83.99,210.13,119.23
2657,577080.230613,64.774,67,-56.243,8.128,64.203,150.646,116.423,245.99,184.47,87.9,205.99,116.45
2658,577080.234996,63.025,63,-56.813,8.321,67.537,148.889,117.805,245.19,184.73,92.45,203.53,117.85
2659,577080.238568,62.367,69,-55.703,8.093,69.224,149.251,118.369,246.74,184.43,94.81,203.93,118.39
2660,577080.248319,64.778,62,-57.479,7.333,65.448,153.587,120.21,244.31,183.41,89.59,210.1,120.22
2661,577080.259801,63.614,63,-55.851,9.343,66.111,148.759,116.657,246.72,186.27,90.49,203.03,116.61
2662,577080.26371,61.809,61,-55.198,7.987,69.923,148.016,117.111,247.42,184.32,95.68,202.32,117.17
2663,577080.266964,64.526,56,-56.187,7.929,66.515,154.653,119.257,246.1,184.23,91.05,211.55,119.27
2664,577080.274941,65.0,69,-56.143,8.49,62.615,148.158,120.018,246.12,184.98,85.72,202.65,120.04
2665,577080.279398,67.02,63,-53.455,9.217,60.507,154.984,117.52,249.74,185.95,82.89,211.42,117.58
2666,577080.282852,64.626,65,-54.31,9.156,64.054,149.476,116.529,248.64,185.88,87.69,204.54,116.54
2667,577080.286693,62.599,55,-51.489,9.066,68.065,147.896,117.285,252.43,185.77,93.23,202.46,117.21
2668,577080.29093,63.974,63,-54.151,7.941,66.957,152.596,119.365,248.86,184.23,91.67,208.8,119.37
2669,577080.29955,64.921,71,-52.587,9.219,63.165,149.018,119.352,251.01,185.99,86.48,203.89,119.35
2670,577080.30319,66.899,61,-50.956,9.518,60.366,153.856,118.65,253.19,186.37,82.71,210.06,118.63
2671,577080.306506,64.999,67,-51.836,9.266,63.527,150.31,116.702,252.02,186.03,86.99,205.72,116.71
2672,577080.311436,63.711,61,-52.235,9.484,65.815,148.599,118.155,251.54,186.36,90.14,203.12,118.19
2673,577080.314578,63.05,67,-51.899,8.248,68.922,152.076,119.413,252.02,184.68,94.39,207.89,119.42
2674,577080.324399,64.047,68,-51.872,8.6,66.085,151.005,119.961,252.09,185.21,90.52,206.06,119.94
2675,577080.326767,65.782,65,-50.076,9.603,62.788,153.063,119.399,254.43,186.51,85.98,209.52,119.4
2676,577080.33141,64.428,64,-51.733,8.994,64.713,149.924,116.818,252.1,185.63,88.61,205.26,116.8
2677,577080.334434,62.848,65,-52.204,9.402,67.86,148.702,117.954,251.55,186.24,92.92,203.41,117.95
2678,577080.344402,63.524,65,-53.048,8.247,67.84,152.165,119.545,250.36,184.64,92.88,208.23,119.55
2679,577080.351211,65.183,64,-51.795,9.481,64.052,152.607,118.965,252.01,186.28,87.72,208.61,118.94
2680,577080.355381,64.78,62,-53.067,8.744,64.558,151.513,115.981,250.41,185.35,88.41,207.17,115.98
2681,577080.359211,62.565,66,-53.581,9.136,68.318,148.276,116.365,249.64,185.85,93.53,202.89,116.38
2682,577080.362581,61.113,62,-53.027,8.334,70.466,145.866,115.722,250.4,184.71,96.41,199.58,115.68
2683,577080.366757,63.779,61,-54.973,7.7,67.735,153.306,118.799,247.76,183.91,92.73,209.74,118.8
2684,577080.374879,64.646,66,-55.152,8.339,63.775,148.936,118.913,247.5,184.79,87.33,203.59,118.93
2685,577080.378783,65.901,66,-53.79,8.816,62.605,153.324,116.34,249.4,185.43,85.71,209.68,116.37
2686,577080.382717,63.536,65,-55.078,8.639,66.532,149.296,115.554,247.65,185.19,91.09,204.12,115.59
2687,577080.38726,61.586,50,-54.338,7.426,70.339,147.819,115.817,248.67,183.57,96.25,202.2,115.79
2688,577080.390621,63.529,55,-55.866,7.522,67.425,151.263,118.589,246.45,183.54,92.45,206.97,118.68
2689,577080.399585,65.072,64,-55.128,8.571,62.73,148.83,118.438,247.53,185.12,85.89,203.32,118.44
2690,577080.403205,67.184,59,-54.215,8.931,59.635,153.788,117.387,248.5,185.46,81.73,209.48,117.47
2691,577080.407632,65.405,69,-54.852,8.793,62.862,151.035,115.338,247.91,185.39,86.06,206.66,115.35
2692,577080.410502,64.144,60,-55.511,9.009,64.994,149.033,117.217,247.0,185.69,88.97,203.88,117.24
2693,577080.415596,63.485,67,-53.952,8.908,66.585,149.152,117.728,249.15,185.55,91.16,204.08,117.74
2694,577080.419278,65.807,67,-55.107,8.246,62.758,153.139,119.205,247.55,184.65,85.92,209.55,119.21
2695,577080.428032,67.087,64,-52.962,9.585,59.179,152.004,118.424,250.47,186.48,81.03,207.94,118.44
2696,577080.432561,66.136,60,-53.74,9.163,61.083,150.981,115.752,249.51,185.94,83.65,206.48,115.82
2697,577080.435296,64.056,62,-53.853,9.781,64.953,148.468,117.181,249.27,186.74,88.92,203.12,117.2
2698,577080.439221,63.559,61,-53.499,8.294,67.963,152.63,118.805,249.95,184.8,93.16,208.19,118.78
2699,577080.442875,65.384,55,-54.586,8.355,64.07,153.815,120.226,248.27,184.81,87.71,210.45,120.23
2700,577080.451536,66.358,65,-53.482,9.473,59.942,149.471,120.265,249.73,186.32,82.07,204.44,120.29
2701,577080.454875,66.737,62,-52.005,10.03,60.068,152.087,117.466,251.84,187.1,82.29,207.65,117.5
2702,577080.459788,64.149,66,-52.978,10.229,64.981,149.028,117.156,250.46,187.35,88.96,203.94,117.17
2703,577080.462569,62.211,59,-52.189,9.085,69.109,148.235,117.597,251.56,185.8,94.62,202.9,117.61
2704,577080.467667,64.666,58,-53.684,8.871,65.883,153.968,119.896,249.51,185.51,90.19,210.7,119.9
2705,577080.475183,65.235,63,-54.039,9.272,62.133,148.325,119.819,249.0,186.02,85.13,202.94,119.82
2706,577080.478784,66.416,65,-52.74,9.533,61.282,153.168,117.417,250.73,186.38,83.93,209.34,117.45
2707,577080.483324,63.918,67,-53.701,9.035,65.853,149.781,116.583,249.54,185.71,90.25,204.71,116.64
2708,577080.486906,61.898,53,-52.928,7.816,69.119,146.736,116.346,250.66,184.1,94.69,200.56,116.28
2709,577080.491556,63.623,59,-53.659,8.39,66.428,149.522,119.263,249.56,184.86,90.94,204.54,119.26
2710,577080.495113,65.229,65,-53.709,8.512,62.429,148.997,119.401,249.38,184.87,85.67,203.86,119.5
2711,577080.516332,62.521,74,-53.81,7.637,68.583,148.634,118.947,249.31,183.79,93.91,203.27,118.95
2712,577080.518779,64.48,59,-54.543,7.434,64.509,149.733,119.959,248.41,183.62,88.34,204.29,119.91
2713,577080.528529,66.386,65,-53.532,8.046,60.962,152.188,119.41,249.64,184.36,83.52,207.68,119.43
2714,577080.530824,65.068,63,-54.982,7.468,63.179,149.873,116.294,247.8,183.61,86.51,204.93,116.33
2715,577080.534717,62.923,63,-55.23,7.966,67.529,148.353,117.567,247.44,184.29,92.47,202.79,117.57
2716,577080.538953,62.086,62,-54.953,6.595,70.727,151.08,119.111,248.02,182.57,96.87,205.82,119.03
2717,577080.542801,63.272,51,-54.814,7.451,66.539,147.945,120.455,247.95,183.62,91.16,202.21,120.37
2718,577080.551599,65.444,63,-55.999,7.588,61.764,148.621,120.585,246.3,183.75,84.56,203.25,120.61
2719,577080.554516,65.764,62,-55.129,7.9,61.731,150.379,116.913,247.53,184.17,84.54,205.51,116.9
2720,577080.559462,63.081,65,-54.387,9.184,66.614,147.139,116.214,248.62,185.97,91.19,201.13,116.19
2721,577080.563763,61.272,58,-54.305,7.661,70.753,147.202,116.649,248.78,183.93,96.84,201.06,116.58
2722,577080.566514,63.216,60,-56.017,7.355,68.374,151.727,120.115,246.21,183.39,93.61,207.22,120.16
2723,577080.570548,64.889,63,-54.506,8.893,63.197,148.92,119.458,248.39,185.55,86.52,203.69,119.46
2724,577080.578922,66.8,56,-52.997,9.499,60.877,154.533,117.336,250.53,186.39,83.37,211.54,117.32
2725,577080.582501,64.005,68,-54.302,9.243,65.697,149.893,115.817,248.66,186.0,89.94,205.13,115.83
2726,577080.587252,63.063,59,-54.837,9.265,67.548,149.11,117.793,248.04,186.09,92.53,203.78,117.76
2727,577080.595185,64.479,66,-53.319,9.5,64.005,148.558,119.0,249.98,186.36,87.64,203.15,119.01
2728,577080.603164,67.06,58,-51.888,10.133,60.248,154.577,118.318,251.88,187.18,82.51,211.21,118.31
2729,577080.606617,65.005,64,-52.965,9.779,63.726,150.814,115.383,250.46,186.73,87.26,206.28,115.41
2730,577080.611582,63.01,62,-52.902,10.271,67.399,148.512,116.779,250.57,187.41,92.27,203.2,116.8
2731,577080.615035,62.558,63,-53.05,8.707,70.018,151.935,118.488,250.48,185.33,95.88,207.57,118.49
2732,577080.618736,63.718,59,-52.322,9.404,66.071,149.215,119.403,251.5,186.31,90.48,203.72,119.41
2733,577080.628613,66.423,60,-51.114,10.393,61.12,152.808,118.799,253.01,187.59,83.69,209.11,118.81
2734,577080.630909,66.193,62,-51.451,10.029,61.585,152.568,115.905,252.71,187.16,84.38,208.39,115.94
2735,577080.635421,63.674,63,-51.872,10.392,65.87,148.529,116.323,252.06,187.58,90.24,203.32,116.28
2736,577080.638616,62.367,56,-51.641,8.801,69.663,150.196,117.449,252.57,185.58,95.43,204.64,117.34
2737,577080.642571,64.237,59,-52.115,9.096,66.411,152.792,119.099,251.65,185.81,90.93,209.09,119.1
2738,577080.646933,65.601,63,-52.424,9.518,61.264,148.308,119.963,251.19,186.38,83.88,202.94,119.98
2739,577080.655586,66.832,62,-50.658,9.968,59.982,152.46,116.886,253.53,186.95,82.16,208.27,116.9
2740,577080.659072,64.146,69,-50.96,10.377,64.907,148.845,115.94,253.22,187.55,88.87,203.74,115.95
2741,577080.66353,62.092,56,-50.253,9.275,69.186,147.819,115.812,254.21,186.05,94.75,202.37,115.83
2742,577080.667382,63.287,59,-51.512,9.311,67.699,150.599,118.662,252.67,186.29,92.68,205.19,118.5
2743,577080.670823,64.748,65,-52.467,9.005,63.777,149.497,119.651,251.3,185.68,87.53,204.22,119.66
2744,577080.679269,66.664,62,-51.235,9.443,60.696,153.223,117.987,252.61,186.19,83.15,208.89,118.04
2745,577080.683959,64.616,66,-52.531,9.207,64.42,150.273,115.912,251.07,185.95,88.2,205.68,115.92
2746,577080.686587,63.498,60,-53.511,9.077,66.442,148.896,117.731,249.67,185.76,90.96,203.59,117.78
2747,577080.691573,63.126,68,-53.801,7.545,68.634,151.836,119.13,249.35,183.69,93.97,207.77,119.13
2748,577080.695037,64.376,65,-53.167,8.714,64.285,148.649,119.019,250.19,185.29,88.03,203.24,119.0
2749,577080.69838,67.041,62,-52.604,8.957,60.067,153.991,118.738,250.98,185.63,82.25,210.72,118.75
2750,577080.70687,65.609,63,-54.053,8.368,62.323,150.918,115.898,249.01,184.81,85.33,206.53,115.91
2751,577080.710827,63.754,62,-54.707,8.648,65.748,148.675,117.163,248.1,185.19,90.01,203.4,117.18
2752,577080.714879,62.663,67,-53.88,8.138,68.391,148.928,117.789,249.21,184.45,93.67,203.83,117.83
2753,577080.718746,64.789,68,-55.9,7.175,65.121,152.885,119.556,246.47,183.19,89.15,209.19,119.56
2754,577080.722668,65.808,61,-55.642,7.996,60.825,148.429,120.17,246.74,184.31,83.33,202.24,120.24
2755,577080.732081,66.172,62,-55.412,7.721,60.753,150.38,116.817,247.14,183.92,83.18,205.7,116.83
2756,577080.735012,64.209,63,-55.097,8.755,64.59,148.451,117.214,247.71,185.43,88.45,202.67,117.19
2757,577080.739409,62.368,63,-54.736,7.342,68.494,147.682,117.509,248.09,183.42,93.78,202.09,117.53
2758,577080.743496,64.579,59,-55.954,7.625,65.408,152.373,119.791,246.41,183.81,89.54,208.43,119.8
2759,577080.747214,65.809,63,-54.569,8.88,61.2,149.347,119.658,248.36,185.51,83.91,204.18,119.59
2760,577080.763691,64.903,56,-53.493,9.689,64.855,152.904,117.687,249.77,186.62,88.8,209.23,117.69
2761,577080.76806,64.238,63,-54.626,8.176,66.618,153.275,119.802,248.27,184.59,91.22,209.52,119.79
2762,577080.770891,65.01,65,-53.264,9.46,63.011,149.153,119.768,250.08,186.32,86.27,204.04,119.76
2763,577080.775438,66.868,62,-52.173,9.658,60.216,153.279,118.992,251.55,186.58,82.45,209.72,119.0
2764,577080.783161,64.954,67,-52.961,9.53,63.682,150.427,116.96,250.62,186.46,87.26,205.19,116.98
2765,577080.787556,63.757,59,-53.786,9.659,65.907,149.05,118.669,249.34,186.57,90.23,203.95,118.69
2766,577080.790943,62.707,67,-52.225,9.471,68.433,149.241,118.97,251.57,186.38,93.69,203.99,118.93
2767,577080.795483,63.961,68,-52.578,9.491,65.24,148.615,119.86,250.93,186.26,89.43,203.26,119.93
2768,577080.798579,66.003,62,-51.309,10.028,61.68,151.665,119.359,252.7,187.07,84.46,207.42,119.38
2769,577080.807428,65.01,65,-52.723,9.291,63.674,150.721,116.746,250.79,186.07,87.18,206.23,116.77
2770,577080.81148,63.024,61,-52.771,9.94,67.298,148.357,117.71,250.74,186.95,92.14,203.0,117.73
2771,577080.815206,61.622,67,-51.815,9.235,70.467,148.264,118.261,252.07,186.01,96.48,202.68,118.26
2772,577080.819269,63.795,60,-53.372,8.629,67.105,151.965,119.764,250.04,185.26,91.9,207.52,119.73
2773,577080.822967,64.969,63,-53.302,9.203,63.053,149.023,119.765,249.98,185.95,86.33,203.84,119.79
2774,577080.832434,65.466,64,-52.783,9.273,63.349,152.56,116.779,250.74,186.05,86.74,208.76,116.79
2775,577080.834682,62.567,66,-53.032,9.621,67.986,147.566,116.452,250.51,186.59,93.08,201.62,116.43
2776,577080.83957,60.768,59,-52.579,8.414,71.121,145.635,116.007,251.04,184.87,97.39,199.32,116.03
2777,577080.848062,64.192,62,-53.364,8.729,64.873,149.011,118.704,249.87,185.27,88.88,203.52,118.7
2778,577080.852494,66.123,62,-53.434,8.739,62.393,154.142,117.182,249.85,185.32,85.43,210.87,117.19
2779,577080.860027,63.429,70,-54.492,8.535,66.732,149.185,115.799,248.4,185.03,91.36,204.15,115.81
2780,577080.862806,61.59,50,-53.008,7.967,70.775,148.756,116.956,250.45,184.25,96.97,203.02,117.01
2781,577080.866827,62.736,62,-55.834,6.757,69.189,151.04,119.246,246.57,182.61,94.73,206.61,119.26
2782,577080.871626,64.414,64,-54.689,8.191,64.13,148.494,118.725,248.25,184.64,87.78,203.28,118.67
2783,577080.874623,66.828,54,-53.716,8.602,60.709,154.284,117.834,249.49,185.13,83.12,211.16,117.8
2784,577080.884309,64.744,72,-54.84,8.205,64.138,150.323,115.441,247.92,184.57,87.81,205.64,115.44
2785,577080.886443,63.375,60,-55.713,8.261,66.621,148.66,117.289,246.73,184.66,91.2,203.37,117.31
2786,577080.891924,62.43,70,-54.375,7.898,68.787,148.619,117.951,248.67,184.19,94.18,203.09,118.02
2787,577080.894602,64.95,68,-55.815,7.277,64.659,152.711,119.476,246.53,183.29,88.55,208.63,119.48
2788,577080.899294,66.703,60,-53.723,8.764,60.453,152.853,118.93,249.32,185.29,82.79,208.72,118.94
2789,577080.908156,66.111,64,-54.521,8.526,61.803,152.615,116.196,248.52,185.11,84.66,208.21,116.2
2790,577080.91085,63.755,61,-54.745,9.125,65.632,148.42,116.968,248.05,185.85,89.85,203.05,116.99
2791,577080.914896,62.231,61,-54.325,7.784,69.361,148.87,117.996,248.85,184.2,94.93,203.03,117.87
2792,577080.918591,64.723,57,-55.461,7.904,65.571,153.561,119.737,247.21,184.27,89.85,209.02,119.73
2793,577080.922806,65.933,67,-53.569,9.514,61.357,150.455,119.555,249.66,186.4,84.01,205.83,119.56
2794,577080.940428,63.868,62,-52.828,10.12,66.964,152.038,117.262,250.67,187.2,91.69,208.03,117.27
2795,577080.944276,64.216,59,-54.599,8.704,66.651,153.231,119.152,248.2,185.23,91.25,209.89,119.19
2796,577080.94696,64.925,65,-53.528,9.871,63.171,149.057,118.573,249.72,186.88,86.49,203.9,118.57
2797,577080.9513,66.604,62,-52.821,9.676,61.223,154.18,117.49,250.75,186.65,83.85,210.6,117.48
2798,577080.960175,64.454,71,-53.871,9.155,64.616,149.842,116.389,249.25,185.88,88.46,205.05,116.4
2799,577080.963069,64.168,58,-54.679,9.156,65.007,149.19,118.278,248.07,185.87,88.99,203.94,118.32
2800,577080.966978,63.895,62,-53.138,8.99,65.869,149.699,118.424,250.3,185.69,90.19,204.68,118.42
2801,577080.971602,65.131,67,-52.959,9.23,62.585,148.817,118.906,250.51,186.01,85.69,203.59,118.9
2802,577080.975084,67.072,63,-51.507,9.5,59.89,153.733,118.25,252.48,186.37,82.01,210.39,118.26
2803,577080.98313,65.306,69,-52.788,8.761,62.726,150.146,116.204,250.69,185.32,85.91,205.3,116.2
2804,577080.987249,63.91,60,-53.564,8.859,65.475,148.882,118.146,249.65,185.48,89.64,203.71,118.16
2805,577080.991393,62.986,65,-51.906,8.524,67.764,149.193,118.568,251.9,185.0,92.82,204.03,118.58
2806,577080.995355,65.163,61,-53.586,7.603,64.716,154.072,120.127,249.62,183.77,88.61,210.87,120.13
2807,577080.999869,65.969,63,-51.877,8.837,61.721,151.563,119.739,251.89,185.41,84.53,207.15,119.73
2808,577081.003516,65.154,61,-53.07,8.193,63.15,150.294,117.01,250.4,184.61,86.49,205.5,117.01
2809,577081.012443,62.927,62,-53.356,8.916,67.376,148.039,117.843,249.95,185.56,92.25,202.55,117.85
2810,577081.02425,64.492,65,-53.965,8.827,64.261,149.222,120.003,249.13,185.46,87.98,204.12,120.0
2811,577081.028411,65.694,62,-54.231,8.649,63.33,153.859,117.875,248.69,185.17,86.73,210.2,117.91
2812,577081.036592,63.04,69,-55.32,8.87,67.499,148.882,116.971,247.38,185.55,92.43,203.35,116.99
2813,577081.038194,61.195,56,-53.846,8.335,71.726,148.859,117.742,249.29,184.76,98.19,203.69,117.74
2814,577081.043263,62.663,56,-56.001,8.086,69.295,150.899,119.148,246.56,184.63,94.84,205.51,119.0
2815,577081.047012,64.115,63,-56.796,8.306,65.063,149.035,119.74,245.27,184.75,89.08,203.67,119.77
2816,577081.050735,65.963,62,-55.333,8.991,62.435,153.278,117.579,246.96,185.56,85.5,208.76,117.68
2817,577081.059483,63.969,66,-56.18,8.845,66.144,150.717,115.527,246.1,185.45,90.54,206.21,115.55
2818,577081.062728,62.255,57,-54.163,8.647,70.542,151.527,116.017,248.83,185.15,96.65,206.84,116.03
2819,577081.067447,62.551,66,-55.556,8.6,68.829,149.318,117.677,246.96,185.13,94.22,204.27,117.69
2820,577081.070902,64.75,62,-56.536,8.06,64.771,151.844,118.847,245.56,184.38,88.66,207.62,118.88
2821,577081.07523,66.73,59,-54.318,9.236,61.008,154.428,117.856,248.51,185.96,83.54,210.83,117.91
2822,577081.078505,65.446,66,-54.799,8.905,62.937,151.457,115.271,247.99,185.54,86.17,207.24,115.29
2823,577081.087441,63.716,61,-54.829,9.31,65.761,148.504,116.444,247.98,186.11,90.04,203.02,116.47
2824,577081.091437,63.218,62,-54.344,7.832,68.428,151.862,118.011,248.63,184.09,93.69,207.74,118.01
2825,577081.095378,64.997,58,-54.843,8.005,64.533,152.68,119.057,248.04,184.38,88.43,208.04,119.04
2826,577081.10331,66.715,65,-52.281,9.181,60.987,154.278,116.324,251.42,185.92,83.51,211.1,116.33
2827,577081.112145,63.995,63,-52.793,9.555,65.185,148.674,116.737,250.71,186.43,89.25,203.45,116.75
2828,577081.114392,63.207,55,-52.142,8.308,68.72,152.449,118.054,251.84,184.88,94.12,207.81,117.97
2829,577081.118763,64.492,59,-53.111,8.269,66.286,153.928,119.479,250.29,184.69,90.75,210.66,119.48
2830,577081.122611,65.008,65,-52.685,9.039,62.726,148.465,119.807,250.82,185.71,85.88,203.18,119.82
2831,577081.126606,66.599,62,-51.676,9.253,61.219,154.139,117.858,252.15,185.98,83.84,210.6,117.87
2832,577081.134889,64.018,67,-52.666,9.272,65.362,149.199,116.866,250.89,186.04,89.49,204.19,116.88
2833,577081.138828,63.769,52,-52.797,9.358,66.446,150.333,118.215,250.69,186.15,90.98,205.67,118.23
2834,577081.143158,63.63,55,-52.982,8.358,67.247,151.4,119.382,250.47,184.82,92.09,206.85,119.36
2835,577081.14676,64.907,64,-52.64,9.196,63.098,148.785,118.789,250.94,185.97,86.39,203.55,118.78
2836,577081.150751,66.081,63,-52.467,8.89,61.56,151.834,117.655,251.06,185.48,84.31,207.41,117.68
2837,577081.154672,64.037,69,-53.405,8.485,65.696,150.063,115.92,249.89,184.96,89.95,205.36,115.93
2838,577081.163494,62.98,61,-54.682,8.276,67.377,148.31,118.287,248.13,184.68,92.25,202.91,118.31
2839,577081.166626,62.707,68,-53.626,7.894,68.202,148.737,118.726,249.59,184.15,93.41,203.34,118.75
2840,577081.17161,64.811,64,-55.313,7.031,64.454,151.443,119.852,247.51,183.1,88.41,206.06,119.82
2841,577081.174569,66.238,66,-53.803,8.133,61.525,152.692,118.392,249.38,184.52,84.29,208.39,118.42
2842,577081.178556,64.526,67,-55.428,7.502,64.453,149.854,115.754,247.14,183.63,88.24,205.05,115.77
2843,577081.196634,64.626,61,-56.959,6.568,65.276,152.325,119.841,245.02,182.35,89.38,208.13,119.83
2844,577081.200444,66.151,61,-55.988,7.705,61.047,150.982,119.144,246.32,183.86,83.64,206.39,119.14
2845,577081.203151,65.764,63,-56.606,7.38,62.073,151.216,116.097,245.53,183.47,84.98,206.87,116.12
2846,577081.207194,63.354,63,-56.892,7.915,66.537,148.366,116.7,245.17,184.23,91.06,202.85,116.69
2847,577081.214935,61.523,57,-56.271,6.599,70.024,146.862,116.997,246.14,182.54,95.79,200.47,116.91
2848,577081.218656,64.04,60,-57.182,7.047,66.321,151.509,119.691,244.8,183.12,90.82,206.39,119.66
2849,577081.2228,65.576,65,-57.646,7.461,61.57,148.903,120.259,244.09,183.6,84.29,203.53,120.27
2850,577081.2267,67.085,62,-55.534,8.45,60.088,154.321,117.481,246.95,184.93,82.32,210.43,117.48
2851,577081.230722,64.381,62,-56.407,8.612,64.757,149.767,116.367,245.83,185.15,88.66,204.95,116.35
2852,577081.240005,62.565,52,-54.283,8.273,69.251,150.301,117.351,248.53,184.63,94.86,205.4,117.37
2853,577081.24349,63.637,59,-56.695,7.338,67.707,152.476,120.065,245.39,183.38,92.79,208.14,120.05
2854,577081.247136,65.19,64,-55.35,8.848,62.611,149.212,119.652,247.23,185.49,85.71,204.08,119.65
2855,577081.251122,67.178,60,-53.966,9.355,59.68,153.87,118.281,249.14,186.19,81.73,210.26,118.29
2856,577081.255265,64.869,67,-54.836,9.1,63.843,150.329,115.978,247.99,185.86,87.42,205.52,116.02
2857,577081.264166,63.46,60,-55.024,9.376,66.584,149.018,118.075,247.71,186.2,91.17,203.71,118.11
2858,577081.266737,62.826,68,-53.368,9.094,68.094,149.104,118.601,249.97,185.82,93.24,203.92,118.61
2859,577081.283609,62.962,63,-53.521,8.88,67.465,148.411,117.379,249.72,185.51,92.36,203.06,117.39
2860,577081.29175,62.07,61,-52.578,7.885,68.739,146.754,117.618,251.03,184.16,94.13,200.86,117.64
2861,577081.294523,64.657,61,-53.558,7.556,64.855,151.516,120.048,249.79,183.81,88.82,206.87,120.0
2862,577081.299419,66.373,64,-52.302,8.533,60.783,151.661,119.38,251.38,185.05,83.23,207.54,119.38
2863,577081.302438,66.377,61,-51.899,8.575,61.663,153.882,116.422,251.98,185.1,84.46,210.31,116.45
2864,577081.307312,62.783,66,-52.09,9.086,67.144,146.808,116.156,251.73,185.82,91.93,200.79,116.15
2865,577081.315275,62.15,57,-51.006,8.024,70.558,151.038,117.33,253.18,184.33,96.65,206.47,117.35
2866,577081.319483,63.613,57,-53.205,7.304,67.615,152.138,120.147,250.18,183.38,92.57,208.13,120.14
2867,577081.323216,64.907,64,-54.129,7.455,62.818,148.125,120.796,248.87,183.57,86.01,202.64,120.81
2868,577081.32697,66.388,62,-52.727,8.229,61.31,153.07,117.976,250.67,184.58,83.99,208.7,118.0
2869,577081.330561,63.525,71,-53.484,8.416,66.506,149.184,116.277,249.81,184.88,91.09,203.88,116.31
2870,577081.339053,62.789,52,-54.155,8.415,68.578,149.971,118.061,248.86,184.87,93.9,205.18,118.07
2871,577081.342561,62.066,61,-53.889,7.881,69.854,149.115,119.18,249.31,184.22,95.65,203.52,119.12
2872,577081.346936,63.825,64,-54.486,8.11,65.506,148.502,120.114,248.41,184.48,89.68,203.12,120.11
2873,577081.350759,66.203,63,-53.631,8.784,61.668,152.834,118.824,249.51,185.36,84.46,208.85,118.85
2874,577081.355179,64.484,68,-54.779,8.872,64.864,150.576,115.917,248.04,185.51,88.8,206.12,115.95
2875,577081.358911,62.638,62,-55.5,9.067,68.425,148.878,117.226,247.07,185.79,93.69,203.53,117.23
2876,577081.368434,61.423,67,-54.496,8.584,71.074,148.586,117.745,248.44,185.15,97.26,203.22,117.71
2877,577081.370649,64.127,68,-56.343,7.995,66.726,152.91,119.217,245.87,184.31,91.34,209.21,119.23
2878,577081.375207,65.892,62,-54.623,9.291,62.375,152.706,118.596,248.15,186.03,85.41,208.67,118.59
2879,577081.379097,65.803,60,-54.904,9.108,62.709,152.994,115.646,247.81,185.8,85.92,208.59,115.69
2880,577081.383384,63.575,63,-55.373,9.444,66.15,148.644,116.337,247.2,186.28,90.55,203.35,116.36
2881,577081.392197,62.12,59,-54.406,8.37,69.207,148.0,116.434,248.62,184.88,94.8,202.51,116.51
2882,577081.394852,64.671,58,-55.543,8.475,65.543,153.205,118.672,247.16,185.12,89.72,208.95,118.6
2883,577081.398882,65.904,68,-53.736,9.852,61.225,149.963,118.41,249.44,186.85,83.83,205.14,118.42
2884,577081.40283,67.208,65,-52.902,9.838,59.833,154.454,116.484,250.49,186.81,81.97,210.63,116.52
2885,577081.407478,64.652,65,-53.647,9.919,64.084,149.692,115.916,249.6,186.94,87.75,204.67,115.95
2886,577081.414988,62.773,54,-52.479,8.944,67.957,148.535,115.854,251.13,185.57,93.07,203.16,115.87
2887,577081.419423,64.325,63,-53.872,8.627,66.328,153.091,118.954,249.14,185.06,90.89,209.46,119.0
2888,577081.42305,65.306,67,-52.536,9.766,62.317,149.167,119.06,251.08,186.75,85.32,204.08,119.05
2889,577081.427196,67.128,59,-51.442,9.873,59.407,152.846,118.151,252.58,186.91,81.41,208.33,118.13
2890,577081.431379,65.29,68,-52.414,9.585,62.871,150.399,116.464,251.21,186.46,86.1,205.72,116.48
2891,577081.435189,64.367,54,-52.734,9.745,64.771,149.722,118.08,250.78,186.68,88.69,204.83,118.1
2892,577081.455556,65.302,68,-52.005,9.059,63.022,150.832,116.467,251.84,185.77,86.31,206.25,116.49
2893,577081.458885,63.46,61,-52.811,9.03,66.437,148.69,118.042,250.68,185.71,90.96,203.45,118.06
2894,577081.468409,62.823,65,-52.925,7.469,69.192,151.492,119.567,250.55,183.59,94.74,207.28,119.56
2895,577081.470618,64.458,60,-53.796,7.576,65.651,152.262,120.239,249.34,183.73,89.93,207.73,120.29
2896,577081.475448,65.901,65,-52.563,8.649,62.103,152.094,119.871,250.87,185.0,85.33,207.17,119.87
2897,577081.478633,65.47,63,-53.126,8.353,63.083,151.944,117.346,250.46,184.87,86.41,207.19,117.39
2898,577081.483264,62.863,67,-54.23,8.64,67.514,148.015,117.574,248.75,185.18,92.43,202.51,117.59
2899,577081.491671,61.326,60,-53.991,7.641,70.714,147.377,117.476,249.1,183.82,96.82,201.68,117.5
2900,577081.494567,63.321,60,-56.269,6.917,68.248,152.002,120.314,245.93,182.82,93.44,207.78,120.35
2901,577081.498634,64.686,63,-55.078,8.465,63.98,149.63,119.689,247.61,184.97,87.59,204.66,119.69
2902,577081.502544,65.917,65,-55.43,8.153,62.872,154.072,117.686,247.07,184.51,86.07,210.62,117.72
2903,577081.506806,63.244,71,-56.681,8.168,67.055,148.949,116.773,245.41,184.53,91.79,203.77,116.8
2904,577081.510859,63.186,50,-55.994,8.487,68.545,151.952,117.28,246.38,184.97,93.85,207.83,117.29
2905,577081.519034,62.726,57,-58.255,6.744,69.053,150.688,119.887,243.17,182.55,94.56,205.69,119.94
2906,577081.522569,64.219,65,-57.252,8.037,64.539,148.39,119.497,244.63,184.38,88.35,202.91,119.51
2907,577081.527485,66.664,57,-55.817,8.696,61.159,154.395,117.756,246.74,185.36,83.79,210.33,117.75
2908,577081.536068,63.442,65,-56.995,8.778,66.662,149.1,117.482,244.98,185.37,91.25,203.95,117.51
2909,577081.542694,62.914,66,-55.531,8.72,67.963,149.263,117.954,247.04,185.34,93.03,204.03,117.94
2910,577081.547552,64.695,67,-55.168,9.204,63.784,149.226,118.663,247.54,186.02,87.31,203.97,118.64
2911,577081.550507,66.4,60,-54.377,9.512,60.31,150.643,118.576,248.46,186.36,82.6,205.61,118.64
2912,577081.555414,65.742,67,-53.723,9.641,62.267,151.556,115.855,249.41,186.54,85.27,207.21,115.88
2913,577081.558866,63.85,64,-53.723,10.118,65.607,148.864,116.826,249.44,187.2,89.82,203.68,116.85
2914,577081.568431,63.053,67,-52.084,9.97,67.68,149.347,117.217,251.7,186.93,92.84,203.88,117.2
2915,577081.570626,64.96,64,-53.297,9.001,65.033,153.652,119.028,250.07,185.71,89.04,210.13,119.02
2916,577081.574701,65.575,68,-52.596,9.794,61.31,148.27,119.586,250.8,186.73,83.86,202.61,119.68
2917,577081.578791,66.534,64,-50.624,10.169,60.985,153.148,116.771,253.69,187.28,83.54,209.33,116.8
2918,577081.582794,64.171,65,-51.164,10.313,64.86,148.867,116.817,252.94,187.46,88.81,203.76,116.83
2919,577081.586716,62.281,57,-49.987,9.414,68.038,146.276,116.303,254.57,186.25,93.18,200.26,116.32
2920,577081.595353,64.308,59,-50.876,9.334,65.806,151.792,119.093,253.69,186.48,89.99,206.45,118.87
2921,577081.599124,65.415,64,-50.476,9.785,62.154,149.391,118.736,253.94,186.78,85.11,204.58,118.71
2922,577081.603097,66.266,63,-49.591,9.699,61.621,153.097,116.916,255.05,186.62,84.37,209.47,116.94
2923,577081.607943,63.499,68,-50.824,9.229,66.54,149.122,116.26,253.4,185.97,91.11,204.14,116.26
2924,577081.610749,61.335,53,-50.118,8.014,70.306,146.567,116.359,254.4,184.33,96.29,200.64,116.37
2925,577081.619539,63.263,58,-52.721,6.962,68.358,151.942,120.282,250.89,182.89,93.68,207.99,120.26
2926,577081.624223,64.395,68,-51.625,8.449,64.24,148.645,119.414,252.35,184.94,87.99,203.38,119.38
2927,577081.626374,66.186,64,-51.423,8.473,62.002,153.558,118.099,252.58,184.95,84.9,210.14,118.1
2928,577081.631122,63.713,71,-53.118,8.036,66.332,149.78,116.196,250.28,184.35,90.82,204.99,116.2
2929,577081.634933,62.395,60,-54.545,7.89,68.765,148.401,118.163,248.32,184.15,94.14,203.04,118.18
2930,577081.638403,62.088,67,-54.954,6.3,70.805,151.256,119.744,247.76,181.98,96.96,206.78,119.74
2931,577081.646895,63.592,65,-54.993,7.45,66.058,148.525,119.476,247.73,183.58,90.43,203.15,119.47
2932,577081.651736,65.71,62,-55.014,7.784,62.252,151.334,118.979,247.43,183.92,85.27,206.22,119.07
2933,577081.65438,64.762,69,-56.121,7.505,64.223,150.625,115.968,246.19,183.64,87.92,206.09,116.02
2934,577081.65945,62.851,61,-57.102,7.742,67.889,148.78,116.999,244.89,183.99,92.94,203.39,116.99
2935,577081.66299,61.803,62,-56.294,7.153,70.358,148.906,117.619,245.98,183.18,96.31,203.6,117.62
2936,577081.67194,64.116,61,-58.043,6.754,66.444,152.201,119.426,243.75,182.74,90.99,207.46,119.41
2937,577081.674834,66.09,64,-56.698,8.12,61.352,151.37,119.097,245.3,184.42,84.01,206.89,119.12
2938,577081.678631,66.74,57,-56.938,7.959,60.576,153.398,116.221,245.08,184.26,82.93,209.82,116.24
2939,577081.683725,64.112,68,-57.091,8.572,65.051,148.991,116.074,244.9,185.09,89.08,203.83,116.07
2940,577081.686793,62.211,58,-56.436,7.389,68.937,147.864,116.441,245.74,183.44,94.31,202.24,116.41
2941,577081.703918,66.913,56,-54.482,9.098,59.892,152.738,117.337,248.43,185.81,82.12,208.31,117.37
2942,577081.708352,65.345,70,-55.004,9.504,62.667,150.224,116.137,247.82,186.41,85.83,205.18,116.16
2943,577081.711524,64.898,52,-54.844,9.775,64.105,151.109,117.719,247.84,186.71,87.77,206.48,117.75
2944,577081.714976,63.949,63,-53.387,9.711,65.783,149.791,118.49,249.92,186.66,90.06,204.95,118.49
2945,577081.7237,66.202,66,-54.092,9.072,61.881,153.358,119.925,248.91,185.77,84.73,209.76,119.94
2946,577081.72663,67.75,60,-51.151,10.464,58.322,154.027,118.885,252.78,187.6,79.89,210.21,118.9
2947,577081.730736,65.869,63,-52.165,9.973,61.529,150.5,116.374,251.64,187.04,84.27,205.8,116.37
2948,577081.734591,64.016,61,-51.981,10.523,65.112,148.616,117.955,251.81,187.75,89.15,203.37,117.97
2949,577081.738667,63.156,62,-50.567,10.055,67.576,149.648,118.557,253.81,187.07,92.73,204.41,118.59
2950,577081.747843,65.266,62,-52.308,9.012,64.135,153.287,119.838,251.37,185.7,87.81,209.81,119.84
2951,577081.750396,66.096,62,-50.642,9.86,61.305,151.292,118.827,253.58,186.81,83.97,206.81,118.82
2952,577081.754782,65.068,63,-51.315,9.153,63.479,150.584,116.309,252.75,185.88,86.93,206.11,116.32
2953,577081.75898,62.821,63,-51.955,9.156,67.643,148.088,117.649,251.86,185.88,92.61,202.65,117.66
2954,577081.763261,62.663,58,-50.978,8.635,68.806,149.833,118.382,253.15,185.12,94.28,204.81,118.38
2955,577081.772173,64.164,62,-53.075,7.384,65.971,151.379,120.272,250.4,183.51,90.34,206.91,120.28
2956,577081.774472,65.276,65,-53.365,7.793,62.06,148.382,120.152,249.72,183.98,84.92,202.65,120.25
2957,577081.787048,62.653,58,-54.107,7.51,68.478,149.065,118.676,248.65,183.56,93.74,203.25,118.81
2958,577081.792683,63.342,59,-55.153,6.139,68.326,152.289,120.256,247.5,181.77,93.54,208.37,120.26
2959,577081.799562,64.515,61,-55.742,6.582,63.631,147.883,120.584,246.65,182.37,87.14,201.98,120.63
2960,577081.802734,66.274,63,-54.34,7.258,61.695,153.33,117.913,248.47,183.23,84.52,209.2,117.94
2961,577081.806856,63.39,70,-55.585,7.185,66.679,148.866,116.159,246.91,183.19,91.29,203.67,116.18
2962,577081.811236,62.456,54,-56.846,6.975,68.548,148.235,118.144,245.19,182.9,93.85,202.76,118.17
2963,577081.814917,62.343,68,-57.238,5.486,70.202,151.243,120.035,244.73,180.89,96.21,206.45,120.05
2964,577081.822841,64.043,65,-56.552,6.924,64.852,148.167,119.732,245.6,182.87,88.77,202.63,119.73
2965,577081.82679,66.971,61,-55.362,7.711,60.698,155.159,118.676,247.25,183.95,83.13,212.02,118.68
2966,577081.831498,65.009,68,-56.638,7.545,63.823,151.071,115.779,245.61,183.74,87.41,206.26,115.81
2967,577081.834559,63.08,62,-57.165,7.864,67.254,148.544,117.257,244.74,184.12,92.06,203.17,117.29
2968,577081.838951,62.505,63,-57.055,6.542,70.018,151.664,118.906,244.91,182.3,95.95,207.02,118.91
2969,577081.847881,64.585,62,-57.4,7.1,65.379,152.341,119.68,244.43,183.09,89.49,208.38,119.69
2970,577081.85068,66.509,61,-55.57,8.691,60.501,151.779,119.172,246.91,185.26,82.83,207.61,119.19
2971,577081.855339,66.523,62,-55.157,8.919,61.208,153.641,116.102,247.46,185.58,83.79,209.77,116.15
2972,577081.858757,63.776,64,-55.292,9.537,65.707,148.699,116.773,247.34,186.44,89.92,203.39,116.76
2973,577081.870717,64.981,60,-55.063,8.725,65.609,155.133,119.632,247.62,185.31,89.82,212.25,119.64
2974,577081.875891,65.932,63,-54.186,9.713,60.981,149.529,119.751,248.74,186.62,83.48,204.61,119.79
2975,577081.879465,67.145,64,-52.362,10.585,59.554,153.33,116.981,251.18,187.81,81.55,209.41,117.04
2976,577081.882362,64.433,67,-52.471,10.889,64.695,149.909,116.1,251.16,188.25,88.57,205.18,116.11
2977,577081.887774,62.528,54,-51.157,9.822,68.611,148.727,116.231,252.98,186.81,93.95,203.6,116.25
2978,577081.890406,63.848,62,-51.642,10.296,66.158,150.102,118.034,252.42,187.54,90.57,205.05,117.99
2979,577081.89896,65.157,64,-51.385,10.594,62.67,149.167,117.732,252.61,187.85,85.81,204.03,117.75
2980,577081.902534,66.425,63,-50.29,10.435,61.451,153.649,116.965,254.14,187.64,84.15,210.29,116.97
2981,577081.907325,64.494,71,-51.603,9.485,64.641,150.116,115.871,252.35,186.33,88.51,205.47,115.88
2982,577081.910685,63.869,59,-52.651,9.191,65.571,148.882,118.135,250.9,185.93,89.78,203.73,118.15
2983,577081.914954,63.939,65,-52.34,7.516,66.879,152.231,119.343,251.34,183.65,91.58,208.34,119.34
2984,577081.923487,65.024,66,-51.429,8.73,62.769,148.658,118.862,252.59,185.32,85.95,203.42,118.85
2985,577081.927091,66.64,65,-50.538,8.836,60.458,152.475,118.228,253.64,185.37,82.83,208.13,118.24
2986,577081.930953,64.896,64,-52.239,7.849,63.487,149.638,115.926,251.46,184.09,86.95,204.7,115.93
2987,577081.935433,63.222,60,-52.912,8.025,66.678,147.999,117.876,250.6,184.36,91.31,202.35,117.9
2988,577081.938502,62.047,63,-52.538,6.713,68.777,146.724,118.379,251.11,182.58,94.19,200.71,118.38
2989,577081.942648,64.752,60,-54.098,6.47,64.665,151.603,120.197,248.97,182.25,88.58,206.99,120.22
2990,577081.951932,66.451,62,-52.955,7.598,60.974,152.612,119.611,250.44,183.73,83.51,208.45,119.58
2991,577081.963884,63.569,57,-53.307,7.622,67.974,152.712,118.152,250.03,183.77,93.18,208.41,118.19
2992,577081.966962,64.305,58,-56.32,6.216,66.467,153.3,120.379,245.96,181.91,91.0,209.52,120.4
2993,577081.976338,65.345,65,-57.568,6.557,61.956,148.524,120.932,244.17,182.35,84.81,203.14,120.96
2994,577081.978735,66.285,61,-56.216,7.302,61.557,153.055,117.611,245.91,183.3,84.31,208.79,117.65
2995,577081.983915,63.427,70,-56.893,7.688,66.538,148.743,116.829,245.12,183.88,91.08,203.48,116.85
2996,577081.986489,61.551,56,-56.042,6.793,70.734,148.484,117.352,246.33,182.75,96.76,203.33,117.36
2997,577081.990837,63.532,63,-58.064,6.488,68.029,152.633,120.231,243.53,182.25,93.12,208.77,120.25
2998,577081.998993,64.859,66,-57.355,7.72,63.219,148.805,120.077,244.49,183.95,86.54,203.47,120.09
2999,577082.002735,67.101,55,-56.214,8.538,60.023,154.257,118.411,245.74,184.89,82.22,210.46,118.51
3000,577082.006856,64.903,67,-56.95,8.664,64.068,151.047,116.112,245.05,185.21,87.7,206.65,116.13
3001,577082.010555,63.387,59,-57.059,9.09,66.696,148.886,117.964,245.13,185.92,91.38,203.2,117.87
3002,577082.01545,62.966,69,-55.595,9.1,67.92,149.433,118.589,246.9,185.81,92.98,204.43,118.6
3003,577082.018647,64.977,65,-55.295,9.539,63.185,149.378,119.214,247.32,186.44,86.49,204.31,119.21
3004,577082.028486,66.822,63,-54.524,9.909,59.582,151.382,118.836,248.2,186.85,81.61,206.75,118.89
3005,577082.030737,65.745,63,-54.046,9.94,62.017,150.964,115.613,249.11,187.02,84.93,206.52,115.67
3006,577082.035488,63.618,64,-53.818,10.489,66.059,148.661,116.856,249.36,187.74,90.41,203.34,116.84
3007,577082.038465,62.414,61,-52.565,9.613,68.204,147.286,117.149,251.05,186.52,93.39,201.59,117.17
3008,577082.043241,65.202,57,-53.158,9.421,63.975,152.53,119.341,250.23,186.27,87.59,208.68,119.34
3009,577082.052196,66.436,67,-51.118,10.692,60.127,150.401,118.134,252.95,187.93,82.42,205.8,118.18
3010,577082.054555,66.492,61,-50.837,10.26,61.407,153.953,115.774,253.45,187.4,84.15,210.62,115.76
3011,577082.05918,62.953,68,-50.741,10.565,66.895,147.111,115.825,253.49,187.78,91.59,201.43,115.86
3012,577082.062633,61.574,58,-50.883,8.372,70.001,147.055,117.029,253.35,184.82,95.86,201.31,117.04
3013,577082.066593,64.386,59,-51.96,8.192,66.072,152.834,120.3,251.9,184.6,90.46,209.32,120.28
3014,577082.075807,65.605,64,-50.927,9.246,61.431,148.736,119.56,253.2,185.96,84.17,203.5,119.61
3015,577082.078743,66.506,63,-50.314,9.236,61.091,153.241,117.239,254.04,185.98,83.66,209.57,117.27
3016,577082.083419,63.125,70,-51.309,9.061,67.173,148.597,116.13,252.75,185.75,91.98,203.4,116.14
3017,577082.086588,62.355,54,-49.598,8.784,70.833,152.661,117.098,255.11,185.38,97.04,208.68,117.09
3018,577082.091578,62.691,60,-51.435,8.247,68.792,149.939,119.478,252.58,184.65,94.19,205.19,119.48
3019,577082.095209,64.553,65,-53.57,7.192,64.056,149.083,121.038,249.62,183.2,87.73,203.67,121.08
3020,577082.103832,66.779,62,-51.848,8.366,60.628,153.768,118.356,251.98,184.78,83.09,209.83,118.37
3021,577082.10661,63.984,70,-52.938,8.197,65.628,149.621,115.78,250.53,184.57,89.86,204.78,115.79
3022,577082.110923,62.351,60,-54.293,8.03,68.861,148.387,117.824,248.66,184.34,94.28,203.02,117.84
3023,577082.115149,61.826,68,-53.407,7.566,70.164,148.604,118.659,249.86,183.69,96.09,203.22,118.66
3024,577082.119004,63.899,68,-54.085,7.656,65.384,148.614,119.804,249.02,183.91,89.51,203.12,119.77
3025,577082.128184,66.721,64,-53.346,8.335,60.459,152.979,119.007,249.95,184.77,82.79,209.28,119.02
3026,577082.139895,63.28,53,-53.676,8.58,68.452,152.241,117.66,249.46,185.08,93.72,208.11,117.7
3027,577082.143012,63.668,54,-55.962,7.28,67.357,151.852,119.958,246.52,183.43,92.24,207.22,119.92
3028,577082.146984,65.69,62,-55.756,8.085,61.542,149.491,120.211,246.57,184.39,84.27,204.21,120.25
3029,577082.154523,66.616,56,-55.23,8.525,60.51,152.462,116.322,247.46,185.05,82.85,208.51,116.37
3030,577082.159197,63.506,67,-54.631,9.655,65.957,147.851,115.473,248.27,186.61,90.29,202.17,115.46
3031,577082.162586,61.536,57,-54.613,8.105,70.424,147.76,116.025,248.24,184.44,96.43,202.13,116.06
3032,577082.166829,63.337,58,-55.472,8.573,67.891,151.292,119.0,247.38,185.38,92.92,205.75,118.86
3033,577082.170535,65.053,65,-55.237,9.217,62.674,148.595,119.591,247.42,186.02,85.81,203.09,119.58
3034,577082.178901,67.627,58,-53.911,9.837,58.937,154.837,117.889,249.25,186.86,80.75,211.03,117.88
3035,577082.182919,65.054,69,-54.297,9.987,63.435,150.404,115.574,248.9,187.15,86.91,205.08,115.54
3036,577082.186919,64.029,54,-54.293,10.334,66.038,150.803,116.937,248.49,187.44,90.41,205.79,117.01
3037,577082.190541,63.423,69,-54.633,8.723,68.279,152.613,118.74,248.22,185.3,93.47,208.82,118.75
3038,577082.194471,64.687,63,-53.637,9.923,63.554,148.64,118.489,249.59,186.96,87.0,203.36,118.49
3039,577082.20308,67.294,62,-52.138,10.309,59.607,154.421,118.124,251.62,187.47,81.62,211.33,118.13
3040,577082.207431,65.967,64,-52.929,9.616,61.592,151.235,115.633,250.55,186.52,84.33,206.98,115.65
3041,577082.211618,64.321,61,-52.988,10.056,64.562,148.989,116.954,250.45,187.12,88.39,203.87,116.97
3042,577082.224034,66.542,58,-50.792,10.13,59.799,150.222,118.575,253.41,187.21,81.91,205.3,118.56
3043,577082.231415,66.57,66,-50.58,9.561,60.414,151.935,116.658,253.74,186.44,82.73,207.95,116.66
3044,577082.235141,64.181,62,-51.023,9.914,64.643,148.425,117.115,253.13,186.92,88.51,203.13,117.12
3045,577082.239454,63.076,56,-49.482,9.67,67.572,149.231,117.545,255.19,186.55,92.64,203.59,117.62
3046,577082.243207,64.447,62,-51.805,8.222,66.098,153.238,120.172,252.06,184.62,90.51,209.72,120.17
3047,577082.247328,65.023,67,-51.501,8.953,62.378,147.725,120.635,252.4,185.59,85.43,201.98,120.65
3048,577082.255513,66.366,61,-50.927,8.958,61.339,153.008,118.166,253.13,185.53,84.02,208.66,118.18
3049,577082.258494,63.72,68,-51.883,9.293,65.926,148.901,117.614,251.95,186.07,90.27,203.8,117.62
3050,577082.263566,61.54,54,-51.468,8.265,70.182,147.271,117.29,252.51,184.64,96.12,201.44,117.29
3051,577082.266556,63.092,59,-52.997,8.248,68.726,151.86,119.99,250.62,184.79,94.11,206.94,119.9
3052,577082.271,63.897,67,-54.0,8.235,65.592,149.076,120.914,249.03,184.62,89.83,203.65,120.95
3053,577082.280183,65.859,67,-52.88,8.966,62.616,153.101,119.031,250.43,185.55,85.76,208.93,119.04
3054,577082.282519,63.794,69,-54.391,8.865,66.084,149.646,116.837,248.53,185.48,90.47,204.8,116.85
3055,577082.287403,62.892,59,-55.472,8.963,67.861,148.929,118.261,246.99,185.61,92.88,203.63,118.32
3056,577082.29032,61.974,68,-54.655,8.59,70.051,149.087,118.427,248.19,185.12,95.89,203.97,118.43
3057,577082.296011,64.076,66,-56.19,7.997,66.605,152.355,119.761,246.05,184.29,91.19,208.3,119.76
3058,577082.308781,65.064,71,-55.996,8.545,64.072,151.973,116.284,246.35,185.05,87.71,207.93,116.3
3059,577082.310958,63.214,62,-56.237,9.03,67.128,148.956,116.931,245.9,185.65,91.86,204.05,117.0
3060,577082.314606,62.504,65,-56.282,7.509,70.266,152.192,118.19,246.07,183.69,96.21,207.88,118.2
3061,577082.319239,64.145,57,-56.983,7.792,66.412,152.288,119.2,245.02,184.06,90.97,207.62,119.21
3062,577082.322854,65.408,62,-56.458,8.712,61.915,148.781,119.386,245.61,185.26,84.77,203.25,119.44
3063,577082.331202,66.383,60,-54.498,9.211,61.215,152.8,116.446,248.3,185.92,83.88,208.23,116.51
3064,577082.334986,64.067,68,-55.395,9.282,65.212,149.117,116.216,247.21,186.07,89.28,203.86,116.25
3065,577082.339851,62.147,63,-54.511,8.11,68.979,147.642,116.324,248.4,184.46,94.44,202.05,116.35
3066,577082.342678,64.451,61,-55.392,8.172,66.124,153.317,118.867,247.18,184.56,90.52,209.75,118.87
3067,577082.346876,65.432,65,-54.581,9.017,62.009,149.14,119.138,248.24,185.69,84.88,204.1,119.15
3068,577082.354933,67.161,62,-52.802,9.538,59.822,154.122,117.497,250.81,186.44,82.1,209.67,117.47
3069,577082.359673,64.816,68,-53.542,9.514,63.803,149.94,116.24,249.7,186.37,87.4,204.8,116.28
3070,577082.362762,64.27,54,-53.611,9.653,65.296,150.403,117.676,249.44,186.52,89.38,205.38,117.74
3071,577082.367324,63.31,63,-52.774,9.233,67.085,149.354,118.487,250.82,186.02,91.85,204.19,118.51
3072,577082.371236,64.721,67,-52.705,9.406,63.56,148.843,119.365,250.85,186.25,87.02,203.63,119.36
3073,577082.375418,66.571,62,-51.917,9.534,60.44,152.007,118.93,251.62,186.3,82.76,207.18,119.02
3074,577082.384212,65.196,70,-52.479,9.425,63.201,150.653,116.736,251.14,186.25,86.53,206.19,116.74
3075,577082.395052,64.717,68,-52.941,8.737,64.773,151.662,119.853,250.5,185.32,88.68,207.58,119.85
3076,577082.398822,66.368,61,-50.815,10.008,61.219,152.718,119.332,253.41,187.06,83.83,208.99,119.34
3077,577082.407237,65.558,68,-51.841,9.554,62.671,151.463,116.818,251.99,186.41,85.82,207.18,116.81
3078,577082.411358,63.74,62,-52.511,9.802,65.998,149.166,117.785,251.09,186.77,90.36,204.12,117.8
3079,577082.414688,62.867,60,-50.953,9.832,68.447,150.084,117.82,253.23,186.8,93.74,205.37,117.83
3080,577082.419006,64.467,62,-53.114,8.65,66.333,153.891,119.732,250.31,185.2,90.84,210.24,119.74
3081,577082.424026,65.734,63,-51.395,9.98,62.566,152.241,119.584,252.59,186.99,85.7,207.97,119.55
3082,577082.431207,65.879,63,-51.955,9.635,62.535,153.023,117.246,251.92,186.57,85.65,209.17,117.24
3083,577082.434273,63.246,67,-52.971,9.841,66.844,148.49,117.143,250.47,186.82,91.51,203.19,117.16
3084,577082.438794,61.492,58,-52.499,8.666,70.595,147.911,117.039,251.14,185.22,96.66,202.45,117.06
3085,577082.442566,63.315,57,-54.997,8.05,68.204,151.873,119.534,247.61,184.31,93.41,207.66,119.58
3086,577082.446992,64.111,67,-54.808,8.759,64.875,148.582,119.705,247.95,185.35,88.82,203.25,119.72
3087,577082.450538,66.0,65,-53.663,9.132,62.463,153.571,117.808,249.53,185.86,85.52,210.11,117.82
3088,577082.460493,64.071,67,-55.026,8.874,65.502,149.805,116.281,247.73,185.52,89.69,204.81,116.31
3089,577082.463267,63.545,55,-55.945,8.853,66.579,149.449,117.726,246.34,185.45,91.14,204.23,117.77
3090,577082.467522,62.887,65,-55.119,8.48,68.117,149.465,117.952,247.54,184.96,93.26,204.36,117.95
3091,577082.470831,64.27,70,-55.453,8.604,64.605,148.814,118.589,247.11,185.16,88.44,203.54,118.59
3092,577082.474947,66.149,59,-55.04,8.713,61.325,151.66,118.259,247.56,185.27,84.0,206.74,118.33
3093,577082.484184,65.185,71,-55.71,8.337,63.236,150.673,116.134,246.89,184.79,86.59,205.53,116.23
3094,577082.486658,63.984,62,-56.207,8.609,65.357,149.004,117.369,245.91,185.08,89.44,203.92,117.44
3095,577082.49088,63.386,64,-54.915,8.437,67.068,149.714,117.556,247.83,184.9,91.82,204.81,117.57
3096,577082.494953,65.06,65,-56.39,7.626,64.239,152.347,119.167,245.81,183.81,87.94,208.42,119.18
3097,577082.499394,66.629,61,-54.266,9.021,60.46,152.417,118.921,248.53,185.6,82.86,207.58,118.92
3098,577082.506924,66.372,57,-54.822,8.44,60.888,151.916,116.526,247.95,184.9,83.41,207.34,116.55
3099,577082.51083,64.298,66,-54.731,9.158,64.457,148.625,117.173,248.07,185.89,88.24,203.34,117.19
3100,577082.51463,63.332,64,-52.895,9.201,67.184,149.689,117.293,250.58,185.94,92.0,204.78,117.31
3101,577082.518701,64.577,61,-54.695,8.22,65.322,152.16,119.446,248.3,184.72,89.46,207.36,119.45
3102,577082.522739,65.539,64,-54.723,8.757,61.512,148.555,120.296,248.05,185.35,84.22,203.21,120.32
3103,577082.527004,66.659,64,-53.002,9.179,60.641,153.052,117.806,250.3,185.92,83.1,208.59,117.9
3104,577082.535049,64.207,69,-53.209,9.652,64.666,148.619,117.319,250.23,186.63,88.52,203.19,117.28
3105,577082.538427,62.705,52,-51.885,8.806,68.579,149.55,118.522,251.94,185.5,93.89,204.6,118.35
3106,577082.54325,64.13,55,-54.754,7.946,66.43,152.247,120.617,247.97,184.21,90.96,208.06,120.64
3107,577082.546419,65.045,63,-52.982,9.438,62.862,148.996,120.158,250.31,186.17,86.18,203.62,120.21
3108,577082.551661,66.865,65,-51.432,9.959,60.733,154.574,118.53,252.57,186.99,83.2,211.06,118.51
3109,577082.568569,62.492,69,-51.528,9.871,68.172,147.598,118.933,252.48,186.86,93.32,201.97,118.96
3110,577082.572134,64.289,63,-52.442,9.687,64.734,149.213,119.107,251.21,186.63,88.63,204.14,119.1
3111,577082.574485,65.846,62,-51.382,9.888,62.619,153.031,118.106,252.48,186.8,85.8,208.77,118.12
3112,577082.583805,64.087,66,-52.955,9.108,65.751,150.457,116.04,250.68,185.91,90.1,205.31,116.06
3113,577082.586804,62.587,60,-53.669,9.122,68.227,148.189,117.848,249.63,185.89,93.46,202.45,117.85
3114,577082.591327,62.487,66,-52.664,8.786,69.019,149.407,118.107,250.9,185.37,94.51,204.43,118.12
3115,577082.594659,64.712,60,-54.93,7.549,65.762,153.947,119.394,247.75,183.68,90.05,210.44,119.41
3116,577082.598552,65.655,67,-53.145,8.816,62.747,152.213,118.59,250.24,185.43,85.91,208.28,118.6
3117,577082.602714,64.866,62,-53.958,8.243,64.197,151.146,115.939,249.05,184.59,87.94,206.4,115.95
3118,577082.611812,62.665,65,-54.857,8.377,68.053,148.203,116.847,247.9,184.82,93.16,202.76,116.87
3119,577082.615378,61.242,60,-54.695,6.827,70.877,147.317,117.491,248.18,182.71,97.11,201.4,117.48
3120,577082.618886,64.238,61,-55.827,7.005,66.514,153.032,119.356,246.59,182.96,91.06,209.34,119.36
3121,577082.623372,65.469,66,-54.507,8.405,62.168,149.734,118.586,248.39,184.88,85.11,204.81,118.59
3122,577082.626731,66.366,62,-54.295,8.244,61.605,153.667,116.617,248.72,184.67,84.38,209.97,116.62
3123,577082.6356,63.62,69,-55.265,8.24,66.175,148.932,115.92,247.35,184.63,90.59,203.77,115.94
3124,577082.638572,63.793,49,-55.338,8.235,66.957,151.62,117.418,247.31,184.64,91.72,207.18,117.44
3125,577082.654928,64.805,69,-54.76,8.646,64.048,150.453,115.924,248.03,185.18,87.69,205.86,115.94
3126,577082.664243,63.662,59,-55.492,8.811,66.049,148.87,117.951,247.03,185.41,90.42,203.66,117.97
3127,577082.666801,63.46,65,-55.237,7.519,68.125,152.464,119.417,247.5,183.66,93.43,208.05,119.41
3128,577082.67147,64.772,66,-53.825,9.143,63.548,149.094,119.201,249.32,185.9,87.0,203.95,119.19
3129,577082.67456,67.153,61,-52.527,9.83,59.917,154.317,118.876,251.09,186.83,82.04,211.18,118.88
3130,577082.679485,65.434,65,-53.537,9.526,62.724,150.874,116.145,249.71,186.39,85.88,206.49,116.16
3131,577082.687566,63.627,63,-53.701,10.084,66.054,148.697,117.551,249.47,187.15,90.43,203.44,117.57
3132,577082.690497,62.611,67,-52.45,9.619,68.709,149.359,118.117,251.2,186.52,94.07,204.38,118.12
3133,577082.695559,64.889,63,-53.86,9.188,64.985,153.129,119.219,249.3,185.95,89.0,209.09,119.25
3134,577082.698958,65.807,59,-53.41,9.878,61.336,149.669,119.227,249.83,186.87,83.98,204.73,119.25
3135,577082.703267,65.695,66,-52.701,9.69,62.198,151.114,116.189,250.86,186.63,85.16,206.54,116.16
3136,577082.711437,63.864,64,-52.969,10.044,65.554,148.816,116.94,250.48,187.1,89.75,203.63,116.95
3137,577082.714554,63.481,56,-51.135,9.993,67.205,150.519,117.128,253.13,187.2,91.83,205.83,117.04
3138,577082.719019,65.316,59,-53.472,8.732,64.656,154.823,119.43,249.8,185.32,88.52,211.88,119.43
3139,577082.722958,65.881,64,-52.933,9.543,60.771,148.716,119.391,250.5,186.42,83.21,203.44,119.41
3140,577082.727236,67.04,61,-51.446,9.787,59.96,153.711,117.131,252.4,186.7,82.14,209.78,117.18
3141,577082.739579,63.775,56,-52.664,9.534,65.857,149.034,118.168,250.84,186.38,90.17,203.8,118.19
3142,577082.743038,63.492,62,-52.01,9.068,66.664,149.366,119.038,251.76,185.74,91.31,204.09,119.06
3143,577082.74694,64.929,67,-52.404,9.019,63.109,148.936,119.669,251.3,185.74,86.4,203.89,119.64
3144,577082.750876,66.633,57,-51.207,9.492,60.642,152.895,118.4,252.89,186.36,83.04,209.18,118.4
3145,577082.75489,64.721,66,-52.981,8.874,64.383,150.773,116.432,250.46,185.5,88.15,206.35,116.44
3146,577082.763859,63.159,62,-54.236,8.681,67.144,148.71,118.553,248.74,185.23,91.92,203.47,118.57
3147,577082.766594,62.433,65,-53.173,8.279,69.032,149.166,119.09,250.21,184.69,94.52,204.1,119.09
3148,577082.771567,64.785,63,-54.992,7.431,64.865,152.262,120.613,247.7,183.54,88.8,208.36,120.62
3149,577082.774465,66.305,62,-53.206,8.838,61.076,151.977,119.451,250.22,185.51,83.64,207.61,119.44
3150,577082.779233,65.235,60,-54.557,8.329,63.002,150.397,116.41,248.25,184.72,86.28,205.51,116.4
3151,577082.787603,63.09,65,-54.728,8.902,67.099,148.257,117.407,248.07,185.54,91.86,202.82,117.43
3152,577082.790747,61.629,60,-54.268,7.963,69.977,147.262,117.709,248.73,184.26,95.81,201.52,117.73
3153,577082.794603,63.806,58,-54.6,8.638,66.073,149.686,119.341,248.47,185.38,90.45,204.01,119.26
3154,577082.800126,66.031,67,-54.397,8.874,61.91,152.398,119.768,248.56,185.53,84.78,208.38,119.79
3155,577082.802515,65.951,58,-54.858,8.578,61.96,152.043,116.665,247.88,185.09,84.84,207.89,116.69
3156,577082.807252,63.135,64,-54.627,9.585,66.685,147.571,116.458,248.28,186.52,91.29,201.73,116.44
3157,577082.815399,61.782,58,-54.27,8.239,70.574,149.262,117.448,248.72,184.64,96.62,204.22,117.46
3158,577082.823532,64.885,59,-56.099,8.419,63.06,148.571,120.516,246.3,184.93,86.4,203.03,120.5
3159,577082.828702,66.834,64,-53.95,9.514,60.681,154.252,117.583,249.07,186.35,83.1,210.76,117.59
3160,577082.830527,64.011,69,-54.64,9.763,65.429,149.314,116.153,248.2,186.71,89.57,204.31,116.17
3161,577082.839237,63.538,54,-55.325,9.634,66.829,149.973,117.708,247.18,186.51,91.48,204.96,117.76
3162,577082.842969,63.199,64,-55.502,8.181,68.565,152.067,119.331,247.06,184.57,93.87,208.13,119.32
3163,577082.846748,64.525,67,-54.075,9.528,64.164,149.177,119.121,248.98,186.41,87.84,204.07,119.12
3164,577082.850831,66.586,61,-52.538,10.12,60.338,151.842,118.003,250.95,187.17,82.65,206.95,118.04
3165,577082.854803,65.346,66,-53.482,9.599,63.176,151.453,115.883,249.78,186.49,86.49,207.26,115.89
3166,577082.863454,63.847,58,-53.843,9.951,65.596,148.82,117.238,249.45,187.05,89.88,203.25,117.2
3167,577082.866601,63.061,67,-52.301,9.782,67.67,149.37,117.568,251.36,186.72,92.69,204.27,117.59
3168,577082.871618,64.235,68,-52.489,9.728,64.698,148.841,118.815,251.15,186.69,88.58,203.64,118.81
3169,577082.875401,66.537,63,-51.285,10.19,60.698,152.451,118.99,252.7,187.23,83.18,208.32,119.01
3170,577082.879105,66.383,62,-51.703,9.774,61.5,153.509,116.313,252.26,186.75,84.24,209.76,116.34
3171,577082.882924,63.72,63,-52.12,10.233,65.661,148.299,116.844,251.72,187.41,89.91,202.73,116.82
3172,577082.891956,61.863,61,-51.624,8.989,69.539,147.458,117.226,252.34,185.67,95.21,201.84,117.24
3173,577082.894579,64.3,62,-53.271,8.499,66.546,153.454,119.572,250.14,185.05,91.16,209.34,119.53
3174,577082.907623,64.052,66,-52.824,9.478,65.467,149.622,116.872,250.7,186.33,89.62,204.9,116.87
3175,577082.914983,62.709,60,-51.097,9.34,68.96,150.402,117.003,252.91,186.06,94.51,205.37,117.03
3176,577082.919035,63.752,59,-53.858,8.052,67.517,152.663,119.564,249.21,184.36,92.46,208.62,119.59
3177,577082.923267,64.749,65,-52.679,9.39,63.538,148.945,119.189,250.83,186.2,87.0,203.69,119.21
3178,577082.926454,66.925,59,-51.521,9.652,60.979,155.586,118.027,252.5,186.59,83.52,212.66,118.05
3179,577082.930983,64.591,65,-52.997,9.309,64.477,150.271,116.342,250.44,186.09,88.28,205.65,116.35
3180,577082.940099,63.581,57,-53.824,9.351,66.276,148.958,117.829,249.23,186.13,90.73,203.65,117.88
3181,577082.942521,63.079,61,-54.33,7.846,68.619,151.557,119.396,248.58,184.08,93.96,207.17,119.41
3182,577082.947354,64.134,67,-53.222,9.135,64.796,148.524,119.044,250.15,185.88,88.71,203.19,119.04
3183,577082.951268,66.203,65,-52.567,9.36,61.533,152.498,118.658,250.99,186.15,84.27,208.32,118.64
3184,577082.955391,64.773,67,-53.991,8.862,64.013,150.193,116.171,249.19,185.53,87.66,205.26,116.19
3185,577082.959206,63.396,61,-54.662,9.158,66.651,148.832,117.625,248.16,185.89,91.24,203.62,117.65
3186,577082.967372,62.429,70,-53.554,8.838,69.042,149.166,117.908,249.69,185.45,94.52,204.1,117.92
3187,577082.971292,64.457,67,-55.457,7.996,65.857,152.733,119.471,247.08,184.31,90.15,208.99,119.48
3188,577082.974905,65.722,60,-53.813,9.332,62.012,150.819,119.013,249.19,186.1,84.94,205.69,119.06
3189,577082.979415,65.782,62,-54.545,8.917,62.314,151.91,116.441,248.46,185.61,85.36,207.04,116.51
3190,577082.982885,63.662,64,-55.109,9.383,65.959,148.668,116.851,247.55,186.2,90.29,203.38,116.87
3191,577082.991766,62.347,62,-54.466,8.395,69.455,149.652,117.763,248.64,184.97,95.12,204.27,117.78
3192,577082.995936,64.409,61,-56.118,8.001,66.329,153.561,119.179,246.16,184.3,90.82,209.83,119.17
3193,577082.998657,65.418,63,-54.942,9.311,62.221,149.574,119.004,247.8,186.09,85.23,204.73,119.03
3194,577083.002565,66.923,61,-54.316,9.228,60.618,154.653,117.027,248.58,185.95,83.02,211.27,117.03
3195,577083.007298,64.338,69,-55.273,9.221,64.568,149.096,116.507,247.33,185.98,88.39,203.99,116.53
3196,577083.015356,62.752,51,-54.451,8.127,68.125,148.796,116.541,248.52,184.49,93.3,203.61,116.53
3197,577083.019209,63.724,52,-54.616,9.02,66.05,149.202,118.58,248.2,185.78,90.32,204.1,118.48
3198,577083.022763,65.555,60,-56.039,8.428,62.097,150.059,119.8,246.36,184.94,85.01,205.27,119.82
3199,577083.026751,67.265,63,-53.637,9.399,59.512,153.991,118.114,249.47,186.18,81.49,210.37,118.13
3200,577083.03128,65.266,67,-54.584,9.131,62.996,150.561,116.309,248.3,185.85,86.3,205.54,116.35
3201,577083.034588,64.147,59,-55.261,9.19,64.962,148.974,118.108,247.34,185.93,88.93,203.8,118.13
3202,577083.043661,63.481,66,-53.684,9.076,66.796,149.601,118.436,249.51,185.78,91.45,204.69,118.44
3203,577083.046492,65.431,65,-54.889,8.242,63.568,152.888,119.826,247.87,184.63,87.1,209.08,119.83
3204,577083.051102,66.83,58,-52.653,9.506,60.231,153.082,119.274,250.69,186.27,82.53,208.66,119.3
3205,577083.055427,65.751,64,-53.547,9.036,62.313,151.722,116.784,249.66,185.72,85.33,207.46,116.84
3206,577083.058576,63.712,63,-53.841,9.47,65.842,148.666,117.929,249.38,186.39,90.14,203.18,117.89
3207,577083.079832,66.009,63,-52.794,9.306,62.199,152.975,117.542,250.72,186.1,85.2,208.89,117.55
3208,577083.082905,63.201,63,-52.702,10.389,66.339,147.139,116.827,250.86,187.58,90.81,201.32,116.83
3209,577083.092171,61.803,57,-52.416,8.938,70.412,149.022,118.333,251.25,185.59,96.44,203.63,118.34
3210,577083.094494,63.511,60,-53.941,8.624,67.795,152.0,119.781,249.15,185.2,92.75,207.83,119.77
3211,577083.098721,64.63,62,-54.617,8.948,63.618,148.482,120.33,248.24,185.63,87.11,203.01,120.33
3212,577083.102889,66.02,63,-52.945,9.527,62.424,153.592,117.489,250.46,186.4,85.49,209.49,117.49
3213,577083.10731,63.403,70,-53.882,9.414,66.745,149.078,116.522,249.23,186.23,91.38,204.0,116.54
3214,577083.11051,62.279,57,-52.141,9.068,70.411,151.369,116.804,251.64,185.78,96.41,206.98,116.8
3215,577083.119478,62.852,60,-55.34,7.771,68.807,150.794,119.805,247.23,184.0,94.19,206.29,119.82
3216,577083.12261,64.357,65,-53.942,9.114,64.372,148.748,119.154,249.06,185.76,88.2,203.45,119.22
3217,577083.126824,66.315,64,-52.917,9.36,61.518,153.142,117.871,250.46,186.13,84.24,209.46,117.92
3218,577083.13089,64.407,66,-54.002,9.115,65.026,150.531,115.733,249.13,185.84,89.05,205.78,115.77
3219,577083.134729,63.118,59,-54.756,9.18,67.219,148.664,117.522,248.03,185.91,92.02,203.39,117.54
3220,577083.144279,62.651,65,-54.786,7.656,69.514,151.309,118.972,248.0,183.84,95.17,207.01,118.98
3221,577083.147743,64.709,65,-54.97,8.033,65.252,152.738,119.118,247.82,184.39,89.34,208.76,119.15
3222,577083.150841,66.475,61,-52.707,9.327,61.405,153.842,118.407,250.84,186.13,84.08,210.54,118.42
3223,577083.160416,63.546,66,-54.05,9.115,66.306,148.842,116.614,249.01,185.83,90.78,203.65,116.63
3224,577083.164069,62.518,64,-52.964,8.674,68.717,148.912,117.204,250.57,185.29,94.02,203.81,117.16
3225,577083.171826,64.69,60,-55.013,7.721,65.374,152.919,119.227,247.74,183.95,89.51,209.02,119.26
3226,577083.175108,66.247,62,-53.275,9.001,61.223,151.993,118.941,250.06,185.68,83.83,207.98,118.95
3227,577083.178535,66.529,61,-53.263,8.804,60.742,152.508,116.464,250.03,185.38,83.19,208.46,116.46
3228,577083.182615,64.039,62,-53.58,9.26,65.067,148.634,116.437,249.65,186.03,89.08,203.37,116.45
3229,577083.18672,62.2,58,-51.658,8.589,68.78,147.473,117.953,252.26,185.11,94.17,201.84,117.94
3230,577083.196053,64.135,59,-54.668,7.815,66.373,152.143,119.428,248.09,183.97,91.01,207.85,119.47
3231,577083.199205,65.195,64,-53.709,8.985,62.268,148.421,119.364,249.45,185.66,85.26,203.01,119.37
3232,577083.20408,66.913,65,-52.707,9.217,60.262,153.683,117.81,250.84,185.98,82.52,210.29,117.82
3233,577083.207073,64.63,68,-53.763,9.16,64.24,149.929,116.629,249.52,185.95,87.97,204.95,116.65
3234,577083.211368,62.367,54,-52.836,8.292,68.905,148.566,116.746,250.68,184.71,94.35,203.33,116.77
3235,577083.219658,63.34,63,-53.545,9.049,67.114,149.577,118.736,249.74,185.77,91.86,204.75,118.72
3236,577083.222385,65.039,63,-54.778,8.483,63.645,150.817,120.004,248.05,185.0,87.15,206.07,120.04
3237,577083.226795,66.919,56,-52.662,9.732,60.556,154.468,118.693,250.83,186.62,82.98,210.79,118.73
3238,577083.230858,65.181,68,-54.127,9.286,63.494,151.265,116.487,248.89,186.06,86.93,207.01,116.5
3239,577083.239044,62.577,67,-53.523,9.095,68.602,148.957,118.71,249.89,185.9,93.95,203.33,118.71
3240,577083.247863,65.019,60,-55.198,8.472,64.644,153.069,119.789,247.4,184.94,88.52,209.22,119.79
3241,577083.25108,66.459,62,-52.994,9.924,61.1,152.979,118.893,250.38,186.9,83.67,209.1,118.88
3242,577083.255475,65.749,60,-54.004,9.424,62.625,152.471,116.343,249.13,186.27,85.77,208.36,116.37
3243,577083.258584,63.5,63,-54.459,9.697,66.37,148.744,117.316,248.45,186.63,90.86,203.49,117.33
3244,577083.262688,62.193,61,-53.661,8.845,69.159,148.255,117.722,249.58,185.44,94.81,202.66,117.73
3245,577083.271562,64.786,59,-55.289,8.297,65.328,153.349,119.718,247.37,184.77,89.46,209.49,119.71
3246,577083.274948,65.821,59,-53.886,9.522,61.548,150.266,119.189,249.17,186.36,84.34,205.0,119.22
3247,577083.278977,66.473,63,-53.653,9.419,61.275,153.503,116.857,249.51,186.23,83.92,209.83,116.86
3248,577083.282594,63.537,67,-53.63,9.987,65.72,147.479,116.349,249.62,187.06,89.97,201.67,116.34
3249,577083.286948,62.338,55,-53.429,8.496,68.927,148.467,116.92,249.82,184.96,94.4,203.01,116.94
3250,577083.296425,64.033,56,-54.867,8.179,66.638,152.192,119.571,247.99,184.64,91.25,207.59,119.5
3251,577083.298635,65.169,64,-55.05,8.485,62.52,148.88,120.034,247.56,184.95,85.6,203.48,120.07
3252,577083.303378,66.836,63,-52.981,9.248,60.499,153.803,117.835,250.46,186.02,82.84,210.4,117.85
3253,577083.307375,64.389,69,-54.144,9.008,64.682,149.636,116.431,248.87,185.68,88.55,204.77,116.44
3254,577083.311725,63.03,54,-51.959,8.859,69.095,152.353,116.802,251.86,185.47,94.62,208.41,116.82
3255,577083.314414,63.202,62,-53.617,8.712,67.553,149.836,118.769,249.61,185.29,92.48,205.01,118.77
3256,577083.32333,64.608,67,-53.87,8.669,63.903,149.022,119.592,249.31,185.28,87.5,203.69,119.57
3257,577083.331894,65.055,72,-53.783,8.861,63.628,150.868,116.394,249.37,185.48,87.12,206.46,116.4
3258,577083.336396,63.264,61,-54.458,8.957,66.965,148.848,117.884,248.44,185.61,91.68,203.64,117.9
3259,577083.338798,62.431,66,-53.206,8.757,69.071,149.243,118.298,250.09,185.31,94.59,204.02,118.32
3260,577083.347706,64.585,63,-55.008,7.774,65.763,153.23,120.048,247.75,184.04,90.06,209.39,120.04
3261,577083.350498,65.965,61,-53.377,9.084,61.957,152.117,119.587,249.98,185.82,84.84,208.29,119.57
3262,577083.355328,65.651,62,-53.814,8.848,62.954,152.689,116.617,249.47,185.54,86.22,208.65,116.66
3263,577083.359059,63.093,66,-54.092,9.349,67.08,148.227,116.949,248.95,186.15,91.83,202.79,116.96
3264,577083.363208,61.686,60,-53.736,8.147,70.765,149.198,117.926,249.49,184.57,96.82,204.09,117.89
3265,577083.371802,63.547,59,-54.911,8.197,67.387,151.276,119.645,247.9,184.63,92.27,206.72,119.65
3266,577083.374538,64.958,65,-55.11,8.751,62.867,148.526,120.146,247.52,185.33,86.07,203.15,120.17
3267,577083.379215,66.171,61,-53.338,9.431,61.826,153.03,117.189,249.82,186.22,84.69,208.58,117.25
3268,577083.382586,63.489,70,-54.155,9.572,66.479,148.934,116.385,248.86,186.45,91.01,203.79,116.4
3269,577083.387293,61.522,58,-53.369,8.481,70.606,148.078,116.309,249.96,184.97,96.67,202.66,116.33
3270,577083.390173,63.51,62,-54.975,8.247,68.315,153.16,119.208,247.75,184.65,93.52,209.56,119.22
3271,577083.39908,64.634,68,-53.797,9.498,64.016,149.432,118.774,249.36,186.38,87.64,204.42,118.77
3272,577083.402443,66.469,64,-53.091,9.59,61.218,153.333,117.528,250.32,186.49,83.82,209.8,117.54
3273,577083.416547,63.018,67,-53.307,9.18,67.732,149.283,117.74,249.97,185.89,92.78,203.78,117.73
3274,577083.422982,65.111,63,-54.405,8.502,63.911,151.86,119.068,248.58,185.03,87.51,207.56,119.09
3275,577083.426627,66.68,60,-52.313,9.647,60.286,152.287,118.203,251.19,186.49,82.55,207.86,118.25
3276,577083.430551,65.457,67,-53.135,9.246,62.639,150.803,115.665,250.31,186.02,85.78,206.23,115.69
3277,577083.434454,63.632,61,-53.436,9.547,65.876,148.326,117.006,249.83,186.42,90.19,202.94,117.03
3278,577083.439238,62.811,68,-52.31,9.118,68.205,149.268,117.598,251.41,185.85,93.4,204.16,117.61
3279,577083.447063,64.866,64,-54.088,8.206,65.005,153.049,119.318,249.02,184.64,89.05,208.8,119.35
3280,577083.450694,66.497,60,-52.187,9.515,61.018,153.006,119.145,251.54,186.39,83.55,209.39,119.15
3281,577083.454801,65.9,62,-53.115,8.836,61.535,150.702,116.32,250.22,185.42,84.27,206.0,116.33
3282,577083.458747,63.789,66,-53.218,9.494,65.6,148.526,116.855,250.14,186.35,89.81,203.23,116.87
3283,577083.462975,62.382,57,-52.711,8.367,69.392,149.69,117.829,250.96,184.89,95.02,204.4,117.79
3284,577083.467045,64.023,57,-54.313,8.099,66.395,151.583,119.672,248.64,184.48,90.96,206.66,119.68
3285,577083.476527,65.33,63,-54.344,8.712,62.167,148.939,120.102,248.61,185.28,85.18,203.64,120.08
3286,577083.478903,66.968,61,-53.08,9.137,60.542,154.746,117.654,250.26,185.84,82.92,211.41,117.68
3287,577083.483352,64.314,66,-54.017,9.164,64.873,149.669,116.678,249.17,185.95,88.85,204.41,116.71
3288,577083.486395,63.802,55,-54.921,9.11,65.963,149.415,118.335,247.64,185.79,90.25,204.11,118.44
3289,577083.491454,64.067,60,-55.043,7.85,67.444,154.221,119.547,247.69,184.14,92.32,210.91,119.53
3290,577083.503945,66.348,64,-53.783,8.874,61.116,152.338,118.709,249.3,185.49,83.72,207.91,118.73
3291,577083.50669,65.073,67,-54.529,8.944,63.797,151.371,116.483,248.42,185.62,87.36,206.92,116.51
3292,577083.511506,63.781,57,-55.178,9.105,66.059,149.522,117.908,247.45,185.81,90.43,204.55,117.93
3293,577083.515224,63.2,69,-55.164,7.727,68.696,152.36,119.277,247.64,184.04,94.07,207.96,119.26
3294,577083.523233,64.253,65,-54.223,9.032,64.739,149.031,119.034,248.78,185.74,88.62,203.86,119.03
3295,577083.527426,66.069,63,-53.92,9.165,61.32,151.172,119.155,249.06,185.86,83.98,206.46,119.18
3296,577083.53063,65.341,64,-54.497,8.812,62.883,150.721,116.334,248.45,185.44,86.11,206.08,116.37
3297,577083.534931,63.671,60,-54.978,9.206,66.056,148.934,117.527,247.73,185.95,90.43,203.74,117.55
3298,577083.539358,62.842,62,-54.643,7.814,69.219,151.645,118.734,248.22,184.07,94.78,207.24,118.72
3299,577083.542862,64.727,63,-55.505,7.943,65.541,153.518,119.617,247.08,184.26,89.73,209.84,119.65
3300,577083.551274,65.606,64,-54.495,9.012,61.696,149.385,119.702,248.44,185.68,84.6,204.17,119.71
3301,577083.554929,66.492,61,-53.425,9.197,61.442,154.036,116.868,249.85,185.96,84.17,210.21,116.89
3302,577083.559334,63.69,65,-53.673,9.76,65.577,147.951,116.706,249.71,186.84,89.8,201.93,116.65
3303,577083.562738,62.133,59,-53.218,8.482,69.088,147.808,117.021,250.21,185.02,94.55,202.13,116.98
3304,577083.566754,64.272,61,-54.624,8.237,66.544,153.29,119.487,248.22,184.64,91.1,209.73,119.5
3305,577083.576466,65.058,68,-54.435,8.788,62.802,148.924,119.928,248.45,185.39,85.98,203.72,119.95
3306,577083.588608,63.894,63,-53.413,9.563,66.566,151.275,117.582,249.88,186.44,91.13,207.0,117.59
3307,577083.591158,63.17,63,-55.178,7.747,68.141,150.973,119.91,247.45,183.96,93.28,206.55,119.93
3308,577083.600521,64.36,67,-53.623,9.11,64.314,148.627,119.398,249.64,185.86,88.05,203.38,119.37
3309,577083.602701,66.473,59,-52.151,9.693,61.175,153.254,118.431,251.58,186.63,83.78,209.3,118.39
3310,577083.607162,64.842,66,-53.91,9.069,64.076,150.726,116.255,249.33,185.83,87.76,205.85,116.28
3311,577083.611323,63.416,61,-54.382,9.362,66.572,148.761,117.821,248.6,186.2,91.17,203.38,117.82
3312,577083.614589,62.915,65,-54.404,7.884,69.251,152.094,119.08,248.55,184.17,94.85,207.63,119.12
3313,577083.618564,63.893,65,-53.54,9.234,65.354,148.513,118.706,249.72,186.02,89.47,203.17,118.7
3314,577083.627259,66.043,66,-52.895,9.53,61.993,152.672,118.849,250.58,186.41,84.88,208.92,118.86
3315,577083.63155,65.373,62,-53.74,9.002,63.228,151.729,116.182,249.48,185.7,86.59,207.43,116.19
3316,577083.634502,63.301,65,-54.115,9.434,66.736,148.532,117.002,248.91,186.26,91.36,203.22,117.02
3317,577083.639459,62.078,62,-53.282,8.708,69.489,148.396,117.333,250.16,185.35,95.1,203.02,117.29
3318,577083.642599,64.596,60,-55.158,8.014,66.255,154.441,119.338,247.54,184.37,90.73,211.03,119.34
3319,577083.652617,65.091,66,-54.975,8.774,62.476,148.338,119.653,247.56,185.34,85.46,202.67,119.75
3320,577083.65523,66.358,61,-53.512,9.147,61.815,154.144,116.828,249.62,185.83,84.65,210.45,116.86
3321,577083.658606,63.79,65,-54.394,9.237,65.888,149.183,116.613,248.5,185.96,90.23,204.16,116.66
3322,577083.662925,61.896,52,-53.359,8.133,69.869,148.318,117.211,250.02,184.58,95.67,203.0,117.19
3323,577083.671597,65.217,63,-55.042,8.609,62.835,149.898,119.559,247.61,185.14,86.05,204.72,119.61
3324,577083.679128,66.604,64,-53.231,9.277,60.956,153.51,117.532,250.12,186.06,83.46,210.01,117.55
3325,577083.683218,64.38,71,-54.314,9.149,64.81,149.885,116.138,248.72,185.9,88.77,204.63,116.15
3326,577083.686959,62.556,55,-52.644,8.816,69.227,150.205,116.624,250.86,185.35,94.83,205.12,116.65
3327,577083.6909,63.069,64,-53.686,9.035,67.58,149.208,118.296,249.55,185.75,92.53,204.03,118.3
3328,577083.694991,65.275,66,-55.024,8.315,63.753,152.425,119.379,247.65,184.74,87.28,208.6,119.38
3329,577083.704095,66.654,62,-52.56,9.603,60.826,153.49,118.145,251.07,186.53,83.3,209.83,118.14
3330,577083.7067,65.097,65,-54.145,9.045,63.548,150.915,116.001,248.88,185.73,87.0,206.51,116.01
3331,577083.711728,63.48,58,-54.375,9.365,66.334,148.559,117.376,248.65,186.22,90.85,203.03,117.36
3332,577083.714638,62.677,70,-53.285,8.946,68.388,148.991,118.086,250.06,185.6,93.63,203.87,118.09
3333,577083.719275,64.959,67,-54.949,8.123,64.598,152.617,119.59,247.83,184.5,88.44,208.66,119.62
3334,577083.726896,66.111,66,-53.461,9.168,60.813,150.17,119.157,249.55,185.81,83.31,204.7,119.23
3335,577083.730633,66.192,64,-53.318,9.195,61.849,153.212,116.242,250.0,185.94,84.68,209.64,116.25
3336,577083.734894,63.551,62,-53.768,9.609,66.094,148.389,116.863,249.44,186.53,90.5,202.88,116.88
3337,577083.738745,61.822,60,-53.249,8.267,69.541,147.267,117.097,250.09,184.69,95.2,201.31,117.09
3338,577083.743082,64.224,59,-54.86,8.094,66.013,151.809,119.674,247.84,184.42,90.38,207.53,119.71
3339,577083.74688,66.101,64,-53.435,9.273,61.922,152.843,119.453,249.89,186.08,84.8,209.03,119.48
3340,577083.754831,66.636,63,-52.969,9.215,61.128,154.143,116.897,250.48,185.95,83.75,210.13,116.88
3341,577083.760458,64.055,68,-54.243,9.088,65.256,149.153,116.597,248.79,185.82,89.35,203.92,116.6
3342,577083.762748,62.307,59,-52.206,8.591,68.995,148.462,117.503,251.54,185.13,94.46,203.1,117.48
3343,577083.767471,63.859,57,-55.813,7.394,66.523,150.988,119.861,246.52,183.43,91.1,206.61,119.92
3344,577083.771218,65.204,65,-54.061,8.814,62.322,148.604,119.286,248.99,185.44,85.33,203.27,119.29
3345,577083.779342,67.076,62,-53.08,8.989,59.845,153.638,117.974,250.15,185.6,81.97,209.59,118.04
3346,577083.782659,64.974,66,-54.09,8.936,63.642,150.444,116.158,248.98,185.59,87.17,205.54,116.19
3347,577083.786666,63.874,57,-54.744,8.941,65.602,148.975,117.951,248.04,185.59,89.81,203.81,117.97
3348,577083.790752,63.135,68,-53.535,8.668,67.406,149.164,118.394,249.71,185.23,92.28,204.1,118.4
3349,577083.794707,64.545,67,-53.657,8.781,63.961,148.813,119.068,249.52,185.38,87.58,203.45,119.07
3350,577083.804097,66.77,61,-52.859,9.046,60.709,153.918,118.755,250.63,185.75,83.13,210.61,118.76
3351,577083.807426,65.201,71,-54.139,8.54,63.265,150.833,116.411,248.93,185.06,86.65,206.12,116.44
3352,577083.810592,63.507,62,-54.566,8.885,66.197,148.394,117.74,248.43,185.6,90.66,202.73,117.69
3353,577083.816012,62.662,69,-53.688,8.328,68.345,148.824,118.33,249.53,184.78,93.56,203.72,118.35
3354,577083.819037,64.619,62,-54.933,7.858,64.944,151.515,119.679,247.87,184.17,88.96,206.73,119.69
3355,577083.822999,66.163,61,-53.334,9.171,61.108,151.208,119.04,249.94,185.9,83.69,206.69,119.05
3356,577083.839939,63.211,64,-53.074,9.302,67.416,149.576,117.209,250.38,186.07,92.4,204.1,117.28
3357,577083.845134,64.472,64,-55.419,7.581,66.1,153.382,119.644,247.21,183.8,90.51,209.55,119.63
3358,577083.847289,65.153,64,-54.735,8.674,62.368,148.429,119.579,248.04,185.23,85.39,202.99,119.6
3359,577083.855151,66.536,65,-53.847,8.867,61.238,153.801,117.268,249.25,185.48,83.84,210.32,117.32
3360,577083.858953,63.845,70,-54.574,8.973,65.669,148.975,116.643,248.28,185.63,89.9,203.85,116.66
3361,577083.863731,62.011,54,-53.967,7.777,69.65,148.411,116.936,249.18,184.05,95.35,203.25,116.98
3362,577083.866798,63.964,62,-55.584,7.638,67.256,153.223,119.662,246.82,183.79,92.07,209.37,119.72
3363,577083.870753,64.974,65,-54.449,8.938,63.049,149.044,119.168,248.41,185.53,86.4,203.88,119.23
3364,577083.879152,66.363,54,-53.364,9.273,60.837,151.732,118.133,249.99,186.1,83.36,206.73,118.16
3365,577083.883487,64.807,68,-54.637,8.978,64.26,150.963,116.072,248.2,185.64,87.97,206.59,116.08
3366,577083.887182,63.531,60,-55.389,9.036,66.432,149.045,117.965,247.22,185.73,90.95,204.03,117.96
3367,577083.891409,62.835,69,-54.116,8.793,68.109,149.182,118.267,248.92,185.39,93.24,204.12,118.28
3368,577083.895171,65.106,67,-55.424,8.069,64.25,152.634,119.332,247.06,184.37,87.94,209.1,119.35
3369,577083.899261,66.569,59,-53.252,9.395,61.023,153.458,118.219,250.06,186.2,83.55,210.11,118.25
3370,577083.908036,65.186,64,-54.588,8.66,63.278,150.779,115.903,248.28,185.21,86.64,206.32,115.92
3371,577083.910893,63.528,63,-54.915,8.917,66.323,148.785,117.346,247.82,185.56,90.79,203.56,117.37
3372,577083.923508,65.961,64,-54.369,8.75,60.984,149.707,119.089,248.41,185.27,83.5,204.58,119.16
3373,577083.93117,66.336,63,-53.464,8.848,61.553,153.353,116.425,249.74,185.44,84.3,209.53,116.46
3374,577083.934507,63.714,64,-54.324,8.962,65.828,148.644,116.825,248.68,185.64,90.13,203.22,116.85
3375,577083.939489,62.075,56,-53.498,7.839,68.95,147.231,117.29,249.86,184.08,94.53,201.24,117.39
3376,577083.942499,64.478,63,-54.942,7.717,65.897,152.941,119.628,247.76,183.92,90.23,209.08,119.64
3377,577083.947621,65.504,68,-53.807,8.912,61.943,149.394,119.228,249.38,185.63,84.76,204.33,119.19
3378,577083.955224,66.676,64,-53.591,8.736,60.833,153.647,117.58,249.43,185.23,83.36,209.09,117.64
3379,577083.958593,64.067,68,-54.413,8.832,65.309,149.338,116.559,248.56,185.46,89.43,204.18,116.59
3380,577083.962675,63.541,56,-55.094,8.759,66.585,149.442,118.284,247.49,185.31,91.15,204.24,118.32
3381,577083.966632,63.789,62,-55.432,7.486,67.544,152.926,119.889,247.12,183.61,92.46,209.24,119.9
3382,577083.970523,64.697,66,-54.71,8.5,63.583,148.764,119.849,248.1,185.01,87.05,203.48,119.86
3383,577083.975398,66.921,62,-53.51,9.091,60.571,154.518,118.437,249.45,185.69,82.98,210.1,118.53
3384,577083.984531,64.84,67,-54.815,8.847,64.15,150.887,116.273,247.96,185.46,87.82,206.48,116.29
3385,577083.986828,63.267,61,-55.406,8.999,66.959,148.852,118.022,247.14,185.67,91.66,203.63,118.05
3386,577083.991056,63.005,66,-55.385,7.632,69.11,152.252,119.395,247.32,183.86,94.66,208.0,119.39
3387,577083.995509,64.145,66,-54.665,8.707,64.911,148.843,119.265,248.22,185.3,88.84,203.53,119.31
3388,577083.998479,65.959,62,-54.517,8.978,61.265,150.384,118.969,248.17,185.57,83.92,204.88,119.07
3389,577084.008315,65.556,65,-54.491,8.878,62.981,152.2,116.047,248.45,185.52,86.25,207.98,116.08
3390,577084.019813,64.779,64,-55.181,8.083,64.947,152.418,119.428,247.45,184.43,88.91,208.55,119.44
3391,577084.023372,66.685,63,-53.669,9.262,60.565,153.024,119.123,249.61,186.06,82.95,209.35,119.08
3392,577084.032066,66.626,63,-53.11,9.201,60.969,153.676,116.469,250.29,185.95,83.48,210.23,116.48
3393,577084.034729,63.876,68,-53.924,9.336,65.6,148.984,116.453,249.28,186.18,89.84,203.53,116.47
3394,577084.039534,62.236,57,-52.923,8.357,68.993,148.11,116.725,250.62,184.86,94.53,202.82,116.81
3395,577084.043019,64.33,57,-54.38,8.087,66.295,153.04,119.617,248.62,184.47,90.77,209.21,119.63
3396,577084.047195,65.165,66,-54.638,8.41,62.299,148.326,120.169,248.18,184.87,85.29,202.91,120.19
3397,577084.050708,66.883,63,-52.573,9.243,60.345,153.7,117.751,250.95,185.98,82.65,210.03,117.76
3398,577084.059557,64.458,67,-53.648,9.053,64.629,149.89,116.395,249.56,185.75,88.47,205.25,116.4
3399,577084.063022,63.562,57,-54.12,9.066,66.104,148.47,118.354,248.88,185.76,90.49,202.72,118.45
3400,577084.067746,63.461,62,-54.545,7.546,67.667,151.443,119.936,248.32,183.69,92.64,207.2,119.95
3401,577084.070587,64.947,66,-52.996,9.077,63.081,148.967,119.402,250.45,185.8,86.36,203.79,119.39
3402,577084.074934,66.541,62,-52.681,9.057,60.235,151.309,118.912,250.77,185.72,82.5,206.74,118.93
3403,577084.084362,65.286,64,-53.079,9.057,63.276,151.346,116.223,250.26,185.7,86.68,206.73,116.21
3404,577084.087146,63.489,60,-53.678,9.229,66.403,148.764,117.792,249.5,185.98,90.91,203.54,117.81
3405,577084.090524,62.631,65,-52.498,8.912,68.589,149.198,118.388,251.13,185.55,93.91,204.16,118.39
3406,577084.094788,64.709,64,-54.186,8.047,65.247,152.724,120.075,249.0,184.45,89.44,208.45,120.07
3407,577084.10339,65.977,64,-53.219,8.985,62.652,153.897,116.656,250.14,185.65,85.78,210.59,116.66
3408,577084.110484,62.991,64,-53.307,9.687,67.12,147.797,117.061,250.09,186.65,91.91,202.0,117.07
3409,577084.11522,61.897,65,-53.057,8.519,70.392,149.433,118.259,250.53,185.15,96.38,204.12,118.22
3410,577084.119226,63.928,60,-54.472,8.271,66.923,152.268,119.867,248.48,184.72,91.67,207.87,119.88
3411,577084.12338,65.19,60,-54.289,9.061,62.463,148.857,119.933,248.58,185.73,85.53,203.39,119.96
3412,577084.126834,66.352,61,-53.373,9.412,61.715,153.857,117.097,250.01,186.27,84.51,210.22,117.12
3413,577084.13586,63.409,67,-54.298,9.614,66.594,148.773,116.453,248.66,186.51,91.17,203.57,116.47
3414,577084.138912,61.595,58,-53.753,8.541,70.367,147.922,116.433,249.43,185.05,96.34,202.45,116.46
3415,577084.143486,63.588,57,-55.468,8.197,67.969,152.801,119.282,247.08,184.59,93.04,209.05,119.29
3416,577084.146505,64.778,66,-54.746,9.174,63.498,149.015,119.033,248.05,185.93,86.93,203.81,119.04
3417,577084.151287,66.854,61,-53.765,9.411,60.759,154.575,117.361,249.05,186.11,83.23,210.34,117.46
3418,577084.160146,64.536,65,-54.944,9.057,64.608,150.272,115.736,247.79,185.75,88.45,205.61,115.75
3419,577084.163676,63.73,58,-55.699,9.035,66.024,149.171,117.578,246.9,185.78,90.4,203.58,117.65
3420,577084.167134,63.492,67,-55.687,7.625,67.75,151.796,119.009,246.79,183.81,92.73,207.8,119.01
3421,577084.17066,64.821,69,-54.428,8.874,63.317,148.827,118.861,248.5,185.52,86.68,203.58,118.86
3422,577084.175597,67.226,60,-52.814,9.563,59.713,154.255,118.167,250.62,186.41,81.78,210.78,118.16
3423,577084.179273,65.53,68,-53.883,9.026,62.408,150.665,116.012,249.38,185.76,85.44,205.63,116.1
3424,577084.187295,64.024,61,-54.42,9.172,65.372,149.251,117.436,248.55,185.94,89.52,204.03,117.44
3425,577084.192167,62.841,61,-53.246,8.395,68.103,149.199,118.271,250.29,185.01,93.21,203.63,118.16
3426,577084.194605,65.158,63,-54.597,7.978,64.126,152.64,119.888,248.38,184.34,87.89,208.15,119.88
3427,577084.199681,66.231,63,-53.542,9.007,60.058,149.006,119.838,249.56,185.65,82.23,203.57,119.89
3428,577084.203192,66.24,61,-53.032,8.871,60.881,151.108,116.752,250.5,185.53,83.46,206.56,116.74
3429,577084.212256,63.989,65,-52.828,9.622,65.064,148.362,117.158,250.67,186.52,89.08,203.01,117.17
3430,577084.21493,62.234,60,-52.388,8.213,68.882,147.858,117.788,251.37,184.68,94.38,202.31,117.86
3431,577084.220096,64.887,61,-53.56,8.166,65.701,154.805,120.122,249.63,184.52,89.98,211.61,120.13
3432,577084.222577,65.344,69,-53.633,8.839,61.719,147.947,120.787,249.54,185.46,84.5,202.42,120.8
3433,577084.227119,66.906,60,-51.567,9.537,60.665,154.664,117.903,252.26,186.36,83.14,210.72,117.93
3434,577084.236123,63.942,64,-52.53,9.671,65.468,149.037,117.077,251.11,186.6,89.65,203.83,117.11
3435,577084.238391,61.691,56,-51.851,8.499,69.545,146.648,116.474,252.08,185.08,95.17,200.58,116.49
3436,577084.243439,63.056,59,-52.682,9.131,67.979,150.027,119.148,250.86,185.85,93.08,205.1,119.12
3437,577084.24695,64.628,63,-53.435,8.964,64.487,150.499,119.934,249.89,185.66,88.34,205.46,119.97
3438,577084.251045,66.076,61,-52.51,9.356,62.145,153.243,118.613,251.0,186.1,85.14,209.35,118.63
3439,577084.254924,64.04,70,-53.771,9.205,65.598,149.857,116.495,249.36,185.93,89.8,205.04,116.49
3440,577084.272091,64.108,70,-55.197,8.279,66.078,151.319,119.38,247.41,184.68,90.48,206.92,119.39
3441,577084.276155,65.96,61,-53.787,9.21,62.383,153.132,118.59,249.35,185.96,85.41,209.47,118.61
3442,577084.279098,64.939,65,-55.207,8.566,63.926,150.918,115.878,247.43,185.08,87.52,206.51,115.89
3443,577084.287729,63.331,63,-55.531,8.928,66.832,148.903,117.028,246.98,185.57,91.49,203.7,117.05
3444,577084.290541,62.477,64,-54.475,8.343,69.128,149.594,117.501,248.49,184.82,94.64,204.48,117.48
3445,577084.29567,64.619,62,-56.413,7.648,65.5,152.807,118.885,245.9,183.9,89.7,208.78,118.86
3446,577084.298598,65.538,63,-55.785,8.536,61.587,148.728,119.069,246.6,185.05,84.36,202.97,119.1
3447,577084.303134,66.043,64,-54.144,8.835,61.657,151.847,116.298,248.88,185.43,84.43,206.98,116.42
3448,577084.312104,64.083,63,-55.01,8.966,65.043,148.815,116.413,247.69,185.63,89.04,203.59,116.43
3449,577084.314826,62.429,60,-53.923,7.916,68.36,147.696,116.922,249.23,184.23,93.56,202.02,116.89
3450,577084.318851,64.91,62,-55.165,7.872,65.018,153.329,119.017,247.49,184.15,89.01,209.77,119.02
3451,577084.32254,65.666,69,-54.574,8.707,61.076,148.225,119.213,248.23,185.27,83.62,202.66,119.24
3452,577084.327265,66.932,59,-53.377,8.846,59.571,152.035,117.17,249.97,185.5,81.59,207.89,117.18
3453,577084.334269,64.823,66,-53.457,9.268,63.634,149.58,116.363,249.81,186.04,87.12,204.68,116.37
3454,577084.338832,62.684,54,-52.614,8.053,67.794,147.731,116.255,250.99,184.39,92.84,202.21,116.28
3455,577084.343068,64.429,63,-53.976,8.0,66.108,153.16,119.672,249.17,184.3,90.62,209.16,119.67
3456,577084.356004,65.491,66,-53.181,9.21,63.21,152.373,116.879,250.18,185.96,86.54,208.56,116.88
3457,577084.362917,63.868,59,-53.51,9.7,65.651,149.055,118.5,249.72,186.63,89.88,203.95,118.52
3458,577084.367409,63.299,66,-53.394,8.366,68.438,152.308,119.752,249.94,184.82,93.71,208.44,119.73
3459,577084.370481,64.309,66,-52.729,9.599,64.54,148.877,119.408,250.82,186.52,88.36,203.68,119.4
3460,577084.375056,66.375,64,-52.068,9.945,61.456,153.353,119.107,251.66,186.96,84.14,209.76,119.13
3461,577084.378431,65.333,65,-53.152,9.447,63.338,151.766,116.685,250.2,186.26,86.73,207.56,116.69
3462,577084.387704,63.394,62,-53.848,9.578,66.627,148.77,117.753,249.33,186.49,91.23,203.37,117.77
3463,577084.390637,62.895,61,-52.488,9.408,68.317,149.943,118.026,251.02,186.16,93.62,204.79,118.09
3464,577084.395047,64.962,63,-54.809,8.224,65.137,153.907,119.879,247.93,184.6,89.19,210.42,119.87
3465,577084.399092,65.752,64,-54.009,9.37,61.268,149.184,119.635,248.97,186.16,83.89,203.9,119.68
3466,577084.403181,66.311,64,-53.443,9.35,61.555,153.207,116.638,249.75,186.12,84.32,209.23,116.67
3467,577084.407123,63.565,68,-53.969,9.592,66.213,148.73,116.718,249.18,186.51,90.67,203.3,116.74
3468,577084.416191,61.91,56,-52.635,8.824,69.645,147.91,117.554,250.94,185.43,95.35,202.43,117.56
3469,577084.418478,64.023,57,-55.048,7.999,66.551,151.937,119.539,247.58,184.28,91.14,207.59,119.57
3470,577084.424147,65.185,66,-53.894,9.156,62.592,149.141,118.77,249.23,185.91,85.7,204.01,118.77
3471,577084.427612,66.691,61,-53.374,8.998,60.917,153.95,117.226,249.76,185.6,83.45,209.99,117.26
3472,577084.430634,64.278,68,-54.357,8.758,65.002,149.773,115.803,248.55,185.32,89.02,204.73,115.82
3473,577084.439664,62.265,54,-53.174,7.868,69.18,148.651,115.823,250.26,184.15,94.73,203.3,115.83
3474,577084.444147,63.668,61,-53.467,8.701,66.263,149.383,117.094,249.91,185.39,90.59,204.26,117.03
3475,577084.446692,64.987,66,-52.815,9.48,62.896,148.752,116.591,250.72,186.35,86.11,203.5,116.58
3476,577084.450896,66.323,59,-51.734,9.701,61.166,152.315,115.503,252.06,186.57,83.81,207.92,115.55
3477,577084.45569,64.508,70,-51.627,9.719,64.711,150.359,112.638,252.33,186.64,88.6,205.81,112.65
3478,577084.462912,62.755,64,-51.337,10.29,67.898,148.316,113.784,252.7,187.43,92.95,202.84,113.8
3479,577084.466625,62.249,64,-50.691,9.069,70.343,151.068,115.013,253.61,185.76,96.32,206.76,115.02
3480,577084.470719,64.595,58,-49.946,10.322,65.555,152.806,114.588,254.62,187.47,89.76,209.18,114.59
3481,577084.474448,65.891,62,-46.814,11.872,62.556,153.144,113.458,258.91,189.59,85.67,209.69,113.46
3482,577084.478984,65.292,67,-45.895,12.14,63.605,152.166,110.248,260.16,189.94,87.11,208.35,110.25
3483,577084.482733,62.788,72,-45.205,12.924,67.783,148.23,110.479,261.24,191.06,92.88,202.52,110.5
3484,577084.492014,61.319,55,-43.251,12.087,70.66,147.228,111.246,263.87,189.92,96.76,201.44,111.21
3485,577084.494638,64.434,58,-43.231,12.968,65.632,152.085,111.554,263.82,191.09,89.89,208.26,111.54
3486,577084.499399,65.418,61,-41.362,14.129,61.944,148.906,109.856,266.35,192.66,84.85,203.9,109.86
3487,577084.502641,65.858,65,-39.647,14.167,62.262,152.228,107.047,268.76,192.71,85.34,207.75,107.12
3488,577084.507446,62.996,68,-39.768,14.181,67.57,148.816,106.467,268.59,192.73,92.57,203.76,106.46
3489,577084.516092,61.517,55,-38.939,12.664,70.13,147.054,106.879,269.69,190.65,96.08,201.52,106.89
3490,577084.527823,65.81,43,-36.295,13.366,61.596,150.32,105.857,273.3,191.59,84.41,205.97,105.85
3491,577084.531397,64.998,65,-37.521,13.567,63.466,150.164,104.729,271.61,191.89,87.0,205.1,104.73
3492,577084.539536,64.278,59,-39.058,13.562,64.539,148.705,108.217,269.5,191.87,88.41,203.74,108.22
3493,577084.543046,64.995,60,-38.434,12.003,63.833,151.014,109.905,270.37,189.75,87.46,206.9,109.89
3494,577084.546862,68.439,54,-39.301,12.213,56.624,154.083,109.844,269.1,190.02,77.61,210.72,109.84
3495,577084.550553,70.566,55,-36.588,13.669,52.678,158.324,107.567,272.79,191.98,72.18,216.65,107.53
3496,577084.555358,67.831,64,-37.542,13.856,57.24,151.696,104.797,271.58,192.28,78.42,207.86,104.8
3497,577084.558809,65.914,60,-38.92,14.251,60.718,148.78,107.134,269.78,192.83,83.22,203.86,107.08
3498,577084.567714,65.098,62,-39.367,12.238,61.978,147.195,108.566,269.07,190.07,84.9,201.81,108.59
3499,577084.570921,69.53,48,-41.241,12.432,54.345,155.398,110.378,266.54,190.35,74.48,212.82,110.37
3500,577084.575345,71.684,55,-39.285,14.282,48.596,154.641,108.529,269.01,192.71,66.83,211.59,108.59
3501,577084.578858,70.827,55,-40.35,14.326,51.164,155.783,105.968,267.83,192.93,70.13,213.43,105.95
3502,577084.582847,68.029,58,-42.33,14.801,56.324,150.546,107.246,265.01,193.56,77.18,206.08,107.3
3503,577084.592211,68.751,51,-42.068,14.59,55.812,153.997,108.871,265.36,193.27,76.48,210.98,108.89
3504,577084.594508,71.256,48,-46.062,12.836,51.228,159.424,110.843,260.01,190.94,70.13,218.68,110.84
3505,577084.598973,72.431,52,-44.366,14.462,45.448,150.562,109.339,262.25,193.14,62.25,206.01,109.36
3506,577084.602831,74.328,52,-44.818,13.718,44.235,163.753,107.821,261.7,192.14,60.62,223.68,107.82
3507,577084.61165,71.516,43,-41.335,14.839,49.913,157.431,107.929,266.38,193.64,68.38,215.46,107.94
3508,577084.618484,73.374,48,-48.306,13.04,45.045,157.431,111.462,256.97,191.26,61.68,215.27,111.45
3509,577084.623392,75.742,52,-45.381,15.323,38.142,154.864,110.734,260.9,194.34,52.23,211.99,110.73
3510,577084.626952,77.007,42,-46.905,14.155,36.707,163.261,110.182,258.1,192.56,50.39,221.09,110.27
3511,577084.631351,74.22,52,-49.596,13.845,41.795,153.69,108.971,255.09,192.3,57.23,210.42,108.99
3512,577084.634668,74.28,43,-49.687,14.412,43.148,159.256,111.189,255.0,193.09,59.1,217.48,111.23
3513,577084.64353,73.202,40,-49.846,12.925,43.592,150.841,112.169,254.78,191.07,59.71,206.49,112.2
3514,577084.646681,76.497,51,-48.417,14.124,37.291,159.712,113.123,257.07,192.87,51.08,217.47,113.1
3515,577084.650756,76.484,44,-47.988,13.98,34.245,146.53,113.44,257.28,192.51,46.9,200.63,113.45
3516,577084.655143,76.987,57,-49.138,13.225,36.386,161.585,111.121,255.67,191.43,49.82,221.53,111.14
3517,577084.658647,75.434,44,-49.554,13.535,39.27,156.149,112.842,254.81,191.78,53.81,212.38,112.91
3518,577084.668076,74.636,46,-45.514,13.982,40.417,152.544,114.042,260.64,192.49,55.36,208.95,114.03
3519,577084.670542,77.402,43,-49.543,12.591,36.222,166.075,114.583,255.59,190.84,49.57,226.72,114.52
3520,577084.674578,76.378,42,-49.884,12.269,35.654,151.392,114.949,254.63,190.15,48.82,207.42,114.95
3521,577084.679028,76.987,52,-48.155,12.634,37.466,166.393,113.045,257.06,190.64,51.33,227.0,113.06
3522,577084.68291,74.388,45,-51.283,11.787,41.835,155.447,115.068,252.78,189.51,57.28,212.71,115.08
3523,577084.687434,72.382,39,-47.877,11.232,45.424,150.079,117.151,257.58,188.83,62.18,205.56,117.16
3524,577084.699946,75.848,50,-47.616,12.902,37.762,154.445,117.462,257.79,191.04,51.71,211.48,117.46
3525,577084.70239,76.941,52,-48.451,11.711,37.865,167.576,117.046,256.83,189.49,51.93,227.83,117.07
3526,577084.70752,73.748,52,-51.078,11.093,43.021,153.724,116.725,252.97,188.52,58.93,210.09,116.75
3527,577084.711066,73.57,41,-50.409,11.85,45.162,159.675,117.928,253.98,189.6,61.85,218.53,117.93
3528,577084.719843,72.388,45,-53.398,9.332,46.713,154.388,119.9,249.88,186.17,63.96,211.29,119.91
3529,577084.722645,73.602,54,-48.998,12.658,43.125,152.755,118.526,255.63,190.46,59.3,208.47,118.61
3530,577084.72673,73.081,51,-49.611,11.855,42.855,147.258,119.715,254.98,189.58,58.7,201.48,119.72
3531,577084.730695,72.507,65,-50.906,11.367,46.871,155.931,117.035,253.32,188.95,64.18,213.34,117.03
3532,577084.735278,70.553,54,-51.926,11.587,50.641,152.107,118.621,251.77,189.22,69.26,208.3,118.7
3533,577084.742797,69.967,58,-51.635,10.347,53.87,157.259,119.487,252.64,187.77,73.78,214.09,119.42
3534,577084.747046,71.017,54,-52.256,10.918,51.133,157.191,119.23,251.43,188.31,70.01,215.15,119.23
3535,577084.750629,70.843,57,-49.571,12.387,50.74,154.619,118.591,255.05,190.28,69.49,211.37,118.58
3536,577084.755194,70.449,59,-50.321,11.702,52.193,155.967,116.975,254.09,189.38,71.47,213.46,116.98
3537,577084.75848,68.486,61,-50.998,11.963,55.254,150.668,117.587,253.23,189.74,75.71,206.24,117.55
3538,577084.763316,66.886,54,-49.991,11.09,58.618,149.322,117.358,254.56,188.55,80.27,204.44,117.37
3539,577084.772059,69.258,53,-50.686,11.422,55.38,156.369,118.219,253.87,189.17,75.83,213.41,118.17
3540,577084.784219,66.556,62,-47.222,13.46,59.312,149.079,114.69,258.4,191.81,81.23,203.87,114.68
3541,577084.786918,64.893,53,-46.901,11.985,62.979,148.427,114.857,258.76,189.74,86.29,202.86,114.84
3542,577084.795298,67.108,56,-47.333,12.228,60.024,154.308,116.158,258.22,190.12,82.2,211.15,116.14
3543,577084.799116,67.407,59,-45.126,13.769,57.799,150.448,114.664,261.22,192.21,79.16,205.94,114.65
3544,577084.803108,68.01,62,-44.011,13.484,57.883,154.58,113.856,262.73,191.8,79.28,211.66,113.86
3545,577084.806598,65.79,68,-44.833,13.164,61.707,150.477,112.9,261.63,191.36,84.54,205.79,112.92
3546,577084.810905,64.584,51,-42.218,12.925,65.386,152.35,113.235,265.19,191.01,89.59,208.49,113.26
3547,577084.82019,65.401,60,-43.456,12.863,62.565,150.304,114.033,263.7,191.13,85.57,205.36,113.92
3548,577084.82334,66.482,62,-42.252,13.865,59.693,149.594,112.518,265.15,192.33,81.76,204.85,112.5
3549,577084.82644,66.639,61,-42.179,13.394,59.662,150.465,112.118,264.75,191.58,81.61,205.12,112.27
3550,577084.831168,65.288,71,-42.306,13.037,63.009,150.716,110.403,265.33,191.27,86.37,205.64,110.39
3551,577084.834502,64.549,60,-43.0,13.084,63.886,148.661,112.47,264.1,191.23,87.5,203.62,112.47
3552,577084.838723,64.866,65,-40.97,12.955,63.412,149.296,111.949,266.88,191.06,86.87,204.5,111.94
3553,577084.847231,67.141,64,-41.827,12.648,59.339,152.753,111.968,265.78,190.68,81.31,208.99,111.95
3554,577084.851306,67.872,59,-39.286,13.659,57.22,151.905,110.588,269.03,191.96,78.41,207.82,110.6
3555,577084.854447,66.529,60,-39.575,13.38,59.898,150.388,108.229,268.72,191.6,82.08,205.73,108.21
3556,577084.859251,64.733,59,-39.591,14.044,63.232,148.143,109.734,268.81,192.56,86.63,202.8,109.74
3557,577084.862566,63.804,58,-38.862,12.985,64.586,146.307,109.794,269.92,191.21,88.56,200.61,109.88
3558,577084.87232,67.624,57,-40.484,12.955,59.357,155.92,111.727,267.48,190.98,81.52,212.58,111.75
3559,577084.874486,68.325,62,-40.382,13.93,55.15,149.318,111.121,267.67,192.39,75.55,204.56,111.12
3560,577084.879079,68.638,61,-37.851,14.723,55.908,153.482,107.82,271.12,193.46,76.6,209.65,107.9
3561,577084.882901,66.125,62,-38.412,15.094,60.523,149.533,107.978,270.44,193.99,82.92,204.73,107.99
3562,577084.886743,66.878,47,-36.567,15.752,60.505,154.076,108.936,272.79,194.74,83.12,210.57,108.93
3563,577084.896066,67.466,58,-40.96,13.786,58.338,152.225,111.756,266.89,192.2,79.91,208.54,111.75
3564,577084.898738,69.949,54,-40.026,14.828,52.336,152.648,110.771,268.23,193.66,71.72,208.84,110.76
3565,577084.90305,71.898,54,-36.679,16.241,49.461,159.189,107.92,272.55,195.49,67.81,217.22,107.93
3566,577084.907424,68.76,65,-37.09,16.803,54.855,151.416,106.294,272.2,196.31,75.15,207.49,106.29
3567,577084.91051,67.987,59,-38.738,17.114,56.554,150.882,108.609,269.98,196.76,77.48,206.56,108.63
3568,577084.915205,67.703,57,-38.65,15.518,58.189,153.367,110.018,270.1,194.55,79.81,209.68,109.97
3569,577084.924383,70.823,48,-39.038,16.148,50.954,155.115,110.078,269.55,195.44,69.82,212.46,110.07
3570,577084.92642,73.191,51,-39.398,17.089,43.75,151.29,109.741,268.95,196.71,59.93,207.14,109.76
3571,577084.931769,73.169,52,-37.579,17.349,46.069,159.102,105.823,271.61,197.08,63.12,217.61,105.85
3572,577084.93505,70.481,55,-37.801,18.233,50.396,150.833,107.217,271.23,198.28,69.02,206.66,107.22
3573,577084.93845,70.256,54,-38.377,16.574,53.114,157.228,108.886,270.48,196.03,72.76,215.31,108.87
3575,577084.960469,73.808,55,-39.444,17.297,42.78,153.414,107.491,268.96,197.0,58.6,210.15,107.5
3576,577084.963387,72.25,44,-36.622,16.812,46.829,153.609,108.686,272.84,196.35,64.16,210.5,108.67
3577,577084.971754,73.911,41,-42.227,15.764,43.172,155.786,110.437,264.64,194.74,59.05,214.08,110.57
3578,577084.975345,75.96,52,-36.897,18.201,37.414,154.221,109.886,272.47,198.27,51.25,211.28,109.87
3579,577084.979469,76.582,38,-41.777,15.783,35.465,152.826,109.563,265.59,194.87,48.5,209.82,109.63
3580,577084.982797,75.916,47,-41.022,15.994,37.987,156.101,109.009,266.78,195.22,52.03,213.76,109.02
3581,577084.987146,74.837,43,-37.735,16.406,42.067,160.831,109.615,271.4,195.84,57.6,220.24,109.59
3582,577084.990775,74.317,42,-38.612,16.652,40.757,150.778,111.582,270.03,196.12,55.86,206.29,111.57
3583,577084.998947,77.032,47,-43.798,14.885,36.306,161.787,112.826,262.98,193.72,49.72,221.57,112.83
3584,577085.002933,78.589,35,-39.498,15.952,32.986,166.72,112.335,268.93,195.2,45.17,228.41,112.34
3585,577085.007528,77.192,42,-42.934,14.681,35.473,160.011,111.186,264.26,193.46,48.56,219.77,111.16
3586,577085.011091,76.284,43,-43.436,15.284,37.708,159.033,112.711,262.74,194.07,51.55,216.01,112.86
3587,577085.014906,74.579,45,-39.553,16.493,40.362,151.789,113.223,268.83,195.95,55.28,207.92,113.19
3588,577085.023979,75.713,50,-46.491,13.931,38.406,155.625,114.898,259.33,192.44,52.59,213.16,114.91
3589,577085.026586,76.374,44,-40.95,16.145,35.774,151.85,114.864,266.87,195.41,49.07,208.15,114.85
3590,577085.039086,74.349,52,-42.894,15.609,42.522,157.621,114.446,264.24,194.72,58.25,215.83,114.45
3591,577085.046805,75.349,50,-46.189,14.436,41.59,164.437,115.647,259.83,193.17,56.97,224.81,115.63
3592,577085.051468,75.153,44,-43.702,15.845,39.931,155.83,115.775,262.82,194.84,54.76,213.78,115.87
3593,577085.055247,76.233,50,-44.759,14.757,39.24,164.896,114.642,261.68,193.57,53.77,225.44,114.67
3594,577085.058717,73.719,57,-46.336,14.839,42.818,152.733,115.1,259.73,193.78,58.67,208.67,115.06
3595,577085.063982,71.89,48,-42.878,15.062,47.165,151.73,115.944,264.18,193.94,64.62,207.59,115.94
3596,577085.067231,73.531,52,-46.711,14.124,45.802,161.559,116.114,259.17,192.78,62.74,220.67,116.09
3597,577085.074858,73.142,58,-44.075,15.961,44.181,152.345,115.473,262.66,195.1,60.8,208.29,115.46
3598,577085.079453,74.671,56,-43.935,15.105,43.126,163.13,115.298,262.67,193.96,59.14,221.97,115.29
3599,577085.082793,72.38,54,-46.072,14.256,46.643,154.087,114.557,259.88,192.86,63.88,210.97,114.56
3600,577085.08736,70.389,45,-44.576,13.491,51.188,152.512,114.676,261.89,191.78,70.16,208.62,114.68
3601,577085.090678,71.759,51,-46.464,12.947,49.65,158.617,116.662,259.14,190.92,68.01,217.92,116.72
3602,577085.100669,72.082,59,-43.566,15.061,46.782,152.056,115.415,263.25,193.88,64.2,208.11,115.46
3603,577085.102709,73.146,56,-42.535,14.606,46.16,159.215,115.362,264.48,193.2,63.26,217.1,115.32
3604,577085.107349,71.344,62,-44.223,13.442,49.477,154.671,113.952,262.6,191.83,67.78,211.44,113.94
3605,577085.110719,69.508,58,-44.889,13.472,52.815,150.866,115.68,261.44,191.75,72.31,206.74,115.7
3606,577085.114824,68.743,58,-42.823,13.285,55.038,151.804,115.985,264.34,191.55,75.42,207.56,115.97
3607,577085.118287,70.578,52,-44.468,12.512,51.664,155.368,116.749,262.15,190.5,70.78,212.88,116.71
3608,577085.132173,70.503,55,-42.137,12.822,51.664,154.795,113.766,265.28,190.89,70.77,212.03,113.76
3609,577085.1365,67.671,63,-42.118,13.394,56.48,148.662,114.554,265.4,191.73,77.38,203.35,114.52
3610,577085.139807,65.743,60,-41.542,12.362,60.276,146.72,114.626,266.19,190.37,82.47,200.83,114.56
3611,577085.142413,68.446,59,-42.982,12.01,56.952,155.021,116.911,264.12,189.79,78.01,212.33,116.89
3612,577085.152059,69.035,54,-42.38,12.669,53.512,149.561,116.392,264.77,190.62,73.33,204.36,116.46
3613,577085.154719,69.631,58,-40.824,12.975,53.491,153.682,113.965,266.79,191.01,73.32,209.56,114.01
3614,577085.159731,66.668,67,-41.268,13.235,59.066,149.134,113.524,266.51,191.45,80.94,204.34,113.49
3615,577085.162561,64.575,57,-39.941,12.775,64.264,149.684,113.929,268.35,190.86,88.07,205.2,113.96
3616,577085.166779,66.248,55,-42.634,11.782,62.043,154.038,116.329,264.58,189.42,85.11,210.75,116.35
3617,577085.175922,67.457,65,-42.518,12.778,57.366,149.635,115.966,264.65,190.81,78.6,204.5,115.98
3618,577085.179013,68.999,55,-40.183,13.661,55.157,153.904,113.33,267.96,192.04,75.6,210.26,113.3
3619,577085.182784,66.349,67,-40.635,13.849,60.144,149.92,111.457,267.33,192.28,82.39,205.4,111.45
3620,577085.187082,64.667,53,-38.367,13.956,65.585,153.282,111.785,270.44,192.42,89.85,209.95,111.78
3621,577085.190626,64.54,59,-40.445,13.772,64.343,149.674,113.299,267.65,192.21,88.14,204.88,113.28
3622,577085.195094,67.002,64,-42.021,13.508,60.157,153.972,113.824,265.43,191.82,82.4,210.98,113.81
3623,577085.204027,68.637,52,-40.033,14.451,55.984,153.689,112.305,267.89,193.02,76.76,209.79,112.37
3624,577085.206565,67.266,69,-40.428,14.482,58.632,151.72,109.189,267.62,193.14,80.31,207.88,109.19
3625,577085.220544,66.748,64,-40.996,14.446,60.369,152.917,111.491,266.88,193.11,82.73,208.99,111.5
3626,577085.227402,68.288,57,-40.391,15.209,55.221,149.27,111.134,267.64,194.14,75.64,204.43,111.14
3627,577085.231218,68.574,58,-40.129,14.791,55.026,150.634,107.251,268.25,193.66,75.46,206.13,107.31
3628,577085.235348,66.999,64,-39.077,15.727,58.351,149.333,108.046,269.55,194.84,79.98,204.66,108.01
3629,577085.239204,66.428,57,-39.271,14.286,61.603,154.046,109.322,269.18,192.87,84.42,210.7,109.33
3630,577085.242499,68.06,56,-39.047,15.321,57.324,153.421,109.627,269.63,194.37,78.65,209.26,109.59
3631,577085.252247,69.569,53,-38.805,15.985,52.216,149.584,109.678,269.74,195.18,71.54,204.63,109.69
3632,577085.25548,71.579,55,-37.252,15.761,49.35,156.176,106.981,272.25,195.08,67.87,212.75,107.08
3633,577085.258413,69.441,59,-37.426,16.334,52.77,150.268,106.826,271.81,195.67,72.33,205.97,106.79
3634,577085.263057,69.631,45,-37.158,16.739,53.463,153.602,107.907,272.1,196.23,73.26,210.42,107.91
3635,577085.267705,69.751,44,-38.863,15.409,53.497,154.571,109.559,269.55,194.37,73.34,210.94,109.62
3636,577085.27048,71.242,59,-35.571,17.435,48.471,150.734,108.381,274.29,197.2,66.4,206.52,108.37
3637,577085.279622,74.435,51,-33.227,17.426,44.284,165.037,108.001,277.51,197.19,60.67,226.2,108.0
3638,577085.283069,72.428,52,-36.291,16.735,46.719,154.746,106.564,273.28,196.22,64.01,212.06,106.56
3639,577085.28659,71.825,45,-37.111,17.246,48.031,153.988,108.317,272.06,196.92,65.79,210.76,108.34
3640,577085.290945,71.163,52,-35.13,17.227,49.655,153.792,108.48,274.88,196.91,68.03,210.73,108.47
3641,577085.295076,72.984,55,-36.982,16.998,46.054,157.378,109.484,272.5,196.66,63.12,214.87,109.46
3642,577085.303523,74.306,44,-35.94,17.498,41.64,153.933,109.495,273.01,197.12,56.94,209.74,109.68
3643,577085.308284,75.063,54,-36.533,16.9,41.146,159.633,107.545,273.13,196.56,56.42,218.45,107.61
3644,577085.311199,73.27,57,-36.726,17.686,43.926,152.59,108.492,272.7,197.55,60.17,209.06,108.49
3645,577085.314637,72.141,49,-33.545,18.22,46.476,151.551,108.937,276.91,198.26,63.69,207.95,108.87
3646,577085.319489,74.332,50,-38.608,16.776,43.875,162.461,110.567,270.12,196.31,60.1,222.63,110.56
3647,577085.327601,75.116,46,-40.165,17.007,39.274,152.899,111.464,267.93,196.61,53.8,209.61,111.45
3648,577085.330814,77.045,43,-35.596,17.774,37.74,168.339,109.368,274.23,197.66,51.71,230.57,109.37
3649,577085.334664,74.893,43,-38.974,17.274,40.4,155.012,109.631,269.58,196.98,55.34,212.3,109.64
3650,577085.339413,73.23,47,-34.446,18.342,43.843,151.952,109.787,275.71,198.45,60.11,208.22,109.72
3651,577085.343931,74.83,48,-43.802,15.382,41.96,160.348,112.515,263.01,194.41,57.47,219.64,112.51
3652,577085.346741,75.722,44,-42.54,16.404,38.706,156.938,112.323,264.35,195.7,53.02,213.64,112.41
3653,577085.355482,77.354,49,-38.301,17.257,36.528,166.845,111.437,270.5,196.97,50.02,228.54,111.45
3654,577085.359283,75.643,47,-41.621,16.255,38.973,157.176,110.711,265.95,195.58,53.39,215.19,110.72
3655,577085.363279,75.048,46,-43.703,16.108,39.949,154.832,112.253,263.24,195.43,54.77,211.63,112.24
3656,577085.367357,73.982,45,-39.128,17.273,41.643,150.915,112.278,269.19,196.97,57.06,206.73,112.13
3657,577085.371414,75.596,49,-46.026,14.882,38.775,155.88,113.707,259.94,193.72,53.1,213.58,113.71
3658,577085.392262,74.453,50,-43.704,15.056,42.221,157.525,113.789,263.18,193.98,57.82,215.67,113.78
3659,577085.394787,75.077,49,-42.89,16.1,39.549,153.578,113.996,264.28,195.42,54.16,210.29,113.97
3660,577085.403634,76.958,46,-41.73,15.931,37.512,166.231,114.632,265.92,195.21,51.38,227.78,114.64
3661,577085.406788,75.633,49,-45.686,13.947,39.527,159.294,113.201,260.49,192.48,54.13,218.37,113.21
3662,577085.411105,74.088,55,-47.065,14.034,42.124,153.65,114.83,258.55,192.58,57.69,210.35,114.83
3663,577085.414927,73.491,58,-44.503,14.417,44.393,156.221,115.034,262.04,193.09,60.81,213.9,115.03
3664,577085.418666,74.753,50,-47.584,13.152,42.241,160.628,116.147,257.82,191.37,57.85,219.88,116.15
3665,577085.422805,74.615,48,-43.193,15.349,40.473,152.558,115.48,263.83,194.38,55.44,208.86,115.46
3666,577085.432185,75.158,55,-45.327,13.863,41.411,161.661,114.319,260.97,192.34,56.74,220.63,114.33
3667,577085.434519,72.624,47,-46.622,13.984,45.666,152.909,115.393,259.11,192.49,62.54,209.25,115.4
3668,577085.439399,71.415,52,-44.258,14.094,49.308,154.712,115.856,262.38,192.64,67.54,211.83,115.85
3669,577085.442395,73.144,50,-47.023,12.984,46.929,161.841,117.047,258.61,191.15,64.26,221.65,117.04
3670,577085.446974,73.04,51,-43.765,15.09,44.649,153.065,116.085,262.96,193.94,61.22,209.53,116.11
3671,577085.455283,73.825,53,-43.919,14.401,44.679,160.385,115.261,262.87,193.07,61.23,218.91,115.25
3672,577085.458456,70.761,57,-45.536,14.158,49.858,151.308,114.996,260.6,192.72,68.28,207.16,114.99
3673,577085.463315,68.957,43,-43.558,13.925,54.794,152.596,115.28,263.29,192.41,75.11,209.03,115.31
3674,577085.472116,70.825,58,-43.72,14.909,49.792,151.593,116.139,263.13,193.71,68.37,207.0,116.1
3675,577085.479232,71.906,51,-43.151,14.562,48.331,155.622,115.7,263.45,193.11,66.24,211.98,115.77
3676,577085.483447,69.868,54,-44.113,14.16,52.242,151.784,113.511,262.65,192.76,71.57,207.67,113.5
3677,577085.486656,68.311,61,-44.479,14.424,55.819,151.04,114.922,262.06,193.08,76.45,206.82,114.93
3678,577085.491017,67.315,63,-42.957,14.291,58.35,151.297,115.017,264.16,192.9,79.93,207.19,115.01
3679,577085.494553,69.4,58,-45.0,13.352,55.167,156.79,116.081,261.35,191.62,75.55,214.79,116.07
3680,577085.498583,69.697,61,-44.615,13.756,51.821,149.345,116.113,261.87,192.17,70.98,204.51,116.11
3681,577085.507933,69.492,56,-44.07,13.254,52.67,150.338,112.626,262.72,191.53,72.13,206.2,112.66
3682,577085.511557,67.593,69,-43.137,14.244,57.149,149.929,113.164,263.91,192.83,78.28,205.35,113.16
3683,577085.515424,65.551,56,-42.564,13.148,61.623,148.888,113.164,264.72,191.34,84.41,203.97,113.16
3684,577085.518616,67.703,56,-43.86,13.187,58.77,154.9,114.688,262.95,191.4,80.5,212.1,114.67
3685,577085.523235,68.258,63,-44.25,13.521,55.173,148.942,115.207,262.37,191.85,75.57,203.97,115.21
3686,577085.532721,70.121,57,-41.417,13.909,53.229,156.538,112.635,266.19,192.38,72.97,214.0,112.68
3687,577085.534748,67.808,67,-42.532,13.797,56.769,150.296,111.808,264.74,192.21,77.76,205.89,111.81
3688,577085.538983,65.491,53,-39.804,13.759,61.646,148.603,112.384,268.47,192.16,84.45,203.58,112.36
3689,577085.542533,67.406,59,-43.597,12.68,59.723,155.447,113.733,263.29,190.69,81.8,212.91,113.72
3690,577085.547624,67.824,55,-42.132,14.1,56.452,149.562,113.175,265.31,192.65,77.33,204.77,113.16
3691,577085.560156,68.081,68,-42.135,13.876,56.519,151.408,110.75,265.28,192.32,77.42,207.41,110.75
3692,577085.563182,66.617,51,-39.729,13.922,60.866,153.36,110.752,268.62,192.4,83.4,209.81,110.74
3693,577085.566509,66.637,56,-41.288,14.11,59.282,149.494,112.049,266.45,192.65,81.2,204.79,112.03
3694,577085.571398,68.909,62,-42.838,13.985,55.696,154.776,112.381,264.34,192.48,76.27,212.26,112.36
3695,577085.574738,70.254,53,-40.317,14.919,52.62,155.747,111.564,267.62,193.71,72.12,212.75,111.59
3696,577085.583158,69.181,58,-41.657,14.641,54.632,153.717,109.611,266.03,193.39,74.85,210.31,109.63
3697,577085.586485,67.766,59,-42.028,15.307,56.717,149.887,110.858,265.43,194.28,77.68,205.31,110.86
3698,577085.590549,67.236,63,-40.617,15.067,58.467,151.103,110.836,267.37,193.95,80.09,206.98,110.83
3699,577085.595077,68.646,61,-40.628,15.875,54.897,150.76,110.875,267.36,195.07,75.21,206.27,110.88
3700,577085.59873,70.88,56,-39.879,16.064,51.034,155.803,110.957,268.39,195.33,69.9,213.46,110.96
3701,577085.607319,70.501,56,-41.067,15.524,51.424,154.063,108.659,266.77,194.58,70.44,211.1,108.66
3702,577085.610655,68.832,62,-41.059,16.327,54.281,150.318,109.481,266.76,195.68,74.35,205.91,109.49
3703,577085.614526,68.071,49,-40.198,15.518,56.652,151.698,109.885,268.1,194.66,77.58,207.73,109.87
3704,577085.618564,70.628,54,-42.311,15.457,52.643,158.706,110.682,265.11,194.52,72.11,217.23,110.67
3705,577085.622584,71.138,58,-42.22,16.262,48.594,150.313,111.118,265.17,195.59,66.56,205.88,111.12
3706,577085.6266,73.02,56,-39.232,16.57,46.926,160.683,108.575,269.21,196.01,64.32,219.1,108.61
3707,577085.635839,70.954,59,-40.676,16.537,49.976,153.145,108.488,267.28,195.96,68.45,209.8,108.49
3708,577085.647524,72.674,57,-38.169,17.879,45.345,152.266,109.07,270.75,197.83,62.1,208.55,109.05
3709,577085.650753,74.291,55,-38.496,16.843,43.546,160.837,109.288,270.3,196.4,59.65,220.4,109.29
3710,577085.659866,72.831,58,-40.357,16.292,45.858,155.351,108.468,267.72,195.63,62.82,212.81,108.47
3711,577085.662814,72.598,49,-41.571,16.316,45.935,153.591,110.236,265.99,195.66,62.91,210.23,110.26
3712,577085.666971,72.807,51,-39.283,16.391,45.989,155.585,110.477,269.16,195.76,63.02,212.89,110.46
3713,577085.671175,74.778,53,-41.322,15.75,42.436,161.627,111.002,266.57,194.95,58.14,221.22,111.0
3714,577085.675485,75.838,48,-37.128,17.097,40.142,164.068,110.687,272.18,196.76,54.99,224.84,110.69
3715,577085.683284,74.559,51,-40.542,15.86,42.312,158.923,109.521,267.46,195.04,57.96,217.75,109.52
3716,577085.686607,72.478,48,-39.226,16.974,44.412,147.516,111.024,269.3,196.61,60.85,202.2,111.06
3717,577085.690562,73.353,54,-39.192,16.117,44.747,156.198,111.942,269.25,195.36,61.35,213.67,111.94
3718,577085.694496,75.272,49,-42.668,14.77,41.113,161.722,112.899,264.64,193.6,56.3,221.85,112.87
3719,577085.698825,75.563,46,-38.715,16.723,38.835,155.768,111.724,270.0,196.26,53.21,213.16,111.71
3720,577085.702771,74.535,46,-43.622,14.648,40.797,152.997,110.775,263.23,193.4,55.88,209.54,110.83
3721,577085.712546,73.182,50,-42.691,15.679,44.477,153.725,112.229,264.51,194.81,60.92,210.46,112.23
3722,577085.71474,71.404,41,-40.838,14.766,47.738,149.701,113.752,267.15,193.62,65.34,205.4,113.8
3723,577085.71861,74.785,50,-44.221,14.26,42.346,161.354,114.774,262.81,193.11,57.93,219.96,114.72
3724,577085.722613,75.24,56,-41.447,16.168,39.101,153.471,113.53,266.05,195.27,53.91,209.59,113.57
3725,577085.726764,76.02,51,-42.963,15.157,39.712,164.384,112.692,264.19,194.16,54.48,223.49,112.68
3726,577085.736306,72.923,61,-45.459,14.917,44.907,152.918,113.106,260.73,193.77,61.5,209.43,113.11
3727,577085.738688,71.306,46,-44.695,13.772,48.927,152.649,113.704,261.79,192.2,67.02,208.98,113.7
3728,577085.74316,73.469,51,-47.074,13.423,45.304,159.225,116.185,258.55,191.75,62.04,217.97,116.18
3729,577085.747148,74.793,57,-44.331,15.658,40.398,154.009,114.96,262.3,194.81,55.32,210.88,114.95
3730,577085.751525,75.896,51,-44.789,14.81,39.82,163.413,114.344,261.71,193.66,54.56,223.34,114.34
3731,577085.758793,73.047,56,-47.3,14.21,45.194,154.997,113.252,258.17,192.79,61.9,212.04,113.27
3732,577085.763438,72.509,45,-47.359,14.677,47.587,158.328,114.893,258.12,193.44,65.17,216.71,114.9
3733,577085.767485,71.561,56,-47.474,13.907,48.751,154.134,115.889,258.0,192.4,66.76,211.01,115.89
3734,577085.770446,73.361,56,-46.625,14.956,43.825,153.057,115.635,259.18,193.86,60.0,209.48,115.62
3735,577085.775301,74.851,53,-46.347,14.398,41.838,160.092,115.391,259.49,193.06,57.29,219.3,115.39
3736,577085.778822,72.612,52,-49.037,13.265,46.02,153.997,113.123,255.74,191.46,63.05,210.35,113.13
3737,577085.787981,70.857,53,-49.553,13.767,49.854,152.024,114.948,255.14,192.2,68.26,208.07,114.96
3738,577085.790742,70.303,53,-47.848,13.668,51.886,153.939,115.509,257.45,192.05,71.11,210.3,115.52
3739,577085.795374,72.52,53,-50.347,12.415,48.008,159.824,116.869,254.1,190.38,65.72,219.05,116.86
3740,577085.798964,72.937,54,-46.649,14.284,44.709,152.366,115.691,259.09,192.91,61.23,208.64,115.67
3741,577085.802981,72.937,55,-48.787,12.793,45.993,156.741,113.467,256.13,190.83,62.97,214.58,113.45
3742,577085.811893,70.262,60,-48.427,13.636,51.063,151.198,114.183,256.75,192.05,69.94,206.77,114.19
3743,577085.823979,71.491,59,-45.927,14.285,48.199,151.832,115.54,260.03,192.89,66.03,207.58,115.54
3744,577085.826689,73.21,49,-45.138,13.725,47.251,163.577,114.142,261.25,192.18,64.77,222.9,114.15
3745,577085.836621,69.16,58,-45.564,14.338,52.43,147.376,112.725,260.64,192.99,71.8,201.74,112.72
3746,577085.838657,67.569,54,-45.219,13.156,57.4,150.431,113.535,261.02,191.32,78.66,205.79,113.54
3747,577085.842596,68.76,53,-46.304,12.981,55.921,154.361,115.758,259.85,191.33,76.71,209.91,115.65
3748,577085.847649,69.813,60,-44.612,14.314,52.049,150.83,115.163,261.92,192.96,71.28,206.5,115.15
3749,577085.850838,71.681,52,-43.29,14.149,49.877,158.693,114.736,263.82,192.75,68.3,217.13,114.77
3750,577085.854102,69.553,61,-44.681,13.589,53.39,152.83,112.658,261.75,191.95,73.13,208.79,112.7
3751,577085.862819,68.022,59,-44.673,14.113,56.146,150.023,114.071,261.83,192.67,76.92,205.07,114.09
3752,577085.866572,67.265,65,-42.783,14.01,58.248,150.72,114.094,264.4,192.51,79.79,206.42,114.09
3753,577085.870652,68.594,62,-42.323,14.618,54.811,150.177,114.275,265.1,193.41,75.07,205.48,114.24
3754,577085.875742,70.723,57,-40.721,14.856,51.714,156.644,114.228,267.32,193.74,70.84,214.91,114.25
3755,577085.878569,69.833,56,-41.712,14.169,53.226,154.388,111.613,265.94,192.75,72.93,211.24,111.63
3756,577085.887734,67.297,59,-41.217,15.001,57.589,149.209,112.286,266.59,193.89,78.89,204.22,112.29
3757,577085.890443,66.14,56,-41.002,13.672,61.44,151.887,113.278,266.99,192.15,84.19,207.2,113.17
3758,577085.895153,67.725,58,-41.353,14.347,58.002,153.019,113.624,266.44,193.02,79.46,209.34,113.61
3759,577085.903693,70.08,59,-39.286,14.963,53.485,156.983,111.565,269.13,193.8,73.25,214.93,111.58
3760,577085.911665,67.777,61,-40.236,15.025,56.979,150.654,111.011,267.94,193.92,78.06,206.21,111.0
3761,577085.914499,65.544,55,-39.405,14.006,61.062,147.495,110.651,269.1,192.55,83.63,201.91,110.6
3762,577085.919426,67.904,57,-40.979,14.129,58.232,154.804,112.744,266.87,192.68,79.76,212.08,112.73
3763,577085.922432,69.506,56,-40.534,14.836,54.719,156.292,111.939,267.38,193.6,74.98,213.76,111.92
3764,577085.927521,70.029,52,-38.614,15.383,53.73,157.317,110.644,270.11,194.39,73.6,215.51,110.64
3765,577085.930487,67.772,62,-40.411,14.889,57.326,151.538,109.735,267.64,193.7,78.53,207.61,109.73
3766,577085.939335,67.59,54,-41.977,14.924,57.365,150.476,111.901,265.5,193.76,78.58,206.1,111.9
3767,577085.943068,67.826,55,-42.229,13.284,58.365,154.638,112.536,265.16,191.52,79.95,211.77,112.53
3768,577085.947354,69.889,53,-41.939,14.33,53.554,155.75,111.597,265.63,192.97,73.36,213.04,111.62
3769,577085.951179,70.734,51,-39.146,15.383,51.614,156.428,110.491,269.4,194.39,70.69,214.07,110.44
3770,577085.954471,68.466,57,-41.209,14.817,54.788,149.262,108.653,266.56,193.6,75.03,204.43,108.63
3771,577085.963562,68.125,60,-42.256,15.148,56.016,150.347,110.753,265.12,194.06,76.72,205.92,110.76
3772,577085.966985,68.214,60,-40.871,14.886,56.294,151.679,110.956,267.02,193.7,77.12,207.76,110.95
3773,577085.9714,70.334,53,-40.476,15.862,51.017,151.594,110.674,267.54,195.04,69.9,207.1,110.63
3774,577085.975014,72.025,54,-40.559,15.525,48.323,156.583,110.465,267.33,194.53,66.23,213.94,110.48
3775,577085.97866,71.093,57,-41.78,15.189,50.392,155.512,108.373,265.74,194.11,69.07,212.34,108.37
3776,577085.98702,69.156,58,-42.599,15.73,53.57,150.553,109.807,264.66,194.87,73.37,206.2,109.81
3777,577085.998997,72.428,58,-41.06,16.299,45.705,151.391,110.264,266.89,195.71,62.63,206.8,110.25
3778,577086.002373,73.74,59,-41.145,16.092,45.172,161.329,108.455,266.66,195.36,61.87,220.98,108.46
3779,577086.007027,70.793,51,-42.636,16.305,50.09,152.255,109.174,264.72,195.67,68.64,208.63,109.14
3780,577086.014859,69.176,48,-40.004,15.963,53.243,149.77,110.919,268.24,195.26,72.8,205.23,110.87
3781,577086.01929,72.445,54,-43.904,15.156,48.151,159.644,111.87,262.9,194.1,65.94,218.64,111.86
3782,577086.022337,73.61,51,-44.186,15.73,43.177,153.018,111.746,262.5,194.89,59.15,209.05,111.78
3783,577086.02736,75.324,52,-41.083,16.399,40.856,161.264,109.85,266.6,195.78,56.05,220.3,109.87
3784,577086.030364,73.157,53,-42.489,16.191,44.915,155.011,108.847,264.83,195.51,61.5,212.5,108.85
3785,577086.039345,72.846,44,-42.743,16.611,46.123,156.38,110.574,264.44,196.07,63.17,214.1,110.59
3786,577086.042405,72.663,50,-41.694,16.203,46.36,155.572,111.427,265.93,195.54,63.49,213.04,111.42
3787,577086.048086,74.422,54,-40.268,17.217,41.153,153.246,111.356,267.85,197.0,56.19,209.69,111.25
3788,577086.05049,76.709,47,-38.857,16.9,37.936,165.014,111.177,269.73,196.44,51.93,225.42,111.19
3789,577086.055448,74.598,49,-41.878,15.772,41.53,156.375,109.345,265.66,194.93,56.88,214.26,109.35
3790,577086.058207,73.231,53,-42.954,16.098,44.31,153.582,111.306,264.13,195.37,60.69,210.23,111.32
3791,577086.066624,72.737,50,-40.774,15.932,45.944,154.824,112.05,267.13,195.07,63.1,211.61,112.05
3792,577086.07134,75.005,48,-42.952,14.989,41.671,161.058,113.48,264.66,194.07,57.42,218.27,113.44
3793,577086.082808,72.912,58,-40.935,16.431,43.692,148.691,111.836,266.95,195.85,59.84,203.59,111.82
3794,577086.091493,72.586,48,-38.419,15.991,47.647,159.213,112.501,270.34,195.22,65.28,217.98,112.5
3795,577086.094945,74.13,42,-44.435,14.089,43.569,159.327,115.266,262.15,192.66,59.67,218.09,115.26
3796,577086.099335,75.082,58,-40.662,16.203,39.496,153.417,114.077,267.3,195.54,54.1,210.1,114.07
3797,577086.102642,76.233,51,-41.924,15.124,39.1,164.308,113.186,265.65,194.11,53.59,224.57,113.2
3798,577086.107428,73.081,59,-44.415,14.778,44.403,152.574,113.151,262.15,193.58,60.81,208.97,113.15
3799,577086.115465,72.029,46,-41.526,14.854,48.959,158.684,113.688,265.67,193.49,67.2,215.1,113.73
3800,577086.118982,72.689,49,-48.033,12.367,46.905,157.636,116.785,257.21,190.29,64.23,215.83,116.78
3801,577086.123345,73.877,56,-43.641,15.263,42.448,152.855,115.448,263.21,194.27,58.13,209.35,115.42
3802,577086.127155,75.944,51,-42.523,15.115,40.496,166.737,115.054,264.61,193.97,55.48,227.75,115.04
3803,577086.13118,73.078,52,-45.932,14.016,45.087,154.903,113.627,260.18,192.57,61.74,212.51,113.61
3804,577086.135189,71.705,47,-47.04,14.273,48.341,153.996,115.28,258.47,192.85,66.21,210.54,115.29
3805,577086.14335,70.743,57,-45.838,14.057,50.599,153.419,115.731,260.31,192.63,69.26,210.32,115.71
3806,577086.146486,72.264,56,-45.609,14.899,46.528,152.732,115.798,260.56,193.78,63.71,209.08,115.78
3807,577086.151403,73.733,55,-45.001,14.535,44.232,157.911,115.899,261.32,193.23,60.6,215.73,115.87
3808,577086.155188,72.702,55,-47.504,13.373,46.346,155.862,113.684,257.97,191.66,63.47,213.43,113.71
3809,577086.167485,69.744,59,-46.742,13.663,53.013,153.124,115.051,258.95,192.04,72.59,209.24,115.0
3810,577086.170595,71.74,54,-49.272,12.669,50.143,160.034,116.285,255.52,190.7,68.66,219.16,116.28
3811,577086.175096,72.472,51,-46.756,13.945,47.317,157.107,115.758,259.02,192.46,64.79,215.24,115.79
3812,577086.178591,72.192,54,-47.416,13.254,48.008,156.981,113.544,258.25,191.56,65.79,214.28,113.56
3813,577086.182362,69.682,62,-48.026,13.601,52.437,151.013,113.987,257.28,191.97,71.83,206.8,113.97
3814,577086.192004,68.118,50,-45.636,13.634,56.032,150.341,114.548,260.41,192.0,76.76,206.0,114.49
3815,577086.194874,70.376,53,-48.497,12.617,53.009,157.835,115.806,256.66,190.67,72.6,215.6,115.82
3816,577086.198821,70.92,58,-45.857,14.306,49.512,151.466,114.815,260.22,192.95,67.8,207.35,114.81
3817,577086.202407,72.17,55,-45.84,13.499,48.633,158.83,113.587,260.16,191.82,66.58,217.41,113.61
3818,577086.206874,69.411,58,-46.632,13.625,53.307,151.585,113.048,259.13,191.99,73.0,207.56,113.05
3819,577086.210811,68.313,47,-43.051,15.004,56.139,151.919,112.912,264.04,193.88,76.9,207.99,112.9
3820,577086.218976,68.951,52,-47.059,12.56,55.97,155.834,115.474,258.36,190.39,76.72,213.89,115.56
3821,577086.2234,69.728,60,-44.841,14.301,52.027,150.158,114.588,261.43,192.78,71.4,205.6,114.69
3822,577086.226437,71.763,55,-43.099,14.379,49.605,158.512,113.92,263.68,192.93,67.99,216.02,113.96
3823,577086.231206,69.67,61,-44.203,14.042,53.321,153.477,111.914,262.53,192.57,73.04,209.97,111.93
3824,577086.234434,68.245,60,-44.648,14.41,55.798,150.546,113.55,261.84,193.06,76.42,206.17,113.56
3825,577086.242968,67.45,62,-42.42,14.371,57.885,150.944,113.626,264.86,192.99,79.3,206.6,113.63
3826,577086.25495,69.961,62,-40.959,14.792,53.032,154.762,111.037,266.96,193.62,72.63,211.82,111.01
3827,577086.258584,67.942,63,-41.237,15.244,56.291,149.894,111.852,266.5,194.2,77.1,205.32,111.85
3828,577086.267158,67.269,58,-39.465,15.048,58.628,151.726,112.2,269.0,193.98,80.27,207.78,112.16
3829,577086.270884,69.189,55,-40.656,14.822,55.121,155.141,113.102,267.33,193.64,75.5,212.48,113.09
3830,577086.274834,69.836,59,-41.192,15.104,51.564,149.586,113.085,266.55,194.01,70.63,204.91,113.08
3831,577086.278576,70.3,59,-38.823,15.433,52.477,155.67,110.21,269.44,194.37,71.89,212.17,110.3
3832,577086.283256,67.707,63,-39.58,15.607,56.902,150.003,110.515,268.92,194.75,77.96,205.14,110.49
3833,577086.286971,68.368,47,-38.004,15.966,57.475,155.912,111.116,270.94,195.18,78.75,213.58,111.1
3834,577086.295349,68.76,47,-41.503,13.933,56.094,154.838,113.06,266.18,192.35,77.08,211.19,113.08
3835,577086.298954,69.759,54,-39.065,15.742,51.916,150.057,111.503,269.49,194.89,71.12,205.51,111.49
3836,577086.303033,71.225,59,-38.269,15.526,50.495,156.89,110.378,270.58,194.58,69.17,214.94,110.38
3837,577086.306493,69.141,61,-39.808,15.255,54.258,152.378,109.274,268.43,194.19,74.34,208.6,109.28
3838,577086.311356,67.48,47,-37.102,15.138,58.403,152.486,109.936,272.14,194.05,80.01,208.8,109.86
3839,577086.318961,68.753,56,-39.626,15.071,55.092,152.027,111.371,268.73,193.97,75.47,208.26,111.36
3840,577086.323143,70.828,53,-40.054,15.253,50.456,153.641,111.56,268.16,194.23,69.11,210.43,111.54
3841,577086.327003,72.385,52,-38.428,15.591,47.615,157.341,110.697,269.87,194.55,65.29,213.92,110.78
3842,577086.334805,69.014,61,-41.144,15.743,53.86,150.39,110.685,266.64,194.88,73.77,206.01,110.69
3843,577086.342475,68.944,52,-40.104,15.302,54.62,152.026,111.178,268.01,194.25,74.86,208.06,111.18
3844,577086.346929,71.276,56,-42.116,14.84,50.173,156.297,112.191,265.56,193.77,68.75,213.32,112.16
3845,577086.350419,72.434,50,-41.499,15.575,45.689,151.383,112.147,266.09,194.65,62.6,206.92,112.15
3846,577086.354707,72.83,53,-41.711,15.249,46.434,157.289,109.135,265.96,194.24,63.59,215.82,109.15
3847,577086.359274,70.66,57,-42.127,16.01,50.164,151.475,110.225,265.21,195.22,68.68,207.73,110.23
3848,577086.362656,70.042,53,-42.233,14.676,53.411,156.476,111.569,265.21,193.45,73.16,214.22,111.55
3849,577086.370739,72.192,45,-44.12,14.835,48.757,159.422,112.496,262.55,193.65,66.77,218.32,112.5
3850,577086.374464,73.124,57,-40.274,16.978,44.369,152.842,111.148,267.85,196.59,60.77,209.34,111.14
3851,577086.378671,74.474,55,-41.529,16.006,43.43,162.242,109.762,266.13,195.25,59.49,222.16,109.77
3852,577086.382379,71.997,49,-42.762,16.144,47.377,153.289,109.791,264.49,195.38,65.02,210.03,109.81
3853,577086.3867,70.176,48,-40.306,15.56,51.191,150.945,111.475,267.78,194.64,70.12,206.81,111.46
3854,577086.394919,73.09,48,-44.375,14.982,46.987,161.541,112.306,262.26,193.87,64.35,221.29,112.3
3855,577086.398975,73.885,58,-41.331,16.888,42.422,152.837,111.459,266.38,196.45,58.09,209.22,111.44
3856,577086.402982,75.923,52,-40.891,16.354,40.029,164.574,110.719,266.65,195.63,54.86,224.1,110.76
3857,577086.406959,73.055,61,-43.572,15.774,44.516,152.734,109.894,263.32,194.93,60.97,209.21,109.9
3858,577086.410974,72.919,49,-44.49,16.019,45.702,155.6,111.761,261.96,195.27,62.62,211.91,111.79
3859,577086.423423,74.2,55,-41.694,16.759,41.707,153.177,112.307,265.93,196.31,57.11,209.75,112.29
3860,577086.426351,76.86,48,-39.583,16.762,38.464,169.199,112.547,268.88,196.35,52.69,231.96,112.56
3861,577086.430683,74.844,50,-43.913,15.061,41.343,158.137,110.691,262.82,193.94,56.59,217.14,110.69
3862,577086.434714,73.306,52,-44.763,15.401,44.029,153.269,112.35,261.71,194.43,60.3,209.87,112.35
3863,577086.438663,73.009,51,-42.323,15.561,45.728,156.481,112.752,265.03,194.64,62.64,214.26,112.75
3864,577086.446747,74.757,53,-45.062,14.464,42.613,162.079,113.95,261.45,193.24,58.39,220.79,113.96
3865,577086.450383,75.148,52,-45.246,14.722,38.845,151.542,114.733,260.92,193.46,53.23,207.42,114.76
3866,577086.455888,76.032,50,-43.337,14.791,39.713,164.527,112.018,263.7,193.63,54.39,225.61,112.03
3867,577086.458317,73.306,57,-44.541,15.146,43.825,152.564,113.083,262.0,194.09,60.02,208.93,113.08
3868,577086.462878,71.404,50,-42.796,14.659,47.092,147.674,112.286,264.41,193.43,64.52,202.3,112.29
3869,577086.471297,73.825,57,-44.669,14.408,44.562,159.966,115.081,261.88,193.1,61.08,218.59,115.04
3870,577086.47439,74.456,54,-42.173,15.911,41.285,154.061,114.51,265.13,195.06,56.6,211.04,114.54
3871,577086.479245,75.547,47,-43.118,14.98,40.593,162.64,113.831,263.39,193.69,55.71,220.35,113.91
3872,577086.483202,72.374,50,-42.332,15.996,45.071,148.848,112.988,265.03,195.33,61.63,204.23,112.86
3873,577086.487835,70.646,43,-43.549,13.809,49.333,148.864,112.693,263.39,192.27,67.59,203.93,112.71
3874,577086.495064,72.271,53,-44.538,14.422,47.578,156.244,115.613,262.7,193.54,65.15,211.75,115.47
3875,577086.507351,72.465,60,-44.9,14.502,46.815,155.382,113.469,261.64,193.25,64.15,212.27,113.48
3876,577086.511046,71.704,43,-44.388,15.152,49.291,157.012,114.717,262.18,194.09,67.51,214.95,114.72
3877,577086.514637,70.674,51,-44.202,14.588,50.935,153.91,115.31,262.46,193.32,69.76,210.74,115.3
3878,577086.523178,71.955,55,-43.617,15.528,47.136,152.168,115.181,263.33,194.65,64.54,208.41,115.15
3879,577086.527141,73.516,55,-42.819,15.184,45.51,160.385,115.108,264.37,194.15,62.34,219.7,115.11
3880,577086.530862,71.951,56,-45.088,14.057,48.271,155.794,113.175,261.36,192.64,66.13,213.29,113.2
3881,577086.53494,69.884,54,-45.221,14.647,51.879,150.848,114.258,261.43,193.63,71.07,205.23,114.15
3882,577086.539342,69.098,55,-44.42,14.046,54.52,152.816,115.019,262.17,192.58,74.67,209.24,115.01
3883,577086.547268,71.391,50,-46.622,13.246,50.776,159.124,115.911,259.52,191.67,69.56,216.65,115.91
3884,577086.551307,71.358,51,-42.988,15.101,48.345,151.24,114.608,264.12,194.03,66.21,207.13,114.59
3885,577086.554564,71.516,56,-44.899,13.744,49.606,156.461,112.852,261.51,192.16,67.94,214.27,112.86
3886,577086.558997,69.019,62,-45.419,14.121,53.783,150.208,113.514,260.79,192.67,73.66,205.68,113.52
3887,577086.563639,68.731,53,-43.845,14.275,55.651,153.416,113.939,262.96,192.88,76.26,210.01,113.93
3888,577086.566593,69.986,53,-46.018,13.006,53.516,156.363,115.428,260.29,191.35,73.33,212.6,115.32
3889,577086.575151,70.66,58,-46.999,13.203,49.77,150.281,115.632,258.61,191.42,68.16,205.78,115.64
3890,577086.579465,71.477,56,-44.252,13.802,49.841,156.892,113.068,262.16,192.16,68.31,213.99,113.1
3891,577086.591333,68.294,59,-44.9,13.5,56.25,152.091,114.529,261.56,191.84,77.07,207.77,114.53
3892,577086.599552,69.874,57,-43.588,14.684,51.905,150.852,113.724,263.32,193.46,71.08,206.54,113.71
3893,577086.602535,71.459,55,-42.956,14.279,50.258,158.056,113.073,264.21,192.9,68.86,216.22,113.08
3894,577086.606779,69.29,59,-44.253,13.941,54.162,153.153,111.437,262.39,192.41,74.18,209.76,111.44
3895,577086.61095,68.218,53,-45.074,14.239,56.135,151.276,113.166,261.25,192.82,76.88,207.13,113.17
3896,577086.614672,67.79,60,-43.245,14.229,57.287,151.553,113.086,263.78,192.81,78.46,207.55,113.08
3897,577086.622675,69.337,59,-43.028,14.777,53.291,151.019,113.178,264.21,193.65,72.98,206.59,113.11
3898,577086.627025,71.095,52,-41.757,14.927,50.32,155.312,112.675,265.75,193.74,68.92,212.91,112.7
3899,577086.630536,69.927,59,-42.678,14.54,52.798,153.836,110.35,264.55,193.23,72.32,210.71,110.35
3900,577086.634658,67.931,60,-42.945,15.176,56.266,149.755,111.52,264.18,194.11,77.06,205.09,111.52
3901,577086.638216,67.373,58,-42.862,13.706,59.283,154.088,112.789,264.33,192.11,81.2,210.97,112.77
3902,577086.642694,69.585,55,-43.378,14.353,54.217,155.431,113.195,263.62,193.02,74.29,212.38,113.18
3903,577086.650944,70.634,57,-42.967,14.998,49.875,150.41,112.933,263.99,193.82,68.31,205.63,112.96
3904,577086.655409,71.565,55,-40.436,15.473,50.076,158.357,109.854,267.19,194.42,68.61,215.53,109.94
3905,577086.659537,68.796,63,-41.396,15.688,54.475,150.614,110.355,266.29,194.8,74.61,206.33,110.36
3906,577086.662722,66.674,51,-40.346,14.627,58.282,147.189,110.704,267.6,193.35,79.79,201.86,110.55
3907,577086.675365,71.058,57,-39.559,16.391,49.089,151.226,111.298,268.83,195.79,67.24,207.1,111.28
3908,577086.679214,72.517,56,-39.134,16.021,47.775,159.023,110.037,269.32,195.25,65.45,217.59,110.05
3909,577086.683228,70.112,61,-40.447,15.826,51.952,152.716,109.4,267.59,194.99,71.16,209.23,109.4
3910,577086.687877,69.999,44,-34.851,17.67,53.692,156.981,108.964,275.07,197.44,73.58,214.63,108.92
3911,577086.6901,70.029,53,-39.714,15.734,52.329,153.212,111.645,268.69,194.92,71.68,209.64,111.63
3912,577086.69914,72.21,50,-39.436,16.197,47.225,154.571,111.425,269.52,195.77,64.68,210.62,111.31
3913,577086.703295,73.32,49,-38.022,16.371,45.241,157.62,110.471,270.5,195.62,62.05,214.37,110.51
3914,577086.706378,71.379,58,-39.618,15.991,49.215,154.127,108.948,268.73,195.22,67.41,211.16,108.95
3915,577086.710847,70.002,56,-40.909,16.136,51.736,151.28,111.073,266.98,195.41,70.84,207.35,111.04
3916,577086.715286,69.635,52,-39.886,15.48,52.712,151.469,111.463,268.34,194.51,72.24,207.16,111.46
3917,577086.719124,72.434,53,-42.078,14.942,47.609,157.751,112.546,265.37,193.8,65.21,216.08,112.54
3918,577086.726837,73.155,51,-41.908,15.37,43.712,150.845,112.56,265.36,194.4,59.77,206.07,112.73
3919,577086.731341,73.795,59,-40.401,15.46,44.569,159.704,109.705,267.67,194.51,61.11,218.1,109.75
3920,577086.734399,71.435,54,-41.274,15.897,48.231,151.487,110.566,266.45,195.1,66.06,207.44,110.57
3921,577086.738609,70.138,48,-39.159,15.158,51.241,150.817,112.551,269.4,194.1,70.14,206.5,112.57
3922,577086.743543,72.946,50,-43.127,14.562,47.024,160.341,113.008,263.94,193.29,64.4,219.66,113.0
3923,577086.75139,73.81,56,-39.693,16.541,42.53,152.531,112.182,268.64,196.0,58.25,208.92,112.17
3924,577086.763438,71.971,50,-40.258,16.141,49.136,158.757,111.536,267.84,195.42,67.32,217.38,111.54
3925,577086.767229,72.365,48,-43.764,14.793,48.028,158.535,113.458,263.1,193.62,65.78,217.07,113.45
3926,577086.774893,73.208,55,-41.996,16.25,43.928,152.052,113.214,265.54,195.63,60.17,208.38,113.16
3927,577086.778553,75.477,55,-41.626,15.808,40.8,162.704,112.953,265.71,194.89,56.03,221.58,112.91
3928,577086.782752,73.637,55,-43.976,15.293,43.878,155.75,111.575,262.87,194.3,60.11,213.18,111.58
3929,577086.786765,71.804,44,-41.675,15.346,48.821,156.343,111.73,265.92,194.35,66.88,214.09,111.74
3930,577086.791342,72.167,47,-46.388,14.112,48.052,156.906,114.166,259.43,192.66,65.81,214.66,114.18
3931,577086.799387,73.645,52,-45.337,15.151,45.017,159.872,113.734,261.12,194.17,61.68,218.28,113.74
3932,577086.803117,73.172,47,-43.915,15.626,42.473,146.715,114.371,262.78,194.71,58.18,200.81,114.33
3933,577086.807059,73.851,61,-45.155,14.889,43.63,156.868,112.03,261.1,193.7,59.75,215.02,112.04
3934,577086.810785,72.778,55,-45.908,15.169,45.228,152.762,113.17,260.08,194.1,61.94,209.04,113.19
3935,577086.815213,72.334,56,-44.065,15.163,47.199,155.53,113.22,262.78,194.18,64.6,212.94,113.18
3936,577086.81929,73.594,49,-46.57,14.447,44.994,159.303,114.05,259.31,193.18,61.64,217.73,114.04
3937,577086.827359,73.562,50,-42.1,16.343,43.093,152.281,113.439,265.33,195.73,59.02,208.54,113.43
3938,577086.831153,74.217,56,-44.76,14.717,43.685,160.606,112.295,261.77,193.51,59.85,219.53,112.31
3939,577086.835351,72.271,51,-45.983,14.712,46.727,153.444,113.394,260.02,193.49,64.0,210.03,113.4
3940,577086.84353,73.278,50,-46.317,13.787,46.094,160.197,115.001,259.67,192.27,63.09,219.82,114.98
3941,577086.851382,73.499,52,-47.148,14.012,42.998,151.389,115.406,258.42,192.55,58.88,207.4,115.42
3942,577086.854415,74.379,52,-43.609,14.721,43.843,162.823,113.112,263.31,193.52,60.07,222.65,113.11
3943,577086.858925,71.411,55,-45.583,14.418,48.295,151.5,113.621,260.57,193.08,66.13,207.48,113.62
3944,577086.86282,69.97,44,-42.633,14.344,51.853,151.391,114.757,264.72,193.08,70.99,207.32,114.71
3945,577086.866855,72.174,53,-46.067,13.214,48.868,159.628,115.856,259.99,191.46,66.98,217.93,115.83
3946,577086.87041,72.674,59,-43.263,15.304,45.33,152.214,114.607,263.76,194.31,62.08,208.43,114.59
3947,577086.879416,73.603,56,-43.373,14.626,44.874,158.963,114.308,263.54,193.36,61.47,217.25,114.29
3948,577086.882629,71.497,61,-44.673,14.207,48.992,154.376,113.192,261.81,192.79,67.1,211.42,113.19
3949,577086.886554,70.501,49,-45.689,14.324,51.045,152.928,115.008,260.3,192.93,69.9,209.14,115.05
3950,577086.891232,70.123,57,-43.995,14.291,52.025,153.016,115.27,262.78,192.93,71.27,209.37,115.27
3951,577086.894553,71.411,53,-43.471,15.031,48.168,151.1,114.841,263.49,193.95,65.96,206.92,114.83
3952,577086.903374,72.998,53,-42.357,14.996,46.491,158.991,114.742,264.64,193.69,63.76,216.76,114.74
3953,577086.907159,71.311,54,-44.08,14.29,49.848,155.569,112.77,262.62,192.91,68.3,212.93,112.8
3954,577086.911063,69.261,57,-44.723,14.595,53.462,150.975,114.259,261.74,193.33,73.22,206.72,114.26
3955,577086.914939,68.826,59,-44.785,13.124,56.199,155.59,115.599,261.7,191.3,77.06,212.82,115.59
3956,577086.918916,71.139,53,-45.114,13.682,51.472,159.221,115.716,261.22,192.09,70.49,218.11,115.71
3957,577086.931456,70.687,47,-42.386,14.805,50.198,151.782,111.992,265.04,193.67,68.79,208.05,112.03
3958,577086.934616,68.788,57,-43.954,14.794,54.518,150.675,113.043,262.85,193.61,74.68,206.17,113.06
3959,577086.939222,68.136,49,-42.516,14.54,57.027,153.131,113.658,264.7,193.19,78.19,209.44,113.67
3960,577086.942887,69.894,53,-44.481,13.685,53.914,156.835,115.129,262.1,192.09,73.83,214.8,115.12
3961,577086.946516,70.701,59,-42.0,15.348,49.961,151.166,113.588,265.45,194.34,68.43,207.13,113.59
3962,577086.954833,71.788,54,-41.831,14.883,49.787,159.3,112.116,265.86,193.77,68.26,217.2,112.12
3963,577086.958849,68.803,57,-43.319,14.66,54.863,151.732,111.748,263.81,193.46,75.16,207.66,111.71
3964,577086.963369,68.624,49,-44.193,14.705,55.636,152.644,113.527,262.4,193.44,76.21,208.78,113.54
3965,577086.967801,68.595,58,-43.105,14.242,55.458,151.956,113.867,264.07,192.92,75.94,207.81,113.82
3966,577086.970444,70.41,58,-42.025,15.178,50.641,151.037,113.319,265.48,194.08,69.43,207.06,113.32
3967,577086.979476,70.908,47,-40.372,15.268,49.232,150.519,112.402,267.68,194.24,67.44,206.17,112.39
3968,577086.982415,69.505,61,-42.911,14.517,53.558,152.971,110.645,264.22,193.2,73.35,209.55,110.64
3969,577086.98738,68.218,57,-44.117,14.691,55.901,150.644,112.79,262.55,193.43,76.56,206.27,112.78
3970,577086.991023,68.08,58,-42.528,14.487,56.551,151.488,113.17,264.75,193.16,77.47,207.47,113.17
3971,577086.995405,70.508,54,-44.554,13.732,51.733,155.04,114.082,261.91,192.12,70.88,212.01,114.09
3972,577087.003216,72.014,54,-41.018,15.131,48.172,156.006,112.52,266.82,194.06,65.99,213.63,112.52
3973,577087.015484,69.038,57,-41.172,15.275,55.622,155.477,111.996,266.59,194.24,76.19,212.9,112.0
3974,577087.018514,70.504,51,-43.856,14.253,52.258,156.584,113.487,263.26,192.98,71.68,213.52,113.44
3975,577087.022863,71.651,55,-43.948,14.78,47.335,150.367,113.43,262.63,193.53,64.83,205.5,113.47
3976,577087.031239,71.523,51,-43.737,14.314,48.095,151.757,109.717,263.12,192.94,65.88,207.91,109.73
3977,577087.035247,69.352,60,-42.428,15.642,53.082,150.53,110.392,264.89,194.74,72.7,206.16,110.4
3978,577087.039341,67.431,54,-42.502,14.169,57.052,148.65,110.899,264.78,192.73,78.16,203.57,110.92
3979,577087.042861,70.42,56,-43.354,14.616,52.492,156.633,113.099,263.65,193.36,71.89,214.5,113.09
3980,577087.047174,71.597,54,-43.394,15.277,47.298,149.824,113.003,263.54,194.26,64.78,205.13,113.02
3981,577087.055214,73.212,51,-41.933,15.418,45.376,157.101,110.736,265.56,194.44,62.19,214.65,110.72
3982,577087.059062,70.683,59,-42.662,15.563,50.173,151.676,109.977,264.56,194.63,68.71,207.77,109.98
3983,577087.063666,69.635,48,-39.859,15.621,54.459,156.495,110.483,268.37,194.7,74.61,214.23,110.49
3984,577087.066514,69.809,50,-43.854,13.739,53.487,154.967,113.266,262.93,192.14,73.27,212.15,113.27
3985,577087.070879,72.246,56,-41.423,16.178,46.325,151.917,112.296,266.31,195.49,63.54,207.78,112.28
3986,577087.074475,73.409,45,-42.255,15.503,42.869,150.134,112.737,264.92,194.51,58.71,205.19,112.78
3987,577087.082771,72.566,61,-42.345,15.456,46.858,156.4,109.577,265.0,194.49,64.18,214.28,109.57
3988,577087.086736,70.76,46,-42.871,15.863,49.973,151.648,111.25,264.27,195.09,68.48,207.61,111.33
3989,577087.090696,70.477,57,-41.421,15.545,51.386,153.764,112.283,266.27,194.62,70.38,210.59,112.28
3990,577087.099498,73.161,52,-40.382,15.985,43.446,149.977,112.448,267.65,195.22,59.52,205.36,112.44
3991,577087.106691,73.91,53,-42.433,15.08,43.824,158.125,110.297,264.83,193.97,60.05,216.32,110.31
3992,577087.111506,70.866,52,-40.939,16.465,48.3,147.353,111.508,266.83,195.81,66.21,201.76,111.57
3993,577087.114512,69.882,45,-42.461,14.723,51.253,149.008,112.017,264.86,193.5,70.22,204.12,112.03
3994,577087.119341,72.716,54,-43.481,14.698,47.042,158.328,114.208,263.56,193.52,64.45,216.41,114.2
3995,577087.122366,74.022,52,-40.556,16.302,42.409,154.068,113.061,267.16,195.46,58.26,210.99,113.13
3996,577087.131346,73.845,45,-44.9,14.177,42.547,152.916,111.685,261.5,192.76,58.27,209.43,111.71
3997,577087.134652,71.781,56,-43.624,15.27,47.539,152.049,111.924,263.37,194.26,65.23,207.88,111.91
3998,577087.139455,71.921,45,-44.057,15.374,48.377,155.888,113.44,262.63,194.38,66.27,213.41,113.44
3999,577087.142458,72.211,50,-44.338,14.37,48.077,157.363,114.494,262.38,193.07,65.84,215.51,114.46
4000,577087.146927,72.739,51,-44.478,14.866,43.876,147.872,114.389,262.06,193.71,60.1,202.53,114.37
4001,577087.150573,75.139,52,-42.225,15.238,41.725,162.687,113.152,265.0,194.16,57.17,222.13,113.17
4002,577087.159653,72.09,59,-44.822,14.672,46.784,152.137,112.145,261.7,193.46,64.1,208.53,112.15
4003,577087.163187,70.637,42,-41.597,15.043,52.086,157.095,112.779,265.68,193.78,71.45,214.03,112.83
4004,577087.167108,71.074,46,-46.924,13.169,50.739,156.432,115.561,258.73,191.38,69.48,214.16,115.56
4005,577087.171246,72.377,55,-43.947,15.364,45.939,151.735,114.599,262.82,194.4,62.91,207.76,114.58
4006,577087.174773,74.124,51,-43.762,14.939,43.052,157.378,114.509,263.02,193.8,58.97,215.38,114.51
4007,577087.187463,71.122,57,-46.316,14.595,49.037,151.554,113.773,259.7,193.33,67.3,207.36,113.73
4008,577087.191056,70.502,57,-45.201,14.091,51.549,154.44,114.448,261.5,192.9,70.59,210.29,114.33
4009,577087.194584,71.574,50,-44.551,15.185,47.769,151.13,114.294,261.91,194.14,65.41,206.88,114.21
4010,577087.198605,73.454,50,-44.0,14.965,44.847,157.471,114.685,262.65,193.76,61.43,215.89,114.69
4011,577087.207172,72.981,52,-45.45,14.048,46.082,157.447,112.49,260.85,192.63,63.11,215.89,112.52
4012,577087.211566,70.681,56,-46.048,14.559,49.925,150.91,113.338,259.94,193.28,68.37,206.62,113.34
4013,577087.214929,69.019,52,-44.233,13.87,53.7,149.974,114.708,262.53,192.39,73.54,205.3,114.73
4014,577087.218953,71.356,47,-48.003,12.995,49.95,156.249,115.63,256.56,190.91,68.28,213.17,115.83
4015,577087.222881,72.379,55,-43.533,15.388,46.193,152.597,114.348,263.4,194.43,63.26,208.97,114.34
4016,577087.226942,73.572,57,-44.395,14.314,45.664,161.466,113.054,262.15,192.91,62.53,220.99,113.04
4017,577087.234918,70.694,55,-45.502,14.421,50.326,152.224,112.812,260.69,193.09,68.92,208.4,112.81
4018,577087.239346,68.72,49,-44.876,13.439,54.934,151.365,113.286,261.57,191.76,75.24,207.35,113.29
4019,577087.243245,70.412,54,-46.198,13.511,52.308,156.025,115.149,259.98,192.01,71.66,212.76,115.08
4020,577087.246528,71.32,58,-44.741,14.784,48.467,151.331,114.538,261.74,193.56,66.44,207.3,114.54
4021,577087.251212,72.993,58,-43.974,14.421,46.582,159.263,113.75,262.72,193.08,63.8,217.96,113.76
4022,577087.258846,70.878,58,-45.299,14.098,50.372,153.774,112.35,260.95,192.64,68.99,210.56,112.35
4023,577087.267057,69.22,62,-44.347,14.262,53.962,152.097,114.099,262.27,192.87,73.91,208.29,114.1
4024,577087.27185,70.785,55,-43.535,15.293,49.84,151.432,113.949,263.4,194.3,68.25,207.33,113.93
4025,577087.274695,72.433,53,-42.752,14.871,47.604,157.719,113.938,264.14,193.58,65.26,214.83,113.95
4026,577087.282866,70.849,53,-44.481,14.095,50.353,153.488,111.879,262.05,192.61,68.95,210.17,111.86
4027,577087.287302,69.161,55,-44.759,14.609,53.576,150.606,113.252,261.69,193.34,73.37,206.23,113.26
4028,577087.290451,68.481,60,-43.101,14.449,55.74,151.959,113.694,263.94,193.1,76.34,208.03,113.68
4029,577087.295341,70.832,52,-44.723,13.966,51.807,157.786,114.653,261.94,192.58,70.99,215.29,114.61
4030,577087.299176,71.307,55,-45.337,14.305,48.089,150.041,114.958,260.89,192.93,65.87,205.46,114.96
4031,577087.303139,71.97,50,-42.565,14.713,49.247,159.111,111.81,264.79,193.52,67.52,216.69,111.85
4032,577087.311648,69.014,56,-43.025,15.182,53.636,149.762,112.178,264.08,194.13,73.46,205.09,112.17
4033,577087.315376,68.071,58,-41.765,14.48,57.068,152.808,113.094,265.85,193.25,78.27,209.08,113.06
4034,577087.318732,70.127,49,-44.49,13.669,53.387,157.052,114.465,261.98,192.0,73.15,214.7,114.5
4035,577087.322906,70.818,58,-41.309,15.671,49.642,151.081,113.076,266.43,194.8,67.99,206.91,113.06
4036,577087.326705,71.984,56,-40.917,15.25,49.096,158.742,111.718,266.83,194.13,67.39,216.81,111.74
4037,577087.335295,69.455,57,-42.373,15.104,53.322,151.941,111.378,265.01,194.01,73.05,208.21,111.35
4038,577087.338891,69.277,47,-43.32,15.197,54.071,152.811,113.16,263.64,194.13,74.06,209.23,113.17
4039,577087.351485,72.445,52,-39.987,15.608,48.087,159.425,111.904,268.27,194.7,65.87,218.45,111.87
4040,577087.359216,70.083,56,-41.81,15.157,52.366,153.72,110.471,265.72,194.07,71.72,210.61,110.47
4041,577087.363136,68.918,57,-43.077,15.323,54.317,151.006,112.633,263.99,194.31,74.4,206.82,112.64
4042,577087.366767,68.713,57,-41.479,14.883,55.29,152.297,112.914,266.2,193.72,75.73,208.57,112.9
4043,577087.37075,70.415,56,-41.062,15.637,50.594,150.936,112.708,266.73,194.73,69.29,206.86,112.7
4044,577087.375167,72.332,55,-40.389,15.608,47.619,156.902,112.318,267.59,194.68,65.23,214.65,112.33
4045,577087.378541,71.373,56,-42.049,14.802,49.679,155.537,110.256,265.62,193.63,68.07,212.09,110.32
4046,577087.387655,69.414,56,-42.678,15.296,52.863,150.348,111.432,264.55,194.28,72.4,205.9,111.43
4047,577087.390503,68.793,55,-41.586,14.848,54.567,150.846,111.77,266.03,193.65,74.76,206.53,111.76
4048,577087.395181,71.202,55,-43.461,14.353,50.373,156.327,113.083,263.51,192.98,69.09,213.81,113.08
4049,577087.398598,72.19,59,-43.964,14.729,45.994,150.378,113.514,262.71,193.48,62.98,206.06,113.53
4050,577087.403415,72.314,52,-43.8,14.123,46.397,152.724,110.218,263.2,192.79,63.61,209.26,110.27
4051,577087.411484,70.291,60,-42.794,15.37,51.012,151.258,110.871,264.45,194.38,69.89,207.24,110.84
4052,577087.414934,68.426,50,-40.568,14.879,54.978,149.521,112.575,267.48,193.73,75.31,204.68,112.56
4053,577087.419408,70.868,50,-43.661,14.634,51.177,156.147,113.107,263.23,193.39,70.09,213.75,113.1
4054,577087.422525,72.067,58,-41.761,16.076,46.747,151.823,112.657,265.82,195.37,64.02,207.91,112.64
4055,577087.426555,74.38,52,-40.723,15.734,44.113,163.836,111.799,267.22,194.88,60.43,224.28,111.8
4056,577087.435291,71.794,50,-43.79,15.145,47.769,152.892,110.997,263.0,194.08,65.42,209.02,111.05
4057,577087.4395,71.158,46,-44.993,15.31,49.155,152.202,112.395,261.23,194.28,67.26,208.52,112.47
4058,577087.443245,71.477,48,-44.22,14.64,50.419,158.71,113.128,262.47,193.4,69.05,217.34,113.12
4059,577087.446934,72.324,54,-42.02,16.558,46.296,152.475,112.372,265.47,196.03,63.4,208.8,112.36
4060,577087.450511,74.591,52,-41.01,16.253,43.872,165.114,112.675,266.89,195.63,60.1,226.24,112.68
4061,577087.454805,72.648,49,-44.072,15.088,46.435,155.692,110.941,263.16,194.27,63.57,211.81,110.85
4062,577087.463498,71.565,55,-45.302,15.253,48.186,152.378,112.573,260.94,194.21,65.98,208.63,112.57
4063,577087.466818,71.22,55,-43.898,14.717,49.808,154.719,112.954,263.26,193.72,68.19,210.99,112.83
4064,577087.471339,73.426,56,-45.419,14.561,45.794,160.541,113.491,260.92,193.33,62.73,219.5,113.5
4065,577087.475214,73.879,48,-41.924,16.073,43.107,155.249,112.949,265.52,195.34,59.04,212.78,112.94
4066,577087.478378,73.812,50,-43.582,15.047,44.208,158.567,111.166,263.38,193.97,60.55,217.35,111.18
4067,577087.48738,71.523,50,-44.354,15.555,47.935,151.251,112.272,262.55,194.79,65.69,206.45,112.19
4068,577087.490351,71.288,50,-45.088,13.765,51.102,159.287,113.662,261.46,192.29,70.01,217.45,113.65
4069,577087.494832,71.919,48,-42.751,15.923,46.946,151.258,113.32,264.29,195.2,64.29,207.36,113.16
4070,577087.498976,73.266,54,-42.496,15.956,43.972,152.721,113.546,264.66,195.1,60.29,208.95,113.57
4071,577087.503493,74.718,54,-43.002,15.052,42.854,162.586,112.547,263.92,193.9,58.71,221.98,112.58
4072,577087.51131,72.284,51,-44.17,15.054,46.592,153.109,112.438,262.5,193.95,63.82,209.6,112.44
4073,577087.52339,72.742,59,-43.031,15.608,44.989,151.64,114.09,264.08,194.73,61.62,207.6,114.08
4074,577087.526538,74.397,55,-42.722,15.063,43.409,161.393,113.586,264.32,193.89,59.52,219.7,113.55
4075,577087.53059,72.253,58,-44.587,14.582,47.151,154.686,112.629,261.91,193.3,64.58,211.85,112.63
4076,577087.538851,71.295,44,-46.172,14.41,48.609,151.576,114.246,259.76,193.08,66.57,207.59,114.26
4077,577087.542532,71.131,51,-44.272,14.29,50.086,154.87,114.778,262.93,193.32,68.52,210.48,114.57
4078,577087.546531,72.251,59,-43.043,15.475,46.353,152.049,114.481,264.07,194.55,63.48,208.19,114.46
4079,577087.550692,72.706,44,-42.792,15.104,44.422,149.427,115.053,263.74,193.83,60.72,203.62,115.25
4080,577087.555383,72.156,61,-44.269,14.518,47.633,155.451,112.565,262.44,193.24,65.25,212.67,112.58
4081,577087.563181,70.583,58,-45.426,14.659,50.642,152.336,114.261,260.77,193.41,69.35,208.61,114.27
4082,577087.567031,69.879,55,-43.488,14.729,52.708,153.219,114.498,263.47,193.51,72.22,209.65,114.5
4083,577087.570869,71.73,56,-45.288,13.974,49.353,157.429,115.341,260.95,192.48,67.6,215.43,115.34
4084,577087.575,72.14,56,-45.631,14.219,46.187,150.596,115.563,260.48,192.81,63.26,206.21,115.57
4085,577087.579619,71.611,59,-45.554,13.666,47.952,152.005,112.387,260.64,192.07,65.68,207.85,112.36
4086,577087.581892,70.063,57,-44.9,14.702,51.65,151.468,113.393,261.5,193.47,70.74,207.4,113.4
4087,577087.59098,68.218,50,-44.669,13.573,55.25,148.894,113.704,261.83,191.93,75.68,203.94,113.71
4088,577087.595499,70.748,51,-45.21,13.961,51.482,156.136,115.031,261.11,192.48,70.5,213.75,115.02
4089,577087.607361,69.536,57,-44.866,14.513,52.864,151.203,112.668,261.54,193.2,72.39,207.07,112.67
4090,577087.615253,68.019,47,-43.47,13.767,57.166,152.726,113.488,263.54,192.26,78.28,208.96,113.41
4091,577087.618373,70.04,52,-45.461,13.497,53.507,156.745,114.877,260.76,191.84,73.27,214.63,114.87
4092,577087.622782,70.907,56,-43.621,14.929,49.535,151.437,113.926,263.24,193.78,67.85,207.17,113.9
4093,577087.626615,72.139,55,-43.343,14.46,48.28,157.416,112.96,263.68,193.15,66.15,215.29,112.97
4094,577087.630491,69.776,61,-44.561,14.247,52.699,152.449,111.776,261.96,192.84,72.18,208.78,111.78
4095,577087.638655,69.016,53,-45.65,14.345,54.304,151.644,113.604,260.27,192.93,74.36,207.11,113.67
4096,577087.643068,68.793,58,-44.148,14.088,55.038,152.152,113.849,262.55,192.63,75.38,208.35,113.84
4097,577087.64743,70.582,57,-43.636,14.819,50.389,151.566,113.725,263.31,193.66,69.0,207.43,113.73
4098,577087.651029,71.983,54,-43.136,14.495,48.138,155.632,113.225,263.77,193.09,66.01,212.97,113.27
4099,577087.65487,70.409,61,-44.414,14.059,51.204,152.709,111.033,262.18,192.59,70.13,209.17,111.04
4100,577087.658571,68.625,55,-44.416,14.81,54.515,149.569,112.504,262.27,193.65,74.67,204.49,112.52
4101,577087.667417,68.583,58,-44.994,13.089,56.821,155.609,114.009,261.47,191.28,77.9,212.83,113.98
4102,577087.670806,70.633,55,-45.057,13.788,51.738,156.019,114.207,261.52,192.37,70.85,212.98,114.14
4103,577087.675055,71.564,57,-45.566,14.195,47.52,150.259,114.288,260.58,192.77,65.09,205.75,114.29
4104,577087.678814,71.06,52,-44.841,13.925,49.244,151.716,110.792,261.61,192.41,67.45,207.83,110.81
4105,577087.683296,68.972,57,-43.626,15.191,53.862,150.109,111.582,263.25,194.13,73.77,205.56,111.58
4106,577087.695496,70.483,56,-44.488,14.118,52.587,157.403,114.109,262.19,192.74,72.04,215.12,114.08
4107,577087.698777,71.392,55,-44.704,14.658,47.958,150.293,113.962,261.76,193.41,65.68,205.8,113.96
4108,577087.704073,72.785,58,-42.192,15.185,47.124,159.227,111.302,264.93,194.1,64.76,216.06,111.34
4109,577087.70677,69.907,59,-43.168,15.362,52.069,151.564,110.875,263.87,194.36,71.31,207.6,110.88
4110,577087.714941,67.6,46,-40.796,15.05,56.51,148.291,111.248,267.08,193.94,77.41,203.18,111.19
4111,577087.718729,70.446,52,-44.635,13.805,53.114,158.691,114.068,261.93,192.26,72.75,217.44,114.05
4112,577087.722869,71.497,58,-41.741,15.89,47.905,150.952,112.793,265.82,195.1,65.61,206.7,112.79
4113,577087.727195,73.075,50,-40.774,15.7,45.767,157.209,111.734,266.9,194.74,62.68,214.64,111.74
4114,577087.73083,70.685,57,-42.502,15.367,50.323,152.146,110.175,264.89,194.4,68.95,208.33,110.15
4115,577087.734556,69.778,56,-43.424,15.621,52.341,151.421,112.304,263.51,194.72,71.68,207.38,112.31
4116,577087.742828,69.489,56,-41.933,15.029,53.64,153.086,112.92,265.85,194.11,73.42,208.79,112.78
4117,577087.747246,71.365,55,-41.097,15.908,48.384,151.416,112.767,266.73,195.14,66.26,207.38,112.75
4118,577087.751388,73.49,56,-40.081,15.908,45.328,159.502,112.082,268.08,195.11,62.1,218.67,112.1
4119,577087.754723,71.883,59,-41.82,15.191,48.415,155.693,110.046,265.66,194.11,66.33,213.0,110.07
4120,577087.759355,69.971,58,-42.694,15.533,51.724,151.023,111.622,264.59,194.63,70.86,206.64,111.63
4121,577087.767082,69.971,55,-41.26,15.379,52.599,153.573,112.285,266.48,194.38,72.08,210.3,112.28
4122,577087.779403,73.119,60,-41.684,15.125,45.96,158.27,110.589,265.74,193.96,62.98,216.11,110.56
4123,577087.782753,70.508,61,-42.977,15.306,50.58,151.585,111.289,264.21,194.3,69.32,207.6,111.26
4124,577087.791211,68.559,48,-43.181,13.772,54.481,149.04,112.16,263.84,192.21,74.6,204.17,112.08
4125,577087.794885,71.341,52,-43.651,14.46,49.853,155.821,113.982,263.52,193.31,68.33,212.05,113.9
4126,577087.798802,72.76,55,-42.121,15.587,44.971,151.733,113.247,265.55,194.79,61.56,208.06,113.19
4127,577087.803388,74.536,50,-42.086,15.114,43.655,163.727,111.852,265.29,194.02,59.8,223.97,111.87
4128,577087.80753,71.105,61,-43.928,15.024,49.056,151.484,111.396,262.83,193.9,67.18,207.49,111.4
4129,577087.811048,70.914,47,-43.848,15.398,50.698,155.043,112.778,262.92,194.41,69.44,212.25,112.79
4130,577087.819491,70.821,53,-44.289,14.435,50.891,154.914,114.001,262.89,193.49,69.61,210.69,113.8
4131,577087.822749,72.659,53,-42.347,16.102,45.457,152.51,113.395,265.03,195.41,62.25,208.82,113.38
4132,577087.827001,74.517,50,-41.538,15.758,43.096,161.438,112.873,266.0,194.86,59.04,220.59,112.85
4133,577087.830883,71.853,55,-44.784,14.734,47.424,152.267,111.225,261.72,193.53,64.96,208.37,111.25
4134,577087.834727,70.87,58,-45.696,15.128,50.045,152.713,113.077,260.39,193.99,68.64,208.88,113.12
4135,577087.843327,70.268,56,-43.612,15.147,51.78,153.367,113.423,263.26,194.09,70.86,210.07,113.43
4136,577087.847495,72.26,49,-44.235,15.253,47.272,155.138,113.938,262.46,194.26,64.73,212.35,113.92
4137,577087.850342,73.139,48,-41.45,16.224,44.027,151.793,113.218,266.12,195.49,60.36,207.81,113.25
4138,577087.859184,70.974,54,-45.436,15.091,49.622,152.219,112.686,260.7,193.98,67.94,208.63,112.69
4139,577087.86658,69.66,48,-43.304,15.033,52.188,150.141,112.569,263.74,193.97,71.47,205.42,112.51
4140,577087.870845,72.255,53,-46.029,13.933,48.683,159.732,114.575,259.9,192.41,66.7,218.3,114.59
4141,577087.874877,72.888,54,-42.431,15.889,44.787,152.215,113.375,264.9,195.11,61.34,208.45,113.37
4142,577087.87867,73.842,53,-44.107,14.609,44.548,160.074,111.989,262.54,193.36,61.05,218.02,112.09
4143,577087.882417,71.031,53,-45.043,14.789,49.26,151.543,112.325,261.46,193.66,67.48,207.19,112.3
4144,577087.886699,69.903,47,-42.803,14.586,53.095,154.522,112.843,264.25,193.35,72.49,211.85,112.86
4145,577087.895324,71.513,51,-45.033,13.998,49.87,157.277,114.482,261.63,192.7,68.33,214.25,114.4
4146,577087.8986,72.59,58,-42.689,15.617,45.529,152.167,113.761,264.55,194.74,62.35,208.36,113.75
4147,577087.903105,74.036,56,-42.661,14.831,44.191,160.673,113.021,264.57,193.65,60.53,220.03,113.02
4148,577087.90802,71.422,59,-44.231,14.562,48.811,153.208,112.03,262.4,193.27,66.85,209.82,112.03
4149,577087.911309,70.378,48,-45.806,14.566,50.861,151.453,113.925,260.26,193.28,69.66,207.41,113.93
4150,577087.918833,70.171,54,-44.041,14.168,52.273,154.099,114.483,263.01,192.97,71.58,210.03,114.35
4151,577087.922878,71.533,58,-43.17,15.256,47.983,151.481,114.172,264.07,194.43,65.49,207.46,114.06
4152,577087.927077,73.35,55,-42.203,14.996,45.5,158.799,114.019,265.11,193.83,62.34,217.09,114.0
4153,577087.930765,71.801,62,-43.959,14.346,48.238,154.45,112.105,262.75,192.96,66.06,211.7,112.11
4154,577087.934914,70.278,56,-44.832,14.675,51.021,151.196,113.534,261.69,193.47,69.89,206.74,113.55
4155,577087.947497,71.651,57,-45.0,14.034,49.764,158.082,114.718,261.36,192.56,68.15,216.52,114.71
4156,577087.950408,72.48,50,-42.164,15.294,46.75,155.299,114.057,265.16,194.24,64.05,212.2,114.03
4157,577087.955223,72.065,52,-43.95,14.257,47.955,155.73,111.852,262.77,192.84,65.7,213.08,111.86
4158,577087.958821,69.847,58,-44.044,15.026,51.871,150.555,112.823,262.67,193.91,71.04,206.17,112.82
4159,577087.962789,68.342,54,-42.446,14.338,55.639,150.76,114.015,264.85,192.97,76.2,206.52,113.99
4160,577087.97085,70.582,51,-44.301,14.345,51.734,155.608,114.494,262.69,193.18,70.79,212.45,114.41
4161,577087.975429,71.561,56,-41.841,15.788,48.112,152.113,113.529,265.68,194.95,65.89,208.44,113.53
4162,577087.978653,72.676,56,-42.348,15.033,47.783,160.464,112.146,265.0,193.92,65.45,219.72,112.15
4163,577087.983157,70.01,54,-43.721,15.052,52.11,152.433,112.057,263.1,193.94,71.37,208.75,112.06
4164,577087.986458,67.616,47,-41.535,14.635,56.542,148.475,112.668,265.98,193.35,77.5,203.22,112.59
4165,577087.99536,70.086,55,-44.1,14.281,53.099,155.895,114.129,262.71,192.96,72.74,212.84,114.07
4166,577087.998665,70.932,55,-42.846,15.442,49.35,151.061,113.439,264.31,194.49,67.59,206.8,113.43
4167,577088.002582,72.579,58,-41.946,15.203,47.619,159.053,112.404,265.5,194.15,65.2,217.77,112.42
4168,577088.006907,70.563,62,-43.423,14.811,51.253,154.021,111.167,263.52,193.61,70.2,210.95,111.17
4169,577088.010942,69.958,45,-43.681,15.164,52.905,154.373,112.735,263.15,194.09,72.46,211.35,112.74
4170,577088.019162,69.429,53,-42.891,14.673,53.719,152.884,113.161,264.28,193.44,73.57,209.34,113.15
4171,577088.031449,71.155,65,-42.894,14.65,50.033,154.897,110.719,264.34,193.4,68.48,212.11,110.75
4172,577088.034905,69.434,56,-43.857,14.912,53.161,151.333,112.333,262.93,193.75,72.81,207.25,112.34
4173,577088.039198,69.12,56,-43.908,13.422,55.591,155.973,113.691,262.88,191.72,76.14,213.57,113.68
4174,577088.046874,71.247,52,-44.019,14.096,50.616,157.439,113.895,262.87,192.72,69.32,215.16,113.88
4175,577088.051231,72.051,50,-43.023,14.709,47.025,152.593,113.494,263.59,193.35,64.35,208.17,113.61
4176,577088.055197,72.281,53,-42.053,14.81,47.961,157.584,111.019,265.55,193.63,65.66,215.51,111.06
4177,577088.058906,69.412,53,-42.313,15.511,52.282,148.678,111.531,265.33,194.72,71.57,203.05,111.46
4178,577088.063053,68.003,51,-42.979,13.653,55.884,149.203,112.12,264.23,192.09,76.53,204.16,112.08
4179,577088.071524,70.875,54,-43.315,14.468,51.22,156.332,113.762,263.85,193.25,70.17,213.15,113.7
4180,577088.07454,71.848,53,-41.981,15.528,47.169,151.408,113.15,265.4,194.57,64.63,206.99,113.15
4181,577088.079364,73.1,50,-41.378,15.288,46.401,159.617,111.462,266.38,194.29,63.58,218.31,111.45
4182,577088.083141,70.163,57,-43.181,15.284,51.266,151.069,111.312,263.83,194.24,70.21,206.89,111.31
4183,577088.086626,69.612,42,-38.17,16.955,53.779,154.373,110.898,270.67,196.54,73.69,211.46,110.86
4184,577088.090969,70.169,52,-45.004,13.706,52.777,155.573,114.439,261.63,192.19,72.44,212.24,114.4
4185,577088.099368,71.557,61,-41.741,15.984,47.936,151.526,112.893,265.8,195.22,65.66,207.42,112.89
4186,577088.102528,73.569,55,-40.788,15.833,45.628,161.308,112.055,266.71,194.87,62.57,219.05,112.08
4187,577088.11213,70.596,51,-43.04,15.627,51.608,155.337,112.218,263.89,194.7,70.64,212.46,112.27
4188,577088.115536,69.96,56,-42.441,15.223,52.492,153.183,112.937,265.0,194.25,71.9,209.44,112.91
4189,577088.123129,72.265,48,-43.173,15.213,47.772,156.832,113.268,264.24,194.38,65.46,213.49,113.18
4190,577088.127313,72.515,45,-40.244,16.306,45.282,150.714,112.299,267.74,195.62,62.05,206.11,112.29
4191,577088.131206,72.065,61,-42.999,15.193,47.989,155.837,110.431,264.12,194.13,65.73,213.48,110.43
4192,577088.134512,70.185,56,-43.576,15.598,51.234,151.14,111.879,263.22,194.65,70.15,207.2,111.91
4193,577088.139071,70.005,52,-43.95,13.917,53.388,156.131,113.371,262.94,192.46,73.19,212.76,113.35
4194,577088.146717,72.1,51,-43.849,14.75,48.213,156.866,113.609,263.43,193.85,65.88,214.12,113.48
4195,577088.150908,73.005,56,-45.006,14.737,44.046,150.693,113.725,261.3,193.47,60.4,206.31,113.74
4196,577088.154466,73.103,48,-43.671,14.71,45.591,156.858,110.702,263.19,193.48,62.45,214.78,110.71
4197,577088.158487,70.632,56,-43.828,15.27,50.193,151.352,111.711,262.97,194.24,68.74,207.28,111.72
4198,577088.162582,69.86,43,-43.03,14.052,53.558,155.551,113.206,264.72,192.96,73.42,210.87,113.04
4199,577088.16669,72.358,51,-44.818,14.027,48.732,160.796,114.234,261.69,192.59,66.73,220.47,114.24
4200,577088.175049,73.189,57,-41.701,16.001,44.171,152.73,112.975,265.9,195.27,60.49,209.17,112.96
4201,577088.179228,74.336,54,-42.07,15.269,43.603,161.499,111.696,265.44,194.27,59.75,220.78,111.69
4202,577088.183031,71.417,59,-43.632,15.14,48.75,152.976,111.367,263.23,194.06,66.77,209.49,111.37
4203,577088.199495,73.0,61,-42.098,16.07,44.691,152.86,113.556,265.38,195.38,61.2,209.29,113.54
4204,577088.202442,74.52,50,-41.896,15.444,42.621,159.686,112.979,265.4,194.43,58.45,217.91,112.99
4205,577088.207089,72.004,53,-44.422,14.747,47.058,152.314,111.372,262.16,193.53,64.45,208.63,111.38
4206,577088.21131,71.037,44,-44.357,15.431,50.005,153.882,113.132,262.02,194.38,68.47,210.45,113.18
4207,577088.214625,70.55,51,-44.556,14.069,52.136,156.568,114.56,262.17,192.71,71.43,213.76,114.53
4208,577088.223086,72.511,48,-44.767,14.537,47.287,157.351,114.731,261.92,193.36,64.77,215.06,114.71
4209,577088.227252,74.402,47,-41.26,16.001,43.664,162.392,114.079,266.53,195.28,59.81,222.56,114.09
4210,577088.231046,73.013,48,-43.808,14.741,45.8,156.772,111.513,263.01,193.53,62.73,214.74,111.52
4211,577088.23482,70.675,54,-43.887,15.452,49.872,150.703,112.643,263.07,194.61,68.25,206.09,112.56
4212,577088.238491,70.332,53,-42.554,15.167,52.057,154.667,113.286,264.75,194.12,71.31,211.67,113.27
4213,577088.242995,71.348,46,-42.336,15.782,48.366,151.233,114.172,264.97,194.94,66.25,206.93,114.13
4214,577088.251249,73.019,55,-45.824,14.485,44.182,151.276,115.241,260.23,193.18,60.51,207.15,115.24
4215,577088.25505,73.904,49,-42.408,15.058,44.773,161.493,112.14,264.79,193.94,61.38,219.03,112.23
4216,577088.258568,70.138,58,-42.279,15.932,50.06,147.34,111.89,265.04,195.14,68.55,201.96,111.87
4217,577088.263055,68.848,46,-41.799,14.743,54.342,150.6,113.276,265.68,193.49,74.45,206.16,113.24
4218,577088.267385,71.098,51,-44.614,14.046,50.952,157.286,114.799,261.89,192.59,69.84,214.4,114.76
4219,577088.275422,72.079,58,-42.578,15.533,46.637,151.566,113.855,264.69,194.62,63.87,207.54,113.84
4220,577088.287469,70.723,52,-44.118,14.842,51.343,155.522,113.425,262.24,193.57,70.33,211.91,113.51
4221,577088.29058,70.08,55,-43.895,14.229,52.195,153.197,114.162,262.89,192.83,71.48,209.78,114.15
4222,577088.299279,71.454,48,-43.831,14.7,48.227,151.624,114.462,263.14,193.59,66.07,206.98,114.41
4223,577088.303008,73.436,52,-42.067,14.941,45.471,159.495,113.821,265.26,193.77,62.28,218.13,113.84
4224,577088.306702,71.672,55,-44.076,14.269,48.873,155.424,111.831,262.63,192.87,66.94,212.89,111.83
4225,577088.310809,69.612,45,-40.887,15.026,54.485,156.396,112.019,266.91,193.84,74.7,213.76,111.99
4226,577088.315433,69.007,57,-43.535,14.379,54.444,151.972,113.83,263.33,192.99,74.57,207.96,113.8
4227,577088.318052,71.301,58,-45.527,13.685,50.6,157.832,114.824,260.82,192.17,69.35,215.44,114.8
4228,577088.326682,72.46,53,-43.042,14.822,47.126,156.376,114.305,263.94,193.61,64.53,213.97,114.33
4229,577088.330702,71.557,51,-44.973,13.759,48.521,153.373,111.654,261.3,192.12,66.48,209.66,111.64
4230,577088.334639,69.726,57,-44.382,14.838,52.259,150.813,112.729,262.21,193.65,71.57,206.51,112.73
4231,577088.338237,68.636,53,-43.159,14.367,55.403,152.088,113.253,263.78,192.98,75.95,208.1,113.27
4232,577088.342632,70.829,53,-45.159,13.953,51.898,158.037,114.513,261.4,192.58,71.14,215.38,114.46
4233,577088.3507,71.435,57,-42.273,15.701,48.242,151.523,113.36,265.12,194.85,66.07,207.5,113.35
4234,577088.354353,72.421,54,-43.205,14.755,47.853,158.444,111.962,263.84,193.58,65.6,216.77,112.02
4235,577088.358707,69.951,54,-44.306,14.891,52.048,151.826,111.952,262.3,193.72,71.28,207.93,111.96
4236,577088.362497,67.502,48,-42.818,14.119,56.131,146.688,111.374,264.38,192.7,76.79,200.83,111.19
4237,577088.375367,71.314,56,-42.909,15.506,48.764,152.204,113.327,264.32,194.63,66.8,208.09,113.3
4238,577088.379144,72.879,57,-41.863,15.353,47.043,159.799,112.17,265.5,194.29,64.45,218.27,112.17
4239,577088.38246,70.589,61,-43.414,15.008,51.15,153.911,110.912,263.53,193.88,70.06,210.81,110.91
4240,577088.386588,68.806,46,-41.23,14.86,56.21,155.479,111.726,266.4,193.61,77.08,212.19,111.81
4241,577088.391216,69.4,57,-42.718,15.047,53.675,152.551,113.079,264.5,193.94,73.52,208.93,113.07
4242,577088.395064,71.416,51,-44.731,14.324,49.575,155.552,113.755,261.73,192.95,67.89,212.99,113.75
4243,577088.40276,72.921,55,-40.996,15.622,46.762,159.221,112.524,266.83,194.73,64.04,218.32,112.52
4244,577088.407467,71.51,58,-42.955,14.82,49.34,155.58,110.568,264.18,193.64,67.6,212.77,110.57
4245,577088.411084,69.762,55,-43.476,15.261,52.177,150.834,112.058,263.45,194.23,71.46,206.56,112.06
4246,577088.41534,69.443,54,-42.008,14.921,53.659,152.814,112.571,265.47,193.76,73.5,209.29,112.57
4247,577088.419088,71.743,54,-43.548,14.504,49.533,158.109,113.339,263.86,193.47,67.81,215.07,113.28
4248,577088.427172,72.494,53,-40.645,15.815,46.326,154.004,112.414,267.35,195.01,63.46,210.84,112.4
4249,577088.431397,72.304,52,-42.264,14.824,47.596,156.585,110.603,265.19,193.67,65.18,214.8,110.62
4250,577088.435122,69.483,53,-41.1,16.012,51.551,147.086,111.479,266.7,195.26,70.61,201.49,111.46
4251,577088.438545,69.545,52,-43.382,13.31,55.104,157.682,113.355,263.85,191.7,75.49,215.16,113.31
4252,577088.443167,70.342,51,-41.202,15.406,50.31,149.549,113.643,266.51,194.46,68.95,204.84,113.57
4253,577088.451293,72.371,55,-40.642,15.966,46.137,152.343,112.655,267.41,195.24,63.21,208.34,112.64
4254,577088.463455,70.676,48,-41.314,16.024,51.635,156.037,112.295,266.41,195.27,70.73,213.69,112.29
4255,577088.46656,70.674,51,-45.537,13.294,51.587,155.875,114.9,260.62,191.56,70.68,212.8,114.91
4256,577088.471304,72.2,56,-41.363,16.06,46.448,151.942,112.825,266.34,195.33,63.62,208.06,112.81
4257,577088.478922,73.958,51,-40.24,16.002,45.026,162.933,111.842,267.98,195.29,61.73,222.25,111.84
4258,577088.483329,70.826,56,-43.044,15.174,49.885,151.887,110.816,264.07,194.12,68.32,208.18,110.83
4259,577088.48753,69.493,43,-39.409,15.647,54.297,154.994,111.373,268.96,194.75,74.38,212.47,111.33
4260,577088.490759,70.47,54,-42.591,15.201,51.319,153.512,113.166,264.77,194.22,70.26,210.03,113.12
4261,577088.494953,72.437,52,-43.208,15.182,46.859,155.291,113.423,263.87,194.16,64.17,212.82,113.42
4262,577088.503519,73.943,46,-40.95,15.845,44.166,159.681,112.482,267.12,195.12,60.54,218.27,112.44
4263,577088.506514,71.646,52,-44.171,14.699,47.755,151.655,110.603,262.49,193.44,65.39,207.77,110.66
4264,577088.511623,70.264,52,-44.192,15.407,51.08,151.264,112.145,262.48,194.44,69.96,207.09,112.15
4265,577088.515042,69.816,57,-43.059,14.877,52.729,152.822,113.01,264.07,193.72,72.24,209.14,113.01
4266,577088.520086,72.507,51,-45.104,14.174,47.885,159.307,114.236,261.59,192.94,65.66,216.64,114.2
4267,577088.522128,73.087,52,-41.615,15.926,44.127,151.682,112.936,265.88,195.11,60.46,207.49,112.9
4268,577088.531613,73.863,51,-43.36,14.854,44.934,161.666,111.032,263.54,193.69,61.53,220.53,111.05
4269,577088.534365,70.754,53,-44.645,15.136,49.694,150.76,111.94,261.98,194.09,68.1,206.38,111.89
4270,577088.539089,69.12,46,-42.293,14.442,53.565,150.288,113.477,265.06,193.11,73.37,205.88,113.46
4271,577088.547372,73.375,49,-46.39,14.14,43.855,153.284,114.678,259.5,192.73,60.07,209.57,114.7
4272,577088.554508,73.653,41,-40.648,15.834,43.256,153.687,112.407,267.3,195.02,59.26,210.51,112.39
4273,577088.558806,71.423,61,-44.914,14.825,48.421,151.993,111.919,261.48,193.63,66.31,208.18,111.92
4274,577088.562739,69.519,45,-43.505,14.181,53.256,152.208,112.215,263.54,192.8,72.97,208.38,112.26
4275,577088.566706,70.667,54,-44.362,14.674,50.679,153.079,114.265,262.08,193.36,69.46,208.89,114.25
4276,577088.570682,72.448,56,-43.796,15.307,45.96,152.403,114.264,263.11,194.38,62.96,208.33,114.21
4277,577088.578642,74.209,55,-43.055,15.051,43.337,159.258,113.748,263.93,193.91,59.38,217.69,113.74
4278,577088.582484,72.376,60,-44.579,14.591,46.913,154.949,111.905,261.94,193.31,64.26,212.21,111.91
4279,577088.586746,71.013,48,-45.496,14.735,49.741,152.884,113.467,260.61,193.42,68.37,208.78,113.6
4280,577088.590445,70.502,53,-43.5,14.912,51.29,153.67,113.891,263.38,193.73,70.28,210.24,113.88
4281,577088.595287,72.793,54,-45.717,13.984,47.497,160.556,114.822,260.37,192.49,65.04,219.98,114.81
4282,577088.598517,73.804,47,-41.522,15.776,44.281,158.753,114.01,266.09,194.92,60.67,217.73,114.04
4283,577088.606658,72.968,49,-43.749,14.619,46.299,158.064,111.853,263.02,193.32,63.44,216.12,111.85
4284,577088.610575,70.785,50,-45.081,14.814,50.092,152.204,113.318,260.96,193.49,68.53,209.12,113.37
4285,577088.614676,69.942,50,-44.541,13.473,53.785,156.82,114.394,262.46,192.01,73.75,213.62,114.3
4286,577088.618648,70.891,47,-42.493,15.427,49.371,150.812,114.466,264.81,194.49,67.61,206.54,114.44
4287,577088.622782,72.448,56,-45.385,14.29,45.433,150.652,115.37,260.72,192.88,62.21,206.29,115.38
4288,577088.634724,70.454,61,-44.054,14.869,50.651,151.395,112.922,262.82,193.76,69.4,206.78,112.94
4289,577088.639072,68.588,51,-41.9,14.457,55.251,151.345,113.907,265.67,193.16,75.68,207.1,113.9
4290,577088.643393,71.241,48,-45.303,13.509,51.742,160.897,115.276,260.96,191.85,70.86,220.46,115.27
4291,577088.646903,71.567,58,-42.456,15.405,47.949,151.646,114.138,264.86,194.44,65.67,207.67,114.12
4292,577088.654783,73.06,57,-42.265,14.913,46.528,159.683,113.128,265.11,193.76,63.73,218.67,113.13
4293,577088.658816,70.606,54,-43.716,14.707,50.77,152.894,112.169,263.2,193.51,69.55,209.12,112.15
4294,577088.66354,70.022,46,-44.381,14.814,52.451,153.517,113.681,261.92,193.58,71.81,208.95,113.81
4295,577088.666425,69.814,51,-43.107,14.679,52.897,153.294,113.931,263.98,193.45,72.45,209.89,113.92
4296,577088.671418,71.017,59,-42.537,15.384,49.207,151.275,113.826,264.76,194.42,67.39,207.15,113.81
4297,577088.674546,72.781,53,-41.701,15.052,46.944,158.58,113.496,265.6,193.76,64.53,216.0,113.55
4298,577088.683367,70.942,56,-43.595,14.482,50.412,154.394,111.58,263.28,193.16,69.04,211.51,111.58
4299,577088.686509,69.207,56,-44.179,14.894,53.485,150.664,113.115,262.61,193.78,73.29,206.06,113.08
4300,577088.691934,68.638,60,-42.931,14.576,55.411,152.116,113.588,264.16,193.27,75.93,208.17,113.59
4301,577088.694591,70.825,56,-44.594,14.096,51.479,156.728,114.38,262.15,192.76,70.53,213.91,114.36
4302,577088.699043,71.706,48,-42.27,15.144,48.282,153.815,113.617,265.14,194.1,66.15,210.32,113.61
4303,577088.707285,71.874,56,-43.23,14.478,48.992,157.481,111.605,263.89,193.21,67.13,215.21,111.59
4304,577088.7203,70.764,56,-44.714,13.965,52.161,158.32,114.03,261.71,192.44,71.46,216.56,114.03
4305,577088.723375,71.188,51,-44.266,14.781,48.516,150.453,113.984,262.26,193.55,66.45,205.73,114.01
4306,577088.730987,72.507,56,-41.785,15.128,48.133,160.128,111.467,265.68,194.02,65.93,219.0,111.49
4307,577088.735068,69.959,54,-43.387,15.036,52.163,152.216,111.399,263.56,193.92,71.44,208.46,111.4
4308,577088.738858,67.564,44,-42.248,14.281,55.906,146.487,111.465,265.12,192.9,76.57,200.67,111.5
4309,577088.742833,70.137,58,-43.725,14.389,52.596,154.797,113.459,263.16,193.06,72.03,211.93,113.44
4310,577088.747353,71.319,60,-42.246,15.604,48.514,151.465,112.935,265.15,194.72,66.44,207.4,112.92
4311,577088.75129,73.373,50,-40.865,15.566,46.631,162.962,111.973,267.04,194.66,63.88,223.23,111.97
4312,577088.759234,70.381,60,-43.298,14.976,50.97,151.806,110.974,263.71,193.84,69.8,208.02,110.99
4313,577088.762781,69.835,51,-44.47,15.218,52.223,151.493,112.938,262.01,194.17,71.5,207.33,112.99
4314,577088.767454,69.841,52,-45.494,13.233,53.709,155.844,114.454,260.51,191.42,73.5,213.14,114.51
4315,577088.770466,71.316,55,-42.361,15.561,48.815,152.376,112.983,265.2,194.75,66.86,208.07,112.96
4316,577088.775423,72.888,55,-41.335,15.582,46.049,156.501,112.618,266.31,194.65,63.11,213.71,112.6
4317,577088.783371,71.904,63,-42.691,15.026,48.381,155.764,110.731,264.69,193.96,66.32,212.53,110.74
4318,577088.786543,70.288,54,-43.493,15.383,51.045,151.337,112.225,263.44,194.4,69.91,207.22,112.22
4319,577088.791472,69.811,56,-41.784,15.169,52.768,152.901,112.584,265.83,194.13,72.28,209.24,112.56
4320,577088.799795,72.688,54,-40.886,15.813,45.807,153.935,112.639,267.01,195.0,62.75,210.75,112.63
4321,577088.806697,72.722,56,-42.071,15.191,46.84,157.706,110.665,265.38,194.14,64.16,216.01,110.67
4322,577088.811719,70.456,60,-42.939,15.54,50.73,151.643,111.813,264.18,194.61,69.48,207.7,111.82
4323,577088.814829,69.355,46,-39.983,15.753,53.111,150.638,112.535,268.09,194.94,72.67,206.44,112.48
4324,577088.819149,71.836,51,-43.687,14.499,49.324,158.222,113.907,263.19,193.21,67.56,216.64,113.9
4325,577088.822502,72.513,58,-44.409,14.815,45.202,150.426,114.035,262.15,193.61,61.89,205.87,114.05
4326,577088.82686,73.84,52,-41.883,15.284,44.952,161.511,111.383,265.61,194.26,61.58,221.05,111.39
4327,577088.835113,70.812,60,-43.254,15.319,49.724,151.286,111.552,263.75,194.3,68.1,207.24,111.56
4328,577088.839036,70.115,48,-40.237,15.336,53.348,156.845,111.997,267.94,194.39,72.97,215.02,111.98
4329,577088.84268,70.54,47,-41.301,15.895,49.769,149.391,113.455,266.36,195.09,68.15,204.86,113.42
4330,577088.847454,73.009,49,-44.542,14.618,45.492,155.676,114.031,261.95,193.35,62.3,213.14,114.03
4331,577088.850939,74.086,50,-41.585,15.508,44.033,160.589,112.245,265.88,194.52,60.33,219.55,112.23
4332,577088.85934,71.683,55,-43.151,15.192,48.667,154.855,111.028,263.89,194.13,66.66,212.13,111.03
4333,577088.862499,70.8,49,-44.543,15.319,50.4,153.256,113.187,261.85,194.28,69.01,209.53,113.23
4334,577088.867357,70.458,50,-42.569,15.237,51.208,153.09,113.539,264.74,194.23,70.16,209.22,113.52
4335,577088.87043,72.024,51,-42.591,15.426,46.93,152.064,113.728,264.83,194.5,64.41,207.97,113.66
4336,577088.875253,74.046,50,-41.028,15.77,43.872,159.613,113.012,266.88,194.98,60.13,218.05,112.99
4337,577088.887159,70.476,57,-44.598,15.135,50.601,151.411,112.834,261.92,194.06,69.3,207.34,112.84
4338,577088.890555,70.056,57,-42.944,14.88,52.329,153.412,113.471,264.29,193.76,71.68,209.76,113.46
4339,577088.895884,72.285,52,-44.829,14.302,47.931,157.519,114.438,261.71,192.98,65.66,215.33,114.44
4340,577088.89833,73.132,56,-45.803,14.389,43.799,150.941,114.68,260.23,193.03,59.99,206.61,114.68
4341,577088.902566,72.587,49,-45.139,14.02,45.626,152.463,111.252,261.2,192.55,62.5,208.83,111.27
4342,577088.911291,70.527,55,-44.097,15.238,50.266,150.785,112.134,262.92,194.33,68.9,205.98,112.04
4343,577088.915389,69.108,48,-43.802,13.891,54.02,151.483,112.865,263.12,192.41,73.99,207.57,112.89
4344,577088.918857,71.452,53,-44.644,14.302,49.656,156.106,114.456,261.9,192.95,68.0,213.69,114.44
4345,577088.923312,72.77,55,-42.644,15.611,45.001,151.922,113.709,264.69,194.76,61.63,208.16,113.67
4346,577088.927536,74.189,57,-42.269,15.071,44.28,162.514,112.26,265.11,193.98,60.66,222.49,112.26
4347,577088.935292,71.038,53,-44.271,14.867,49.602,152.648,111.846,262.42,193.7,67.94,209.22,111.82
4348,577088.939524,70.744,42,-43.979,15.246,51.539,156.278,113.255,262.76,194.21,70.6,213.94,113.26
4349,577088.94292,70.66,50,-44.99,13.909,51.857,156.586,114.861,261.42,192.41,71.01,214.37,114.85
4350,577088.947339,72.268,51,-43.998,14.879,46.868,153.888,114.482,262.92,193.79,64.21,210.59,114.44
4351,577088.950636,73.927,50,-42.766,14.961,44.301,160.005,113.44,264.15,193.73,60.74,217.9,113.47
4352,577088.959334,71.816,56,-44.287,14.532,48.387,155.05,111.709,262.34,193.23,66.27,212.36,111.71
4353,577088.971486,72.017,60,-45.156,14.058,48.576,157.335,114.8,261.24,192.62,66.56,215.1,114.82
4354,577088.974806,73.248,50,-41.845,15.445,45.001,156.125,113.909,265.62,194.46,61.66,213.33,113.88
4355,577088.979404,72.41,56,-43.701,14.489,47.206,156.207,111.59,263.15,193.17,64.65,213.98,111.59
4356,577088.987145,70.039,60,-43.806,15.22,51.491,150.834,112.532,262.97,194.17,70.53,206.44,112.54
4357,577088.990575,69.632,52,-44.323,13.688,54.906,157.757,114.131,262.34,192.11,75.2,215.93,114.11
4358,577088.994796,71.19,48,-44.868,14.037,51.011,158.21,114.797,262.09,192.85,69.94,214.94,114.71
4359,577088.999306,71.848,55,-45.357,14.413,46.724,149.978,115.235,260.86,193.08,63.99,205.38,115.24
4360,577089.002669,72.411,47,-44.258,14.037,46.365,153.43,112.1,262.36,192.54,63.54,209.67,112.17
4361,577089.011059,70.392,53,-43.81,15.026,50.673,151.003,112.374,262.99,193.91,69.4,206.77,112.38
4362,577089.01463,69.196,53,-42.02,14.843,54.629,153.81,112.806,265.33,193.58,74.87,210.23,112.77
4363,577089.018554,71.242,52,-44.82,13.87,51.899,161.388,114.568,261.5,192.3,71.06,220.99,114.5
4364,577089.022926,71.3,58,-42.626,15.478,48.292,150.627,113.806,264.54,194.48,66.2,206.2,113.84
4365,577089.026505,73.274,54,-41.734,15.187,46.333,160.994,112.526,265.72,194.1,63.48,220.02,112.54
4366,577089.030209,70.798,58,-43.117,14.953,50.526,153.619,111.494,263.94,193.8,69.21,210.4,111.49
4367,577089.038487,68.181,48,-42.265,13.942,54.667,147.082,110.258,265.19,192.47,74.83,201.33,110.2
4368,577089.042701,70.329,55,-44.019,14.044,53.169,157.952,114.066,262.74,192.58,72.81,216.34,114.06
4369,577089.046668,71.211,51,-42.295,15.588,49.051,152.296,113.49,265.12,194.72,67.18,208.46,113.46
4370,577089.054617,71.337,59,-43.312,14.692,49.583,154.945,111.244,263.67,193.44,67.91,212.23,111.24
4371,577089.063041,69.777,55,-44.107,15.09,52.294,151.28,112.836,262.66,194.02,71.62,206.95,112.87
4372,577089.067417,69.525,58,-44.341,13.63,54.675,156.304,114.027,262.25,192.0,74.9,213.86,114.03
4373,577089.070786,71.324,54,-44.259,14.407,50.283,157.031,113.982,262.76,193.25,68.95,213.6,113.95
4374,577089.07552,72.011,59,-44.696,14.65,46.518,150.623,114.242,261.76,193.4,63.72,206.26,114.25
4375,577089.07858,71.669,56,-44.545,14.111,48.097,152.928,111.11,262.01,192.67,65.88,209.52,111.12
4376,577089.08699,70.087,59,-43.634,15.187,51.486,151.167,112.058,263.19,194.12,70.53,206.85,112.07
4377,577089.091005,69.303,50,-42.676,14.628,54.168,153.268,112.691,264.55,193.36,74.2,209.73,112.67
4378,577089.094495,71.204,54,-44.139,14.372,50.664,157.244,113.724,262.58,193.03,69.41,214.91,113.69
4379,577089.098686,72.062,57,-45.058,14.669,46.456,150.841,114.154,261.27,193.42,63.63,206.57,114.16
4380,577089.102787,72.174,54,-44.394,14.131,46.678,152.479,111.094,262.2,192.71,63.93,208.89,111.13
4381,577089.106766,70.565,53,-43.35,15.31,50.894,152.958,111.339,263.72,194.28,69.84,209.23,111.32
4382,577089.115229,70.458,44,-43.863,15.413,51.698,154.551,112.889,262.91,194.43,70.82,211.61,112.89
4383,577089.119345,70.866,50,-44.242,14.35,51.231,156.297,113.811,262.46,193.02,70.16,213.91,113.79
4384,577089.122916,71.796,59,-42.517,15.709,47.215,151.132,113.011,264.77,194.86,64.66,206.93,113.0
4385,577089.127132,73.532,56,-42.006,15.392,45.41,160.193,112.232,265.39,194.39,62.2,219.11,112.25
4386,577089.130858,71.278,58,-43.668,15.043,49.345,153.739,111.17,263.23,193.94,67.58,210.74,111.15
4387,577089.142953,70.476,62,-42.9,15.156,51.175,153.128,113.094,264.29,194.14,70.01,209.83,113.07
4388,577089.146756,72.023,59,-42.434,15.862,46.932,152.065,112.99,264.99,195.12,64.28,208.12,112.95
4389,577089.150597,73.674,56,-41.649,15.654,44.82,159.445,112.605,265.95,194.78,61.4,218.33,112.61
4390,577089.154895,71.918,61,-43.454,15.016,48.112,155.01,110.825,263.49,193.89,65.9,212.32,110.83
4391,577089.162926,70.525,57,-44.541,15.264,50.595,151.755,112.647,262.06,194.27,69.3,207.68,112.63
4392,577089.166692,70.145,56,-42.835,15.062,52.027,153.181,113.132,264.42,194.01,71.26,209.52,113.1
4393,577089.170768,72.679,52,-45.033,14.204,47.703,160.224,114.128,261.66,192.93,65.37,218.28,114.15
4394,577089.17469,73.537,47,-41.446,15.899,44.407,156.692,112.884,266.16,195.09,60.85,214.15,112.89
4395,577089.179264,72.741,56,-43.041,14.989,46.573,156.977,111.115,263.94,193.83,63.81,214.55,111.14
4396,577089.182417,70.53,59,-44.162,15.274,50.571,151.72,112.301,262.63,194.28,69.3,207.7,112.26
4397,577089.191355,68.928,44,-43.687,13.806,53.921,149.971,112.585,263.19,192.26,73.86,205.45,112.59
4398,577089.194441,72.471,53,-45.249,14.019,48.611,161.397,114.488,261.11,192.59,66.57,220.86,114.47
4399,577089.199127,72.971,56,-42.004,15.945,44.769,152.873,113.002,265.26,195.09,61.37,208.81,113.03
4400,577089.204176,74.008,51,-42.449,15.159,44.857,162.82,111.566,265.0,194.13,61.46,223.25,111.54
4401,577089.206567,70.799,58,-44.568,14.94,49.842,151.55,111.858,261.96,193.79,68.25,207.57,111.86
4402,577089.215623,69.442,48,-42.588,14.446,53.729,153.006,113.018,264.67,193.12,73.59,209.58,113.0
4403,577089.227233,74.472,55,-42.049,15.182,43.636,162.995,112.585,265.42,194.14,59.77,223.21,112.59
4404,577089.231501,71.7,59,-44.06,14.777,48.521,154.53,111.353,262.71,193.59,66.48,211.39,111.35
4405,577089.239142,70.667,48,-45.504,14.908,50.761,153.329,113.482,260.52,193.71,69.5,209.56,113.53
4406,577089.24296,70.569,48,-45.247,13.754,52.066,156.506,114.512,260.91,192.06,71.43,214.38,114.56
4407,577089.247352,71.866,56,-43.451,15.371,47.211,151.689,113.895,263.51,194.41,64.65,207.71,113.88
4408,577089.250574,74.003,57,-42.043,15.451,44.064,159.887,113.808,265.45,194.52,60.36,219.02,113.81
4409,577089.254675,72.705,59,-44.696,14.279,46.503,156.424,111.667,261.79,192.89,63.69,214.27,111.67
4410,577089.258967,70.697,57,-44.967,14.878,50.092,151.536,112.831,261.6,193.79,68.64,207.04,112.81
4411,577089.267668,69.94,60,-43.478,14.694,52.539,153.175,113.401,263.48,193.48,71.96,209.67,113.39
4412,577089.271001,71.922,54,-45.169,14.187,48.925,157.661,114.53,261.37,192.9,67.06,214.94,114.48
4413,577089.275248,72.519,50,-44.453,14.802,45.317,150.859,114.347,261.54,193.46,61.99,205.48,114.5
4414,577089.27871,73.322,58,-43.849,14.582,45.868,159.822,111.825,262.82,193.28,62.88,218.12,111.88
4415,577089.282973,70.569,55,-44.394,15.038,50.339,151.317,112.291,262.21,193.94,68.94,207.18,112.29
4416,577089.290866,68.741,49,-42.234,14.543,54.472,150.231,113.892,265.14,193.25,74.61,205.79,113.87
4417,577089.294496,71.448,52,-45.62,13.842,50.612,159.072,114.737,260.55,192.31,69.31,217.8,114.73
4418,577089.299567,72.154,57,-42.935,15.622,46.599,152.058,113.656,264.21,194.75,63.82,208.22,113.64
4419,577089.307178,70.883,64,-44.781,14.56,50.092,152.956,112.184,261.67,193.27,68.61,209.46,112.18
4420,577089.314756,69.184,42,-40.864,15.203,54.327,152.878,112.442,266.98,194.16,74.44,209.41,112.38
4421,577089.319207,70.717,48,-45.301,13.836,51.634,156.356,114.524,261.06,192.35,70.7,213.86,114.49
4422,577089.322443,71.875,57,-43.449,15.423,47.298,152.035,113.674,263.51,194.48,64.77,208.17,113.66
4423,577089.326949,73.297,58,-43.153,14.806,45.879,159.63,113.174,263.64,193.51,62.87,217.88,113.19
4424,577089.331583,71.247,59,-45.063,14.252,49.776,154.83,111.751,261.28,192.85,68.17,212.06,111.75
4425,577089.334614,69.958,56,-46.112,14.455,51.922,151.504,113.654,259.91,193.16,71.13,207.23,113.67
4426,577089.342845,69.66,58,-44.201,14.31,53.05,152.62,113.922,262.47,192.94,72.65,208.99,113.92
4427,577089.347371,71.406,51,-43.548,15.129,48.419,151.846,114.089,263.37,194.08,66.3,207.91,114.07
4428,577089.350581,73.065,51,-42.525,15.082,45.864,157.457,113.591,264.81,194.02,62.82,215.52,113.6
4429,577089.355508,71.868,55,-44.302,14.363,48.684,156.434,111.576,262.32,193.0,66.68,214.24,111.58
4430,577089.358901,69.576,58,-44.77,14.909,52.617,150.778,112.926,261.69,193.75,72.06,206.45,112.93
4431,577089.367472,68.827,55,-43.51,14.509,54.932,152.089,113.657,263.44,193.21,75.26,208.13,113.66
4432,577089.370932,71.502,51,-46.072,13.532,50.723,159.876,114.849,259.91,191.88,69.46,218.98,114.84
4433,577089.374886,71.876,57,-42.546,15.463,47.279,151.991,113.638,264.64,194.46,64.8,208.18,113.67
4434,577089.378957,72.598,54,-43.428,14.609,47.325,158.237,111.725,263.49,193.38,64.89,215.84,111.79
4435,577089.382893,69.875,61,-43.662,15.172,51.783,150.501,111.817,263.33,194.17,70.94,205.8,111.79
4436,577089.395514,70.133,55,-43.26,14.863,52.02,153.076,113.71,263.81,193.73,71.26,209.43,113.69
4437,577089.398584,71.597,56,-41.954,15.772,47.994,152.024,113.175,265.6,194.98,65.74,207.99,113.15
4438,577089.403299,73.157,57,-41.899,15.109,46.679,161.101,111.927,265.66,194.05,63.96,220.29,111.92
4439,577089.40768,70.337,55,-43.133,14.981,51.353,152.615,111.241,263.9,193.84,70.34,209.01,111.25
4440,577089.410391,69.058,47,-40.415,14.976,55.948,156.532,111.773,267.64,193.83,76.64,214.36,111.77
4441,577089.41943,69.458,51,-44.149,13.229,54.774,156.102,114.304,262.56,191.46,75.04,213.74,114.29
4442,577089.42236,72.252,53,-43.995,14.293,48.717,159.821,113.757,262.74,192.89,66.81,218.31,113.74
4443,577089.427326,72.806,52,-41.298,15.157,46.332,156.739,112.583,266.17,194.01,63.53,213.43,112.6
4444,577089.431218,71.149,57,-42.433,14.897,50.046,154.89,110.689,264.99,193.78,68.57,211.78,110.67
4445,577089.43534,69.643,56,-43.624,15.078,52.701,151.494,112.643,263.19,193.97,72.17,207.38,112.67
4446,577089.443319,69.186,57,-41.591,14.948,54.225,152.601,112.979,266.04,193.8,74.28,209.0,112.97
4447,577089.44653,71.618,53,-43.416,14.328,49.863,158.121,113.788,263.5,192.94,68.31,216.35,113.76
4448,577089.45134,72.016,51,-39.571,16.011,46.65,151.089,112.535,268.75,195.25,63.9,207.1,112.52
4449,577089.454549,71.947,56,-42.038,14.819,48.482,156.447,110.487,265.42,193.62,66.41,214.3,110.49
4450,577089.459385,69.661,58,-42.548,15.383,52.391,150.734,111.65,264.82,194.43,71.78,206.19,111.65
4451,577089.467449,67.752,52,-42.084,13.95,56.243,148.548,112.052,265.46,192.49,77.07,203.03,112.0
4452,577089.4794,73.167,52,-41.877,14.973,46.275,159.803,110.845,265.87,193.92,63.4,218.75,110.9
4453,577089.482783,70.079,57,-42.702,15.434,51.293,150.538,111.191,264.7,194.55,70.29,205.75,111.15
4454,577089.486593,69.028,47,-40.296,15.047,55.69,155.597,111.756,268.12,194.1,76.23,212.92,111.68
4455,577089.494985,70.459,50,-43.094,14.795,51.72,154.629,113.488,264.15,193.67,70.86,211.26,113.49
4456,577089.499632,71.752,56,-42.223,15.74,47.287,151.016,112.957,265.27,194.97,64.69,206.83,112.9
4457,577089.502585,73.6,55,-41.501,15.434,45.349,160.622,111.851,265.93,194.39,62.13,219.18,111.87
4458,577089.50731,71.274,60,-43.373,15.036,49.502,154.188,110.736,263.59,193.92,67.8,211.19,110.74
4459,577089.510845,69.876,47,-40.396,15.236,54.214,157.577,111.244,267.66,194.18,74.27,215.74,111.25
4460,577089.519267,70.391,49,-46.294,13.187,52.354,156.001,114.268,259.47,191.32,71.7,213.93,114.3
4461,577089.5226,71.84,63,-42.673,15.759,47.296,151.753,112.84,264.67,195.0,64.7,207.95,112.79
4462,577089.527595,73.755,56,-41.864,15.552,44.482,159.008,112.678,265.29,194.5,60.96,216.54,112.7
4463,577089.530841,72.307,58,-43.943,14.785,47.259,155.498,110.676,262.82,193.58,64.73,212.97,110.68
4464,577089.535527,70.623,52,-44.484,15.354,50.289,151.571,112.184,262.19,194.41,68.87,207.3,112.13
4465,577089.537994,69.886,55,-43.348,14.798,52.549,152.81,112.927,263.71,193.64,71.98,209.03,112.9
4466,577089.547427,72.369,53,-45.44,14.262,48.052,158.65,113.89,260.8,192.89,65.85,216.48,113.92
4467,577089.550337,72.719,51,-42.175,15.894,44.539,149.934,113.296,265.2,195.1,61.01,205.29,113.29
4468,577089.555411,73.496,50,-44.415,14.453,44.668,157.233,111.058,262.21,193.1,61.3,214.37,111.04
4469,577089.563573,69.98,44,-41.089,15.787,51.429,150.227,112.72,266.76,195.02,70.37,205.8,112.65
4470,577089.570845,72.209,51,-45.032,14.422,48.609,159.09,113.955,261.71,193.32,66.53,216.81,113.88
4471,577089.575405,72.85,59,-41.797,16.323,44.947,152.427,113.057,265.84,195.77,61.49,208.79,113.0
4472,577089.57845,74.296,55,-42.512,15.378,43.878,162.109,112.0,264.79,194.43,60.15,220.86,112.02
4473,577089.58336,71.703,57,-43.798,15.309,47.947,152.727,111.891,262.99,194.29,65.67,209.13,111.9
4474,577089.586523,71.782,45,-44.096,15.512,48.757,155.956,113.058,262.73,194.61,66.86,213.24,113.03
4475,577089.595145,71.654,48,-43.3,15.141,49.018,155.731,113.685,264.34,194.54,66.96,211.32,113.43
4476,577089.599283,72.651,54,-41.822,16.245,45.383,152.197,113.194,265.73,195.6,62.16,208.38,113.18
4477,577089.602592,74.342,52,-41.502,15.605,43.569,161.426,112.952,265.96,194.64,59.7,220.36,112.98
4478,577089.606547,71.833,55,-43.776,14.958,47.494,152.329,111.936,263.1,193.84,65.07,208.43,111.97
4479,577089.611585,71.375,52,-44.451,15.279,48.975,153.348,113.596,261.84,194.19,67.05,209.31,113.68
4480,577089.614689,70.822,52,-42.466,15.165,50.509,153.757,113.786,264.76,194.07,69.22,210.26,113.78
4481,577089.623266,72.055,55,-41.643,16.203,46.852,152.066,113.436,265.99,195.55,64.16,208.23,113.42
4482,577089.626936,73.49,54,-41.277,15.604,44.767,157.525,113.731,266.18,194.6,61.36,215.22,113.73
4483,577089.630879,72.455,59,-43.136,14.765,46.879,155.509,111.932,264.0,193.58,64.23,212.75,111.95
4484,577089.635314,71.216,55,-44.333,14.893,49.297,153.095,113.482,262.15,193.66,67.52,209.91,113.51
4485,577089.638833,70.324,58,-41.59,15.169,51.655,153.418,113.417,266.11,194.14,70.78,209.83,113.41
4486,577089.651349,72.105,51,-40.432,16.033,46.33,150.776,113.607,267.61,195.3,63.46,206.48,113.59
4487,577089.654587,72.756,53,-42.406,14.771,46.911,158.245,112.226,264.92,193.56,64.26,216.79,112.22
4488,577089.659063,70.275,53,-42.75,15.351,50.71,150.248,112.815,264.61,194.44,69.47,205.35,112.78
4489,577089.663166,69.169,48,-41.534,14.634,54.074,152.057,113.748,266.07,193.35,74.07,208.19,113.72
4490,577089.67137,71.143,53,-43.677,14.283,50.862,157.365,114.435,263.17,192.9,69.67,215.28,114.43
4491,577089.674418,71.618,56,-41.504,15.87,47.846,151.726,113.547,266.17,195.08,65.53,207.78,113.53
4492,577089.679554,73.067,56,-42.002,14.961,46.84,160.821,112.991,265.59,193.89,64.19,219.68,112.96
4493,577089.682452,70.77,58,-43.437,14.769,50.462,153.213,112.373,263.49,193.55,69.12,209.85,112.37
4494,577089.68748,69.556,48,-40.401,15.024,54.529,156.109,112.443,267.78,194.01,74.58,213.73,112.4
4495,577089.690705,70.011,53,-43.371,14.469,52.435,153.391,113.923,263.85,193.34,71.73,209.28,113.79
4496,577089.699392,71.042,60,-42.404,15.582,49.196,151.428,113.424,264.97,194.69,67.4,207.35,113.39
4497,577089.702599,72.255,58,-42.186,15.111,47.869,157.062,113.128,265.21,194.03,65.57,215.07,113.13
4498,577089.707876,70.816,62,-43.975,14.494,50.729,154.38,111.879,262.82,193.19,69.5,211.09,111.9
4499,577089.710475,69.826,56,-45.392,14.566,52.39,151.91,113.699,260.82,193.28,71.75,208.03,113.7
4500,577089.714959,69.268,55,-44.951,12.967,55.141,155.763,114.468,261.46,191.1,75.53,213.25,114.46
4501,577089.723254,71.393,54,-44.907,14.113,50.161,157.21,113.962,261.66,192.75,68.74,214.69,113.94
4502,577089.731369,71.414,55,-43.746,14.541,49.892,156.534,111.387,263.07,193.24,68.38,213.76,111.4
4503,577089.736177,69.475,57,-44.532,14.88,52.939,150.992,112.636,262.01,193.71,72.5,206.75,112.64
4504,577089.739251,68.994,56,-43.097,14.579,54.683,152.549,113.075,263.91,193.25,74.9,208.69,113.04
4505,577089.746802,71.274,50,-45.043,14.1,50.759,158.104,113.778,261.24,192.63,69.53,216.14,113.79
4506,577089.7507,71.405,55,-41.871,15.769,48.12,150.902,112.574,265.62,194.93,65.91,206.75,112.55
4507,577089.754615,72.013,52,-43.607,14.57,48.414,156.783,111.062,263.16,193.24,66.32,214.33,111.07
4508,577089.758726,69.632,56,-43.783,15.12,52.349,150.408,111.597,263.05,194.04,71.69,205.96,111.6
4509,577089.762753,68.1,51,-43.452,13.69,55.68,149.279,111.762,263.45,192.05,76.27,204.71,111.79
4510,577089.766624,71.134,52,-44.64,14.02,51.309,158.674,113.695,261.88,192.55,70.27,217.3,113.69
4511,577089.775401,71.701,55,-42.001,15.712,47.5,151.284,112.589,265.68,194.92,65.05,207.52,112.52
4512,577089.779118,72.935,57,-41.809,15.162,46.893,159.792,111.381,265.74,194.13,64.31,217.21,111.39
4513,577089.782952,70.359,59,-43.359,15.017,51.269,152.533,111.103,263.6,193.89,70.22,208.91,111.11
4514,577089.786502,70.01,47,-44.502,15.128,51.971,152.026,113.02,261.91,194.03,71.2,207.53,113.06
4515,577089.79117,70.346,54,-43.189,14.505,52.019,154.667,113.563,264.25,193.48,71.24,210.29,113.39
4516,577089.798788,71.981,54,-41.128,16.159,47.112,152.3,112.514,266.78,195.53,64.48,208.72,112.48
4517,577089.803408,73.382,55,-40.811,15.565,45.661,159.659,112.131,267.0,194.63,62.54,218.41,112.15
4518,577089.815632,70.051,61,-41.317,15.418,52.411,153.613,112.859,266.35,194.43,71.81,210.05,112.86
4519,577089.822788,71.659,54,-40.795,16.303,47.765,151.795,112.715,267.17,195.68,65.42,207.82,112.71
4520,577089.826795,73.146,53,-40.079,16.014,45.361,156.457,112.353,267.97,195.21,62.19,213.5,112.33
4521,577089.830568,72.175,58,-41.662,15.396,47.941,156.612,110.517,265.94,194.41,65.67,214.54,110.52
4522,577089.83441,70.041,58,-42.253,15.767,51.546,151.006,111.765,265.21,194.96,70.61,206.59,111.76
4523,577089.838679,69.33,48,-41.502,14.96,53.706,152.146,112.626,266.23,193.87,73.59,208.58,112.66
4524,577089.842744,71.821,53,-42.788,14.902,48.961,156.933,113.674,264.66,193.9,67.09,213.66,113.6
4525,577089.850683,72.731,54,-39.87,16.442,45.236,152.384,112.171,268.39,195.86,61.96,208.68,112.16
4526,577089.85451,73.538,54,-40.946,15.533,46.118,162.749,110.575,266.96,194.62,63.18,222.66,110.57
4527,577089.858659,70.496,51,-42.542,15.503,50.914,152.492,111.186,264.71,194.55,69.74,208.82,111.19
4528,577089.862674,68.77,44,-40.618,14.938,54.518,150.553,112.855,267.38,193.78,74.72,206.29,112.81
4529,577089.866636,71.297,52,-43.523,14.425,50.077,156.164,113.91,263.27,193.06,68.63,213.34,113.93
4530,577089.875289,72.717,55,-41.543,15.915,45.073,151.714,112.79,266.1,195.14,61.73,207.74,112.78
4531,577089.879193,74.251,56,-41.037,15.476,44.134,162.601,111.632,266.72,194.5,60.48,221.87,111.61
4532,577089.882727,71.476,55,-43.298,15.067,49.001,154.238,110.803,263.76,193.98,67.13,210.94,110.83
4533,577089.88667,69.933,48,-40.543,15.069,54.007,157.399,111.641,267.31,193.89,74.06,215.01,111.67
4534,577089.890766,70.447,54,-43.251,14.772,51.218,153.036,113.662,263.78,193.58,70.15,209.57,113.65
4535,577089.903497,73.867,55,-42.333,15.128,43.629,157.01,113.024,264.98,194.05,59.75,215.18,113.02
4536,577089.906913,72.379,60,-43.84,14.747,46.958,155.12,110.957,263.02,193.54,64.33,212.23,110.97
4537,577089.910835,70.809,55,-45.411,14.861,50.065,152.306,112.904,260.8,193.69,68.57,208.55,112.91
4538,577089.91499,70.257,56,-43.264,14.916,51.831,153.434,113.341,263.71,193.74,71.0,210.01,113.33
4539,577089.918486,72.301,54,-45.378,14.072,47.539,156.365,114.624,260.86,192.63,65.1,214.07,114.62
4540,577089.926934,73.869,53,-42.177,15.571,43.367,156.09,113.725,265.25,194.68,59.41,213.67,113.72
4541,577089.930666,73.701,55,-43.796,14.694,44.703,159.287,111.498,263.12,193.52,61.29,217.68,111.5
4542,577089.934603,70.946,55,-44.212,15.393,49.446,151.461,112.197,262.46,194.42,67.72,207.36,112.2
4543,577089.939068,69.896,55,-43.152,14.958,52.922,153.963,113.205,263.95,193.84,72.46,211.0,113.21
4544,577089.943302,71.463,41,-43.537,15.394,48.986,154.083,114.191,263.88,194.77,67.04,209.45,114.04
4545,577089.951356,72.71,56,-46.125,14.362,44.879,150.997,115.143,259.7,192.98,61.46,206.45,115.17
4546,577089.955266,73.288,53,-45.465,13.906,44.059,153.213,112.107,260.76,192.4,60.35,209.87,112.12
4547,577089.958918,70.968,50,-42.403,16.235,48.401,148.425,111.525,264.91,195.57,66.28,203.27,111.51
4548,577089.963353,70.081,45,-42.287,15.001,52.966,155.466,112.644,265.11,193.94,72.42,212.93,112.63
4549,577089.966927,71.733,47,-46.022,13.668,50.555,161.286,114.872,259.98,192.07,69.23,220.91,114.87
4550,577089.975381,72.174,58,-43.262,15.581,46.574,152.138,114.005,263.75,194.69,63.78,208.32,114.0
4551,577089.987251,70.563,50,-44.763,14.844,50.991,153.232,113.339,261.27,193.53,69.86,208.49,113.42
4552,577089.990453,70.253,54,-43.614,14.611,51.771,153.231,113.936,263.28,193.36,70.9,209.83,113.93
4553,577089.995369,71.703,57,-42.766,15.57,47.639,151.741,113.77,264.41,194.66,65.25,207.61,113.74
4554,577090.003135,73.404,56,-41.962,15.106,45.3,158.605,113.729,265.51,194.02,62.06,217.17,113.73
4555,577090.006595,71.902,59,-43.755,14.394,48.239,155.285,111.759,263.07,193.04,66.08,212.69,111.76
4556,577090.011598,70.163,57,-44.796,14.633,51.557,151.935,113.417,261.79,193.39,70.72,207.99,113.36
4557,577090.015491,69.756,57,-44.625,13.27,54.293,156.91,114.552,261.87,191.51,74.37,214.74,114.55
4558,577090.018913,71.597,55,-45.246,13.686,50.268,159.226,114.806,261.09,192.11,68.86,217.84,114.79
4559,577090.027239,71.929,53,-44.393,14.369,46.844,151.014,114.882,261.95,192.98,64.04,206.64,114.98
4560,577090.0305,72.891,55,-43.0,14.439,47.151,160.269,112.098,264.06,193.11,64.61,218.87,112.11
4561,577090.035356,70.222,54,-43.643,14.881,51.254,151.472,112.593,263.44,193.82,70.22,206.87,112.54
4562,577090.038465,69.113,50,-42.091,14.686,54.636,153.244,113.185,265.41,193.49,74.8,209.81,113.15
4563,577090.043353,71.255,50,-44.812,13.8,51.736,160.993,114.56,261.63,192.24,70.85,220.56,114.55
4564,577090.046771,71.324,60,-42.01,15.558,48.566,151.665,113.491,265.47,194.65,66.52,207.71,113.48
4565,577090.055404,72.84,56,-42.072,14.972,47.616,161.388,112.448,265.57,193.9,65.25,220.28,112.49
4566,577090.058867,70.236,60,-43.476,14.773,51.74,153.013,111.95,263.45,193.56,70.87,209.58,111.95
4567,577090.071455,71.005,61,-42.31,15.6,49.283,151.414,113.247,265.12,194.75,67.49,207.21,113.21
4568,577090.079392,72.468,56,-41.867,15.211,47.62,158.086,112.888,265.48,194.13,65.22,215.56,112.89
4569,577090.082525,70.764,61,-43.554,14.748,50.92,154.551,111.418,263.27,193.5,69.78,211.28,111.43
4570,577090.086793,69.757,50,-44.131,15.048,53.096,153.459,113.073,262.37,193.89,72.72,209.63,113.13
4571,577090.090631,69.1,57,-42.876,14.8,54.357,152.369,113.202,264.34,193.62,74.48,208.42,113.21
4572,577090.095029,71.389,55,-45.105,14.104,50.567,158.442,113.882,261.29,192.67,69.27,216.5,113.91
4573,577090.102702,72.183,55,-41.821,15.41,47.889,156.508,113.1,265.7,194.43,65.59,214.52,113.09
4574,577090.106655,71.456,56,-43.777,14.407,49.14,154.514,111.094,263.06,193.07,67.31,211.69,111.1
4575,577090.110885,69.802,56,-44.039,14.988,52.213,151.226,112.293,262.68,193.86,71.51,207.09,112.3
4576,577090.115181,69.355,54,-44.241,13.577,55.092,156.257,113.502,262.55,191.99,75.48,213.5,113.5
4577,577090.118518,71.085,53,-44.387,14.301,51.061,157.516,113.644,262.34,192.97,69.95,215.31,113.65
4578,577090.122856,71.462,52,-41.193,15.958,48.036,151.088,112.633,266.45,195.14,65.8,206.77,112.61
4579,577090.131382,72.449,56,-42.199,15.023,47.948,159.007,111.376,265.32,193.96,65.78,216.91,111.4
4580,577090.134847,70.061,59,-43.267,15.174,51.688,151.569,111.799,263.74,194.11,70.79,207.57,111.8
4581,577090.138938,68.794,44,-42.101,14.548,54.888,151.742,112.38,265.42,193.31,75.22,208.01,112.42
4582,577090.143895,71.112,49,-44.172,14.171,51.323,158.546,113.732,262.58,192.78,70.28,217.29,113.7
4583,577090.155543,73.026,54,-41.493,15.375,46.842,160.452,111.869,266.18,194.39,64.16,219.73,111.87
4584,577090.159111,70.698,56,-42.948,15.163,50.667,153.285,111.319,264.16,194.09,69.4,209.94,111.32
4585,577090.163007,69.767,44,-39.275,15.645,54.298,157.001,111.404,269.19,194.8,74.36,214.28,111.39
4586,577090.166531,70.718,48,-45.886,13.372,51.771,156.782,114.361,260.15,191.65,70.9,214.73,114.36
4587,577090.17107,71.529,59,-41.584,16.042,48.22,152.194,112.468,266.06,195.31,66.04,208.44,112.46
4588,577090.179543,72.986,49,-41.028,15.703,46.557,159.112,112.17,266.67,194.78,63.79,217.36,112.16
4589,577090.183418,70.715,54,-43.532,14.806,49.995,151.375,110.862,263.41,193.62,68.46,207.52,110.88
4590,577090.187158,70.394,54,-44.483,15.102,50.974,151.915,112.892,261.99,193.98,69.81,208.15,112.93
4591,577090.191178,70.234,58,-42.396,14.99,51.802,153.182,112.859,265.0,193.9,70.95,209.59,112.83
4592,577090.195456,72.44,53,-44.408,14.356,48.088,159.39,113.288,262.18,193.0,65.86,218.35,113.28
4593,577090.199211,72.227,48,-40.611,16.001,46.071,150.934,112.322,267.21,195.19,63.13,206.32,112.32
4594,577090.207221,71.965,57,-43.039,14.878,48.197,155.678,110.753,264.07,193.71,66.05,212.74,110.73
4595,577090.210566,70.593,57,-44.739,14.837,50.966,153.383,112.574,261.7,193.62,69.85,210.05,112.59
4596,577090.215326,70.244,52,-41.971,15.218,52.079,154.069,112.704,265.48,194.16,71.37,210.64,112.71
4597,577090.219394,72.136,53,-44.191,14.465,48.406,157.801,113.59,262.51,193.17,66.3,216.06,113.58
4598,577090.222441,72.708,54,-45.33,14.675,44.854,150.897,113.945,260.89,193.43,61.43,206.64,113.95
4599,577090.23126,72.42,53,-44.557,14.214,46.112,152.673,110.942,262.02,192.82,63.19,208.78,110.98
4600,577090.243408,71.722,51,-46.013,13.498,49.722,158.54,114.456,259.76,191.75,68.11,216.34,114.51
4601,577090.24667,72.542,60,-42.562,15.795,45.572,151.907,113.004,264.72,194.98,62.41,208.04,112.99
4602,577090.255158,74.178,54,-42.091,15.452,44.382,162.78,112.05,265.34,194.5,60.8,222.86,112.06
4603,577090.258945,71.544,58,-44.16,14.963,48.738,153.955,111.383,262.51,193.82,66.75,210.85,111.39
4604,577090.26357,69.084,48,-43.498,13.914,52.848,148.032,110.717,263.46,192.4,72.4,202.76,110.73
4605,577090.266818,70.907,61,-43.842,14.883,50.363,153.965,113.699,262.97,193.73,68.97,210.85,113.69
4606,577090.270927,72.546,57,-43.265,15.61,45.853,152.875,113.509,263.95,194.84,62.8,208.6,113.41
4607,577090.274759,74.381,55,-41.895,15.667,43.647,162.117,113.062,265.04,194.53,59.87,219.75,113.04
4608,577090.282883,72.308,61,-44.189,14.86,47.142,155.125,111.391,262.49,193.68,64.57,212.44,111.39
4609,577090.287356,70.866,55,-45.599,14.934,49.927,152.32,113.219,260.29,193.68,68.32,209.08,113.29
4610,577090.290891,70.244,59,-43.665,14.799,51.743,153.077,113.74,263.11,193.53,71.01,209.14,113.8
4611,577090.295026,72.512,52,-45.753,14.073,47.367,157.619,114.646,260.34,192.62,64.87,215.81,114.64
4612,577090.299349,72.984,52,-41.732,15.971,44.409,151.753,113.312,265.83,195.22,60.82,207.84,113.3
4613,577090.306999,73.251,53,-44.374,14.504,45.706,158.597,111.717,262.18,193.18,62.62,216.89,111.73
4614,577090.311204,70.284,54,-43.237,15.732,49.729,147.411,112.498,263.78,194.88,68.1,201.89,112.48
4615,577090.315189,69.879,47,-44.503,13.794,52.973,153.991,113.996,262.62,192.6,72.44,209.29,113.77
4616,577090.323276,72.708,57,-42.953,15.467,45.345,152.552,113.658,264.16,194.51,62.21,208.0,113.69
4617,577090.330461,73.793,58,-43.452,14.748,45.162,161.81,112.42,263.45,193.52,61.85,221.83,112.43
4618,577090.335594,71.01,52,-44.565,14.81,49.633,152.524,112.443,261.89,193.6,67.97,208.73,112.47
4619,577090.338372,68.965,43,-42.57,14.007,54.069,150.637,114.133,264.68,192.52,74.05,206.35,114.11
4620,577090.342982,71.285,51,-45.256,13.891,50.202,156.463,114.707,261.11,192.42,68.75,214.03,114.68
4621,577090.347415,72.501,48,-43.626,15.11,46.25,153.815,114.103,263.27,194.05,63.34,210.53,114.09
4622,577090.350603,73.476,54,-43.325,14.701,45.387,159.577,113.098,263.41,193.41,62.22,217.74,113.13
4623,577090.359379,71.025,62,-44.666,14.436,49.876,153.391,112.17,261.81,193.1,68.31,210.07,112.17
4624,577090.362567,70.051,45,-46.406,14.356,51.563,151.126,114.103,259.44,193.0,70.62,206.97,114.12
4625,577090.367433,70.371,49,-45.567,13.39,52.752,157.034,115.108,260.63,191.7,72.24,214.99,115.09
4626,577090.370528,71.435,58,-43.551,15.193,48.204,151.405,114.188,263.37,194.16,66.01,207.33,114.17
4627,577090.375531,73.288,55,-42.7,15.011,45.89,159.582,113.914,264.53,193.91,62.86,218.57,113.92
4628,577090.383391,71.425,61,-44.388,14.319,49.347,154.911,111.866,262.2,192.94,67.59,212.17,111.87
4629,577090.386531,69.767,56,-45.355,14.614,52.37,151.426,113.55,260.88,193.35,71.72,207.35,113.55
4630,577090.391405,69.284,59,-43.43,14.635,54.002,152.663,113.765,263.52,193.37,73.97,209.05,113.76
4631,577090.394538,71.633,56,-45.528,13.771,50.203,159.322,114.795,260.65,192.2,68.75,218.23,114.79
4632,577090.398536,72.565,50,-42.399,15.255,47.03,156.966,113.802,264.86,194.19,64.44,215.09,113.83
4633,577090.411281,69.371,62,-44.362,14.88,53.067,150.62,112.565,262.23,193.71,72.68,206.28,112.57
4634,577090.414585,68.904,55,-42.661,14.759,55.285,153.598,113.056,264.54,193.55,75.84,210.1,113.07
4635,577090.418598,70.577,54,-44.463,14.128,52.053,156.534,114.425,262.12,192.7,71.29,214.37,114.42
4636,577090.424163,71.248,51,-44.066,14.794,48.186,149.889,114.042,262.33,193.5,66.02,204.5,114.12
4637,577090.426892,72.6,55,-42.327,14.884,47.709,159.541,111.835,265.02,193.73,65.36,218.42,111.81
4638,577090.434785,69.745,53,-43.606,14.953,52.609,151.966,111.59,263.27,193.8,72.05,208.13,111.59
4639,577090.438646,68.961,43,-38.801,16.43,55.327,154.112,111.083,269.6,195.72,75.81,210.55,111.03
4640,577090.44268,69.836,49,-44.063,14.09,53.607,155.513,114.152,262.73,192.68,73.41,212.77,114.12
4641,577090.446622,70.986,60,-42.52,15.262,49.345,151.46,113.332,264.84,194.27,67.62,207.26,113.3
4642,577090.450747,72.699,54,-41.679,15.194,47.238,158.845,112.38,265.87,194.12,64.72,217.09,112.35
4643,577090.459288,70.572,62,-43.51,14.64,51.186,153.89,111.009,263.4,193.37,70.11,210.8,111.01
4644,577090.462748,69.171,55,-44.252,14.98,53.558,150.622,112.843,262.43,193.88,73.37,205.99,112.83
4645,577090.46709,69.287,61,-44.587,13.359,55.168,155.98,114.048,262.03,191.66,75.58,213.33,114.05
4646,577090.470397,71.007,52,-43.201,14.962,49.99,153.598,113.433,264.36,194.1,68.48,208.73,113.37
4647,577090.474991,72.434,53,-41.468,15.386,47.134,156.171,112.738,265.92,194.29,64.57,213.38,112.76
4648,577090.482706,71.266,54,-43.385,14.595,49.512,154.16,110.682,263.56,193.31,67.82,211.08,110.69
4649,577090.495548,71.117,56,-44.209,14.257,50.528,156.124,113.861,262.47,192.87,69.24,213.31,113.88
4650,577090.498505,72.265,53,-41.873,15.472,46.905,153.985,112.847,265.44,194.42,64.31,210.4,112.87
4651,577090.503442,72.523,56,-42.601,14.917,47.511,158.198,110.996,264.72,193.76,65.09,216.13,111.02
4652,577090.511225,69.921,59,-43.051,15.398,51.725,150.663,111.437,264.16,194.47,70.86,206.03,111.43
4653,577090.514532,70.52,43,-42.162,15.653,52.362,157.017,112.353,265.27,194.73,71.83,214.38,112.34
4654,577090.519358,71.53,45,-44.755,13.989,50.651,159.878,113.964,261.4,192.33,69.35,220.19,114.02
4655,577090.52291,71.983,58,-42.225,15.652,46.87,151.534,112.858,265.35,194.82,64.23,207.86,112.82
4656,577090.526556,73.416,55,-42.298,15.111,45.771,160.364,111.446,265.08,194.03,62.7,219.6,111.45
4657,577090.535342,70.777,57,-43.523,15.132,50.423,153.143,111.064,263.37,194.05,69.06,209.74,111.07
4658,577090.538888,70.599,47,-37.26,17.259,52.779,158.89,110.372,271.71,196.81,72.44,216.77,110.35
4659,577090.542607,70.409,50,-43.222,14.798,51.476,153.519,113.484,263.87,193.63,70.51,210.07,113.48
4660,577090.546684,72.229,55,-42.787,15.492,46.734,153.117,113.152,264.54,194.63,64.0,209.49,113.12
4661,577090.551329,74.035,51,-41.569,15.596,44.558,161.998,112.309,265.89,194.62,61.05,221.23,112.3
4662,577090.555015,71.595,55,-43.645,15.014,48.88,154.815,110.798,263.29,193.92,66.97,211.76,110.79
4663,577090.563076,70.345,54,-44.702,15.246,50.915,151.375,112.76,261.91,194.26,69.76,206.93,112.78
4664,577090.567389,70.4,60,-44.776,13.621,52.664,156.997,114.019,261.8,192.05,72.15,214.61,113.99
4665,577090.579478,72.696,48,-44.891,14.14,47.376,159.283,111.131,262.01,192.9,64.9,216.28,111.11
4666,577090.587385,70.427,54,-44.104,15.346,50.702,151.342,112.205,262.59,194.35,69.44,207.25,112.21
4667,577090.590478,70.192,50,-43.938,14.116,52.96,156.289,113.401,263.17,192.88,72.54,212.98,113.3
4668,577090.59495,72.307,48,-45.119,14.14,48.528,159.676,114.114,261.34,192.76,66.47,218.24,114.12
4669,577090.598911,72.801,52,-41.493,16.054,44.873,151.757,112.914,266.16,195.32,61.46,207.83,112.91
4670,577090.602757,73.576,52,-42.989,15.013,45.233,159.98,111.283,264.04,193.89,61.93,218.95,111.33
4671,577090.611329,70.78,56,-44.219,15.195,49.956,151.748,111.995,262.51,194.15,68.45,207.83,111.96
4672,577090.615207,69.127,50,-41.431,14.784,53.699,150.713,113.609,266.42,193.59,73.44,206.32,113.67
4673,577090.618489,72.084,49,-45.494,13.839,49.663,161.443,114.542,260.76,192.34,68.0,221.36,114.55
4674,577090.623171,72.576,58,-42.507,15.801,45.68,152.548,113.348,264.79,194.99,62.56,208.91,113.34
4675,577090.627281,74.187,56,-42.485,15.207,44.086,161.781,112.441,264.82,194.17,60.39,221.54,112.44
4676,577090.631248,71.62,60,-43.887,14.985,48.502,153.822,111.518,262.88,193.85,66.43,210.67,111.52
4677,577090.639373,70.023,51,-41.496,14.928,53.187,155.677,112.071,266.15,193.76,72.86,212.91,112.04
4678,577090.642524,70.342,46,-41.933,15.757,50.458,149.993,113.305,265.57,194.93,69.1,205.44,113.28
4679,577090.646543,72.307,56,-42.527,15.985,46.186,151.971,113.34,264.79,195.26,63.24,208.08,113.32
4680,577090.65047,73.915,52,-41.961,15.419,44.206,159.548,113.249,265.52,194.45,60.56,218.43,113.25
4681,577090.654816,72.316,59,-43.825,14.735,47.32,155.772,111.449,262.98,193.51,64.81,213.4,111.45
4682,577090.667359,70.019,63,-42.971,14.926,52.431,153.437,113.543,264.15,193.78,71.82,210.11,113.54
4683,577090.670537,71.92,53,-45.033,14.249,48.713,156.962,114.511,261.45,192.9,66.73,214.48,114.49
4684,577090.675035,73.14,49,-42.25,15.512,45.346,156.345,113.892,265.06,194.53,62.14,214.25,113.92
4685,577090.679221,72.409,44,-44.933,14.012,46.295,153.182,111.736,261.29,192.41,63.65,208.91,111.79
4686,577090.686737,70.619,57,-44.303,15.118,50.114,151.011,112.684,262.48,194.13,68.62,206.49,112.63
4687,577090.690937,70.091,52,-44.801,13.52,53.709,157.724,114.004,261.69,191.88,73.56,215.85,113.99
4688,577090.694908,71.621,53,-45.311,14.055,50.02,158.644,114.548,261.1,192.67,68.51,216.46,114.51
4689,577090.699221,72.148,59,-42.573,15.731,46.599,152.007,113.562,264.71,194.9,63.82,208.16,113.55
4690,577090.703254,73.493,58,-43.102,14.883,45.896,161.53,112.52,263.97,193.72,62.87,221.17,112.52
4691,577090.707303,70.887,50,-44.623,14.803,49.976,152.632,112.366,262.04,193.64,68.47,209.29,112.29
4692,577090.715258,69.31,42,-43.425,14.383,51.633,146.137,110.487,263.57,192.93,70.93,200.01,110.44
4693,577090.719482,70.808,57,-45.121,13.982,51.256,155.918,114.502,261.24,192.51,70.19,213.44,114.49
4694,577090.722966,71.739,57,-43.755,15.168,47.534,151.701,113.918,263.09,194.13,65.1,207.67,113.9
4695,577090.726685,73.283,55,-43.151,14.833,45.914,159.623,113.229,263.53,193.53,62.93,217.43,113.24
4696,577090.730566,71.063,60,-44.64,14.523,49.87,153.669,112.093,261.85,193.22,68.3,210.45,112.09
4697,577090.73942,69.971,50,-45.88,14.602,51.768,151.146,113.796,260.16,193.34,70.9,206.98,113.81
4698,577090.751622,72.264,50,-44.153,14.557,46.871,153.859,114.138,262.26,193.21,64.16,209.77,114.22
4699,577090.755358,71.561,59,-44.491,14.318,49.149,155.393,111.884,262.06,192.94,67.32,212.82,111.88
4700,577090.763263,70.004,55,-45.413,14.614,51.761,151.37,113.248,260.8,193.35,70.89,207.26,113.25
4701,577090.766751,69.852,53,-45.682,13.082,54.254,157.511,114.333,260.62,191.33,74.33,215.31,114.32
4702,577090.77075,71.153,50,-44.807,14.327,50.326,155.789,114.107,261.96,193.16,68.95,212.19,114.02
4703,577090.774456,72.168,53,-42.446,15.321,47.376,154.71,113.474,264.89,194.34,64.89,211.81,113.46
4704,577090.77865,71.626,47,-43.914,14.458,48.598,154.172,111.415,262.8,193.09,66.58,211.38,111.45
4705,577090.782709,69.584,60,-44.284,14.982,52.482,150.45,112.508,262.34,193.85,71.88,206.03,112.51
4706,577090.791144,68.023,53,-42.186,14.297,55.938,149.475,114.051,265.32,192.99,76.54,204.52,114.01
4707,577090.795127,70.655,51,-45.124,13.955,51.866,156.571,114.354,261.31,192.5,71.05,213.98,114.36
4708,577090.799402,71.31,58,-42.343,15.656,48.57,151.57,113.211,265.02,194.79,66.52,207.55,113.2
4709,577090.80312,72.513,56,-42.623,14.943,47.841,159.208,112.254,264.56,193.77,65.55,217.73,112.24
4710,577090.807238,70.107,60,-43.819,14.852,51.856,152.398,111.844,262.97,193.66,71.02,208.74,111.85
4711,577090.81556,68.119,48,-41.462,14.389,56.114,150.572,113.284,266.12,193.06,76.92,206.28,113.19
4712,577090.818579,70.062,52,-43.894,14.301,52.909,155.159,113.863,263.36,193.26,72.37,210.91,113.68
4713,577090.823057,71.066,61,-42.168,15.682,49.145,151.455,113.046,265.3,194.85,67.31,207.29,113.02
4714,577090.831456,70.366,62,-43.44,14.785,51.448,153.114,111.277,263.3,193.51,70.51,208.95,111.31
4715,577090.838723,69.744,53,-44.388,14.946,52.737,152.324,113.118,262.09,193.77,72.22,208.31,113.16
4716,577090.843098,69.51,52,-44.178,13.427,54.535,155.796,114.042,262.54,191.68,74.89,213.05,114.04
4717,577090.846584,70.927,56,-41.917,15.666,49.386,151.13,113.122,265.61,194.8,67.63,206.98,113.1
4718,577090.851187,72.564,53,-41.039,15.547,46.979,156.789,112.841,266.65,194.56,64.35,214.52,112.82
4719,577090.854472,71.32,59,-42.686,14.862,49.585,154.817,110.989,264.54,193.68,67.91,212.08,110.99
4720,577090.859326,69.504,57,-43.139,15.366,52.842,150.914,112.364,264.01,194.42,72.39,206.4,112.36
4721,577090.866855,69.062,56,-41.618,15.141,54.529,152.588,112.85,266.09,194.08,74.73,208.62,112.88
4722,577090.870395,71.224,50,-44.294,14.173,50.685,157.469,113.975,262.32,192.75,69.42,215.62,113.97
4723,577090.875398,71.779,55,-40.351,16.19,47.304,151.283,112.624,267.76,195.53,64.8,207.09,112.61
4724,577090.878735,72.674,55,-41.635,15.162,47.282,158.769,111.175,265.95,194.11,64.79,217.25,111.22
4725,577090.882545,70.279,54,-42.812,15.375,51.374,152.248,111.585,264.35,194.38,70.36,208.52,111.59
4726,577090.89118,68.15,48,-42.33,14.055,55.462,149.02,111.647,265.11,192.63,75.94,203.98,111.6
4727,577090.894302,70.908,50,-43.329,14.525,51.433,157.249,113.717,263.81,193.32,70.52,213.9,113.67
4728,577090.898968,71.622,55,-41.313,16.002,47.551,150.819,112.783,266.4,195.25,65.13,206.5,112.78
4729,577090.902859,73.099,57,-40.826,15.63,46.419,159.664,111.631,266.96,194.7,63.61,218.21,111.65
4730,577090.907241,70.649,60,-42.437,15.395,50.717,153.06,111.115,264.86,194.4,69.47,209.66,111.12
4731,577090.91961,69.991,55,-41.753,15.391,51.985,151.928,113.211,265.9,194.43,71.21,207.91,113.23
4732,577090.922136,71.661,59,-41.484,16.034,47.713,151.641,112.729,266.24,195.29,65.43,207.61,112.69
4733,577090.926898,73.329,55,-41.107,15.614,45.637,159.083,112.372,266.49,194.61,62.57,217.49,112.39
4734,577090.930683,71.556,59,-42.739,15.128,49.0,154.876,110.82,264.64,194.11,67.16,211.53,110.83
4735,577090.934577,70.413,52,-44.229,15.272,50.936,151.935,112.837,262.41,194.24,69.76,208.08,112.84
4736,577090.942726,69.921,53,-42.293,14.996,52.524,152.987,112.977,265.16,193.93,71.94,209.29,112.94
4737,577090.947116,72.5,51,-44.29,14.503,48.229,160.384,113.497,262.27,193.16,66.03,220.32,113.5
4738,577090.951343,73.02,50,-40.831,15.879,45.714,156.534,112.425,267.15,195.11,62.62,214.21,112.42
4739,577090.955238,72.021,55,-42.945,14.92,48.029,155.604,110.833,264.28,193.84,65.84,212.81,110.89
4740,577090.959075,70.238,58,-43.661,15.317,51.036,150.946,112.193,263.26,194.33,69.91,206.52,112.2
4741,577090.966834,70.221,52,-44.033,13.723,53.161,157.1,113.458,262.83,192.19,72.87,214.35,113.46
4742,577090.971306,71.431,52,-42.125,15.739,48.291,151.641,113.114,265.13,194.97,66.28,207.7,112.95
4743,577090.97465,72.775,56,-41.482,15.887,45.285,152.924,112.78,266.2,195.11,62.03,209.35,112.77
4744,577090.978762,72.825,52,-43.476,14.568,45.94,155.573,110.995,263.36,193.23,62.94,212.68,110.97
4745,577090.982993,70.437,54,-43.42,15.479,50.385,150.475,111.754,263.74,194.61,69.04,205.76,111.7
4746,577090.985944,69.424,44,-42.714,14.867,51.492,146.515,110.486,264.53,193.7,70.55,200.7,110.49
4747,577090.994591,71.386,59,-44.329,14.45,50.161,157.152,113.886,262.32,193.15,68.7,215.17,113.88
4748,577091.007269,71.552,61,-44.122,14.971,48.768,154.114,111.501,262.53,193.82,66.81,210.93,111.5
4749,577091.010606,69.848,50,-41.93,14.878,53.44,155.115,112.06,265.44,193.65,73.27,211.66,112.14
4750,577091.019304,70.659,51,-44.09,14.578,51.398,155.192,113.736,262.86,193.45,70.39,211.75,113.67
4751,577091.022763,71.777,58,-43.042,15.638,47.474,151.81,113.526,264.07,194.77,65.02,207.87,113.51
4752,577091.026901,73.776,53,-42.016,15.575,44.744,160.141,113.084,265.53,194.71,61.33,218.66,113.06
4753,577091.03146,71.585,55,-44.554,14.639,47.965,151.839,111.316,262.11,193.44,65.7,207.78,111.31
4754,577091.034411,70.703,56,-45.13,15.012,50.175,151.835,113.11,261.19,193.9,68.72,207.87,113.12
4755,577091.042656,70.42,54,-44.662,13.91,52.378,156.298,113.98,261.89,192.42,71.73,213.9,113.96
4756,577091.046533,72.327,55,-45.066,14.371,48.212,158.81,114.119,261.32,193.05,66.06,216.97,114.1
4757,577091.05069,73.277,51,-42.498,15.45,45.48,158.061,113.544,264.42,194.31,62.37,215.52,113.56
4758,577091.054912,72.705,54,-43.802,14.695,46.909,157.786,111.654,263.02,193.47,64.21,215.93,111.68
4759,577091.058687,70.492,61,-44.385,15.128,50.472,151.144,112.637,262.21,194.05,69.12,206.98,112.64
4760,577091.063089,70.056,52,-44.728,13.415,53.716,157.478,114.021,261.79,191.73,73.57,215.54,114.01
4761,577091.070742,70.691,49,-43.005,14.999,49.495,149.687,114.615,264.14,193.91,67.78,205.14,114.58
4762,577091.074699,72.463,53,-42.378,15.631,46.189,153.291,113.341,264.81,194.65,63.34,209.66,113.36
4763,577091.078777,72.93,50,-43.754,14.48,46.492,158.384,111.972,263.0,193.14,63.71,216.52,111.99
4764,577091.086942,68.465,45,-41.799,14.399,54.765,149.195,113.837,265.74,193.13,75.07,204.34,113.74
4765,577091.094604,71.249,52,-45.535,13.552,50.726,157.801,114.79,260.66,191.91,69.47,216.06,114.78
4766,577091.098942,72.03,60,-43.046,15.354,46.735,151.478,113.665,264.04,194.33,64.07,207.5,113.68
4767,577091.102725,73.638,56,-42.192,15.112,45.789,162.538,112.736,265.22,194.04,62.72,222.59,112.74
4768,577091.106765,70.912,56,-44.614,14.52,50.475,154.348,111.894,261.89,193.21,69.13,211.41,111.89
4769,577091.110749,69.982,47,-45.906,14.562,52.012,151.938,114.009,260.3,193.25,71.48,207.71,113.93
4770,577091.118688,69.791,59,-44.166,14.349,52.709,152.581,114.295,262.52,192.99,72.19,208.94,114.29
4771,577091.122659,72.369,56,-45.698,13.897,48.201,159.139,114.524,260.53,192.4,66.09,217.14,114.51
4772,577091.126693,73.375,51,-42.484,15.132,46.111,161.163,113.479,264.7,194.0,63.16,220.29,113.45
4773,577091.130861,71.246,59,-44.712,14.272,49.684,154.536,111.565,261.77,192.87,68.05,211.68,111.57
4774,577091.134495,69.804,57,-46.175,14.365,52.491,152.049,113.537,259.8,193.02,71.88,208.36,113.52
4775,577091.138766,69.288,56,-44.158,14.366,53.791,152.093,113.663,262.56,193.04,73.67,207.93,113.61
4776,577091.147262,71.59,60,-46.271,13.503,49.817,157.743,114.637,259.94,191.97,68.3,215.03,114.62
4777,577091.151475,72.477,53,-43.061,15.106,46.581,154.71,113.376,264.05,194.05,63.81,211.76,113.37
4778,577091.154853,71.305,47,-45.548,13.794,48.562,151.503,111.049,260.59,192.21,66.52,207.29,111.05
4779,577091.15932,69.467,58,-44.869,14.913,52.754,150.407,112.335,261.59,193.77,72.24,206.04,112.33
4780,577091.163256,69.157,51,-43.657,14.687,54.752,153.883,113.087,263.21,193.43,75.02,210.69,113.09
4781,577091.17534,71.928,58,-43.151,15.407,47.168,152.048,113.211,263.96,194.48,64.6,208.04,113.18
4782,577091.178733,72.988,56,-43.763,14.602,46.927,160.398,111.747,263.29,193.51,64.6,217.07,111.76
4783,577091.183388,70.087,56,-44.758,14.765,51.895,152.367,111.542,261.69,193.55,71.07,208.67,111.54
4784,577091.187108,69.029,48,-44.823,13.373,56.238,157.136,113.338,261.93,191.84,77.04,213.58,113.23
4785,577091.194857,70.202,52,-45.367,13.86,52.645,155.432,114.162,260.89,192.33,72.09,212.82,114.15
4786,577091.199224,71.473,56,-43.471,15.247,48.198,151.683,113.223,263.37,194.05,66.35,207.33,113.27
4787,577091.202578,73.042,53,-43.484,14.699,46.451,159.257,112.31,263.18,193.37,63.63,217.27,112.31
4788,577091.20695,70.659,59,-44.377,14.607,50.886,153.649,110.998,262.22,193.33,69.69,210.43,111.0
4789,577091.211014,69.972,49,-45.012,14.892,52.561,153.472,112.869,261.32,193.72,71.98,210.08,112.88
4790,577091.214424,69.647,52,-43.981,14.373,53.239,153.071,113.408,262.9,193.12,72.89,209.27,113.35
4791,577091.222773,71.688,51,-43.996,14.728,48.478,154.297,113.514,263.27,193.83,66.4,209.61,113.38
4792,577091.2272,73.335,50,-41.84,15.25,45.733,159.475,112.716,265.71,194.23,62.64,218.47,112.72
4793,577091.230586,71.042,56,-44.286,14.237,49.311,151.783,110.441,262.41,192.87,67.57,207.91,110.48
4794,577091.235158,69.473,55,-44.124,15.03,52.738,150.398,112.123,262.86,194.06,72.26,205.37,112.02
4795,577091.238451,69.293,55,-42.528,14.917,54.123,153.071,112.888,264.75,193.75,74.15,209.58,112.89
4796,577091.247198,71.393,54,-44.801,13.882,50.081,156.953,114.134,261.73,192.41,68.59,214.66,114.1
4797,577091.259459,69.858,56,-44.339,14.829,52.053,151.166,111.93,262.43,193.67,71.34,207.06,111.87
4798,577091.262596,69.488,49,-42.463,14.861,54.31,154.99,112.562,264.86,193.73,74.41,211.06,112.49
4799,577091.271547,71.603,45,-45.67,13.519,50.817,161.018,114.364,260.41,191.84,69.6,220.33,114.37
4800,577091.274415,72.058,52,-43.004,15.298,46.743,151.736,113.18,264.09,194.29,64.02,207.72,113.18
4801,577091.27911,73.366,52,-42.774,14.878,46.074,160.957,111.725,264.48,193.74,63.14,220.0,111.72
4802,577091.283211,70.304,61,-44.765,14.669,50.978,151.253,111.505,261.68,193.42,69.81,207.17,111.51
4803,577091.2872,70.271,46,-45.146,14.87,52.026,154.118,113.06,261.15,193.69,71.26,210.97,113.07
4804,577091.291055,69.947,48,-44.113,14.418,52.121,152.006,113.88,262.59,193.09,71.38,208.14,113.87
4805,577091.299487,72.017,58,-43.215,15.445,46.999,152.232,113.275,263.9,194.54,64.36,208.26,113.24
4806,577091.302374,73.726,50,-42.644,15.109,45.008,160.607,112.457,264.58,194.03,61.65,219.85,112.46
4807,577091.307359,70.847,52,-45.316,14.373,49.671,151.396,110.946,260.98,193.04,68.05,207.39,110.98
4808,577091.310549,69.851,54,-45.993,14.753,52.195,151.523,112.875,259.82,193.53,71.34,207.74,112.96
4809,577091.314993,69.819,56,-45.963,13.223,53.916,156.285,114.344,260.07,191.45,73.85,213.98,114.34
4810,577091.323335,71.835,50,-45.742,14.047,48.641,156.019,114.094,260.37,192.59,66.61,213.62,114.09
4811,577091.326448,73.065,50,-44.422,14.693,45.233,155.288,113.241,261.77,193.36,61.96,211.5,113.33
4812,577091.331484,72.038,56,-44.894,14.395,48.066,155.866,110.804,261.58,193.07,65.87,213.09,110.85
4813,577091.338966,68.889,56,-44.885,13.95,53.477,148.478,112.077,261.6,192.44,73.12,203.06,111.98
4814,577091.347456,72.032,55,-46.722,13.553,49.236,159.606,114.347,259.03,191.91,67.42,218.6,114.34
4815,577091.350585,72.773,55,-46.67,14.14,44.861,151.476,114.043,259.06,192.7,61.44,207.37,114.05
4816,577091.354514,72.332,46,-44.541,14.521,44.921,148.01,113.216,261.86,193.18,61.36,202.48,113.33
4817,577091.359045,70.06,54,-44.95,15.05,51.038,149.655,111.555,261.73,194.08,69.91,204.17,111.52
4818,577091.36427,68.503,50,-45.556,13.182,54.701,149.271,112.225,260.63,191.4,74.92,204.45,112.24
4819,577091.367074,71.67,50,-46.499,13.565,49.971,158.896,114.409,259.36,191.94,68.43,217.55,114.4
4820,577091.375208,72.593,59,-43.841,15.223,45.474,152.005,113.22,262.86,194.13,62.26,208.56,113.24
4821,577091.378651,74.154,53,-43.91,14.589,44.516,163.028,111.918,262.92,193.34,61.0,222.87,111.92
4822,577091.383394,70.687,58,-45.611,14.519,49.984,151.13,111.582,260.53,193.21,68.45,206.98,111.59
4823,577091.386899,70.146,45,-46.99,14.374,51.296,151.041,113.408,258.61,193.0,70.27,206.87,113.44
4824,577091.391316,70.236,56,-44.907,14.267,51.523,152.366,114.066,261.51,192.89,70.56,208.64,114.05
4825,577091.398807,72.425,56,-43.756,15.467,46.052,152.515,113.42,263.11,194.55,63.06,208.8,113.4
4826,577091.403294,73.957,54,-43.729,14.659,44.339,160.442,112.833,262.68,193.24,60.79,218.04,112.85
4827,577091.406455,71.708,63,-45.275,14.25,48.635,154.956,111.235,261.07,192.88,66.63,211.96,111.23
4828,577091.411026,70.206,53,-46.551,14.423,51.471,151.994,113.207,259.33,193.12,70.51,207.9,113.22
4829,577091.414497,70.041,52,-44.508,14.405,52.563,153.989,113.674,262.18,193.16,71.96,210.51,113.62
4830,577091.423238,72.044,54,-46.164,13.81,48.4,156.996,114.48,259.76,192.25,66.3,214.7,114.46
4831,577091.435243,70.066,60,-45.516,14.665,51.58,151.287,112.503,260.87,193.5,70.69,206.83,112.44
4832,577091.439627,69.401,55,-43.785,14.505,53.876,153.134,113.237,263.1,193.21,73.81,209.42,113.26
4833,577091.442484,71.58,53,-46.092,13.681,49.735,157.401,114.702,259.89,192.09,68.11,215.5,114.7
4834,577091.450724,72.575,58,-42.951,15.467,45.647,152.432,113.323,264.19,194.54,62.51,208.73,113.31
4835,577091.454677,73.276,56,-44.037,14.511,46.146,160.357,111.868,262.7,193.21,63.21,219.55,111.87
4836,577091.458444,70.121,52,-44.208,15.133,51.255,150.736,111.675,262.47,194.07,70.19,206.37,111.67
4837,577091.462588,68.093,44,-44.867,13.238,55.45,148.616,112.161,261.51,191.39,75.8,203.57,112.1
4838,577091.466727,70.417,48,-45.199,13.93,51.822,154.614,114.682,261.65,192.75,71.0,209.94,114.56
4839,577091.475477,71.938,59,-43.601,15.193,47.022,151.667,113.737,263.3,194.16,64.4,207.64,113.72
4840,577091.479023,73.55,50,-42.934,14.863,45.83,161.843,112.507,264.07,193.63,62.81,220.6,112.51
4841,577091.482922,69.72,52,-43.195,15.317,50.891,146.826,110.94,263.82,194.32,69.67,201.31,110.91
4842,577091.487332,69.599,52,-46.205,14.515,52.823,151.534,113.681,259.66,193.24,72.32,207.16,113.78
4843,577091.490922,69.552,56,-44.413,14.214,53.464,153.031,114.159,262.2,192.82,73.22,209.51,114.15
4844,577091.494565,71.947,54,-45.877,13.702,48.636,156.945,114.598,260.15,192.1,66.6,214.93,114.6
4845,577091.502575,72.912,54,-42.926,14.802,46.298,157.56,113.006,263.96,193.51,63.43,214.8,113.04
4846,577091.507154,71.015,63,-44.735,14.156,50.135,154.112,111.1,261.8,192.73,68.68,210.89,111.12
4847,577091.519506,70.719,46,-44.599,14.22,50.034,151.526,114.082,262.07,192.84,68.7,206.96,114.08
4848,577091.527057,73.064,54,-42.928,14.707,46.26,158.801,113.641,264.23,193.49,63.36,217.52,113.64
4849,577091.530879,71.956,58,-44.275,13.978,48.393,156.234,111.126,262.42,192.52,66.3,213.99,111.18
4850,577091.535078,69.349,61,-44.755,14.643,53.048,150.417,112.15,261.71,193.39,72.65,205.96,112.15
4851,577091.539218,67.877,48,-44.087,13.537,56.857,150.972,113.292,262.64,191.91,77.9,206.97,113.3
4852,577091.542548,70.892,53,-46.165,13.254,51.927,158.63,114.775,259.89,191.54,71.12,216.98,114.78
4853,577091.550627,71.504,53,-44.042,14.748,47.593,150.025,113.745,262.66,193.54,65.18,205.37,113.74
4854,577091.554444,73.065,54,-44.1,14.24,46.867,160.901,111.908,262.6,192.85,64.32,218.41,111.89
4855,577091.558634,69.926,57,-44.992,14.448,52.031,151.586,111.714,261.37,193.11,71.26,207.57,111.72
4856,577091.562751,67.309,43,-43.404,13.716,56.801,147.244,112.094,263.46,192.08,77.81,201.24,112.03
4857,577091.56741,70.27,55,-46.063,13.401,52.967,156.9,114.36,259.91,191.69,72.55,214.69,114.36
4858,577091.57044,71.875,49,-46.518,13.704,48.246,155.088,114.432,259.35,192.1,66.2,212.02,114.43
4859,577091.578795,72.397,42,-41.352,15.462,45.887,151.731,112.826,266.2,194.46,62.89,207.47,112.8
4860,577091.582549,70.657,64,-44.404,14.674,50.54,152.587,111.017,262.1,193.4,69.23,208.68,111.05
4861,577091.586948,69.464,50,-45.118,15.039,53.081,151.319,112.737,261.16,193.95,72.68,206.24,112.87
4862,577091.590867,69.246,53,-45.567,13.524,54.923,154.992,114.258,260.66,191.87,75.23,212.33,114.23
4863,577091.603429,71.812,45,-42.471,15.413,46.432,148.758,113.555,264.56,194.37,63.6,203.11,113.63
4864,577091.60706,71.738,60,-43.764,14.763,48.513,154.812,110.7,263.14,193.58,66.48,211.54,110.76
4865,577091.61126,69.809,59,-43.749,15.428,51.985,150.615,111.878,263.13,194.48,71.21,206.08,111.89
4866,577091.615455,69.537,55,-43.96,14.026,54.752,156.608,113.238,262.94,192.56,75.13,213.78,113.24
4867,577091.618543,71.403,48,-44.225,14.629,50.343,157.857,113.524,262.59,193.43,69.0,215.41,113.49
4868,577091.626891,72.094,54,-44.737,14.882,46.241,150.402,113.837,261.67,193.69,63.33,206.03,113.86
4869,577091.630457,72.664,45,-42.53,14.941,47.018,157.794,110.641,264.85,193.83,64.45,215.28,110.66
4870,577091.635313,70.266,55,-43.078,15.388,50.945,150.876,111.407,264.1,194.45,69.79,206.39,111.39
4871,577091.638567,69.884,50,-40.296,15.654,53.167,154.59,111.583,267.68,194.72,72.85,211.37,111.61
4872,577091.64354,71.423,52,-43.443,14.356,50.377,158.131,113.489,263.48,192.99,69.0,216.41,113.49
4873,577091.646918,72.28,55,-40.459,16.169,46.277,152.043,112.459,267.6,195.49,63.38,208.23,112.44
4874,577091.654688,73.659,57,-40.628,15.256,45.137,160.429,111.521,267.14,194.14,61.85,219.0,111.51
4875,577091.658841,71.041,56,-42.181,15.16,49.735,153.082,111.036,265.33,194.13,68.12,209.74,110.99
4876,577091.662932,69.109,44,-39.753,14.994,54.721,153.456,112.03,268.53,193.85,74.96,210.2,112.02
4877,577091.666728,70.297,50,-44.439,13.454,52.331,155.22,114.515,261.92,191.61,71.82,212.37,114.59
4878,577091.670987,71.759,60,-41.061,15.81,47.444,151.572,113.262,266.77,195.0,64.98,207.59,113.24
4879,577091.67895,73.699,56,-40.262,15.41,44.849,159.783,113.011,267.96,194.47,61.46,218.26,113.05
4880,577091.691413,70.107,58,-41.477,15.11,52.307,153.726,113.163,266.24,194.06,71.63,210.45,113.13
4881,577091.694753,71.236,54,-41.391,15.773,48.831,151.803,113.512,266.35,194.99,66.87,207.79,113.46
4882,577091.702899,72.976,53,-40.772,15.688,45.889,156.743,113.407,267.1,194.8,62.86,214.81,113.43
4883,577091.707149,71.86,53,-43.142,14.525,47.834,153.638,111.04,263.92,193.23,65.52,210.53,111.05
4884,577091.710913,70.333,55,-43.215,15.4,50.872,151.154,112.476,263.8,194.42,69.67,206.99,112.48
4885,577091.714626,69.82,58,-43.435,13.934,53.923,156.313,113.659,263.8,192.53,73.86,213.28,113.67
4886,577091.718952,71.789,51,-44.384,14.305,49.924,159.752,114.061,262.21,192.93,68.37,218.82,114.05
4887,577091.722954,72.209,55,-40.838,16.25,46.509,152.214,112.91,267.07,195.6,63.7,208.46,112.9
4888,577091.731511,73.172,53,-42.503,15.139,46.685,161.262,111.51,264.87,194.09,63.98,220.27,111.53
4889,577091.734424,70.21,55,-43.705,15.369,51.059,150.802,112.003,263.14,194.38,69.92,206.54,112.01
4890,577091.739192,69.589,51,-44.019,13.749,54.891,157.393,113.433,262.79,192.21,75.18,215.35,113.41
4891,577091.743562,71.023,50,-44.592,14.406,51.053,156.999,113.899,261.99,193.1,69.92,214.87,113.88
4892,577091.746686,71.882,59,-42.473,15.949,47.207,151.803,112.836,264.85,195.19,64.65,207.88,112.82
4893,577091.755498,73.644,57,-42.139,15.344,45.775,162.554,111.961,265.28,194.35,62.7,222.57,111.97
4894,577091.758571,71.026,56,-44.178,14.877,49.902,153.479,111.287,262.49,193.7,68.35,210.2,111.29
4895,577091.763266,70.804,44,-45.682,14.859,50.677,154.13,113.048,260.24,193.64,69.39,210.52,113.1
4896,577091.771578,71.918,58,-42.911,15.724,47.204,152.082,112.841,264.26,194.89,64.64,208.24,112.82
4897,577091.778793,73.303,54,-42.917,14.962,45.426,158.106,112.596,263.86,193.7,62.25,215.51,112.62
4898,577091.782613,71.591,61,-44.658,14.34,48.791,154.503,111.045,261.81,192.96,66.84,211.47,111.06
4899,577091.786492,70.577,50,-45.711,14.565,50.942,153.189,112.893,260.14,193.27,69.55,209.95,113.0
4900,577091.790739,69.899,53,-45.438,13.02,53.57,155.876,114.062,260.86,191.19,73.42,213.34,114.03
4901,577091.794602,72.535,55,-46.029,13.707,48.001,159.937,114.175,259.95,192.11,65.73,219.09,114.17
4902,577091.799197,73.184,47,-42.242,15.384,44.909,155.235,113.011,265.05,194.38,61.55,211.79,112.97
4903,577091.80738,72.206,50,-44.216,14.366,47.03,153.9,110.975,262.47,193.02,64.42,210.79,110.98
4904,577091.81105,70.509,50,-45.817,14.203,51.183,153.403,112.92,260.48,192.75,70.4,209.64,112.91
4905,577091.815066,69.851,50,-43.306,14.683,53.195,154.426,113.211,263.69,193.43,72.9,211.14,113.19
4906,577091.819483,71.586,52,-45.644,13.815,49.674,157.254,114.667,260.49,192.26,68.03,215.29,114.66
4907,577091.823004,72.569,54,-42.155,15.821,45.63,152.324,113.302,265.3,195.03,62.5,208.51,113.3
4908,577091.830974,73.749,56,-42.719,15.0,45.464,162.457,111.781,264.65,193.97,62.36,221.0,111.78
4909,577091.834919,70.697,52,-43.851,15.232,50.268,152.065,111.952,263.25,194.3,68.89,208.05,111.87
4910,577091.839367,68.746,46,-43.277,14.175,54.707,150.918,112.387,263.76,192.76,74.93,206.77,112.4
4911,577091.842968,70.87,52,-44.174,14.506,51.279,156.476,114.284,262.78,193.37,70.19,213.51,114.18
4912,577091.847524,71.878,57,-42.483,15.782,47.104,151.445,113.603,264.9,194.99,64.51,207.5,113.57
4913,577091.858895,71.172,63,-43.169,15.178,49.626,153.771,111.492,263.87,194.11,67.97,210.62,111.49
4914,577091.862832,70.222,52,-44.579,15.249,51.32,151.667,113.343,261.86,194.25,70.23,207.7,113.45
4915,577091.866921,69.998,54,-42.564,15.08,52.421,153.257,113.576,264.82,194.06,71.79,209.58,113.53
4916,577091.871127,71.573,61,-41.704,15.909,48.008,151.873,113.45,265.94,195.17,65.74,207.85,113.41
4917,577091.874838,73.253,52,-40.648,15.703,45.563,158.128,112.916,266.88,194.66,62.48,214.98,112.9
4918,577091.882874,71.565,60,-42.422,15.026,48.937,154.753,111.081,264.96,193.92,67.04,211.8,111.09
4919,577091.887179,70.036,57,-43.58,15.129,51.927,152.089,112.898,263.51,194.0,71.43,208.17,112.84
4920,577091.890554,69.832,57,-43.333,13.777,54.215,157.251,114.034,263.92,192.35,74.29,214.44,114.0
4921,577091.894611,71.72,53,-43.283,14.431,49.53,157.906,114.24,263.72,193.11,67.84,216.28,114.23
4922,577091.898567,72.106,51,-39.704,16.011,46.35,150.853,112.941,268.61,195.27,63.49,206.64,112.92
4923,577091.907338,72.256,55,-41.591,14.831,47.925,157.251,111.202,266.13,193.66,65.59,215.63,111.23
4924,577091.911122,69.8,59,-42.629,15.175,52.207,151.192,112.177,264.72,194.16,71.53,206.75,112.18
4925,577091.915022,68.688,52,-41.793,14.416,55.372,152.35,113.108,265.82,193.11,75.85,208.57,113.13
4926,577091.919115,70.89,53,-43.719,13.994,51.389,156.967,114.445,263.31,192.62,70.44,213.93,114.4
4927,577091.922979,71.911,56,-40.709,15.801,47.188,151.979,113.225,267.25,194.99,64.63,208.14,113.21
4928,577091.931442,72.831,52,-41.645,14.737,46.87,158.782,111.693,266.08,193.57,64.22,217.07,111.69
4929,577091.943385,70.254,49,-43.828,14.007,52.854,156.444,114.227,263.0,192.53,72.39,214.25,114.22
4930,577091.94709,71.282,53,-42.525,15.301,48.431,150.916,113.57,264.67,194.22,66.43,206.44,113.61
4931,577091.951328,73.197,55,-42.099,14.911,46.213,159.857,112.589,265.34,193.76,63.3,218.96,112.59
4932,577091.958756,70.833,61,-43.56,14.685,50.493,153.791,111.064,263.37,193.44,69.16,210.79,111.05
4933,577091.962637,69.677,50,-45.321,14.842,52.715,151.782,113.195,261.05,193.71,72.21,207.54,113.19
4934,577091.966721,69.05,60,-43.4,14.609,54.469,152.343,113.462,263.51,193.31,74.62,208.36,113.44
4935,577091.971381,70.829,59,-43.211,15.279,49.767,151.548,113.57,263.91,194.31,68.17,207.42,113.52
4936,577091.974395,73.363,51,-41.877,15.416,46.153,161.2,113.211,265.44,194.35,63.21,220.39,113.17
4937,577091.982694,71.361,58,-44.728,14.256,48.886,152.956,110.73,261.75,192.85,66.96,209.52,110.74
4938,577091.98646,69.98,56,-45.113,14.918,51.928,151.682,112.256,261.2,193.76,71.12,207.7,112.26
4939,577091.990624,69.364,55,-44.963,13.535,55.056,156.22,113.361,261.61,191.94,75.46,213.42,113.34
4940,577091.994442,71.521,50,-45.562,14.078,50.329,158.788,113.775,260.62,192.63,68.93,217.42,113.77
4941,577091.998722,72.522,49,-42.393,15.652,46.41,154.523,112.833,264.96,194.79,63.57,211.56,112.83
4942,577092.001999,71.902,50,-45.359,13.871,47.131,151.719,110.355,260.86,192.32,64.56,207.66,110.36
4943,577092.010731,70.167,56,-44.598,15.142,51.205,150.92,111.441,261.92,194.07,70.13,206.65,111.45
4944,577092.014425,68.503,51,-44.299,13.834,55.11,150.389,111.919,262.33,192.28,75.49,205.92,111.93
4945,577092.018492,71.073,55,-45.085,14.237,50.966,157.125,113.674,261.29,192.86,69.8,215.11,113.67
4946,577092.026742,73.871,51,-43.36,14.869,45.02,162.057,111.741,263.64,193.71,61.67,221.91,111.74
4947,577092.034986,70.333,55,-43.068,15.746,49.685,147.628,110.47,264.02,194.9,68.04,202.2,110.47
4948,577092.039164,70.23,43,-45.457,15.043,51.098,151.065,112.742,260.76,193.97,69.97,207.01,112.8
4949,577092.042878,70.701,49,-44.484,14.442,51.327,155.305,113.581,262.4,193.3,70.28,211.91,113.51
4950,577092.046555,72.12,56,-42.797,15.774,46.578,151.703,113.025,264.4,194.95,63.79,207.7,113.01
4951,577092.051211,74.123,52,-41.679,15.512,44.199,161.562,112.379,265.96,194.61,60.56,220.86,112.36
4952,577092.058712,71.439,57,-44.128,14.734,48.372,151.962,110.931,262.66,193.55,66.27,207.99,110.97
4953,577092.062463,70.181,47,-41.092,14.912,53.333,157.302,111.639,266.7,193.73,73.06,215.21,111.62
4954,577092.067377,70.26,54,-42.792,14.927,51.756,153.234,113.157,264.36,193.76,70.91,209.68,113.14
4955,577092.070431,73.021,51,-44.803,14.248,47.27,161.868,113.977,261.63,192.85,64.74,221.76,113.97
4956,577092.07492,74.129,47,-40.399,15.933,44.096,161.245,113.344,267.7,195.18,60.4,220.98,113.35
4957,577092.078689,72.555,49,-42.994,14.736,46.544,155.254,110.969,264.01,193.45,63.73,212.46,110.93
4958,577092.086928,70.565,54,-43.15,15.561,50.255,151.035,112.413,263.9,194.65,68.83,206.83,112.41
4959,577092.091587,69.964,56,-43.053,14.13,53.519,156.208,113.727,264.22,192.78,73.34,213.12,113.71
4960,577092.094657,70.953,51,-41.778,15.534,49.446,151.517,113.935,265.74,194.64,67.75,207.51,113.87
4961,577092.09951,72.664,49,-40.837,15.973,45.742,153.512,113.579,266.98,195.17,62.64,210.64,113.61
4962,577092.102599,73.223,51,-42.381,14.691,45.279,156.865,111.71,264.98,193.46,62.02,214.91,111.71
4963,577092.115342,69.062,42,-39.143,15.648,53.573,149.917,112.985,269.43,194.82,73.34,205.36,112.9
4964,577092.118574,71.254,51,-42.993,14.603,50.868,158.282,114.157,264.13,193.35,69.67,216.78,114.15
4965,577092.123364,71.811,57,-40.699,16.215,47.28,151.465,113.258,267.27,195.55,64.75,207.44,113.24
4966,577092.126784,73.413,55,-40.486,15.561,46.007,161.165,112.573,267.41,194.58,63.04,220.18,112.56
4967,577092.135194,71.049,55,-42.477,15.134,49.87,153.561,111.783,264.8,194.05,68.31,210.3,111.78
4968,577092.138502,70.483,45,-43.31,15.247,51.194,153.237,113.307,263.3,194.14,70.05,209.07,113.42
4969,577092.143307,70.498,49,-42.689,14.535,51.939,155.583,113.942,264.76,193.38,71.15,212.29,113.88
4970,577092.147413,71.44,60,-41.559,15.702,48.265,151.636,113.44,266.04,194.83,66.12,207.54,113.44
4971,577092.150901,73.09,56,-40.74,15.401,46.354,159.362,113.074,267.21,194.43,63.5,218.29,113.07
4972,577092.154933,71.354,59,-43.238,14.56,49.607,155.156,111.535,263.77,193.27,67.95,212.53,111.53
4973,577092.163428,69.185,44,-41.353,14.418,55.028,154.859,112.335,266.25,193.0,75.47,211.63,112.33
4974,577092.167163,69.525,56,-42.656,14.663,53.384,152.612,113.536,264.58,193.41,73.12,209.01,113.53
4975,577092.171389,71.169,56,-42.361,15.528,49.043,151.942,113.504,265.0,194.62,67.16,208.06,113.49
4976,577092.175556,72.788,54,-42.168,15.085,46.607,157.506,113.56,264.88,193.81,63.9,214.76,113.56
4977,577092.179112,71.791,56,-43.931,14.241,48.538,155.334,111.336,262.84,192.84,66.49,212.76,111.34
4978,577092.186995,69.686,59,-44.237,14.885,52.264,150.547,112.515,262.42,193.72,71.58,206.14,112.52
4979,577092.199337,71.976,49,-43.277,15.187,47.27,152.774,113.38,263.55,194.05,64.79,209.04,113.43
4980,577092.202564,72.724,55,-43.6,14.708,47.449,159.775,111.714,263.29,193.47,64.99,218.78,111.72
4981,577092.21127,69.869,53,-44.365,15.055,52.002,151.095,111.756,262.4,194.03,71.23,206.5,111.72
4982,577092.215029,68.595,47,-44.091,13.755,56.084,153.673,113.406,262.84,192.34,76.84,209.65,113.28
4983,577092.218848,70.495,53,-45.355,14.161,51.933,155.537,114.057,260.93,192.76,71.12,212.91,114.04
4984,577092.222712,71.729,57,-43.549,15.508,47.575,151.747,113.07,263.38,194.59,65.15,207.76,113.06
4985,577092.226631,73.112,55,-43.313,15.011,46.369,159.613,111.999,263.68,193.9,63.58,216.92,112.0
4986,577092.230579,70.616,57,-45.093,14.714,50.77,152.967,111.198,261.23,193.48,69.53,209.48,111.21
4987,577092.238646,69.845,50,-46.42,14.786,52.078,151.146,113.146,259.43,193.58,71.32,206.97,113.16
4988,577092.242401,70.077,56,-44.623,14.443,52.423,153.838,113.453,262.03,193.22,71.8,209.98,113.38
4989,577092.246766,71.759,57,-43.311,15.669,47.574,151.985,112.858,263.82,194.93,65.0,208.17,112.79
4990,577092.251018,73.494,55,-42.782,15.154,45.417,159.854,112.324,263.87,193.87,62.3,217.0,112.36
4991,577092.254746,71.485,60,-44.188,14.695,49.232,155.035,110.545,262.45,193.44,67.45,212.18,110.54
4992,577092.263061,69.766,55,-44.869,15.104,52.159,150.811,112.303,261.61,194.04,71.45,206.33,112.31
4993,577092.266365,69.639,56,-43.456,14.675,53.275,153.121,113.04,263.49,193.43,72.97,209.67,113.04
4994,577092.271408,71.494,53,-42.761,15.577,48.175,151.778,113.178,264.41,194.65,66.0,207.63,113.2
4995,577092.279144,72.681,57,-43.057,14.785,46.887,157.498,110.659,263.99,193.6,64.27,215.31,110.73
4996,577092.286917,70.24,57,-43.702,15.27,51.049,150.996,111.844,263.39,194.29,70.02,206.66,111.74
4997,577092.290757,69.111,50,-43.211,14.046,54.314,152.328,112.891,264.11,192.77,74.36,207.59,112.77
4998,577092.294799,71.812,51,-44.905,13.86,49.601,158.907,114.291,261.5,192.32,67.93,217.64,114.28
4999,577092.29923,72.787,57,-40.986,15.991,45.215,152.796,112.888,266.86,195.24,61.93,209.33,112.88
5000,577092.303192,73.747,56,-41.545,15.226,45.135,161.262,111.37,266.02,194.16,61.83,220.56,111.39
5001,577092.307017,70.893,57,-42.685,15.368,49.989,152.716,111.392,264.59,194.4,68.49,208.94,111.39
5002,577092.315449,68.784,46,-40.109,15.212,54.422,150.382,112.866,268.1,194.19,74.53,206.16,112.86
5003,577092.318432,70.94,52,-43.239,14.532,51.089,156.447,114.143,263.91,193.33,69.92,213.69,114.09
5004,577092.323379,72.257,58,-41.115,16.158,46.248,151.755,113.075,266.7,195.48,63.34,207.83,113.06
5005,577092.326545,73.787,56,-41.19,15.433,44.672,159.999,112.404,266.58,194.47,61.19,219.1,112.4
5006,577092.331398,71.428,58,-42.391,15.324,49.059,154.034,111.11,264.92,194.31,67.2,211.0,111.11
5007,577092.339417,70.352,49,-43.408,15.488,51.098,151.969,112.93,263.44,194.54,69.98,207.91,112.99
5008,577092.342519,70.205,53,-41.901,15.265,51.953,153.408,113.429,265.7,194.29,71.17,209.85,113.41
5009,577092.347422,71.757,51,-41.458,15.743,47.849,152.852,113.466,266.35,194.94,65.61,208.76,113.43
5010,577092.350454,73.415,50,-41.031,15.619,44.909,157.337,112.963,266.43,194.56,61.59,214.54,112.98
5011,577092.355515,71.674,55,-42.58,14.947,48.242,153.428,110.836,264.69,193.8,66.08,210.22,110.84
5012,577092.367088,68.967,56,-42.007,14.906,53.018,147.717,112.076,265.52,193.78,72.63,202.24,112.06
5013,577092.370935,71.775,58,-43.3,14.735,48.918,156.415,113.999,263.95,193.67,66.99,213.48,113.95
5014,577092.374932,72.946,52,-40.696,15.957,45.299,154.461,112.889,267.19,195.16,62.07,211.15,112.86
5015,577092.379445,73.013,54,-41.956,15.106,46.615,159.559,111.083,265.49,194.02,63.9,217.79,111.1
5016,577092.382432,70.255,52,-42.91,15.45,51.099,151.258,111.803,264.37,194.56,70.01,206.75,111.77
5017,577092.391141,69.378,45,-43.679,13.574,54.857,155.754,113.533,263.51,192.13,75.21,210.87,113.4
5018,577092.395328,70.851,46,-42.842,15.015,50.172,152.953,113.903,264.59,194.08,68.74,208.47,113.81
5019,577092.399352,72.457,56,-41.836,15.712,45.926,152.367,113.158,265.82,194.96,62.82,208.66,113.1
5020,577092.403241,73.788,53,-41.99,15.006,45.532,163.081,111.714,265.48,193.88,62.37,223.22,111.72
5021,577092.406762,70.589,58,-44.383,14.723,50.326,151.428,111.748,262.21,193.49,68.92,207.41,111.75
5022,577092.415561,69.084,48,-42.645,14.232,54.755,153.376,112.74,264.55,192.82,75.0,210.18,112.7
5023,577092.418809,70.597,52,-44.751,13.991,51.535,155.131,114.116,262.41,192.96,70.54,210.27,113.9
5024,577092.423391,71.961,57,-43.221,15.269,47.055,151.95,113.48,263.83,194.27,64.44,208.05,113.46
5025,577092.426348,73.626,52,-43.466,14.698,44.844,159.074,112.786,262.96,193.29,61.48,216.29,112.87
5026,577092.431464,71.213,56,-45.076,14.388,49.294,153.061,111.337,261.13,193.0,67.53,209.14,111.38
5027,577092.439323,70.422,49,-45.884,14.719,51.416,153.443,113.131,259.84,193.41,70.4,209.23,113.22
5028,577092.451289,73.55,54,-43.754,14.838,45.063,159.131,113.44,262.87,193.57,61.76,217.11,113.44
5029,577092.454884,72.167,64,-45.484,14.209,47.695,155.742,111.278,260.71,192.79,65.32,213.31,111.28
5030,577092.458573,70.293,55,-46.139,14.658,51.163,151.723,112.653,259.81,193.41,70.07,207.74,112.66
5031,577092.467045,69.656,55,-46.023,13.299,54.228,155.977,113.959,260.25,191.64,74.42,212.75,113.92
5032,577092.470857,70.813,51,-45.009,14.513,49.499,150.616,114.609,261.34,193.22,67.8,206.18,114.6
5033,577092.474922,72.803,53,-43.293,15.498,45.575,154.148,113.23,263.73,194.58,62.42,210.99,113.22
5034,577092.479379,73.155,51,-45.078,14.445,46.079,159.012,111.415,261.28,193.12,63.11,217.76,111.42
5035,577092.482669,69.811,55,-44.007,15.534,50.819,147.249,111.962,262.72,194.61,69.6,201.66,111.95
5036,577092.491001,70.054,45,-43.938,14.905,52.986,155.322,112.622,262.83,193.72,72.64,212.59,112.63
5037,577092.495127,71.447,49,-46.966,13.444,50.479,158.649,114.565,258.59,191.7,69.13,217.46,114.59
5038,577092.499301,72.413,55,-43.485,15.524,45.906,151.927,113.285,263.53,194.63,62.87,208.16,113.25
5039,577092.502874,74.101,53,-42.93,15.058,44.885,163.846,111.892,264.33,194.0,61.49,224.68,111.87
5040,577092.507084,70.761,55,-44.93,14.785,50.011,151.772,111.59,261.46,193.57,68.49,207.88,111.6
5041,577092.510507,69.596,47,-42.15,14.71,54.531,156.412,112.149,265.25,193.46,74.7,214.09,112.16
5042,577092.518941,70.442,50,-44.964,14.111,51.74,154.558,114.23,261.49,192.71,70.86,211.45,114.2
5043,577092.523371,71.963,60,-43.305,15.302,47.098,152.105,113.613,263.85,194.36,64.57,207.94,113.55
5044,577092.535449,70.349,62,-44.942,14.84,51.052,151.812,113.19,261.39,193.63,69.92,207.95,113.22
5045,577092.543347,69.724,51,-42.734,14.737,52.81,152.392,113.729,264.47,193.51,72.37,208.39,113.74
5046,577092.547377,72.117,54,-44.584,14.174,48.523,158.015,114.341,261.94,192.75,66.45,216.43,114.33
5047,577092.551177,73.02,50,-40.767,15.742,45.626,156.237,113.258,267.1,194.87,62.48,214.5,113.28
5048,577092.554431,72.355,55,-42.561,14.787,47.572,156.938,111.442,264.7,193.58,65.16,214.94,111.44
5049,577092.55943,70.134,60,-43.061,15.216,51.377,151.188,112.526,264.02,194.17,70.37,207.05,112.53
5050,577092.567456,69.33,56,-41.782,14.73,54.055,153.134,113.384,265.78,193.51,74.04,209.72,113.37
5051,577092.570578,71.286,48,-44.141,14.035,50.198,156.458,114.718,262.32,192.48,68.81,213.31,114.76
5052,577092.575514,72.051,54,-40.17,16.093,46.685,151.491,113.242,268.0,195.38,63.95,207.4,113.24
5053,577092.578522,73.009,51,-41.059,15.165,46.933,160.609,111.711,266.69,194.06,64.29,220.13,111.72
5054,577092.584248,69.948,56,-42.434,15.348,51.69,150.756,112.187,264.87,194.34,70.79,206.52,112.19
5055,577092.586645,68.376,46,-40.991,14.533,55.758,151.305,112.934,266.86,193.25,76.39,206.82,112.9
5056,577092.595408,70.701,49,-43.594,14.043,51.947,157.178,114.611,263.15,192.52,71.2,214.58,114.64
5057,577092.599169,71.506,60,-40.684,15.905,48.038,151.44,113.287,267.28,195.13,65.8,207.41,113.27
5058,577092.602513,72.718,56,-40.788,15.304,47.012,158.247,112.176,267.13,194.29,64.4,216.74,112.18
5059,577092.607491,70.157,62,-42.181,15.153,51.675,152.238,111.468,265.35,194.13,70.82,208.09,111.47
5060,577092.610913,69.788,45,-42.682,15.363,52.966,153.309,113.059,264.65,194.41,72.61,209.67,113.02
5061,577092.619459,69.659,54,-45.214,13.063,53.858,154.943,115.076,261.02,191.21,73.77,212.0,115.09
5062,577092.62306,71.592,49,-43.59,14.457,49.168,155.706,113.958,263.28,193.13,67.34,213.25,113.95
5063,577092.627318,72.736,54,-40.737,15.364,47.014,158.416,112.564,266.91,194.26,64.43,216.21,112.56
5064,577092.630908,70.917,62,-42.793,14.701,50.561,154.648,110.903,264.62,193.55,69.31,211.04,110.9
5065,577092.634875,69.217,57,-43.457,15.136,53.394,150.481,112.549,263.48,194.06,73.13,206.07,112.55
5066,577092.643416,68.745,56,-42.492,14.708,54.659,150.774,112.918,264.83,193.51,74.8,206.11,112.82
5067,577092.647268,71.32,54,-44.649,14.024,50.158,156.605,114.089,261.9,192.57,68.71,214.24,114.08
5068,577092.651271,73.017,53,-41.29,15.414,46.728,159.985,113.128,266.47,194.46,64.01,219.21,113.13
5069,577092.655155,72.101,54,-43.06,14.566,48.587,158.092,110.698,264.1,193.31,66.58,216.07,110.69
5070,577092.659848,69.471,56,-43.6,15.098,52.827,150.644,111.698,263.29,194.01,72.35,206.29,111.7
5071,577092.662679,68.571,52,-42.903,14.328,55.643,152.302,112.72,264.3,193.05,76.07,208.99,112.69
5072,577092.67114,71.154,50,-44.808,13.977,51.116,158.245,113.887,262.2,192.85,69.9,215.14,113.76
5073,577092.675228,72.107,54,-42.483,15.367,46.987,152.929,112.917,264.8,194.37,64.35,209.58,112.92
5074,577092.679276,73.381,53,-42.88,14.76,46.445,162.393,111.12,264.4,193.58,63.64,221.63,111.15
5075,577092.683328,69.514,57,-42.995,15.623,51.526,147.225,110.678,264.05,194.72,70.54,201.76,110.59
5076,577092.687258,69.495,48,-42.226,15.184,54.377,155.239,111.753,265.16,194.11,74.51,212.52,111.76
5077,577092.707245,70.942,60,-44.974,14.622,49.564,151.794,110.858,261.4,193.35,67.88,207.91,110.87
5078,577092.710564,68.885,44,-41.795,14.827,54.472,151.209,111.85,265.7,193.62,74.6,207.32,111.82
5079,577092.719278,70.426,52,-47.144,12.99,52.454,156.569,114.207,258.53,191.17,71.86,214.04,114.22
5080,577092.722568,71.96,55,-43.228,15.758,47.093,152.07,112.85,263.82,194.93,64.49,208.25,112.84
5081,577092.727378,73.392,48,-42.498,15.398,44.406,155.358,112.615,264.59,194.36,60.86,212.51,112.58
5082,577092.730738,72.241,56,-44.225,14.788,47.474,155.644,110.512,262.44,193.58,65.02,213.21,110.51
5083,577092.734775,70.377,58,-44.924,15.179,50.858,151.441,112.159,261.42,194.1,69.64,207.52,112.16
5084,577092.737979,69.99,56,-43.186,15.022,52.532,153.52,112.809,263.86,193.91,71.95,210.23,112.81
5085,577092.746759,71.671,50,-42.721,15.726,47.722,151.753,113.383,264.55,194.92,65.34,207.95,113.37
5086,577092.750512,73.3,50,-41.711,15.855,44.229,153.915,112.837,265.88,195.06,60.59,210.71,112.83
5087,577092.754649,73.628,53,-43.077,14.978,45.184,160.301,110.947,263.91,193.82,61.9,219.13,110.97
5088,577092.758524,70.687,57,-43.56,15.469,49.812,150.61,111.805,263.35,194.52,68.22,206.26,111.8
5089,577092.762569,70.233,52,-43.75,13.851,53.283,157.55,113.338,263.15,192.34,72.98,215.59,113.32
5090,577092.771405,71.212,47,-41.605,15.858,48.599,150.896,113.635,265.97,195.1,66.56,206.72,113.55
5091,577092.774485,72.996,57,-41.129,16.146,44.623,152.587,112.943,266.69,195.47,61.12,208.94,112.93
5092,577092.779354,74.095,53,-41.761,15.205,44.238,161.426,111.859,265.81,194.15,60.64,220.34,111.86
5093,577092.787612,68.347,43,-41.396,14.451,53.643,145.377,111.661,266.3,193.26,73.19,199.17,111.44
5094,577092.795529,71.532,51,-44.287,13.729,50.623,159.807,114.617,262.24,192.09,69.31,219.44,114.63
5095,577092.799136,72.173,49,-41.099,15.638,46.556,152.073,113.607,266.65,194.72,63.8,208.06,113.59
5096,577092.803106,74.1,51,-41.015,15.209,44.005,160.629,113.022,266.71,194.12,60.29,219.56,113.02
5097,577092.806689,71.245,55,-42.927,14.807,48.669,151.374,111.588,264.19,193.61,66.66,207.37,111.59
5098,577092.81133,69.876,46,-40.085,15.028,54.015,156.994,112.335,268.09,193.9,74.01,214.95,112.33
5099,577092.814844,70.179,54,-43.445,13.806,53.195,156.878,114.595,263.5,192.25,72.86,214.87,114.58
5100,577092.82338,72.176,51,-43.72,14.273,48.558,158.639,114.659,263.1,192.88,66.5,217.34,114.65
5101,577092.827239,72.125,48,-40.39,15.657,45.911,149.58,113.987,267.31,194.67,62.88,204.08,114.08
5102,577092.831311,71.931,56,-42.645,14.622,47.89,154.404,111.557,264.7,193.4,65.59,211.52,111.58
5103,577092.835251,70.329,57,-43.701,14.978,51.289,152.365,113.194,263.04,193.8,70.22,208.86,113.22
5104,577092.839245,69.39,58,-43.328,13.722,55.022,156.313,114.166,263.68,192.14,75.36,214.04,114.15
5105,577092.847481,71.195,49,-43.987,14.344,50.975,158.134,114.237,262.76,192.99,69.81,216.58,114.23
5106,577092.850564,71.448,53,-40.923,15.998,48.096,151.167,113.399,266.95,195.25,65.87,207.05,113.39
5107,577092.855484,72.211,54,-42.889,14.55,47.824,156.537,111.895,264.24,193.27,65.47,214.46,111.92
5108,577092.858509,70.19,58,-43.753,14.959,51.277,151.301,112.501,263.07,193.82,70.23,207.21,112.5
5109,577092.863645,68.471,44,-41.985,14.832,54.289,147.936,111.575,265.48,193.64,74.36,202.76,111.57
5110,577092.875264,70.879,59,-43.031,15.35,49.788,151.993,113.051,264.09,194.37,68.19,208.07,113.04
5111,577092.878844,72.399,55,-42.602,14.97,48.23,159.498,112.536,264.42,193.74,66.11,217.5,112.54
5112,577092.88262,70.597,57,-44.479,14.492,50.86,153.094,111.879,262.07,193.17,69.66,209.68,111.88
5113,577092.88684,70.203,47,-45.726,14.635,51.042,150.707,113.7,260.53,193.41,69.9,206.03,113.73
5114,577092.89083,70.335,53,-44.65,14.06,52.208,155.139,113.255,262.41,192.94,71.5,210.45,113.07
5115,577092.89921,70.811,61,-43.625,15.176,49.732,151.305,112.556,263.35,194.2,68.04,207.12,112.5
5116,577092.903418,72.249,53,-43.067,14.93,48.399,158.751,112.533,263.91,193.73,66.31,216.93,112.52
5117,577092.90698,70.334,57,-45.754,13.866,50.88,151.189,111.606,260.34,192.32,69.68,207.07,111.62
5118,577092.910809,70.287,53,-46.591,14.212,51.182,151.733,113.354,259.18,192.79,70.09,207.76,113.36
5119,577092.91463,70.112,56,-44.158,14.353,52.016,152.906,112.983,262.52,192.99,71.25,209.37,112.98
5120,577092.923331,71.25,54,-43.725,15.035,48.796,151.803,112.821,263.18,193.95,66.82,207.77,112.82
5121,577092.927008,72.307,52,-43.57,14.847,47.403,155.974,112.638,263.25,193.63,64.94,213.58,112.66
5122,577092.931372,71.25,55,-44.901,14.205,49.717,154.668,111.185,261.47,192.77,68.12,211.57,111.2
5123,577092.935131,69.827,56,-45.443,14.676,51.924,150.569,112.738,261.14,193.62,71.16,205.32,112.64
5124,577092.939214,70.171,52,-43.669,14.628,52.253,154.042,113.067,263.18,193.35,71.6,210.88,113.07
5125,577092.947348,72.089,54,-45.879,13.749,48.803,158.688,113.848,260.19,192.18,66.83,217.31,113.84
5126,577092.960047,70.056,56,-44.082,15.281,51.602,151.279,111.673,262.78,194.34,70.72,206.34,111.64
5127,577092.963001,69.73,50,-44.467,13.677,54.402,157.032,113.508,262.42,192.24,74.54,214.01,113.45
5128,577092.967398,71.935,51,-45.583,13.806,49.903,160.931,114.322,260.59,192.26,68.34,220.47,114.32
5129,577092.975711,72.223,53,-42.961,15.587,46.355,151.828,112.772,264.06,194.65,63.51,207.63,112.77
5130,577092.978536,73.174,54,-42.489,15.394,46.085,159.209,111.483,264.77,194.4,63.11,218.26,111.48
5131,577092.983611,70.694,59,-43.622,15.297,50.594,153.032,111.219,263.25,194.28,69.29,209.59,111.22
5132,577092.987074,70.807,45,-37.191,17.559,52.287,159.047,110.567,271.87,197.29,71.66,217.23,110.55
5133,577092.990413,70.777,52,-43.403,14.707,50.986,154.856,113.607,264.05,193.79,69.83,210.51,113.45
5134,577092.999198,72.13,61,-41.862,15.956,46.669,152.087,112.535,265.71,195.2,63.94,208.26,112.51
5135,577093.002764,73.335,56,-41.289,15.651,45.278,157.884,111.937,266.39,194.75,62.04,215.75,111.92
5136,577093.006786,71.434,61,-42.909,15.04,49.134,154.321,110.615,264.23,193.92,67.3,211.39,110.62
5137,577093.01058,70.42,53,-44.298,15.066,51.021,152.247,112.81,262.32,193.96,69.87,208.51,112.81
5138,577093.014485,70.334,54,-41.999,15.093,51.581,153.267,113.009,265.47,194.0,70.66,209.9,113.0
5139,577093.018705,72.766,49,-44.021,14.262,47.443,160.133,113.483,262.92,192.95,64.99,218.91,113.48
5140,577093.028347,73.528,51,-40.575,15.622,44.99,158.67,112.549,267.32,194.69,61.63,217.31,112.57
5141,577093.030658,72.423,55,-42.072,14.812,47.496,157.275,110.735,265.37,193.61,65.06,215.39,110.74
5142,577093.035097,70.387,60,-43.001,15.104,50.79,151.311,112.076,264.05,193.99,69.55,207.37,112.09
5143,577093.044322,72.11,56,-43.485,14.118,48.355,157.41,114.028,263.46,192.68,66.22,215.6,114.02
5144,577093.050804,72.998,53,-40.622,15.73,44.721,152.942,112.755,267.4,194.91,61.26,209.37,112.73
5145,577093.055405,72.531,47,-44.075,13.946,45.628,151.995,111.323,262.63,192.43,62.5,208.19,111.39
5146,577093.058603,70.323,54,-42.156,15.463,50.812,150.905,111.558,265.41,194.59,69.61,206.25,111.51
5147,577093.062729,69.702,46,-41.673,14.918,53.533,154.319,112.927,265.92,193.75,73.35,211.34,112.92
5148,577093.067449,71.261,51,-43.94,13.927,50.618,157.566,114.809,262.84,192.43,69.32,215.79,114.8
5149,577093.075491,72.473,57,-41.596,15.691,45.679,151.679,113.565,266.12,194.87,62.54,207.89,113.53
5150,577093.078363,73.894,55,-41.671,15.282,44.458,160.259,112.432,265.93,194.27,60.9,219.49,112.43
5151,577093.083485,71.142,63,-43.034,15.192,49.702,153.773,111.387,264.05,194.13,68.08,210.63,111.39
5152,577093.087172,69.624,47,-40.336,15.342,54.738,157.211,112.015,267.24,194.17,75.02,213.97,112.11
5153,577093.091526,69.955,53,-43.03,14.986,52.453,153.031,113.975,264.08,193.87,71.84,209.56,113.97
5154,577093.094992,72.34,47,-44.814,14.422,47.743,157.372,114.388,261.48,193.02,65.46,214.52,114.45
5155,577093.103704,72.597,47,-40.786,16.095,45.093,150.772,113.105,267.15,195.37,61.74,206.44,113.13
5156,577093.106506,71.707,56,-44.006,14.82,48.232,153.667,110.8,262.68,193.6,66.1,209.9,110.78
5157,577093.1112,70.387,57,-44.988,15.071,51.265,152.724,112.794,261.35,193.94,70.25,209.14,112.82
5158,577093.114659,69.805,56,-42.815,15.225,52.986,153.484,113.029,264.39,194.23,72.47,210.26,113.02
5159,577093.118851,72.055,54,-44.84,14.452,48.764,158.276,114.087,261.81,193.25,66.84,215.77,114.05
5160,577093.12748,72.784,58,-45.291,14.736,44.751,151.202,113.943,260.96,193.52,61.29,207.04,113.95
5161,577093.131954,71.815,52,-44.624,14.326,46.672,149.551,110.354,262.02,193.02,63.93,205.01,110.41
5162,577093.134896,70.328,54,-44.552,15.108,50.928,151.283,111.898,261.98,194.02,69.75,207.14,111.9
5163,577093.139202,68.842,48,-42.64,14.257,54.343,150.561,113.52,264.63,192.93,74.52,205.82,113.43
5164,577093.143184,71.584,53,-44.842,14.175,49.612,157.046,114.008,261.63,192.78,67.94,214.98,114.0
5165,577093.152068,72.756,57,-42.445,15.567,45.221,152.543,113.029,264.88,194.67,61.93,208.88,113.02
5166,577093.154555,73.676,53,-43.503,14.556,44.879,159.677,111.709,263.42,193.27,61.47,218.65,111.71
5167,577093.159994,70.786,54,-45.01,14.529,49.878,151.563,111.75,261.35,193.23,68.3,207.58,111.76
5168,577093.162538,69.563,50,-42.269,14.463,54.185,155.176,112.299,265.06,193.17,74.12,212.52,112.33
5169,577093.166531,70.994,53,-45.314,13.656,50.935,156.399,114.368,261.08,192.11,69.78,213.73,114.35
5170,577093.171126,72.486,57,-43.022,15.373,45.787,152.144,113.555,264.1,194.41,62.7,208.32,113.54
5171,577093.179526,74.3,54,-42.759,14.794,43.616,161.179,112.913,264.17,193.5,59.79,219.38,112.92
5172,577093.182673,71.659,59,-44.415,14.508,48.407,153.838,111.45,262.23,193.22,66.31,210.41,111.47
5173,577093.187112,70.34,53,-45.825,14.658,50.972,151.503,113.349,260.25,193.44,69.81,207.53,113.39
5174,577093.191849,70.297,55,-45.794,13.225,53.168,157.699,114.719,260.34,191.47,72.82,216.02,114.69
5175,577093.195306,71.532,53,-43.792,15.09,48.362,152.672,114.143,263.08,194.03,66.24,208.7,114.12
5176,577093.216236,69.585,54,-42.583,15.288,53.399,153.089,113.089,264.75,194.33,72.99,210.16,113.05
5177,577093.21878,71.256,50,-44.958,14.487,50.194,156.203,114.294,261.57,193.27,68.79,213.12,114.27
5178,577093.22799,71.996,52,-41.577,16.149,46.926,151.824,113.147,266.06,195.46,64.27,207.92,113.13
5179,577093.230578,72.708,53,-43.245,14.841,46.919,157.852,111.606,263.8,193.71,64.41,215.03,111.65
5180,577093.235251,70.357,55,-44.037,15.194,50.769,151.027,112.155,262.76,194.18,69.53,206.68,112.13
5181,577093.238939,69.582,53,-42.267,14.979,53.657,153.806,112.526,265.19,193.85,73.53,210.35,112.56
5182,577093.242489,71.099,52,-44.294,14.357,51.065,157.638,113.722,262.4,193.03,69.92,216.07,113.73
5183,577093.246691,71.671,57,-41.866,15.926,47.793,151.978,112.733,265.68,195.16,65.45,208.13,112.72
5184,577093.255758,72.873,53,-42.173,15.011,47.1,159.934,112.068,265.3,193.92,64.53,218.71,112.06
5185,577093.259034,70.286,54,-44.132,14.549,50.943,151.019,111.83,262.55,193.25,69.77,206.86,111.84
5186,577093.263043,70.384,47,-45.061,14.616,51.207,152.533,113.477,261.19,193.33,70.15,208.21,113.53
5187,577093.267398,69.768,51,-41.766,15.118,51.537,149.027,113.32,265.8,194.05,70.58,204.12,113.29
5188,577093.270901,71.577,59,-42.193,15.343,48.003,151.895,112.974,265.2,194.36,65.74,207.95,112.97
5189,577093.279636,72.977,55,-41.573,14.937,46.692,159.493,112.62,265.95,193.74,63.98,218.02,112.61
5190,577093.283345,71.104,62,-43.616,14.238,50.099,154.701,111.432,263.26,192.83,68.62,211.9,111.43
5191,577093.286891,69.941,57,-44.819,14.403,52.002,151.612,113.421,261.6,193.05,71.22,207.64,113.42
5192,577093.296095,71.301,59,-42.389,15.239,48.563,151.48,113.368,264.97,194.23,66.5,207.42,113.35
5193,577093.302428,72.879,53,-41.803,15.003,46.545,158.107,113.186,265.73,193.88,63.76,216.51,113.19
5194,577093.307477,71.636,55,-43.292,14.43,49.231,156.265,111.401,263.7,193.08,67.45,213.64,111.43
5195,577093.310857,69.646,53,-44.442,14.705,52.683,151.468,112.968,261.95,193.39,72.11,207.83,113.01
5196,577093.315352,69.575,48,-42.296,15.142,53.54,153.419,113.172,264.94,193.96,73.56,208.95,113.16
5197,577093.318725,71.155,49,-44.586,14.147,50.527,156.429,114.189,261.96,192.73,69.2,214.19,114.18
5198,577093.322593,71.608,53,-41.835,15.734,47.671,151.088,112.944,265.62,194.86,65.31,206.7,112.95
5199,577093.332113,72.317,58,-43.169,14.88,48.217,158.743,111.538,263.88,193.71,66.04,217.39,111.54
5200,577093.334467,69.827,57,-43.938,15.143,52.355,151.819,111.941,262.82,194.07,71.71,207.9,111.94
5201,577093.339219,67.764,45,-42.07,14.609,56.127,148.321,112.647,265.41,193.34,76.9,203.21,112.61
5202,577093.343536,70.507,48,-45.779,13.795,52.08,156.073,114.043,260.21,192.19,71.35,213.31,114.05
5203,577093.346506,71.317,59,-42.972,15.752,48.546,151.55,112.638,264.22,194.94,66.49,207.62,112.61
5204,577093.355432,72.854,56,-42.578,15.309,47.385,160.737,111.717,264.65,194.29,64.93,219.57,111.75
5205,577093.358608,70.469,58,-44.259,14.966,51.25,153.298,111.044,262.38,193.82,70.19,209.95,111.05
5206,577093.363506,70.397,45,-45.228,15.064,51.745,154.23,112.728,261.18,194.0,70.93,210.88,112.7
5207,577093.366848,70.217,49,-46.814,13.16,52.639,155.527,114.004,258.75,191.29,72.09,213.09,114.05
5208,577093.371041,71.198,57,-43.503,15.444,48.766,151.308,112.321,263.51,194.57,66.69,207.24,112.27
5209,577093.379653,73.094,57,-42.086,15.369,46.75,160.759,112.096,265.39,194.39,64.03,220.23,112.1
5210,577093.384357,71.683,57,-44.62,14.34,49.192,156.521,110.629,261.89,192.97,67.38,214.38,110.63
5211,577093.386625,70.451,54,-45.515,14.526,50.969,152.323,112.329,260.63,193.19,69.88,208.34,112.35
5212,577093.391528,69.901,53,-43.469,14.35,52.138,151.718,112.515,263.58,193.05,71.42,207.68,112.53
5213,577093.395118,72.151,49,-45.593,13.794,48.088,156.889,113.294,260.55,192.23,65.86,214.82,113.29
5214,577093.399145,72.354,52,-41.272,15.543,45.71,150.792,112.215,266.46,194.62,62.61,206.52,112.2
5215,577093.407151,72.373,57,-43.685,14.308,47.528,156.949,110.604,263.05,192.89,65.14,214.3,110.63
5216,577093.411544,70.917,51,-46.301,13.92,50.538,154.584,112.739,259.57,192.39,69.21,211.72,112.74
5217,577093.415368,70.226,49,-44.346,13.275,53.182,157.2,113.476,262.31,191.53,72.85,215.16,113.46
5218,577093.419602,72.133,49,-44.758,13.854,48.504,158.092,113.904,261.73,192.33,66.43,216.45,113.89
5219,577093.423019,72.791,53,-41.33,15.85,44.865,151.646,112.606,266.4,195.05,61.45,207.7,112.59
5220,577093.431649,73.429,52,-42.969,14.764,45.378,159.103,111.519,264.22,193.58,62.17,217.63,111.53
5221,577093.435313,70.612,56,-43.86,15.139,50.242,151.346,111.907,262.92,194.06,68.8,207.3,111.91
5222,577093.439335,69.869,49,-43.955,13.531,54.479,158.295,113.525,263.02,191.98,74.62,215.94,113.41
5223,577093.442714,71.391,49,-44.673,14.127,50.496,158.237,114.359,261.8,192.69,69.17,216.44,114.36
5224,577093.446721,72.379,53,-41.933,16.168,46.123,152.36,113.054,265.57,195.49,63.17,208.63,113.04
5225,577093.468077,70.57,51,-43.282,15.074,51.582,155.064,113.457,263.81,194.04,70.63,212.14,113.42
5226,577093.471536,71.729,56,-42.184,16.179,47.648,151.978,112.971,265.2,195.49,65.27,207.97,112.95
5227,577093.475393,73.672,53,-41.108,16.082,45.231,160.89,112.807,266.72,195.37,61.95,220.44,112.81
5228,577093.482967,71.71,54,-44.066,14.825,47.892,152.61,111.013,262.67,193.65,65.59,209.14,111.03
5229,577093.486461,70.718,53,-44.25,15.341,50.169,151.927,112.59,262.39,194.34,68.71,208.03,112.59
5230,577093.490746,70.387,57,-42.179,15.324,51.592,153.702,112.708,265.23,194.32,70.67,210.5,112.71
5231,577093.494954,71.91,51,-44.253,14.631,48.515,156.245,113.509,262.39,193.38,66.45,213.92,113.5
5232,577093.498398,72.684,50,-42.881,15.204,45.863,154.087,113.111,264.38,194.15,62.94,211.1,113.08
5233,577093.50822,72.832,54,-42.503,14.945,47.022,159.304,111.115,264.8,193.82,64.45,217.35,111.12
5234,577093.511896,70.677,54,-43.789,14.95,50.315,152.056,112.22,263.0,193.8,68.91,208.2,112.23
5235,577093.514977,70.341,50,-41.485,15.239,51.681,153.619,112.552,266.18,194.19,70.81,210.35,112.55
5236,577093.518853,72.106,51,-44.419,13.87,48.853,159.001,113.945,262.39,192.45,66.93,216.99,113.92
5237,577093.523302,72.572,57,-41.161,15.709,45.688,152.549,112.792,266.66,194.88,62.58,208.82,112.77
5238,577093.526934,73.391,52,-42.144,14.739,45.835,160.351,111.742,265.37,193.58,62.81,218.66,111.75
5239,577093.535573,70.489,57,-43.924,14.607,50.549,151.352,112.129,262.83,193.33,69.23,207.3,112.13
5240,577093.538674,68.913,49,-42.578,13.964,52.586,146.159,110.647,264.73,192.57,71.79,200.34,110.64
5241,577093.542821,71.052,55,-44.421,13.717,50.92,156.819,114.538,262.22,192.16,69.74,214.6,114.52
5242,577093.552483,73.677,51,-42.158,14.873,45.525,161.985,112.846,265.29,193.73,62.38,221.41,112.84
5243,577093.559028,70.671,57,-44.47,14.408,50.123,151.429,111.885,262.09,193.06,68.64,207.42,111.89
5244,577093.563421,70.178,48,-45.182,14.741,51.708,152.488,113.731,261.11,193.52,70.82,208.77,113.74
5245,577093.566744,69.832,53,-43.728,14.398,52.915,153.481,114.056,263.24,193.15,72.44,209.87,114.0
5246,577093.571226,72.015,56,-45.302,14.066,48.811,158.081,114.29,261.08,192.64,66.85,216.41,114.29
5247,577093.575081,73.011,53,-42.536,15.185,46.413,158.845,113.254,264.75,194.14,63.57,217.57,113.26
5248,577093.583236,71.529,57,-44.447,14.483,49.276,155.532,111.363,262.16,193.18,67.47,213.22,111.37
5249,577093.586661,69.737,59,-44.987,14.945,52.267,150.919,112.77,261.38,193.8,71.58,206.66,112.78
5250,577093.591281,69.595,51,-43.449,14.896,53.464,153.345,113.037,263.32,193.53,73.57,209.38,113.08
5251,577093.59462,72.012,50,-45.957,13.944,49.759,161.129,114.066,260.03,192.43,68.13,220.63,114.07
5252,577093.59926,72.087,55,-46.126,14.495,46.202,150.217,114.166,259.92,193.22,63.31,205.4,114.19
5253,577093.602503,71.512,53,-45.762,13.9,48.102,151.69,110.805,260.35,192.38,65.89,207.77,110.82
5254,577093.612062,69.763,52,-44.254,15.22,52.273,151.119,111.55,262.47,194.21,71.61,206.61,111.55
5255,577093.61472,68.502,47,-43.524,14.504,55.833,152.352,112.727,263.42,193.22,76.53,208.58,112.74
5256,577093.618589,71.091,51,-45.127,14.115,50.951,157.225,113.905,261.32,192.73,69.76,215.32,113.88
5257,577093.623406,72.019,55,-42.922,15.514,46.821,151.668,112.624,264.24,194.56,64.21,207.61,112.63
5258,577093.626692,73.279,57,-42.825,14.976,46.322,161.003,111.381,264.39,193.86,63.44,220.44,111.38
5259,577093.636253,70.537,57,-44.313,14.798,50.977,152.991,111.137,262.33,193.57,69.88,209.56,111.14
5260,577093.640183,68.475,47,-43.317,13.752,53.759,146.522,109.76,263.7,192.18,73.65,200.7,109.77
5261,577093.642385,70.714,53,-44.955,13.798,51.755,156.697,113.927,261.65,192.35,70.92,213.49,113.86
5262,577093.647124,72.088,55,-42.815,15.469,46.638,151.643,112.857,264.52,194.67,63.71,207.75,112.78
5263,577093.650466,74.133,54,-41.273,15.406,44.774,163.76,112.107,266.37,194.38,61.34,223.85,112.09
5264,577093.659591,71.466,56,-43.699,14.638,49.23,154.877,110.697,263.15,193.37,67.43,212.13,110.7
5265,577093.662626,70.418,47,-44.362,14.965,51.719,154.317,112.553,262.21,193.82,70.83,211.27,112.56
5266,577093.666673,70.183,52,-44.852,13.368,53.29,157.187,114.009,261.55,191.64,72.99,215.15,114.01
5267,577093.670776,71.664,56,-42.443,15.542,47.587,151.269,113.297,264.88,194.64,65.17,207.15,113.28
5268,577093.675294,73.769,56,-41.115,15.54,44.576,159.477,112.874,266.7,194.63,61.06,218.45,112.87
5269,577093.682839,72.285,59,-43.027,14.735,47.512,156.149,110.742,264.07,193.51,65.08,213.88,110.74
5270,577093.686707,70.061,55,-43.546,15.315,51.484,150.971,112.169,263.47,194.35,70.54,206.45,112.16
5271,577093.690414,69.504,47,-42.115,15.072,53.425,152.585,112.756,265.51,194.07,73.19,208.54,112.68
5272,577093.694729,71.768,51,-44.304,14.259,49.345,157.724,114.317,262.49,192.96,67.61,215.34,114.28
5273,577093.698429,72.698,54,-40.759,16.117,45.215,152.033,112.84,267.26,195.49,61.86,208.33,112.78
5274,577093.703346,72.886,53,-42.845,14.785,46.071,156.558,110.754,264.36,193.6,63.11,214.52,110.76
5275,577093.71246,70.13,56,-42.744,15.642,51.151,150.494,111.503,264.62,194.84,70.08,205.71,111.46
5276,577093.724523,72.328,54,-41.325,16.115,46.231,152.29,112.809,266.42,195.42,63.32,208.5,112.79
5277,577093.727071,73.583,54,-41.912,15.199,45.295,160.269,111.449,265.51,194.08,62.05,218.78,111.43
5278,577093.735766,70.744,58,-43.088,15.194,50.262,152.407,111.017,263.97,194.13,68.84,208.75,111.02
5279,577093.738552,70.338,48,-43.495,15.445,51.775,153.876,112.621,263.46,194.49,70.88,210.27,112.69
5280,577093.743136,70.008,52,-42.727,14.929,52.096,152.378,113.322,264.45,193.71,71.46,208.54,113.38
5281,577093.746512,71.858,61,-42.066,15.676,47.304,151.919,113.074,265.45,194.85,64.79,207.86,113.05
5282,577093.75052,73.831,54,-41.177,15.404,44.753,160.71,112.325,266.6,194.43,61.31,220.06,112.33
5283,577093.754613,71.721,58,-43.354,14.704,48.667,155.168,110.635,263.61,193.46,66.66,212.55,110.63
5284,577093.763215,70.168,57,-44.329,15.023,51.376,151.436,112.504,262.29,193.91,70.37,207.38,112.51
5285,577093.767537,70.03,56,-44.409,13.525,53.454,156.517,113.761,262.29,191.9,73.24,213.97,113.76
5286,577093.77092,72.189,51,-44.888,13.935,48.423,158.313,113.973,261.73,192.51,66.34,216.15,113.97
5287,577093.774454,73.47,53,-41.914,15.129,44.793,157.438,113.049,265.59,194.05,61.36,215.6,113.07
5288,577093.778946,72.559,51,-43.636,14.364,46.885,156.429,110.692,263.33,193.05,64.23,214.44,110.72
5289,577093.787507,70.14,53,-43.967,15.04,51.296,150.995,112.004,262.79,193.93,70.25,206.76,112.0
5290,577093.790808,69.454,58,-44.072,13.536,54.642,155.693,113.511,262.65,191.87,74.85,212.84,113.47
5291,577093.794979,71.377,54,-44.443,14.243,49.991,156.54,114.067,262.11,192.84,68.48,214.14,114.06
5292,577093.799247,72.446,58,-45.582,14.263,45.587,151.15,114.392,260.37,192.86,62.29,207.09,114.45
5293,577093.811524,70.605,63,-44.38,14.911,50.345,151.61,111.835,262.42,193.84,68.99,206.98,111.83
5294,577093.814556,69.831,46,-42.469,14.804,53.74,155.863,112.446,264.83,193.6,73.62,213.4,112.45
5295,577093.81943,71.059,51,-44.874,14.067,50.911,156.847,114.099,262.13,193.0,69.64,212.79,113.9
5296,577093.822426,72.127,58,-42.861,15.656,46.568,151.735,113.289,264.42,194.84,63.77,207.76,113.24
5297,577093.827284,73.964,56,-42.269,15.261,44.829,162.282,112.194,264.99,194.15,61.52,221.27,112.17
5298,577093.830499,71.152,60,-43.918,14.934,49.611,153.564,111.159,262.84,193.78,67.95,210.34,111.16
5299,577093.840621,70.496,48,-45.019,15.191,51.26,153.532,112.983,261.27,194.13,70.21,209.69,113.04
5300,577093.842789,70.122,54,-43.716,14.745,52.183,153.47,113.512,263.26,193.62,71.46,209.79,113.46
5301,577093.846626,71.776,59,-42.899,15.642,47.529,151.979,113.304,264.37,194.88,64.97,208.14,113.24
5302,577093.850565,73.649,55,-42.422,15.225,44.787,159.092,112.971,264.65,194.1,61.38,216.97,113.01
5303,577093.855338,72.013,62,-43.838,14.686,48.036,155.557,110.89,262.96,193.44,65.79,213.07,110.89
5304,577093.863517,70.213,57,-44.635,15.036,51.291,151.514,112.51,261.87,193.93,70.25,207.47,112.51
5305,577093.867062,69.948,55,-44.743,13.507,53.843,157.037,113.857,261.91,191.89,73.88,213.89,113.82
5306,577093.871293,72.022,51,-44.78,14.175,48.926,158.513,114.11,261.67,192.76,67.01,217.1,114.1
5307,577093.874678,72.749,53,-45.438,14.406,44.665,150.612,114.311,260.75,193.07,61.18,206.25,114.31
5308,577093.879863,73.156,52,-42.823,14.765,46.544,160.621,110.941,264.33,193.54,63.76,219.9,110.95
5309,577093.887994,70.316,54,-44.062,14.953,50.946,151.253,112.066,262.88,193.88,69.85,206.76,112.01
5310,577093.900193,72.458,61,-41.624,15.652,45.952,152.455,113.079,266.01,194.79,62.94,208.76,113.06
5311,577093.902914,73.456,53,-42.579,14.635,45.411,159.47,111.72,264.51,193.32,62.24,217.6,111.75
5312,577093.907312,70.427,51,-41.199,16.191,49.817,148.7,110.638,266.57,195.5,68.23,203.66,110.63
5313,577093.915271,70.591,45,-43.723,15.077,51.547,155.116,113.118,263.1,193.97,70.61,212.36,113.12
5314,577093.91888,70.465,48,-46.437,12.902,51.943,155.339,115.139,259.29,190.98,71.15,212.35,115.18
5315,577093.922623,71.884,59,-41.977,15.634,47.151,151.641,113.32,265.52,194.76,64.57,207.68,113.31
5316,577093.926823,73.443,58,-41.654,15.036,45.422,159.394,112.666,265.9,193.92,62.25,217.57,112.69
5317,577093.930368,71.2,60,-43.381,14.695,49.602,153.92,111.352,263.64,193.47,67.96,210.53,111.37
5318,577093.939431,70.493,46,-44.224,15.001,51.438,154.039,113.099,262.4,193.87,70.45,210.88,113.11
5319,577093.942484,69.881,55,-42.993,14.71,52.654,153.08,113.505,264.13,193.49,72.11,209.64,113.5
5320,577093.947148,72.329,54,-44.903,14.014,48.575,160.021,114.067,261.61,192.57,66.52,218.93,114.08
5321,577093.951736,73.294,53,-41.402,15.454,45.67,158.876,113.028,266.3,194.51,62.56,217.62,113.03
5322,577093.954328,71.564,54,-43.259,14.713,48.817,154.368,110.952,263.86,193.52,66.86,211.49,110.99
5323,577093.959199,70.174,58,-44.877,14.788,51.829,152.814,112.745,261.53,193.52,71.12,209.11,112.81
5324,577093.966876,69.574,53,-43.891,13.884,54.527,156.241,113.667,263.11,192.46,74.71,213.24,113.64
5325,577093.971577,71.286,54,-44.215,14.41,50.162,156.346,113.934,262.46,193.09,68.7,214.09,113.92
5326,577093.984183,70.039,65,-43.779,15.101,51.718,151.496,111.701,263.03,194.01,70.83,207.5,111.7
5327,577093.99164,68.776,47,-41.206,15.32,54.294,149.978,112.461,266.6,194.34,74.37,205.56,112.47
5328,577093.994875,71.305,54,-44.606,14.108,50.736,158.286,113.903,261.93,192.67,69.48,216.79,113.9
5329,577093.998642,71.841,52,-44.248,14.84,46.73,149.94,113.653,262.41,193.67,64.0,205.26,113.65
5330,577094.003283,73.277,53,-41.931,15.12,46.126,160.304,111.417,265.51,194.03,63.21,218.78,111.44
5331,577094.007481,70.348,53,-41.365,16.307,50.164,149.161,110.141,266.34,195.66,68.71,204.27,110.14
5332,577094.01505,68.536,44,-42.775,13.927,55.383,151.356,111.821,264.44,192.41,75.86,207.35,111.83
5333,577094.018659,70.307,53,-43.785,14.328,51.918,154.072,113.728,263.71,193.37,71.14,208.83,113.55
5334,577094.022817,72.041,56,-42.126,15.651,46.884,152.056,112.946,265.28,194.77,64.22,208.04,112.92
5335,577094.026663,73.796,54,-41.44,15.22,44.932,161.016,112.171,266.13,194.15,61.6,219.46,112.18
5336,577094.030491,71.421,58,-43.413,14.701,49.289,154.702,110.724,263.53,193.46,67.51,211.88,110.73
5337,577094.034984,70.037,55,-44.712,14.929,51.76,151.606,112.842,261.75,193.77,70.89,207.61,112.85
5338,577094.043499,69.786,55,-44.35,13.41,53.841,155.823,114.013,262.3,191.71,73.73,213.53,114.0
5339,577094.046898,72.277,55,-44.695,13.998,48.278,158.592,114.007,261.78,192.51,66.12,217.27,114.0
5340,577094.050953,73.565,53,-41.301,15.374,44.812,158.383,112.954,266.44,194.4,61.39,216.93,112.95
5341,577094.054695,72.333,56,-43.075,14.661,47.377,156.109,110.796,264.12,193.44,64.92,213.37,110.81
5342,577094.058617,70.147,59,-43.426,15.197,51.276,150.986,112.082,263.61,194.19,70.26,206.39,112.06
5343,577094.068198,69.626,53,-42.143,14.876,53.34,153.211,112.827,265.38,193.77,73.03,209.62,112.78
5344,577094.071538,72.036,50,-44.53,14.058,49.21,159.559,114.062,261.92,192.55,67.38,218.95,114.06
5345,577094.075181,72.692,54,-40.939,15.86,45.373,152.508,112.903,266.94,195.07,62.15,208.86,112.89
5346,577094.078698,73.409,55,-42.018,14.974,45.787,160.351,111.053,265.23,193.79,62.75,218.33,111.08
5347,577094.083595,70.444,53,-43.083,15.307,50.805,151.776,111.497,263.99,194.29,69.58,207.84,111.5
5348,577094.090951,68.988,45,-41.756,14.847,54.529,152.077,112.361,265.75,193.62,74.66,208.27,112.32
5349,577094.095354,70.954,53,-43.873,14.328,51.237,157.016,114.068,263.2,193.13,70.21,213.99,113.99
5350,577094.09936,72.109,57,-41.706,15.923,46.7,152.014,113.016,265.83,195.13,63.97,207.98,112.99
5351,577094.103421,73.803,57,-41.902,15.117,45.168,161.926,112.138,265.43,193.97,61.89,221.04,112.14
5352,577094.106527,71.165,57,-43.504,14.932,49.553,153.491,111.269,263.6,193.83,67.91,209.85,111.26
5353,577094.111504,69.923,41,-42.189,14.095,54.534,158.858,112.35,265.31,192.69,74.69,217.28,112.32
5354,577094.120225,70.435,50,-43.709,14.432,51.933,155.077,113.559,263.75,193.5,71.11,210.45,113.37
5355,577094.122595,71.658,59,-42.397,15.67,47.74,151.707,113.108,264.98,194.82,65.4,207.76,113.08
5356,577094.127038,73.617,52,-41.454,15.478,45.253,160.44,112.588,266.22,194.54,62.01,218.84,112.54
5357,577094.130636,71.832,53,-43.872,14.634,48.544,155.689,110.873,262.99,193.39,66.5,212.95,110.89
5358,577094.135044,70.166,53,-44.399,15.06,51.23,150.99,112.509,262.34,194.01,70.2,206.36,112.52
5359,577094.155277,72.379,53,-43.721,14.476,47.35,156.413,110.892,263.06,193.13,64.87,214.0,110.88
5360,577094.158689,69.624,50,-42.544,15.72,51.269,147.251,112.026,264.69,194.88,70.26,201.76,111.95
5361,577094.168427,69.663,51,-44.027,13.617,54.327,156.32,113.481,262.87,192.07,74.46,213.18,113.46
5362,577094.170727,71.613,46,-45.066,13.991,49.749,157.714,114.31,261.32,192.53,68.14,215.83,114.3
5363,577094.174914,72.452,56,-41.857,15.766,45.794,151.888,113.021,265.59,194.9,62.74,207.78,113.03
5364,577094.179789,73.358,55,-43.033,14.796,45.652,159.405,111.567,264.02,193.61,62.56,217.74,111.63
5365,577094.182566,70.515,57,-43.497,15.248,50.445,151.232,111.555,263.54,194.25,69.1,207.04,111.51
5366,577094.186802,68.759,49,-41.551,14.687,54.633,150.798,113.005,266.16,193.5,74.82,206.34,112.96
5367,577094.195377,71.426,49,-44.738,14.049,50.814,159.531,114.16,261.75,192.59,69.59,218.5,114.15
5368,577094.198859,72.03,56,-42.405,15.674,46.626,151.132,113.227,264.91,194.81,63.86,206.92,113.22
5369,577094.202769,73.758,57,-41.916,15.269,45.058,161.1,112.029,265.5,194.22,61.72,220.01,112.07
5370,577094.207213,71.159,60,-43.305,15.053,49.699,153.893,111.044,263.68,193.94,68.07,210.79,111.04
5371,577094.210649,69.55,43,-39.784,15.538,54.584,156.225,111.44,268.5,194.62,74.78,213.87,111.4
5372,577094.220975,70.116,50,-42.91,14.919,52.32,153.83,113.485,264.4,193.88,71.64,210.19,113.42
5373,577094.222972,72.044,52,-43.51,14.916,47.881,155.31,113.779,263.43,193.78,65.57,212.66,113.76
5374,577094.227502,73.635,48,-41.251,15.468,45.073,159.972,112.892,266.36,194.45,61.76,218.54,112.88
5375,577094.235093,70.073,54,-43.905,15.209,51.308,150.539,112.588,262.87,194.16,70.27,206.16,112.59
5376,577094.243124,69.635,58,-42.302,14.813,53.197,152.862,113.105,265.16,193.66,72.88,209.21,113.07
5377,577094.247544,71.601,48,-42.777,15.078,48.608,154.004,113.549,264.46,194.01,66.6,210.16,113.5
5378,577094.250467,72.734,51,-43.329,14.719,45.284,152.573,113.769,263.65,193.51,62.01,208.86,113.76
5379,577094.255396,72.598,56,-42.513,14.674,46.765,156.37,110.862,264.78,193.43,64.06,214.19,110.86
5380,577094.258472,70.133,59,-42.658,15.401,51.086,150.327,111.725,264.58,194.43,69.97,205.87,111.72
5381,577094.26382,69.286,52,-42.398,14.095,54.562,154.258,113.189,265.51,193.0,74.76,209.38,112.98
5382,577094.27159,71.37,52,-43.929,14.053,50.46,157.96,114.142,262.87,192.61,69.14,215.72,114.1
5383,577094.274771,72.299,56,-40.91,15.82,46.317,152.335,113.13,267.01,195.03,63.44,208.52,113.11
5384,577094.279539,73.346,54,-41.928,14.836,45.806,159.831,111.606,265.53,193.63,62.75,218.7,111.59
5385,577094.283447,70.616,55,-42.782,15.154,50.58,152.398,111.602,264.53,194.11,69.31,208.55,111.59
5386,577094.286482,68.664,45,-42.025,14.181,55.089,151.412,112.027,265.48,192.77,75.46,207.46,112.03
5387,577094.29638,71.247,48,-44.425,13.775,51.886,161.393,114.415,261.9,192.09,71.07,221.92,114.4
5388,577094.298824,71.717,54,-42.176,15.518,47.644,151.869,113.577,265.32,194.63,65.25,207.75,113.57
5389,577094.302536,73.537,54,-41.481,15.255,45.487,160.508,112.532,266.11,194.19,62.32,219.52,112.52
5390,577094.307019,71.118,59,-42.862,15.042,49.699,153.575,111.132,264.28,193.92,68.07,210.34,111.13
5391,577094.311417,70.265,51,-44.604,15.14,51.334,152.024,113.204,261.84,194.05,70.3,208.04,113.23
5392,577094.323738,71.899,52,-44.396,14.406,48.738,156.869,114.008,262.17,193.06,66.75,214.84,114.0
5393,577094.326986,72.17,50,-40.063,16.001,46.158,150.745,112.663,268.1,195.25,63.23,206.47,112.65
5394,577094.331166,71.642,61,-42.913,14.94,48.758,154.813,110.756,264.27,193.81,66.78,212.23,110.77
5395,577094.334775,69.818,56,-43.469,15.324,52.117,151.062,112.123,263.6,194.38,71.4,206.55,112.1
5396,577094.338763,69.203,59,-42.104,14.943,54.264,152.831,112.799,265.34,193.79,74.33,209.31,112.79
5397,577094.347479,71.329,51,-44.214,14.404,49.94,156.0,113.902,262.47,193.05,68.5,213.33,113.9
5398,577094.350145,72.706,51,-41.544,15.545,46.167,155.302,112.929,265.9,194.51,63.29,212.58,112.95
5399,577094.355543,72.69,54,-42.398,14.957,47.003,157.973,110.927,265.23,193.88,64.54,214.8,110.99
5400,577094.358571,70.293,57,-43.378,15.183,51.083,151.486,111.6,263.76,194.18,70.01,207.29,111.54
5401,577094.362841,68.371,47,-43.419,13.814,54.921,149.005,112.541,263.58,192.31,75.22,203.87,112.43
5402,577094.37163,71.104,51,-44.202,14.16,50.724,156.626,113.8,262.52,192.76,69.52,213.79,113.8
5403,577094.374715,72.251,58,-41.34,15.869,46.376,152.126,112.628,266.4,195.08,63.52,208.34,112.62
5404,577094.379356,73.553,58,-41.734,15.06,45.583,160.993,111.449,266.03,194.04,62.48,219.58,111.43
5405,577094.382573,70.743,54,-42.951,15.067,50.246,152.351,111.091,264.16,193.96,68.82,208.63,111.1
5406,577094.387171,68.787,46,-42.289,14.1,54.858,151.608,111.627,265.11,192.66,75.14,207.72,111.63
5407,577094.396045,70.238,54,-42.706,14.787,51.74,153.023,113.397,264.67,193.67,70.85,209.14,113.36
5408,577094.408171,71.476,64,-43.16,14.734,49.005,154.251,110.895,263.89,193.51,67.17,210.75,110.89
5409,577094.411479,70.326,49,-44.736,14.895,51.054,151.644,112.917,261.72,193.73,69.93,207.68,112.92
5410,577094.414592,69.896,55,-42.494,14.855,52.567,152.931,113.229,264.81,193.68,72.0,209.44,113.22
5411,577094.423599,72.193,53,-43.934,14.471,48.149,157.449,113.99,262.81,193.15,65.96,215.38,113.97
5412,577094.427123,72.465,48,-40.796,15.745,45.119,149.75,113.214,266.88,194.82,61.83,204.55,113.26
5413,577094.430785,72.424,60,-42.922,14.821,47.258,156.495,110.85,264.17,193.61,64.75,214.07,110.86
5414,577094.434532,70.225,57,-43.265,15.427,51.078,150.972,112.072,263.8,194.48,69.96,206.85,112.05
5415,577094.438741,69.292,50,-42.277,14.917,53.523,151.362,112.562,265.21,193.85,73.27,207.06,112.5
5416,577094.448164,71.457,48,-44.683,14.231,49.646,156.108,114.13,261.58,192.77,68.0,213.18,114.2
5417,577094.450691,72.249,52,-41.01,16.108,45.915,150.597,112.829,266.83,195.4,62.89,206.27,112.82
5418,577094.455296,73.356,56,-41.853,15.233,45.989,160.567,111.159,265.67,194.19,63.0,219.86,111.16
5419,577094.458499,70.482,52,-42.53,15.651,50.459,151.029,111.434,264.87,194.83,69.12,206.49,111.4
5420,577094.463246,68.735,47,-41.345,14.88,54.852,151.238,112.935,266.3,193.8,75.39,206.88,112.89
5421,577094.466169,71.046,50,-43.517,14.763,50.699,156.091,113.709,264.39,194.28,69.1,211.51,113.36
5422,577094.474701,72.336,54,-41.363,16.226,46.312,152.627,112.817,266.33,195.53,63.51,208.91,112.81
5423,577094.478998,72.386,48,-42.093,15.154,44.68,147.656,113.739,265.16,194.11,61.0,202.44,113.76
5424,577094.482888,71.057,65,-43.323,15.18,49.475,152.404,111.251,263.65,194.11,67.76,208.72,111.26
5425,577094.490892,70.35,59,-42.684,15.027,51.488,153.115,113.138,264.6,193.95,70.53,209.51,113.12
5426,577094.498582,72.078,57,-41.689,16.038,46.768,151.985,112.863,265.93,195.32,64.04,208.12,112.84
5427,577094.503189,73.494,52,-42.185,15.075,44.816,157.74,112.757,264.88,193.86,61.4,214.92,112.78
5428,577094.506533,71.854,57,-42.97,14.895,48.335,155.201,110.835,264.31,193.77,66.26,211.74,110.85
5429,577094.510716,70.208,57,-43.749,15.208,51.122,150.976,112.629,263.2,194.21,70.05,206.5,112.6
5430,577094.51472,69.754,57,-42.427,14.754,52.824,152.649,113.21,264.93,193.55,72.37,208.91,113.21
5431,577094.523635,72.007,51,-44.672,14.036,48.369,156.585,114.286,261.93,192.63,66.31,213.49,114.26
5432,577094.526659,73.738,50,-40.992,15.472,44.756,159.829,113.345,266.9,194.54,61.32,218.71,113.35
5433,577094.531307,72.179,52,-43.982,14.04,46.81,152.953,110.763,262.74,192.55,64.13,209.4,110.76
5434,577094.534415,70.323,55,-43.175,15.268,50.777,150.799,112.157,263.99,194.26,69.6,206.53,112.1
5435,577094.539231,69.693,52,-41.82,14.955,53.213,153.328,112.75,265.78,193.86,72.85,209.94,112.72
5436,577094.542971,70.871,49,-42.007,15.429,49.445,150.889,113.69,265.53,194.51,67.71,206.72,113.64
5437,577094.551572,72.745,53,-41.098,15.829,45.583,153.675,113.284,266.79,195.07,62.44,210.18,113.25
5438,577094.554602,73.495,51,-41.958,14.964,45.503,160.168,111.568,265.73,193.9,62.51,218.71,111.58
5439,577094.558564,70.587,55,-43.678,14.979,50.393,151.612,111.976,263.17,193.84,69.01,207.67,111.98
5440,577094.562803,69.05,41,-42.563,14.095,54.71,153.014,112.666,265.22,192.94,74.95,208.85,112.55
5441,577094.566943,70.811,54,-43.823,14.278,51.465,156.576,114.157,263.02,192.91,70.48,214.37,114.14
5442,577094.575877,71.845,53,-42.594,15.362,47.191,151.454,113.666,264.66,194.39,64.64,207.3,113.66
5443,577094.580428,73.808,53,-41.429,15.269,45.29,162.41,112.42,266.25,194.25,62.04,222.38,112.42
5444,577094.583498,70.793,59,-43.619,14.846,49.887,151.639,111.434,263.25,193.68,68.3,207.81,111.48
5445,577094.586912,68.874,46,-42.045,14.325,54.952,152.465,111.766,265.31,192.88,75.31,208.43,111.75
5446,577094.590785,69.922,55,-42.921,14.888,52.68,153.455,113.441,264.19,193.71,72.18,209.94,113.44
5447,577094.598789,71.417,61,-42.431,15.662,48.315,151.613,113.44,264.94,194.83,66.16,207.51,113.41
5448,577094.603272,73.441,54,-41.664,15.383,45.453,159.487,112.972,265.83,194.37,62.28,218.01,112.99
5449,577094.606864,71.84,59,-43.561,14.689,48.467,155.505,111.019,263.44,193.47,66.4,212.67,111.04
5450,577094.610871,70.188,56,-44.404,15.004,51.405,151.666,112.56,262.18,193.88,70.4,207.7,112.57
5451,577094.615901,69.714,54,-44.075,13.676,54.073,155.96,113.676,262.99,192.22,74.19,212.48,113.6
5452,577094.618457,71.76,54,-44.455,14.296,49.401,157.828,113.855,262.21,192.95,67.66,215.87,113.86
5453,577094.627233,72.457,58,-44.689,14.579,45.466,150.839,114.033,261.78,193.3,62.28,206.55,114.03
5454,577094.630854,71.939,56,-44.233,14.186,47.238,152.367,110.916,262.44,192.77,64.7,208.75,110.93
5455,577094.634871,70.144,62,-43.609,15.116,51.375,151.255,111.883,263.36,194.05,70.4,207.17,111.85
5456,577094.638845,69.543,51,-43.88,13.612,54.917,157.126,113.412,263.21,192.12,75.25,214.39,113.35
5457,577094.643032,71.283,54,-44.187,14.263,50.651,157.844,114.028,262.54,192.9,69.36,216.36,114.04
5458,577094.66426,70.039,46,-44.615,14.995,51.545,150.986,113.122,261.9,193.87,70.6,206.8,113.13
5459,577094.666839,70.894,51,-44.191,14.095,51.661,157.836,113.977,262.45,192.64,70.76,215.96,113.98
5460,577094.676392,71.579,56,-42.321,15.493,47.487,150.281,113.429,264.98,194.54,65.05,205.64,113.41
5461,577094.678648,73.749,51,-41.025,15.42,45.158,161.363,112.329,266.81,194.45,61.86,220.98,112.33
5462,577094.683411,71.199,57,-42.872,14.985,49.487,153.553,111.073,264.27,193.84,67.78,210.33,111.07
5463,577094.686512,69.557,49,-40.006,15.191,54.516,156.081,111.395,268.25,194.15,74.68,213.66,111.38
5464,577094.691626,69.758,54,-42.27,14.925,52.889,152.865,113.259,265.03,193.72,72.46,208.95,113.21
5465,577094.69493,71.344,56,-41.955,15.564,48.432,151.405,113.274,265.66,194.73,66.34,206.99,113.23
5466,577094.703439,73.27,56,-41.182,15.349,45.446,157.872,113.092,266.62,194.37,62.27,215.99,113.1
5467,577094.70705,71.875,61,-42.705,14.75,48.224,155.014,110.907,264.55,193.55,66.06,212.45,110.92
5468,577094.711282,70.094,59,-43.183,15.25,51.52,151.317,112.355,263.85,194.22,70.56,207.21,112.36
5469,577094.714555,70.064,51,-43.807,13.696,53.926,158.158,113.748,262.99,192.09,73.88,216.31,113.75
5470,577094.718935,71.819,49,-43.812,14.34,49.537,158.762,114.048,263.31,193.15,67.91,216.19,113.99
5471,577094.728626,72.463,55,-44.259,14.761,45.305,150.352,114.297,262.37,193.55,62.06,205.9,114.3
5472,577094.730938,72.605,49,-42.819,14.685,46.608,155.905,110.972,264.35,193.48,63.88,212.89,111.06
5473,577094.734646,70.157,55,-42.362,15.628,51.058,150.415,111.601,265.08,194.76,69.96,205.96,111.56
5474,577094.739226,69.217,46,-40.979,15.058,54.199,152.747,112.546,266.87,194.03,74.21,209.46,112.46
5475,577094.751913,72.117,59,-40.768,16.081,46.657,151.945,112.813,267.18,195.37,63.9,208.07,112.8
5476,577094.755728,73.346,55,-41.24,15.169,45.805,159.824,111.355,266.4,194.04,62.72,218.69,111.33
5477,577094.758918,70.812,53,-42.766,15.228,50.2,152.738,111.368,264.66,194.28,68.79,208.78,111.34
5478,577094.76363,68.606,46,-41.306,14.578,53.246,145.965,109.665,266.45,193.3,72.95,199.98,109.67
5479,577094.76684,70.781,54,-43.412,14.301,51.849,157.512,113.957,263.58,192.94,71.01,215.71,113.94
5480,577094.77076,71.866,53,-41.847,15.638,47.294,151.954,113.228,265.7,194.77,64.76,207.93,113.19
5481,577094.779254,73.763,53,-40.414,15.677,45.114,161.348,112.426,267.71,194.83,61.79,220.95,112.44
5482,577094.782725,71.157,57,-43.328,14.788,49.056,151.887,111.045,263.75,193.63,67.2,207.82,111.03
5483,577094.786738,70.416,48,-44.373,14.984,50.867,151.758,112.919,262.21,193.85,69.66,207.85,112.93
5484,577094.790615,70.116,54,-42.065,15.087,52.074,153.104,113.078,265.34,193.97,71.36,209.53,113.09
5485,577094.794706,71.895,50,-42.483,15.332,47.946,154.286,113.312,265.18,194.56,65.67,210.15,113.2
5486,577094.803104,73.35,52,-40.578,15.749,45.16,157.614,112.875,267.36,194.88,61.89,215.21,112.84
5487,577094.806466,72.096,55,-42.819,14.759,47.685,155.11,110.859,264.36,193.54,65.31,212.51,110.86
5488,577094.810787,70.274,55,-43.478,15.256,51.13,151.488,112.31,263.5,194.25,70.03,207.33,112.31
5489,577094.814818,69.584,53,-41.777,15.194,53.191,152.479,112.677,265.78,194.13,72.87,208.83,112.68
5490,577094.819347,71.527,50,-44.054,14.367,49.62,156.598,114.142,262.68,193.0,68.06,214.12,114.14
5491,577094.826784,72.402,51,-40.674,16.069,45.792,151.458,112.959,267.29,195.35,62.72,207.44,112.95
5492,577094.836064,70.408,58,-42.907,15.447,50.569,150.806,111.701,264.33,194.55,69.23,206.38,111.66
5493,577094.840305,69.593,54,-42.11,14.692,53.999,154.863,112.742,265.64,193.7,73.8,211.43,112.61
5494,577094.842557,71.292,51,-43.839,14.444,50.629,157.844,113.987,263.02,193.16,69.34,216.01,113.97
5495,577094.847762,72.339,57,-41.239,16.184,46.21,152.312,112.918,266.53,195.51,63.29,208.59,112.9
5496,577094.855126,73.873,55,-41.571,15.297,44.971,161.897,111.944,266.2,194.33,61.69,220.63,111.92
5497,577094.858866,71.05,55,-43.078,15.146,49.544,152.566,111.276,263.98,194.07,67.86,208.91,111.28
5498,577094.863579,69.676,47,-40.836,14.962,54.204,156.056,111.789,266.83,193.74,74.34,212.6,111.81
5499,577094.866733,70.59,49,-43.705,14.341,51.91,156.204,113.745,263.69,193.3,71.09,212.33,113.56
5500,577094.871375,71.946,55,-41.681,16.1,47.023,151.729,112.97,265.95,195.41,64.39,207.77,112.95
5501,577094.879469,73.604,54,-41.648,15.215,44.85,158.89,112.88,265.74,194.1,61.47,216.79,112.91
5502,577094.882767,71.838,60,-43.116,14.775,48.302,154.964,111.025,263.94,193.56,66.16,212.28,111.02
5503,577094.887552,70.694,52,-44.907,14.971,50.526,152.826,113.06,261.55,193.85,69.2,209.53,113.05
5504,577094.890674,69.679,54,-42.497,14.828,53.125,152.974,113.311,265.05,193.77,72.76,208.77,113.28
5505,577094.89495,71.958,57,-44.116,14.378,48.908,157.916,114.039,262.57,193.03,66.98,216.34,114.03
5506,577094.902835,72.49,55,-43.842,14.708,45.257,150.419,114.204,262.81,193.44,61.99,206.38,114.16
5507,577094.907346,72.073,60,-43.567,14.352,47.076,152.943,111.109,263.32,192.98,64.48,209.8,111.14
5508,577094.91152,70.406,57,-43.166,15.199,50.729,151.269,112.158,263.92,194.16,69.48,207.25,112.15
5509,577094.924187,72.154,58,-41.152,15.754,46.899,153.033,113.144,266.58,194.87,64.27,209.68,113.17
5510,577094.93121,73.332,56,-41.687,15.004,46.329,161.52,111.606,265.89,193.88,63.47,221.16,111.61
5511,577094.934628,70.626,54,-42.824,15.101,50.499,152.227,111.73,264.4,194.02,69.18,208.57,111.7
5512,577094.939088,68.399,47,-40.84,14.683,54.795,148.84,112.759,267.14,193.49,75.05,203.66,112.72
5513,577094.942652,70.023,52,-44.037,13.186,53.288,155.979,114.206,262.71,191.39,73.02,213.57,114.2
5514,577094.946832,71.674,55,-41.769,15.686,47.486,151.023,113.27,265.84,194.85,65.03,206.93,113.26
5515,577094.95564,73.872,52,-40.719,15.417,45.53,163.901,112.368,267.26,194.47,62.4,224.0,112.36
5516,577094.958498,70.795,59,-43.171,14.92,50.008,152.023,111.519,263.86,193.76,68.49,208.26,111.52
5517,577094.963106,69.529,46,-39.526,15.568,54.343,155.386,111.542,268.82,194.63,74.44,212.95,111.52
5518,577094.966785,69.918,50,-44.775,13.611,53.096,154.635,114.404,261.68,191.98,72.72,211.74,114.4
5519,577094.971297,71.227,52,-42.113,15.689,48.468,150.609,113.108,265.27,194.73,66.53,206.27,113.15
5520,577094.974686,72.972,50,-41.149,15.512,46.052,157.256,112.897,266.37,194.47,63.13,214.32,112.89
5521,577094.984174,71.268,54,-43.276,14.727,49.031,152.675,110.996,263.73,193.5,67.15,209.15,111.0
5522,577094.986477,70.125,56,-43.944,15.142,51.569,151.69,112.665,262.88,194.1,70.64,207.57,112.64
5523,577094.991294,69.901,56,-43.969,13.707,53.994,157.127,113.744,262.82,192.12,73.94,215.34,113.72
5524,577094.994832,71.545,52,-44.17,14.428,49.67,156.909,113.843,262.51,193.1,68.02,214.91,113.83
5525,577094.998762,72.029,51,-40.352,16.137,46.577,150.958,112.77,267.72,195.44,63.8,206.75,112.76
5526,577095.007266,72.547,55,-42.491,14.951,47.486,158.328,111.088,264.62,193.76,65.09,215.99,111.13
5527,577095.011802,70.086,61,-42.93,15.467,51.358,150.784,111.9,264.21,194.52,70.34,206.49,111.9
5528,577095.014558,69.729,51,-43.497,13.821,54.584,157.548,113.361,263.24,192.2,74.69,216.35,113.37
5529,577095.019607,71.131,55,-43.746,14.501,50.513,156.188,113.804,263.49,193.39,69.25,212.5,113.78
5530,577095.022775,72.009,54,-44.381,14.767,46.622,150.942,114.04,262.09,193.53,63.86,206.42,114.07
5531,577095.031249,72.562,48,-43.821,14.272,46.115,153.886,111.078,263.06,192.89,63.24,209.78,111.05
5532,577095.034773,70.532,56,-43.047,15.351,50.53,151.614,111.561,264.03,194.35,69.2,207.66,111.56
5533,577095.038693,68.961,48,-41.615,14.757,52.573,146.443,109.854,266.03,193.55,72.03,200.63,109.87
5534,577095.04277,70.946,54,-43.385,14.575,51.183,156.781,113.543,263.64,193.33,70.1,214.58,113.52
5535,577095.046635,71.878,54,-41.822,15.749,47.507,152.734,112.918,265.79,194.88,65.25,208.57,112.87
5536,577095.050718,73.433,55,-41.049,15.495,45.754,160.462,112.038,266.73,194.55,62.72,219.05,112.04
5537,577095.060177,71.177,62,-42.677,15.093,49.601,153.728,111.06,264.54,193.99,67.94,210.56,111.06
5538,577095.063129,69.753,47,-39.672,15.281,53.998,156.032,111.298,268.29,194.09,74.05,212.55,111.3
5539,577095.067479,70.275,48,-44.376,13.781,52.177,154.593,113.981,262.1,192.19,71.4,211.72,114.02
5540,577095.070478,71.567,55,-41.638,15.781,47.733,150.965,113.002,265.98,194.96,65.37,206.75,112.99
5541,577095.075347,73.477,59,-40.47,15.672,45.216,158.987,112.559,267.29,194.69,61.99,216.47,112.59
5542,577095.091562,70.315,57,-40.945,15.449,52.102,154.671,112.598,266.84,194.47,71.39,211.39,112.61
5543,577095.096276,72.001,48,-43.506,14.419,48.783,157.876,113.795,263.9,193.32,66.92,214.6,113.73
5544,577095.099812,72.232,50,-40.19,16.014,45.781,150.026,112.754,267.83,195.23,62.73,205.21,112.75
5545,577095.107475,72.553,54,-42.046,14.832,46.897,156.414,110.822,265.45,193.66,64.25,213.96,110.85
5546,577095.110964,70.372,59,-42.552,15.344,50.825,151.306,111.906,264.8,194.38,69.63,206.98,111.91
5547,577095.115194,69.86,52,-42.753,13.763,54.206,157.431,113.385,264.46,192.2,74.27,215.24,113.38
5548,577095.118725,71.671,51,-43.464,14.292,49.95,158.835,114.066,263.37,192.87,68.42,217.53,114.03
5549,577095.123505,72.589,54,-40.261,16.268,45.643,152.534,112.876,267.67,195.48,62.65,208.55,112.9
5550,577095.127241,73.567,57,-41.122,15.274,45.281,160.061,111.586,266.58,194.25,62.09,218.26,111.63
5551,577095.136195,70.842,54,-42.578,15.34,50.11,152.694,111.479,264.67,194.33,68.63,209.14,111.48
5552,577095.139158,70.624,44,-43.298,15.575,51.175,154.255,113.183,263.68,194.65,70.1,211.19,113.19
5553,577095.143042,70.922,48,-43.486,14.386,51.414,157.295,114.119,263.47,193.06,70.41,215.39,114.1
5554,577095.146661,72.02,58,-41.381,16.01,46.771,151.518,113.209,266.41,195.3,64.04,207.64,113.17
5555,577095.150974,73.69,54,-41.051,15.586,44.762,159.39,112.588,266.68,194.64,61.33,217.93,112.58
5556,577095.15964,71.602,59,-42.732,15.202,48.787,154.578,110.981,264.46,194.14,66.82,211.75,110.98
5557,577095.163433,69.958,46,-39.73,15.49,53.866,157.175,111.379,268.58,194.53,73.81,215.21,111.38
5558,577095.166788,69.949,53,-42.401,15.103,52.45,152.976,113.255,264.93,194.02,71.84,209.51,113.25
5559,577095.174501,73.781,55,-40.861,15.745,44.727,160.132,112.998,267.04,194.91,61.26,219.38,113.0
5560,577095.184154,72.52,58,-42.832,14.903,47.161,157.01,110.86,264.33,193.74,64.6,215.05,110.86
5561,577095.186514,70.467,58,-43.603,15.298,50.684,151.587,112.225,263.28,194.28,69.41,207.59,112.23
5562,577095.191639,69.419,50,-42.864,14.669,53.075,150.982,112.66,264.33,193.44,72.74,206.26,112.64
5563,577095.195127,72.129,52,-44.902,14.083,48.906,159.371,114.154,261.51,192.63,66.98,218.28,114.15
5564,577095.198799,72.698,52,-41.283,15.963,45.076,151.563,113.038,266.42,195.19,61.73,207.66,113.03
5565,577095.20242,73.649,51,-42.059,15.052,45.276,160.83,111.323,265.42,193.95,62.01,220.02,111.34
5566,577095.211374,70.661,55,-43.583,15.342,49.96,150.864,111.86,263.31,194.35,68.42,206.62,111.86
5567,577095.215352,68.916,50,-40.957,14.916,53.903,149.84,113.396,266.84,193.74,73.83,205.41,113.37
5568,577095.218524,71.095,50,-44.707,14.167,50.522,155.931,114.165,261.79,192.76,69.19,213.44,114.16
5569,577095.224053,72.212,58,-42.268,15.766,46.403,151.891,113.333,265.12,194.94,63.55,207.99,113.32
5570,577095.226397,73.861,59,-42.213,15.108,44.894,161.509,112.273,265.18,194.04,61.54,220.09,112.3
5571,577095.236163,71.421,53,-43.968,14.828,48.905,153.496,111.631,262.89,193.66,66.99,210.2,111.62
5572,577095.238503,70.166,42,-38.368,16.473,52.563,154.916,110.99,270.61,196.0,71.87,212.5,110.92
5573,577095.242572,70.928,51,-44.849,13.82,51.322,157.07,114.082,261.64,192.3,70.29,214.95,114.06
5574,577095.247196,72.132,56,-42.08,15.998,46.625,151.959,113.112,265.45,195.3,63.82,208.25,113.08
5575,577095.251405,73.766,56,-41.65,15.314,44.62,159.604,113.038,265.67,194.2,61.17,217.46,113.05
5576,577095.271548,72.094,54,-45.001,14.093,48.85,158.888,114.222,261.35,192.64,66.9,217.69,114.21
5577,577095.274682,72.472,49,-44.332,14.661,45.116,149.806,114.637,262.3,193.43,61.78,205.05,114.66
5578,577095.278925,72.602,57,-43.315,14.614,47.055,157.367,111.442,263.67,193.34,64.45,215.53,111.44
5579,577095.287279,70.441,63,-43.635,15.184,50.6,151.142,112.563,263.23,194.13,69.3,207.0,112.57
5580,577095.290865,69.669,46,-42.372,14.735,53.466,153.885,113.078,265.14,193.62,73.2,210.61,113.04
5581,577095.294645,71.277,54,-44.325,14.323,50.275,156.624,114.108,262.44,193.02,68.88,213.99,114.1
5582,577095.29969,72.206,52,-41.498,15.893,46.811,153.181,113.186,266.2,195.13,64.12,209.7,113.17
5583,577095.302655,73.121,55,-42.258,15.024,46.577,160.415,111.88,265.16,193.93,63.81,219.51,111.87
5584,577095.311313,70.763,54,-43.393,15.125,50.326,152.742,111.941,263.55,194.04,68.93,209.18,111.94
5585,577095.314613,69.724,50,-43.305,13.729,54.22,156.458,113.273,264.2,192.39,74.34,212.76,113.17
5586,577095.318676,71.061,50,-44.02,14.354,50.781,156.457,113.943,262.75,193.02,69.54,214.21,113.93
5587,577095.322725,71.889,59,-41.772,15.876,47.128,151.601,113.068,265.88,195.16,64.46,207.67,113.02
5588,577095.326605,73.476,56,-41.699,15.22,45.764,160.909,112.343,266.03,194.24,62.67,220.63,112.32
5589,577095.336328,71.11,58,-43.333,14.954,49.863,154.011,111.435,263.71,193.82,68.31,210.69,111.46
5590,577095.339063,70.168,50,-44.542,15.098,51.438,151.62,113.318,261.92,194.0,70.4,207.15,113.4
5591,577095.342701,70.046,51,-43.09,14.656,52.395,153.531,113.688,264.26,193.57,71.77,209.41,113.62
5592,577095.347122,71.551,59,-42.228,15.653,48.028,151.771,113.348,265.24,194.81,65.75,207.93,113.32
5593,577095.35494,71.69,59,-43.669,14.566,48.792,155.313,111.327,263.27,193.31,66.85,212.44,111.32
5594,577095.362737,70.113,53,-44.246,15.072,51.458,151.271,112.947,262.4,193.97,70.47,207.15,112.95
5595,577095.367258,69.886,51,-42.503,15.008,52.835,153.641,113.235,264.78,193.87,72.39,210.38,113.24
5596,577095.371347,71.957,53,-44.797,14.139,49.222,158.92,114.096,261.65,192.71,67.41,217.68,114.09
5597,577095.374696,72.12,54,-40.96,15.926,46.482,151.395,112.971,266.89,195.15,63.67,207.36,112.96
5598,577095.378486,72.028,53,-43.674,14.467,47.644,154.416,111.034,263.18,193.13,65.31,211.19,111.07
5599,577095.388029,70.161,57,-43.737,15.15,51.28,151.097,112.257,263.26,194.15,70.27,206.48,112.24
5600,577095.390694,69.243,47,-42.613,14.756,53.317,150.438,112.205,264.66,193.55,73.04,206.11,112.21
5601,577095.395379,71.387,56,-44.528,14.197,50.291,157.566,113.93,262.03,192.79,68.88,215.74,113.92
5602,577095.398688,72.04,50,-42.72,15.419,46.85,151.938,113.258,264.38,194.42,64.19,207.59,113.26
5603,577095.403325,73.276,52,-42.346,15.062,46.455,161.439,111.711,265.01,193.96,63.63,221.14,111.71
5604,577095.406372,70.421,57,-43.796,15.073,50.713,151.333,111.922,263.01,193.97,69.45,207.28,111.92
5605,577095.415918,69.696,50,-41.614,15.053,53.85,155.191,112.317,265.94,193.9,73.84,211.89,112.32
5606,577095.418539,70.78,53,-44.131,14.307,51.352,155.989,113.868,262.59,192.95,70.33,213.57,113.86
5607,577095.423428,71.754,58,-42.287,15.756,47.494,151.695,113.032,265.2,194.94,65.09,207.87,112.98
5608,577095.427332,73.666,54,-41.404,15.486,45.695,162.482,112.328,266.31,194.55,62.59,222.53,112.33
5609,577095.430905,71.326,54,-43.713,14.861,49.409,154.312,111.345,263.18,193.69,67.69,211.09,111.37
5610,577095.439822,69.891,46,-40.772,15.006,53.961,156.949,111.703,267.15,193.87,73.92,214.91,111.71
5611,577095.444136,70.508,49,-44.919,13.777,52.064,156.032,113.978,261.48,192.21,71.31,213.63,113.97
5612,577095.44672,71.427,49,-42.6,15.583,48.042,150.831,113.106,264.52,194.6,65.81,206.13,113.15
5613,577095.451674,73.299,52,-41.256,15.671,45.831,159.476,112.485,266.56,194.82,62.8,218.15,112.49
5614,577095.45464,71.201,53,-44.284,14.42,48.947,151.894,110.955,262.35,193.08,67.04,208.05,110.97
5615,577095.463373,70.249,55,-44.252,15.116,51.179,151.446,112.522,262.42,194.04,70.09,207.5,112.53
5616,577095.466447,70.298,56,-44.713,13.42,53.096,157.492,113.776,261.93,191.78,72.73,215.39,113.76
5617,577095.47093,72.032,53,-44.465,14.335,48.454,157.067,113.724,262.14,192.99,66.35,215.25,113.71
5618,577095.475191,72.742,55,-45.225,14.564,44.754,150.855,114.046,261.04,193.28,61.3,206.58,114.05
5619,577095.478671,72.755,52,-43.11,14.745,46.809,157.892,111.019,263.97,193.53,64.14,215.64,111.05
5620,577095.482857,70.347,56,-43.874,15.209,50.863,151.233,112.171,262.91,194.16,69.66,207.12,112.17
5621,577095.492243,68.993,50,-43.541,13.847,54.303,151.482,113.046,263.63,192.49,74.34,206.59,112.88
5622,577095.495529,71.767,50,-44.971,13.955,49.732,158.953,114.191,261.41,192.46,68.11,217.65,114.19
5623,577095.498434,72.524,59,-41.719,15.981,45.737,152.307,112.991,265.88,195.24,62.64,208.59,112.98
5624,577095.503692,74.015,55,-42.14,15.22,44.804,162.699,111.898,265.29,194.18,61.37,222.78,111.9
5625,577095.506902,71.266,51,-43.891,15.055,49.307,153.519,111.663,262.95,193.97,67.56,209.82,111.69
5626,577095.514951,71.127,42,-35.81,17.746,51.861,160.323,110.185,273.93,197.62,71.06,219.49,110.18
5627,577095.524039,72.127,51,-42.009,16.091,46.752,152.334,112.995,265.59,195.44,64.0,208.76,112.96
5628,577095.52845,73.658,51,-41.742,15.479,45.096,160.276,112.577,265.72,194.49,61.79,219.01,112.56
5629,577095.530777,71.63,56,-43.6,14.936,48.568,154.111,111.423,263.28,193.78,66.52,211.07,111.43
5630,577095.540057,70.777,52,-44.87,15.005,50.225,152.544,113.177,261.47,193.86,68.79,208.69,113.2
5631,577095.543012,70.703,51,-44.862,13.685,51.752,156.606,114.135,261.57,192.09,70.88,214.39,114.13
5632,577095.546612,72.642,50,-44.414,14.503,47.44,159.009,113.881,262.28,193.23,65.01,217.05,113.88
5633,577095.550589,72.331,48,-41.43,15.634,45.252,149.093,113.442,266.21,194.74,61.99,204.16,113.44
5634,577095.55487,72.273,60,-43.25,14.816,47.448,155.833,111.231,263.8,193.64,64.98,213.58,111.24
5635,577095.558766,70.467,56,-43.986,15.091,50.625,151.411,112.712,262.89,194.02,69.41,207.27,112.66
5636,577095.568086,69.858,57,-42.554,14.736,52.686,153.002,113.393,264.75,193.52,72.16,209.46,113.4
5637,577095.570467,72.068,47,-44.819,14.088,48.628,157.937,114.285,261.33,192.51,66.58,216.48,114.34
5638,577095.575377,72.498,50,-41.087,15.899,45.596,151.616,113.142,266.62,195.09,62.47,207.83,113.11
5639,577095.579378,73.059,54,-42.803,14.846,46.313,158.942,111.686,264.39,193.69,63.53,216.84,111.7
5640,577095.58268,70.471,57,-43.401,15.178,50.591,151.343,112.212,263.63,194.15,69.3,207.03,112.21
5641,577095.591763,69.657,52,-43.588,13.66,54.37,156.398,113.739,263.52,192.14,74.46,213.59,113.73
5642,577095.594855,70.519,46,-42.314,15.259,50.336,150.935,114.14,265.19,194.32,68.94,206.28,114.11
5643,577095.607218,70.593,63,-43.67,15.041,50.435,151.782,111.986,263.17,193.92,69.07,207.87,111.99
5644,577095.61487,68.955,44,-42.332,14.62,52.634,146.575,110.243,265.05,193.36,72.12,200.79,110.25
5645,577095.61855,70.325,56,-43.794,14.559,52.083,154.692,114.055,263.59,193.67,71.29,210.15,113.84
5646,577095.623046,71.618,59,-42.463,15.75,47.874,151.808,113.393,264.87,194.92,65.56,207.86,113.38
5647,577095.626556,73.345,52,-41.668,15.457,45.845,159.957,112.948,265.96,194.51,62.86,217.72,112.94
5648,577095.631165,70.972,53,-44.03,14.625,49.399,151.516,111.312,262.7,193.36,67.66,207.55,111.32
5649,577095.635262,70.175,55,-44.724,14.974,51.483,151.802,112.969,261.73,193.84,70.51,207.89,112.97
5650,577095.643744,70.005,58,-44.866,13.432,53.749,157.194,114.04,261.73,191.76,73.74,215.01,113.99
5651,577095.646474,72.134,51,-44.994,14.177,49.181,160.31,113.902,261.37,192.75,67.35,219.64,113.89
5652,577095.650904,72.935,49,-41.519,15.548,46.297,157.763,113.237,266.12,194.63,63.4,216.31,113.23
5653,577095.655242,71.963,47,-43.174,14.654,48.076,155.266,111.211,263.99,193.37,65.8,212.21,111.3
5654,577095.659217,69.974,56,-43.985,15.053,51.704,150.979,112.382,262.75,193.94,70.81,206.76,112.39
5655,577095.667997,69.214,57,-42.526,14.75,54.13,152.53,112.857,264.72,193.52,74.13,208.85,112.87
5656,577095.670651,71.497,51,-45.086,13.898,50.362,158.693,114.194,261.25,192.37,68.97,217.39,114.19
5657,577095.674717,71.913,56,-41.752,15.632,46.958,151.252,113.18,265.79,194.69,64.42,207.0,113.2
5658,577095.678766,73.081,59,-42.434,14.803,46.545,159.939,111.604,264.86,193.62,63.75,218.72,111.66
5659,577095.682764,70.437,53,-43.047,15.234,50.757,151.581,111.634,264.08,194.21,69.52,207.5,111.62
5660,577095.691286,69.412,52,-43.861,13.372,55.197,156.967,113.448,263.3,191.83,75.6,213.91,113.41
5661,577095.696133,70.924,50,-44.559,13.988,51.59,157.856,114.021,261.99,192.51,70.65,216.16,114.01
5662,577095.69858,71.596,58,-41.842,15.795,47.821,151.467,113.003,265.7,194.98,65.5,207.41,112.99
5663,577095.703838,73.118,55,-41.792,15.164,46.378,159.704,112.174,265.82,194.13,63.55,218.41,112.16
5664,577095.706392,70.91,58,-43.301,14.887,50.239,153.61,111.404,263.68,193.71,68.81,210.4,111.4
5665,577095.710554,69.366,42,-40.646,14.853,54.785,155.466,111.939,267.12,193.58,75.09,212.32,111.96
5666,577095.720165,70.082,50,-45.215,13.432,52.755,154.858,114.38,261.01,191.71,72.27,211.78,114.4
5667,577095.722574,71.429,59,-42.166,15.666,48.239,151.471,113.172,265.49,194.97,65.93,207.42,113.07
5668,577095.727923,73.143,54,-41.36,15.437,45.905,158.303,112.738,266.01,194.35,62.91,215.64,112.74
5669,577095.730547,71.416,61,-42.962,14.95,49.192,154.35,111.072,264.23,193.82,67.4,211.15,111.08
5670,577095.735069,70.135,55,-44.131,15.162,51.503,151.566,112.93,262.41,194.09,70.42,207.61,112.99
5671,577095.744005,69.77,56,-42.169,15.124,52.899,152.976,113.122,265.19,194.0,72.46,209.35,113.09
5672,577095.747065,71.512,49,-42.792,15.266,48.899,154.206,113.491,264.86,194.55,66.93,209.84,113.34
5673,577095.750787,73.089,49,-41.068,15.77,45.992,158.106,112.979,266.71,194.92,62.98,216.86,113.0
5674,577095.754837,72.299,53,-42.7,14.903,47.574,156.466,110.945,264.42,193.72,65.2,213.83,110.98
5675,577095.758821,70.133,52,-43.356,15.433,51.288,150.916,112.233,263.63,194.47,70.24,206.65,112.23
5676,577095.776435,72.218,58,-41.033,16.142,46.515,152.309,112.602,266.82,195.46,63.71,208.55,112.59
5677,577095.780189,72.712,50,-42.305,15.007,46.492,156.446,111.18,265.3,193.99,63.75,213.25,111.14
5678,577095.782402,69.885,54,-41.6,15.998,50.685,147.382,111.392,266.1,195.27,69.41,202.05,111.33
5679,577095.787072,68.845,50,-40.971,14.836,54.452,150.885,112.817,266.87,193.65,74.58,206.72,112.8
5680,577095.795553,71.393,48,-44.552,13.964,50.762,159.092,114.019,262.04,192.5,69.51,218.13,114.02
5681,577095.798625,72.129,58,-41.65,15.961,46.585,151.806,112.803,265.96,195.2,63.8,207.9,112.79
5682,577095.803084,73.648,55,-41.517,15.276,45.233,160.666,112.03,265.88,194.12,61.95,219.29,111.98
5683,577095.8067,71.124,62,-43.193,14.958,49.665,153.514,111.088,263.81,193.8,68.04,210.14,111.1
5684,577095.811002,70.477,51,-44.639,15.063,50.915,152.356,113.048,261.67,193.92,69.7,208.25,113.11
5685,577095.819615,70.353,51,-45.629,13.14,52.392,155.821,114.582,260.63,191.3,72.02,212.87,114.56
5686,577095.82241,72.884,49,-44.775,14.138,47.259,160.581,113.959,261.67,192.7,64.72,220.01,113.95
5687,577095.827637,73.819,48,-41.19,15.486,44.679,160.332,112.864,266.29,194.4,61.24,218.43,112.83
5688,577095.830374,71.482,53,-44.062,14.46,48.251,151.927,111.034,262.65,193.13,66.09,208.1,111.04
5689,577095.835481,70.283,51,-44.266,15.116,51.091,151.439,112.766,262.46,194.05,69.99,207.49,112.74
5690,577095.842846,70.209,51,-44.841,13.402,53.52,158.066,114.145,261.75,191.75,73.32,216.18,114.13
5691,577095.84685,71.317,53,-42.419,15.611,48.543,151.538,113.581,264.89,194.74,66.48,207.56,113.53
5692,577095.859659,70.541,57,-43.926,15.248,50.357,151.16,112.104,262.84,194.18,69.02,207.13,112.1
5693,577095.864618,69.561,51,-42.923,14.513,53.809,154.088,112.95,264.47,193.46,73.44,210.72,112.83
5694,577095.871989,71.201,55,-44.478,14.421,50.394,156.382,113.95,262.11,193.1,69.02,214.11,113.94
5695,577095.874725,72.404,54,-42.124,15.867,46.41,153.522,113.187,265.28,195.04,63.63,210.06,113.21
5696,577095.879203,73.492,57,-42.58,15.139,45.627,160.579,111.937,264.54,194.01,62.55,218.68,111.97
5697,577095.882999,70.94,55,-44.115,14.965,49.943,152.934,111.786,262.79,193.87,68.48,209.29,111.74
5698,577095.886822,69.007,47,-41.582,14.771,54.258,151.455,112.841,266.02,193.5,74.43,207.33,112.86
5699,577095.895062,70.868,45,-47.39,12.818,51.485,157.091,115.054,258.04,190.88,70.52,214.8,115.07
5700,577095.898652,71.919,58,-42.77,15.57,47.191,152.053,113.318,264.43,194.67,64.63,208.21,113.31
5701,577095.90355,73.796,56,-41.703,15.351,45.036,161.381,112.648,265.39,194.18,61.76,219.17,112.69
5702,577095.907079,71.587,59,-43.773,14.787,48.863,154.697,111.305,263.13,193.6,66.94,211.59,111.32
5703,577095.911495,70.303,48,-45.109,14.86,51.048,151.457,113.022,261.23,193.67,69.94,207.0,113.02
5704,577095.913897,69.973,52,-44.733,13.331,53.611,156.546,114.268,261.76,191.6,73.44,214.33,114.26
5705,577095.922641,71.426,56,-42.447,15.594,48.303,151.648,113.47,264.96,194.8,66.02,207.81,113.39
5706,577095.926763,73.18,53,-41.319,15.482,45.622,157.659,113.202,266.42,194.55,62.5,215.87,113.2
5707,577095.930455,72.171,55,-43.515,14.513,47.744,155.935,111.376,263.52,193.27,65.39,213.23,111.35
5708,577095.934862,70.243,56,-43.911,15.078,51.011,150.902,112.629,262.86,193.98,69.86,206.64,112.63
5709,577095.938754,69.433,57,-42.507,14.678,53.515,152.332,113.2,264.85,193.44,73.33,208.38,113.22
5710,577095.948253,71.709,53,-44.927,13.913,49.816,158.73,114.306,261.54,192.44,68.21,217.22,114.28
5711,577095.950962,72.046,54,-41.043,15.846,46.691,151.474,113.194,266.79,195.05,63.95,207.49,113.18
5712,577095.954673,72.903,54,-42.691,14.665,47.039,160.004,111.639,264.58,193.43,64.45,218.74,111.66
5713,577095.958513,70.26,53,-43.645,15.025,51.111,151.33,112.319,263.2,193.9,70.0,207.19,112.33
5714,577095.963685,68.552,43,-42.179,14.149,55.305,151.251,113.389,265.18,192.69,75.77,207.44,113.33
5715,577095.971174,71.021,51,-44.701,13.907,51.222,157.497,114.421,261.78,192.39,70.15,215.63,114.42
5716,577095.974763,71.71,61,-42.027,15.604,47.523,151.427,113.367,265.38,194.66,65.15,207.35,113.39
5717,577095.978786,73.177,55,-41.601,15.182,46.466,160.547,112.084,265.88,194.08,63.67,219.35,112.11
5718,577095.982817,70.487,53,-43.085,15.12,50.947,152.528,111.568,263.98,194.03,69.78,208.89,111.57
5719,577095.986747,70.581,43,-42.387,15.512,52.526,157.983,112.66,264.96,194.57,71.96,216.4,112.65
5720,577095.990544,69.203,49,-41.609,15.33,52.928,149.068,113.661,266.01,194.34,72.49,204.17,113.63
5721,577095.999762,71.069,55,-42.981,15.225,49.133,151.448,113.479,264.26,194.27,67.32,206.72,113.43
5722,577096.003036,73.266,51,-41.026,15.455,46.789,162.497,112.767,266.67,194.43,64.1,222.01,112.75
5723,577096.00742,70.576,54,-43.769,14.506,50.464,151.75,111.196,263.06,193.2,69.12,207.87,111.2
5724,577096.011102,69.767,50,-44.225,14.921,52.459,151.685,112.853,262.42,193.76,71.85,207.69,112.86
5725,577096.014872,69.333,57,-42.906,14.495,53.923,152.783,113.251,264.33,193.24,73.86,208.98,113.22
5726,577096.023565,70.864,59,-42.142,15.549,49.618,151.366,113.048,265.31,194.65,67.95,207.27,113.03
5727,577096.031707,71.615,59,-42.941,14.599,49.126,155.756,110.841,264.18,193.32,67.29,213.34,110.84
5728,577096.036827,69.476,58,-43.202,15.129,52.662,150.203,112.029,263.83,194.05,72.13,205.69,112.03
5729,577096.038872,69.193,56,-41.876,14.948,54.271,152.779,112.634,265.64,193.79,74.35,209.23,112.63
5730,577096.047639,71.387,50,-44.209,14.075,50.588,158.498,113.82,262.73,192.74,69.33,216.07,113.8
5731,577096.050457,71.995,54,-44.958,14.458,46.482,150.38,114.177,261.41,193.13,63.67,205.95,114.18
5732,577096.054861,72.757,53,-42.113,14.825,47.451,160.076,111.061,265.3,193.63,65.02,218.66,111.09
5733,577096.05871,69.37,58,-41.8,15.817,52.068,147.78,111.161,265.83,195.12,71.22,202.43,110.98
5734,577096.062766,67.966,49,-42.841,13.854,55.681,148.418,111.557,264.34,192.31,76.28,203.33,111.57
5735,577096.066898,70.586,49,-45.413,13.446,52.102,156.746,114.493,260.56,191.59,71.54,214.06,114.58
5736,577096.075572,71.693,59,-41.726,15.723,47.609,151.569,112.95,265.85,194.87,65.21,207.56,112.94
5737,577096.079377,73.269,56,-41.85,15.168,46.13,160.239,111.707,265.65,194.09,63.21,218.99,111.68
5738,577096.083146,70.682,57,-43.062,15.153,50.622,153.026,110.932,264.06,194.08,69.33,209.77,110.91
5739,577096.086865,69.585,46,-40.066,15.297,55.023,157.739,111.393,268.1,194.26,75.38,215.95,111.4
5740,577096.090567,69.976,51,-42.629,15.039,52.58,153.557,113.112,264.83,194.11,71.87,210.01,113.02
5741,577096.099554,71.514,59,-42.005,15.869,48.037,151.505,112.935,265.49,195.08,65.79,207.47,112.92
5742,577096.103112,73.64,55,-40.715,15.783,45.486,161.491,112.193,267.21,194.94,62.28,221.68,112.2
5743,577096.107246,71.491,59,-42.856,15.072,49.24,155.104,110.481,264.3,193.96,67.44,212.49,110.48
5744,577096.123484,71.91,57,-43.925,14.575,48.968,157.705,113.63,262.92,193.34,67.09,215.69,113.62
5745,577096.127189,73.11,51,-41.027,15.774,45.502,156.618,112.479,266.59,194.83,62.33,214.59,112.5
5746,577096.131136,72.511,54,-42.525,15.01,47.274,157.307,110.462,264.67,193.88,64.82,214.85,110.5
5747,577096.134431,70.237,57,-43.175,15.433,51.131,151.214,111.621,263.89,194.48,70.03,207.04,111.62
5748,577096.139012,69.979,54,-43.671,13.812,53.858,157.312,113.182,263.2,192.27,73.81,214.75,113.16
5749,577096.147248,71.782,51,-43.894,14.394,49.316,157.746,113.61,263.82,193.62,67.51,212.81,113.37
5750,577096.150723,72.751,55,-40.63,16.14,45.27,152.67,112.363,267.36,195.45,62.01,209.07,112.35
5751,577096.155375,73.699,57,-41.831,15.11,45.283,161.331,110.835,265.65,193.99,62.04,220.68,110.82
5752,577096.158418,70.779,54,-42.722,15.352,50.171,152.395,111.113,264.55,194.36,68.73,208.82,111.09
5753,577096.163146,68.766,47,-41.907,14.369,54.286,149.886,111.794,265.53,193.01,74.35,205.38,111.71
5754,577096.166931,71.248,50,-43.393,14.463,50.488,157.052,113.755,263.64,193.19,69.15,214.92,113.73
5755,577096.175605,72.344,58,-41.384,15.827,46.061,151.863,112.917,266.33,195.02,63.09,207.96,112.91
5756,577096.17856,74.024,56,-41.049,15.372,44.394,161.293,111.997,266.62,194.34,60.84,220.29,112.02
5757,577096.18365,71.434,61,-42.875,15.036,48.988,153.858,111.084,264.3,193.9,67.17,210.6,111.08
5758,577096.186657,70.308,46,-39.541,15.296,53.519,158.828,111.427,268.82,194.26,73.32,217.44,111.43
5759,577096.190522,70.351,53,-45.146,13.046,52.456,155.999,114.563,261.26,191.27,71.84,213.28,114.53
5760,577096.200208,71.989,58,-41.827,15.633,46.877,151.603,113.364,265.76,194.73,64.29,207.62,113.33
5761,577096.211889,70.367,52,-43.566,15.293,50.765,151.088,112.196,263.34,194.28,69.53,206.9,112.21
5762,577096.214771,70.022,51,-42.18,15.136,52.595,153.939,113.142,265.13,194.01,72.1,210.47,113.15
5763,577096.219025,71.467,51,-41.768,15.93,48.282,151.905,113.44,265.81,195.17,66.12,208.02,113.42
5764,577096.22709,73.624,52,-41.132,15.8,44.971,159.501,113.425,266.69,194.99,61.6,218.55,113.42
5765,577096.230616,72.701,50,-43.48,14.645,46.384,155.984,111.013,263.7,193.49,63.53,213.85,111.09
5766,577096.234735,70.519,50,-43.794,15.33,50.488,151.391,112.224,262.83,194.22,69.16,207.65,112.29
5767,577096.239349,69.402,43,-41.417,15.355,53.254,151.372,112.83,266.26,194.37,72.99,207.16,112.79
5768,577096.242464,71.875,50,-44.893,14.128,49.781,160.017,114.265,261.49,192.67,68.19,218.86,114.24
5769,577096.252506,72.357,57,-41.925,15.93,46.072,152.008,113.013,265.59,195.16,63.1,208.16,113.0
5770,577096.25446,72.688,49,-45.236,13.855,45.469,152.794,111.598,261.0,192.35,62.36,208.77,111.68
5771,577096.258554,70.852,58,-44.315,14.831,49.888,152.092,111.804,262.29,193.64,68.32,208.28,111.81
5772,577096.263105,69.375,44,-42.466,14.278,54.057,153.461,112.876,264.78,192.86,74.07,209.95,112.89
5773,577096.266835,70.991,51,-44.461,14.199,50.728,155.747,113.917,262.1,192.78,69.48,213.03,113.89
5774,577096.275881,72.099,57,-42.941,15.443,46.549,151.443,113.292,264.2,194.5,63.75,207.36,113.28
5775,577096.278476,73.649,54,-42.441,14.946,44.899,159.493,112.498,264.84,193.86,61.7,216.56,112.41
5776,577096.282911,71.448,59,-44.376,14.479,49.042,154.142,111.296,262.32,193.18,67.19,211.0,111.3
5777,577096.286811,70.39,53,-45.711,14.596,51.14,152.374,113.308,260.28,193.27,70.03,208.34,113.31
5778,577096.295727,71.536,61,-43.532,15.066,48.053,151.726,113.799,263.4,193.99,65.81,207.74,113.78
5779,577096.302875,73.411,55,-42.37,15.082,45.183,158.258,113.374,264.98,194.0,61.89,216.69,113.37
5780,577096.307144,72.097,61,-44.477,14.257,47.887,155.776,111.462,262.08,192.86,65.59,213.35,111.46
5781,577096.311091,70.168,59,-44.957,14.77,51.227,150.993,112.851,261.42,193.56,70.16,206.76,112.86
5782,577096.315037,69.621,54,-43.459,14.628,53.249,152.911,113.351,263.42,193.34,72.97,209.23,113.37
5783,577096.318525,70.899,50,-43.305,15.179,49.495,151.25,114.009,263.74,194.26,67.68,207.21,113.86
5784,577096.327386,72.454,56,-45.867,14.35,45.386,150.543,114.822,260.06,192.96,62.14,205.91,114.86
5785,577096.330548,73.154,52,-43.392,14.771,46.533,160.572,111.559,263.45,193.52,63.81,218.4,111.61
5786,577096.334587,70.165,57,-44.344,15.145,51.203,150.9,112.225,262.27,194.07,70.12,206.66,112.23
5787,577096.338655,68.341,50,-43.052,14.608,54.458,147.551,111.968,264.05,193.38,74.58,201.93,111.86
5788,577096.34265,71.255,56,-45.14,14.096,51.144,159.149,114.345,261.2,192.66,70.04,217.94,114.34
5789,577096.351925,71.945,52,-42.684,15.61,47.424,153.017,113.364,264.56,194.73,64.96,209.46,113.35
5790,577096.354954,73.014,55,-42.579,15.16,46.586,159.468,112.125,264.55,194.06,63.84,217.37,112.17
5791,577096.359177,70.555,60,-43.936,14.988,50.798,152.592,111.704,262.88,193.86,69.59,209.07,111.68
5792,577096.362746,69.856,45,-44.897,15.051,51.879,150.648,113.207,261.64,194.02,71.09,206.06,113.27
5793,577096.366721,70.464,49,-43.772,14.491,52.029,155.589,113.727,263.13,193.23,71.25,212.85,113.7
5794,577096.370844,71.494,52,-42.736,15.501,48.067,151.441,113.199,264.47,194.55,65.93,206.99,113.21
5795,577096.379617,72.987,49,-41.473,15.417,46.367,158.471,112.238,265.94,194.35,63.57,215.64,112.26
5796,577096.383898,71.037,54,-43.361,14.74,50.121,154.236,111.018,263.6,193.51,68.65,211.25,111.02
5797,577096.386755,70.172,47,-44.541,14.888,51.859,152.885,112.991,261.98,193.71,71.02,209.34,113.0
5798,577096.391133,69.635,55,-42.545,14.749,53.027,152.374,113.157,264.77,193.54,72.65,208.52,113.16
5799,577096.395616,72.233,50,-44.139,14.21,48.547,159.096,113.765,262.88,192.94,66.54,216.93,113.75
5800,577096.403793,73.344,51,-40.779,15.43,45.836,159.919,112.757,267.18,194.49,62.8,218.87,112.75
5801,577096.406525,71.196,55,-43.583,14.195,48.915,151.757,110.462,263.26,192.75,66.99,208.05,110.48
5802,577096.412184,69.643,54,-43.508,15.007,52.488,150.886,112.221,263.41,193.88,71.89,206.61,112.22
5803,577096.414569,69.267,52,-42.07,14.797,54.14,152.935,112.87,265.31,193.56,74.19,209.23,112.88
5804,577096.419435,71.377,53,-44.35,13.942,50.246,157.346,114.16,262.23,192.43,68.81,215.38,114.17
5805,577096.422031,72.09,54,-41.111,15.633,46.654,151.712,112.975,266.63,194.7,63.95,207.78,113.0
5806,577096.430899,73.13,52,-42.602,14.618,46.723,161.001,111.197,264.74,193.41,64.09,219.25,111.24
5807,577096.434497,70.079,54,-43.928,14.921,51.453,151.012,111.908,262.83,193.76,70.46,206.84,111.91
5808,577096.439242,68.513,48,-43.228,13.898,55.341,151.087,112.507,263.88,192.44,75.73,206.93,112.47
5809,577096.443404,70.874,49,-44.487,14.077,51.397,156.869,114.068,262.27,192.72,70.42,214.08,114.04
5810,577096.44644,72.0,56,-42.103,15.787,46.981,152.032,112.936,265.35,194.97,64.34,208.19,112.92
5811,577096.455824,73.387,55,-42.346,15.086,45.785,160.143,111.737,265.03,194.03,62.72,219.15,111.7
5812,577096.46776,70.104,61,-43.65,14.808,52.112,153.132,113.257,263.36,193.7,71.38,209.28,113.21
5813,577096.470983,71.698,60,-42.93,15.716,47.613,151.624,112.949,264.23,194.88,65.2,207.6,112.93
5814,577096.479401,73.514,58,-42.252,15.437,45.319,159.697,112.28,264.8,194.33,62.12,217.5,112.26
5815,577096.482738,71.605,64,-44.075,14.877,48.888,154.924,110.615,262.63,193.7,66.96,212.2,110.62
5816,577096.486643,70.185,53,-45.073,15.248,51.304,151.35,112.423,261.23,194.21,70.26,207.16,112.44
5817,577096.491101,70.025,55,-43.298,15.063,52.338,153.208,112.786,263.7,193.97,71.73,209.46,112.78
5818,577096.494691,71.705,55,-43.097,15.719,47.755,152.129,112.881,264.1,194.95,65.39,208.44,112.85
5819,577096.498584,73.401,52,-41.871,15.725,44.803,156.831,112.487,265.44,194.79,61.41,213.75,112.47
5820,577096.508179,72.27,53,-44.355,14.426,47.019,154.393,110.375,262.08,192.99,64.39,210.98,110.35
5821,577096.511607,70.561,54,-44.59,15.115,50.471,151.657,111.934,261.93,194.03,69.12,207.67,111.94
5822,577096.514624,69.662,47,-43.252,14.653,52.358,150.643,112.081,263.83,193.43,71.75,206.18,112.09
5823,577096.519466,72.009,55,-44.657,14.34,48.414,156.748,113.75,262.1,193.14,66.31,213.54,113.71
5824,577096.522297,73.068,59,-45.49,14.46,43.968,150.975,114.002,260.62,193.12,60.2,206.86,114.02
5825,577096.532346,73.936,54,-42.712,14.893,44.764,161.775,111.048,264.23,193.72,61.4,218.86,111.17
5826,577096.534566,70.854,55,-43.423,15.267,49.778,151.777,111.413,263.77,194.36,68.2,207.2,111.36
5827,577096.539015,68.957,47,-43.107,13.939,53.966,150.296,112.18,263.98,192.46,73.91,205.63,112.15
5828,577096.542878,71.601,51,-44.673,14.069,49.841,157.908,114.313,261.9,192.65,68.26,216.05,114.29
5829,577096.546633,72.796,53,-42.155,15.842,45.006,152.165,113.261,265.37,195.08,61.63,208.52,113.22
5830,577096.555829,74.253,55,-42.03,15.181,43.952,161.952,112.345,265.45,194.13,60.2,221.82,112.35
5831,577096.558413,71.548,59,-43.824,14.885,48.779,154.112,111.527,262.96,193.71,66.81,211.09,111.53
5832,577096.562953,70.914,45,-44.332,15.247,50.5,154.441,113.253,262.25,194.21,69.17,211.41,113.26
5833,577096.566724,70.514,51,-43.403,14.805,51.33,153.876,113.862,263.68,193.7,70.29,210.4,113.82
5834,577096.57065,71.973,57,-43.075,15.392,47.141,152.329,113.723,264.15,194.51,64.57,208.13,113.67
5835,577096.574693,73.86,55,-41.911,15.394,44.655,160.635,113.237,265.37,194.32,61.21,219.02,113.23
5836,577096.582627,72.028,61,-44.039,14.616,48.046,155.712,111.309,262.77,193.37,65.82,212.98,111.33
5837,577096.58664,70.477,56,-45.371,14.703,50.946,152.448,113.135,260.74,193.4,69.79,208.99,113.18
5838,577096.590802,69.768,57,-43.376,14.646,53.026,153.335,113.463,263.6,193.39,72.63,209.98,113.46
5839,577096.594692,71.231,52,-42.982,15.458,48.764,151.555,113.706,264.15,194.53,66.78,207.54,113.68
5840,577096.598601,73.284,52,-42.341,15.338,45.641,158.683,113.699,265.27,194.51,62.54,218.05,113.76
5841,577096.607922,71.542,53,-43.675,14.575,47.238,149.199,110.572,263.35,193.4,64.77,203.89,110.54
5842,577096.610886,70.104,56,-44.577,14.926,51.375,150.961,112.403,261.95,193.78,70.36,206.69,112.41
5843,577096.614674,68.443,46,-43.884,13.738,55.136,150.062,113.072,262.78,192.22,75.3,205.72,113.06
5844,577096.618685,71.985,48,-45.89,13.588,50.323,162.722,114.687,260.17,191.96,68.91,222.94,114.68
5845,577096.622494,72.178,47,-43.634,14.967,46.718,152.64,113.755,263.23,193.84,63.99,208.93,113.75
5846,577096.63958,69.616,45,-41.939,14.937,54.551,156.619,112.458,265.46,193.71,74.85,213.98,112.48
5847,577096.644355,70.188,50,-44.317,14.343,52.151,153.864,114.066,262.67,193.23,71.3,209.9,113.97
5848,577096.647744,71.517,61,-43.39,15.15,48.021,151.473,113.582,263.69,194.15,65.75,207.42,113.54
5849,577096.65066,72.99,54,-43.01,14.782,46.416,158.669,112.744,264.01,193.54,63.59,216.94,112.74
5850,577096.659874,70.785,59,-44.419,14.462,50.584,153.698,111.51,262.12,193.13,69.29,210.37,111.53
5851,577096.663418,69.311,49,-41.424,14.704,55.423,156.871,111.937,266.26,193.46,75.93,214.79,111.94
5852,577096.667169,69.563,50,-46.336,12.848,54.225,155.294,114.841,259.6,190.96,74.3,212.16,114.86
5853,577096.670902,71.013,56,-43.077,15.18,49.335,151.637,113.518,264.08,194.16,67.57,207.75,113.48
5854,577096.674625,72.891,51,-42.328,15.036,46.663,158.612,113.055,264.89,193.87,63.93,216.75,113.05
5855,577096.683939,71.264,57,-43.921,14.442,49.649,154.575,111.104,262.9,193.13,68.0,211.62,111.09
5856,577096.686725,69.165,51,-43.361,15.344,52.878,148.671,112.408,263.58,194.35,72.43,203.71,112.36
5857,577096.691661,69.061,61,-42.666,14.749,54.485,152.456,113.034,264.56,193.53,74.63,208.79,113.03
5858,577096.695042,71.588,53,-45.144,13.829,50.396,159.558,114.043,261.16,192.28,69.02,218.57,114.04
5859,577096.699108,71.894,50,-41.631,15.532,47.475,152.762,112.733,265.93,194.6,65.01,208.68,112.67
5860,577096.708073,72.304,54,-42.995,14.71,48.439,159.361,111.03,264.16,193.48,66.39,217.53,111.04
5861,577096.710552,69.492,55,-43.594,15.078,52.983,151.234,111.774,263.35,194.0,72.58,206.89,111.79
5862,577096.727646,72.614,58,-42.037,14.975,47.709,159.667,111.377,265.52,193.87,65.37,218.28,111.38
5863,577096.73596,70.033,53,-43.574,14.805,52.138,152.684,111.236,263.38,193.62,71.42,208.84,111.26
5864,577096.739065,69.649,45,-37.997,16.608,54.266,156.036,110.312,270.52,195.86,74.36,212.61,110.23
5865,577096.742939,69.588,49,-42.929,14.624,52.852,151.54,113.373,264.41,193.49,72.38,206.95,113.31
5866,577096.747306,71.415,59,-42.098,15.549,48.368,151.762,112.533,265.37,194.65,66.24,207.81,112.52
5867,577096.750876,72.998,53,-41.442,15.183,46.858,160.246,111.873,266.24,194.13,64.19,219.42,111.88
5868,577096.759381,70.229,58,-43.86,14.533,51.158,151.24,110.628,263.04,193.27,70.08,207.06,110.66
5869,577096.762868,68.894,47,-41.12,14.503,56.042,155.635,111.353,266.7,193.19,76.77,213.12,111.35
5870,577096.766783,69.516,55,-42.817,14.75,53.394,152.579,112.785,264.37,193.54,73.13,208.96,112.78
5871,577096.770871,71.85,54,-44.248,14.272,49.146,157.77,113.344,262.51,192.92,67.32,215.74,113.35
5872,577096.774826,72.768,49,-41.233,15.471,46.473,156.88,112.181,266.3,194.42,63.7,213.81,112.13
5873,577096.783969,71.543,55,-43.462,14.556,49.064,154.975,110.438,263.53,193.29,67.21,212.38,110.46
5874,577096.786792,69.614,56,-43.733,15.163,52.457,150.593,111.848,263.32,194.21,71.86,205.79,111.78
5875,577096.791313,69.476,59,-42.367,14.941,53.671,153.086,112.421,265.0,193.8,73.52,209.55,112.41
5876,577096.794516,71.92,53,-44.702,14.069,49.584,159.768,113.643,261.82,192.6,67.93,218.7,113.67
5877,577096.798973,72.384,56,-41.41,15.791,46.062,152.2,112.219,266.14,194.91,63.13,208.07,112.23
5878,577096.802974,72.593,55,-42.945,14.741,47.007,157.135,110.483,264.28,193.57,64.41,215.39,110.52
5879,577096.812157,70.044,57,-43.101,15.505,51.361,150.489,111.157,264.08,194.6,70.37,206.05,111.11
5880,577096.814531,69.487,48,-41.898,15.111,54.045,154.229,112.07,265.73,194.0,74.29,210.03,112.08
5881,577096.819219,70.883,49,-43.36,14.875,50.623,154.576,113.144,263.8,193.79,69.36,210.78,113.11
5882,577096.822733,72.201,54,-41.722,16.134,46.569,152.343,112.196,265.8,195.41,63.8,208.36,112.18
5883,577096.826467,73.388,56,-42.118,15.309,45.637,159.629,111.392,265.23,194.27,62.53,218.26,111.41
5884,577096.835657,70.993,61,-43.596,15.209,49.832,153.009,110.979,263.28,194.15,68.25,209.54,110.99
5885,577096.839101,69.896,48,-40.966,15.153,53.986,157.063,111.472,266.93,194.09,73.95,214.49,111.41
5886,577096.84355,70.569,49,-43.922,14.632,51.442,154.632,112.961,263.36,193.74,70.41,209.76,112.74
5887,577096.847247,71.751,57,-43.038,15.685,47.654,152.181,112.586,264.2,194.85,65.36,208.08,112.56
5888,577096.851518,73.577,55,-41.961,15.686,45.155,159.711,112.436,265.23,194.72,61.94,217.84,112.41
5889,577096.859037,72.316,61,-44.127,14.789,47.444,156.186,110.87,262.56,193.58,64.98,213.94,110.87
5890,577096.863457,70.55,47,-40.237,15.461,52.258,156.935,110.899,267.9,194.5,71.59,214.88,110.9
5891,577096.867255,71.011,51,-44.896,13.783,51.559,158.459,113.197,261.54,192.22,70.61,216.99,113.19
5892,577096.871329,71.613,55,-42.543,15.974,47.858,151.724,112.319,264.75,195.23,65.54,207.78,112.3
5893,577096.875218,72.578,57,-44.493,14.877,45.532,152.074,113.431,261.53,193.61,62.21,207.34,113.59
5894,577096.879262,72.939,60,-43.928,14.591,46.28,157.739,111.38,262.91,193.39,63.5,215.24,111.46
5895,577096.886861,71.302,59,-44.465,14.911,48.708,151.941,112.365,262.08,193.74,66.7,208.07,112.35
5896,577096.896671,72.576,56,-45.295,13.959,48.121,160.703,113.542,260.97,192.46,65.9,220.13,113.54
5897,577096.900057,72.528,50,-42.094,15.7,46.098,153.536,112.719,265.37,194.86,63.15,210.16,112.71
5898,577096.902395,72.957,51,-43.413,14.685,46.192,157.601,111.778,263.46,193.4,63.28,215.5,111.76
5899,577096.912327,71.131,53,-44.274,14.858,49.281,152.377,112.537,262.66,193.79,67.59,207.87,112.47
5900,577096.914966,70.015,44,-42.124,14.254,52.178,152.666,113.589,265.22,192.86,71.51,209.18,113.53
5901,577096.919582,72.301,49,-44.555,14.084,48.358,159.063,114.025,262.28,192.78,66.29,216.5,113.96
5902,577096.92311,72.497,56,-41.703,15.993,45.75,152.115,112.851,265.88,195.24,62.66,208.29,112.84
5903,577096.927217,73.32,57,-42.14,15.293,45.858,159.772,112.366,265.37,194.33,62.84,218.39,112.35
5904,577096.929953,70.953,60,-43.635,15.073,50.071,153.431,112.049,263.29,193.99,68.59,209.91,112.07
5905,577096.93844,70.879,45,-44.809,15.102,50.413,153.901,114.051,261.5,193.98,69.0,210.83,114.08
5906,577096.942871,71.029,48,-43.796,14.428,50.657,155.829,114.253,263.1,193.16,69.39,212.87,114.2
5907,577096.946451,71.953,57,-42.249,15.863,47.033,151.821,113.179,265.16,195.08,64.41,207.9,113.16
5908,577096.950532,73.394,58,-41.227,15.722,45.862,160.477,112.926,266.53,194.86,62.87,218.69,112.87
5909,577096.954857,71.369,60,-43.427,14.953,49.43,154.719,111.581,263.58,193.83,67.73,211.65,111.58
5910,577096.963105,70.298,53,-45.219,14.932,51.353,152.326,113.646,261.05,193.78,70.33,208.62,113.65
5911,577096.966618,70.033,52,-43.08,14.799,52.567,153.94,113.591,264.0,193.6,72.0,210.79,113.58
5912,577096.970568,71.747,55,-44.62,14.374,49.302,157.411,113.805,261.82,193.0,67.54,215.23,113.8
5913,577096.978904,72.062,53,-43.374,14.632,48.164,156.383,111.191,263.71,193.42,65.99,214.11,111.24
5914,577096.988025,70.023,54,-43.786,15.091,51.58,150.974,112.247,263.07,194.01,70.63,206.85,112.24
5915,577096.990332,69.328,50,-42.792,14.441,53.916,152.728,112.833,264.45,193.13,73.87,209.0,112.83
5916,577096.995402,71.545,54,-45.035,13.717,50.57,159.747,113.841,261.34,192.13,69.25,218.82,113.83
5917,577096.999268,71.73,49,-42.138,15.405,47.946,152.944,112.66,265.31,194.45,65.68,209.32,112.65
5918,577097.002684,72.446,54,-42.82,14.595,48.021,159.215,111.736,264.36,193.32,65.78,218.05,111.74
5919,577097.006739,70.226,57,-44.1,14.377,51.591,152.496,111.955,262.7,193.08,70.66,208.59,111.92
5920,577097.015762,68.244,44,-41.886,13.979,55.097,148.649,112.888,265.63,192.48,75.47,203.64,112.88
5921,577097.018624,71.198,52,-45.378,13.035,51.339,159.29,114.328,260.87,191.2,70.31,218.18,114.32
5922,577097.023416,71.654,59,-42.493,15.074,47.723,151.618,112.948,264.79,193.98,65.36,207.71,112.94
5923,577097.027048,72.559,59,-42.363,14.622,47.256,157.663,112.293,264.72,193.23,64.72,215.47,112.28
5924,577097.031148,70.543,59,-43.997,14.243,51.304,154.021,111.55,262.73,192.83,70.27,210.95,111.55
5925,577097.03949,69.826,48,-45.358,14.362,52.572,152.437,113.686,260.86,193.0,72.01,208.71,113.69
5926,577097.04314,69.607,56,-43.594,14.246,53.139,152.501,113.842,263.3,192.84,72.79,208.84,113.84
5927,577097.046429,72.341,52,-45.528,13.586,48.615,160.26,114.298,260.64,191.95,66.58,219.57,114.29
5928,577097.051534,73.023,50,-42.039,15.131,46.581,159.534,112.856,265.39,194.04,63.8,218.72,112.87
5929,577097.054796,70.99,58,-43.731,14.659,50.479,154.97,111.076,263.22,193.44,69.15,211.88,111.08
5930,577097.071628,71.072,59,-45.252,14.125,51.14,157.654,114.138,261.1,192.72,70.06,215.63,114.12
5931,577097.076351,72.139,51,-42.563,15.567,47.642,155.33,112.99,264.72,194.66,65.26,212.66,112.99
5932,577097.078996,72.045,54,-43.137,15.007,48.769,158.206,110.694,263.8,193.9,66.86,215.31,110.76
5933,577097.08322,69.547,58,-43.937,15.495,52.769,151.011,111.41,262.91,194.59,72.27,206.63,111.39
5934,577097.092142,67.685,45,-43.886,14.129,56.49,148.776,112.522,262.9,192.69,77.37,203.78,112.52
5935,577097.094417,70.346,51,-44.247,14.84,51.857,154.179,113.124,262.54,193.71,71.01,210.75,113.13
5936,577097.09927,71.615,58,-45.914,14.693,47.656,151.097,113.454,260.1,193.45,65.26,206.91,113.46
5937,577097.102512,72.977,55,-42.332,15.358,47.069,160.775,110.866,264.74,194.28,64.53,218.7,110.9
5938,577097.107052,70.506,53,-43.98,15.097,51.028,152.91,110.607,262.83,194.01,69.9,209.51,110.58
5939,577097.116425,68.786,41,-43.08,14.103,54.152,149.651,110.464,264.1,192.69,74.22,204.82,110.48
5940,577097.118814,70.92,52,-44.173,14.347,51.136,156.432,112.803,262.55,193.01,70.03,214.16,112.79
5941,577097.123573,71.809,55,-42.615,15.498,47.361,151.707,111.931,264.6,194.54,64.86,207.91,111.94
5942,577097.12718,73.4,54,-41.82,15.161,45.998,161.008,111.299,265.35,193.96,63.07,218.95,111.31
5943,577097.131032,71.075,62,-43.909,14.52,49.983,154.109,110.413,262.86,193.21,68.46,211.08,110.41
5944,577097.13986,70.479,54,-45.517,14.496,50.751,151.883,112.76,260.66,193.18,69.51,207.98,112.77
5945,577097.142486,70.609,57,-43.224,14.376,50.883,153.252,112.903,263.81,193.03,69.69,209.87,112.9
5946,577097.1474,72.26,54,-42.365,15.11,46.471,152.512,112.651,265.07,194.09,63.65,208.63,112.62
5947,577097.155653,72.075,66,-43.435,14.356,47.696,154.968,110.716,263.51,192.99,65.33,212.28,110.72
5948,577097.160475,70.261,56,-44.029,14.865,50.973,150.928,112.371,262.88,193.77,69.85,206.21,112.34
5949,577097.16738,69.489,46,-43.249,14.003,53.201,151.836,113.22,263.97,192.66,72.89,208.1,113.26
5950,577097.170562,72.127,54,-44.624,13.967,48.38,157.632,114.168,261.95,192.49,66.26,215.98,114.14
5951,577097.174716,73.129,51,-41.891,15.504,44.721,154.094,113.341,265.65,194.59,61.26,210.9,113.33
5952,577097.178713,73.653,48,-43.069,14.77,45.273,160.851,111.393,264.06,193.56,62.07,219.21,111.46
5953,577097.182467,70.564,55,-43.634,15.411,50.175,150.785,112.129,263.26,194.42,68.74,206.55,112.16
5954,577097.192023,68.814,49,-41.023,15.031,54.13,149.779,113.668,266.8,193.92,74.14,205.18,113.65
5955,577097.195003,71.331,49,-44.287,14.734,50.542,157.895,113.984,262.65,193.7,69.25,215.04,113.9
5956,577097.199291,71.974,58,-42.573,16.077,47.037,152.001,113.298,264.71,195.37,64.42,208.14,113.29
5957,577097.202749,73.77,59,-42.086,15.724,45.258,161.928,112.65,265.31,194.84,61.97,221.65,112.64
5958,577097.206811,71.537,54,-44.067,15.389,48.686,153.737,111.782,262.7,194.43,66.7,210.25,111.8
5959,577097.215836,69.231,48,-41.356,15.2,53.626,151.23,112.631,266.45,194.18,73.47,206.81,112.63
5960,577097.218438,70.513,52,-44.151,14.973,51.708,155.006,113.14,263.0,194.16,70.8,210.61,112.97
5961,577097.222908,71.298,56,-43.635,15.883,48.842,152.327,112.972,263.36,195.17,66.92,207.88,112.91
5962,577097.226827,72.897,51,-42.913,15.594,46.432,157.883,113.099,263.72,194.52,63.78,214.98,113.15
5963,577097.230634,71.69,54,-44.922,14.567,47.831,152.251,111.526,261.45,193.29,65.54,208.33,111.57
5964,577097.244386,70.662,60,-45.079,13.837,51.937,156.846,113.303,261.43,192.36,71.15,214.28,113.29
5965,577097.248069,71.664,51,-45.322,14.503,49.347,156.858,113.158,261.03,193.25,67.59,214.48,113.14
5966,577097.250511,71.625,52,-42.193,15.669,47.516,150.732,112.986,265.11,194.75,65.14,206.09,113.01
5967,577097.256004,72.171,61,-44.935,13.937,47.556,155.324,111.895,261.44,192.42,65.14,212.64,111.91
5968,577097.258434,71.128,55,-45.352,14.326,49.293,152.396,112.916,260.87,192.95,67.51,208.64,112.92
5969,577097.267606,70.773,48,-45.765,12.783,51.888,157.562,114.001,260.32,190.86,71.09,215.33,114.0
5970,577097.271163,71.796,50,-45.613,13.649,49.097,157.158,113.848,260.55,192.04,67.24,215.15,113.84
5971,577097.274478,71.701,52,-42.454,15.364,47.399,150.964,112.976,264.86,194.38,64.92,206.73,112.97
5972,577097.278564,72.443,57,-43.788,14.154,47.633,157.904,112.35,262.94,192.7,65.34,215.09,112.4
5973,577097.283367,70.581,63,-45.086,14.129,50.524,151.962,112.996,261.24,192.68,69.2,208.12,113.0
5974,577097.291884,69.208,48,-43.984,13.197,53.63,151.079,113.275,262.77,191.38,73.42,206.91,113.22
5975,577097.294478,71.528,51,-45.333,13.434,50.011,157.844,114.468,261.4,192.04,68.46,214.67,114.36
5976,577097.299386,71.775,53,-42.864,15.171,47.545,152.021,113.501,264.31,194.13,65.12,208.12,113.49
5977,577097.302668,72.351,56,-43.161,14.605,47.769,157.562,112.877,263.89,193.34,65.43,215.79,112.88
5978,577097.306689,70.019,60,-44.403,14.54,52.019,152.229,112.564,262.18,193.24,71.24,208.49,112.56
5979,577097.310857,69.659,46,-46.07,14.36,52.499,151.03,114.527,259.9,193.0,71.9,206.83,114.54
5980,577097.319798,70.193,50,-45.896,12.926,53.444,157.72,115.171,260.16,191.01,73.28,216.01,115.18
5981,577097.33244,70.601,59,-44.246,14.745,51.302,154.456,111.744,262.5,193.55,70.24,211.34,111.75
5982,577097.334612,69.372,57,-45.222,14.957,53.419,151.629,113.432,260.88,193.73,73.11,208.01,113.49
5983,577097.344365,69.074,54,-43.249,14.987,54.731,153.235,113.143,263.76,193.85,74.97,209.83,113.14
5984,577097.346624,70.312,54,-44.24,14.933,51.838,153.87,113.426,262.86,194.05,71.04,209.19,113.32
5985,577097.351241,71.711,59,-42.6,15.485,49.188,156.747,113.108,264.68,194.55,67.37,214.74,113.11
5986,577097.354635,71.191,57,-44.183,14.475,50.114,155.434,111.011,262.66,193.24,68.66,213.0,111.03
5987,577097.358934,69.243,63,-44.508,15.062,53.424,150.742,111.96,262.09,193.98,73.18,206.28,111.96
5988,577097.368215,68.03,52,-43.179,14.321,56.456,150.907,112.344,263.82,192.91,77.58,206.52,112.32
5989,577097.37138,70.55,51,-45.406,13.926,53.013,159.205,113.105,260.78,192.4,72.63,217.7,113.11
5990,577097.374652,70.677,56,-42.952,15.373,50.051,151.265,112.365,264.16,194.38,68.54,207.25,112.37
5991,577097.378843,72.235,56,-43.145,14.529,48.458,158.817,111.697,264.02,193.28,66.67,215.81,111.73
5992,577097.383507,70.303,59,-44.394,14.368,51.299,152.199,111.362,262.24,193.01,70.27,208.52,111.34
5993,577097.386943,69.43,52,-42.509,14.406,54.169,154.175,111.697,264.78,193.05,74.21,211.12,111.7
5994,577097.395252,70.185,50,-44.373,13.837,52.666,155.364,112.831,262.27,192.31,72.13,212.69,112.82
5995,577097.399337,70.64,56,-43.448,14.853,50.023,150.901,112.517,263.51,193.68,68.51,206.59,112.51
5996,577097.402878,72.063,53,-42.66,14.572,48.284,156.785,112.341,264.49,193.28,66.22,214.04,112.3
5997,577097.407283,70.505,60,-44.697,13.749,50.443,151.15,111.659,261.78,192.16,69.08,207.03,111.67
5998,577097.419622,70.146,54,-43.394,14.088,51.996,153.101,112.926,263.59,192.64,71.21,209.66,112.92
5999,577097.423176,72.172,53,-45.28,13.64,49.052,160.22,113.425,260.97,192.01,67.17,219.55,113.42
6000,577097.427939,72.453,52,-41.688,15.065,47.764,158.432,112.972,265.85,193.95,65.44,216.79,112.98
6001,577097.430311,71.185,60,-43.731,14.246,49.933,154.825,111.675,263.07,192.83,68.39,211.94,111.69
6002,577097.435155,70.1,56,-44.998,14.449,51.733,151.988,113.396,261.43,193.1,70.93,208.25,113.36
6003,577097.438514,69.565,54,-42.959,14.413,53.368,152.852,113.495,264.38,193.28,72.86,209.22,113.37
6004,577097.447968,71.121,50,-42.127,15.764,49.12,151.809,113.165,265.32,194.94,67.27,207.87,113.15
6005,577097.450578,72.168,51,-41.572,15.769,47.291,154.429,112.883,266.16,194.97,64.76,211.7,112.86
6006,577097.454513,71.744,60,-42.826,15.145,48.984,156.371,111.454,264.3,194.05,67.11,213.91,111.46
6007,577097.459294,69.552,59,-43.441,15.622,52.62,150.615,112.369,263.55,194.75,72.07,206.14,112.35
6008,577097.462451,69.672,50,-41.287,15.954,53.639,154.405,112.464,266.53,195.21,73.5,211.07,112.45
6009,577097.471913,71.299,50,-44.467,14.614,51.102,159.379,113.639,262.12,193.36,69.98,218.28,113.63
6010,577097.474984,71.392,56,-41.733,16.446,48.245,151.197,112.449,265.92,195.89,66.07,207.17,112.41
6011,577097.479321,72.642,55,-41.957,15.767,47.635,159.671,111.525,265.43,194.89,65.27,218.26,111.54
6012,577097.483213,70.354,56,-43.461,15.597,51.473,153.101,111.296,263.45,194.68,70.5,209.71,111.3
6013,577097.486833,69.857,48,-44.926,15.57,52.1,151.291,112.803,261.47,194.68,71.34,207.28,112.84
6014,577097.495986,70.003,52,-43.696,14.874,52.845,154.53,112.972,263.77,194.14,72.23,209.86,112.71
6015,577097.508044,71.375,61,-43.265,15.081,49.363,154.56,110.617,263.73,193.98,67.61,211.7,110.62
6016,577097.510951,70.336,50,-44.628,15.243,51.066,151.757,112.31,261.87,194.2,69.94,207.83,112.32
6017,577097.515659,70.217,52,-44.669,13.7,53.473,157.991,112.918,261.96,192.14,73.25,215.99,112.92
6018,577097.523949,71.841,53,-44.64,14.404,49.652,159.321,112.95,261.97,193.09,68.01,217.94,112.97
6019,577097.526724,72.274,50,-45.079,14.513,45.827,150.519,113.882,261.19,193.19,62.76,206.28,113.87
6020,577097.531956,72.308,58,-43.299,14.435,47.326,155.73,110.954,263.8,193.14,64.84,213.15,111.0
6021,577097.535021,70.609,60,-43.729,14.904,50.114,150.943,111.9,263.1,193.73,68.62,206.71,111.88
6022,577097.538433,70.004,52,-43.146,14.014,53.022,155.054,112.684,264.4,192.84,72.59,210.93,112.52
6023,577097.548508,71.295,52,-44.961,13.91,50.485,157.426,113.305,261.4,192.38,69.16,215.27,113.29
6024,577097.550766,71.477,55,-41.608,15.659,47.879,150.712,112.798,266.08,194.85,65.51,206.45,112.74
6025,577097.554564,73.142,55,-42.835,14.483,46.374,159.909,112.047,264.45,193.22,63.55,218.83,112.08
6026,577097.558534,71.151,54,-43.809,14.711,49.048,151.819,112.302,262.98,193.48,67.18,207.84,112.31
6027,577097.563151,70.466,53,-43.896,13.352,52.803,157.922,113.223,262.96,191.67,72.32,216.06,113.2
6028,577097.571593,70.502,46,-41.977,15.424,50.37,150.91,112.95,265.42,194.48,69.01,206.76,112.86
6029,577097.575118,71.332,55,-42.114,15.888,48.611,151.872,112.828,265.38,195.14,66.59,207.73,112.8
6030,577097.579214,72.847,58,-42.382,15.18,47.215,160.091,112.828,264.97,194.13,64.67,219.27,112.83
6031,577097.582955,71.151,57,-43.956,14.825,49.63,153.621,112.349,262.78,193.63,67.98,210.38,112.35
6032,577097.590944,71.065,49,-44.235,14.429,50.967,157.065,113.655,262.38,193.09,69.84,214.52,113.63
6033,577097.599045,71.182,59,-42.458,16.103,48.826,151.371,112.678,264.93,195.42,66.85,207.42,112.65
6034,577097.603561,72.509,55,-41.681,15.926,48.017,159.761,112.754,265.96,195.17,65.78,218.68,112.75
6035,577097.606566,71.102,61,-44.082,14.995,50.269,155.207,111.942,262.62,193.87,68.85,212.6,111.94
6036,577097.611256,70.477,52,-45.464,15.125,50.827,152.094,113.827,260.72,194.04,69.61,208.28,113.83
6037,577097.614359,70.347,54,-43.252,15.046,51.69,153.692,113.209,263.77,193.94,70.8,210.47,113.2
6038,577097.623793,72.245,51,-45.197,14.596,48.889,160.321,113.187,261.0,193.29,66.97,219.26,113.18
6039,577097.626483,72.344,52,-41.995,15.853,47.721,157.336,112.705,265.31,194.95,65.36,215.52,112.71
6040,577097.631328,71.667,56,-43.431,15.027,49.357,156.92,111.365,263.52,193.91,67.6,214.9,111.37
6041,577097.63439,70.065,58,-44.146,15.199,51.573,151.26,112.568,262.53,194.15,70.63,207.15,112.57
6042,577097.638773,70.012,51,-42.694,14.838,52.626,153.956,112.84,264.53,193.63,72.18,210.25,112.88
6043,577097.647098,71.738,51,-45.032,14.045,49.768,158.816,113.275,261.57,192.7,68.21,216.58,113.24
6044,577097.651433,71.491,54,-41.717,15.779,47.976,151.125,112.189,265.77,194.9,65.71,206.71,112.15
6045,577097.654413,72.592,57,-42.856,14.64,47.912,160.143,111.588,264.36,193.41,65.65,218.94,111.58
6046,577097.659382,70.375,53,-43.92,14.586,51.146,152.286,112.016,262.91,193.34,70.05,208.38,112.0
6047,577097.663265,68.261,40,-42.624,13.628,54.422,146.937,113.12,264.72,192.1,74.56,201.15,112.99
6048,577097.665851,71.32,49,-45.163,13.253,50.765,158.505,113.772,261.03,191.45,69.61,215.84,113.78
6049,577097.679754,71.828,47,-40.693,15.16,47.497,152.298,112.447,267.14,194.1,65.15,208.52,112.36
6050,577097.68404,70.345,57,-44.569,13.953,50.927,151.407,112.105,261.98,192.45,69.74,207.49,112.11
6051,577097.687439,69.795,46,-41.302,14.153,54.092,156.615,112.368,266.2,192.63,74.14,213.87,112.43
6052,577097.690583,70.579,49,-44.117,13.713,51.586,155.14,113.851,262.61,192.14,70.67,212.14,113.84
6053,577097.699656,71.352,60,-42.686,15.139,48.439,151.49,113.077,264.6,194.11,66.33,207.34,113.05
6054,577097.70296,72.422,56,-42.157,14.873,47.571,157.522,112.846,265.14,193.66,65.18,214.99,112.83
6055,577097.707204,70.789,61,-43.977,14.32,50.811,154.414,111.692,262.81,192.95,69.62,211.1,111.71
6056,577097.710698,69.71,57,-45.282,14.516,52.475,151.323,113.651,260.93,193.2,71.86,207.11,113.67
6057,577097.715164,69.536,58,-43.1,14.615,53.323,152.517,113.552,263.91,193.32,73.07,208.67,113.57
6058,577097.724125,70.85,53,-42.802,15.255,49.517,150.946,113.714,264.48,194.3,67.8,206.68,113.66
6059,577097.726994,72.549,57,-42.195,15.367,47.329,157.823,113.156,265.22,194.39,64.83,216.2,113.16
6060,577097.731193,70.903,51,-43.225,14.936,50.174,153.356,111.146,264.07,193.86,68.74,209.38,111.2
6061,577097.735257,69.037,57,-43.972,15.436,53.783,150.327,112.464,262.95,194.56,73.69,205.4,112.43
6062,577097.739442,68.638,55,-42.613,15.123,55.686,152.872,113.084,264.63,194.03,76.28,209.34,113.08
6063,577097.742768,70.679,52,-44.916,14.419,51.816,156.61,113.99,261.6,193.16,70.94,214.2,113.95
6064,577097.751708,71.466,57,-41.989,16.19,48.298,151.944,112.652,265.51,195.52,66.14,208.08,112.64
6065,577097.754871,72.585,56,-42.547,15.39,47.841,159.844,111.517,264.74,194.41,65.53,218.91,111.52
6066,577097.768471,70.202,56,-44.456,14.385,53.255,157.234,113.109,262.07,193.02,72.96,215.02,113.11
6067,577097.775063,70.731,53,-45.237,14.701,49.927,151.296,113.32,261.07,193.46,68.36,207.07,113.38
6068,577097.778053,72.747,54,-41.529,15.589,47.377,159.734,111.948,265.83,194.6,64.91,217.84,112.0
6069,577097.782836,71.056,62,-43.435,14.836,49.995,154.0,110.712,263.5,193.64,68.48,210.93,110.71
6070,577097.786676,69.83,45,-40.292,14.993,54.31,157.511,110.857,267.8,193.85,74.41,215.66,110.86
6071,577097.790445,69.931,54,-42.515,14.867,52.51,153.023,112.198,264.87,193.75,71.91,209.33,112.16
6072,577097.799008,71.404,54,-44.423,14.283,49.517,155.274,112.926,262.1,192.88,67.83,212.43,112.94
6073,577097.802744,72.717,55,-41.134,15.345,47.195,158.857,112.315,266.66,194.34,64.64,217.82,112.33
6074,577097.806959,71.607,65,-43.328,14.264,48.943,155.113,110.926,263.73,192.88,67.05,212.25,110.94
6075,577097.811186,70.324,56,-44.052,14.527,50.836,150.985,112.426,262.72,193.25,69.64,206.58,112.43
6076,577097.814699,70.467,55,-44.177,12.946,52.718,157.674,113.469,262.52,191.07,72.21,215.89,113.46
6077,577097.819148,72.03,49,-44.024,13.881,48.69,157.815,113.333,262.72,192.36,66.69,216.12,113.32
6078,577097.827249,72.321,50,-44.533,14.248,45.789,150.776,113.835,261.87,192.81,62.71,206.15,113.86
6079,577097.831462,72.25,54,-42.891,14.292,47.845,156.942,111.158,264.26,192.9,65.54,214.97,111.16
6080,577097.835516,70.033,59,-43.156,14.969,51.378,150.462,112.195,263.91,193.84,70.37,206.03,112.19
6081,577097.839274,68.422,48,-43.614,13.308,54.74,148.841,113.116,263.41,191.67,74.87,203.7,112.97
6082,577097.842913,71.277,54,-44.035,14.134,50.086,156.033,114.224,263.07,192.94,68.63,212.01,114.1
6083,577097.855569,73.191,56,-42.238,15.191,46.448,160.622,112.012,265.15,194.14,63.62,219.97,112.01
6084,577097.858569,70.317,53,-43.135,15.539,51.073,151.632,111.896,264.1,194.68,69.98,207.42,111.84
6085,577097.86322,68.255,47,-43.442,13.974,55.193,148.979,111.972,263.51,192.46,75.6,204.04,111.96
6086,577097.867391,70.505,52,-44.128,14.764,51.984,155.769,113.971,262.61,193.58,71.19,213.27,113.96
6087,577097.870011,71.501,52,-43.12,15.849,48.263,152.115,113.289,264.0,195.06,66.18,207.8,113.29
6088,577097.878655,73.188,52,-42.112,15.783,46.367,160.313,112.527,265.23,194.91,63.52,219.16,112.52
6089,577097.882711,71.154,56,-44.052,15.294,49.937,154.595,111.189,262.8,194.32,68.43,211.16,111.2
6090,577097.88665,70.212,50,-45.509,15.343,51.411,151.859,112.924,260.67,194.34,70.41,207.98,112.93
6091,577097.890802,69.907,56,-43.393,15.28,52.743,153.522,112.824,263.59,194.27,72.23,210.22,112.82
6092,577097.89442,71.016,54,-42.974,16.081,49.293,151.533,112.3,264.17,195.38,67.5,207.49,112.29
6093,577097.903298,72.405,54,-42.246,15.724,47.248,156.298,112.469,265.15,194.88,64.72,213.96,112.47
6094,577097.906496,71.877,59,-44.496,14.593,48.624,156.317,111.008,262.07,193.32,66.6,214.1,111.01
6095,577097.910721,70.35,60,-44.94,14.917,50.89,151.338,112.221,261.45,193.76,69.69,207.24,112.23
6096,577097.914566,70.094,54,-43.291,14.75,52.242,153.439,112.39,263.77,193.58,71.52,210.07,112.36
6097,577097.918727,72.003,52,-45.506,13.917,49.2,159.241,113.2,260.94,192.51,67.43,216.81,113.17
6098,577097.928293,71.869,53,-42.01,15.582,46.93,150.811,112.256,265.47,194.68,64.28,206.56,112.24
6099,577097.940497,69.676,44,-43.451,13.671,52.89,152.279,112.953,263.67,192.17,72.42,209.15,113.02
6100,577097.943529,71.8,55,-45.431,13.267,49.283,157.788,113.818,260.77,191.51,67.51,215.8,113.82
6101,577097.94719,72.426,52,-42.992,14.849,46.091,152.65,112.924,264.15,193.7,63.13,208.92,112.91
6102,577097.955389,73.293,54,-43.042,14.324,45.761,159.183,112.204,264.06,192.95,62.68,218.02,112.21
6103,577097.959195,70.899,60,-44.453,14.228,49.993,152.771,112.006,262.11,192.81,68.47,209.24,112.01
6104,577097.962707,70.335,45,-46.193,14.137,50.876,151.185,113.914,259.74,192.73,69.67,207.11,113.97
6105,577097.966782,70.713,53,-46.726,12.624,51.792,156.802,115.087,258.95,190.61,70.94,214.45,115.1
6106,577097.970694,71.717,60,-43.282,15.244,47.623,151.806,113.619,263.74,194.23,65.22,207.88,113.61
6107,577097.980174,73.095,53,-42.893,14.879,45.842,157.651,113.678,263.86,193.59,62.73,215.02,113.72
6108,577097.983403,71.563,61,-44.316,14.498,48.869,154.523,112.122,262.2,193.15,66.97,211.14,112.13
6109,577097.986482,70.397,48,-45.006,14.987,51.139,152.423,113.448,261.44,193.93,70.09,207.54,113.44
6110,577097.991024,69.668,55,-43.582,14.803,53.235,153.214,113.642,263.4,193.66,72.91,209.56,113.61
6111,577097.994735,71.55,56,-45.186,14.504,50.215,158.672,114.114,261.22,193.25,68.8,216.85,114.1
6112,577098.003412,72.131,54,-42.231,15.843,47.759,155.647,113.57,265.14,195.03,65.41,213.32,113.56
6113,577098.006798,71.753,57,-44.189,14.742,48.634,155.326,111.693,262.44,193.49,66.6,212.68,111.68
6114,577098.010921,70.159,61,-44.341,15.386,51.387,151.398,112.698,262.31,194.42,70.39,207.14,112.72
6115,577098.014538,69.4,55,-42.566,15.351,53.867,153.098,112.723,264.67,194.33,73.84,209.32,112.75
6116,577098.024183,71.62,49,-42.463,15.898,49.266,156.245,113.089,264.79,195.06,67.43,214.83,113.16
6117,577098.030889,71.758,49,-43.525,14.839,48.788,155.859,111.587,263.35,193.63,66.83,213.29,111.58
6118,577098.035565,70.028,55,-43.423,15.392,51.481,150.721,111.921,263.75,194.54,70.48,205.92,111.86
6119,577098.038489,69.134,46,-41.764,14.797,54.264,152.347,112.498,265.85,193.68,74.31,208.52,112.4
6120,577098.042583,70.534,49,-44.263,14.327,51.82,155.502,112.94,262.49,193.01,70.99,212.5,112.93
6121,577098.047119,70.773,57,-42.209,15.716,49.641,150.74,112.18,265.19,194.86,67.99,206.4,112.17
6122,577098.055087,72.217,57,-41.99,15.063,48.469,158.703,111.996,265.49,193.96,66.39,217.35,112.0
6123,577098.058643,70.543,57,-43.577,14.463,51.059,153.285,111.482,263.3,193.13,69.93,209.94,111.48
6124,577098.063527,70.344,49,-45.191,14.412,50.914,151.363,113.299,261.1,193.07,69.74,207.29,113.3
6125,577098.067119,70.554,53,-44.758,12.939,52.47,157.604,113.617,261.86,191.04,72.12,215.22,113.58
6126,577098.07099,71.053,58,-41.873,15.377,49.138,151.336,112.076,265.67,194.4,67.3,207.25,112.06
6127,577098.079639,72.409,56,-41.204,14.996,48.303,159.829,112.451,266.48,193.82,66.18,218.36,112.41
6128,577098.083304,70.788,60,-43.587,14.052,50.819,154.433,111.53,263.3,192.57,69.6,211.52,111.53
6129,577098.086353,70.061,54,-44.793,14.136,51.702,151.614,113.399,261.64,192.69,70.81,207.64,113.4
6130,577098.090759,69.688,58,-42.806,13.898,52.791,152.078,113.402,264.5,192.49,72.19,208.18,113.32
6131,577098.094811,71.982,54,-44.811,13.572,49.169,158.959,113.663,261.63,191.93,67.34,217.76,113.65
6132,577098.098629,72.153,51,-41.369,15.178,47.606,155.332,112.848,266.35,194.13,65.22,212.64,112.84
6133,577098.108442,71.452,58,-42.964,14.476,49.712,156.276,111.408,264.15,193.15,68.09,214.03,111.41
6134,577098.111889,69.456,61,-43.647,14.944,52.831,150.548,112.8,263.21,193.8,72.36,206.17,112.8
6135,577098.114854,69.146,50,-42.564,14.519,54.277,152.469,113.28,264.72,193.22,74.35,208.85,113.28
6136,577098.119243,71.495,52,-44.631,14.008,50.561,159.305,114.02,261.88,192.53,69.24,218.23,114.01
6137,577098.122712,71.885,54,-41.866,15.675,48.017,154.432,113.11,265.64,194.79,65.78,211.23,113.08
6138,577098.132352,72.455,56,-42.173,15.282,48.242,160.028,111.565,265.45,194.33,66.16,218.4,111.55
6139,577098.134524,69.777,51,-43.154,15.567,52.395,151.574,111.801,264.02,194.72,71.77,207.23,111.77
6140,577098.139374,68.071,44,-41.867,14.665,56.528,151.366,112.912,265.66,193.42,77.42,207.36,112.9
6141,577098.142687,71.015,49,-44.83,14.177,52.492,161.36,113.96,261.63,192.77,71.88,221.09,113.96
6142,577098.147165,70.503,53,-44.093,15.356,49.402,148.021,113.0,262.61,194.37,67.66,202.72,113.01
6143,577098.155534,72.637,54,-41.911,15.748,47.48,159.105,112.004,265.56,194.85,65.17,216.92,111.98
6144,577098.158994,70.806,59,-43.422,15.273,50.714,154.256,110.844,263.51,194.24,69.46,211.29,110.85
6145,577098.163369,70.248,48,-44.542,15.463,51.643,152.81,112.615,262.03,194.53,70.73,209.16,112.6
6146,577098.166548,69.866,55,-42.973,14.992,52.801,153.393,112.451,264.15,193.87,72.31,209.32,112.37
6147,577098.171511,71.002,57,-42.193,16.046,49.378,151.682,111.886,265.24,195.33,67.62,207.7,111.87
6148,577098.174843,72.765,51,-41.276,15.714,47.265,159.525,112.184,266.49,194.87,64.74,218.57,112.19
6149,577098.18353,71.596,59,-43.472,14.644,49.014,155.245,110.607,263.47,193.38,67.13,212.66,110.61
6150,577098.191537,69.882,57,-42.481,14.674,52.474,152.557,112.117,264.88,193.47,71.85,208.85,112.09
6151,577098.196385,71.586,51,-44.696,13.991,49.381,156.331,112.967,261.78,192.5,67.63,214.06,112.97
6152,577098.198748,71.787,54,-41.206,15.562,47.103,150.702,112.141,266.46,194.62,64.53,206.34,112.13
6153,577098.208035,72.694,57,-43.651,14.112,47.328,159.098,111.141,263.26,192.67,64.84,217.41,111.17
6154,577098.210462,70.663,59,-44.24,14.457,50.224,151.674,112.072,262.4,193.13,68.79,207.72,112.08
6155,577098.215937,70.762,46,-41.989,14.883,51.089,155.051,112.272,265.5,193.7,70.01,212.26,112.27
6156,577098.21842,72.109,50,-44.727,13.662,48.839,158.98,113.638,261.87,192.11,66.92,217.04,113.64
6157,577098.22275,72.375,58,-41.72,15.515,45.995,151.903,112.665,265.87,194.6,63.0,208.02,112.65
6158,577098.231303,73.383,59,-42.347,14.723,45.855,160.348,111.904,265.06,193.52,62.83,219.24,111.92
6159,577098.235181,70.835,56,-43.666,14.806,50.023,152.376,112.096,263.17,193.6,68.51,208.66,112.1
6160,577098.238552,69.128,50,-42.525,14.212,52.224,146.582,110.621,264.78,192.75,71.69,200.72,110.63
6161,577098.243436,70.227,50,-42.165,15.283,50.869,150.37,113.736,265.52,194.47,69.58,205.32,113.63
6162,577098.246389,71.806,51,-42.675,15.659,47.452,151.979,113.547,264.57,194.8,64.99,208.04,113.53
6163,577098.251163,73.513,49,-41.599,15.646,45.775,161.291,112.965,265.99,194.75,62.69,221.04,112.98
6164,577098.259085,71.145,53,-43.455,15.304,49.629,153.568,111.853,263.52,194.29,67.98,210.46,111.83
6165,577098.263265,68.308,45,-41.573,14.819,53.973,146.023,110.595,266.09,193.64,73.92,200.12,110.58
6166,577098.266524,70.2,55,-44.007,14.587,53.015,156.51,113.755,262.79,193.35,72.61,214.2,113.74
6167,577098.275262,72.562,58,-41.89,15.953,47.055,157.019,113.262,265.59,195.17,64.44,215.21,113.26
6168,577098.284156,71.876,56,-43.457,15.301,48.175,154.867,111.091,263.53,194.32,66.0,212.19,111.11
6169,577098.286562,70.516,59,-43.803,15.763,50.572,151.624,112.321,263.0,194.92,69.26,207.64,112.33
6170,577098.291581,69.173,49,-41.526,15.755,52.937,148.889,112.088,265.93,194.86,72.55,203.83,111.99
6171,577098.29451,71.46,55,-43.728,15.148,50.074,157.482,112.879,263.32,194.17,68.62,214.91,112.87
6172,577098.29896,71.684,56,-44.197,15.351,47.398,150.822,113.282,262.45,194.35,64.92,206.53,113.29
6173,577098.307612,72.296,56,-42.32,15.202,48.038,157.962,111.015,265.02,194.15,65.86,215.17,111.06
6174,577098.310452,70.273,58,-42.907,15.415,50.892,150.774,111.668,264.24,194.45,69.7,206.48,111.67
6175,577098.315486,68.99,48,-40.416,14.874,53.58,149.44,112.886,267.63,193.7,73.39,204.72,112.86
6176,577098.31837,71.305,50,-43.928,14.057,50.145,156.44,113.36,262.91,192.63,68.7,213.87,113.34
6177,577098.323393,71.758,56,-41.031,15.74,47.502,151.748,112.141,266.89,194.93,65.04,208.01,112.11
6178,577098.326515,72.72,53,-41.442,14.873,47.306,159.262,111.715,266.38,193.74,64.81,218.16,111.66
6179,577098.335701,70.516,54,-43.177,14.427,50.876,152.527,111.746,263.85,193.08,69.68,208.91,111.75
6180,577098.338484,68.228,40,-41.716,13.493,54.287,146.362,111.538,265.77,191.74,74.37,200.32,111.39
6181,577098.343395,70.851,56,-43.144,13.872,50.814,154.908,113.792,264.45,192.68,69.57,210.32,113.6
6182,577098.346559,71.831,59,-41.578,15.165,47.295,151.676,113.069,266.08,194.12,64.77,207.7,113.05
6183,577098.351476,72.831,57,-41.201,14.736,46.504,157.536,112.852,266.57,193.52,63.71,215.72,112.85
6184,577098.359303,70.98,57,-43.075,14.306,50.23,154.13,111.759,263.99,192.92,68.8,211.1,111.76
6185,577098.368266,68.821,51,-42.854,14.069,54.052,149.613,114.219,264.39,192.66,74.03,204.67,114.17
6186,577098.372215,70.96,58,-42.375,15.255,49.448,151.575,113.717,264.98,194.24,67.72,207.55,113.7
6187,577098.374698,72.314,52,-41.694,15.274,47.378,155.95,113.734,265.91,194.26,64.9,213.57,113.73
6188,577098.37921,71.337,52,-43.665,14.433,49.497,154.679,111.722,263.1,193.04,67.79,211.58,111.7
6189,577098.386495,69.496,56,-43.924,15.123,52.871,150.944,112.99,262.74,193.99,72.41,206.87,113.03
6190,577098.390751,68.343,52,-42.979,14.641,55.393,150.096,112.972,264.05,193.33,75.91,205.28,112.95
6191,577098.394762,70.979,53,-44.722,14.434,51.637,158.435,114.156,261.76,193.11,70.72,216.99,114.15
6192,577098.398515,71.021,50,-44.91,14.923,48.572,149.353,114.076,261.49,193.79,66.52,204.58,114.1
6193,577098.402643,71.704,56,-43.561,14.815,48.965,155.979,111.204,263.25,193.58,67.11,212.81,111.18
6194,577098.411843,69.466,62,-43.724,15.367,52.975,151.026,111.713,263.11,194.37,72.55,206.85,111.72
6195,577098.414764,68.813,47,-41.714,15.186,55.811,154.424,112.018,265.52,194.01,76.49,210.63,112.11
6196,577098.418681,70.355,52,-44.565,14.35,52.847,157.195,113.537,261.99,193.0,72.37,215.26,113.53
6197,577098.422998,70.982,57,-42.218,15.953,49.394,151.576,112.29,265.37,195.18,67.82,207.51,112.24
6198,577098.427004,72.171,56,-42.172,15.343,48.66,158.93,111.341,265.25,194.34,66.65,217.66,111.34
6199,577098.435952,69.94,57,-43.645,14.938,52.455,152.93,110.852,263.28,193.8,71.85,209.26,110.87
6200,577098.439087,68.779,48,-41.249,14.627,56.258,155.425,111.474,266.5,193.35,77.06,212.82,111.48
6201,577098.451293,72.855,54,-41.364,15.137,46.962,159.303,111.667,266.36,194.07,64.33,218.2,111.67
6202,577098.455722,70.858,61,-43.396,14.461,50.674,154.538,110.419,263.65,193.15,69.43,211.38,110.44
6203,577098.463973,69.72,53,-45.115,14.508,52.469,151.38,112.755,261.2,193.2,71.86,207.3,112.76
6204,577098.466438,69.254,57,-42.816,14.275,53.681,151.545,112.818,264.28,192.84,73.57,207.29,112.81
6205,577098.470744,72.118,52,-44.665,13.676,48.851,159.095,113.638,261.83,192.07,66.9,217.96,113.63
6206,577098.47527,73.136,52,-41.23,15.048,45.887,158.172,112.602,266.4,193.88,62.87,216.19,112.58
6207,577098.478372,71.773,50,-43.12,14.309,48.693,155.678,110.513,264.01,192.95,66.71,213.0,110.5
6208,577098.487381,69.34,57,-43.215,15.125,52.905,149.947,111.929,263.82,194.05,72.46,205.34,111.93
6209,577098.490451,69.349,49,-41.46,15.173,54.354,154.123,112.542,266.23,194.11,74.5,210.74,112.55
6210,577098.495423,71.199,51,-44.655,13.744,50.881,157.874,114.264,261.94,192.22,69.7,215.87,114.24
6211,577098.498817,72.162,54,-41.014,15.899,46.69,152.422,112.916,266.84,195.12,63.95,208.76,112.91
6212,577098.502594,72.914,54,-42.327,14.874,46.705,158.964,111.391,264.84,193.7,64.07,216.35,111.48
6213,577098.512172,70.162,58,-43.368,15.163,51.477,151.689,111.589,263.6,194.1,70.5,207.76,111.59
6214,577098.515294,68.508,46,-40.295,15.501,55.239,150.774,112.28,267.79,194.55,75.67,206.51,112.27
6215,577098.518834,70.648,51,-43.795,14.408,52.169,157.431,113.926,263.04,193.08,71.45,215.61,113.92
6216,577098.522647,71.628,55,-41.788,16.072,47.618,151.075,112.875,265.77,195.35,65.21,206.87,112.86
6217,577098.530748,70.66,70,-42.719,15.43,50.646,152.926,110.656,264.45,194.45,69.36,209.41,110.67
6218,577098.540262,68.419,53,-41.506,14.683,54.023,146.874,109.204,266.18,193.45,74.01,201.22,109.21
6219,577098.542551,69.909,58,-42.904,14.817,53.191,154.844,113.233,264.43,193.73,72.86,211.51,113.19
6220,577098.547433,71.359,60,-41.656,16.013,48.537,151.846,112.631,266.01,195.3,66.47,207.82,112.6
6221,577098.55009,73.076,53,-40.822,15.768,46.112,158.401,112.07,267.09,194.93,63.16,216.96,112.07
6222,577098.555508,71.331,60,-42.574,15.157,49.331,154.107,110.413,264.69,194.08,67.57,211.11,110.41
6223,577098.562858,69.935,53,-43.509,15.385,51.92,151.331,112.027,263.41,194.4,71.11,207.23,112.03
6224,577098.566581,69.599,55,-41.836,15.134,53.232,152.708,112.533,265.71,194.18,72.57,209.59,112.52
6225,577098.571549,71.751,52,-43.81,14.472,49.053,156.643,113.524,262.97,193.15,67.2,214.27,113.51
6226,577098.574548,73.276,50,-40.921,15.616,45.622,158.547,112.629,267.12,194.82,62.5,217.97,112.69
6227,577098.579525,71.742,48,-43.753,14.218,47.443,151.431,110.239,263.03,192.78,64.99,207.5,110.28
6228,577098.587561,70.051,56,-43.036,15.166,51.397,150.644,111.662,264.05,194.1,70.39,206.3,111.67
6229,577098.591145,69.783,51,-43.589,13.371,54.432,157.512,113.306,263.43,191.7,74.59,215.43,113.27
6230,577098.594984,71.37,49,-44.443,13.806,49.911,156.238,114.012,262.04,192.22,68.38,213.54,114.03
6231,577098.598721,72.441,58,-41.044,15.702,45.919,152.206,112.879,266.8,194.85,62.89,208.47,112.87
6232,577098.602901,73.081,54,-42.579,14.474,45.695,157.015,111.407,264.64,193.13,62.6,214.85,111.39
6233,577098.606622,70.39,60,-43.319,14.95,50.745,151.199,111.584,263.72,193.81,69.52,207.13,111.55
6234,577098.616072,69.067,44,-40.914,14.79,55.317,154.826,112.334,266.93,193.57,75.78,212.0,112.33
6235,577098.628639,73.647,50,-42.174,15.141,45.173,160.436,112.842,265.06,194.0,61.92,218.99,112.83
6236,577098.631344,70.938,59,-44.126,14.746,49.54,151.684,111.495,262.53,193.5,67.84,207.74,111.49
6237,577098.640587,68.754,48,-40.426,15.197,54.779,151.17,112.042,267.55,194.15,75.08,207.06,111.97
6238,577098.642549,69.917,52,-43.869,14.541,53.12,154.699,113.596,263.0,193.3,72.74,211.66,113.56
6239,577098.647076,71.088,58,-42.955,15.637,49.105,151.503,113.399,264.27,194.8,67.27,207.34,113.36
6240,577098.651045,73.005,57,-42.553,15.321,45.979,157.305,113.102,264.6,194.27,63.0,214.99,113.1
6241,577098.654616,71.736,60,-43.752,14.876,48.68,155.329,110.883,263.08,193.7,66.67,212.75,110.88
6242,577098.663768,69.886,57,-44.582,15.215,52.042,151.331,112.254,261.94,194.17,71.27,207.22,112.26
6243,577098.666611,69.388,59,-44.705,13.759,55.024,156.305,113.497,262.0,192.26,75.43,213.5,113.47
6244,577098.671381,71.41,56,-45.329,14.154,50.573,158.638,113.921,260.92,192.73,69.26,217.29,113.91
6245,577098.674286,72.076,53,-45.235,14.654,46.552,151.263,113.876,260.95,193.38,63.76,206.92,113.9
6246,577098.679646,72.854,54,-43.47,14.783,47.369,160.677,111.022,263.46,193.57,64.88,220.02,111.02
6247,577098.682511,70.027,52,-43.652,15.336,51.474,150.692,111.474,263.21,194.33,70.5,206.3,111.48
6248,577098.690696,69.341,54,-44.188,13.662,55.093,156.159,113.075,262.97,192.25,75.5,212.12,113.08
6249,577098.695365,70.26,49,-42.773,15.132,50.948,150.841,113.441,264.31,194.06,69.81,206.74,113.37
6250,577098.69935,71.97,57,-42.515,15.482,47.021,151.918,112.779,264.82,194.6,64.34,207.88,112.74
6251,577098.702928,73.202,55,-42.374,15.018,46.286,160.159,111.516,264.95,193.9,63.4,219.28,111.52
