frame,t,nx,ny,nz,agree_deg
0,606392.267043,0.42492,-0.78804,-0.44546,1.34
1,606392.275738,0.41978,-0.7903,-0.44634,0.73
2,606392.279511,0.42565,-0.78792,-0.44497,1.46
3,606392.282063,0.41921,-0.78885,-0.44941,0.72
4,606392.285438,0.41781,-0.79118,-0.44662,0.81
5,606392.290379,0.42338,-0.78935,-0.44461,1.42
6,606392.298112,0.42257,-0.79032,-0.44365,1.43
7,606392.302847,0.42292,-0.78963,-0.44454,1.63
8,606392.306079,0.42139,-0.78874,-0.44758,1.39
9,606392.310147,0.41859,-0.79247,-0.4436,1.28
10,606392.314488,0.41985,-0.78925,-0.44811,1.25
11,606392.318119,0.421,-0.78975,-0.44615,1.53
12,606392.326113,0.42141,-0.79047,-0.44449,1.38
13,606392.33006,0.41823,-0.79231,-0.44421,0.89
14,606392.334311,0.41935,-0.79128,-0.44499,1.56
15,606392.338636,0.42154,-0.79072,-0.44391,1.58
16,606392.342456,0.42038,-0.79079,-0.4449,1.56
17,606392.349756,0.42098,-0.79151,-0.44304,1.53
18,606392.35479,0.41979,-0.79125,-0.44463,1.5
19,606392.365569,0.42131,-0.78963,-0.44607,1.7
20,606392.373557,0.42145,-0.78889,-0.44724,1.58
21,606392.377684,0.42035,-0.78929,-0.44758,1.47
22,606392.381258,0.41776,-0.78838,-0.4516,0.91
23,606392.386265,0.42058,-0.78887,-0.44811,1.33
24,606392.390258,0.41728,-0.79027,-0.44872,0.93
25,606392.393835,0.41983,-0.79001,-0.4468,1.46
26,606392.401824,0.41611,-0.78987,-0.45051,0.94
27,606392.405756,0.42079,-0.7908,-0.44449,1.55
28,606392.410352,0.42212,-0.7899,-0.44483,1.71
29,606392.41461,0.41766,-0.79088,-0.4473,1.14
30,606392.418147,0.42098,-0.78778,-0.44964,1.75
31,606392.426986,0.42359,-0.79014,-0.443,1.77
32,606392.43057,0.41845,-0.79142,-0.4456,0.79
33,606392.433318,0.42022,-0.79089,-0.44486,1.0
34,606392.437877,0.42123,-0.7912,-0.44335,1.01
35,606392.454699,0.42654,-0.78742,-0.445,1.42
36,606392.457906,0.42322,-0.78847,-0.44633,1.06
37,606392.462596,0.42321,-0.78832,-0.44659,1.11
38,606392.466189,0.42288,-0.78792,-0.44761,0.85
39,606392.469868,0.42397,-0.789,-0.44467,0.85
40,606392.478443,0.42756,-0.78731,-0.44422,1.46
41,606392.482671,0.42528,-0.78909,-0.44325,1.17
42,606392.485737,0.4271,-0.79006,-0.43976,1.47
43,606392.489987,0.421,-0.79138,-0.44326,0.9
44,606392.493449,0.42267,-0.79083,-0.44265,1.13
45,606392.501533,0.42631,-0.78987,-0.44086,1.5
46,606392.50568,0.4226,-0.79106,-0.44231,1.09
47,606392.510112,0.42391,-0.79115,-0.44089,1.24
48,606392.514215,0.42722,-0.78904,-0.44147,1.7
49,606392.517531,0.42505,-0.78838,-0.44474,1.5
50,606392.52597,0.42179,-0.79139,-0.44248,1.09
51,606392.538103,0.42606,-0.78844,-0.44366,1.47
52,606392.541377,0.42305,-0.78993,-0.4439,1.05
53,606392.546358,0.41837,-0.79082,-0.44673,0.95
54,606392.55403,0.42615,-0.78995,-0.44089,1.42
55,606392.557571,0.41945,-0.79079,-0.44577,1.04
56,606392.56103,0.42412,-0.78937,-0.44386,1.61
57,606392.567036,0.41879,-0.78922,-0.44916,0.93
58,606392.569126,0.4233,-0.78981,-0.44387,1.62
59,606392.578343,0.41989,-0.78922,-0.44814,1.34
60,606392.581797,0.41795,-0.79092,-0.44694,1.01
61,606392.585138,0.42215,-0.78868,-0.44696,1.58
62,606392.590156,0.42159,-0.78913,-0.4467,1.48
63,606392.594145,0.4182,-0.78999,-0.44835,0.98
64,606392.602723,0.41983,-0.78864,-0.44921,1.25
65,606392.605725,0.41793,-0.79029,-0.44809,0.9
66,606392.609477,0.42062,-0.78811,-0.44941,1.35
67,606392.621904,0.41935,-0.79055,-0.4463,1.45
68,606392.629668,0.41844,-0.79018,-0.4478,1.41
69,606392.634824,0.41607,-0.78932,-0.45151,1.39
70,606392.637333,0.41941,-0.79115,-0.44517,1.56
71,606392.641697,0.41547,-0.7922,-0.44699,1.05
72,606392.645456,0.41948,-0.79205,-0.4435,1.24
73,606392.65387,0.41535,-0.79239,-0.44677,0.91
74,606392.657764,0.42113,-0.79136,-0.44316,1.62
75,606392.661006,0.41854,-0.7914,-0.44554,1.18
76,606392.666927,0.42234,-0.78806,-0.44787,1.32
77,606392.670024,0.42143,-0.79,-0.44531,1.06
78,606392.678011,0.42494,-0.78892,-0.44388,1.43
79,606392.681251,0.4249,-0.78596,-0.44914,1.32
80,606392.685166,0.42116,-0.78848,-0.44825,0.87
81,606392.6902,0.42795,-0.78771,-0.44313,1.57
82,606392.694647,0.4258,-0.78875,-0.44336,1.48
83,606392.71001,0.42513,-0.79027,-0.44128,1.56
84,606392.713763,0.42023,-0.79057,-0.44543,1.13
85,606392.718126,0.41912,-0.79172,-0.44442,0.99
86,606392.721854,0.4256,-0.79068,-0.4401,1.6
87,606392.730178,0.42105,-0.7915,-0.44299,1.05
88,606392.73409,0.42221,-0.79039,-0.44388,1.15
89,606392.737837,0.42579,-0.79003,-0.44109,1.62
90,606392.743175,0.42248,-0.79052,-0.44337,1.12
91,606392.745305,0.42623,-0.78719,-0.44571,0.49
92,606392.753961,0.42415,-0.78806,-0.44616,1.19
93,606392.758276,0.42691,-0.78831,-0.44307,1.63
94,606392.760971,0.42741,-0.78882,-0.44167,1.45
95,606392.766465,0.42764,-0.78894,-0.44125,1.61
96,606392.769118,0.42598,-0.78947,-0.4419,1.34
97,606392.774252,0.42578,-0.79011,-0.44095,1.54
98,606392.78269,0.42555,-0.79029,-0.44084,1.58
99,606392.795434,0.42474,-0.78968,-0.44273,1.63
100,606392.797878,0.42445,-0.79103,-0.44058,1.55
101,606392.80557,0.42377,-0.79025,-0.44264,1.67
102,606392.810226,0.42451,-0.79075,-0.44103,1.59
103,606392.813397,0.42001,-0.79085,-0.44514,1.09
104,606392.818209,0.42487,-0.78972,-0.44254,1.58
105,606392.821688,0.41876,-0.79055,-0.44685,0.98
106,606392.826913,0.42417,-0.78891,-0.44464,1.69
107,606392.834138,0.42259,-0.7885,-0.44687,1.42
108,606392.837412,0.41748,-0.78898,-0.45079,0.36
109,606392.843437,0.41293,-0.7925,-0.4488,0.8
110,606392.846097,0.41257,-0.79181,-0.45035,0.65
111,606392.849889,0.42269,-0.79076,-0.44276,1.63
112,606392.85719,0.41751,-0.79154,-0.44626,1.03
113,606392.861794,0.42149,-0.78903,-0.44696,1.58
114,606392.865305,0.41911,-0.79136,-0.44508,1.17
115,606392.882381,0.42741,-0.78656,-0.44571,1.21
116,606392.887028,0.41869,-0.79098,-0.44615,1.04
117,606392.889561,0.42492,-0.78964,-0.44263,1.61
118,606392.895131,0.41604,-0.79056,-0.44936,0.7
119,606392.897502,0.42512,-0.7887,-0.4441,1.64
120,606392.901987,0.41874,-0.79155,-0.44509,0.63
121,606392.910229,0.4286,-0.78557,-0.4463,1.15
122,606392.913278,0.41892,-0.78921,-0.44906,1.2
123,606392.918059,0.42341,-0.78851,-0.44607,1.53
124,606392.921742,0.4144,-0.79314,-0.44632,0.58
125,606392.926297,0.41939,-0.7912,-0.4451,1.1
126,606392.933548,0.42429,-0.78887,-0.4446,1.66
127,606392.938291,0.42395,-0.78994,-0.44302,1.6
128,606392.941096,0.41952,-0.7904,-0.44641,0.98
129,606392.946227,0.42545,-0.79056,-0.44046,1.49
130,606392.94914,0.41783,-0.79247,-0.44431,0.67
131,606392.957607,0.42272,-0.78937,-0.4452,1.21
132,606392.966182,0.42719,-0.78733,-0.44455,1.59
133,606392.97107,0.42316,-0.78838,-0.44654,1.23
134,606392.973766,0.42209,-0.78932,-0.44588,1.07
135,606392.977654,0.42886,-0.78835,-0.44111,1.9
136,606392.986825,0.42555,-0.78767,-0.44552,1.39
137,606392.989738,0.42616,-0.78749,-0.44525,1.49
138,606392.993826,0.42187,-0.78955,-0.44569,1.05
139,606393.000034,0.42757,-0.78816,-0.4427,1.81
140,606393.002351,0.4181,-0.79268,-0.44368,0.49
141,606393.00983,0.42335,-0.78929,-0.44474,1.27
142,606393.013922,0.42383,-0.78714,-0.44808,1.49
143,606393.01708,0.42503,-0.78936,-0.44301,1.46
144,606393.022249,0.42192,-0.7902,-0.44449,1.06
145,606393.025988,0.42455,-0.7897,-0.44287,1.48
146,606393.033546,0.42658,-0.78926,-0.4417,1.72
147,606393.038443,0.41865,-0.7923,-0.44383,0.62
148,606393.041197,0.42079,-0.78982,-0.44622,1.09
149,606393.054381,0.41845,-0.79081,-0.44667,0.85
150,606393.06237,0.41787,-0.79068,-0.44744,0.87
151,606393.066042,0.42117,-0.78906,-0.44722,1.4
152,606393.069602,0.41885,-0.79021,-0.44736,1.09
153,606393.075076,0.417,-0.79193,-0.44605,0.89
154,606393.077509,0.42011,-0.79086,-0.44503,1.19
155,606393.085827,0.42344,-0.78939,-0.44449,1.63
156,606393.090317,0.41766,-0.79209,-0.44515,0.86
157,606393.093495,0.42288,-0.78998,-0.44397,1.45
158,606393.098619,0.42574,-0.78765,-0.44536,1.8
159,606393.1013,0.41936,-0.78991,-0.44741,1.0
160,606393.109501,0.42338,-0.78826,-0.44653,1.42
161,606393.114309,0.41667,-0.78932,-0.45096,0.92
162,606393.11713,0.42333,-0.78885,-0.44554,1.51
163,606393.122145,0.41766,-0.78946,-0.44979,1.01
164,606393.126067,0.42321,-0.78616,-0.45038,1.79
165,606393.131,0.41811,-0.79118,-0.44634,1.07
166,606393.141948,0.42309,-0.78965,-0.44436,1.72
167,606393.1466,0.41645,-0.79109,-0.44804,1.13
168,606393.14976,0.4232,-0.78985,-0.4439,1.7
169,606393.153729,0.42018,-0.79024,-0.44606,1.34
170,606393.162038,0.42146,-0.7899,-0.44545,1.35
171,606393.166114,0.42522,-0.78957,-0.44245,1.76
172,606393.169444,0.4235,-0.78908,-0.44497,1.51
173,606393.174561,0.41906,-0.79078,-0.44616,0.82
174,606393.177641,0.42557,-0.78849,-0.44403,1.55
175,606393.186106,0.42486,-0.78809,-0.44542,1.57
176,606393.189663,0.42468,-0.78576,-0.4497,1.75
177,606393.193964,0.42139,-0.78948,-0.44627,1.03
178,606393.198914,0.41855,-0.79019,-0.44767,0.8
179,606393.202271,0.42492,-0.78848,-0.44469,1.46
180,606393.205623,0.41902,-0.79164,-0.44466,0.83
181,606393.213861,0.42465,-0.7899,-0.44242,1.48
182,606393.218049,0.42085,-0.79085,-0.44434,1.01
183,606393.226448,0.42327,-0.7902,-0.4432,1.23
184,606393.23091,0.42204,-0.78909,-0.44634,1.15
185,606393.23893,0.4248,-0.7899,-0.44227,1.32
186,606393.241944,0.41851,-0.79197,-0.44456,0.59
187,606393.245203,0.42342,-0.78932,-0.44462,1.16
188,606393.252095,0.42112,-0.78807,-0.449,0.83
189,606393.254228,0.42133,-0.78932,-0.44661,0.85
190,606393.262182,0.42237,-0.78833,-0.44738,1.14
191,606393.265929,0.41862,-0.78983,-0.44825,0.82
192,606393.269423,0.42515,-0.78977,-0.44216,1.46
193,606393.273471,0.41689,-0.79136,-0.44715,0.65
194,606393.277593,0.4179,-0.79166,-0.44568,0.67
195,606393.282119,0.41659,-0.79135,-0.44745,0.64
196,606393.290995,0.42045,-0.79052,-0.4453,1.08
197,606393.293564,0.42596,-0.79024,-0.44053,1.75
198,606393.297742,0.41921,-0.79068,-0.44618,0.95
199,606393.314803,0.42328,-0.78935,-0.4447,1.42
200,606393.317625,0.42239,-0.78883,-0.44647,1.45
201,606393.322166,0.42293,-0.78772,-0.44792,1.58
202,606393.327254,0.42444,-0.78906,-0.44411,1.49
203,606393.329319,0.4244,-0.79014,-0.44222,1.41
204,606393.333632,0.4172,-0.79094,-0.44762,0.64
205,606393.341953,0.41759,-0.78971,-0.44942,0.88
206,606393.345353,0.41917,-0.78811,-0.45075,1.17
207,606393.350453,0.42408,-0.78846,-0.44551,1.61
208,606393.354029,0.41768,-0.79067,-0.44764,0.8
209,606393.358055,0.42459,-0.78959,-0.44302,1.73
210,606393.365371,0.42285,-0.78824,-0.44707,1.51
211,606393.36979,0.41785,-0.79017,-0.44837,1.13
212,606393.373334,0.4167,-0.79084,-0.44825,0.92
213,606393.37899,0.42272,-0.78869,-0.4464,1.67
214,606393.3814,0.42139,-0.78972,-0.44583,1.39
215,606393.390641,0.42346,-0.79003,-0.44332,1.68
216,606393.402959,0.41738,-0.78966,-0.4497,1.08
217,606393.406033,0.41772,-0.79028,-0.4483,0.99
218,606393.410188,0.42421,-0.79146,-0.44003,1.66
219,606393.418334,0.42243,-0.78922,-0.44574,1.45
220,606393.421596,0.42046,-0.78921,-0.44761,1.22
221,606393.426446,0.42053,-0.79016,-0.44587,1.16
222,606393.42988,0.42535,-0.79029,-0.44103,1.69
223,606393.434272,0.42606,-0.78841,-0.44372,1.8
224,606393.4423,0.42369,-0.78752,-0.44754,1.61
225,606393.446267,0.42385,-0.78831,-0.446,1.4
226,606393.448934,0.42149,-0.78999,-0.44526,1.03
227,606393.45401,0.42257,-0.79054,-0.44326,1.05
228,606393.458091,0.41861,-0.79018,-0.44764,0.79
229,606393.46682,0.42474,-0.7889,-0.44411,1.39
230,606393.470002,0.41929,-0.79026,-0.44686,0.79
231,606393.473304,0.41974,-0.78993,-0.44703,0.84
232,606393.490304,0.42488,-0.78778,-0.44596,1.33
233,606393.494104,0.42245,-0.79176,-0.44119,0.89
234,606393.498673,0.42253,-0.78933,-0.44545,1.21
235,606393.501591,0.42488,-0.79002,-0.44198,1.4
236,606393.506229,0.41857,-0.79332,-0.44208,0.81
237,606393.509491,0.42516,-0.79014,-0.4415,1.54
238,606393.517554,0.42605,-0.79052,-0.43995,1.66
239,606393.5218,0.42781,-0.79056,-0.43818,2.06
240,606393.525201,0.41737,-0.79144,-0.44658,0.73
241,606393.53138,0.42057,-0.7903,-0.44559,1.03
242,606393.534989,0.42635,-0.7901,-0.44041,1.76
243,606393.541388,0.42128,-0.7901,-0.44527,0.98
244,606393.54609,0.42044,-0.79081,-0.4448,1.03
245,606393.549591,0.42613,-0.78815,-0.44412,1.74
246,606393.553384,0.42728,-0.78877,-0.4419,1.68
247,606393.557685,0.41759,-0.78987,-0.44914,0.83
248,606393.562339,0.42529,-0.78941,-0.44268,1.57
249,606393.574221,0.42535,-0.78995,-0.44166,1.73
250,606393.578709,0.41845,-0.79115,-0.44608,0.83
251,606393.581592,0.41741,-0.79113,-0.44708,0.86
252,606393.586508,0.42515,-0.78805,-0.44523,1.63
253,606393.595083,0.41817,-0.7887,-0.45064,0.97
254,606393.597786,0.4184,-0.79208,-0.44447,0.68
255,606393.601082,0.41588,-0.79141,-0.44801,0.74
256,606393.607163,0.42115,-0.78921,-0.44697,1.34
257,606393.609702,0.42162,-0.78374,-0.45605,1.48
258,606393.618639,0.41782,-0.79119,-0.4466,0.87
259,606393.621773,0.42011,-0.78903,-0.44826,1.42
260,606393.625125,0.4172,-0.79055,-0.44831,0.95
261,606393.630764,0.41571,-0.79152,-0.44797,0.73
262,606393.633501,0.42243,-0.78902,-0.44609,1.55
263,606393.638083,0.41681,-0.79023,-0.44922,0.89
264,606393.6457,0.41883,-0.7902,-0.4474,1.0
265,606393.650493,0.42117,-0.78909,-0.44716,1.28
266,606393.662669,0.42469,-0.7879,-0.44593,1.62
267,606393.670218,0.42038,-0.78972,-0.4468,1.06
268,606393.673692,0.41891,-0.78934,-0.44884,0.9
269,606393.677375,0.42343,-0.78972,-0.44391,1.18
270,606393.682693,0.42271,-0.78952,-0.44494,1.29
271,606393.68554,0.42036,-0.78989,-0.44651,0.99
272,606393.69327,0.41976,-0.78977,-0.44729,0.98
273,606393.698083,0.42526,-0.78911,-0.44324,1.51
274,606393.701266,0.42072,-0.7899,-0.44616,1.01
275,606393.706642,0.42092,-0.79017,-0.44548,0.98
276,606393.710048,0.42051,-0.7902,-0.44582,0.97
277,606393.713912,0.42574,-0.7895,-0.44209,1.62
278,606393.721782,0.42612,-0.78915,-0.44234,1.54
279,606393.725721,0.42552,-0.78964,-0.44204,1.58
280,606393.729705,0.42075,-0.79066,-0.44478,1.07
281,606393.733863,0.41983,-0.79157,-0.44403,0.93
282,606393.750632,0.42636,-0.78956,-0.44138,1.68
283,606393.753531,0.42577,-0.79055,-0.44018,1.65
284,606393.759257,0.41935,-0.79177,-0.44411,0.74
285,606393.762283,0.42527,-0.79051,-0.44073,1.52
286,606393.766035,0.42524,-0.7906,-0.44059,1.49
287,606393.773606,0.41906,-0.791,-0.44576,0.79
288,606393.777051,0.42301,-0.78903,-0.44552,1.36
289,606393.783077,0.41884,-0.79057,-0.44674,0.84
290,606393.785536,0.42268,-0.78894,-0.446,1.26
291,606393.790542,0.42062,-0.78993,-0.44619,1.04
292,606393.797993,0.42481,-0.78956,-0.44287,1.41
293,606393.802361,0.41991,-0.79091,-0.44512,0.85
294,606393.805857,0.41945,-0.79034,-0.44658,0.91
295,606393.811515,0.41823,-0.79044,-0.44753,0.79
296,606393.814442,0.42476,-0.79002,-0.44209,1.43
297,606393.822535,0.42768,-0.78863,-0.44177,2.02
298,606393.834789,0.41969,-0.78901,-0.44869,1.03
299,606393.838089,0.42198,-0.78972,-0.44529,1.46
300,606393.842289,0.42153,-0.78921,-0.44662,1.38
301,606393.850387,0.41679,-0.79032,-0.44909,0.95
302,606393.853469,0.41578,-0.79272,-0.44578,0.69
303,606393.858399,0.42279,-0.78913,-0.44556,1.64
304,606393.862422,0.42302,-0.78995,-0.44388,1.52
305,606393.865239,0.41738,-0.7913,-0.4468,1.01
306,606393.874101,0.41878,-0.79034,-0.4472,1.17
307,606393.877645,0.42309,-0.78907,-0.44539,1.5
308,606393.881618,0.41884,-0.79093,-0.44609,1.0
309,606393.886116,0.42025,-0.78972,-0.4469,1.17
310,606393.889266,0.42422,-0.78908,-0.44428,1.63
311,606393.897989,0.4181,-0.79055,-0.44746,0.94
312,606393.901762,0.42123,-0.7873,-0.45024,1.23
313,606393.905126,0.42569,-0.78919,-0.44269,1.57
314,606393.918363,0.4199,-0.7894,-0.44781,1.14
315,606393.926164,0.42071,-0.78894,-0.44785,1.21
316,606393.929837,0.42455,-0.7895,-0.44322,1.67
317,606393.934333,0.4209,-0.78932,-0.44701,1.11
318,606393.93757,0.4207,-0.7901,-0.44582,1.15
319,606393.941409,0.42187,-0.78823,-0.44802,1.15
320,606393.949618,0.42204,-0.78944,-0.44572,1.13
321,606393.953684,0.42625,-0.78883,-0.44279,1.77
322,606393.956982,0.42145,-0.79027,-0.44481,0.98
323,606393.96152,0.42354,-0.78904,-0.445,1.38
324,606393.96584,0.42722,-0.78899,-0.44157,1.69
325,606393.973785,0.42085,-0.79061,-0.44477,0.98
326,606393.978374,0.42255,-0.78923,-0.44561,1.25
327,606393.980978,0.42586,-0.79023,-0.44066,1.54
328,606393.98689,0.4206,-0.79119,-0.44396,0.96
329,606393.989334,0.42306,-0.7898,-0.44412,1.36
330,606393.993566,0.42308,-0.78965,-0.44437,1.33
331,606394.010244,0.42473,-0.78947,-0.44311,1.48
332,606394.01442,0.42068,-0.79076,-0.44467,1.01
333,606394.017722,0.42429,-0.78933,-0.44378,1.55
334,606394.025368,0.42418,-0.78968,-0.44326,1.56
335,606394.030597,0.42448,-0.78934,-0.44357,1.62
336,606394.033777,0.42273,-0.78892,-0.44599,1.35
337,606394.038532,0.42187,-0.78754,-0.44922,1.34
338,606394.042268,0.42445,-0.78896,-0.44429,1.57
339,606394.049845,0.42624,-0.78803,-0.44422,1.76
340,606394.053739,0.4188,-0.78961,-0.44847,0.99
341,606394.05744,0.4221,-0.78865,-0.44706,1.47
342,606394.063609,0.41972,-0.78998,-0.44696,1.1
343,606394.065654,0.41749,-0.78893,-0.45088,1.22
344,606394.069689,0.42211,-0.78994,-0.44477,1.51
345,606394.077677,0.41715,-0.79123,-0.44715,0.9
346,606394.081783,0.4193,-0.7902,-0.44696,1.49
347,606394.089336,0.41566,-0.79245,-0.44639,0.82
348,606394.095502,0.42127,-0.79072,-0.44417,1.55
349,606394.102324,0.42179,-0.79112,-0.44296,1.64
350,606394.105926,0.41826,-0.78954,-0.44909,1.06
351,606394.109781,0.41711,-0.79133,-0.447,0.86
352,606394.114212,0.42179,-0.7897,-0.4455,1.6
353,606394.117245,0.41892,-0.79079,-0.44628,1.06
354,606394.126414,0.42658,-0.79252,-0.43583,1.46
355,606394.12974,0.43973,-0.79671,-0.41459,2.0
356,606394.133064,0.44347,-0.79787,-0.40835,1.01
357,606394.139172,0.45581,-0.79799,-0.39427,1.46
358,606394.142245,0.45634,-0.79876,-0.39209,0.94
359,606394.146541,0.46138,-0.79742,-0.3889,1.14
360,606394.15387,0.46549,-0.79369,-0.39164,1.25
361,606394.157767,0.45962,-0.79439,-0.3971,0.94
362,606394.161598,0.46084,-0.78969,-0.40499,1.56
363,606394.169905,0.45783,-0.78786,-0.41191,0.9
364,606394.179281,0.45383,-0.78936,-0.41347,1.27
365,606394.181688,0.46278,-0.78795,-0.40616,0.99
366,606394.190418,0.46208,-0.789,-0.40492,0.72
367,606394.193964,0.4645,-0.78923,-0.4017,1.19
368,606394.202736,0.46384,-0.78922,-0.40248,1.59
369,606394.205714,0.46667,-0.78544,-0.40657,1.33
370,606394.209929,0.46818,-0.78245,-0.41058,1.3
371,606394.214766,0.46963,-0.78409,-0.40578,1.27
372,606394.218649,0.46947,-0.78331,-0.40746,0.93
373,606394.221453,0.46618,-0.78023,-0.41703,1.23
374,606394.229871,0.4617,-0.78144,-0.41975,0.95
375,606394.233696,0.4628,-0.77965,-0.42186,1.18
376,606394.237347,0.45748,-0.77776,-0.43104,1.2
377,606394.242213,0.45555,-0.78069,-0.42779,0.95
378,606394.245776,0.45239,-0.78109,-0.4304,0.96
379,606394.258166,0.44589,-0.78102,-0.43726,1.03
380,606394.262398,0.44244,-0.78188,-0.43922,1.04
381,606394.266866,0.43882,-0.78474,-0.43774,1.06
382,606394.269983,0.43518,-0.78792,-0.43567,0.66
383,606394.27422,0.43077,-0.78777,-0.44028,1.0
384,606394.281898,0.42537,-0.78887,-0.44357,1.05
385,606394.285657,0.41692,-0.78792,-0.45317,0.88
386,606394.289782,0.41399,-0.78841,-0.45499,0.73
387,606394.293851,0.40708,-0.78783,-0.46218,0.86
388,606394.298683,0.40468,-0.78815,-0.46373,0.65
389,606394.306137,0.40139,-0.78672,-0.46899,0.78
390,606394.310235,0.40092,-0.7875,-0.46809,0.68
391,606394.313583,0.39945,-0.78734,-0.46961,0.64
392,606394.31848,0.40012,-0.78645,-0.47054,0.59
393,606394.321902,0.39986,-0.7873,-0.46933,1.09
394,606394.330349,0.40312,-0.78817,-0.46506,0.84
395,606394.33431,0.4022,-0.7894,-0.46378,0.73
396,606394.346429,0.40228,-0.78823,-0.46569,0.68
397,606394.350231,0.40497,-0.79,-0.46033,0.59
398,606394.358844,0.40518,-0.78886,-0.4621,0.9
399,606394.361263,0.40741,-0.78911,-0.4597,0.65
400,606394.366473,0.40679,-0.78986,-0.45895,0.52
401,606394.370241,0.38719,-0.78534,-0.48303,0.45
402,606394.373993,0.36328,-0.78079,-0.50832,0.71
403,606394.38313,0.34163,-0.77491,-0.53179,0.66
404,606394.386078,0.32745,-0.77076,-0.54654,0.76
405,606394.389092,0.32194,-0.76874,-0.55262,0.84
406,606394.394532,0.3199,-0.76737,-0.55571,1.22
407,606394.397716,0.33375,-0.76618,-0.54916,2.05
408,606394.406307,0.35379,-0.76875,-0.53279,2.1
409,606394.409746,0.37141,-0.77017,-0.51855,1.55
410,606394.413779,0.3936,-0.77239,-0.49849,2.45
411,606394.425807,0.43771,-0.78369,-0.44071,1.82
412,606394.434538,0.45514,-0.78079,-0.42804,1.62
413,606394.437968,0.45575,-0.78032,-0.42824,1.12
414,606394.441801,0.46105,-0.77623,-0.42999,1.62
415,606394.44702,0.458,-0.7735,-0.43809,0.23
416,606394.450434,0.44681,-0.77815,-0.44142,1.09
417,606394.457715,0.43469,-0.78302,-0.44489,1.33
418,606394.462071,0.42438,-0.78292,-0.45491,1.65
419,606394.46538,0.40915,-0.78677,-0.46216,1.17
420,606394.471353,0.40103,-0.79268,-0.45916,1.09
421,606394.473965,0.39265,-0.78853,-0.47333,1.26
422,606394.482416,0.39046,-0.79758,-0.4598,1.4
423,606394.485603,0.38506,-0.7996,-0.46083,0.58
424,606394.489576,0.39271,-0.79491,-0.46249,1.98
425,606394.494634,0.40883,-0.79529,-0.44763,1.89
426,606394.497647,0.41331,-0.79277,-0.44799,1.79
427,606394.501827,0.43172,-0.78797,-0.43901,1.84
428,606394.517878,0.46043,-0.77986,-0.42406,1.61
429,606394.521932,0.47029,-0.77931,-0.41413,1.04
430,606394.526443,0.4695,-0.77611,-0.42098,1.73
431,606394.534374,0.48476,-0.77058,-0.41377,1.52
432,606394.537933,0.49334,-0.76575,-0.41261,1.88
433,606394.541462,0.49518,-0.76385,-0.41391,1.51
434,606394.545589,0.49438,-0.76504,-0.41269,1.24
435,606394.550122,0.49107,-0.76386,-0.41877,1.19
436,606394.558117,0.49079,-0.76473,-0.41751,1.69
437,606394.561799,0.48204,-0.77181,-0.41466,1.45
438,606394.565552,0.47589,-0.77491,-0.41599,1.25
439,606394.569528,0.4665,-0.7802,-0.41673,1.23
440,606394.573761,0.46451,-0.77793,-0.42315,1.58
441,606394.577635,0.45537,-0.78088,-0.42762,1.25
442,606394.586124,0.44915,-0.78056,-0.43473,1.19
443,606394.589775,0.4465,-0.78191,-0.43504,1.52
444,606394.598019,0.44025,-0.78157,-0.44196,1.88
445,606394.60333,0.43763,-0.78035,-0.44669,1.77
446,606394.611029,0.41095,-0.79829,-0.4403,1.41
447,606394.613641,0.39384,-0.80729,-0.43951,0.69
448,606394.617088,0.37771,-0.81598,-0.43763,0.93
449,606394.623007,0.369,-0.82097,-0.43572,1.39
450,606394.626275,0.35617,-0.8244,-0.43989,0.91
451,606394.634482,0.34328,-0.82979,-0.44002,0.43
452,606394.637728,0.3412,-0.8312,-0.43897,0.69
453,606394.641689,0.33658,-0.8317,-0.44158,0.65
454,606394.646281,0.34494,-0.82575,-0.44626,1.31
455,606394.64951,0.34834,-0.82383,-0.44718,1.8
456,606394.653528,0.3444,-0.82489,-0.44826,0.74
457,606394.6616,0.34687,-0.81791,-0.45903,1.74
458,606394.665496,0.34796,-0.81856,-0.45703,0.88
459,606394.671722,0.34821,-0.81382,-0.46525,0.75
460,606394.687319,0.35941,-0.80074,-0.47922,1.17
461,606394.689786,0.35971,-0.79641,-0.48615,1.05
462,606394.693539,0.36199,-0.79336,-0.48944,1.19
463,606394.699188,0.36722,-0.78778,-0.49452,1.23
464,606394.701668,0.37016,-0.78498,-0.49677,1.37
465,606394.710363,0.37478,-0.78205,-0.49793,1.38
466,606394.713471,0.37959,-0.78035,-0.49696,1.2
467,606394.7179,0.38447,-0.77915,-0.49508,1.2
468,606394.722963,0.38916,-0.78028,-0.48961,1.25
469,606394.72538,0.39802,-0.77688,-0.48789,1.48
470,606394.729218,0.40605,-0.77606,-0.48255,1.6
471,606394.738075,0.40553,-0.78071,-0.47543,1.17
472,606394.741571,0.41487,-0.78047,-0.46771,1.07
473,606394.745975,0.42073,-0.78427,-0.45597,1.33
474,606394.749804,0.42069,-0.79275,-0.4411,0.74
475,606394.753132,0.42748,-0.79521,-0.43001,1.03
476,606394.762845,0.42627,-0.79638,-0.42903,1.95
477,606394.774803,0.42971,-0.8105,-0.39804,1.71
478,606394.777882,0.42903,-0.81619,-0.387,1.47
479,606394.782423,0.42845,-0.81889,-0.38191,1.48
480,606394.790617,0.42818,-0.81976,-0.38032,1.29
481,606394.793179,0.42941,-0.82049,-0.37738,1.33
482,606394.797672,0.4321,-0.81954,-0.37635,1.3
483,606394.801844,0.43383,-0.81874,-0.3761,1.17
484,606394.805385,0.43789,-0.81489,-0.37974,1.02
485,606394.814545,0.43891,-0.81424,-0.37997,1.27
486,606394.817513,0.4507,-0.79882,-0.39845,1.67
487,606394.821796,0.46842,-0.77706,-0.42043,1.57
488,606394.827088,0.48965,-0.75302,-0.43955,2.13
489,606394.830438,0.49967,-0.74008,-0.45012,1.66
490,606394.838241,0.50581,-0.72923,-0.46085,1.39
491,606394.842023,0.51015,-0.72593,-0.46127,1.68
492,606394.845498,0.50582,-0.72814,-0.46256,1.06
493,606394.858924,0.4886,-0.73528,-0.46972,0.94
494,606394.865884,0.47121,-0.74439,-0.47312,0.23
495,606394.869658,0.46259,-0.74606,-0.47896,0.63
496,606394.874606,0.44586,-0.75964,-0.47345,0.46
497,606394.877899,0.42829,-0.76869,-0.47506,0.38
498,606394.881864,0.41152,-0.77727,-0.47593,0.35
499,606394.890484,0.39741,-0.78269,-0.47902,0.57
500,606394.893653,0.38209,-0.78853,-0.48191,0.33
501,606394.89704,0.37411,-0.7923,-0.48197,0.35
502,606394.902779,0.36349,-0.79227,-0.49009,0.92
503,606394.905277,0.36332,-0.79151,-0.49144,1.28
504,606394.914049,0.35633,-0.79243,-0.49507,1.18
505,606394.917736,0.35653,-0.79075,-0.49759,1.56
506,606394.921576,0.35362,-0.79271,-0.49655,1.12
507,606394.927017,0.36804,-0.79323,-0.48511,1.94
508,606394.930793,0.36532,-0.78919,-0.49368,1.72
509,606394.947431,0.38366,-0.78684,-0.4834,1.18
510,606394.950017,0.38112,-0.79256,-0.47602,1.27
511,606394.954416,0.3829,-0.79152,-0.47632,1.62
512,606394.958202,0.38271,-0.79031,-0.47849,1.55
513,606394.966017,0.38646,-0.78683,-0.4812,2.0
514,606394.970032,0.38494,-0.78391,-0.48715,1.85
515,606394.973348,0.3888,-0.77989,-0.49051,1.93
516,606394.97897,0.39274,-0.7776,-0.49102,1.74
517,606394.981058,0.4,-0.77131,-0.49506,1.9
518,606394.990109,0.40687,-0.77054,-0.49063,2.14
519,606394.99416,0.41051,-0.76775,-0.49197,1.58
520,606394.997521,0.41828,-0.76646,-0.48743,1.79
521,606395.003211,0.42888,-0.76668,-0.47777,1.52
522,606395.005215,0.44174,-0.75832,-0.47939,1.75
523,606395.010493,0.46537,-0.74871,-0.47209,1.44
524,606395.018329,0.48699,-0.73486,-0.47203,2.55
525,606395.026515,0.51215,-0.71368,-0.47788,1.01
526,606395.031459,0.51494,-0.72275,-0.46095,1.22
527,606395.033118,0.52611,-0.71721,-0.45698,1.58
528,606395.042661,0.51779,-0.72806,-0.44926,1.24
529,606395.045941,0.50705,-0.73766,-0.44582,0.96
530,606395.049513,0.50314,-0.74491,-0.43814,0.9
531,606395.054815,0.48711,-0.75917,-0.43173,0.28
532,606395.058383,0.47191,-0.77248,-0.42494,0.29
533,606395.066083,0.4534,-0.78862,-0.41533,0.5
534,606395.069938,0.44331,-0.7936,-0.41674,1.0
535,606395.07325,0.43096,-0.80368,-0.41033,0.92
536,606395.078222,0.41842,-0.81092,-0.40906,0.93
537,606395.081656,0.40677,-0.82129,-0.40002,0.53
538,606395.08645,0.40253,-0.82277,-0.40127,1.0
539,606395.093806,0.39647,-0.82448,-0.40379,1.0
540,606395.097849,0.39363,-0.82497,-0.40555,0.98
541,606395.101163,0.39045,-0.82541,-0.40774,1.14
542,606395.118607,0.38741,-0.81577,-0.42946,1.15
543,606395.122,0.38776,-0.81232,-0.43563,0.89
544,606395.125764,0.38559,-0.80954,-0.44268,0.97
545,606395.131221,0.38699,-0.8059,-0.44806,1.21
546,606395.133632,0.3857,-0.80208,-0.45597,1.12
547,606395.14262,0.38306,-0.80115,-0.45981,1.22
548,606395.145793,0.38453,-0.79876,-0.46273,1.05
549,606395.149636,0.38338,-0.79644,-0.46765,0.99
550,606395.154474,0.38453,-0.7935,-0.4717,1.11
551,606395.158022,0.38475,-0.79067,-0.47624,1.08
552,606395.161504,0.38146,-0.7891,-0.48146,1.0
553,606395.169907,0.38062,-0.78638,-0.48656,1.02
554,606395.173122,0.39854,-0.78702,-0.47092,2.45
555,606395.179113,0.42667,-0.79081,-0.43883,1.72
556,606395.181995,0.45051,-0.79038,-0.41514,2.0
557,606395.186332,0.46928,-0.78762,-0.39929,1.22
558,606395.193848,0.48043,-0.78268,-0.39573,0.85
559,606395.206317,0.47928,-0.77403,-0.41373,1.86
560,606395.209239,0.46771,-0.77174,-0.43089,2.3
561,606395.219024,0.43902,-0.76592,-0.46972,0.7
562,606395.221519,0.42021,-0.76486,-0.48827,0.94
563,606395.225689,0.40144,-0.76713,-0.50037,0.53
564,606395.231123,0.3864,-0.77134,-0.5057,0.6
565,606395.234686,0.38055,-0.77466,-0.50506,0.91
566,606395.238652,0.38426,-0.77721,-0.49829,1.07
567,606395.245452,0.39288,-0.78106,-0.48539,1.42
568,606395.250156,0.40395,-0.78644,-0.46726,1.45
569,606395.253491,0.42023,-0.78996,-0.44651,1.7
570,606395.25799,0.43528,-0.79411,-0.42418,1.55
571,606395.261831,0.448,-0.79918,-0.40075,1.43
572,606395.269792,0.45928,-0.80224,-0.38141,1.37
573,606395.273747,0.46714,-0.80582,-0.36391,0.96
574,606395.277109,0.47139,-0.80748,-0.35463,1.01
575,606395.289796,0.46871,-0.81114,-0.3498,0.78
576,606395.299042,0.46178,-0.81066,-0.36,0.78
577,606395.301404,0.45156,-0.81184,-0.37014,0.62
578,606395.307336,0.4388,-0.8124,-0.384,0.52
579,606395.31009,0.4272,-0.81104,-0.39964,0.74
580,606395.314419,0.41404,-0.80805,-0.41907,0.87
581,606395.322398,0.40046,-0.81033,-0.42779,0.45
582,606395.325679,0.38389,-0.81303,-0.43773,0.51
583,606395.329481,0.37454,-0.81167,-0.44824,0.85
584,606395.334626,0.36788,-0.81151,-0.454,1.03
585,606395.338435,0.36843,-0.81082,-0.45478,1.14
586,606395.34629,0.36805,-0.80706,-0.46172,0.98
587,606395.350039,0.37321,-0.8044,-0.46223,1.13
588,606395.353414,0.37837,-0.80042,-0.46494,1.28
589,606395.357798,0.38619,-0.79643,-0.46535,1.35
590,606395.361291,0.39576,-0.7911,-0.46641,1.3
591,606395.366496,0.40472,-0.78695,-0.46574,1.34
592,606395.378353,0.41467,-0.78228,-0.46486,0.83
593,606395.38318,0.41998,-0.77812,-0.46706,0.71
594,606395.385552,0.4267,-0.77461,-0.46681,0.78
595,606395.390488,0.43236,-0.77071,-0.46805,0.9
596,606395.398633,0.43727,-0.76666,-0.47014,0.7
597,606395.401576,0.44078,-0.76271,-0.47327,0.91
598,606395.406048,0.43781,-0.76263,-0.47614,0.8
599,606395.410459,0.43097,-0.76541,-0.47792,0.68
600,606395.413127,0.42476,-0.76766,-0.47988,0.95
601,606395.4216,0.41262,-0.77092,-0.48521,0.73
602,606395.425485,0.40777,-0.77163,-0.48818,0.84
603,606395.42939,0.39999,-0.77322,-0.49208,0.7
604,606395.434454,0.39537,-0.77333,-0.49562,0.95
605,606395.438439,0.38941,-0.776,-0.49617,0.77
606,606395.442294,0.38524,-0.77797,-0.49633,0.89
607,606395.450204,0.38039,-0.77888,-0.49865,0.64
608,606395.453585,0.35483,-0.7729,-0.52604,1.05
609,606395.463149,0.30611,-0.75427,-0.58084,0.74
610,606395.467306,0.28968,-0.74925,-0.59557,0.67
611,606395.474085,0.27908,-0.74684,-0.6036,1.07
612,606395.478091,0.28468,-0.7487,-0.59867,1.74
613,606395.481737,0.29196,-0.75251,-0.59032,2.13
614,606395.48711,0.29777,-0.76029,-0.57731,1.61
615,606395.490118,0.31536,-0.77077,-0.5536,2.57
616,606395.497695,0.32149,-0.77999,-0.53689,1.25
617,606395.501987,0.34589,-0.79089,-0.50483,1.98
618,606395.505338,0.34782,-0.79549,-0.4962,1.65
619,606395.509289,0.36535,-0.8002,-0.47561,1.27
620,606395.513812,0.37155,-0.79699,-0.47618,0.93
621,606395.517358,0.38078,-0.79544,-0.47146,1.24
622,606395.525863,0.38878,-0.78627,-0.48024,1.8
623,606395.529455,0.38606,-0.78408,-0.48598,1.57
624,606395.533062,0.37907,-0.77806,-0.50093,1.69
625,606395.550441,0.36757,-0.76419,-0.53,1.3
626,606395.553824,0.36788,-0.76193,-0.53304,1.44
627,606395.557259,0.36517,-0.7568,-0.54213,2.66
628,606395.563299,0.3648,-0.75872,-0.53969,2.27
629,606395.565205,0.37522,-0.76301,-0.52633,1.58
630,606395.573631,0.37093,-0.76807,-0.52199,0.91
631,606395.57768,0.36828,-0.77542,-0.51293,1.19
632,606395.581398,0.36258,-0.7859,-0.50089,1.15
633,606395.58658,0.36173,-0.79259,-0.49087,1.51
634,606395.589466,0.36219,-0.7985,-0.48085,1.67
635,606395.594745,0.36627,-0.80466,-0.4673,1.64
636,606395.601817,0.36906,-0.80925,-0.45706,1.64
637,606395.605376,0.37606,-0.81375,-0.44317,1.69
638,606395.609741,0.38256,-0.81649,-0.43243,1.71
639,606395.614305,0.39067,-0.81801,-0.42218,1.47
640,606395.618088,0.39929,-0.81918,-0.41171,1.43
641,606395.62694,0.40514,-0.81824,-0.40785,0.95
642,606395.63935,0.41185,-0.8216,-0.39415,0.5
643,606395.642856,0.41585,-0.82017,-0.39292,0.83
644,606395.651206,0.41086,-0.81847,-0.40162,1.01
645,606395.653599,0.40414,-0.81619,-0.41293,0.84
646,606395.657506,0.39737,-0.81615,-0.41952,0.48
647,606395.663254,0.39323,-0.81397,-0.42759,0.54
648,606395.665933,0.39048,-0.80813,-0.44097,0.5
649,606395.670366,0.39038,-0.80515,-0.44648,0.69
650,606395.679015,0.38106,-0.80339,-0.45756,0.72
651,606395.681395,0.34879,-0.80355,-0.48234,1.37
652,606395.68547,0.31766,-0.79833,-0.51163,0.67
653,606395.691177,0.2947,-0.79053,-0.53686,0.78
654,606395.693735,0.28881,-0.78218,-0.55207,0.85
655,606395.702156,0.29136,-0.77284,-0.56377,1.01
656,606395.706457,0.30135,-0.76434,-0.57007,1.72
657,606395.709189,0.31789,-0.75983,-0.5671,1.89
658,606395.72692,0.3892,-0.75126,-0.53305,2.32
659,606395.729254,0.41684,-0.7564,-0.50409,2.56
660,606395.733613,0.43462,-0.75876,-0.48517,1.94
661,606395.738422,0.44599,-0.7606,-0.47178,2.03
662,606395.741082,0.45211,-0.76189,-0.46381,1.24
663,606395.745649,0.4515,-0.76414,-0.4607,1.28
664,606395.754288,0.44206,-0.76435,-0.46942,1.53
665,606395.758358,0.43735,-0.76431,-0.47387,1.76
666,606395.76106,0.42203,-0.75676,-0.4992,1.4
667,606395.765806,0.4187,-0.74298,-0.52218,1.87
668,606395.769632,0.41025,-0.7342,-0.54097,1.93
669,606395.778489,0.40679,-0.72507,-0.55569,1.63
670,606395.782295,0.39385,-0.71714,-0.57497,1.49
671,606395.784968,0.38189,-0.71189,-0.58938,1.74
672,606395.790998,0.37494,-0.70953,-0.59664,1.84
673,606395.793701,0.37409,-0.71189,-0.59436,2.05
674,606395.810184,0.38309,-0.73412,-0.56063,1.32
675,606395.813491,0.39008,-0.74419,-0.54224,0.95
676,606395.81768,0.40275,-0.75285,-0.52058,1.81
677,606395.821373,0.40115,-0.77104,-0.49456,0.47
678,606395.830699,0.40693,-0.7883,-0.4615,2.21
679,606395.833862,0.40191,-0.80789,-0.43102,0.78
680,606395.837604,0.4057,-0.8154,-0.41296,0.55
681,606395.844208,0.41528,-0.81574,-0.40263,1.07
682,606395.846884,0.42239,-0.8155,-0.39566,0.92
683,606395.85414,0.42312,-0.81485,-0.39621,1.1
684,606395.857632,0.42633,-0.81295,-0.39667,0.73
685,606395.861718,0.43104,-0.80679,-0.4041,1.18
686,606395.866331,0.43058,-0.80313,-0.41181,0.91
687,606395.870538,0.40849,-0.79631,-0.44611,1.29
688,606395.873761,0.38216,-0.78329,-0.49032,0.68
689,606395.882895,0.36417,-0.77517,-0.51623,0.95
690,606395.895265,0.33364,-0.75501,-0.56448,0.51
691,606395.898003,0.32821,-0.75356,-0.56959,0.78
692,606395.906079,0.32457,-0.76339,-0.55847,1.22
693,606395.910217,0.33111,-0.76612,-0.55084,2.55
694,606395.913715,0.34301,-0.7846,-0.51648,1.56
695,606395.919199,0.34656,-0.79698,-0.4947,1.99
696,606395.922529,0.35213,-0.80892,-0.4708,1.58
697,606395.930844,0.36115,-0.81571,-0.45187,1.75
698,606395.933596,0.36806,-0.82019,-0.43798,1.44
699,606395.938002,0.37776,-0.81965,-0.43066,1.35
700,606395.943364,0.39026,-0.81363,-0.43095,1.7
701,606395.945054,0.39984,-0.80544,-0.43749,1.25
702,606395.953725,0.41385,-0.79197,-0.44891,1.18
703,606395.958306,0.41418,-0.78134,-0.46686,0.57
704,606395.962172,0.417,-0.77317,-0.47782,1.56
705,606395.965978,0.41448,-0.76072,-0.49952,0.65
706,606395.982659,0.42211,-0.71994,-0.55091,1.31
707,606395.985707,0.4174,-0.70941,-0.56791,0.89
708,606395.990066,0.4211,-0.70579,-0.56967,1.62
709,606395.995183,0.42045,-0.70924,-0.56586,1.23
710,606395.997791,0.41816,-0.7145,-0.56092,1.69
711,606396.00571,0.40999,-0.73753,-0.53662,0.88
712,606396.009797,0.39897,-0.75124,-0.5258,0.88
713,606396.013116,0.39299,-0.76609,-0.50859,1.06
714,606396.019125,0.38522,-0.77924,-0.49436,1.8
715,606396.021861,0.37945,-0.78993,-0.48169,1.52
716,606396.02554,0.37142,-0.80051,-0.47035,1.75
717,606396.033964,0.37791,-0.804,-0.4591,2.29
718,606396.037529,0.40931,-0.78042,-0.47266,2.47
719,606396.041416,0.44852,-0.75922,-0.4716,2.32
720,606396.047281,0.48676,-0.73709,-0.46878,2.45
721,606396.049506,0.51312,-0.7332,-0.44624,2.48
722,606396.066149,0.54069,-0.73283,-0.41305,1.16
723,606396.0697,0.53536,-0.74294,-0.40178,0.97
724,606396.07319,0.51883,-0.75458,-0.40177,1.41
725,606396.08265,0.48959,-0.76578,-0.41699,0.87
726,606396.085557,0.45762,-0.77491,-0.436,0.53
727,606396.089089,0.44667,-0.77022,-0.45526,1.33
728,606396.094471,0.44218,-0.75566,-0.48317,1.26
729,606396.097531,0.44184,-0.75167,-0.48967,1.92
730,606396.102651,0.44183,-0.73838,-0.5095,1.52
731,606396.110251,0.4502,-0.72999,-0.51424,2.12
732,606396.11381,0.46404,-0.72082,-0.51486,1.93
733,606396.11748,0.46995,-0.71957,-0.51123,1.75
734,606396.122841,0.47792,-0.71828,-0.50563,1.68
735,606396.125949,0.47423,-0.72371,-0.50134,1.27
736,606396.133678,0.47401,-0.72543,-0.49907,0.97
737,606396.137664,0.45964,-0.73083,-0.5046,0.39
738,606396.146354,0.4439,-0.73166,-0.51733,1.29
739,606396.150457,0.42027,-0.73949,-0.52586,1.2
740,606396.157769,0.41155,-0.73131,-0.54389,1.7
741,606396.161833,0.39133,-0.72025,-0.5728,0.93
742,606396.165535,0.39115,-0.7104,-0.58509,0.73
743,606396.170207,0.39538,-0.70042,-0.59421,1.3
744,606396.173949,0.40212,-0.69217,-0.59933,1.61
745,606396.177866,0.4223,-0.69861,-0.5776,2.51
746,606396.186031,0.4381,-0.723,-0.53417,2.64
747,606396.189982,0.44467,-0.74618,-0.49547,1.72
748,606396.193478,0.44365,-0.76295,-0.4702,1.73
749,606396.198469,0.43026,-0.77611,-0.46101,2.52
750,606396.201589,0.43612,-0.78631,-0.43762,1.52
751,606396.209755,0.43299,-0.79267,-0.42917,1.62
752,606396.214073,0.42796,-0.79117,-0.43691,2.21
753,606396.216935,0.42999,-0.78657,-0.4432,1.7
754,606396.230702,0.4439,-0.76955,-0.45907,1.83
755,606396.237656,0.45321,-0.76271,-0.46138,1.38
756,606396.241767,0.46263,-0.76309,-0.45129,1.59
757,606396.246747,0.47937,-0.75603,-0.44567,1.26
758,606396.250298,0.49421,-0.75083,-0.43819,0.89
759,606396.25465,0.50449,-0.74732,-0.43243,0.73
760,606396.261938,0.50707,-0.74733,-0.4294,0.43
761,606396.265521,0.50752,-0.7497,-0.42471,0.77
762,606396.269259,0.49372,-0.75725,-0.42757,0.22
763,606396.274569,0.47461,-0.76714,-0.43155,0.24
764,606396.278085,0.4536,-0.77485,-0.44029,0.62
765,606396.287177,0.44268,-0.77628,-0.4488,0.26
766,606396.290215,0.41908,-0.78604,-0.45444,0.66
767,606396.292993,0.40439,-0.78657,-0.46666,0.56
768,606396.298578,0.39127,-0.7825,-0.48436,0.96
769,606396.30299,0.38468,-0.77732,-0.49779,1.31
770,606396.306111,0.39475,-0.77133,-0.49922,2.28
771,606396.322637,0.47459,-0.74475,-0.46916,2.07
772,606396.325579,0.53229,-0.72147,-0.44288,0.13
773,606396.33016,0.55617,-0.70858,-0.43427,0.41
774,606396.338051,0.56581,-0.70008,-0.4356,0.9
775,606396.341918,0.56594,-0.69,-0.45122,0.65
776,606396.345349,0.55163,-0.69019,-0.46834,0.56
777,606396.350151,0.53542,-0.69201,-0.4842,0.34
778,606396.353393,0.5121,-0.69781,-0.50081,0.62
779,606396.36246,0.48324,-0.70527,-0.51872,0.43
780,606396.36557,0.45931,-0.71291,-0.52989,0.42
781,606396.370313,0.44121,-0.72242,-0.53239,0.7
782,606396.374088,0.43228,-0.73787,-0.51835,1.47
783,606396.378094,0.43217,-0.7527,-0.49666,1.59
784,606396.381585,0.4362,-0.76377,-0.47581,1.81
785,606396.389497,0.43907,-0.77574,-0.45326,1.37
786,606396.393146,0.45287,-0.78018,-0.43153,1.27
787,606396.406711,0.49793,-0.77208,-0.39491,1.76
788,606396.413975,0.50603,-0.76789,-0.39277,1.37
789,606396.418527,0.51234,-0.76439,-0.39142,1.61
790,606396.421632,0.51018,-0.75913,-0.40428,0.93
791,606396.426257,0.5105,-0.74876,-0.42278,2.06
792,606396.429197,0.50547,-0.7266,-0.46535,1.78
793,606396.438055,0.50011,-0.70675,-0.50039,1.73
794,606396.442601,0.49832,-0.69205,-0.52225,1.73
795,606396.445392,0.48943,-0.68591,-0.5385,1.63
796,606396.450998,0.472,-0.68806,-0.55117,0.88
797,606396.454746,0.4532,-0.69022,-0.5641,0.6
798,606396.461776,0.43617,-0.69385,-0.573,0.78
799,606396.466435,0.41692,-0.70306,-0.5761,0.99
800,606396.469367,0.39838,-0.71598,-0.57329,1.19
801,606396.473923,0.3792,-0.72759,-0.57168,0.57
802,606396.479464,0.37111,-0.73739,-0.56439,0.69
803,606396.490644,0.35377,-0.76258,-0.54159,0.34
804,606396.494931,0.34977,-0.75798,-0.55056,0.77
805,606396.49764,0.35134,-0.76043,-0.54617,1.22
806,606396.502528,0.35306,-0.75702,-0.54979,1.6
807,606396.506467,0.36626,-0.75575,-0.54286,1.41
808,606396.514203,0.37677,-0.75483,-0.53692,1.81
809,606396.518545,0.38568,-0.75239,-0.53401,1.67
810,606396.521219,0.39629,-0.75346,-0.52464,1.41
811,606396.526557,0.39927,-0.76375,-0.50722,1.45
812,606396.529169,0.40196,-0.76652,-0.50088,1.58
813,606396.534164,0.41708,-0.7571,-0.50284,3.17
814,606396.542665,0.42534,-0.73569,-0.5271,2.49
815,606396.545633,0.43531,-0.72017,-0.54025,2.33
816,606396.549161,0.44949,-0.70647,-0.54668,2.12
817,606396.555297,0.4587,-0.69946,-0.54805,2.08
818,606396.557859,0.45314,-0.70615,-0.54407,1.26
819,606396.565613,0.44988,-0.7151,-0.53502,0.4
820,606396.57498,0.42875,-0.74085,-0.51702,0.2
821,606396.57887,0.41625,-0.7513,-0.51214,0.72
822,606396.581761,0.39881,-0.76597,-0.50422,0.96
823,606396.590357,0.38969,-0.78138,-0.48744,1.47
824,606396.594519,0.38228,-0.79731,-0.46707,1.62
825,606396.59731,0.36907,-0.81381,-0.44889,0.69
826,606396.602047,0.37427,-0.81942,-0.43414,0.99
827,606396.605626,0.38071,-0.8214,-0.42469,1.51
828,606396.609639,0.39507,-0.81755,-0.41897,1.87
829,606396.617681,0.41249,-0.80821,-0.42029,1.9
830,606396.622319,0.43583,-0.79844,-0.41539,1.83
831,606396.624873,0.45947,-0.78629,-0.41309,1.92
832,606396.631184,0.48472,-0.77128,-0.41253,2.13
833,606396.633423,0.52288,-0.75364,-0.39829,2.9
834,606396.642003,0.56712,-0.72316,-0.39423,2.44
835,606396.645986,0.59913,-0.70079,-0.38721,2.37
836,606396.648941,0.62239,-0.68892,-0.3715,1.25
837,606396.665729,0.61832,-0.69686,-0.36341,0.83
838,606396.669685,0.5985,-0.70691,-0.37693,1.09
839,606396.673383,0.57419,-0.71024,-0.40727,1.14
840,606396.677741,0.54612,-0.70998,-0.44462,1.06
841,606396.68241,0.53564,-0.69516,-0.47942,1.85
842,606396.685227,0.52414,-0.68145,-0.51078,0.96
843,606396.693684,0.52398,-0.66423,-0.53314,1.74
844,606396.698634,0.52787,-0.64955,-0.5472,1.28
845,606396.701577,0.52939,-0.63259,-0.56531,1.74
846,606396.706468,0.54267,-0.62288,-0.5635,1.49
847,606396.709547,0.54778,-0.62264,-0.55879,1.37
848,606396.718521,0.55348,-0.62543,-0.54999,1.31
849,606396.721747,0.55334,-0.6313,-0.54339,1.01
850,606396.725752,0.5575,-0.63138,-0.53903,1.37
851,606396.729816,0.56695,-0.64107,-0.51729,2.4
852,606396.7336,0.57665,-0.65772,-0.48464,2.07
853,606396.750477,0.55193,-0.71563,-0.42807,2.5
854,606396.754097,0.53822,-0.73321,-0.4156,3.02
855,606396.759135,0.50364,-0.75921,-0.41225,2.46
856,606396.761626,0.47062,-0.77474,-0.42225,2.4
857,606396.770043,0.4394,-0.78528,-0.43619,1.84
858,606396.774624,0.40944,-0.78231,-0.46942,1.42
859,606396.777784,0.40407,-0.7675,-0.49767,1.0
860,606396.781708,0.40619,-0.7591,-0.50871,1.2
861,606396.785742,0.40411,-0.75736,-0.51293,0.73
862,606396.793847,0.41425,-0.75009,-0.51551,2.86
863,606396.797618,0.41204,-0.75761,-0.50621,1.41
864,606396.801054,0.42951,-0.74618,-0.50866,1.12
865,606396.806673,0.43936,-0.74817,-0.49721,0.92
866,606396.809266,0.44616,-0.74891,-0.48998,1.19
867,606396.813646,0.46713,-0.74258,-0.47997,2.62
868,606396.821595,0.50003,-0.73079,-0.46468,2.97
869,606396.825505,0.53402,-0.71813,-0.44621,2.37
870,606396.838865,0.56006,-0.70492,-0.43523,0.91
871,606396.845385,0.55187,-0.69988,-0.45344,0.74
872,606396.850215,0.53902,-0.69581,-0.47467,0.77
873,606396.853122,0.51608,-0.69252,-0.50405,1.61
874,606396.858397,0.49831,-0.69324,-0.52067,0.84
875,606396.862085,0.48838,-0.69178,-0.53191,1.03
876,606396.869776,0.47275,-0.69464,-0.5422,1.1
877,606396.873399,0.46989,-0.6978,-0.54063,1.76
878,606396.877422,0.46373,-0.69569,-0.5486,1.98
879,606396.882184,0.47244,-0.69743,-0.53888,2.2
880,606396.887091,0.48001,-0.70446,-0.5228,2.11
881,606396.889535,0.48904,-0.7104,-0.50614,2.33
882,606396.898608,0.50582,-0.71247,-0.48635,2.83
883,606396.902169,0.53192,-0.70218,-0.47329,3.09
884,606396.904959,0.5501,-0.69801,-0.45845,2.34
885,606396.910791,0.56846,-0.69366,-0.44237,2.02
886,606396.913723,0.57471,-0.70564,-0.41448,0.81
887,606396.930049,0.5718,-0.72301,-0.38769,1.31
888,606396.933571,0.56403,-0.73266,-0.38089,1.4
889,606396.938592,0.54694,-0.7422,-0.3873,2.07
890,606396.946926,0.51953,-0.75802,-0.39434,1.62
891,606396.950506,0.48515,-0.76891,-0.41642,0.23
892,606396.953452,0.47404,-0.76912,-0.42865,0.89
893,606396.959033,0.45776,-0.76919,-0.44587,1.06
894,606396.961535,0.45656,-0.76202,-0.45921,1.78
895,606396.966531,0.45222,-0.76224,-0.46312,1.18
896,606396.974188,0.44823,-0.7575,-0.47464,1.54
897,606396.977541,0.45673,-0.73627,-0.4993,2.27
898,606396.981813,0.46506,-0.72029,-0.51469,1.67
899,606396.985974,0.47178,-0.70688,-0.52702,1.47
900,606396.990091,0.48302,-0.69928,-0.52697,1.37
901,606396.997575,0.49164,-0.68662,-0.53557,0.98
902,606397.001674,0.48768,-0.68598,-0.54,1.33
903,606397.011603,0.48438,-0.68837,-0.53994,0.94
904,606397.01593,0.48213,-0.69499,-0.53343,1.37
905,606397.021299,0.47658,-0.70671,-0.5229,0.98
906,606397.025807,0.46371,-0.72132,-0.51446,0.69
907,606397.029297,0.45522,-0.72813,-0.51244,0.97
908,606397.03418,0.43995,-0.7307,-0.52204,1.64
909,606397.037591,0.42906,-0.73107,-0.53052,1.19
910,606397.041418,0.43029,-0.72132,-0.54272,2.29
911,606397.049794,0.44189,-0.70973,-0.54865,2.52
912,606397.053846,0.4791,-0.69035,-0.54211,1.73
913,606397.057438,0.51913,-0.67869,-0.51951,2.84
914,606397.062352,0.54427,-0.67806,-0.49397,2.65
915,606397.065893,0.55949,-0.68464,-0.46715,2.43
916,606397.074542,0.54742,-0.70957,-0.44368,1.17
917,606397.077696,0.54296,-0.71782,-0.4358,0.65
918,606397.081626,0.52431,-0.73273,-0.43382,0.4
919,606397.099287,0.47586,-0.74643,-0.46519,0.63
920,606397.102411,0.46192,-0.74625,-0.47932,0.38
921,606397.105481,0.45627,-0.7491,-0.48029,0.63
922,606397.111538,0.46556,-0.73784,-0.48872,1.62
923,606397.113744,0.47155,-0.73665,-0.48476,1.92
924,606397.117948,0.49595,-0.73739,-0.45857,3.3
925,606397.12575,0.52768,-0.74261,-0.41242,2.4
926,606397.129097,0.54286,-0.75729,-0.36306,1.98
927,606397.134115,0.55119,-0.76935,-0.32293,1.53
928,606397.137671,0.55356,-0.77889,-0.29478,1.38
929,606397.141817,0.54733,-0.78505,-0.29004,1.8
930,606397.149771,0.54494,-0.7904,-0.27984,1.7
931,606397.154409,0.55904,-0.77032,-0.30673,2.34
932,606397.1572,0.57876,-0.74566,-0.3302,1.19
933,606397.162568,0.60374,-0.71762,-0.34718,2.37
934,606397.166217,0.61864,-0.69164,-0.37272,1.76
935,606397.173766,0.63469,-0.67425,-0.37757,1.53
936,606397.181367,0.64404,-0.6537,-0.39735,0.7
937,606397.187133,0.64156,-0.65652,-0.39672,0.53
938,606397.18936,0.63412,-0.66417,-0.39595,1.27
939,606397.193957,0.61413,-0.6771,-0.40544,0.22
940,606397.201678,0.59003,-0.68625,-0.42535,0.28
941,606397.205695,0.56156,-0.69247,-0.45293,0.43
942,606397.209256,0.53321,-0.69677,-0.47978,1.72
943,606397.21445,0.51111,-0.68977,-0.51282,1.87
944,606397.217179,0.4888,-0.68833,-0.53599,1.06
945,606397.226263,0.47864,-0.68391,-0.55062,0.97
946,606397.229447,0.47433,-0.6838,-0.55446,1.33
947,606397.233742,0.47099,-0.68439,-0.55658,1.66
948,606397.239229,0.46775,-0.69008,-0.55227,1.37
949,606397.241522,0.46885,-0.69187,-0.54909,1.55
950,606397.246605,0.48055,-0.70005,-0.5282,1.81
951,606397.254709,0.49964,-0.69537,-0.51655,2.49
952,606397.257398,0.51737,-0.70207,-0.48931,1.04
953,606397.270118,0.52215,-0.71631,-0.46288,0.74
954,606397.278054,0.51144,-0.72312,-0.46425,0.28
955,606397.282731,0.49849,-0.72576,-0.47411,0.7
956,606397.284931,0.48528,-0.7318,-0.47852,0.78
957,606397.290206,0.46907,-0.73435,-0.49061,0.62
958,606397.293219,0.45301,-0.73302,-0.50741,1.34
959,606397.30286,0.43034,-0.73085,-0.52979,2.11
960,606397.305834,0.42921,-0.73195,-0.52917,1.77
961,606397.309138,0.43744,-0.71504,-0.54532,2.74
962,606397.315507,0.45709,-0.69535,-0.55457,2.17
963,606397.317586,0.48109,-0.67778,-0.55602,2.02
964,606397.321851,0.50303,-0.65801,-0.56035,3.03
965,606397.330248,0.5178,-0.68062,-0.5183,1.97
966,606397.333572,0.52345,-0.69538,-0.49239,1.86
967,606397.338068,0.52832,-0.71543,-0.45721,2.04
968,606397.342401,0.51792,-0.74331,-0.42338,1.75
969,606397.35841,0.4571,-0.80168,-0.38518,0.85
970,606397.361295,0.43969,-0.80634,-0.39558,1.32
971,606397.366181,0.44364,-0.79151,-0.42036,1.82
972,606397.369499,0.47112,-0.76054,-0.44679,2.74
973,606397.377833,0.50476,-0.7268,-0.46581,2.5
974,606397.381756,0.54052,-0.7043,-0.46022,2.9
975,606397.384939,0.5785,-0.68966,-0.43554,2.39
976,606397.390371,0.59576,-0.68989,-0.41124,2.23
977,606397.394466,0.59999,-0.70197,-0.38374,0.96
978,606397.401858,0.58487,-0.72875,-0.35617,0.89
979,606397.40562,0.56088,-0.74943,-0.3518,0.55
980,606397.410232,0.53518,-0.76332,-0.36184,0.64
981,606397.413041,0.50989,-0.77122,-0.38109,0.64
982,606397.41799,0.49252,-0.7656,-0.41386,0.37
983,606397.421582,0.48291,-0.76013,-0.43474,1.79
984,606397.429676,0.51156,-0.73598,-0.44345,2.67
985,606397.442406,0.56376,-0.70926,-0.42322,1.5
986,606397.445721,0.58353,-0.70703,-0.39951,2.26
987,606397.454348,0.58616,-0.72269,-0.36624,1.55
988,606397.458729,0.57917,-0.72998,-0.3629,1.09
989,606397.461367,0.56392,-0.73594,-0.37469,0.57
990,606397.467008,0.55456,-0.73547,-0.38929,0.88
991,606397.469839,0.54244,-0.72671,-0.42149,0.58
992,606397.474073,0.53951,-0.7092,-0.45384,1.31
993,606397.482032,0.54695,-0.69264,-0.47021,1.31
994,606397.485823,0.56028,-0.68347,-0.46792,0.79
995,606397.489577,0.5696,-0.68327,-0.45683,1.22
996,606397.494446,0.56899,-0.67975,-0.4628,1.95
997,606397.498695,0.56843,-0.6865,-0.45343,2.0
998,606397.50566,0.5691,-0.68962,-0.44783,1.74
999,606397.510012,0.56638,-0.69154,-0.44831,1.59
1000,606397.513392,0.56053,-0.69344,-0.45271,0.66
1001,606397.530485,0.54636,-0.68348,-0.4841,0.9
1002,606397.535353,0.54714,-0.68139,-0.48615,1.45
1003,606397.537313,0.55638,-0.68162,-0.47523,1.53
1004,606397.542861,0.55453,-0.68808,-0.46802,1.14
1005,606397.545583,0.55204,-0.69822,-0.45578,0.67
1006,606397.550054,0.54108,-0.70379,-0.46034,0.66
1007,606397.558312,0.52982,-0.7111,-0.46219,0.68
1008,606397.561764,0.52241,-0.71374,-0.46655,1.23
1009,606397.565557,0.51223,-0.716,-0.47431,1.36
1010,606397.5704,0.50521,-0.71696,-0.48035,1.1
1011,606397.574145,0.49857,-0.71506,-0.49001,0.87
1012,606397.582393,0.49053,-0.71219,-0.50217,1.29
1013,606397.5863,0.50254,-0.70158,-0.50522,1.87
1014,606397.590096,0.51956,-0.69234,-0.50071,1.43
1015,606397.594569,0.53393,-0.68491,-0.49579,1.79
1016,606397.597555,0.54455,-0.69018,-0.47656,1.1
1017,606397.605936,0.54872,-0.69752,-0.46084,1.34
1018,606397.618332,0.53297,-0.73772,-0.41438,0.89
1019,606397.622082,0.51462,-0.75351,-0.40913,2.77
1020,606397.625789,0.50145,-0.76598,-0.40227,2.12
1021,606397.634237,0.48853,-0.77446,-0.40194,2.04
1022,606397.638324,0.48974,-0.76124,-0.42506,1.12
1023,606397.641863,0.51515,-0.74484,-0.42407,2.5
1024,606397.647459,0.52024,-0.73631,-0.43267,1.8
1025,606397.650521,0.53566,-0.73087,-0.42296,1.36
1026,606397.658171,0.54109,-0.73474,-0.40911,1.32
1027,606397.662244,0.53845,-0.74909,-0.38593,1.93
1028,606397.665403,0.51706,-0.76997,-0.37389,0.78
1029,606397.67039,0.50172,-0.78482,-0.36377,0.15
1030,606397.673629,0.48194,-0.79421,-0.37009,0.56
1031,606397.682299,0.46033,-0.79649,-0.39204,0.69
1032,606397.686291,0.46526,-0.77482,-0.42801,1.67
1033,606397.689034,0.48221,-0.74936,-0.45379,1.83
1034,606397.703032,0.55091,-0.69684,-0.45925,1.68
1035,606397.710134,0.56887,-0.69813,-0.43474,1.33
1036,606397.714216,0.5564,-0.71795,-0.41828,2.18
1037,606397.717599,0.54395,-0.74088,-0.39396,1.56
1038,606397.721618,0.51801,-0.7619,-0.38881,0.66
1039,606397.726251,0.50062,-0.76747,-0.40046,0.93
1040,606397.733478,0.50501,-0.76503,-0.39961,1.83
1041,606397.738262,0.51307,-0.75058,-0.41641,1.61
1042,606397.741207,0.52437,-0.74006,-0.42113,1.51
1043,606397.746328,0.53335,-0.73411,-0.42026,1.41
1044,606397.750803,0.54693,-0.72435,-0.41974,1.57
1045,606397.753142,0.55809,-0.71729,-0.41717,1.74
1046,606397.762862,0.56374,-0.71639,-0.41108,1.48
1047,606397.765314,0.56516,-0.71912,-0.40431,0.52
1048,606397.77061,0.56275,-0.71931,-0.40732,0.88
1049,606397.773904,0.56886,-0.71245,-0.41088,1.01
1050,606397.790271,0.56987,-0.70791,-0.41727,1.74
1051,606397.794046,0.57023,-0.70208,-0.42652,1.56
1052,606397.797993,0.57657,-0.6927,-0.43328,2.14
1053,606397.801957,0.58271,-0.6779,-0.44822,1.15
1054,606397.809479,0.5875,-0.67871,-0.44069,0.39
1055,606397.81401,0.59287,-0.6657,-0.45315,0.84
1056,606397.817239,0.59477,-0.66829,-0.4468,1.5
1057,606397.822554,0.59216,-0.68042,-0.43171,1.9
1058,606397.826402,0.58141,-0.69997,-0.41474,0.43
1059,606397.831036,0.56982,-0.71138,-0.41139,0.4
1060,606397.837796,0.55198,-0.72239,-0.4165,0.91
1061,606397.841474,0.53677,-0.72521,-0.43122,1.09
1062,606397.846605,0.53189,-0.72028,-0.44529,1.08
1063,606397.849965,0.52931,-0.71296,-0.4599,1.17
1064,606397.853866,0.53468,-0.70073,-0.47232,1.53
1065,606397.862463,0.54088,-0.68834,-0.48337,1.8
1066,606397.870649,0.57583,-0.67532,-0.46083,2.4
1067,606397.875307,0.58232,-0.68238,-0.44189,1.44
1068,606397.878407,0.57779,-0.69992,-0.41986,1.45
1069,606397.886492,0.55955,-0.71413,-0.42062,2.33
1070,606397.8902,0.55291,-0.72882,-0.40388,1.59
1071,606397.893007,0.54483,-0.73451,-0.40455,1.91
1072,606397.897987,0.51741,-0.75322,-0.40614,0.76
1073,606397.90203,0.50833,-0.74895,-0.42507,0.83
1074,606397.909848,0.53003,-0.73469,-0.42344,2.49
1075,606397.913269,0.54009,-0.72331,-0.43025,1.63
1076,606397.918221,0.55096,-0.71597,-0.42875,1.53
1077,606397.92154,0.55876,-0.71134,-0.42635,1.16
1078,606397.926523,0.55729,-0.72038,-0.4129,0.99
1079,606397.930029,0.55128,-0.72878,-0.40618,0.64
1080,606397.93872,0.53115,-0.74438,-0.40468,0.49
1081,606397.941518,0.51187,-0.75191,-0.41548,0.29
1082,606397.945624,0.50164,-0.7491,-0.43267,1.49
1083,606397.962681,0.52411,-0.70484,-0.47802,1.37
1084,606397.9659,0.53247,-0.70085,-0.47465,1.25
1085,606397.969043,0.53159,-0.71149,-0.45955,0.66
1086,606397.974355,0.51903,-0.72433,-0.45383,1.85
1087,606397.977595,0.50571,-0.7448,-0.43535,1.4
1088,606397.982325,0.48744,-0.7523,-0.44323,0.85
1089,606397.990721,0.49018,-0.74891,-0.44593,0.94
1090,606397.993776,0.50249,-0.74171,-0.44426,1.62
1091,606397.997746,0.51103,-0.73961,-0.43798,1.62
1092,606398.002318,0.51085,-0.74745,-0.42468,1.29
1093,606398.005969,0.50935,-0.75995,-0.40377,0.46
1094,606398.013757,0.49978,-0.77177,-0.39318,0.46
1095,606398.017784,0.48323,-0.78237,-0.39292,0.59
1096,606398.021136,0.46359,-0.78903,-0.40314,0.59
1097,606398.026661,0.48229,-0.76996,-0.41781,1.59
1098,606398.029206,0.51053,-0.748,-0.4241,1.79
1099,606398.037759,0.53902,-0.73049,-0.41933,1.49
1100,606398.045784,0.55366,-0.72676,-0.40655,1.22
1101,606398.051149,0.5681,-0.72015,-0.39832,1.26
1102,606398.053466,0.57225,-0.72293,-0.38717,1.11
1103,606398.057756,0.56648,-0.72887,-0.38452,0.69
1104,606398.066239,0.56723,-0.72814,-0.3848,0.84
1105,606398.070545,0.56958,-0.73141,-0.375,1.22
1106,606398.073002,0.56675,-0.73681,-0.36865,1.1
1107,606398.07907,0.55858,-0.73882,-0.37701,1.04
1108,606398.081826,0.5608,-0.72947,-0.39163,1.77
1109,606398.090048,0.56092,-0.72323,-0.40286,0.74
1110,606398.09462,0.56928,-0.71095,-0.41289,1.35
1111,606398.096982,0.58258,-0.69808,-0.41627,1.31
1112,606398.102688,0.59411,-0.69306,-0.40829,1.32
1113,606398.105747,0.59652,-0.69874,-0.39488,0.92
1114,606398.113486,0.58973,-0.70811,-0.38834,1.57
1115,606398.118234,0.58419,-0.71398,-0.38595,1.22
1116,606398.121479,0.58277,-0.70976,-0.39575,1.21
1117,606398.134303,0.59051,-0.69299,-0.41359,1.53
1118,606398.142828,0.60272,-0.68707,-0.4058,1.59
1119,606398.146067,0.60299,-0.69154,-0.39772,1.17
1120,606398.14942,0.6067,-0.6949,-0.38604,1.07
1121,606398.15474,0.60093,-0.70035,-0.38521,0.63
1122,606398.157614,0.59096,-0.70678,-0.38888,0.92
1123,606398.166291,0.58063,-0.71135,-0.39605,0.71
1124,606398.169554,0.57435,-0.71242,-0.4032,0.85
1125,606398.173318,0.57385,-0.70677,-0.41374,1.28
1126,606398.178799,0.58154,-0.69347,-0.42534,1.14
1127,606398.18142,0.58992,-0.68219,-0.43199,1.06
1128,606398.186279,0.5902,-0.67672,-0.44013,1.33
1129,606398.194232,0.58824,-0.67994,-0.43779,0.95
1130,606398.197501,0.58008,-0.68378,-0.44267,1.82
1131,606398.202087,0.56884,-0.69007,-0.44746,1.34
1132,606398.206526,0.55613,-0.69252,-0.45949,1.4
1133,606398.2104,0.5575,-0.68752,-0.46531,0.85
1134,606398.221925,0.54744,-0.69183,-0.47082,1.04
1135,606398.226812,0.53156,-0.70685,-0.46671,1.17
1136,606398.229591,0.51211,-0.72779,-0.45615,0.71
1137,606398.234128,0.48483,-0.74588,-0.45673,0.23
1138,606398.242245,0.45781,-0.75445,-0.47034,0.78
1139,606398.245545,0.45585,-0.74565,-0.48601,1.74
1140,606398.249289,0.46952,-0.73161,-0.49427,1.77
1141,606398.254342,0.48578,-0.72234,-0.49218,1.42
1142,606398.257948,0.49831,-0.72292,-0.47861,1.35
1143,606398.261183,0.49548,-0.74135,-0.45266,1.35
1144,606398.270259,0.47799,-0.76032,-0.43982,1.55
1145,606398.273344,0.45408,-0.77592,-0.43791,0.69
1146,606398.278787,0.45543,-0.77686,-0.43483,1.45
1147,606398.282332,0.46846,-0.77038,-0.43251,1.62
1148,606398.2858,0.47807,-0.76877,-0.4248,1.59
1149,606398.294055,0.48168,-0.77667,-0.40592,1.1
1150,606398.297578,0.48632,-0.77854,-0.39669,1.07
1151,606398.306944,0.47907,-0.78614,-0.39048,1.34
1152,606398.311143,0.48082,-0.78711,-0.38635,0.24
1153,606398.318572,0.50603,-0.77541,-0.37772,0.17
1154,606398.321448,0.523,-0.77924,-0.34533,0.86
1155,606398.325589,0.52579,-0.77822,-0.34338,1.97
1156,606398.331758,0.53423,-0.76817,-0.35287,1.44
1157,606398.333763,0.54843,-0.75911,-0.35068,1.27
1158,606398.338012,0.55649,-0.75232,-0.35262,0.92
1159,606398.346262,0.57094,-0.74502,-0.34491,2.14
1160,606398.349827,0.5813,-0.74599,-0.32494,1.39
1161,606398.354623,0.58109,-0.75091,-0.31379,0.78
1162,606398.357721,0.5789,-0.74853,-0.32338,0.91
1163,606398.362389,0.58294,-0.73951,-0.33661,1.5
1164,606398.370607,0.58897,-0.7284,-0.35007,1.08
1165,606398.373461,0.60457,-0.70772,-0.36554,1.48
1166,606398.377554,0.62377,-0.69257,-0.3623,1.04
1167,606398.395788,0.64878,-0.67728,-0.34694,1.98
1168,606398.397583,0.64483,-0.67171,-0.36469,0.84
1169,606398.401957,0.65463,-0.65898,-0.37041,1.26
1170,606398.406399,0.65738,-0.64965,-0.38185,1.16
1171,606398.410094,0.65898,-0.64687,-0.3838,0.87
1172,606398.417656,0.6547,-0.64819,-0.38887,0.88
1173,606398.421471,0.64553,-0.65486,-0.39299,0.25
1174,606398.425722,0.63903,-0.65793,-0.39845,0.6
1175,606398.429214,0.62268,-0.66706,-0.40902,0.76
1176,606398.435025,0.6052,-0.67446,-0.42289,0.29
1177,606398.437427,0.59772,-0.67271,-0.43611,0.4
1178,606398.445588,0.59804,-0.66271,-0.45074,0.65
1179,606398.449716,0.59747,-0.65872,-0.4573,0.56
1180,606398.453236,0.59449,-0.66316,-0.45475,1.34
1181,606398.458767,0.58599,-0.67109,-0.45415,1.81
1182,606398.462807,0.57805,-0.67622,-0.45671,1.08
1183,606398.470153,0.56728,-0.68443,-0.45797,0.61
1184,606398.482449,0.55751,-0.69374,-0.45597,1.68
1185,606398.48642,0.54012,-0.71199,-0.44871,1.67
1186,606398.490699,0.52461,-0.72342,-0.44883,2.7
1187,606398.497945,0.49156,-0.74169,-0.45636,2.39
1188,606398.501474,0.48615,-0.73476,-0.47306,1.65
1189,606398.505881,0.49728,-0.72497,-0.47658,1.42
1190,606398.510828,0.512,-0.7153,-0.47561,1.13
1191,606398.513168,0.5121,-0.72751,-0.45659,1.45
1192,606398.522439,0.50566,-0.73643,-0.44941,1.39
1193,606398.525547,0.49205,-0.74609,-0.44859,0.87
1194,606398.529074,0.48998,-0.75209,-0.44078,1.3
1195,606398.534513,0.49628,-0.74867,-0.43954,1.18
1196,606398.537937,0.48344,-0.76086,-0.43287,0.55
1197,606398.545975,0.48161,-0.764,-0.42938,0.65
1198,606398.549528,0.46536,-0.77401,-0.42935,0.54
1199,606398.553,0.4501,-0.77861,-0.43723,0.36
1200,606398.566747,0.49268,-0.77386,-0.39801,1.03
1201,606398.573811,0.49928,-0.77499,-0.38743,1.81
1202,606398.578359,0.51392,-0.76477,-0.3886,1.6
1203,606398.581183,0.51956,-0.76793,-0.37462,1.04
1204,606398.586608,0.53338,-0.76168,-0.36789,2.09
1205,606398.589216,0.54494,-0.76536,-0.34243,1.37
1206,606398.598294,0.54853,-0.77269,-0.31946,0.93
1207,606398.601845,0.54679,-0.77255,-0.32278,1.2
1208,606398.606015,0.5577,-0.7603,-0.33304,1.51
1209,606398.609537,0.56341,-0.7513,-0.34369,1.8
1210,606398.613305,0.58854,-0.73216,-0.34287,1.94
1211,606398.621855,0.61107,-0.71828,-0.33266,1.47
1212,606398.625745,0.61997,-0.71733,-0.31792,1.41
1213,606398.629237,0.63118,-0.70495,-0.3235,1.97
1214,606398.634261,0.64175,-0.69222,-0.33013,1.18
1215,606398.637872,0.65298,-0.68108,-0.33129,1.43
1216,606398.654291,0.67169,-0.66378,-0.32898,0.69
1217,606398.657448,0.67025,-0.66018,-0.33901,0.85
1218,606398.663567,0.66392,-0.65928,-0.35293,0.74
1219,606398.66521,0.65767,-0.65862,-0.36564,0.61
1220,606398.674357,0.65938,-0.64463,-0.38687,0.98
1221,606398.678178,0.66303,-0.62981,-0.40462,1.03
1222,606398.681409,0.66316,-0.62494,-0.4119,1.21
1223,606398.687172,0.66192,-0.62476,-0.41417,1.39
1224,606398.69065,0.65635,-0.6214,-0.42786,1.29
1225,606398.693898,0.65035,-0.6217,-0.4365,0.23
1226,606398.701798,0.64943,-0.62051,-0.43955,0.95
1227,606398.705397,0.63904,-0.62708,-0.44542,0.57
1228,606398.711358,0.6283,-0.63414,-0.45068,0.79
1229,606398.713793,0.61441,-0.65051,-0.44647,0.8
1230,606398.717828,0.58756,-0.66611,-0.45942,0.72
1231,606398.726457,0.57286,-0.66962,-0.47269,1.0
1232,606398.738342,0.57466,-0.64816,-0.49965,0.99
1233,606398.741104,0.57513,-0.6491,-0.49789,1.79
1234,606398.750555,0.55513,-0.6653,-0.49921,0.69
1235,606398.753611,0.55642,-0.66821,-0.49385,1.01
1236,606398.757657,0.55262,-0.6746,-0.48941,1.02
1237,606398.762332,0.53649,-0.68911,-0.48713,0.69
1238,606398.76615,0.51878,-0.70901,-0.47768,0.53
1239,606398.770657,0.49202,-0.72532,-0.48148,0.72
1240,606398.778576,0.46887,-0.73293,-0.49292,1.4
1241,606398.780989,0.4768,-0.73189,-0.48682,1.21
1242,606398.786233,0.47581,-0.73577,-0.48192,1.44
1243,606398.789771,0.47622,-0.74338,-0.46968,2.1
1244,606398.793902,0.476,-0.7515,-0.4568,1.34
1245,606398.801597,0.47609,-0.7611,-0.44054,1.01
1246,606398.805806,0.48449,-0.76905,-0.41693,2.29
1247,606398.810008,0.48014,-0.78819,-0.38498,1.66
1248,606398.817184,0.4631,-0.81004,-0.35968,1.08
1249,606398.827161,0.4535,-0.813,-0.3652,0.43
1250,606398.829642,0.47592,-0.79981,-0.36579,2.13
1251,606398.833784,0.50386,-0.78717,-0.35564,1.29
1252,606398.839011,0.52172,-0.78658,-0.3303,1.98
1253,606398.841821,0.53578,-0.77476,-0.3357,2.41
1254,606398.845409,0.56049,-0.75977,-0.32953,1.86
1255,606398.853836,0.57406,-0.75551,-0.31568,1.81
1256,606398.85718,0.5919,-0.74639,-0.30423,1.86
1257,606398.863257,0.59523,-0.75012,-0.28812,0.91
1258,606398.865693,0.60178,-0.74499,-0.28785,1.4
1259,606398.870465,0.60596,-0.73517,-0.30387,1.18
1260,606398.878168,0.61577,-0.72018,-0.31964,1.44
1261,606398.882162,0.63762,-0.69393,-0.33452,1.68
1262,606398.885681,0.66173,-0.66746,-0.34148,1.18
1263,606398.891369,0.67218,-0.65623,-0.34283,2.18
1264,606398.8944,0.68095,-0.64051,-0.35505,1.6
1265,606398.906302,0.68916,-0.62392,-0.36849,0.54
1266,606398.910687,0.68638,-0.6208,-0.37879,1.11
1267,606398.913299,0.68227,-0.62458,-0.38,1.21
1268,606398.918183,0.66577,-0.63039,-0.39919,0.24
1269,606398.921302,0.6491,-0.63488,-0.41904,0.67
1270,606398.93047,0.64562,-0.62547,-0.43813,1.03
1271,606398.934185,0.646,-0.61161,-0.45675,1.12
1272,606398.936923,0.64658,-0.61128,-0.45637,1.43
1273,606398.942362,0.6465,-0.6095,-0.45885,1.68
1274,606398.946592,0.6382,-0.61671,-0.46084,1.62
1275,606398.954665,0.63552,-0.6193,-0.46107,0.9
1276,606398.957537,0.63037,-0.62596,-0.45914,0.94
1277,606398.961511,0.62539,-0.63086,-0.45923,1.25
1278,606398.966043,0.61085,-0.64331,-0.46153,0.68
1279,606398.969337,0.59014,-0.65747,-0.46847,0.64
1280,606398.978022,0.58416,-0.65307,-0.48193,1.12
1281,606398.982703,0.58077,-0.64957,-0.49068,1.13
1282,606398.995224,0.57326,-0.64978,-0.49916,1.49
1283,606398.997873,0.56804,-0.65845,-0.49374,0.65
1284,606399.007297,0.56364,-0.6749,-0.47626,1.05
1285,606399.00967,0.55263,-0.68949,-0.46819,0.81
1286,606399.014048,0.53284,-0.70102,-0.47397,0.82
1287,606399.018128,0.51255,-0.7079,-0.48598,0.33
1288,606399.021617,0.51273,-0.70294,-0.49293,0.91
1289,606399.029583,0.51795,-0.69974,-0.49203,1.55
1290,606399.033894,0.52535,-0.70401,-0.47789,2.52
1291,606399.037352,0.52652,-0.70965,-0.46815,1.66
1292,606399.042239,0.52376,-0.72245,-0.45138,0.91
1293,606399.046439,0.5242,-0.73615,-0.42813,1.62
1294,606399.05458,0.50608,-0.75909,-0.40946,0.95
1295,606399.057485,0.49738,-0.77119,-0.39734,0.68
1296,606399.061746,0.49208,-0.77328,-0.39986,1.5
1297,606399.075103,0.52298,-0.75577,-0.39409,0.79
1298,606399.081486,0.53288,-0.75576,-0.38061,2.26
1299,606399.085723,0.54336,-0.75068,-0.37582,1.7
1300,606399.091122,0.54933,-0.75563,-0.35672,1.47
1301,606399.094311,0.55989,-0.75452,-0.34239,1.18
1302,606399.098997,0.55444,-0.76406,-0.32984,0.85
1303,606399.106246,0.55551,-0.7616,-0.33371,1.05
1304,606399.109574,0.55183,-0.75825,-0.34719,0.54
1305,606399.113342,0.56942,-0.74155,-0.35478,1.97
1306,606399.11844,0.58934,-0.71894,-0.36851,1.72
1307,606399.121231,0.60406,-0.71083,-0.36033,2.23
1308,606399.13113,0.61402,-0.70005,-0.36456,1.88
1309,606399.134421,0.62319,-0.69378,-0.36097,1.09
1310,606399.137645,0.6308,-0.69209,-0.35085,1.1
1311,606399.144423,0.62501,-0.69945,-0.3466,0.56
1312,606399.146269,0.6239,-0.69711,-0.35324,1.08
1313,606399.149978,0.61222,-0.69814,-0.3712,0.53
1314,606399.165832,0.63778,-0.66815,-0.38316,1.03
1315,606399.170783,0.64278,-0.6581,-0.39211,1.68
1316,606399.17345,0.64464,-0.65627,-0.3921,0.93
1317,606399.182305,0.64558,-0.65071,-0.39976,0.67
1318,606399.185433,0.63884,-0.65176,-0.40878,0.61
1319,606399.189595,0.63816,-0.64697,-0.41736,1.0
1320,606399.195143,0.62592,-0.6505,-0.4302,0.34
1321,606399.197762,0.62541,-0.64069,-0.4454,0.83
1322,606399.202385,0.62122,-0.63405,-0.46051,0.91
1323,606399.209904,0.61651,-0.63058,-0.47147,1.42
1324,606399.213594,0.61231,-0.62337,-0.4863,0.69
1325,606399.219247,0.61309,-0.62236,-0.48661,0.78
1326,606399.222043,0.61696,-0.62353,-0.48018,1.22
1327,606399.226618,0.60983,-0.63679,-0.47182,0.61
1328,606399.234625,0.59529,-0.64959,-0.47294,0.73
1329,606399.238043,0.57165,-0.66744,-0.47722,0.36
1330,606399.250473,0.55505,-0.66386,-0.50121,2.14
1331,606399.258691,0.5543,-0.65567,-0.5127,1.5
1332,606399.262416,0.56372,-0.65855,-0.49854,1.27
1333,606399.265474,0.57227,-0.66667,-0.47755,1.76
1334,606399.270495,0.56057,-0.68815,-0.46067,1.17
1335,606399.273645,0.54992,-0.70846,-0.44235,0.67
1336,606399.278773,0.52644,-0.724,-0.44574,0.41
1337,606399.286221,0.52486,-0.72258,-0.4499,1.03
1338,606399.289106,0.53218,-0.71211,-0.45791,1.04
1339,606399.295048,0.5366,-0.7114,-0.45383,1.93
1340,606399.297935,0.54319,-0.70556,-0.45512,1.8
1341,606399.30293,0.56049,-0.70761,-0.43029,1.74
1342,606399.310537,0.57136,-0.70906,-0.41326,1.57
1343,606399.31426,0.57039,-0.71832,-0.39834,1.53
1344,606399.317079,0.55272,-0.73954,-0.38417,0.36
1345,606399.335462,0.54347,-0.72711,-0.41947,1.97
1346,606399.337991,0.55224,-0.71858,-0.42271,2.03
1347,606399.341776,0.56523,-0.71052,-0.41914,1.82
1348,606399.347611,0.58002,-0.71161,-0.39646,1.65
1349,606399.34987,0.57433,-0.72846,-0.37349,0.89
1350,606399.353382,0.5662,-0.73937,-0.36434,0.44
1351,606399.361889,0.54671,-0.748,-0.37631,0.52
1352,606399.365565,0.54843,-0.73777,-0.3936,1.3
1353,606399.369138,0.55165,-0.72874,-0.40573,1.64
1354,606399.37459,0.5611,-0.71668,-0.41417,2.27
1355,606399.377248,0.57509,-0.7063,-0.4128,1.48
1356,606399.385671,0.59433,-0.70332,-0.39001,2.3
1357,606399.390078,0.59566,-0.71641,-0.36323,0.95
1358,606399.393401,0.58579,-0.73083,-0.35035,0.56
1359,606399.398492,0.56854,-0.73682,-0.36587,0.68
1360,606399.402059,0.56906,-0.72442,-0.38908,1.47
1361,606399.418758,0.59543,-0.69131,-0.40933,0.99
1362,606399.421577,0.61479,-0.67779,-0.40329,0.69
1363,606399.426576,0.63292,-0.67584,-0.37768,0.98
1364,606399.429031,0.62944,-0.69119,-0.35507,1.33
1365,606399.438211,0.61086,-0.70222,-0.36569,0.66
1366,606399.441856,0.61196,-0.69038,-0.38586,1.45
1367,606399.445287,0.62145,-0.67397,-0.39945,1.61
1368,606399.450907,0.63021,-0.65964,-0.40952,2.05
1369,606399.453767,0.64151,-0.64087,-0.42161,1.31
1370,606399.462588,0.6577,-0.63189,-0.41005,1.72
1371,606399.465609,0.66297,-0.63277,-0.40009,1.06
1372,606399.469811,0.65667,-0.64212,-0.39557,0.42
1373,606399.474961,0.63921,-0.65198,-0.40784,0.5
1374,606399.478221,0.62308,-0.65245,-0.43138,0.9
1375,606399.486453,0.61334,-0.6389,-0.46435,1.45
1376,606399.490017,0.60687,-0.62964,-0.48504,2.29
1377,606399.503209,0.62039,-0.61776,-0.48321,0.47
1378,606399.505743,0.6228,-0.63084,-0.46277,1.76
1379,606399.514153,0.60124,-0.65299,-0.46057,2.09
1380,606399.517628,0.56219,-0.67501,-0.47781,0.92
1381,606399.521118,0.54909,-0.6677,-0.50267,1.09
1382,606399.527021,0.54631,-0.66481,-0.50948,1.85
1383,606399.530149,0.5475,-0.66016,-0.51423,1.64
1384,606399.53813,0.56147,-0.66231,-0.49608,2.18
1385,606399.542261,0.56279,-0.68151,-0.46777,1.55
1386,606399.545394,0.54661,-0.70306,-0.4549,1.22
1387,606399.552356,0.51837,-0.72768,-0.44919,0.31
1388,606399.554149,0.50673,-0.7272,-0.46304,0.91
1389,606399.562308,0.50944,-0.71959,-0.47187,1.81
1390,606399.56552,0.51684,-0.71296,-0.47388,2.24
1391,606399.569738,0.53435,-0.70502,-0.46627,1.84
1392,606399.583392,0.5342,-0.75057,-0.38895,1.28
1393,606399.589472,0.52162,-0.75743,-0.3927,1.0
1394,606399.593781,0.52368,-0.74874,-0.40639,1.05
1395,606399.598853,0.53564,-0.74063,-0.40565,2.2
1396,606399.601485,0.55362,-0.72082,-0.41704,1.72
1397,606399.606799,0.58014,-0.71626,-0.38783,2.46
1398,606399.614077,0.5906,-0.72541,-0.35351,1.89
1399,606399.617585,0.58576,-0.73741,-0.33632,0.82
1400,606399.621926,0.57092,-0.74687,-0.34092,0.22
1401,606399.626134,0.57267,-0.7361,-0.36085,1.11
1402,606399.62911,0.58037,-0.7268,-0.36734,1.7
1403,606399.637903,0.58834,-0.70956,-0.38778,1.55
1404,606399.641631,0.61277,-0.68978,-0.38563,1.66
1405,606399.645536,0.6313,-0.68356,-0.36634,1.99
1406,606399.650165,0.63949,-0.68952,-0.34002,0.83
1407,606399.65339,0.62872,-0.70042,-0.33781,0.54
1408,606399.657078,0.61332,-0.70458,-0.35694,0.79
1409,606399.674134,0.61804,-0.66867,-0.4134,0.85
1410,606399.677663,0.63519,-0.64668,-0.4223,0.74
1411,606399.682329,0.66092,-0.63783,-0.39543,1.3
1412,606399.690176,0.65956,-0.65618,-0.36661,1.61
1413,606399.694066,0.63655,-0.68209,-0.35994,0.57
1414,606399.697237,0.62698,-0.68281,-0.37505,0.51
1415,606399.702564,0.61807,-0.68262,-0.3899,1.36
1416,606399.705708,0.61447,-0.66813,-0.41955,1.25
1417,606399.709896,0.62972,-0.6524,-0.4217,1.89
1418,606399.717657,0.64122,-0.64649,-0.41339,1.67
1419,606399.721109,0.63743,-0.65827,-0.40045,0.62
1420,606399.725551,0.6153,-0.6739,-0.40898,0.23
1421,606399.729481,0.59769,-0.6763,-0.43057,0.6
1422,606399.733736,0.58274,-0.67029,-0.45949,1.36
1423,606399.741666,0.58103,-0.65037,-0.48931,1.29
1424,606399.746015,0.59535,-0.63252,-0.49545,1.81
1425,606399.754195,0.61206,-0.64279,-0.46066,1.04
1426,606399.75942,0.58906,-0.66414,-0.46035,0.52
1427,606399.765551,0.56989,-0.6713,-0.4739,0.41
1428,606399.77063,0.55525,-0.66958,-0.49332,1.39
1429,606399.77338,0.5553,-0.65221,-0.51601,1.7
1430,606399.778691,0.57391,-0.63974,-0.51124,2.26
1431,606399.781289,0.59461,-0.64309,-0.48257,2.4
1432,606399.78681,0.59807,-0.666,-0.44582,1.77
1433,606399.793685,0.58321,-0.69361,-0.42282,1.03
1434,606399.797486,0.57102,-0.70972,-0.41259,0.15
1435,606399.802421,0.55413,-0.72064,-0.41668,1.05
1436,606399.806389,0.54777,-0.70532,-0.44996,1.26
1437,606399.81,0.56788,-0.68665,-0.4539,2.26
1438,606399.817949,0.5925,-0.67694,-0.43669,2.11
1439,606399.821583,0.6039,-0.68662,-0.40479,1.39
1440,606399.826157,0.59214,-0.70795,-0.38494,1.15
1441,606399.843184,0.54798,-0.70917,-0.44362,1.3
1442,606399.846115,0.56888,-0.68651,-0.45285,2.57
1443,606399.848955,0.58869,-0.68137,-0.43495,1.6
1444,606399.85441,0.59162,-0.69514,-0.40837,0.98
1445,606399.857935,0.57169,-0.71505,-0.40234,0.71
1446,606399.865473,0.55869,-0.72002,-0.41163,0.53
1447,606399.869736,0.54427,-0.72058,-0.42957,1.71
1448,606399.873918,0.54817,-0.70104,-0.45613,1.77
1449,606399.877062,0.57811,-0.68582,-0.44208,2.73
1450,606399.882213,0.59441,-0.69154,-0.41043,1.79
1451,606399.885635,0.59858,-0.70738,-0.37593,1.4
1452,606399.893923,0.59069,-0.7242,-0.35585,0.81
1453,606399.89785,0.58098,-0.73664,-0.34616,0.57
1454,606399.901288,0.56808,-0.74268,-0.35455,1.39
1455,606399.907113,0.57788,-0.71827,-0.38748,0.96
1456,606399.910429,0.59882,-0.70386,-0.38208,1.81
1457,606399.917921,0.61659,-0.69948,-0.3613,1.41
1458,606399.930583,0.60653,-0.71883,-0.33971,2.11
1459,606399.933468,0.5973,-0.71313,-0.36698,3.53
1460,606399.93925,0.59492,-0.69083,-0.41089,0.93
1461,606399.946064,0.62486,-0.65844,-0.41953,0.25
1462,606399.950226,0.6412,-0.6578,-0.39516,1.4
1463,606399.952887,0.63443,-0.6694,-0.38652,0.27
1464,606399.958283,0.62108,-0.67561,-0.39725,0.68
1465,606399.961578,0.60259,-0.67326,-0.42849,1.62
1466,606399.969735,0.61305,-0.64373,-0.45802,2.05
1467,606399.973536,0.63921,-0.62211,-0.45209,2.27
1468,606399.977764,0.658,-0.62629,-0.41807,1.63
1469,606399.982461,0.65684,-0.64557,-0.38961,1.86
1470,606399.985479,0.64964,-0.66646,-0.36579,0.26
1471,606399.994418,0.62653,-0.68741,-0.36732,0.14
1472,606399.997853,0.60588,-0.68092,-0.41141,1.12
1473,606400.001181,0.61716,-0.65229,-0.44004,2.1
1474,606400.014513,0.64872,-0.65178,-0.39286,0.65
1475,606400.021427,0.62055,-0.67527,-0.39865,0.24
1476,606400.026343,0.58643,-0.68625,-0.4303,1.09
1477,606400.02913,0.58437,-0.65633,-0.47723,2.15
1478,606400.034387,0.61035,-0.62632,-0.48496,2.13
1479,606400.038343,0.63123,-0.62279,-0.46226,1.8
1480,606400.046189,0.62256,-0.64655,-0.44089,1.32
1481,606400.050288,0.59567,-0.67121,-0.44119,0.49
1482,606400.053096,0.56535,-0.67899,-0.46835,1.16
1483,606400.057816,0.55748,-0.65816,-0.50601,1.68
1484,606400.061857,0.57972,-0.63517,-0.51038,2.57
1485,606400.070501,0.60733,-0.63071,-0.48307,2.35
1486,606400.07352,0.60469,-0.66038,-0.44525,2.27
1487,606400.07796,0.5767,-0.6974,-0.4255,0.69
1488,606400.082606,0.54164,-0.71338,-0.44466,1.1
1489,606400.086552,0.54146,-0.69683,-0.47037,2.06
1490,606400.08923,0.57055,-0.68124,-0.45868,2.34
1491,606400.106495,0.57528,-0.71736,-0.393,2.14
1492,606400.109961,0.54963,-0.73778,-0.39191,1.8
1493,606400.114122,0.53594,-0.72741,-0.42855,2.29
1494,606400.122278,0.57928,-0.68266,-0.44543,3.1
1495,606400.125637,0.60991,-0.67818,-0.40997,2.5
1496,606400.129715,0.60975,-0.70416,-0.36381,1.86
1497,606400.13534,0.58207,-0.73326,-0.35146,0.47
1498,606400.137661,0.55901,-0.74031,-0.37343,0.91
1499,606400.145871,0.55241,-0.71598,-0.42687,2.31
1500,606400.149811,0.59286,-0.67754,-0.43527,3.41
1501,606400.153806,0.62909,-0.66419,-0.40385,3.05
1502,606400.159865,0.64075,-0.68533,-0.34607,2.47
1503,606400.163326,0.61087,-0.72114,-0.3268,0.57
1504,606400.165759,0.56877,-0.74098,-0.35701,1.05
1505,606400.174009,0.56207,-0.71303,-0.41913,2.5
1506,606400.177517,0.60115,-0.6691,-0.43695,3.58
1507,606400.191031,0.65329,-0.67417,-0.34452,1.83
1508,606400.198369,0.5925,-0.72704,-0.34692,1.25
1509,606400.201594,0.57408,-0.70765,-0.4119,2.56
1510,606400.205836,0.61983,-0.6585,-0.42683,4.06
1511,606400.21034,0.66878,-0.62677,-0.39986,3.71
1512,606400.213527,0.68196,-0.64779,-0.33955,2.89
1513,606400.21817,0.64645,-0.69683,-0.31069,1.6
1514,606400.225743,0.6012,-0.72011,-0.34641,1.52
1515,606400.229243,0.59007,-0.69009,-0.41904,2.71
1516,606400.235145,0.63369,-0.63406,-0.44317,4.11
1517,606400.237886,0.69009,-0.59282,-0.41514,4.5
1518,606400.241704,0.70387,-0.61433,-0.35659,3.41
1519,606400.249609,0.66201,-0.67474,-0.32628,1.83
1520,606400.253969,0.60921,-0.7047,-0.36368,1.15
1521,606400.257219,0.59162,-0.66956,-0.44908,2.71
1522,606400.274455,0.68877,-0.60941,-0.39271,2.59
1523,606400.277879,0.65914,-0.66611,-0.34904,1.89
1524,606400.281922,0.59574,-0.69674,-0.39956,0.79
1525,606400.287174,0.57908,-0.65895,-0.48005,3.98
1526,606400.290001,0.61612,-0.60169,-0.5083,4.54
1527,606400.294228,0.68466,-0.57062,-0.45347,4.44
1528,606400.301988,0.68979,-0.60928,-0.39112,4.53
1529,606400.305506,0.63914,-0.68044,-0.35846,2.45
1530,606400.310176,0.55881,-0.70868,-0.4307,1.75
1531,606400.314485,0.56429,-0.6531,-0.50501,4.59
1532,606400.318359,0.62387,-0.59497,-0.50676,4.46
1533,606400.326614,0.68678,-0.58496,-0.43146,4.47
1534,606400.329539,0.6762,-0.63455,-0.37431,4.3
1535,606400.333915,0.60098,-0.70743,-0.37196,1.64
1536,606400.338849,0.54688,-0.70339,-0.45406,2.58
1537,606400.341445,0.57617,-0.64826,-0.49778,5.8
1538,606400.350474,0.64534,-0.60146,-0.47093,5.0
1539,606400.358442,0.6342,-0.67885,-0.37008,3.59
1540,606400.363769,0.56103,-0.73207,-0.38641,1.16
1541,606400.365614,0.54964,-0.69195,-0.46808,2.91
1542,606400.373895,0.60265,-0.63952,-0.47732,5.5
1543,606400.378505,0.66379,-0.62185,-0.41556,4.1
1544,606400.381689,0.65719,-0.6607,-0.36274,2.45
1545,606400.385722,0.6124,-0.70183,-0.36386,1.28
1546,606400.390657,0.57394,-0.70462,-0.41727,2.21
1547,606400.393731,0.5985,-0.65894,-0.45563,3.22
1548,606400.402597,0.64333,-0.63225,-0.43172,3.33
1549,606400.405838,0.65627,-0.65009,-0.38301,2.04
1550,606400.409234,0.62478,-0.68954,-0.36631,1.13
1551,606400.41467,0.58434,-0.70646,-0.39932,1.2
1552,606400.418039,0.57953,-0.67531,-0.45619,2.24
1553,606400.425633,0.61626,-0.6464,-0.44989,3.33
1554,606400.429714,0.64302,-0.65076,-0.40378,1.98
1555,606400.433179,0.62311,-0.68546,-0.37667,1.1
1556,606400.445954,0.59884,-0.65592,-0.45952,1.97
1557,606400.454241,0.62808,-0.64821,-0.43051,3.4
1558,606400.458812,0.64029,-0.66938,-0.37678,2.68
1559,606400.461004,0.61115,-0.70924,-0.3514,1.28
1560,606400.466672,0.5635,-0.73344,-0.38017,2.14
1561,606400.469615,0.57002,-0.69512,-0.43804,2.92
1562,606400.478064,0.61925,-0.65634,-0.43098,4.19
1563,606400.481587,0.65896,-0.65476,-0.37021,3.34
1564,606400.485,0.64118,-0.69231,-0.33105,1.79
1565,606400.491275,0.60646,-0.71618,-0.3454,1.1
1566,606400.493662,0.59121,-0.70299,-0.39532,2.06
1567,606400.502307,0.63407,-0.65941,-0.4039,3.19
1568,606400.505538,0.67256,-0.64295,-0.36643,2.72
1569,606400.50952,0.67125,-0.66943,-0.31826,1.82
1570,606400.51432,0.63406,-0.70752,-0.31206,1.48
1571,606400.519047,0.59715,-0.71667,-0.36027,1.94
1572,606400.534683,0.66745,-0.64507,-0.37201,0.44
1573,606400.537219,0.68234,-0.65567,-0.32328,2.06
1574,606400.542584,0.63674,-0.69915,-0.32521,3.11
1575,606400.545305,0.59948,-0.70274,-0.38313,3.6
1576,606400.554482,0.63339,-0.64291,-0.43069,4.47
1577,606400.558323,0.67386,-0.6256,-0.39312,3.31
1578,606400.561869,0.67298,-0.65301,-0.34737,2.16
1579,606400.566815,0.62971,-0.69601,-0.34502,1.25
1580,606400.569257,0.59224,-0.6887,-0.41827,1.56
1581,606400.578737,0.62633,-0.64052,-0.44435,4.36
1582,606400.581654,0.66986,-0.61435,-0.41696,3.8
1583,606400.585757,0.67942,-0.63719,-0.36385,2.76
1584,606400.590565,0.64709,-0.67935,-0.34605,1.08
1585,606400.593291,0.60276,-0.68622,-0.40717,1.46
1586,606400.597743,0.6201,-0.64233,-0.45043,3.58
1587,606400.606223,0.66226,-0.61157,-0.43289,3.51
1588,606400.614254,0.65694,-0.65943,-0.36549,0.91
1589,606400.619707,0.59728,-0.70045,-0.39067,1.2
1590,606400.621525,0.58338,-0.67292,-0.45481,3.26
1591,606400.629535,0.62884,-0.62831,-0.45802,3.88
1592,606400.633795,0.66215,-0.62795,-0.40895,3.13
1593,606400.63781,0.65448,-0.66097,-0.36712,1.75
1594,606400.6419,0.59891,-0.70364,-0.38237,1.41
1595,606400.645166,0.58235,-0.67806,-0.44844,2.54
1596,606400.649619,0.62003,-0.63679,-0.45832,3.65
1597,606400.658294,0.65375,-0.63455,-0.41226,3.63
1598,606400.66159,0.65022,-0.66467,-0.36801,2.19
1599,606400.666329,0.597,-0.71215,-0.36937,0.64
1600,606400.670593,0.56562,-0.6968,-0.44108,2.13
1601,606400.673715,0.60086,-0.6548,-0.45849,3.91
1602,606400.682252,0.64406,-0.64482,-0.41157,3.65
1603,606400.685509,0.64542,-0.67195,-0.36322,2.06
1604,606400.689834,0.60097,-0.71226,-0.36266,0.86
1605,606400.706463,0.64503,-0.65655,-0.391,3.55
1606,606400.710231,0.64684,-0.67834,-0.3485,1.35
1607,606400.713026,0.59548,-0.72341,-0.34941,1.42
1608,606400.718717,0.57355,-0.70087,-0.42405,1.97
1609,606400.721857,0.60965,-0.66452,-0.43214,3.66
1610,606400.725247,0.63961,-0.66165,-0.39129,3.28
1611,606400.733862,0.64245,-0.68607,-0.34141,1.88
1612,606400.736997,0.59092,-0.7242,-0.35547,0.86
1613,606400.741812,0.5775,-0.69582,-0.427,2.39
1614,606400.747124,0.61816,-0.65634,-0.43254,3.73
1615,606400.749163,0.65125,-0.65419,-0.3846,3.19
1616,606400.758496,0.64619,-0.68364,-0.33921,1.45
1617,606400.762717,0.59072,-0.72107,-0.36208,1.1
1618,606400.765349,0.59006,-0.68799,-0.42249,3.26
1619,606400.769775,0.63012,-0.64989,-0.42496,3.79
1620,606400.773625,0.65968,-0.64941,-0.37827,3.07
1621,606400.781614,0.6541,-0.67795,-0.33547,1.84
1622,606400.790143,0.60503,-0.69166,-0.3944,3.37
1623,606400.79496,0.62302,-0.65389,-0.42926,0.75
1624,606400.797216,0.66697,-0.63407,-0.39129,0.9
1625,606400.802053,0.67269,-0.65791,-0.33859,1.4
1626,606400.810387,0.62774,-0.70072,-0.33902,3.64
1627,606400.813124,0.59738,-0.69683,-0.39695,2.41
1628,606400.818387,0.62917,-0.65088,-0.42485,0.25
1629,606400.82178,0.67026,-0.63148,-0.38985,0.7
1630,606400.826715,0.66978,-0.6596,-0.34104,1.71
1631,606400.834308,0.62615,-0.69633,-0.3508,4.04
1632,606400.838131,0.6228,-0.6591,-0.42155,3.47
1633,606400.842288,0.66377,-0.63249,-0.3992,3.54
1634,606400.846436,0.67908,-0.64288,-0.35434,2.53
1635,606400.849669,0.64493,-0.68902,-0.33063,0.82
1636,606400.85793,0.6019,-0.69437,-0.39443,1.73
1637,606400.862077,0.63156,-0.64954,-0.42335,3.65
1638,606400.865284,0.67135,-0.63012,-0.39017,3.3
1639,606400.882715,0.62711,-0.67858,-0.38244,2.93
1640,606400.885604,0.65977,-0.63016,-0.4094,3.04
1641,606400.89011,0.68405,-0.62676,-0.37317,2.65
1642,606400.893433,0.67222,-0.65767,-0.33998,0.93
1643,606400.898443,0.6236,-0.68566,-0.37548,1.08
1644,606400.901978,0.62986,-0.65025,-0.4248,2.81
1645,606400.909518,0.6686,-0.62018,-0.4103,3.05
1646,606400.914012,0.68366,-0.62651,-0.37429,2.56
1647,606400.917029,0.66264,-0.66235,-0.34957,1.42
1648,606400.923054,0.62152,-0.66901,-0.4076,1.31
1649,606400.926829,0.64079,-0.63191,-0.43598,2.66
1650,606400.934664,0.6731,-0.61405,-0.41215,3.06
1651,606400.937595,0.68038,-0.62681,-0.37973,1.69
1652,606400.941757,0.64946,-0.66556,-0.36774,0.66
1653,606400.946766,0.61506,-0.66499,-0.42366,1.81
1654,606400.949601,0.63507,-0.63104,-0.44549,2.69
1655,606400.962134,0.6617,-0.63912,-0.39201,1.62
1656,606400.966368,0.62258,-0.67356,-0.39839,0.26
1657,606400.969699,0.61176,-0.65756,-0.43973,1.95
1658,606400.974566,0.63496,-0.63594,-0.43864,2.54
1659,606400.978232,0.6506,-0.63594,-0.4151,1.99
1660,606400.985904,0.63728,-0.66498,-0.38946,0.41
1661,606400.989516,0.60586,-0.67306,-0.42417,1.03
1662,606400.993394,0.61992,-0.6501,-0.43939,2.36
1663,606400.997962,0.63886,-0.64316,-0.42214,2.47
1664,606401.001353,0.63964,-0.66028,-0.39356,1.11
1665,606401.009878,0.60769,-0.68694,-0.39853,0.54
1666,606401.013476,0.60711,-0.66953,-0.42795,2.09
1667,606401.017016,0.634,-0.64977,-0.41933,2.62
1668,606401.02304,0.64236,-0.65766,-0.39352,1.63
1669,606401.025115,0.62378,-0.68474,-0.37687,0.35
1670,606401.029635,0.60316,-0.68353,-0.41109,1.48
1671,606401.037535,0.62747,-0.65625,-0.41907,2.61
1672,606401.050495,0.62463,-0.68787,-0.3697,2.75
1673,606401.053646,0.60715,-0.6869,-0.39942,1.91
1674,606401.062739,0.64816,-0.64739,-0.40097,2.79
1675,606401.066563,0.65539,-0.65478,-0.37646,1.73
1676,606401.069106,0.63394,-0.68412,-0.3607,0.3
1677,606401.075033,0.6112,-0.68092,-0.40347,1.87
1678,606401.078445,0.63519,-0.65026,-0.41676,2.73
1679,606401.085939,0.65708,-0.64337,-0.39283,2.27
1680,606401.089886,0.65694,-0.65963,-0.36512,1.12
1681,606401.093171,0.6212,-0.68361,-0.38313,0.91
1682,606401.098682,0.62707,-0.65825,-0.41652,2.54
1683,606401.10234,0.65305,-0.63828,-0.40759,2.45
1684,606401.106426,0.66305,-0.64168,-0.3855,1.7
1685,606401.113907,0.64228,-0.67063,-0.37113,0.33
1686,606401.117314,0.62295,-0.66386,-0.41379,1.89
1687,606401.121402,0.6438,-0.63875,-0.42133,2.52
1688,606401.13915,0.62748,-0.66506,-0.40493,0.95
1689,606401.141942,0.63678,-0.64201,-0.427,2.27
1690,606401.145711,0.65314,-0.63038,-0.41955,2.07
1691,606401.150012,0.66013,-0.63513,-0.40104,1.38
1692,606401.153091,0.63262,-0.66265,-0.40086,0.37
1693,606401.158095,0.62689,-0.64914,-0.43084,1.75
1694,606401.16583,0.64473,-0.637,-0.42257,1.74
1695,606401.169395,0.64903,-0.64207,-0.40806,1.3
1696,606401.174149,0.63091,-0.66665,-0.39689,0.12
1697,606401.177893,0.62034,-0.65529,-0.43101,1.71
1698,606401.182687,0.64225,-0.63472,-0.42971,2.23
1699,606401.189481,0.65215,-0.63804,-0.4094,1.66
1700,606401.193733,0.63953,-0.65916,-0.39561,0.46
1701,606401.197057,0.61578,-0.66316,-0.42548,1.24
1702,606401.202443,0.63378,-0.63853,-0.43659,2.38
1703,606401.20641,0.64817,-0.63703,-0.41723,1.68
1704,606401.222481,0.61517,-0.65868,-0.43325,1.46
1705,606401.225561,0.63509,-0.6341,-0.44111,0.55
1706,606401.229761,0.649,-0.63702,-0.41595,1.13
1707,606401.233436,0.63316,-0.66325,-0.39901,2.31
1708,606401.241671,0.60902,-0.66701,-0.42917,2.42
1709,606401.245452,0.62264,-0.64042,-0.44964,0.28
1710,606401.249969,0.64128,-0.63614,-0.42906,1.01
1711,606401.253794,0.63303,-0.65805,-0.40773,1.96
1712,606401.257506,0.60834,-0.67381,-0.4194,2.89
1713,606401.266937,0.62861,-0.64081,-0.44069,2.72
1714,606401.270118,0.63499,-0.65105,-0.41584,1.76
1715,606401.27284,0.62077,-0.67495,-0.39885,0.43
1716,606401.278975,0.59498,-0.67558,-0.43542,1.65
1717,606401.28175,0.61968,-0.64769,-0.44328,2.66
1718,606401.289657,0.63176,-0.65289,-0.41786,2.11
1719,606401.293642,0.62384,-0.67587,-0.39246,0.73
1720,606401.302868,0.59049,-0.67511,-0.4422,1.43
1721,606401.306825,0.62599,-0.65026,-0.43046,0.85
1722,606401.309293,0.63271,-0.66656,-0.39418,1.28
1723,606401.318298,0.60577,-0.69317,-0.39059,2.87
1724,606401.321465,0.5928,-0.68128,-0.42947,1.36
1725,606401.326003,0.6243,-0.6521,-0.43014,0.63
1726,606401.330598,0.64178,-0.65844,-0.39317,1.32
1727,606401.333234,0.61447,-0.69489,-0.37357,2.81
1728,606401.341528,0.59259,-0.69322,-0.41023,1.97
1729,606401.346746,0.63975,-0.65434,-0.40318,2.67
1730,606401.348953,0.64459,-0.66832,-0.37128,1.23
1731,606401.354718,0.61022,-0.70221,-0.36678,0.78
1732,606401.357168,0.60972,-0.67285,-0.41895,2.71
1733,606401.365778,0.64574,-0.64445,-0.40951,2.61
1734,606401.370459,0.65481,-0.65437,-0.37819,1.93
1735,606401.372953,0.62529,-0.69467,-0.35559,1.02
1736,606401.386398,0.66043,-0.6496,-0.37664,1.95
1737,606401.394741,0.63741,-0.67951,-0.36329,0.89
1738,606401.398243,0.61917,-0.67025,-0.40914,2.07
1739,606401.400905,0.64871,-0.6381,-0.41474,2.16
1740,606401.407043,0.66192,-0.6422,-0.38656,1.84
1741,606401.409262,0.64818,-0.67148,-0.35915,0.92
1742,606401.419358,0.6255,-0.66593,-0.40655,2.21
1743,606401.421365,0.65395,-0.6362,-0.40939,2.6
1744,606401.425061,0.66611,-0.63952,-0.38382,2.11
1745,606401.43108,0.64403,-0.67107,-0.36727,0.79
1746,606401.435036,0.62456,-0.66479,-0.40985,2.11
1747,606401.442225,0.65256,-0.63493,-0.41355,2.61
1748,606401.445496,0.66389,-0.63782,-0.39043,1.8
1749,606401.449654,0.64326,-0.67041,-0.36983,0.33
1750,606401.454576,0.62653,-0.65975,-0.41497,2.12
1751,606401.458145,0.64909,-0.63587,-0.41755,2.49
1752,606401.461446,0.66214,-0.63758,-0.39377,2.28
1753,606401.474185,0.62478,-0.658,-0.42035,1.85
1754,606401.478395,0.6494,-0.63061,-0.42497,2.21
1755,606401.481187,0.66288,-0.63376,-0.39867,2.19
1756,606401.485195,0.6442,-0.66314,-0.38112,0.54
1757,606401.493728,0.62568,-0.65366,-0.42574,2.11
1758,606401.497878,0.65119,-0.62724,-0.42722,2.65
1759,606401.501094,0.66374,-0.63001,-0.40316,1.9
1760,606401.50659,0.64269,-0.66464,-0.38105,0.56
1761,606401.509199,0.62701,-0.64908,-0.43075,2.28
1762,606401.518567,0.65259,-0.62804,-0.42391,2.3
1763,606401.521733,0.66277,-0.63252,-0.40081,1.63
1764,606401.525719,0.63389,-0.66739,-0.39086,0.23
1765,606401.530688,0.6247,-0.64761,-0.43629,2.15
1766,606401.534602,0.64935,-0.62821,-0.4286,2.34
1767,606401.537868,0.6575,-0.6382,-0.4005,1.68
1768,606401.545673,0.62395,-0.67052,-0.40135,0.18
1769,606401.549472,0.62083,-0.64672,-0.44308,2.18
1770,606401.562384,0.61545,-0.67434,-0.40803,0.79
1771,606401.570513,0.62154,-0.64594,-0.44323,2.57
1772,606401.573597,0.64582,-0.63687,-0.42107,2.72
1773,606401.577815,0.64442,-0.65705,-0.39116,1.25
1774,606401.583892,0.6067,-0.67767,-0.41554,1.16
1775,606401.585882,0.62351,-0.64735,-0.43838,2.56
1776,606401.593968,0.64274,-0.64469,-0.41383,2.1
1777,606401.59856,0.63733,-0.66659,-0.3866,0.95
1778,606401.601103,0.60408,-0.67726,-0.42001,1.68
1779,606401.606721,0.62885,-0.64845,-0.42903,2.67
1780,606401.609172,0.64215,-0.6519,-0.40333,1.89
1781,606401.614454,0.62697,-0.67922,-0.38154,0.57
1782,606401.622284,0.6053,-0.67419,-0.42317,1.95
1783,606401.626996,0.63233,-0.64821,-0.42424,2.52
1784,606401.628927,0.64547,-0.65015,-0.40083,1.93
1785,606401.635241,0.62266,-0.68328,-0.38134,0.48
1786,606401.646371,0.64035,-0.65574,-0.39995,3.54
1787,606401.65123,0.63096,-0.66763,-0.39516,2.44
1788,606401.658164,0.6241,-0.65771,-0.4218,2.57
1789,606401.661261,0.64957,-0.64351,-0.40491,2.4
1790,606401.666184,0.6515,-0.66218,-0.37022,1.25
1791,606401.673546,0.61534,-0.6826,-0.39423,1.59
1792,606401.677309,0.63581,-0.65117,-0.4144,2.67
1793,606401.681291,0.65486,-0.64713,-0.39036,2.13
1794,606401.685748,0.64852,-0.66899,-0.36313,0.8
1795,606401.689656,0.6221,-0.67119,-0.40311,1.8
1796,606401.698391,0.64663,-0.64117,-0.41324,2.47
1797,606401.701572,0.66363,-0.63897,-0.389,2.02
1798,606401.705768,0.64653,-0.66935,-0.36602,0.29
1799,606401.711015,0.63137,-0.65731,-0.41149,2.17
1800,606401.713813,0.6542,-0.63413,-0.41219,2.16
1801,606401.722112,0.66663,-0.639,-0.38377,1.7
1802,606401.734396,0.65003,-0.6331,-0.4203,0.4
1803,606401.738893,0.67035,-0.62773,-0.39571,0.91
1804,606401.741891,0.64987,-0.65716,-0.38185,2.49
1805,606401.749609,0.63574,-0.65004,-0.41628,1.46
1806,606401.753366,0.66031,-0.6272,-0.41305,0.51
1807,606401.758364,0.6658,-0.64081,-0.3822,1.72
1808,606401.762273,0.6383,-0.65996,-0.39626,2.58
1809,606401.765768,0.64399,-0.63629,-0.42475,0.35
1810,606401.773334,0.66524,-0.62515,-0.40821,0.89
1811,606401.777237,0.65386,-0.6505,-0.38641,2.22
1812,606401.781027,0.63249,-0.655,-0.41345,2.03
1813,606401.785761,0.65008,-0.62731,-0.42882,0.42
1814,606401.789833,0.66356,-0.62914,-0.40481,1.13
1815,606401.79851,0.64326,-0.6524,-0.40075,2.54
1816,606401.80206,0.6452,-0.63131,-0.43031,2.28
1817,606401.805725,0.65712,-0.63153,-0.41155,1.67
1818,606401.819335,0.65067,-0.62754,-0.42758,2.39
1819,606401.825494,0.65563,-0.6363,-0.40654,0.93
1820,606401.829728,0.62973,-0.65987,-0.40989,0.8
1821,606401.833173,0.63548,-0.63935,-0.43289,2.23
1822,606401.839071,0.65088,-0.63373,-0.41802,1.84
1823,606401.841233,0.64459,-0.65257,-0.39833,0.6
1824,606401.849521,0.62266,-0.65654,-0.42574,1.62
1825,606401.853585,0.64268,-0.63383,-0.43039,2.28
1826,606401.857211,0.64935,-0.63988,-0.41098,1.48
1827,606401.86207,0.63136,-0.66353,-0.40139,0.19
1828,606401.865598,0.62803,-0.6485,-0.43014,2.14
1829,606401.874066,0.64553,-0.63934,-0.41777,1.96
1830,606401.87755,0.64524,-0.65182,-0.39848,0.64
1831,606401.881205,0.62176,-0.6638,-0.41568,1.36
1832,606401.886843,0.63553,-0.64487,-0.42455,2.05
1833,606401.890077,0.64597,-0.64421,-0.40952,1.43
1834,606401.894087,0.63438,-0.6654,-0.39345,0.27
1835,606401.906297,0.64128,-0.64528,-0.41517,2.22
1836,606401.910539,0.64778,-0.65183,-0.39433,1.2
1837,606401.914429,0.6236,-0.66964,-0.40336,0.8
1838,606401.918085,0.63095,-0.65307,-0.41881,1.9
1839,606401.926587,0.64352,-0.64949,-0.40504,1.77
1840,606401.929586,0.63599,-0.66633,-0.38926,0.39
1841,606401.933474,0.62359,-0.66313,-0.41399,1.82
1842,606401.938939,0.63969,-0.65171,-0.40751,2.0
1843,606401.942061,0.64572,-0.65429,-0.39363,1.36
1844,606401.949464,0.62804,-0.6697,-0.39631,0.86
1845,606401.954601,0.63429,-0.65459,-0.41133,1.84
1846,606401.957321,0.64624,-0.64994,-0.39995,1.58
1847,606401.961694,0.64287,-0.66376,-0.38229,0.7
1848,606401.965213,0.6305,-0.66177,-0.40561,1.59
1849,606401.970111,0.64578,-0.64982,-0.40087,1.76
1850,606401.978286,0.65247,-0.65297,-0.38459,1.07
1851,606401.982328,0.63492,-0.66704,-0.38978,1.11
1852,606401.994202,0.65371,-0.655,-0.37899,1.32
1853,606402.003537,0.64156,-0.65556,-0.39829,1.71
1854,606402.006099,0.65457,-0.64662,-0.39169,1.62
1855,606402.00944,0.65824,-0.65205,-0.37623,0.78
1856,606402.014699,0.64316,-0.66069,-0.38709,1.24
1857,606402.017842,0.65417,-0.64367,-0.39718,1.88
1858,606402.025443,0.66074,-0.64454,-0.3847,1.12
1859,606402.029758,0.65374,-0.65729,-0.37495,0.52
1860,606402.033029,0.65192,-0.64661,-0.39609,1.72
1861,606402.038431,0.66294,-0.63957,-0.38919,1.58
1862,606402.042052,0.6644,-0.64503,-0.3775,0.74
1863,606402.046213,0.65064,-0.6492,-0.39396,1.27
1864,606402.054516,0.65918,-0.63735,-0.39909,1.41
1865,606402.057236,0.66582,-0.6373,-0.38797,1.11
1866,606402.062358,0.65351,-0.6507,-0.38667,0.39
1867,606402.066106,0.65613,-0.63691,-0.40478,1.7
1868,606402.082227,0.6532,-0.64652,-0.39414,2.1
1869,606402.085755,0.656,-0.63304,-0.41099,0.54
1870,606402.089839,0.6645,-0.63185,-0.399,0.51
1871,606402.093601,0.65655,-0.64228,-0.39549,2.01
1872,606402.102206,0.64768,-0.63944,-0.41429,0.68
1873,606402.105623,0.66361,-0.63199,-0.40026,1.2
1874,606402.109826,0.6513,-0.64876,-0.39359,0.36
1875,606402.11555,0.64871,-0.63567,-0.41845,1.81
1876,606402.11722,0.66338,-0.62977,-0.40413,1.85
1877,606402.122371,0.65991,-0.64147,-0.39118,0.48
1878,606402.1304,0.63977,-0.64585,-0.41663,1.37
1879,606402.133407,0.65609,-0.6288,-0.41733,1.87
1880,606402.137332,0.66181,-0.63497,-0.39852,0.94
1881,606402.142727,0.63988,-0.65358,-0.40421,1.11
1882,606402.146679,0.64773,-0.63341,-0.42336,2.33
1883,606402.154453,0.66242,-0.63197,-0.40227,2.0
1884,606402.166724,0.64656,-0.63506,-0.42268,0.47
1885,606402.170322,0.66135,-0.6354,-0.3986,1.16
1886,606402.17386,0.64157,-0.65628,-0.3971,2.91
1887,606402.18227,0.63593,-0.64425,-0.4249,0.76
1888,606402.185721,0.65818,-0.63136,-0.41011,0.82
1889,606402.190369,0.64992,-0.65266,-0.3894,2.56
1890,606402.193885,0.63011,-0.6552,-0.41674,1.6
1891,606402.197205,0.64939,-0.63617,-0.41663,0.57
1892,606402.205919,0.65423,-0.64795,-0.39005,1.47
1893,606402.21023,0.63405,-0.64941,-0.41982,1.91
1894,606402.212971,0.65049,-0.64044,-0.40829,1.99
1895,606402.218503,0.65147,-0.65197,-0.38798,0.76
1896,606402.221724,0.6327,-0.65582,-0.41181,1.5
1897,606402.229808,0.64706,-0.64169,-0.41175,2.02
1898,606402.233943,0.65343,-0.6465,-0.39379,1.01
1899,606402.237837,0.6321,-0.6619,-0.40291,0.76
1900,606402.250073,0.6361,-0.66566,-0.39021,0.39
1901,606402.257655,0.63738,-0.64931,-0.4149,1.92
1902,606402.261465,0.65206,-0.64451,-0.39928,1.67
1903,606402.266826,0.64805,-0.66031,-0.3795,0.36
1904,606402.269455,0.63425,-0.65473,-0.41116,1.7
1905,606402.274422,0.65308,-0.64298,-0.40008,2.04
1906,606402.281927,0.65453,-0.65622,-0.37546,0.95
1907,606402.285488,0.63311,-0.66277,-0.39989,1.43
1908,606402.289626,0.6511,-0.64349,-0.40248,2.25
1909,606402.294406,0.65903,-0.64797,-0.38185,1.29
1910,606402.297367,0.63826,-0.66564,-0.3867,0.9
1911,606402.306068,0.65014,-0.64397,-0.40327,2.15
1912,606402.309574,0.66203,-0.64364,-0.38397,1.36
1913,606402.313184,0.64736,-0.66296,-0.37604,0.4
1914,606402.318484,0.65009,-0.64617,-0.39981,1.89
1915,606402.321128,0.6634,-0.63951,-0.3885,1.51
1916,606402.330376,0.65762,-0.65466,-0.37276,0.2
1917,606402.342791,0.66656,-0.64211,-0.37866,0.97
1918,606402.346417,0.65235,-0.65322,-0.38437,2.04
1919,606402.349525,0.65631,-0.63774,-0.40317,0.46
1920,606402.358251,0.66954,-0.63508,-0.38521,0.89
1921,606402.361575,0.64771,-0.64979,-0.39781,1.23
1922,606402.365428,0.66366,-0.63034,-0.40277,2.16
1923,606402.371197,0.66917,-0.63465,-0.38656,1.0
1924,606402.373583,0.64865,-0.65081,-0.39459,0.87
1925,606402.381743,0.65972,-0.63071,-0.40863,2.08
1926,606402.386075,0.66975,-0.63097,-0.39155,1.49
1927,606402.389208,0.65405,-0.65019,-0.38662,0.37
1928,606402.395474,0.65683,-0.63178,-0.41161,2.13
1929,606402.397898,0.66966,-0.62805,-0.39636,1.61
1930,606402.40224,0.66069,-0.64604,-0.38226,0.2
1931,606402.410331,0.65422,-0.63382,-0.41263,1.93
1932,606402.413558,0.66765,-0.62809,-0.39968,1.74
1933,606402.41702,0.665,-0.63941,-0.38591,0.49
1934,606402.425197,0.6664,-0.62616,-0.40476,1.89
1935,606402.435398,0.66522,-0.63653,-0.39028,0.28
1936,606402.43786,0.64837,-0.63843,-0.41475,1.61
1937,606402.441443,0.66487,-0.62467,-0.40956,2.19
1938,606402.446541,0.66831,-0.63341,-0.39007,0.87
1939,606402.450322,0.64425,-0.64355,-0.41327,1.14
1940,606402.45763,0.65994,-0.62596,-0.41551,2.13
1941,606402.461621,0.66708,-0.63126,-0.39562,1.36
1942,606402.465248,0.64397,-0.64752,-0.40745,0.88
1943,606402.471098,0.65576,-0.62813,-0.41884,2.23
1944,606402.47337,0.66396,-0.63153,-0.40041,1.64
1945,606402.478589,0.64317,-0.65014,-0.40455,0.72
1946,606402.486141,0.65091,-0.63293,-0.41918,2.07
1947,606402.489557,0.65984,-0.63415,-0.40306,1.45
1948,606402.493334,0.64401,-0.65197,-0.40022,0.19
1949,606402.497578,0.64712,-0.63517,-0.42165,1.93
1950,606402.501285,0.65817,-0.63463,-0.40503,1.46
1951,606402.514534,0.64624,-0.6379,-0.41887,2.11
1952,606402.518538,0.6573,-0.63475,-0.40626,1.49
1953,606402.521532,0.64595,-0.65296,-0.39548,0.28
1954,606402.526013,0.64231,-0.6408,-0.4205,2.06
1955,606402.533822,0.65642,-0.63653,-0.40489,1.64
1956,606402.538096,0.64592,-0.65492,-0.39226,0.12
1957,606402.54098,0.64122,-0.64353,-0.41798,2.08
1958,606402.547253,0.65565,-0.63817,-0.40356,1.8
1959,606402.550818,0.65056,-0.65165,-0.39003,0.5
1960,606402.553617,0.63824,-0.6491,-0.41392,1.81
1961,606402.562538,0.65423,-0.63877,-0.40491,1.86
1962,606402.565844,0.65296,-0.65166,-0.38598,0.71
1963,606402.569618,0.63939,-0.65047,-0.40996,1.78
1964,606402.573999,0.65427,-0.6402,-0.40259,1.83
1965,606402.578088,0.65469,-0.64968,-0.3864,0.5
1966,606402.585701,0.64051,-0.65149,-0.40657,1.56
1967,606402.58979,0.65386,-0.64161,-0.40101,1.81
1968,606402.599147,0.64222,-0.64993,-0.40639,1.74
1969,606402.602763,0.65597,-0.64032,-0.39961,1.88
1970,606402.610265,0.65825,-0.64733,-0.38428,0.65
1971,606402.614127,0.64008,-0.653,-0.40484,1.49
1972,606402.617503,0.65743,-0.63861,-0.39996,1.94
1973,606402.622646,0.66118,-0.64494,-0.38326,0.91
1974,606402.625149,0.64226,-0.6525,-0.40218,1.5
1975,606402.629216,0.65753,-0.6372,-0.40204,1.92
1976,606402.638607,0.6643,-0.64161,-0.38347,1.08
1977,606402.64165,0.64557,-0.65183,-0.39794,1.32
1978,606402.644984,0.65814,-0.63793,-0.39987,1.9
1979,606402.65132,0.66458,-0.64045,-0.38491,1.0
1980,606402.654349,0.64867,-0.64566,-0.40292,1.41
1981,606402.662185,0.66145,-0.6352,-0.39876,1.71
1982,606402.665992,0.66558,-0.63967,-0.38449,0.9
1983,606402.669463,0.65162,-0.64151,-0.40478,1.57
1984,606402.68321,0.65284,-0.6411,-0.40348,1.7
1985,606402.689533,0.66537,-0.62735,-0.40461,1.76
1986,606402.693538,0.66991,-0.63288,-0.38818,1.01
1987,606402.698415,0.65087,-0.64052,-0.40756,1.35
1988,606402.702374,0.66719,-0.62322,-0.40798,2.11
1989,606402.706331,0.66942,-0.63111,-0.3919,0.86
1990,606402.713892,0.65113,-0.63798,-0.41111,1.4
1991,606402.717809,0.66551,-0.62518,-0.40772,1.99
1992,606402.721271,0.6673,-0.63084,-0.39591,0.53
1993,606402.726822,0.65035,-0.63562,-0.41597,1.47
1994,606402.72912,0.6636,-0.62353,-0.41333,1.8
1995,606402.7393,0.66594,-0.63,-0.39954,0.76
1996,606402.742197,0.64851,-0.63703,-0.41669,1.47
1997,606402.74501,0.65949,-0.62567,-0.41667,1.64
1998,606402.751131,0.66247,-0.63321,-0.40022,0.64
1999,606402.754165,0.64572,-0.63656,-0.42171,1.49
2000,606402.7664,0.65754,-0.63778,-0.4011,0.95
2001,606402.770876,0.6441,-0.6384,-0.42141,1.61
2002,606402.773748,0.6542,-0.63057,-0.41761,1.75
2003,606402.77848,0.65895,-0.63719,-0.39972,0.87
2004,606402.781593,0.64074,-0.63988,-0.42428,1.86
2005,606402.790007,0.65469,-0.63088,-0.41639,1.83
2006,606402.794796,0.65152,-0.64509,-0.39922,0.41
2007,606402.797451,0.6421,-0.64018,-0.42175,2.15
2008,606402.801845,0.65628,-0.63033,-0.41471,2.02
2009,606402.805896,0.64851,-0.64866,-0.39835,0.34
2010,606402.813802,0.64269,-0.63916,-0.42241,1.88
2011,606402.817571,0.65467,-0.63355,-0.41233,1.77
2012,606402.821272,0.64758,-0.64912,-0.39911,0.27
2013,606402.826698,0.64434,-0.63794,-0.42174,1.89
2014,606402.830359,0.65374,-0.6344,-0.4125,1.33
2015,606402.833495,0.64356,-0.65066,-0.40308,0.21
2016,606402.843414,0.646,-0.63738,-0.42005,2.11
2017,606402.855764,0.64,-0.64648,-0.41528,1.31
2018,606402.858011,0.65498,-0.63374,-0.41155,0.82
2019,606402.866242,0.63952,-0.65311,-0.40553,1.02
2020,606402.869505,0.65136,-0.63441,-0.41623,2.21
2021,606402.87476,0.65925,-0.6383,-0.39745,1.51
2022,606402.878296,0.63971,-0.65251,-0.4062,1.32
2023,606402.881415,0.65355,-0.63418,-0.41315,2.17
2024,606402.889974,0.65973,-0.64196,-0.3907,1.31
2025,606402.893761,0.6383,-0.65251,-0.40842,1.47
2026,606402.89721,0.65581,-0.63457,-0.40895,2.08
2027,606402.901276,0.6609,-0.64383,-0.38562,1.23
2028,606402.905022,0.6401,-0.65042,-0.40893,1.56
2029,606402.909777,0.65845,-0.63333,-0.40662,1.93
2030,606402.917662,0.65787,-0.64831,-0.38326,0.85
2031,606402.921661,0.6436,-0.64569,-0.41092,1.88
2032,606402.925327,0.6616,-0.63161,-0.40418,1.92
2033,606402.933564,0.65559,-0.63945,-0.40163,2.84
2034,606402.943344,0.65759,-0.63842,-0.39999,1.68
2035,606402.945727,0.66405,-0.63336,-0.39736,2.11
2036,606402.955036,0.66648,-0.62806,-0.40168,1.73
2037,606402.959308,0.65335,-0.64641,-0.39407,0.54
2038,606402.965905,0.65801,-0.6304,-0.41185,2.25
2039,606402.969093,0.66843,-0.62762,-0.39912,1.5
2040,606402.973503,0.65183,-0.64316,-0.40182,1.02
2041,606402.97795,0.66087,-0.6283,-0.41048,1.98
2042,606402.982101,0.66665,-0.63396,-0.39202,1.21
2043,606402.985552,0.64656,-0.64356,-0.40963,1.44
2044,606402.993545,0.66022,-0.62793,-0.41209,1.74
2045,606402.998815,0.66478,-0.63581,-0.39219,0.8
2046,606403.000863,0.65242,-0.63492,-0.4138,2.06
2047,606403.005776,0.66298,-0.62592,-0.4107,1.77
2048,606403.009743,0.65982,-0.63855,-0.39609,0.23
2049,606403.018616,0.65534,-0.6292,-0.41789,2.11
2050,606403.030609,0.64671,-0.64029,-0.41449,1.54
2051,606403.03374,0.66606,-0.61904,-0.41613,0.89
2052,606403.043633,0.64838,-0.64246,-0.40847,0.81
2053,606403.046231,0.65725,-0.62585,-0.41992,2.13
2054,606403.049643,0.66614,-0.62656,-0.40456,1.24
2055,606403.054363,0.64611,-0.63937,-0.41683,1.43
2056,606403.058028,0.65724,-0.6268,-0.41851,2.02
2057,606403.062489,0.66068,-0.63352,-0.40269,0.72
2058,606403.069938,0.64869,-0.63268,-0.42299,2.0
2059,606403.074052,0.65879,-0.62754,-0.41496,1.82
2060,606403.077655,0.65178,-0.64424,-0.40018,0.23
2061,606403.081577,0.64687,-0.63537,-0.42174,2.06
2062,606403.085807,0.65901,-0.63193,-0.40788,1.74
2063,606403.093837,0.64249,-0.65106,-0.40414,0.61
2064,606403.097425,0.64969,-0.63181,-0.42275,2.46
2065,606403.101352,0.66098,-0.63324,-0.40264,1.51
2066,606403.114326,0.65778,-0.64033,-0.39661,1.16
2067,606403.121366,0.64165,-0.64683,-0.41219,1.7
2068,606403.125072,0.65544,-0.6346,-0.4095,1.98
2069,606403.131306,0.65221,-0.64801,-0.39334,0.58
2070,606403.133162,0.64527,-0.64106,-0.41553,1.71
2071,606403.138163,0.65696,-0.63604,-0.40479,1.37
2072,606403.145683,0.64781,-0.64896,-0.39899,0.48
2073,606403.149877,0.65041,-0.63761,-0.41281,1.72
2074,606403.153178,0.65855,-0.63791,-0.39924,1.11
2075,606403.158252,0.64472,-0.64743,-0.40641,1.17
2076,606403.163001,0.65709,-0.63387,-0.40796,2.04
2077,606403.170542,0.65939,-0.6404,-0.39383,0.53
2078,606403.173143,0.64634,-0.64141,-0.41332,1.71
2079,606403.177618,0.66136,-0.63317,-0.40212,1.73
2080,606403.182275,0.65542,-0.64671,-0.39012,0.37
2081,606403.185418,0.65099,-0.63808,-0.41118,1.77
2082,606403.197941,0.65056,-0.64834,-0.39551,0.6
2083,606403.202552,0.65782,-0.6308,-0.41153,2.13
2084,606403.206219,0.66442,-0.63483,-0.39439,1.06
2085,606403.209974,0.64871,-0.64491,-0.40407,1.38
2086,606403.214099,0.66251,-0.62888,-0.40693,2.01
2087,606403.221551,0.66306,-0.63962,-0.38888,0.9
2088,606403.225517,0.65078,-0.6393,-0.40961,1.5
2089,606403.229433,0.66649,-0.62747,-0.40259,1.86
2090,606403.235119,0.66106,-0.64036,-0.39107,0.15
2091,606403.238074,0.65834,-0.63113,-0.41019,1.75
2092,606403.246467,0.6675,-0.62983,-0.39719,1.45
2093,606403.249456,0.65286,-0.64133,-0.40308,1.13
2094,606403.253001,0.66383,-0.62539,-0.41014,1.95
2095,606403.258914,0.66654,-0.63265,-0.3943,0.81
2096,606403.261992,0.65423,-0.6332,-0.41356,1.75
2097,606403.26552,0.66611,-0.62639,-0.4049,1.6
2098,606403.274007,0.66195,-0.63833,-0.39289,0.31
2099,606403.285865,0.66364,-0.63502,-0.39539,2.41
2100,606403.289715,0.65229,-0.63248,-0.41771,0.74
2101,606403.298636,0.67078,-0.62089,-0.40564,1.17
2102,606403.301761,0.64856,-0.63849,-0.41436,1.51
2103,606403.30564,0.66501,-0.62368,-0.41083,1.98
2104,606403.310912,0.66206,-0.63724,-0.39446,0.46
2105,606403.31404,0.65188,-0.63361,-0.41665,1.58
2106,606403.32204,0.66313,-0.62802,-0.40726,1.39
2107,606403.326305,0.65457,-0.63949,-0.40322,0.78
2108,606403.32903,0.65742,-0.62959,-0.41402,1.74
2109,606403.334417,0.66223,-0.63381,-0.39968,1.1
2110,606403.337157,0.64936,-0.63724,-0.41503,1.64
2111,606403.345692,0.66012,-0.62829,-0.4117,1.69
2112,606403.350579,0.65869,-0.6399,-0.39581,0.15
2113,606403.35427,0.65293,-0.63067,-0.41945,2.08
2114,606403.357683,0.6637,-0.62985,-0.40348,1.57
2115,606403.373963,0.66458,-0.63359,-0.3961,1.29
2116,606403.377582,0.64808,-0.63799,-0.4159,1.95
2117,606403.380943,0.65925,-0.63102,-0.4089,1.8
2118,606403.386638,0.65556,-0.64334,-0.39542,0.19
2119,606403.389457,0.65,-0.63508,-0.41733,2.12
2120,606403.397536,0.66176,-0.63265,-0.40228,1.76
2121,606403.402527,0.64981,-0.64488,-0.40234,1.04
2122,606403.405599,0.65501,-0.63399,-0.41112,1.91
2123,606403.410355,0.66057,-0.6378,-0.39605,0.89
2124,606403.413556,0.64758,-0.63972,-0.414,2.01
2125,606403.417141,0.65877,-0.6343,-0.40457,1.63
2126,606403.425546,0.65405,-0.64765,-0.39084,0.26
2127,606403.430475,0.6522,-0.63545,-0.41331,2.1
2128,606403.433429,0.65966,-0.63871,-0.39609,1.28
2129,606403.438324,0.64787,-0.64535,-0.4047,1.58
2130,606403.442005,0.65934,-0.63294,-0.40578,2.04
2131,606403.458146,0.66125,-0.63,-0.40725,0.74
2132,606403.462049,0.66081,-0.64239,-0.38815,1.76
2133,606403.466337,0.64992,-0.64136,-0.40774,1.25
2134,606403.474533,0.66967,-0.62735,-0.39746,1.05
2135,606403.477544,0.65163,-0.64065,-0.40613,1.89
2136,606403.48152,0.66653,-0.63005,-0.39847,1.89
2137,606403.486864,0.66006,-0.64471,-0.38558,0.28
2138,606403.489314,0.65743,-0.63161,-0.41092,2.13
2139,606403.494005,0.66884,-0.63203,-0.39138,1.37
2140,606403.501778,0.65177,-0.64492,-0.39908,1.13
2141,606403.505821,0.6652,-0.6286,-0.40294,2.13
2142,606403.508889,0.67018,-0.63549,-0.38343,0.75
2143,606403.513771,0.65435,-0.63557,-0.40973,1.62
2144,606403.517906,0.67093,-0.6252,-0.39873,1.95
2145,606403.525745,0.6589,-0.6429,-0.39055,0.63
2146,606403.529039,0.66546,-0.62442,-0.40899,2.34
2147,606403.537991,0.66106,-0.64067,-0.39057,2.56
2148,606403.54246,0.66038,-0.62485,-0.41649,0.35
2149,606403.550543,0.67505,-0.62775,-0.38761,1.42
2150,606403.553677,0.66207,-0.62584,-0.41229,2.38
2151,606403.558268,0.67169,-0.62506,-0.39767,1.66
2152,606403.562189,0.65299,-0.6422,-0.40147,1.29
2153,606403.565644,0.66781,-0.62118,-0.41008,2.37
2154,606403.571042,0.67022,-0.6346,-0.38483,1.05
2155,606403.578113,0.65305,-0.63459,-0.41331,1.57
2156,606403.582247,0.66997,-0.6251,-0.40049,1.93
2157,606403.585372,0.65618,-0.64321,-0.3946,0.59
2158,606403.590408,0.66535,-0.6223,-0.41237,2.2
2159,606403.594367,0.67171,-0.62948,-0.3906,1.15
2160,606403.601865,0.65127,-0.63907,-0.40919,1.12
2161,606403.606202,0.67076,-0.6219,-0.40413,2.34
2162,606403.608902,0.66094,-0.63955,-0.3926,0.25
2163,606403.621981,0.65399,-0.63851,-0.40572,1.72
2164,606403.630112,0.66879,-0.62265,-0.40623,2.49
2165,606403.633684,0.66516,-0.63819,-0.38766,0.34
2166,606403.639493,0.66188,-0.62529,-0.41343,2.3
2167,606403.642107,0.67372,-0.62249,-0.39826,2.03
2168,606403.646335,0.65365,-0.64068,-0.40282,1.35
2169,606403.654687,0.66347,-0.62442,-0.4122,2.19
2170,606403.657805,0.66669,-0.63428,-0.39142,0.72
2171,606403.660978,0.65687,-0.63021,-0.41395,1.8
2172,606403.666975,0.66893,-0.62524,-0.40201,1.87
2173,606403.669992,0.6563,-0.64183,-0.39664,0.82
2174,606403.678433,0.66056,-0.62868,-0.4104,1.76
2175,606403.681024,0.66389,-0.63429,-0.39614,0.51
2176,606403.685864,0.65336,-0.63379,-0.41404,1.36
2177,606403.689851,0.66673,-0.62557,-0.40513,1.74
2178,606403.693421,0.65884,-0.63819,-0.39831,0.77
2179,606403.698125,0.65942,-0.62678,-0.41512,1.65
2180,606403.710411,0.65703,-0.63747,-0.40241,1.95
2181,606403.71523,0.66204,-0.62342,-0.41599,0.62
2182,606403.717757,0.66669,-0.63374,-0.3923,1.82
2183,606403.721643,0.65463,-0.63388,-0.41188,1.22
2184,606403.730071,0.67036,-0.62272,-0.40355,0.56
2185,606403.733339,0.66058,-0.63517,-0.40023,2.56
2186,606403.737585,0.6625,-0.62337,-0.41534,0.62
2187,606403.741317,0.66496,-0.63324,-0.39602,1.62
2188,606403.745568,0.6541,-0.63421,-0.41222,1.4
2189,606403.754105,0.67154,-0.62066,-0.40474,0.86
2190,606403.757706,0.65401,-0.63286,-0.41444,1.78
2191,606403.761183,0.66411,-0.6253,-0.40982,1.72
2192,606403.766698,0.65705,-0.63971,-0.39881,0.5
2193,606403.769268,0.66101,-0.62457,-0.4159,1.99
2194,606403.773931,0.66747,-0.62962,-0.39758,1.28
2195,606403.781727,0.65205,-0.63562,-0.4133,1.56
2196,606403.785806,0.6663,-0.62353,-0.40897,1.94
2197,606403.79544,0.66223,-0.62528,-0.41289,2.29
2198,606403.79931,0.66739,-0.63208,-0.39378,1.31
2199,606403.806763,0.6514,-0.63489,-0.41545,1.8
2200,606403.809777,0.66484,-0.62694,-0.40613,1.82
2201,606403.812999,0.65656,-0.63942,-0.40008,1.03
2202,606403.819617,0.66345,-0.6253,-0.4109,2.27
2203,606403.821674,0.66762,-0.63228,-0.39307,1.18
2204,606403.829804,0.65494,-0.63126,-0.41541,2.15
2205,606403.83379,0.66886,-0.62036,-0.4096,1.87
2206,606403.837379,0.65857,-0.63911,-0.39728,0.55
2207,606403.84206,0.6602,-0.6281,-0.41186,1.81
2208,606403.845263,0.66737,-0.63253,-0.39308,1.11
2209,606403.849329,0.65571,-0.63193,-0.41317,1.88
2210,606403.857881,0.66919,-0.62229,-0.40613,1.96
2211,606403.861842,0.65373,-0.64278,-0.39934,0.59
2212,606403.865523,0.66172,-0.62388,-0.41581,1.87
2213,606403.88196,0.66902,-0.62284,-0.40556,1.87
2214,606403.886006,0.65456,-0.6408,-0.40115,0.58
2215,606403.889117,0.66203,-0.62481,-0.41392,1.83
2216,606403.89457,0.66552,-0.6318,-0.39739,0.75
2217,606403.897204,0.65588,-0.62946,-0.41666,1.65
2218,606403.905743,0.66772,-0.62342,-0.40681,1.71
2219,606403.909759,0.65561,-0.63626,-0.40663,0.99
2220,606403.912938,0.66386,-0.62283,-0.41397,1.7
2221,606403.917823,0.6624,-0.63244,-0.40155,0.21
2222,606403.922384,0.65803,-0.62589,-0.41863,1.83
2223,606403.926785,0.66717,-0.62541,-0.40465,1.58
2224,606403.934451,0.65498,-0.63261,-0.41329,1.84
2225,606403.93841,0.66274,-0.62318,-0.41524,1.7
2226,606403.941548,0.66035,-0.63462,-0.4015,0.27
2227,606403.947045,0.65808,-0.62594,-0.41848,1.94
2228,606403.950287,0.66538,-0.62671,-0.4056,1.25
2229,606403.957513,0.654,-0.63216,-0.41552,1.86
2230,606403.96636,0.66334,-0.62833,-0.40642,1.77
2231,606403.970465,0.65232,-0.63369,-0.41584,1.47
2232,606403.973786,0.66375,-0.62293,-0.414,0.93
2233,606403.982684,0.65332,-0.63715,-0.40892,2.2
2234,606403.985417,0.65682,-0.62657,-0.41951,0.8
2235,606403.989533,0.65736,-0.63602,-0.40417,2.12
2236,606403.993206,0.65094,-0.63308,-0.4189,1.08
2237,606403.997233,0.66314,-0.62984,-0.40441,1.42
2238,606404.001812,0.64633,-0.64336,-0.4103,2.19
2239,606404.010224,0.66213,-0.62995,-0.40589,2.05
2240,606404.013246,0.64614,-0.64366,-0.41014,1.72
2241,606404.018554,0.65882,-0.62793,-0.41432,2.09
2242,606404.022081,0.65436,-0.64287,-0.39816,0.34
2243,606404.02536,0.65331,-0.63218,-0.41658,2.0
2244,606404.033945,0.66084,-0.63311,-0.40308,1.11
2245,606404.038053,0.64912,-0.63886,-0.41293,1.71
2246,606404.04094,0.65925,-0.63077,-0.40929,1.59
2247,606404.05832,0.65974,-0.63809,-0.39696,0.95
2248,606404.061422,0.65041,-0.63674,-0.41416,1.7
2249,606404.06508,0.66219,-0.63063,-0.40473,1.63
2250,606404.070397,0.64906,-0.64577,-0.40213,0.78
2251,606404.074723,0.65694,-0.63114,-0.41242,1.46
2252,606404.077646,0.65964,-0.64048,-0.39326,0.61
2253,606404.086188,0.6553,-0.63387,-0.41084,1.69
2254,606404.089571,0.6626,-0.63204,-0.40186,1.39
2255,606404.093706,0.65238,-0.63801,-0.40907,1.65
2256,606404.09813,0.662,-0.62778,-0.40944,1.6
2257,606404.101479,0.65644,-0.642,-0.39614,0.26
2258,606404.10974,0.6577,-0.6314,-0.41081,1.55
2259,606404.11361,0.66111,-0.63509,-0.39949,0.74
2260,606404.117305,0.65431,-0.63453,-0.41139,1.51
2261,606404.122144,0.66254,-0.62975,-0.40553,1.32
2262,606404.126174,0.65211,-0.64088,-0.405,0.92
2263,606404.142366,0.65074,-0.6408,-0.40733,1.57
2264,606404.145216,0.66391,-0.62548,-0.40988,0.5
2265,606404.149452,0.65716,-0.63892,-0.3999,2.12
2266,606404.15353,0.65831,-0.62722,-0.4162,0.63
2267,606404.162094,0.66458,-0.63308,-0.39691,1.75
2268,606404.166431,0.66011,-0.6265,-0.41444,1.71
2269,606404.168896,0.66364,-0.63333,-0.3981,0.77
2270,606404.174784,0.65707,-0.63106,-0.41234,1.75
2271,606404.177065,0.6684,-0.62319,-0.40605,1.45
2272,606404.187087,0.65564,-0.63468,-0.40904,1.28
2273,606404.190259,0.66381,-0.62387,-0.41247,1.53
2274,606404.193565,0.65903,-0.63549,-0.40229,0.11
2275,606404.198243,0.66103,-0.625,-0.41522,1.74
2276,606404.202355,0.66726,-0.62875,-0.3993,1.25
2277,606404.205717,0.65825,-0.62639,-0.41755,2.11
2278,606404.214628,0.66558,-0.62495,-0.40796,1.68
2279,606404.227086,0.67019,-0.62154,-0.40563,1.51
2280,606404.229499,0.65302,-0.63515,-0.41249,1.59
2281,606404.238056,0.66474,-0.62158,-0.41443,0.54
2282,606404.24229,0.65248,-0.63125,-0.41928,1.62
2283,606404.245365,0.66333,-0.62385,-0.41329,1.45
2284,606404.251059,0.65287,-0.63767,-0.40883,0.32
2285,606404.254761,0.65997,-0.62412,-0.41822,1.73
2286,606404.261614,0.66019,-0.63237,-0.40529,0.47
2287,606404.265631,0.65869,-0.62311,-0.42173,2.08
2288,606404.269255,0.66655,-0.62406,-0.40776,1.6
2289,606404.274257,0.64937,-0.63589,-0.41709,1.5
2290,606404.277278,0.66305,-0.62134,-0.4175,1.85
2291,606404.281431,0.65198,-0.63946,-0.40744,0.47
2292,606404.289729,0.65773,-0.62672,-0.41786,1.84
2293,606404.293822,0.65649,-0.63682,-0.40432,0.76
2294,606404.298437,0.65361,-0.63063,-0.41845,1.95
2295,606404.306648,0.65495,-0.63552,-0.40884,2.25
2296,606404.315685,0.65068,-0.63626,-0.41448,1.31
2297,606404.317778,0.65727,-0.63506,-0.40583,1.59
2298,606404.326704,0.65732,-0.63808,-0.40098,0.66
2299,606404.329563,0.65233,-0.63317,-0.41662,2.0
2300,606404.33874,0.66161,-0.63127,-0.40468,1.51
2301,606404.341799,0.64708,-0.64128,-0.41237,1.61
2302,606404.345279,0.66104,-0.62876,-0.40949,1.9
2303,606404.350092,0.65135,-0.64446,-0.40051,0.52
2304,606404.353422,0.65782,-0.63042,-0.41211,1.84
2305,606404.358222,0.65785,-0.6412,-0.39509,0.64
2306,606404.36623,0.65133,-0.63799,-0.41078,1.54
2307,606404.370018,0.66132,-0.63497,-0.39933,1.41
2308,606404.373047,0.6505,-0.64055,-0.40811,1.53
2309,606404.379062,0.66247,-0.63085,-0.40393,1.68
2310,606404.381458,0.65385,-0.64253,-0.39955,0.62
2311,606404.397718,0.6535,-0.64243,-0.40027,1.96
2312,606404.402033,0.6656,-0.6269,-0.40494,0.53
2313,606404.406145,0.66104,-0.63868,-0.39384,2.3
2314,606404.414185,0.66015,-0.62987,-0.40923,0.45
2315,606404.418604,0.65728,-0.64217,-0.39447,0.48
2316,606404.420987,0.66567,-0.62698,-0.4047,1.94
2317,606404.427928,0.66776,-0.63436,-0.38947,0.82
2318,606404.429657,0.66173,-0.63106,-0.40481,1.8
2319,606404.433601,0.67012,-0.62958,-0.39316,1.51
2320,606404.442606,0.6595,-0.63356,-0.40455,1.33
2321,606404.44555,0.67248,-0.62227,-0.40068,1.62
2322,606404.449711,0.66063,-0.6361,-0.39866,0.67
2323,606404.454875,0.67043,-0.62203,-0.40448,1.66
2324,606404.457133,0.66799,-0.63086,-0.39472,0.41
2325,606404.466062,0.66934,-0.62081,-0.40814,1.86
2326,606404.470002,0.67321,-0.62317,-0.39806,0.84
2327,606404.479281,0.67553,-0.61686,-0.4039,1.63
2328,606404.483605,0.66141,-0.62792,-0.41019,1.37
2329,606404.490162,0.66972,-0.61709,-0.41313,1.45
2330,606404.493556,0.66289,-0.62851,-0.40688,0.3
2331,606404.497376,0.66908,-0.61529,-0.41683,1.87
2332,606404.502448,0.66836,-0.62403,-0.40482,0.72
2333,606404.506347,0.66193,-0.61864,-0.42323,2.08
2334,606404.510123,0.67026,-0.61772,-0.41131,1.44
2335,606404.518119,0.65714,-0.62314,-0.4241,1.79
2336,606404.521465,0.66902,-0.6138,-0.41912,1.61
2337,606404.526645,0.65519,-0.62856,-0.4191,1.28
2338,606404.529675,0.66317,-0.61417,-0.42778,2.01
2339,606404.533363,0.66052,-0.6289,-0.41013,0.35
2340,606404.54203,0.66137,-0.61447,-0.43014,2.45
2341,606404.545504,0.66344,-0.62348,-0.41367,1.44
2342,606404.549141,0.6491,-0.62719,-0.43046,1.81
2343,606404.567099,0.65999,-0.62137,-0.42228,1.95
2344,606404.569849,0.64567,-0.63928,-0.41765,0.28
2345,606404.57386,0.65648,-0.62122,-0.42793,2.09
2346,606404.578734,0.65331,-0.63424,-0.41344,0.31
2347,606404.581028,0.65036,-0.62757,-0.42801,1.93
2348,606404.585389,0.65582,-0.63068,-0.4149,1.13
2349,606404.594765,0.64494,-0.63357,-0.42737,1.66
2350,606404.59743,0.65675,-0.62737,-0.41844,1.52
2351,606404.601098,0.64488,-0.64024,-0.41739,1.29
2352,606404.605956,0.65324,-0.62771,-0.42338,1.96
2353,606404.610192,0.64528,-0.64294,-0.4126,0.16
2354,606404.617266,0.64683,-0.63393,-0.42397,1.76
2355,606404.62209,0.65241,-0.63966,-0.40644,1.38
2356,606404.625408,0.64424,-0.63602,-0.42477,2.09
2357,606404.631735,0.65286,-0.63711,-0.40971,1.35
2358,606404.634538,0.63911,-0.6445,-0.4197,1.33
2359,606404.637547,0.65245,-0.63403,-0.4151,1.45
2360,606404.650006,0.64855,-0.63769,-0.4156,1.7
2361,606404.655238,0.65013,-0.64509,-0.40149,0.42
2362,606404.65813,0.64777,-0.63772,-0.41679,1.9
2363,606404.661207,0.6525,-0.64409,-0.39924,0.91
2364,606404.670381,0.64806,-0.64003,-0.41278,2.13
2365,606404.674545,0.65644,-0.63751,-0.40332,1.35
2366,606404.677397,0.64286,-0.64781,-0.40874,1.07
2367,606404.683373,0.65607,-0.63812,-0.40297,1.51
2368,606404.686474,0.64633,-0.64915,-0.40108,0.34
2369,606404.693826,0.65643,-0.63572,-0.40616,1.73
2370,606404.698184,0.65512,-0.64235,-0.39776,0.24
2371,606404.701371,0.65701,-0.63612,-0.40458,1.83
2372,606404.70692,0.65853,-0.64206,-0.39256,0.81
2373,606404.710131,0.65622,-0.63633,-0.40554,2.03
2374,606404.714359,0.66642,-0.63141,-0.39649,1.39
2375,606404.722524,0.65541,-0.64068,-0.39995,1.48
2376,606404.725295,0.66587,-0.63017,-0.39938,1.58
2377,606404.738668,0.66437,-0.63595,-0.39266,0.41
2378,606404.746761,0.66619,-0.62459,-0.40753,2.27
2379,606404.749513,0.6716,-0.62646,-0.39561,0.9
2380,606404.753886,0.6668,-0.62255,-0.40965,2.27
2381,606404.758976,0.67392,-0.61996,-0.40184,1.37
2382,606404.761621,0.66358,-0.62572,-0.41004,1.75
2383,606404.770273,0.67255,-0.61762,-0.4077,1.59
2384,606404.773686,0.66379,-0.62671,-0.40819,1.21
2385,606404.777447,0.67169,-0.61497,-0.4131,1.87
2386,606404.783079,0.66536,-0.62717,-0.40492,0.23
2387,606404.785522,0.67037,-0.61268,-0.4186,2.45
2388,606404.790247,0.66921,-0.62281,-0.4053,0.58
2389,606404.79777,0.66135,-0.61643,-0.42734,2.34
2390,606404.801988,0.67193,-0.61527,-0.41225,1.52
2391,606404.805294,0.65382,-0.62302,-0.42937,2.12
2392,606404.810116,0.67045,-0.6123,-0.41903,1.82
2393,606404.814186,0.65219,-0.63074,-0.4205,1.4
2394,606404.827319,0.65299,-0.63181,-0.41763,0.42
2395,606404.830472,0.66324,-0.61451,-0.4272,2.2
2396,606404.83463,0.65709,-0.62966,-0.41446,0.19
2397,606404.838582,0.65929,-0.61869,-0.42726,2.5
2398,606404.845765,0.65744,-0.62904,-0.41482,0.98
2399,606404.849916,0.65362,-0.62272,-0.43012,2.3
2400,606404.853532,0.66059,-0.62371,-0.41786,1.24
2401,606404.858661,0.64689,-0.63234,-0.42625,1.38
2402,606404.861482,0.65716,-0.62552,-0.42056,1.51
2403,606404.86642,0.64905,-0.63509,-0.41881,1.2
2404,606404.874397,0.65617,-0.62434,-0.42383,1.72
2405,606404.87773,0.64879,-0.63835,-0.41422,0.27
2406,606404.881442,0.65451,-0.62513,-0.42524,2.11
2407,606404.887065,0.65225,-0.63773,-0.40972,0.55
2408,606404.889741,0.64771,-0.63189,-0.42565,1.7
2409,606404.8975,0.65487,-0.63392,-0.41145,1.35
2410,606404.901489,0.64633,-0.63489,-0.42329,2.2
2411,606404.910303,0.64416,-0.63946,-0.41971,1.75
2412,606404.914494,0.65405,-0.63054,-0.41789,1.62
2413,606404.922152,0.64514,-0.64231,-0.41381,0.82
2414,606404.926277,0.65336,-0.63163,-0.41733,2.07
2415,606404.929033,0.6484,-0.64433,-0.40548,0.22
2416,606404.933856,0.65093,-0.63342,-0.41841,2.23
2417,606404.937828,0.65279,-0.64213,-0.40192,0.81
2418,606404.941158,0.65038,-0.63578,-0.41568,2.29
2419,606404.949697,0.65795,-0.63542,-0.40415,1.29
2420,606404.953731,0.64785,-0.6391,-0.41454,2.23
2421,606404.957092,0.66006,-0.63353,-0.40369,1.65
2422,606404.962661,0.6485,-0.64251,-0.4082,1.74
2423,606404.966253,0.66163,-0.63176,-0.40389,2.15
2424,606404.974276,0.65158,-0.64331,-0.40199,1.25
2425,606404.977839,0.65991,-0.63135,-0.40732,2.03
2426,606404.981517,0.65647,-0.6412,-0.39738,0.64
2427,606404.99882,0.65682,-0.63745,-0.4028,1.83
2428,606405.00257,0.66829,-0.6294,-0.39654,1.35
2429,606405.005034,0.65991,-0.63209,-0.40617,2.0
2430,606405.009575,0.67009,-0.62513,-0.40024,1.53
2431,606405.013997,0.65927,-0.63333,-0.40529,1.81
2432,606405.017775,0.66955,-0.62189,-0.40615,1.62
2433,606405.026526,0.6613,-0.63238,-0.40346,1.23
2434,606405.030586,0.66923,-0.62011,-0.40939,1.88
2435,606405.032969,0.6647,-0.62879,-0.40348,0.77
2436,606405.038228,0.67129,-0.61567,-0.4127,2.24
2437,606405.041189,0.66917,-0.62624,-0.40004,0.54
2438,606405.049851,0.6678,-0.618,-0.41488,2.28
2439,606405.053823,0.67053,-0.62359,-0.40191,0.92
2440,606405.057369,0.66386,-0.61908,-0.41957,2.35
2441,606405.063039,0.6737,-0.6184,-0.40462,1.58
2442,606405.065727,0.65823,-0.6269,-0.41682,1.86
2443,606405.073925,0.67156,-0.61689,-0.41044,1.84
2444,606405.086553,0.66738,-0.62333,-0.4075,1.77
2445,606405.089134,0.66187,-0.61909,-0.42268,1.01
2446,606405.093844,0.66976,-0.62066,-0.40768,1.68
2447,606405.101727,0.66471,-0.6153,-0.42376,1.87
2448,606405.105677,0.66655,-0.62449,-0.4071,0.92
2449,606405.109938,0.66045,-0.61856,-0.42567,2.46
2450,606405.113919,0.66841,-0.6198,-0.41119,1.3
2451,606405.117754,0.65929,-0.61993,-0.42547,2.34
2452,606405.1256,0.66744,-0.61976,-0.41282,1.42
2453,606405.129812,0.65441,-0.62467,-0.42607,2.07
2454,606405.132971,0.6659,-0.62012,-0.41476,1.77
2455,606405.138975,0.65277,-0.62986,-0.42091,1.59
2456,606405.142284,0.66321,-0.62034,-0.41872,1.85
2457,606405.146735,0.65118,-0.63472,-0.41603,0.6
2458,606405.154513,0.66079,-0.62026,-0.42265,2.1
2459,606405.15695,0.65324,-0.63495,-0.41246,0.02
2460,606405.171474,0.65075,-0.63219,-0.42055,2.03
2461,606405.177878,0.65515,-0.63452,-0.41008,1.22
2462,606405.181796,0.64902,-0.63161,-0.42408,1.96
2463,606405.185556,0.65695,-0.63004,-0.41409,1.28
2464,606405.190576,0.6459,-0.6383,-0.41879,1.6
2465,606405.195346,0.65804,-0.63037,-0.41185,1.63
2466,606405.202463,0.64853,-0.6382,-0.41486,1.55
2467,606405.205882,0.65938,-0.62793,-0.41343,1.7
2468,606405.209443,0.64775,-0.64007,-0.4132,1.11
2469,606405.214895,0.6594,-0.62735,-0.41427,2.09
2470,606405.217688,0.65057,-0.64015,-0.40862,0.56
2471,606405.221811,0.65823,-0.62862,-0.41421,2.06
2472,606405.230126,0.65487,-0.63865,-0.40408,0.5
2473,606405.233272,0.65894,-0.62674,-0.41593,2.39
2474,606405.239507,0.65778,-0.63667,-0.40247,0.54
2475,606405.242874,0.65606,-0.63104,-0.41397,2.37
2476,606405.245659,0.66298,-0.63209,-0.40114,1.22
2477,606405.258447,0.66501,-0.62945,-0.40194,1.4
2478,606405.262626,0.65608,-0.63527,-0.40742,1.98
2479,606405.265571,0.66569,-0.62828,-0.40264,1.56
2480,606405.270503,0.65709,-0.63432,-0.40728,1.72
2481,606405.278023,0.66536,-0.62545,-0.40756,1.48
2482,606405.281517,0.66135,-0.63243,-0.4033,1.4
2483,606405.285438,0.66815,-0.62179,-0.4086,2.04
2484,606405.291017,0.66517,-0.63062,-0.39985,0.74
2485,606405.293213,0.66885,-0.61971,-0.41061,2.15
2486,606405.297167,0.66562,-0.62968,-0.40057,0.15
2487,606405.306363,0.66635,-0.62051,-0.41345,2.07
2488,606405.310468,0.67053,-0.62399,-0.40127,0.97
2489,606405.313604,0.66615,-0.61965,-0.41506,2.1
2490,606405.318522,0.66931,-0.62468,-0.40224,0.96
2491,606405.321803,0.66495,-0.61992,-0.41657,2.36
2492,606405.329781,0.67325,-0.61899,-0.40446,1.76
2493,606405.333851,0.6617,-0.62443,-0.41502,1.8
2494,606405.346514,0.67463,-0.61333,-0.41073,2.2
2495,606405.354558,0.67083,-0.62123,-0.40504,2.16
2496,606405.357982,0.67387,-0.61162,-0.41451,2.13
2497,606405.361442,0.66343,-0.62554,-0.41055,0.74
2498,606405.367383,0.67192,-0.61064,-0.4191,2.12
2499,606405.369252,0.66747,-0.62366,-0.40687,0.2
2500,606405.37435,0.67032,-0.61153,-0.42036,2.27
2501,606405.382071,0.66972,-0.61905,-0.41018,0.35
2502,606405.385552,0.6693,-0.61066,-0.42323,2.31
2503,606405.389471,0.66729,-0.61914,-0.414,0.11
2504,606405.393818,0.665,-0.6122,-0.42777,2.22
2505,606405.397454,0.66807,-0.61888,-0.41312,1.1
2506,606405.406158,0.65989,-0.61713,-0.4286,2.03
2507,606405.409894,0.67033,-0.61266,-0.41869,1.55
2508,606405.413126,0.65417,-0.62422,-0.4271,1.98
2509,606405.430411,0.65531,-0.61735,-0.43525,0.33
2510,606405.43371,0.65154,-0.62927,-0.42369,1.25
2511,606405.437755,0.66184,-0.61755,-0.42497,2.04
2512,606405.443333,0.65049,-0.63065,-0.42326,1.06
2513,606405.44579,0.66174,-0.61576,-0.42772,2.36
2514,606405.450126,0.65381,-0.63097,-0.41762,0.5
2515,606405.458044,0.65855,-0.61986,-0.42672,2.48
2516,606405.461948,0.65606,-0.6305,-0.41481,0.31
2517,606405.465109,0.65677,-0.6225,-0.42562,2.33
2518,606405.469584,0.65698,-0.6302,-0.41378,0.53
2519,606405.474126,0.65386,-0.62463,-0.42696,2.46
2520,606405.48284,0.65857,-0.6295,-0.41233,1.1
2521,606405.485452,0.65214,-0.62692,-0.42625,2.43
2522,606405.48968,0.65911,-0.62869,-0.41271,1.28
2523,606405.494986,0.64819,-0.63495,-0.42034,1.87
2524,606405.497554,0.66115,-0.62797,-0.41053,1.76
2525,606405.514655,0.65238,-0.64153,-0.40353,2.05
2526,606405.517472,0.65311,-0.63211,-0.417,0.77
2527,606405.522497,0.65839,-0.63606,-0.40242,2.39
2528,606405.525505,0.65179,-0.63298,-0.41773,0.65
2529,606405.534547,0.65225,-0.64144,-0.40389,0.82
2530,606405.537133,0.66218,-0.62492,-0.41351,2.33
2531,606405.541363,0.65816,-0.63719,-0.40102,0.72
2532,606405.546457,0.66209,-0.62711,-0.41034,2.2
2533,606405.549423,0.6598,-0.63725,-0.3982,0.37
2534,606405.55838,0.66307,-0.62725,-0.40854,2.29
2535,606405.561722,0.66487,-0.63136,-0.39916,0.74
2536,606405.565894,0.66439,-0.6247,-0.41029,2.42
2537,606405.570502,0.66628,-0.62849,-0.40133,0.85
2538,606405.573616,0.66258,-0.62518,-0.41247,2.35
2539,606405.578256,0.66997,-0.62504,-0.40058,1.17
2540,606405.585595,0.66138,-0.62623,-0.41282,2.24
2541,606405.594763,0.66403,-0.62912,-0.40407,2.24
2542,606405.598531,0.66665,-0.61946,-0.41455,0.64
2543,606405.602363,0.66399,-0.63068,-0.4017,2.05
2544,606405.610245,0.67175,-0.61885,-0.40716,1.55
2545,606405.614313,0.66075,-0.62646,-0.41347,1.73
2546,606405.617524,0.67034,-0.62021,-0.40741,1.77
2547,606405.622799,0.65991,-0.62859,-0.41158,1.44
2548,606405.626084,0.67201,-0.61471,-0.41295,1.99
2549,606405.634609,0.66376,-0.62687,-0.40799,0.95
2550,606405.637185,0.66893,-0.61717,-0.4143,1.99
2551,606405.642203,0.66781,-0.62408,-0.40567,0.68
2552,606405.647717,0.67097,-0.61259,-0.41777,2.24
2553,606405.649821,0.66692,-0.62358,-0.40788,0.61
2554,606405.654258,0.66944,-0.61423,-0.41781,2.05
2555,606405.661847,0.66765,-0.62345,-0.40687,0.3
2556,606405.665604,0.66778,-0.61287,-0.42244,1.94
2557,606405.679442,0.67071,-0.61815,-0.40994,0.83
2558,606405.685519,0.66294,-0.61525,-0.4266,2.18
2559,606405.690009,0.67133,-0.61518,-0.41337,1.02
2560,606405.693112,0.65964,-0.62101,-0.42335,1.67
2561,606405.69883,0.66776,-0.6186,-0.41404,1.29
2562,606405.701091,0.65787,-0.61955,-0.4282,1.78
2563,606405.709593,0.66887,-0.6157,-0.41656,1.14
2564,606405.714225,0.65613,-0.6224,-0.42675,1.86
2565,606405.717649,0.66618,-0.61838,-0.4169,1.36
2566,606405.722157,0.65333,-0.62707,-0.42419,1.52
2567,606405.725707,0.66912,-0.61394,-0.41874,1.96
2568,606405.729531,0.65109,-0.63093,-0.42191,1.07
2569,606405.737905,0.66564,-0.6147,-0.42316,2.25
2570,606405.741502,0.65758,-0.62611,-0.41901,1.52
2571,606405.746006,0.6625,-0.61898,-0.42185,2.02
2572,606405.749837,0.65378,-0.63072,-0.41806,1.08
2573,606405.76644,0.6609,-0.6206,-0.42198,2.21
2574,606405.769729,0.65305,-0.6368,-0.4099,0.18
2575,606405.774555,0.65517,-0.62623,-0.42259,1.69
2576,606405.777577,0.65368,-0.63746,-0.40785,0.07
2577,606405.786597,0.65518,-0.62789,-0.42012,1.95
2578,606405.789737,0.65648,-0.63526,-0.40679,0.32
2579,606405.793792,0.65703,-0.62741,-0.41794,2.28
2580,606405.799054,0.65675,-0.63582,-0.40548,0.73
2581,606405.801725,0.65595,-0.62671,-0.42068,2.46
2582,606405.806788,0.66139,-0.63007,-0.4069,1.13
2583,606405.813646,0.65409,-0.62966,-0.41916,2.29
2584,606405.817891,0.66274,-0.62963,-0.40539,1.32
2585,606405.821456,0.65638,-0.62637,-0.42051,2.46
2586,606405.826492,0.6639,-0.62759,-0.40665,1.18
2587,606405.829541,0.65735,-0.62578,-0.41988,2.57
2588,606405.837535,0.66522,-0.6253,-0.40802,1.21
2589,606405.842289,0.65519,-0.63021,-0.4166,2.33
2590,606405.854449,0.66134,-0.62378,-0.41657,0.57
2591,606405.862409,0.65605,-0.63261,-0.41158,1.8
2592,606405.865485,0.66816,-0.62119,-0.40949,1.66
2593,606405.869266,0.65539,-0.63347,-0.41132,1.77
2594,606405.873632,0.66907,-0.62191,-0.40691,1.81
2595,606405.877599,0.65833,-0.63314,-0.4071,1.65
2596,606405.88161,0.67159,-0.61946,-0.40648,2.12
2597,606405.889855,0.65984,-0.63219,-0.40615,1.36
2598,606405.894174,0.67098,-0.61862,-0.40878,2.18
2599,606405.897313,0.66187,-0.63056,-0.40537,1.4
2600,606405.902569,0.67078,-0.61658,-0.41217,2.3
2601,606405.905319,0.6642,-0.62975,-0.40281,0.54
2602,606405.913772,0.67096,-0.61647,-0.41204,2.32
2603,606405.917751,0.66539,-0.62798,-0.40361,0.64
2604,606405.921863,0.67199,-0.6155,-0.4118,2.38
2605,606405.925822,0.666,-0.6258,-0.40598,0.71
2606,606405.942547,0.66361,-0.62204,-0.41555,1.47
2607,606405.945062,0.67769,-0.61324,-0.40581,1.56
2608,606405.949662,0.66487,-0.62254,-0.41279,1.81
2609,606405.953485,0.67862,-0.60958,-0.40973,1.55
2610,606405.957527,0.6632,-0.62335,-0.41424,1.92
2611,606405.966278,0.6723,-0.61671,-0.40949,0.49
2612,606405.968899,0.66932,-0.61115,-0.42251,2.58
2613,606405.974572,0.67145,-0.61953,-0.40662,1.07
2614,606405.9776,0.66861,-0.61078,-0.42415,2.66
2615,606405.982526,0.67363,-0.61576,-0.40874,1.03
2616,606405.990464,0.66573,-0.61342,-0.42487,2.55
2617,606405.993393,0.67172,-0.61653,-0.41071,1.24
2618,606405.997441,0.6634,-0.61425,-0.42731,2.48
2619,606406.003097,0.67199,-0.61509,-0.41242,1.37
2620,606406.005898,0.66253,-0.61707,-0.42459,2.32
2621,606406.014824,0.67033,-0.61785,-0.411,1.46
2622,606406.026637,0.65973,-0.62703,-0.41424,2.29
2623,606406.03019,0.6662,-0.61419,-0.42303,0.91
2624,606406.034412,0.65952,-0.62822,-0.41277,2.35
2625,606406.042398,0.6651,-0.6131,-0.42632,1.05
2626,606406.046712,0.6549,-0.62458,-0.42545,1.86
2627,606406.049108,0.66577,-0.61785,-0.41835,1.83
2628,606406.054052,0.65322,-0.62746,-0.42378,1.75
2629,606406.057523,0.66646,-0.61566,-0.42046,2.06
2630,606406.065759,0.65297,-0.62991,-0.42053,1.46
2631,606406.069843,0.66404,-0.61865,-0.41991,2.37
2632,606406.073302,0.65178,-0.62996,-0.42229,1.58
2633,606406.077861,0.6656,-0.61735,-0.41935,2.43
2634,606406.082075,0.65024,-0.63416,-0.41838,1.14
2635,606406.085548,0.66175,-0.6218,-0.41888,2.29
2636,606406.09422,0.6509,-0.63424,-0.41721,1.13
2637,606406.097283,0.66245,-0.62252,-0.41669,2.29
2638,606406.110424,0.64924,-0.6391,-0.41235,0.83
2639,606406.118097,0.66257,-0.62346,-0.41508,2.59
2640,606406.122175,0.6542,-0.638,-0.40616,0.63
2641,606406.125128,0.66081,-0.62614,-0.41386,2.43
2642,606406.129912,0.65574,-0.6362,-0.40652,0.79
2643,606406.133791,0.66193,-0.62646,-0.41158,2.28
2644,606406.141658,0.65531,-0.63801,-0.40437,0.71
2645,606406.145443,0.66284,-0.62517,-0.41206,2.47
2646,606406.149154,0.65677,-0.63965,-0.39938,0.06
2647,606406.153631,0.66594,-0.62209,-0.41173,2.75
2648,606406.157279,0.66177,-0.63592,-0.39707,0.51
2649,606406.161126,0.66378,-0.62331,-0.41338,2.57
2650,606406.170793,0.66483,-0.63018,-0.40109,0.47
2651,606406.17317,0.66385,-0.62256,-0.4144,2.58
2652,606406.178337,0.66476,-0.63029,-0.40103,0.43
2653,606406.181752,0.66512,-0.62334,-0.41117,2.35
2654,606406.185774,0.66475,-0.63099,-0.39995,0.36
2655,606406.198443,0.66688,-0.62802,-0.40108,0.71
2656,606406.202382,0.66604,-0.62294,-0.41029,2.3
2657,606406.206383,0.66626,-0.62838,-0.40154,0.54
2658,606406.209776,0.66498,-0.62177,-0.41376,2.24
2659,606406.219076,0.66707,-0.6277,-0.40125,0.59
2660,606406.221963,0.66634,-0.62072,-0.41316,2.37
2661,606406.225607,0.6684,-0.6256,-0.40232,0.68
2662,606406.230254,0.66588,-0.6192,-0.41616,2.27
2663,606406.233483,0.66899,-0.62486,-0.40249,0.87
2664,606406.237396,0.66737,-0.61694,-0.41713,2.47
2665,606406.245413,0.67086,-0.62233,-0.40331,1.2
2666,606406.251037,0.66623,-0.6176,-0.41798,2.37
2667,606406.253397,0.6724,-0.61864,-0.40639,1.2
2668,606406.258797,0.66472,-0.61853,-0.41901,2.05
2669,606406.261117,0.67308,-0.61787,-0.40645,1.31
2670,606406.269519,0.6662,-0.61604,-0.42032,2.26
2671,606406.273751,0.67408,-0.61445,-0.40995,0.98
2672,606406.286578,0.6666,-0.61541,-0.42062,2.44
2673,606406.294283,0.67476,-0.60617,-0.42102,0.91
2674,606406.297836,0.66321,-0.61765,-0.42267,2.21
2675,606406.301457,0.6706,-0.61737,-0.41127,1.5
2676,606406.307264,0.6615,-0.61737,-0.42575,1.9
2677,606406.309196,0.67189,-0.61636,-0.41068,1.34
2678,606406.31445,0.66102,-0.61738,-0.42649,2.02
2679,606406.32154,0.67035,-0.6184,-0.41014,1.66
2680,606406.325805,0.66098,-0.61611,-0.42839,2.2
2681,606406.329421,0.67127,-0.61569,-0.4127,1.39
2682,606406.333933,0.65884,-0.61804,-0.42891,2.07
2683,606406.338197,0.66867,-0.61737,-0.41441,1.43
2684,606406.345815,0.6593,-0.61686,-0.4299,2.29
2685,606406.35041,0.66963,-0.61381,-0.41814,1.51
2686,606406.352857,0.65739,-0.62262,-0.42449,1.89
2687,606406.3713,0.6657,-0.61951,-0.41599,1.37
2688,606406.373559,0.6567,-0.62353,-0.4242,2.08
2689,606406.377805,0.66459,-0.62122,-0.41522,1.79
2690,606406.382528,0.65324,-0.62514,-0.42717,1.81
2691,606406.385954,0.66205,-0.62221,-0.41778,1.38
2692,606406.390324,0.65269,-0.62679,-0.42559,1.67
2693,606406.39748,0.66383,-0.62338,-0.41318,1.48
2694,606406.401827,0.65265,-0.62689,-0.4255,1.94
2695,606406.405271,0.66547,-0.62123,-0.41379,1.48
2696,606406.41101,0.65294,-0.62738,-0.42434,1.93
2697,606406.413868,0.66374,-0.6237,-0.41285,1.56
2698,606406.423266,0.65339,-0.62816,-0.42249,1.95
2699,606406.426067,0.66612,-0.62102,-0.41306,1.63
2700,606406.429351,0.65405,-0.63023,-0.41837,1.65
2701,606406.433594,0.66659,-0.62134,-0.41183,1.76
2702,606406.438188,0.65475,-0.62975,-0.418,1.89
2703,606406.446386,0.66447,-0.62426,-0.41082,1.61
2704,606406.454004,0.66728,-0.62032,-0.41225,1.67
2705,606406.459553,0.65488,-0.62736,-0.42138,2.29
2706,606406.462964,0.66653,-0.62179,-0.41123,1.81
2707,606406.465985,0.65293,-0.6333,-0.41547,1.57
2708,606406.474057,0.66618,-0.623,-0.40997,2.06
2709,606406.477427,0.6572,-0.62918,-0.41499,2.03
2710,606406.481626,0.66736,-0.62278,-0.40838,1.87
2711,606406.486342,0.65613,-0.62953,-0.41615,2.04
2712,606406.489706,0.66893,-0.62103,-0.40846,1.82
2713,606406.498271,0.65693,-0.62818,-0.41694,2.04
2714,606406.501469,0.67052,-0.61763,-0.41103,1.86
2715,606406.505689,0.65528,-0.62921,-0.41796,1.63
2716,606406.510519,0.67091,-0.61862,-0.40888,1.97
2717,606406.513086,0.65902,-0.62765,-0.41442,1.99
2718,606406.521697,0.66969,-0.61975,-0.40918,1.49
2719,606406.525562,0.65841,-0.62934,-0.41282,1.58
2720,606406.529233,0.66894,-0.62095,-0.40858,1.27
2721,606406.541918,0.66008,-0.62735,-0.4132,1.49
2722,606406.550205,0.67219,-0.61683,-0.40949,1.25
2723,606406.554132,0.66064,-0.62525,-0.41549,1.69
2724,606406.55742,0.67302,-0.61576,-0.40973,1.34
2725,606406.562822,0.66267,-0.62496,-0.41267,1.49
2726,606406.565873,0.67424,-0.61488,-0.40905,1.57
2727,606406.573609,0.66459,-0.62215,-0.41383,1.83
2728,606406.57761,0.67491,-0.61167,-0.41274,1.37
2729,606406.581454,0.66401,-0.62298,-0.41349,1.21
2730,606406.586095,0.67433,-0.61564,-0.40775,1.54
2731,606406.589147,0.66346,-0.62064,-0.41787,1.69
2732,606406.594351,0.67775,-0.61036,-0.41001,1.62
2733,606406.60209,0.66462,-0.62016,-0.41675,1.36
2734,606406.605446,0.67631,-0.61195,-0.41002,1.52
2735,606406.610357,0.66522,-0.61655,-0.42113,1.96
2736,606406.613989,0.67726,-0.60827,-0.41391,1.61
2737,606406.63058,0.66602,-0.61496,-0.4222,2.05
2738,606406.633076,0.67521,-0.60977,-0.41505,1.44
2739,606406.638221,0.66478,-0.61602,-0.42258,1.9
2740,606406.641061,0.67334,-0.61243,-0.41417,1.42
2741,606406.64979,0.66381,-0.61453,-0.42628,2.2
2742,606406.653926,0.67498,-0.60925,-0.41619,1.59
2743,606406.656972,0.66004,-0.61951,-0.42492,1.52
2744,606406.663963,0.67171,-0.61296,-0.41605,1.58
2745,606406.666323,0.66085,-0.61893,-0.4245,1.87
2746,606406.669784,0.67053,-0.61269,-0.41834,1.44
2747,606406.67754,0.65806,-0.61997,-0.42731,1.57
2748,606406.680977,0.66959,-0.61371,-0.41836,1.32
2749,606406.686188,0.65976,-0.61737,-0.42845,2.19
2750,606406.690339,0.66418,-0.6181,-0.4205,1.2
2751,606406.694058,0.65556,-0.62105,-0.42958,1.74
2752,606406.70243,0.66099,-0.62264,-0.41881,1.31
2753,606406.714715,0.65431,-0.62927,-0.4194,2.02
2754,606406.717724,0.65957,-0.61948,-0.42568,0.38
2755,606406.726021,0.65293,-0.62426,-0.42892,1.92
2756,606406.729891,0.66394,-0.62143,-0.41594,1.39
2757,606406.734178,0.65292,-0.62505,-0.4278,2.05
2758,606406.737896,0.66277,-0.62312,-0.41529,1.4
2759,606406.741133,0.65554,-0.62304,-0.42672,2.53
2760,606406.745836,0.66022,-0.62711,-0.41333,1.02
2761,606406.753601,0.65423,-0.62492,-0.42597,2.17
2762,606406.758169,0.66063,-0.6286,-0.41041,1.22
2763,606406.761334,0.65393,-0.62638,-0.4243,2.14
2764,606406.765761,0.66175,-0.62805,-0.40945,1.2
2765,606406.769693,0.65464,-0.62767,-0.42128,2.15
2766,606406.777791,0.66188,-0.62807,-0.4092,0.9
2767,606406.781491,0.65776,-0.6235,-0.42261,2.41
2768,606406.785108,0.66133,-0.63022,-0.40678,0.43
2769,606406.793096,0.6688,-0.61952,-0.41097,1.15
2770,606406.803788,0.6552,-0.63311,-0.41216,2.3
2771,606406.805837,0.66782,-0.62178,-0.40916,0.72
2772,606406.815242,0.66457,-0.62849,-0.40417,0.65
2773,606406.818339,0.66179,-0.62333,-0.41652,2.32
2774,606406.823075,0.6648,-0.62988,-0.40161,0.5
2775,606406.830092,0.66275,-0.6236,-0.41459,2.18
2776,606406.833538,0.66674,-0.62976,-0.39857,0.38
2777,606406.837188,0.66567,-0.61972,-0.41573,2.77
2778,606406.842444,0.66917,-0.62717,-0.39858,0.59
2779,606406.845724,0.66596,-0.62228,-0.41143,2.37
2780,606406.85435,0.66836,-0.6266,-0.40084,0.3
2781,606406.858499,0.66832,-0.61946,-0.41186,2.28
2782,606406.861488,0.66459,-0.63021,-0.40145,0.29
2783,606406.867339,0.66935,-0.61943,-0.41022,2.17
2784,606406.86933,0.66792,-0.62977,-0.39658,0.15
2785,606406.886295,0.66166,-0.6274,-0.41057,1.64
2786,606406.889879,0.67639,-0.61866,-0.3997,1.29
2787,606406.894041,0.66324,-0.62513,-0.41148,1.52
2788,606406.898505,0.67537,-0.62041,-0.3987,1.57
2789,606406.906323,0.66246,-0.62333,-0.41545,1.21
2790,606406.909543,0.66474,-0.62963,-0.4021,0.45
2791,606406.913629,0.67195,-0.61396,-0.41417,2.47
2792,606406.919204,0.66689,-0.62633,-0.40368,0.18
2793,606406.921528,0.67091,-0.61543,-0.41368,2.29
2794,606406.930358,0.66527,-0.62606,-0.40678,0.49
2795,606406.934326,0.66858,-0.61498,-0.4181,1.79
2796,606406.9377,0.66466,-0.62579,-0.40817,0.81
2797,606406.942571,0.6718,-0.61269,-0.41629,1.93
2798,606406.945362,0.66334,-0.62542,-0.41088,1.07
2799,606406.954441,0.67205,-0.61363,-0.41449,2.31
2800,606406.957981,0.66437,-0.6248,-0.41018,1.03
2801,606406.967155,0.66286,-0.62427,-0.4134,1.37
2802,606406.971137,0.66816,-0.61638,-0.41669,1.67
2803,606406.973984,0.65986,-0.62677,-0.41442,1.26
2804,606406.982001,0.66967,-0.61658,-0.41398,1.87
2805,606406.986565,0.6596,-0.62602,-0.41596,1.54
2806,606406.989217,0.67003,-0.61747,-0.41205,1.97
2807,606406.994153,0.65796,-0.62626,-0.41819,1.55
2808,606406.997264,0.67136,-0.6148,-0.41389,1.92
2809,606407.005737,0.65869,-0.62686,-0.41614,1.6
2810,606407.009548,0.67066,-0.61625,-0.41286,1.97
2811,606407.013188,0.65959,-0.62545,-0.41684,1.65
2812,606407.018011,0.67083,-0.61624,-0.41259,1.81
2813,606407.021706,0.65929,-0.62331,-0.4205,1.81
2814,606407.031115,0.67095,-0.61521,-0.41392,1.75
2815,606407.034728,0.65971,-0.62325,-0.41993,1.81
2816,606407.036877,0.67041,-0.61839,-0.41005,1.81
2817,606407.05125,0.6582,-0.62403,-0.42113,1.91
2818,606407.057458,0.66893,-0.61975,-0.41042,1.47
2819,606407.062261,0.65922,-0.62226,-0.42216,2.34
2820,606407.065419,0.66879,-0.61964,-0.41081,1.31
2821,606407.070018,0.65865,-0.62323,-0.42162,2.04
2822,606407.073483,0.66685,-0.62165,-0.41094,1.17
2823,606407.082113,0.65734,-0.62376,-0.42287,2.12
2824,606407.086385,0.66697,-0.62279,-0.40901,1.36
2825,606407.089512,0.65939,-0.62323,-0.42047,2.08
2826,606407.094754,0.66432,-0.62729,-0.40643,1.21
2827,606407.097459,0.65863,-0.62198,-0.42351,2.23
2828,606407.102512,0.66582,-0.62465,-0.40804,0.81
2829,606407.110294,0.66071,-0.62394,-0.41732,2.11
2830,606407.113291,0.66385,-0.6287,-0.40502,0.88
2831,606407.119836,0.66187,-0.62191,-0.41851,2.32
2832,606407.121738,0.66211,-0.63148,-0.40355,0.49
2833,606407.126223,0.66176,-0.62375,-0.41595,2.04
2834,606407.137932,0.66244,-0.62202,-0.41745,2.15
2835,606407.142616,0.66325,-0.63227,-0.40042,0.86
2836,606407.146465,0.66018,-0.62443,-0.41744,2.11
2837,606407.150265,0.66365,-0.63087,-0.40196,0.41
2838,606407.15775,0.66274,-0.62318,-0.41525,2.11
2839,606407.161708,0.66091,-0.63452,-0.40073,0.26
2840,606407.165244,0.665,-0.62265,-0.41241,2.09
2841,606407.16997,0.6598,-0.63485,-0.40204,0.4
2842,606407.174185,0.66676,-0.62029,-0.41313,2.36
2843,606407.177912,0.66382,-0.63151,-0.40067,0.46
2844,606407.185426,0.66886,-0.61988,-0.41034,2.15
2845,606407.189473,0.66158,-0.63354,-0.40117,0.57
2846,606407.195199,0.67026,-0.61957,-0.40851,2.25
2847,606407.197676,0.66164,-0.63,-0.40662,0.98
2848,606407.202288,0.67144,-0.61764,-0.4095,2.2
2849,606407.210605,0.66438,-0.62773,-0.40566,1.43
2850,606407.2136,0.67318,-0.61607,-0.409,2.1
2851,606407.223297,0.67216,-0.61853,-0.40696,1.84
2852,606407.22698,0.66353,-0.62577,-0.41006,1.73
2853,606407.234251,0.67668,-0.61463,-0.40537,2.29
2854,606407.238416,0.66157,-0.62548,-0.41364,1.57
2855,606407.241132,0.67563,-0.61403,-0.40803,1.78
2856,606407.246563,0.66273,-0.62494,-0.4126,1.89
2857,606407.249168,0.67687,-0.61391,-0.40614,1.88
2858,606407.253921,0.66509,-0.6221,-0.4131,1.99
2859,606407.261556,0.67403,-0.61654,-0.4069,1.64
2860,606407.266242,0.66387,-0.62131,-0.41624,1.84
2861,606407.269284,0.67623,-0.61261,-0.40917,1.5
2862,606407.273952,0.66475,-0.61722,-0.4209,2.22
2863,606407.277173,0.67499,-0.61625,-0.40574,1.76
2864,606407.285678,0.66441,-0.61772,-0.42069,2.25
2865,606407.289976,0.67612,-0.61308,-0.40864,1.66
2866,606407.293148,0.66386,-0.61983,-0.41844,1.66
2867,606407.301642,0.66247,-0.62357,-0.41507,1.9
2868,606407.311384,0.67533,-0.60912,-0.41582,0.83
2869,606407.314065,0.66043,-0.62554,-0.41537,1.99
2870,606407.318045,0.67607,-0.61,-0.41332,1.05
2871,606407.325114,0.66785,-0.62074,-0.41068,0.44
2872,606407.329824,0.66624,-0.61413,-0.42305,2.16
2873,606407.337933,0.66605,-0.62344,-0.40952,0.61
2874,606407.341836,0.6645,-0.61697,-0.42166,2.15
2875,606407.345644,0.6645,-0.62548,-0.40892,0.54
2876,606407.349812,0.66447,-0.61748,-0.42095,2.0
2877,606407.353679,0.66195,-0.62755,-0.40989,0.24
2878,606407.361652,0.66426,-0.61738,-0.42142,2.04
2879,606407.365502,0.66108,-0.62823,-0.41026,0.05
2880,606407.369266,0.6643,-0.61827,-0.42007,2.04
2881,606407.374415,0.65892,-0.6298,-0.4113,0.53
2882,606407.378569,0.66412,-0.61787,-0.42094,2.05
2883,606407.393995,0.66361,-0.62754,-0.4072,1.7
2884,606407.397491,0.65563,-0.62509,-0.42358,0.87
2885,606407.401352,0.66307,-0.62828,-0.40695,2.15
2886,606407.405638,0.65749,-0.62278,-0.42409,0.8
2887,606407.414842,0.65487,-0.63117,-0.41566,1.72
2888,606407.417365,0.66658,-0.62113,-0.41215,1.85
2889,606407.421292,0.6543,-0.6326,-0.41438,1.67
2890,606407.426955,0.66784,-0.62249,-0.40804,1.97
2891,606407.430279,0.6542,-0.63277,-0.41428,1.86
2892,606407.438894,0.66705,-0.62246,-0.40937,1.8
2893,606407.441399,0.65744,-0.6294,-0.41428,2.2
2894,606407.445486,0.66787,-0.62423,-0.40534,1.59
2895,606407.44956,0.65877,-0.62864,-0.41331,2.23
2896,606407.453692,0.66814,-0.62346,-0.40605,1.29
2897,606407.461998,0.66052,-0.62606,-0.41445,2.21
2898,606407.465883,0.67016,-0.62349,-0.40267,1.36
2899,606407.478081,0.6626,-0.62489,-0.41288,2.25
2900,606407.481996,0.67228,-0.61656,-0.40974,0.92
2901,606407.490078,0.66188,-0.62926,-0.40737,2.16
2902,606407.493598,0.67077,-0.62512,-0.39912,0.92
2903,606407.497897,0.66797,-0.61902,-0.41308,2.48
2904,606407.503224,0.67184,-0.62437,-0.39849,0.6
2905,606407.505595,0.66907,-0.61741,-0.4137,2.55
2906,606407.513946,0.67058,-0.62372,-0.40162,0.1
2907,606407.518051,0.66963,-0.61595,-0.41497,2.26
2908,606407.521332,0.67014,-0.62481,-0.40065,0.12
2909,606407.526988,0.67166,-0.61498,-0.41312,2.3
2910,606407.530694,0.66841,-0.62349,-0.40557,0.45
2911,606407.533699,0.6734,-0.61543,-0.40961,2.11
2912,606407.541616,0.66866,-0.62461,-0.40343,0.8
2913,606407.545223,0.67386,-0.6122,-0.41366,2.19
2914,606407.558861,0.66798,-0.6209,-0.41023,1.51
2915,606407.566046,0.67584,-0.61137,-0.41166,1.96
2916,606407.570786,0.66537,-0.62277,-0.41164,1.37
2917,606407.57307,0.67566,-0.61311,-0.40936,2.05
2918,606407.578855,0.66244,-0.62347,-0.41528,1.78
2919,606407.581734,0.67667,-0.61134,-0.41034,2.04
2920,606407.589905,0.66433,-0.62258,-0.41358,1.53
2921,606407.59352,0.67559,-0.61311,-0.40949,1.86
2922,606407.59733,0.66663,-0.61697,-0.41827,2.35
2923,606407.602499,0.67648,-0.61169,-0.41013,1.66
2924,606407.605294,0.66535,-0.61734,-0.41977,2.09
2925,606407.609527,0.67559,-0.61275,-0.41001,1.54
2926,606407.617866,0.66552,-0.61631,-0.42101,2.25
2927,606407.621481,0.67388,-0.61411,-0.41079,1.16
2928,606407.626728,0.66481,-0.61645,-0.42192,2.02
2929,606407.630618,0.67355,-0.61559,-0.40913,1.24
2930,606407.64767,0.66473,-0.61657,-0.42186,2.02
2931,606407.649541,0.67043,-0.619,-0.4091,0.97
2932,606407.655149,0.66537,-0.61497,-0.4232,2.23
2933,606407.657242,0.66924,-0.62023,-0.40918,0.51
2934,606407.665979,0.66636,-0.6155,-0.42087,2.27
2935,606407.669481,0.66398,-0.62717,-0.40717,0.57
2936,606407.673674,0.66542,-0.61519,-0.4228,2.59
2937,606407.680117,0.66145,-0.62935,-0.40793,0.49
2938,606407.681669,0.66589,-0.6161,-0.42073,2.28
2939,606407.685417,0.65972,-0.63004,-0.40966,0.21
2940,606407.69348,0.66579,-0.61657,-0.4202,2.8
2941,606407.697887,0.65649,-0.63263,-0.41085,0.1
2942,606407.702866,0.66727,-0.61671,-0.41764,2.54
2943,606407.705641,0.65591,-0.63139,-0.41368,0.95
2944,606407.710513,0.66671,-0.61743,-0.41747,2.3
2945,606407.717787,0.65578,-0.63157,-0.41361,0.87
2946,606407.72228,0.66481,-0.62076,-0.41555,1.9
2947,606407.730269,0.6666,-0.6198,-0.41412,2.04
2948,606407.735716,0.65235,-0.63309,-0.41669,1.34
2949,606407.742421,0.66712,-0.6218,-0.41026,1.99
2950,606407.745519,0.65476,-0.62973,-0.41801,1.99
2951,606407.749288,0.66844,-0.62077,-0.40967,1.75
2952,606407.754145,0.6537,-0.63127,-0.41734,1.79
2953,606407.757245,0.66667,-0.62399,-0.40766,1.75
2954,606407.765639,0.65935,-0.62519,-0.4176,2.59
2955,606407.769761,0.66799,-0.62458,-0.40457,1.48
2956,606407.773755,0.65691,-0.62863,-0.41628,2.0
2957,606407.777404,0.66743,-0.62696,-0.40182,1.19
2958,606407.781701,0.66172,-0.62388,-0.41582,2.49
2959,606407.786555,0.6658,-0.62678,-0.40478,0.38
2960,606407.79393,0.66416,-0.62262,-0.4138,2.42
2961,606407.797571,0.6685,-0.62607,-0.40142,0.44
2962,606407.801116,0.66485,-0.62256,-0.41279,2.38
2963,606407.818211,0.66484,-0.6336,-0.39566,0.12
2964,606407.821916,0.67039,-0.61888,-0.40935,2.54
2965,606407.825715,0.66344,-0.63278,-0.39929,0.43
2966,606407.830825,0.6701,-0.61878,-0.40998,2.32
2967,606407.833204,0.66372,-0.63231,-0.39959,0.52
2968,606407.838802,0.67125,-0.61769,-0.40973,2.33
2969,606407.845791,0.66181,-0.63318,-0.40136,0.67
2970,606407.84962,0.67248,-0.61824,-0.40688,2.15
2971,606407.853282,0.66029,-0.63293,-0.40425,1.09
2972,606407.858697,0.67372,-0.61697,-0.40675,2.31
2973,606407.86113,0.65961,-0.63298,-0.40528,0.65
2974,606407.869991,0.67293,-0.61841,-0.40587,1.83
2975,606407.874127,0.66204,-0.62979,-0.40628,1.46
2976,606407.877426,0.67645,-0.61607,-0.40358,2.09
2977,606407.882239,0.66369,-0.62621,-0.40913,1.65
2978,606407.885505,0.6761,-0.6167,-0.40321,1.78
2979,606407.893826,0.66486,-0.62114,-0.41491,2.15
2980,606407.90263,0.66783,-0.61738,-0.41575,2.3
2981,606407.907169,0.67521,-0.61865,-0.4017,1.4
2982,606407.908994,0.66737,-0.61601,-0.41852,2.23
2983,606407.913734,0.67712,-0.61588,-0.40274,1.52
2984,606407.922762,0.66858,-0.61543,-0.41743,2.24
2985,606407.925624,0.67355,-0.61919,-0.40366,0.99
2986,606407.929353,0.6709,-0.61286,-0.41749,2.33
2987,606407.934438,0.67288,-0.61889,-0.40523,0.44
2988,606407.938512,0.67087,-0.6131,-0.41719,2.26
2989,606407.946306,0.67114,-0.62092,-0.40501,0.16
2990,606407.949438,0.67204,-0.61188,-0.41709,2.27
2991,606407.95364,0.66729,-0.62493,-0.4052,0.14
2992,606407.958625,0.6726,-0.61264,-0.41507,2.29
2993,606407.961811,0.66808,-0.62025,-0.41104,1.3
2994,606407.969885,0.67211,-0.61104,-0.41821,2.23
2995,606407.973708,0.66408,-0.62573,-0.40921,0.42
2996,606407.977328,0.67137,-0.6123,-0.41755,2.2
2997,606407.991385,0.65902,-0.62631,-0.41644,1.12
2998,606407.997533,0.67203,-0.61509,-0.41235,2.2
2999,606408.001718,0.6582,-0.62646,-0.41752,1.68
3000,606408.005223,0.67089,-0.6141,-0.41568,1.55
3001,606408.010248,0.65609,-0.63104,-0.41392,1.19
3002,606408.013771,0.66915,-0.6175,-0.41343,1.65
3003,606408.021727,0.66148,-0.62062,-0.42104,2.33
3004,606408.025891,0.66899,-0.61788,-0.41313,1.27
3005,606408.029189,0.66066,-0.62046,-0.42256,2.27
3006,606408.034442,0.66977,-0.62073,-0.40755,1.47
3007,606408.037264,0.66022,-0.62054,-0.42314,2.34
3008,606408.042296,0.66552,-0.62617,-0.40621,1.72
3009,606408.049666,0.66049,-0.62139,-0.42145,2.22
3010,606408.05333,0.66806,-0.62247,-0.4077,1.17
3011,606408.057971,0.66386,-0.61847,-0.42045,2.57
3012,606408.061737,0.66416,-0.63006,-0.40239,1.19
3013,606408.065556,0.66444,-0.61902,-0.41873,2.31
3014,606408.081894,0.67129,-0.62135,-0.40409,1.89
3015,606408.08567,0.65567,-0.63237,-0.41256,1.81
3016,606408.089302,0.66967,-0.62339,-0.40363,1.9
3017,606408.097363,0.65587,-0.63023,-0.4155,1.56
3018,606408.101649,0.65662,-0.63345,-0.40938,0.85
3019,606408.105086,0.66889,-0.61951,-0.41084,2.3
3020,606408.110608,0.65425,-0.63556,-0.40991,0.96
3021,606408.113881,0.67098,-0.61725,-0.41083,2.5
3022,606408.11749,0.65682,-0.63294,-0.40984,1.22
3023,606408.125624,0.67018,-0.62016,-0.40775,2.14
3024,606408.129049,0.65841,-0.63017,-0.41156,1.74
3025,606408.134578,0.6722,-0.61947,-0.40547,1.87
3026,606408.138718,0.65915,-0.62864,-0.41272,1.7
3027,606408.141857,0.6717,-0.6223,-0.40195,1.83
3028,606408.149629,0.661,-0.62551,-0.41451,2.22
3029,606408.15413,0.67308,-0.61956,-0.40388,1.28
3030,606408.165971,0.66174,-0.62939,-0.40739,2.32
3031,606408.175069,0.66947,-0.62662,-0.39894,0.88
3032,606408.178051,0.66839,-0.61678,-0.41575,2.63
3033,606408.182034,0.66729,-0.62984,-0.39753,0.67
3034,606408.187076,0.66777,-0.62048,-0.41121,2.34
3035,606408.189599,0.66714,-0.63019,-0.39721,0.41
3036,606408.194322,0.67047,-0.61793,-0.41065,2.32
3037,606408.202096,0.66534,-0.63137,-0.39837,0.06
3038,606408.205051,0.67137,-0.6174,-0.40997,2.32
3039,606408.209931,0.66516,-0.63016,-0.40058,0.27
3040,606408.213485,0.67208,-0.61701,-0.4094,2.17
3041,606408.218437,0.6648,-0.62688,-0.40627,0.92
3042,606408.225802,0.67337,-0.61601,-0.40878,2.34
3043,606408.230015,0.66331,-0.62811,-0.40682,1.02
3044,606408.233633,0.67435,-0.61583,-0.40743,2.22
3045,606408.241237,0.66788,-0.61516,-0.41895,0.71
3046,606408.252058,0.67003,-0.6257,-0.39945,2.48
3047,606408.253833,0.6693,-0.61494,-0.41701,0.59
3048,606408.262072,0.67541,-0.61485,-0.40716,1.67
3049,606408.265977,0.66529,-0.62001,-0.4159,2.12
3050,606408.273653,0.67386,-0.61844,-0.40427,1.55
3051,606408.277505,0.66564,-0.61775,-0.4187,2.3
3052,606408.282374,0.67451,-0.61709,-0.40526,1.29
3053,606408.285026,0.66596,-0.61876,-0.4167,2.16
3054,606408.290332,0.67391,-0.61856,-0.40402,1.26
3055,606408.29337,0.66793,-0.61625,-0.41726,2.21
3056,606408.301511,0.67187,-0.62019,-0.40492,1.02
3057,606408.305337,0.66824,-0.61523,-0.41826,2.12
3058,606408.309535,0.67087,-0.62141,-0.40471,0.63
3059,606408.314591,0.67168,-0.61402,-0.41451,2.33
3060,606408.317494,0.66502,-0.62689,-0.40591,0.44
3061,606408.326192,0.67031,-0.61457,-0.41591,2.1
3062,606408.339147,0.67071,-0.62027,-0.40671,1.84
3063,606408.341742,0.65989,-0.62244,-0.42085,0.99
3064,606408.346585,0.66865,-0.62239,-0.40685,2.2
3065,606408.354257,0.66287,-0.61692,-0.42428,0.54
3066,606408.357005,0.66783,-0.62401,-0.40571,2.53
3067,606408.362646,0.66411,-0.61588,-0.42385,0.66
3068,606408.366072,0.66407,-0.62598,-0.40884,2.73
3069,606408.369464,0.66483,-0.61493,-0.42411,0.27
3070,606408.378261,0.65801,-0.62555,-0.41918,1.81
3071,606408.381623,0.67038,-0.61748,-0.41147,1.67
3072,606408.385685,0.66097,-0.61991,-0.42288,2.41
3073,606408.390919,0.67041,-0.61928,-0.40871,1.24
3074,606408.393115,0.66108,-0.61984,-0.42282,2.34
3075,606408.401772,0.66762,-0.62316,-0.40738,0.96
3076,606408.40547,0.66254,-0.61833,-0.42275,2.49
3077,606408.409259,0.66676,-0.6247,-0.40643,0.66
3078,606408.422536,0.66478,-0.61985,-0.41697,2.19
3079,606408.429657,0.65849,-0.63571,-0.40282,0.61
3080,606408.433876,0.66582,-0.61897,-0.4166,2.5
3081,606408.438921,0.65817,-0.63358,-0.40669,0.56
3082,606408.442342,0.6649,-0.62004,-0.41649,2.26
3083,606408.446495,0.65585,-0.63645,-0.40594,0.62
3084,606408.454221,0.66612,-0.61997,-0.41463,2.28
3085,606408.457797,0.65386,-0.63737,-0.4077,0.69
3086,606408.461291,0.6681,-0.6203,-0.41094,2.14
3087,606408.465453,0.65607,-0.6333,-0.4105,1.48
3088,606408.470431,0.66898,-0.62166,-0.40743,2.08
3089,606408.477863,0.65704,-0.63068,-0.41298,2.1
3090,606408.482229,0.66963,-0.62151,-0.4066,1.97
3091,606408.484921,0.65627,-0.62963,-0.41579,1.79
3092,606408.490195,0.67043,-0.62284,-0.40323,1.53
3093,606408.493657,0.66095,-0.62531,-0.41489,2.52
3094,606408.498254,0.67034,-0.62418,-0.4013,1.33
3095,606408.514068,0.66018,-0.63173,-0.40629,2.19
3096,606408.518395,0.67709,-0.61351,-0.40639,1.48
3097,606408.522383,0.66201,-0.62868,-0.40804,2.14
3098,606408.530584,0.67657,-0.61566,-0.404,1.66
3099,606408.533725,0.67042,-0.6186,-0.40972,2.37
3100,606408.537963,0.66731,-0.62978,-0.39759,0.05
3101,606408.543761,0.6723,-0.61696,-0.40911,2.38
3102,606408.545452,0.66824,-0.62744,-0.39972,0.99
3103,606408.549582,0.67297,-0.61598,-0.40948,2.36
3104,606408.557773,0.66785,-0.62666,-0.40159,0.79
3105,606408.560968,0.67404,-0.61516,-0.40897,2.33
3106,606408.566856,0.66575,-0.6254,-0.407,1.33
3107,606408.569351,0.67507,-0.61437,-0.40844,2.16
3108,606408.574451,0.66581,-0.62414,-0.40883,1.53
3109,606408.582345,0.67471,-0.61422,-0.40927,1.8
3110,606408.585603,0.66581,-0.62175,-0.41245,1.99
3111,606408.594498,0.66926,-0.62199,-0.40648,2.39
3112,606408.599212,0.67348,-0.60966,-0.41802,0.54
3113,606408.606761,0.66722,-0.62301,-0.40826,2.39
3114,606408.609566,0.67582,-0.61462,-0.40683,1.28
3115,606408.613312,0.6653,-0.61818,-0.41861,1.98
3116,606408.61949,0.67489,-0.61553,-0.407,1.19
3117,606408.621644,0.66993,-0.61133,-0.42128,2.76
3118,606408.626495,0.67451,-0.61569,-0.40738,0.79
3119,606408.634405,0.66773,-0.61574,-0.41834,2.14
3120,606408.637388,0.67277,-0.61789,-0.40693,0.7
3121,606408.642186,0.66899,-0.61456,-0.41805,2.12
3122,606408.645395,0.67023,-0.62058,-0.40703,0.12
3123,606408.650139,0.67042,-0.61427,-0.41617,2.22
3124,606408.659324,0.66266,-0.62893,-0.4066,0.51
3125,606408.662201,0.66985,-0.61163,-0.42096,2.5
3126,606408.664822,0.66225,-0.6269,-0.41039,0.07
3127,606408.682406,0.67134,-0.61289,-0.41674,2.34
3128,606408.685954,0.65661,-0.62955,-0.41536,0.82
3129,606408.689951,0.67127,-0.61488,-0.41391,2.24
3130,606408.694154,0.65549,-0.62831,-0.419,1.65
3131,606408.697968,0.67102,-0.61624,-0.41229,2.1
3132,606408.701556,0.65752,-0.62626,-0.41888,2.26
3133,606408.710392,0.66901,-0.61959,-0.41053,1.89
3134,606408.713683,0.65858,-0.62247,-0.42286,2.55
3135,606408.717001,0.66839,-0.62148,-0.40867,1.62
3136,606408.722436,0.65612,-0.62498,-0.42297,2.12
3137,606408.725382,0.66739,-0.6233,-0.40753,1.43
3138,606408.733877,0.65951,-0.6215,-0.42283,2.5
3139,606408.737645,0.66476,-0.6271,-0.40601,1.15
3140,606408.741101,0.6612,-0.62045,-0.42174,2.56
3141,606408.746021,0.66223,-0.62879,-0.40751,0.5
3142,606408.750986,0.6623,-0.6218,-0.41801,2.33
3143,606408.757629,0.65964,-0.6329,-0.40535,0.16
3144,606408.770625,0.65259,-0.6332,-0.41616,1.78
3145,606408.773572,0.66689,-0.62676,-0.40303,1.58
3146,606408.777774,0.65415,-0.63151,-0.41626,1.29
3147,606408.785877,0.66584,-0.62867,-0.40177,2.2
3148,606408.789499,0.66497,-0.62379,-0.41074,1.99
3149,606408.793796,0.65119,-0.63787,-0.41118,0.95
3150,606408.799354,0.66552,-0.62547,-0.40727,1.89
3151,606408.802079,0.65295,-0.63404,-0.41431,1.72
3152,606408.809454,0.66787,-0.62353,-0.4064,2.15
3153,606408.814099,0.65869,-0.6291,-0.41275,2.45
3154,606408.817133,0.66553,-0.62806,-0.40325,1.81
3155,606408.822485,0.65653,-0.62822,-0.4175,2.23
3156,606408.825132,0.66795,-0.62808,-0.3992,1.95
3157,606408.834296,0.65857,-0.62712,-0.41594,2.22
3158,606408.837752,0.66656,-0.62853,-0.4008,1.21
3159,606408.841203,0.66258,-0.62311,-0.4156,2.45
3160,606408.855319,0.66658,-0.6303,-0.39799,0.49
3161,606408.862419,0.66709,-0.62218,-0.40974,2.37
3162,606408.86627,0.66437,-0.63119,-0.40026,0.22
3163,606408.869054,0.66996,-0.61981,-0.40865,2.56
3164,606408.874809,0.66476,-0.63262,-0.39735,0.33
3165,606408.878584,0.66804,-0.61963,-0.41203,2.05
3166,606408.886498,0.66191,-0.63215,-0.40281,0.93
3167,606408.889769,0.66996,-0.61976,-0.40872,1.99
3168,606408.89324,0.66246,-0.6303,-0.40481,1.31
3169,606408.898057,0.67235,-0.61871,-0.40638,2.02
3170,606408.902035,0.66101,-0.6312,-0.40577,1.03
3171,606408.910366,0.67302,-0.61895,-0.40489,1.77
3172,606408.914629,0.66316,-0.62733,-0.40827,1.84
3173,606408.917406,0.67502,-0.61855,-0.40218,1.53
3174,606408.922461,0.66436,-0.62518,-0.40962,1.77
3175,606408.926258,0.6756,-0.61916,-0.40024,1.22
3176,606408.930269,0.6652,-0.62112,-0.41439,2.32
3177,606408.942068,0.66781,-0.62463,-0.4048,2.3
3178,606408.947433,0.67648,-0.61179,-0.40999,1.08
3179,606408.949974,0.66621,-0.62356,-0.40907,2.31
3180,606408.954004,0.67914,-0.60846,-0.41054,1.25
3181,606408.962236,0.66666,-0.6241,-0.40751,2.17
3182,606408.965617,0.67335,-0.61995,-0.40282,0.49
3183,606408.96977,0.67221,-0.61356,-0.41434,2.24
3184,606408.973688,0.67315,-0.62065,-0.40207,0.22
3185,606408.97716,0.67388,-0.61305,-0.41238,2.45
3186,606408.985568,0.66977,-0.62443,-0.40187,0.49
3187,606408.990151,0.67413,-0.61144,-0.41436,2.43
3188,606408.993373,0.66685,-0.6239,-0.40751,0.87
3189,606408.998969,0.67234,-0.61444,-0.41282,2.1
3190,606409.001693,0.66568,-0.62257,-0.41143,1.42
3191,606409.00551,0.67558,-0.61161,-0.41174,2.1
3192,606409.014022,0.6627,-0.62298,-0.4156,1.51
3193,606409.018349,0.67392,-0.61336,-0.41186,1.84
3194,606409.030871,0.66516,-0.62508,-0.40845,2.34
3195,606409.038211,0.67035,-0.61019,-0.42225,0.59
3196,606409.041743,0.66196,-0.61739,-0.425,2.36
3197,606409.045462,0.67107,-0.61614,-0.41236,1.18
3198,606409.050132,0.66184,-0.61923,-0.42253,2.2
3199,606409.054017,0.66878,-0.62027,-0.40988,1.1
3200,606409.058322,0.66283,-0.61541,-0.42654,2.57
3201,606409.06582,0.66582,-0.62319,-0.41027,1.02
3202,606409.068958,0.66276,-0.61778,-0.42319,2.36
3203,606409.073928,0.66074,-0.6285,-0.41038,0.37
3204,606409.077771,0.66473,-0.61678,-0.42157,2.47
3205,606409.08201,0.66043,-0.62989,-0.40874,0.48
3206,606409.090684,0.66448,-0.61912,-0.41852,2.45
3207,606409.093577,0.65648,-0.63265,-0.41083,0.34
3208,606409.097438,0.66488,-0.61786,-0.41975,2.46
3209,606409.114397,0.65501,-0.63024,-0.41685,1.7
3210,606409.118669,0.66613,-0.62052,-0.41378,2.23
3211,606409.121367,0.65219,-0.63424,-0.4152,1.59
3212,606409.127156,0.66442,-0.62284,-0.41305,1.69
3213,606409.129265,0.65264,-0.63166,-0.4184,1.97
3214,606409.134188,0.66658,-0.62384,-0.40803,1.69
3215,606409.141654,0.65494,-0.63015,-0.41709,2.17
3216,606409.145583,0.66814,-0.62266,-0.40729,1.3
3217,606409.15121,0.65764,-0.62541,-0.41997,2.5
3218,606409.15364,0.66657,-0.62661,-0.40378,1.12
3219,606409.157829,0.65874,-0.62368,-0.42083,2.42
3220,606409.165869,0.66299,-0.63269,-0.40019,1.21
3221,606409.169877,0.66224,-0.62216,-0.41757,2.59
3222,606409.173813,0.66187,-0.63298,-0.40158,0.6
3223,606409.177727,0.66384,-0.62236,-0.4147,2.44
3224,606409.181434,0.6602,-0.63562,-0.40015,0.44
3225,606409.189713,0.66382,-0.62338,-0.41321,2.19
3226,606409.197573,0.65377,-0.63416,-0.41282,0.85
3227,606409.203034,0.66852,-0.62837,-0.39778,1.97
3228,606409.205606,0.65606,-0.63057,-0.41468,0.84
3229,606409.214179,0.66713,-0.62851,-0.39989,2.07
3230,606409.218181,0.6678,-0.62358,-0.40644,1.94
3231,606409.221622,0.65699,-0.63394,-0.40802,1.41
3232,606409.22519,0.67054,-0.62317,-0.40253,1.99
3233,606409.231198,0.6588,-0.63234,-0.40759,1.77
3234,606409.233468,0.67221,-0.62128,-0.40268,1.89
3235,606409.242502,0.66121,-0.628,-0.4104,2.27
3236,606409.245682,0.67278,-0.62131,-0.40166,1.48
3237,606409.249469,0.66261,-0.62446,-0.41352,2.32
3238,606409.254798,0.67396,-0.62137,-0.3996,1.28
3239,606409.257531,0.66474,-0.62388,-0.41097,2.47
3240,606409.266569,0.67492,-0.62037,-0.39952,1.04
3241,606409.269455,0.66864,-0.61781,-0.4138,2.62
3242,606409.273362,0.67366,-0.62319,-0.39727,0.53
3243,606409.286605,0.6728,-0.61667,-0.40872,2.53
3244,606409.293331,0.67219,-0.62469,-0.3974,0.57
3245,606409.299356,0.6747,-0.61508,-0.40799,2.52
3246,606409.301133,0.66932,-0.62636,-0.39961,0.9
3247,606409.306318,0.67481,-0.61407,-0.40932,2.15
3248,606409.309519,0.66898,-0.62417,-0.40358,1.43
3249,606409.31866,0.67703,-0.61229,-0.40833,2.28
3250,606409.321479,0.66473,-0.62588,-0.40793,0.91
3251,606409.325508,0.6755,-0.61546,-0.4061,2.1
3252,606409.33039,0.66421,-0.62509,-0.40998,1.45
3253,606409.333416,0.67298,-0.61535,-0.41042,1.81
3254,606409.342322,0.6647,-0.62189,-0.41403,1.52
3255,606409.34545,0.67491,-0.61506,-0.40768,1.72
3256,606409.349458,0.66387,-0.62119,-0.41641,1.9
3257,606409.35467,0.67563,-0.61481,-0.40685,1.75
3258,606409.358448,0.66367,-0.62014,-0.41828,1.8
3259,606409.374433,0.67335,-0.61721,-0.40699,1.05
3260,606409.377966,0.66538,-0.61648,-0.42098,2.07
3261,606409.382056,0.67092,-0.62097,-0.40528,0.94
3262,606409.386288,0.66594,-0.6127,-0.42558,2.3
3263,606409.393589,0.67025,-0.6194,-0.40879,0.47
3264,606409.397749,0.66753,-0.61507,-0.41964,2.36
3265,606409.401438,0.66367,-0.62717,-0.40768,0.54
3266,606409.405592,0.66922,-0.61316,-0.41974,2.53
3267,606409.410486,0.66259,-0.62804,-0.40809,0.22
3268,606409.417726,0.66842,-0.61492,-0.41844,2.38
3269,606409.421649,0.65942,-0.62765,-0.41379,0.93
3270,606409.42549,0.67042,-0.61336,-0.41752,2.4
3271,606409.430615,0.65877,-0.62689,-0.41596,1.04
3272,606409.434207,0.66835,-0.61759,-0.4146,2.14
3273,606409.438088,0.65722,-0.6274,-0.41764,1.68
3274,606409.446499,0.66969,-0.61695,-0.4134,2.07
3275,606409.458977,0.66163,-0.62814,-0.4095,2.62
3276,606409.462336,0.66633,-0.61341,-0.42395,0.55
3277,606409.470805,0.65773,-0.62541,-0.41983,1.9
3278,606409.47355,0.66835,-0.62192,-0.40807,1.42
3279,606409.477728,0.65923,-0.62233,-0.42205,2.43
3280,606409.482197,0.66587,-0.62602,-0.40585,1.16
3281,606409.486662,0.66169,-0.62068,-0.42062,2.56
3282,606409.49439,0.66288,-0.63067,-0.40354,0.72
3283,606409.497711,0.66471,-0.61849,-0.41908,2.61
3284,606409.501807,0.6618,-0.63171,-0.40369,0.55
3285,606409.506557,0.66377,-0.62223,-0.41502,2.25
3286,606409.510113,0.65922,-0.63421,-0.404,0.3
3287,606409.51456,0.6651,-0.6198,-0.41653,2.37
3288,606409.522061,0.6567,-0.63621,-0.40494,0.6
3289,606409.525671,0.66579,-0.62063,-0.41419,2.24
3290,606409.529512,0.65373,-0.63678,-0.40883,0.82
3291,606409.537545,0.6634,-0.63208,-0.40047,2.2
3292,606409.546962,0.66041,-0.6245,-0.41696,0.66
3293,606409.549766,0.66212,-0.63247,-0.40197,2.47
3294,606409.558658,0.65601,-0.6331,-0.41091,1.6
3295,606409.561895,0.66972,-0.62436,-0.40205,1.88
3296,606409.566259,0.66003,-0.627,-0.41381,2.12
3297,606409.573948,0.67051,-0.62456,-0.40043,1.57
3298,606409.577612,0.66115,-0.62537,-0.41448,2.33
3299,606409.582143,0.67048,-0.62469,-0.40027,1.19
3300,606409.585751,0.66199,-0.62409,-0.41507,2.28
3301,606409.590385,0.66957,-0.62599,-0.39976,0.85
3302,606409.597704,0.66614,-0.62004,-0.4145,2.59
3303,606409.60176,0.66771,-0.62782,-0.40002,0.36
3304,606409.60527,0.66781,-0.61923,-0.41302,2.59
3305,606409.610632,0.66682,-0.62828,-0.40076,0.17
3306,606409.613207,0.66801,-0.619,-0.41303,2.19
3307,606409.630433,0.67242,-0.62319,-0.39935,2.0
3308,606409.634063,0.6595,-0.62639,-0.41557,0.98
3309,606409.637666,0.66942,-0.62591,-0.40015,2.25
3310,606409.641715,0.66323,-0.62012,-0.41902,0.97
3311,606409.65022,0.66502,-0.62888,-0.4028,2.08
3312,606409.653291,0.66293,-0.62081,-0.41848,0.43
3313,606409.658622,0.66542,-0.62811,-0.40334,2.49
3314,606409.661741,0.66546,-0.61654,-0.42077,0.49
3315,606409.665894,0.66262,-0.62866,-0.40709,2.29
3316,606409.673712,0.6703,-0.61981,-0.40809,1.64
3317,606409.67763,0.65979,-0.62359,-0.41931,2.09
3318,606409.681269,0.66946,-0.62015,-0.40893,1.25
3319,606409.686098,0.66059,-0.62163,-0.42095,2.21
3320,606409.689496,0.66769,-0.6236,-0.40657,1.13
3321,606409.698066,0.66276,-0.61957,-0.42058,2.55
3322,606409.701441,0.66762,-0.62312,-0.40743,0.75
3323,606409.714239,0.66321,-0.62035,-0.41871,2.32
3324,606409.717742,0.66317,-0.62996,-0.40418,0.37
3325,606409.726887,0.66471,-0.61951,-0.41757,2.59
3326,606409.729545,0.658,-0.63503,-0.40469,0.28
3327,606409.733854,0.66465,-0.62237,-0.41338,2.55
3328,606409.738764,0.65628,-0.63523,-0.40717,0.69
3329,606409.742268,0.66513,-0.62276,-0.41203,2.32
3330,606409.749752,0.65259,-0.6363,-0.41139,0.66
3331,606409.753979,0.66603,-0.62325,-0.40983,2.2
3332,606409.757482,0.65211,-0.63515,-0.41393,1.26
3333,606409.763112,0.66787,-0.62285,-0.40745,2.14
3334,606409.765122,0.6545,-0.63041,-0.41738,2.04
3335,606409.774262,0.66744,-0.62383,-0.40665,1.82
3336,606409.778492,0.65346,-0.63218,-0.41633,1.8
3337,606409.78171,0.66705,-0.62559,-0.40458,1.81
3338,606409.79548,0.65891,-0.626,-0.41709,2.36
3339,606409.801744,0.66701,-0.62813,-0.40068,1.08
3340,606409.806888,0.65961,-0.62572,-0.41639,2.47
3341,606409.808939,0.66457,-0.63082,-0.40052,0.84
3342,606409.814664,0.66149,-0.62454,-0.4152,2.2
3343,606409.817006,0.66519,-0.63041,-0.40012,0.27
3344,606409.826208,0.66527,-0.62134,-0.41396,2.27
3345,606409.829507,0.66228,-0.6332,-0.40055,0.34
3346,606409.833557,0.66922,-0.61875,-0.41145,2.45
3347,606409.839363,0.6613,-0.63315,-0.40225,0.91
3348,606409.841925,0.67015,-0.61718,-0.41229,2.63
3349,606409.850887,0.66185,-0.63243,-0.40249,0.84
3350,606409.853001,0.67113,-0.61816,-0.40923,2.29
3351,606409.858001,0.6634,-0.62828,-0.40641,1.64
3352,606409.863395,0.67299,-0.61721,-0.40761,2.13
3353,606409.865663,0.66162,-0.62583,-0.41302,2.21
3354,606409.882324,0.67487,-0.61782,-0.40354,1.83
3355,606409.885743,0.66411,-0.62177,-0.41516,2.44
3356,606409.890441,0.6753,-0.6168,-0.40439,1.63
3357,606409.894056,0.66607,-0.61884,-0.41641,2.6
3358,606409.901995,0.67361,-0.61753,-0.40609,0.94
3359,606409.905807,0.66743,-0.61678,-0.41727,2.47
3360,606409.909312,0.67061,-0.6217,-0.40469,0.8
3361,606409.915074,0.66726,-0.61497,-0.42021,2.59
3362,606409.918015,0.67107,-0.6206,-0.40561,0.86
3363,606409.925688,0.66878,-0.61572,-0.41668,2.35
3364,606409.929719,0.6668,-0.62579,-0.40468,0.4
3365,606409.933233,0.6689,-0.61453,-0.41824,2.77
3366,606409.938147,0.66505,-0.62752,-0.40487,0.32
3367,606409.941556,0.6696,-0.61502,-0.4164,2.29
3368,606409.94547,0.66052,-0.62942,-0.40932,0.27
3369,606409.954369,0.67,-0.61512,-0.4156,2.32
3370,606409.957278,0.65847,-0.63081,-0.41048,0.49
3371,606409.967038,0.66684,-0.62506,-0.40575,2.22
3372,606409.97177,0.66294,-0.61708,-0.42393,0.81
3373,606409.979377,0.65702,-0.62901,-0.41553,1.56
3374,606409.981359,0.67053,-0.61768,-0.41094,2.05
3375,606409.985859,0.65762,-0.62661,-0.4182,1.95
3376,606409.989949,0.66961,-0.62031,-0.40846,1.74
3377,606409.993081,0.65819,-0.62495,-0.41979,2.11
3378,606409.997498,0.67025,-0.61875,-0.40977,1.37
3379,606410.005711,0.66091,-0.62093,-0.42148,2.58
3380,606410.009209,0.6702,-0.62071,-0.40688,1.35
3381,606410.014143,0.66149,-0.62198,-0.41901,2.29
3382,606410.018843,0.66871,-0.62297,-0.40587,0.91
3383,606410.022116,0.66489,-0.61933,-0.41756,2.62
3384,606410.031021,0.66296,-0.63029,-0.40399,0.81
3385,606410.033705,0.66457,-0.61922,-0.41822,2.41
3386,606410.037542,0.66125,-0.63235,-0.40359,0.37
3387,606410.055706,0.6672,-0.61971,-0.41329,2.44
3388,606410.057662,0.65865,-0.63332,-0.4063,0.62
3389,606410.061462,0.66734,-0.62019,-0.41233,2.21
3390,606410.067224,0.65737,-0.63381,-0.40761,0.69
3391,606410.06904,0.66823,-0.62084,-0.40991,2.09
3392,606410.075155,0.65627,-0.63228,-0.41174,1.22
3393,606410.082128,0.672,-0.61629,-0.41061,2.01
3394,606410.085254,0.65522,-0.63344,-0.41164,0.94
3395,606410.090379,0.66978,-0.62199,-0.40561,1.76
3396,606410.094798,0.65984,-0.62643,-0.41497,2.04
3397,606410.097818,0.67157,-0.62117,-0.40391,1.52
3398,606410.106518,0.66138,-0.62362,-0.41674,2.3
3399,606410.10975,0.67084,-0.62396,-0.4008,1.49
3400,606410.113059,0.66269,-0.62236,-0.41656,2.38
3401,606410.11844,0.67137,-0.62278,-0.40176,1.04
3402,606410.121434,0.66365,-0.62265,-0.41458,2.23
3403,606410.129759,0.66618,-0.62971,-0.39959,0.96
3404,606410.138451,0.66621,-0.62959,-0.39972,0.59
3405,606410.143308,0.66837,-0.61879,-0.41278,2.38
3406,606410.145923,0.66359,-0.63239,-0.39966,0.27
3407,606410.150213,0.66923,-0.61812,-0.41239,2.51
3408,606410.157927,0.66106,-0.63372,-0.40175,0.29
3409,606410.16155,0.6695,-0.61833,-0.41162,2.33
3410,606410.167344,0.66,-0.63254,-0.40532,0.68
3411,606410.169702,0.67111,-0.61809,-0.40936,2.42
3412,606410.174159,0.66083,-0.63033,-0.40742,1.13
3413,606410.181899,0.66929,-0.61943,-0.41031,1.93
3414,606410.185662,0.65967,-0.62921,-0.41101,1.38
3415,606410.189869,0.67124,-0.61918,-0.40751,1.97
3416,606410.194214,0.66009,-0.62689,-0.41388,1.87
3417,606410.197919,0.67177,-0.61989,-0.40554,1.76
3418,606410.206004,0.66183,-0.6249,-0.41412,2.3
3419,606410.209191,0.67128,-0.62177,-0.40346,1.7
3420,606410.213149,0.66118,-0.62486,-0.4152,1.94
3421,606410.230733,0.67038,-0.62358,-0.40217,1.0
3422,606410.234045,0.66691,-0.61806,-0.4162,2.62
3423,606410.237774,0.66868,-0.62645,-0.40053,0.77
3424,606410.241831,0.66755,-0.61803,-0.41523,2.33
3425,606410.24625,0.66573,-0.62916,-0.4012,0.42
3426,606410.250089,0.66853,-0.61736,-0.41464,2.4
3427,606410.258335,0.66627,-0.62613,-0.40503,0.49
3428,606410.262409,0.6695,-0.61585,-0.41533,2.31
3429,606410.265724,0.66492,-0.62584,-0.40768,1.08
3430,606410.270506,0.66912,-0.61631,-0.41527,2.43
3431,606410.273828,0.66437,-0.62687,-0.407,1.39
3432,606410.283241,0.67159,-0.6146,-0.41381,2.29
3433,606410.285737,0.66212,-0.62551,-0.41272,1.74
3434,606410.289171,0.67056,-0.6171,-0.41174,2.07
3435,606410.293906,0.65978,-0.62795,-0.41275,1.77
3436,606410.297999,0.67096,-0.61929,-0.4078,1.84
3437,606410.314455,0.66082,-0.62431,-0.41661,2.16
3438,606410.317718,0.67159,-0.61835,-0.40818,1.14
3439,606410.322777,0.66238,-0.62009,-0.4204,2.45
3440,606410.325991,0.6707,-0.62179,-0.4044,1.15
3441,606410.33347,0.66183,-0.62031,-0.42095,2.37
3442,606410.337875,0.67176,-0.61976,-0.40575,0.88
3443,606410.341304,0.66525,-0.61816,-0.41871,2.51
3444,606410.346538,0.66937,-0.62326,-0.40434,0.54
3445,606410.350539,0.66642,-0.61789,-0.41725,2.47
3446,606410.358457,0.6616,-0.63328,-0.40156,0.79
3447,606410.360971,0.667,-0.61917,-0.41441,2.44
3448,606410.36495,0.66097,-0.63319,-0.40273,0.18
3449,606410.370239,0.66967,-0.61546,-0.41564,2.69
3450,606410.373953,0.65855,-0.63316,-0.40672,0.42
3451,606410.378374,0.66591,-0.62009,-0.41479,2.04
3452,606410.386247,0.65429,-0.63476,-0.41108,0.68
3453,606410.397947,0.65901,-0.62585,-0.41716,0.84
3454,606410.402368,0.66365,-0.63023,-0.40296,2.36
3455,606410.411195,0.66868,-0.62115,-0.40871,1.81
3456,606410.413486,0.65703,-0.62726,-0.41815,2.09
3457,606410.417286,0.66922,-0.62237,-0.40595,1.75
3458,606410.423506,0.65771,-0.62558,-0.41961,2.42
3459,606410.425883,0.6688,-0.62134,-0.40822,1.29
3460,606410.433541,0.65874,-0.62441,-0.41974,2.38
3461,606410.437775,0.66611,-0.62745,-0.40324,1.46
3462,606410.441071,0.65972,-0.62391,-0.41893,2.44
3463,606410.446246,0.66332,-0.62959,-0.40451,1.1
3464,606410.449479,0.6629,-0.62198,-0.41678,2.48
3465,606410.454441,0.6623,-0.62911,-0.40691,0.23
3466,606410.461642,0.66179,-0.6218,-0.41881,1.95
3467,606410.465698,0.65856,-0.63677,-0.40103,0.48
3468,606410.469373,0.66451,-0.62182,-0.41445,2.51
3469,606410.487344,0.65888,-0.63225,-0.4076,0.95
3470,606410.4893,0.66839,-0.61997,-0.41095,2.42
3471,606410.493801,0.65773,-0.63296,-0.40836,1.37
3472,606410.498488,0.66887,-0.62,-0.41015,2.23
3473,606410.501949,0.65622,-0.63324,-0.41033,1.37
3474,606410.506557,0.66859,-0.62177,-0.40791,1.93
3475,606410.513805,0.65638,-0.63146,-0.41282,1.79
3476,606410.51723,0.6703,-0.62019,-0.4075,1.87
3477,606410.523177,0.65619,-0.63044,-0.41468,1.79
3478,606410.52631,0.67143,-0.62151,-0.40362,1.59
3479,606410.530462,0.65821,-0.62707,-0.41659,1.93
3480,606410.537972,0.66928,-0.62355,-0.40404,1.41
3481,606410.541191,0.6616,-0.62213,-0.41862,2.3
3482,606410.545005,0.66932,-0.62454,-0.40245,0.77
3483,606410.549882,0.66369,-0.61934,-0.41944,2.36
3484,606410.553689,0.66871,-0.62526,-0.40234,0.72
3485,606410.570358,0.66027,-0.62843,-0.41124,1.79
3486,606410.57322,0.67354,-0.61923,-0.40361,1.8
3487,606410.577234,0.65861,-0.62977,-0.41185,1.3
3488,606410.582124,0.67244,-0.62018,-0.40397,1.99
3489,606410.590709,0.66803,-0.61799,-0.41452,2.22
3490,606410.593901,0.65923,-0.63249,-0.40666,0.66
3491,606410.599628,0.66999,-0.61722,-0.41251,2.23
3492,606410.601455,0.65516,-0.63471,-0.40977,0.99
3493,606410.606269,0.66986,-0.61586,-0.41473,2.12
3494,606410.613571,0.6548,-0.63361,-0.41203,1.15
3495,606410.617774,0.66882,-0.61865,-0.41225,1.89
3496,606410.621078,0.65683,-0.62898,-0.41588,1.87
3497,606410.627192,0.67087,-0.61925,-0.408,1.98
3498,606410.629481,0.65616,-0.62689,-0.42008,2.03
3499,606410.637941,0.66949,-0.62029,-0.40868,1.63
3500,606410.641648,0.65468,-0.62858,-0.41986,1.78
3501,606410.651151,0.6597,-0.62481,-0.41762,2.19
3502,606410.654926,0.6654,-0.62748,-0.40437,1.17
3503,606410.657053,0.65965,-0.62547,-0.41671,2.09
3504,606410.666828,0.66255,-0.63136,-0.403,0.97
3505,606410.669233,0.66235,-0.62339,-0.41555,2.13
3506,606410.674617,0.66277,-0.63377,-0.39884,0.38
3507,606410.677451,0.666,-0.62074,-0.41367,2.4
3508,606410.683086,0.66014,-0.63571,-0.4001,0.31
3509,606410.689953,0.66219,-0.62333,-0.41589,1.81
3510,606410.693782,0.65791,-0.63648,-0.40254,0.05
3511,606410.697254,0.66464,-0.62304,-0.41239,1.98
3512,606410.701776,0.65427,-0.63736,-0.40707,0.34
3513,606410.705156,0.6664,-0.62271,-0.41005,2.03
3514,606410.71419,0.65491,-0.63523,-0.40936,0.91
3515,606410.717464,0.66862,-0.62127,-0.40862,2.0
3516,606410.721335,0.65543,-0.63498,-0.40891,1.1
3517,606410.733841,0.66899,-0.6225,-0.40614,1.62
3518,606410.742535,0.65959,-0.62929,-0.41102,1.86
3519,606410.746143,0.66919,-0.62525,-0.40155,1.64
3520,606410.749291,0.65776,-0.62866,-0.4149,1.78
3521,606410.754943,0.66758,-0.62812,-0.39975,1.63
3522,606410.75744,0.66162,-0.62451,-0.41502,2.11
3523,606410.765624,0.66875,-0.62737,-0.39899,1.12
3524,606410.769316,0.66302,-0.62171,-0.41699,2.28
3525,606410.773135,0.66703,-0.6301,-0.39755,0.96
3526,606410.778633,0.66707,-0.62123,-0.41119,2.16
3527,606410.781779,0.66199,-0.63483,-0.39845,0.83
3528,606410.789618,0.66894,-0.62102,-0.40848,2.27
3529,606410.793739,0.66497,-0.63185,-0.39821,0.14
3530,606410.797182,0.67113,-0.61923,-0.4076,2.55
3531,606410.802698,0.66399,-0.6293,-0.40386,0.81
3532,606410.805957,0.67084,-0.61961,-0.40751,2.19
3533,606410.809854,0.66168,-0.63004,-0.40647,1.35
3534,606410.826697,0.66926,-0.61441,-0.41784,0.6
3535,606410.829257,0.67177,-0.62428,-0.39876,2.75
3536,606410.833117,0.66961,-0.61664,-0.41398,0.54
3537,606410.843538,0.66646,-0.62171,-0.41148,2.2
3538,606410.845334,0.67808,-0.61321,-0.40519,1.58
3539,606410.84992,0.66756,-0.61915,-0.41354,2.17
3540,606410.854964,0.67781,-0.61547,-0.40221,1.44
3541,606410.858348,0.66862,-0.61472,-0.41841,2.54
3542,606410.865546,0.67707,-0.61409,-0.40556,0.83
3543,606410.86966,0.67,-0.61504,-0.41573,2.33
3544,606410.873664,0.6755,-0.61761,-0.40281,0.96
3545,606410.879597,0.66926,-0.61296,-0.41997,2.15
3546,606410.881156,0.66906,-0.62291,-0.40539,0.78
3547,606410.886967,0.67195,-0.61309,-0.41546,2.23
3548,606410.893784,0.66751,-0.62394,-0.40636,0.27
3549,606410.897288,0.67233,-0.61028,-0.41896,2.29
3550,606410.911608,0.66541,-0.62253,-0.41193,0.71
3551,606410.917957,0.67243,-0.6105,-0.41849,2.23
3552,606410.921643,0.66289,-0.62526,-0.41185,0.7
3553,606410.925159,0.67046,-0.61467,-0.41554,2.08
3554,606410.932089,0.66238,-0.62261,-0.41666,1.85
3555,606410.933645,0.67261,-0.61273,-0.41492,2.08
3556,606410.942347,0.66078,-0.62566,-0.41464,1.5
3557,606410.946464,0.67124,-0.61588,-0.41246,2.06
3558,606410.948946,0.66037,-0.62191,-0.42087,1.98
3559,606410.953928,0.67209,-0.61607,-0.41079,1.66
3560,606410.95709,0.66093,-0.62204,-0.4198,2.32
3561,606410.961131,0.66958,-0.62056,-0.40812,1.5
3562,606410.970325,0.66146,-0.61999,-0.422,2.32
3563,606410.973778,0.66806,-0.62429,-0.40491,1.23
3564,606410.976975,0.66272,-0.61962,-0.42057,2.34
3565,606410.982746,0.66714,-0.62547,-0.40462,0.61
3566,606410.994554,0.66503,-0.6294,-0.40199,0.75
3567,606410.999321,0.66588,-0.62176,-0.41233,2.17
3568,606411.001268,0.66053,-0.63204,-0.40525,0.2
3569,606411.007,0.6655,-0.61933,-0.41658,2.17
3570,606411.010228,0.66094,-0.63029,-0.40729,0.43
3571,606411.013952,0.66807,-0.61612,-0.41723,2.46
3572,606411.021978,0.65808,-0.63277,-0.40809,0.59
3573,606411.02531,0.66827,-0.61841,-0.41351,2.28
3574,606411.030144,0.65821,-0.63183,-0.40932,0.77
3575,606411.034221,0.66889,-0.6194,-0.41101,2.23
3576,606411.03724,0.65764,-0.63104,-0.41145,1.4
3577,606411.045608,0.67265,-0.61689,-0.40865,2.22
3578,606411.049763,0.65808,-0.62971,-0.41279,1.65
3579,606411.053175,0.67069,-0.62049,-0.40641,1.92
3580,606411.058459,0.65999,-0.62339,-0.41928,2.31
3581,606411.062228,0.66987,-0.62261,-0.40452,1.73
3582,606411.070743,0.66035,-0.62538,-0.41574,2.24
3583,606411.083242,0.67339,-0.61643,-0.40811,0.85
3584,606411.086238,0.65978,-0.63093,-0.40818,1.96
3585,606411.09049,0.67576,-0.61558,-0.40548,1.38
3586,606411.097629,0.66521,-0.62486,-0.40871,1.98
3587,606411.101039,0.67695,-0.6177,-0.40023,1.76
3588,606411.105865,0.66056,-0.63006,-0.40827,1.57
3589,606411.10942,0.67684,-0.61904,-0.39836,1.88
3590,606411.113471,0.66145,-0.62748,-0.41079,1.57
3591,606411.122228,0.67779,-0.61795,-0.39842,1.96
3592,606411.126114,0.67359,-0.61585,-0.40867,2.42
3593,606411.129564,0.66503,-0.62967,-0.40155,0.68
3594,606411.13458,0.67459,-0.61573,-0.40719,2.36
3595,606411.138212,0.66439,-0.62755,-0.40592,1.28
3596,606411.14646,0.67585,-0.61654,-0.40387,2.31
3597,606411.149571,0.66153,-0.62837,-0.4093,1.76
3598,606411.153366,0.67626,-0.61499,-0.40554,2.3
3599,606411.167791,0.66544,-0.62,-0.41568,2.38
3600,606411.173527,0.67686,-0.61556,-0.40367,1.42
3601,606411.178671,0.66759,-0.61736,-0.41616,2.49
3602,606411.181357,0.67498,-0.61884,-0.40178,1.06
3603,606411.186744,0.66906,-0.61651,-0.41506,2.76
3604,606411.190136,0.67455,-0.61762,-0.40439,0.92
3605,606411.197819,0.66908,-0.61691,-0.41442,2.36
3606,606411.201883,0.67304,-0.6206,-0.40233,0.55
3607,606411.20542,0.6743,-0.61231,-0.41278,2.67
3608,606411.209897,0.6709,-0.62223,-0.40338,0.52
3609,606411.213507,0.67281,-0.6118,-0.41597,2.21
3610,606411.221878,0.66932,-0.62439,-0.40266,0.66
3611,606411.2262,0.67513,-0.61152,-0.41259,2.48
3612,606411.229416,0.66724,-0.62595,-0.40371,0.39
3613,606411.234748,0.67338,-0.61364,-0.41232,2.25
3614,606411.238605,0.6662,-0.62274,-0.41034,1.37
3615,606411.254594,0.66865,-0.61363,-0.41996,0.8
3616,606411.257317,0.67095,-0.62275,-0.40249,2.85
3617,606411.262302,0.66844,-0.6147,-0.41873,0.67
3618,606411.265823,0.6698,-0.62169,-0.40604,2.67
3619,606411.274231,0.6696,-0.61367,-0.41839,0.55
3620,606411.277472,0.66489,-0.61739,-0.42042,2.23
3621,606411.281705,0.67628,-0.61161,-0.41059,1.6
3622,606411.28711,0.66381,-0.61882,-0.42002,2.01
3623,606411.289566,0.67228,-0.61869,-0.40652,1.38
3624,606411.298415,0.66744,-0.6137,-0.42178,2.67
3625,606411.301703,0.66988,-0.61898,-0.41003,0.77
3626,606411.304985,0.66642,-0.61501,-0.42148,2.28
3627,606411.311072,0.66791,-0.62132,-0.40969,0.05
3628,606411.313276,0.66795,-0.61271,-0.42241,2.28
3629,606411.317013,0.66571,-0.62692,-0.40473,0.98
3630,606411.326939,0.66672,-0.6174,-0.41751,2.26
3631,606411.337835,0.67127,-0.61985,-0.40642,2.27
3632,606411.341471,0.65617,-0.6248,-0.42315,1.36
3633,606411.351287,0.65612,-0.63201,-0.4124,0.81
3634,606411.353508,0.66964,-0.61678,-0.41372,2.14
3635,606411.357969,0.65554,-0.6309,-0.41502,1.12
3636,606411.362508,0.66954,-0.61765,-0.41258,2.04
3637,606411.366012,0.65436,-0.63112,-0.41653,1.4
3638,606411.374523,0.67052,-0.61802,-0.41044,1.87
3639,606411.377613,0.65536,-0.62999,-0.41668,1.24
3640,606411.381351,0.6688,-0.62176,-0.40759,1.81
3641,606411.386236,0.65877,-0.62545,-0.41813,1.95
3642,606411.389121,0.67086,-0.61966,-0.4074,1.2
3643,606411.393768,0.66061,-0.62505,-0.41583,1.93
3644,606411.402113,0.66857,-0.62347,-0.40533,0.98
3645,606411.404816,0.66463,-0.61911,-0.41829,2.52
3646,606411.410722,0.66587,-0.6271,-0.40419,0.78
3647,606411.417491,0.67223,-0.61889,-0.4063,1.26
3648,606411.427099,0.65656,-0.63012,-0.41459,2.0
3649,606411.429735,0.67316,-0.6204,-0.40244,1.26
3650,606411.438932,0.66194,-0.63132,-0.40407,0.21
3651,606411.441667,0.67023,-0.61738,-0.41186,2.5
3652,606411.450444,0.6603,-0.63201,-0.40567,0.57
3653,606411.453791,0.67076,-0.6174,-0.41097,2.22
3654,606411.457503,0.65867,-0.63195,-0.4084,1.09
3655,606411.462746,0.6716,-0.61751,-0.40944,1.94
3656,606411.466067,0.65964,-0.62859,-0.412,1.68
3657,606411.469506,0.67077,-0.62095,-0.40556,1.81
3658,606411.477966,0.65804,-0.62934,-0.41341,1.63
3659,606411.481813,0.67086,-0.62129,-0.40491,1.76
3660,606411.485324,0.66248,-0.62468,-0.41338,2.02
3661,606411.490185,0.67188,-0.62132,-0.40316,1.51
3662,606411.493463,0.66198,-0.62378,-0.41555,2.13
3663,606411.510317,0.67223,-0.6167,-0.40961,0.81
3664,606411.513913,0.66075,-0.629,-0.4096,2.16
3665,606411.518261,0.67506,-0.61538,-0.40694,0.99
3666,606411.521811,0.66146,-0.62799,-0.41,1.56
3667,606411.530322,0.67457,-0.61893,-0.40235,1.26
3668,606411.533223,0.6584,-0.62949,-0.41262,1.65
3669,606411.539457,0.67775,-0.61544,-0.40235,1.64
3670,606411.541995,0.66025,-0.62843,-0.41127,1.38
3671,606411.54554,0.67359,-0.6189,-0.40404,1.87
3672,606411.553694,0.66194,-0.62241,-0.41767,1.15
3673,606411.557395,0.66337,-0.62761,-0.4075,0.65
3674,606411.561536,0.6726,-0.61414,-0.41284,2.11
3675,606411.566018,0.66358,-0.6247,-0.41159,1.59
3676,606411.569164,0.67449,-0.61407,-0.40985,2.19
3677,606411.577875,0.66316,-0.62355,-0.41401,1.83
3678,606411.582401,0.67466,-0.6145,-0.40892,1.86
3679,606411.591443,0.67413,-0.61656,-0.40671,1.82
3680,606411.595866,0.66307,-0.6218,-0.41678,1.85
3681,606411.597361,0.6742,-0.61588,-0.40761,1.19
3682,606411.606253,0.66648,-0.61592,-0.42005,2.45
3683,606411.609188,0.67386,-0.61725,-0.40608,0.89
3684,606411.614725,0.6678,-0.61494,-0.41939,2.56
3685,606411.617836,0.67241,-0.61747,-0.40816,0.5
3686,606411.621338,0.66757,-0.61407,-0.42103,2.54
3687,606411.629524,0.67079,-0.62114,-0.40524,0.44
3688,606411.6336,0.67028,-0.6144,-0.41622,2.31
3689,606411.63717,0.66797,-0.62383,-0.40578,0.08
3690,606411.642708,0.66964,-0.61438,-0.41727,2.38
3691,606411.645859,0.66326,-0.62655,-0.4093,0.32
3692,606411.654293,0.67115,-0.6145,-0.41467,2.44
3693,606411.657746,0.66124,-0.62922,-0.40847,0.42
3694,606411.661449,0.67113,-0.61406,-0.41534,2.23
3695,606411.675574,0.66002,-0.62695,-0.4139,1.62
3696,606411.681419,0.6722,-0.61438,-0.41314,1.86
3697,606411.686668,0.65892,-0.62546,-0.41788,1.81
3698,606411.689322,0.67028,-0.61866,-0.40986,1.61
3699,606411.69406,0.65861,-0.62661,-0.41664,1.92
3700,606411.698773,0.67099,-0.61891,-0.40831,1.41
3701,606411.705423,0.65835,-0.62735,-0.41594,1.75
3702,606411.710335,0.67055,-0.62068,-0.40634,1.27
3703,606411.712896,0.66329,-0.62017,-0.41886,2.43
3704,606411.71756,0.66869,-0.62472,-0.4032,1.17
3705,606411.721053,0.66474,-0.61824,-0.4194,2.52
3706,606411.729427,0.66901,-0.62268,-0.40583,0.41
3707,606411.733487,0.66433,-0.61999,-0.41746,2.27
3708,606411.736899,0.66504,-0.62828,-0.40372,0.37
3709,606411.743791,0.66602,-0.61888,-0.41642,2.02
3710,606411.746102,0.66434,-0.6294,-0.40313,0.14
3711,606411.762651,0.65916,-0.62632,-0.4162,1.04
3712,606411.76534,0.6706,-0.62308,-0.40258,2.11
3713,606411.770253,0.66055,-0.62412,-0.4173,0.88
3714,606411.773403,0.66882,-0.62353,-0.40483,2.1
3715,606411.782158,0.66317,-0.62069,-0.41827,0.48
3716,606411.786391,0.65936,-0.62879,-0.41216,1.56
3717,606411.789044,0.67272,-0.6161,-0.40972,1.56
3718,606411.794179,0.6613,-0.62604,-0.41322,2.0
3719,606411.798674,0.67241,-0.61905,-0.40576,1.53
3720,606411.80609,0.66347,-0.62025,-0.41845,2.47
3721,606411.809851,0.6741,-0.61846,-0.40386,1.56
3722,606411.813408,0.66475,-0.61981,-0.41705,2.22
3723,606411.818046,0.6743,-0.62001,-0.40113,1.28
3724,606411.82194,0.66771,-0.61677,-0.41684,2.43
3725,606411.825003,0.67438,-0.61982,-0.40128,0.72
3726,606411.834264,0.66833,-0.61581,-0.41727,2.25
3727,606411.846284,0.67865,-0.61319,-0.40426,1.48
3728,606411.850251,0.66455,-0.62318,-0.41234,1.35
3729,606411.858263,0.67665,-0.61518,-0.40459,1.74
3730,606411.861918,0.67292,-0.6112,-0.41667,2.32
3731,606411.865107,0.66907,-0.62224,-0.4064,0.9
3732,606411.870833,0.67373,-0.61209,-0.41405,2.26
3733,606411.873599,0.66709,-0.62221,-0.40969,1.55
3734,606411.881525,0.67407,-0.6107,-0.41554,2.14
3735,606411.885649,0.66531,-0.62158,-0.41354,1.76
3736,606411.889121,0.67446,-0.6123,-0.41254,2.06
3737,606411.894597,0.66361,-0.62248,-0.4149,2.02
3738,606411.897204,0.67479,-0.61239,-0.41188,1.9
3739,606411.901796,0.66432,-0.62096,-0.41603,2.16
3740,606411.909751,0.67329,-0.61566,-0.40945,1.65
3741,606411.913755,0.66389,-0.61779,-0.4214,2.32
3742,606411.917356,0.67481,-0.61535,-0.4074,1.5
3743,606411.935406,0.66702,-0.61197,-0.42495,2.73
3744,606411.93772,0.67212,-0.61832,-0.40735,0.78
3745,606411.941741,0.66812,-0.61341,-0.42113,2.74
3746,606411.947715,0.66948,-0.62283,-0.40481,0.46
3747,606411.949747,0.66932,-0.61309,-0.41967,2.59
3748,606411.957449,0.66624,-0.62643,-0.40461,0.56
3749,606411.962432,0.66758,-0.61559,-0.4188,2.32
3750,606411.964841,0.6643,-0.62417,-0.41124,0.7
3751,606411.970614,0.67028,-0.61346,-0.4176,2.5
3752,606411.973447,0.65983,-0.63038,-0.40896,0.34
3753,606411.978368,0.66889,-0.6157,-0.41653,2.26
3754,606411.986613,0.65725,-0.63143,-0.41148,0.66
3755,606411.989583,0.6707,-0.61365,-0.41664,2.23
3756,606411.992998,0.65786,-0.62917,-0.41396,1.15
3757,606411.999182,0.66918,-0.61612,-0.41546,2.02
3758,606412.001062,0.65607,-0.62821,-0.41825,1.44
3759,606412.009554,0.66866,-0.61956,-0.41115,2.03
3760,606412.017799,0.66354,-0.61956,-0.41936,0.31
3761,606412.023369,0.66034,-0.62999,-0.40873,2.66
3762,606412.025599,0.66829,-0.61406,-0.41989,0.8
3763,606412.029567,0.65885,-0.63083,-0.40985,2.31
3764,606412.037364,0.6685,-0.61607,-0.41661,0.88
3765,606412.041595,0.65979,-0.63027,-0.4092,2.57
3766,606412.046107,0.67067,-0.61761,-0.41081,1.03
3767,606412.049784,0.65667,-0.63168,-0.41202,1.95
3768,606412.053543,0.6701,-0.62044,-0.40746,1.23
3769,606412.061564,0.65841,-0.62955,-0.41252,1.91
3770,606412.065364,0.66085,-0.63382,-0.40193,0.26
3771,606412.069558,0.66551,-0.62162,-0.41314,2.2
3772,606412.074816,0.65839,-0.63515,-0.40386,0.34
3773,606412.076948,0.66731,-0.61955,-0.41335,2.32
3774,606412.0866,0.65713,-0.63496,-0.40621,0.63
3775,606412.089387,0.6685,-0.6193,-0.41179,2.17
3776,606412.093651,0.65662,-0.63387,-0.40874,0.81
3777,606412.107027,0.67062,-0.62116,-0.4055,1.94
3778,606412.113267,0.65753,-0.63045,-0.41255,1.56
3779,606412.117154,0.67188,-0.61912,-0.40653,1.8
3780,606412.12238,0.65877,-0.6292,-0.41248,1.49
3781,606412.125499,0.67059,-0.62266,-0.40324,1.63
3782,606412.130472,0.6604,-0.62549,-0.41549,2.05
3783,606412.138084,0.66994,-0.62392,-0.40237,1.33
3784,606412.142397,0.66195,-0.62307,-0.41666,2.11
3785,606412.145013,0.67093,-0.62353,-0.40132,0.95
3786,606412.15073,0.66557,-0.61864,-0.41749,2.54
3787,606412.153105,0.67004,-0.62394,-0.40217,0.57
3788,606412.162245,0.66667,-0.61967,-0.4142,2.19
3789,606412.166252,0.66746,-0.62651,-0.40248,0.12
3790,606412.169563,0.66906,-0.61802,-0.41281,2.32
3791,606412.175154,0.66578,-0.62781,-0.40323,0.4
3792,606412.177542,0.67046,-0.6167,-0.41251,2.32
3793,606412.194559,0.67392,-0.62108,-0.40012,2.18
3794,606412.19772,0.66188,-0.62221,-0.41805,0.81
3795,606412.202114,0.67037,-0.62425,-0.40115,2.28
3796,606412.205754,0.66495,-0.61849,-0.4187,0.81
3797,606412.214326,0.66916,-0.62466,-0.40253,2.31
3798,606412.217635,0.67334,-0.61716,-0.40709,1.97
3799,606412.221692,0.66145,-0.62531,-0.41408,2.02
3800,606412.227237,0.67321,-0.61827,-0.40563,1.81
3801,606412.229596,0.6619,-0.62578,-0.41265,1.59
3802,606412.238237,0.67034,-0.62299,-0.40315,1.71
3803,606412.242231,0.66364,-0.61971,-0.41897,2.17
3804,606412.245091,0.67245,-0.61913,-0.40558,1.41
3805,606412.250537,0.66506,-0.61928,-0.41736,2.25
3806,606412.253057,0.66923,-0.62523,-0.40153,1.51
3807,606412.257768,0.66665,-0.61549,-0.42041,2.37
3808,606412.266101,0.67039,-0.62219,-0.40429,0.69
3809,606412.278644,0.66916,-0.61338,-0.41951,1.97
3810,606412.282049,0.6766,-0.61542,-0.40432,1.58
3811,606412.290825,0.66948,-0.61686,-0.41386,2.09
3812,606412.293583,0.6644,-0.62668,-0.40724,0.55
3813,606412.29771,0.67398,-0.61229,-0.41335,2.44
3814,606412.302158,0.66243,-0.6269,-0.41009,0.91
3815,606412.305872,0.67243,-0.61397,-0.41337,2.11
3816,606412.314742,0.66212,-0.62495,-0.41357,1.53
3817,606412.317387,0.67338,-0.61434,-0.41128,2.23
3818,606412.32135,0.66116,-0.62487,-0.41523,1.58
3819,606412.325804,0.67405,-0.61556,-0.40834,2.02
3820,606412.329697,0.66132,-0.62288,-0.41794,1.96
3821,606412.334478,0.6726,-0.61719,-0.40827,1.9
3822,606412.342014,0.66235,-0.62115,-0.41889,2.07
3823,606412.346544,0.6715,-0.6194,-0.40673,1.58
3824,606412.349236,0.66386,-0.61767,-0.42164,2.34
3825,606412.35767,0.66484,-0.61687,-0.42126,2.29
3826,606412.366729,0.66946,-0.62105,-0.40758,0.88
3827,606412.369667,0.66463,-0.61676,-0.42176,2.28
3828,606412.373926,0.66495,-0.62661,-0.40646,0.86
3829,606412.379137,0.66691,-0.61501,-0.42069,2.23
3830,606412.381771,0.66554,-0.6259,-0.40658,0.22
3831,606412.390032,0.66762,-0.61622,-0.4178,2.23
3832,606412.393909,0.66064,-0.63082,-0.40696,0.47
3833,606412.397453,0.66848,-0.61478,-0.41855,2.3
3834,606412.402989,0.65991,-0.62867,-0.41145,0.78
3835,606412.405992,0.66723,-0.61559,-0.41934,2.11
3836,606412.409195,0.65831,-0.62837,-0.41447,0.93
3837,606412.418192,0.66928,-0.61612,-0.41528,2.05
3838,606412.421587,0.65722,-0.62712,-0.41807,1.75
3839,606412.425411,0.6703,-0.61525,-0.41493,2.02
3840,606412.429451,0.65551,-0.62786,-0.41965,1.51
3841,606412.433498,0.66891,-0.61827,-0.41268,1.97
3842,606412.445841,0.66882,-0.61947,-0.41102,1.49
3843,606412.45027,0.65847,-0.62512,-0.4191,2.07
3844,606412.45377,0.66761,-0.62305,-0.40756,1.41
3845,606412.459133,0.65959,-0.62202,-0.42194,2.37
3846,606412.461525,0.66556,-0.62619,-0.4061,1.01
3847,606412.469447,0.66048,-0.62273,-0.41949,2.29
3848,606412.473098,0.66653,-0.62601,-0.40478,0.65
3849,606412.478652,0.66196,-0.62204,-0.41819,2.52
3850,606412.482477,0.66219,-0.6321,-0.40244,0.74
3851,606412.485053,0.66431,-0.62245,-0.41382,2.33
3852,606412.493909,0.65919,-0.63524,-0.40242,0.31
3853,606412.498608,0.66428,-0.6224,-0.41394,2.28
3854,606412.501149,0.65794,-0.63548,-0.40408,0.29
3855,606412.507379,0.6659,-0.6219,-0.41209,2.15
3856,606412.509718,0.65615,-0.63612,-0.40598,0.51
3857,606412.518173,0.66843,-0.6204,-0.41024,2.31
3858,606412.521865,0.65431,-0.63581,-0.40942,1.01
3859,606412.529586,0.65365,-0.63487,-0.41193,1.33
3860,606412.535288,0.66933,-0.62027,-0.40898,1.97
3861,606412.537946,0.65457,-0.6327,-0.4138,1.26
3862,606412.545846,0.67049,-0.62074,-0.40635,1.96
3863,606412.549052,0.66053,-0.62502,-0.416,2.18
3864,606412.555651,0.67039,-0.62171,-0.40505,1.56
3865,606412.557711,0.65971,-0.62471,-0.41776,2.13
3866,606412.561866,0.66882,-0.62428,-0.40368,1.4
3867,606412.569643,0.66164,-0.62179,-0.41906,2.23
3868,606412.573906,0.67016,-0.62446,-0.40117,1.29
3869,606412.577488,0.66365,-0.62151,-0.41629,2.24
3870,606412.582737,0.66509,-0.63009,-0.40079,1.12
3871,606412.586529,0.6674,-0.61818,-0.41525,2.47
3872,606412.595052,0.66355,-0.63116,-0.40166,0.59
3873,606412.597333,0.66958,-0.6184,-0.41139,2.46
3874,606412.601396,0.66286,-0.63182,-0.40177,0.14
3875,606412.614666,0.66795,-0.6181,-0.41448,2.1
3876,606412.621184,0.65979,-0.63266,-0.40548,0.86
3877,606412.625736,0.66918,-0.6183,-0.4122,2.13
3878,606412.630252,0.65733,-0.63121,-0.41169,1.1
3879,606412.633622,0.67111,-0.61764,-0.41004,2.1
3880,606412.63826,0.65717,-0.62991,-0.41393,1.59
3881,606412.645662,0.67129,-0.61707,-0.4106,2.11
3882,606412.64948,0.65844,-0.62936,-0.41275,1.58
3883,606412.653446,0.67074,-0.62042,-0.40643,1.98
3884,606412.65789,0.65902,-0.62513,-0.41822,2.09
3885,606412.662649,0.66983,-0.62209,-0.40537,1.74
3886,606412.670552,0.65895,-0.62735,-0.415,1.83
3887,606412.673523,0.66834,-0.62378,-0.40524,1.35
3888,606412.676941,0.66287,-0.61877,-0.42159,2.55
3889,606412.683164,0.67025,-0.62228,-0.40439,0.89
3890,606412.685196,0.66487,-0.61977,-0.41693,2.46
3891,606412.689124,0.66732,-0.62681,-0.40224,0.65
3892,606412.706136,0.65974,-0.62903,-0.41119,1.46
3893,606412.70963,0.67161,-0.62195,-0.40265,1.56
3894,606412.714806,0.65893,-0.62779,-0.41435,1.32
3895,606412.722568,0.67286,-0.62081,-0.40232,2.05
3896,606412.725321,0.65885,-0.62615,-0.41696,1.08
3897,606412.72928,0.66924,-0.6251,-0.4017,2.11
3898,606412.733255,0.66142,-0.62245,-0.41843,0.65
3899,606412.737258,0.66804,-0.62708,-0.40062,2.26
3900,606412.745734,0.6725,-0.6174,-0.40812,2.18
3901,606412.74973,0.66326,-0.62443,-0.41252,2.33
3902,606412.753468,0.67276,-0.61787,-0.40698,2.0
3903,606412.757671,0.66183,-0.62542,-0.41331,2.03
3904,606412.761191,0.67277,-0.61922,-0.40491,1.73
3905,606412.765694,0.66116,-0.62586,-0.41373,2.04
3906,606412.773379,0.67299,-0.6189,-0.40503,1.48
3907,606412.77771,0.66283,-0.62357,-0.41451,2.02
3908,606412.786546,0.66478,-0.62136,-0.4147,2.47
3909,606412.790959,0.67066,-0.62344,-0.40192,0.76
3910,606412.798904,0.6673,-0.61926,-0.41381,2.35
3911,606412.80145,0.6673,-0.62934,-0.3983,0.66
3912,606412.805332,0.66962,-0.6185,-0.41117,2.52
3913,606412.810786,0.6663,-0.63003,-0.39887,0.3
3914,606412.813587,0.66869,-0.61934,-0.41143,2.27
3915,606412.822336,0.66576,-0.62946,-0.40068,0.29
3916,606412.825331,0.6726,-0.61531,-0.41111,2.56
3917,606412.829072,0.66306,-0.63188,-0.40136,0.35
3918,606412.83435,0.67238,-0.61648,-0.40971,2.41
3919,606412.837522,0.66262,-0.62861,-0.40717,1.46
3920,606412.841812,0.67436,-0.61593,-0.40728,2.41
3921,606412.849585,0.65927,-0.63133,-0.40839,1.14
3922,606412.853684,0.67418,-0.61759,-0.40505,2.14
3923,606412.857401,0.66119,-0.62408,-0.41636,2.24
3924,606412.874424,0.67364,-0.61923,-0.40345,2.02
3925,606412.877656,0.66267,-0.62104,-0.41854,2.45
3926,606412.881852,0.67392,-0.61937,-0.40275,1.44
3927,606412.88717,0.66495,-0.61905,-0.41786,2.6
3928,606412.889335,0.67139,-0.62246,-0.40222,1.1
3929,606412.898579,0.66549,-0.61851,-0.41781,2.55
3930,606412.902172,0.67056,-0.6231,-0.4026,0.54
3931,606412.905809,0.66791,-0.61902,-0.41317,2.61
3932,606412.911009,0.66838,-0.6271,-0.40001,0.36
3933,606412.913849,0.66831,-0.61773,-0.41444,2.38
3934,606412.918402,0.66486,-0.63053,-0.40048,0.21
3935,606412.926379,0.66945,-0.6174,-0.4131,2.36
3936,606412.929538,0.66284,-0.63215,-0.40128,0.42
3937,606412.93276,0.66932,-0.61764,-0.41296,2.32
3938,606412.938331,0.66067,-0.63026,-0.40777,0.67
3939,606412.941535,0.67262,-0.61665,-0.40905,2.46
3940,606412.950696,0.66228,-0.62755,-0.40935,1.51
3941,606412.96251,0.67391,-0.61518,-0.40914,2.29
3942,606412.96613,0.66839,-0.62567,-0.40224,2.83
3943,606412.970282,0.66864,-0.61516,-0.41773,0.69
3944,606412.979605,0.65944,-0.62602,-0.41623,1.75
3945,606412.981398,0.67354,-0.61786,-0.4057,1.76
3946,606412.987105,0.66386,-0.62115,-0.41649,2.51
3947,606412.98952,0.67279,-0.61994,-0.40378,1.37
3948,606412.99412,0.66326,-0.62106,-0.41758,2.36
3949,606413.002466,0.67167,-0.622,-0.40246,1.23
3950,606413.005449,0.66679,-0.61767,-0.41699,2.8
3951,606413.009305,0.6701,-0.62442,-0.40133,0.87
3952,606413.014264,0.66825,-0.61676,-0.416,2.6
3953,606413.018634,0.66542,-0.62841,-0.40289,0.57
3954,606413.026467,0.6687,-0.61763,-0.41397,2.66
3955,606413.028998,0.66177,-0.6311,-0.40469,0.51
3956,606413.033314,0.66826,-0.61806,-0.41404,2.26
3957,606413.045711,0.65685,-0.63491,-0.40673,0.42
3958,606413.054022,0.66879,-0.61842,-0.41265,2.12
3959,606413.05765,0.65767,-0.63107,-0.41137,1.25
3960,606413.062599,0.67039,-0.61748,-0.41144,2.22
3961,606413.066057,0.6548,-0.63127,-0.41561,1.44
3962,606413.069581,0.66915,-0.62108,-0.40804,1.95
3963,606413.077701,0.655,-0.63083,-0.41597,1.88
3964,606413.08128,0.66803,-0.62228,-0.40804,1.65
3965,606413.085081,0.65607,-0.63005,-0.41547,1.56
3966,606413.089866,0.66547,-0.62561,-0.40715,1.37
3967,606413.093131,0.6578,-0.62645,-0.41817,1.93
3968,606413.101841,0.66616,-0.62679,-0.40417,1.37
3969,606413.105526,0.65925,-0.6265,-0.4158,1.88
3970,606413.109403,0.66568,-0.62874,-0.40195,1.2
3971,606413.115053,0.66265,-0.62145,-0.41797,2.32
3972,606413.11742,0.66382,-0.62979,-0.40337,0.88
3973,606413.135109,0.66835,-0.61925,-0.41212,2.62
3974,606413.138055,0.66209,-0.63316,-0.40092,0.38
3975,606413.142515,0.66712,-0.62167,-0.41046,2.18
3976,606413.14541,0.66116,-0.63226,-0.40387,0.63
3977,606413.153475,0.66932,-0.61997,-0.40945,2.28
3978,606413.157472,0.6597,-0.6324,-0.40604,1.03
3979,606413.161305,0.67287,-0.61688,-0.40828,2.18
3980,606413.167773,0.66034,-0.63035,-0.40818,1.76
3981,606413.169757,0.67326,-0.61772,-0.40638,2.26
3982,606413.178574,0.66214,-0.62788,-0.40907,1.96
3983,606413.181701,0.67242,-0.61951,-0.40503,1.71
3984,606413.185455,0.66366,-0.62586,-0.40969,2.17
3985,606413.190009,0.67381,-0.61974,-0.40236,1.73
3986,606413.194329,0.6644,-0.62289,-0.41302,2.21
3987,606413.197829,0.67432,-0.62022,-0.40078,1.53
3988,606413.206147,0.66465,-0.62026,-0.41655,2.43
3989,606413.210228,0.67577,-0.61778,-0.40208,1.15
3990,606413.222574,0.6642,-0.62606,-0.40852,2.14
3991,606413.230055,0.67984,-0.61033,-0.4066,1.41
3992,606413.233862,0.67291,-0.61348,-0.41332,2.45
3993,606413.237131,0.66835,-0.62649,-0.40103,0.2
3994,606413.242565,0.67284,-0.61226,-0.41523,2.4
3995,606413.245602,0.66646,-0.62705,-0.40329,0.3
3996,606413.254005,0.67307,-0.61299,-0.41379,2.2
3997,606413.257765,0.66413,-0.62714,-0.40697,0.91
3998,606413.261245,0.675,-0.61067,-0.41407,2.33
3999,606413.265234,0.66533,-0.62452,-0.40904,0.98
4000,606413.27027,0.67401,-0.61254,-0.41293,1.94
4001,606413.274418,0.66333,-0.62249,-0.41534,1.75
4002,606413.281853,0.67411,-0.61368,-0.41106,1.95
4003,606413.285387,0.66279,-0.62356,-0.4146,1.66
4004,606413.289513,0.67426,-0.61329,-0.4114,1.54
4005,606413.30724,0.6655,-0.61723,-0.4197,2.36
4006,606413.309732,0.67308,-0.61592,-0.4094,1.09
4007,606413.313186,0.66495,-0.61634,-0.42186,2.26
4008,606413.318504,0.67336,-0.61518,-0.41005,0.68
4009,606413.321697,0.66688,-0.61497,-0.42082,2.44
4010,606413.330136,0.66965,-0.61925,-0.41,0.31
4011,606413.33402,0.66598,-0.61415,-0.42343,2.18
4012,606413.337375,0.66601,-0.62623,-0.40528,0.68
4013,606413.342447,0.6668,-0.61434,-0.42185,2.34
4014,606413.345096,0.66286,-0.62865,-0.40672,0.45
4015,606413.349173,0.66908,-0.61422,-0.4184,2.39
4016,606413.357877,0.66123,-0.62955,-0.40798,0.39
4017,606413.361152,0.6665,-0.61647,-0.41921,1.98
4018,606413.367927,0.65867,-0.62676,-0.41633,1.22
4019,606413.369842,0.66771,-0.61697,-0.41655,2.2
4020,606413.373817,0.65224,-0.63529,-0.4135,0.3
4021,606413.382101,0.66806,-0.61664,-0.41648,1.91
4022,606413.394401,0.65156,-0.634,-0.41654,0.88
4023,606413.397191,0.66984,-0.61871,-0.41051,1.66
4024,606413.406445,0.66056,-0.63052,-0.40756,2.33
4025,606413.409305,0.6666,-0.62501,-0.4062,1.51
4026,606413.413407,0.65733,-0.62699,-0.41809,1.88
4027,606413.41831,0.66667,-0.62646,-0.40386,1.17
4028,606413.421252,0.65875,-0.62432,-0.41984,2.07
4029,606413.425794,0.66357,-0.63,-0.40345,1.23
4030,606413.434215,0.66104,-0.6252,-0.41492,2.04
4031,606413.437883,0.66275,-0.63141,-0.4026,0.76
4032,606413.441612,0.66472,-0.62183,-0.41409,2.19
4033,606413.445729,0.66248,-0.63324,-0.40015,0.58
4034,606413.449764,0.66796,-0.61981,-0.4119,2.11
4035,606413.457721,0.6605,-0.63581,-0.39936,0.45
4036,606413.461436,0.66612,-0.61922,-0.41576,2.2
4037,606413.465081,0.66007,-0.63372,-0.40337,0.36
4038,606413.478602,0.67189,-0.61659,-0.41034,2.08
4039,606413.486599,0.66327,-0.62824,-0.40668,1.48
4040,606413.489486,0.67437,-0.61681,-0.40592,1.98
4041,606413.494935,0.66202,-0.62544,-0.41298,1.98
4042,606413.497639,0.67501,-0.61657,-0.40522,1.8
4043,606413.501665,0.66408,-0.62322,-0.41303,1.98
4044,606413.510245,0.67474,-0.61766,-0.40401,1.59
4045,606413.513855,0.66602,-0.62116,-0.413,2.23
4046,606413.517152,0.67615,-0.61628,-0.40376,1.21
4047,606413.522521,0.6672,-0.61792,-0.41595,2.18
4048,606413.526171,0.67504,-0.61896,-0.4015,0.91
4049,606413.534456,0.66907,-0.6151,-0.41713,2.25
4050,606413.537646,0.67586,-0.6181,-0.40145,0.73
4051,606413.541527,0.67281,-0.61319,-0.41391,2.21
4052,606413.546052,0.67339,-0.62076,-0.40151,0.34
4053,606413.549182,0.67266,-0.61455,-0.41215,2.05
4054,606413.554282,0.66944,-0.62421,-0.40276,0.51
4055,606413.566142,0.67745,-0.61704,-0.4004,1.49
4056,606413.570441,0.66427,-0.62148,-0.41534,1.19
4057,606413.573864,0.67724,-0.61638,-0.40177,1.58
4058,606413.578582,0.66549,-0.61948,-0.41636,1.02
4059,606413.586047,0.67269,-0.62129,-0.40185,1.66
4060,606413.589546,0.67583,-0.61156,-0.41139,1.94
4061,606413.592814,0.66691,-0.62252,-0.40951,1.31
4062,606413.598419,0.67713,-0.6115,-0.40934,1.91
4063,606413.601942,0.66543,-0.62189,-0.41286,1.76
4064,606413.610621,0.67768,-0.61088,-0.40936,1.82
4065,606413.613425,0.66599,-0.62151,-0.41254,1.54
4066,606413.617669,0.67747,-0.6142,-0.40472,1.71
4067,606413.62338,0.66775,-0.61812,-0.41478,2.2
4068,606413.625576,0.6783,-0.61316,-0.40489,1.59
4069,606413.62935,0.66843,-0.6158,-0.41712,2.0
4070,606413.638299,0.6776,-0.61462,-0.40385,1.07
4071,606413.64183,0.67039,-0.61153,-0.42025,2.29
4072,606413.649754,0.6727,-0.61232,-0.41537,2.17
4073,606413.655386,0.67392,-0.61887,-0.40353,0.49
4074,606413.662486,0.67497,-0.60852,-0.41726,2.18
4075,606413.665836,0.673,-0.61877,-0.40522,0.3
4076,606413.668903,0.67602,-0.60884,-0.41511,2.36
4077,606413.674107,0.66864,-0.62172,-0.4079,0.64
4078,606413.678351,0.67533,-0.60777,-0.41778,2.29
4079,606413.686266,0.66895,-0.61935,-0.41099,0.89
4080,606413.689435,0.67346,-0.61218,-0.41436,2.09
4081,606413.693494,0.66474,-0.62123,-0.41496,1.44
4082,606413.699289,0.67669,-0.60658,-0.41731,2.07
4083,606413.701678,0.66378,-0.62308,-0.41371,1.06
4084,606413.705783,0.67574,-0.61054,-0.41306,2.09
4085,606413.713832,0.66443,-0.61855,-0.41945,1.88
4086,606413.718175,0.67761,-0.60874,-0.41265,2.06
4087,606413.721179,0.66465,-0.61756,-0.42055,2.01
4088,606413.729142,0.66489,-0.62214,-0.41336,2.36
4089,606413.739653,0.67465,-0.60701,-0.41998,0.5
4090,606413.741205,0.66349,-0.62303,-0.41426,2.18
4091,606413.745774,0.67582,-0.60769,-0.4171,1.04
4092,606413.754166,0.67201,-0.61738,-0.40894,0.74
4093,606413.762818,0.66719,-0.61312,-0.42301,2.42
4094,606413.765421,0.66662,-0.62229,-0.41033,0.15
4095,606413.769636,0.66908,-0.61179,-0.42196,2.52
4096,606413.775927,0.66475,-0.62522,-0.40891,0.29
4097,606413.77801,0.66635,-0.61539,-0.42103,2.13
4098,606413.781946,0.65947,-0.62804,-0.41312,0.61
4099,606413.790162,0.66914,-0.61184,-0.42179,2.28
4100,606413.794274,0.66013,-0.62691,-0.41377,0.67
4101,606413.796692,0.66756,-0.61648,-0.41752,2.03
4102,606413.802132,0.6571,-0.62794,-0.41703,1.08
4103,606413.80561,0.67039,-0.61321,-0.41779,2.11
4104,606413.821941,0.66371,-0.62481,-0.41123,2.79
4105,606413.825681,0.66634,-0.61256,-0.42516,0.45
4106,606413.829892,0.66185,-0.62841,-0.40873,2.38
4107,606413.837549,0.66561,-0.61603,-0.42128,0.34
4108,606413.842329,0.65991,-0.62111,-0.42278,2.16
4109,606413.844885,0.67006,-0.61993,-0.4083,1.29
4110,606413.851112,0.66198,-0.61958,-0.42178,2.46
4111,606413.853273,0.66836,-0.62322,-0.40607,1.04
4112,606413.857503,0.66456,-0.61684,-0.42174,2.66
4113,606413.866574,0.66933,-0.62336,-0.40425,0.43
4114,606413.869257,0.66585,-0.618,-0.41799,2.36
4115,606413.874553,0.66424,-0.62905,-0.40382,0.27
4116,606413.878018,0.66684,-0.61942,-0.41431,2.33
4117,606413.881344,0.6618,-0.63235,-0.40269,0.29
4118,606413.890358,0.67076,-0.61458,-0.41518,2.46
4119,606413.894114,0.66034,-0.63303,-0.40401,0.39
4120,606413.902469,0.65956,-0.63123,-0.40808,0.64
4121,606413.907359,0.67119,-0.61655,-0.41155,2.15
4122,606413.914486,0.6604,-0.62904,-0.41011,1.2
4123,606413.917509,0.67129,-0.61675,-0.41108,1.97
4124,606413.92172,0.65867,-0.62965,-0.41194,1.27
4125,606413.927395,0.67162,-0.61811,-0.40849,1.62
4126,606413.929976,0.65969,-0.62255,-0.421,2.28
4127,606413.934239,0.67242,-0.61873,-0.40624,1.81
4128,606413.942733,0.66127,-0.62419,-0.41607,1.99
4129,606413.945595,0.67212,-0.61909,-0.40618,1.52
4130,606413.949129,0.66262,-0.62159,-0.41781,2.07
4131,606413.954551,0.67192,-0.62025,-0.40474,1.0
4132,606413.95756,0.66598,-0.61834,-0.41729,2.37
4133,606413.965496,0.67122,-0.62245,-0.40252,0.79
4134,606413.970055,0.66661,-0.6185,-0.41605,2.3
4135,606413.973634,0.67069,-0.6223,-0.40363,0.33
4136,606413.986968,0.67055,-0.61495,-0.41496,2.23
4137,606413.994172,0.66466,-0.62733,-0.4058,0.38
4138,606413.997823,0.67097,-0.61558,-0.41336,2.2
4139,606414.002106,0.66354,-0.62816,-0.40636,0.99
4140,606414.006077,0.67167,-0.61544,-0.41241,2.25
4141,606414.010025,0.66131,-0.62997,-0.4072,0.63
4142,606414.018223,0.67163,-0.61803,-0.40861,2.13
4143,606414.02187,0.66046,-0.62823,-0.41125,1.47
4144,606414.025659,0.67215,-0.61767,-0.40827,2.18
4145,606414.031366,0.65914,-0.62928,-0.41174,1.36
4146,606414.033176,0.67283,-0.619,-0.40514,2.04
4147,606414.041629,0.66109,-0.62415,-0.41641,1.8
4148,606414.046296,0.67348,-0.61894,-0.40416,1.7
4149,606414.049544,0.66366,-0.62056,-0.4177,2.11
4150,606414.054616,0.67352,-0.61894,-0.40408,1.5
4151,606414.057084,0.66407,-0.61943,-0.4187,2.36
4152,606414.062465,0.67279,-0.62054,-0.40284,1.42
4153,606414.073984,0.67381,-0.61322,-0.41223,1.14
4154,606414.079048,0.66129,-0.62709,-0.41166,2.04
4155,606414.081681,0.67575,-0.61512,-0.40619,1.35
4156,606414.085118,0.66146,-0.62844,-0.40931,1.76
4157,606414.094778,0.67522,-0.61802,-0.40266,1.78
4158,606414.097211,0.65828,-0.62979,-0.41235,1.66
4159,606414.100968,0.67334,-0.62045,-0.40207,1.8
4160,606414.106687,0.65912,-0.62746,-0.41456,1.31
4161,606414.109541,0.67039,-0.62506,-0.39984,2.04
4162,606414.118054,0.66119,-0.62423,-0.41612,1.11
4163,606414.122584,0.66073,-0.6312,-0.40623,0.75
4164,606414.125018,0.66869,-0.62079,-0.40923,2.07
4165,606414.130757,0.64763,-0.64038,-0.41291,1.1
4166,606414.133587,0.65329,-0.63483,-0.41255,2.08
4167,606414.138275,0.62876,-0.65638,-0.41693,1.36
4168,606414.145498,0.63808,-0.64878,-0.41466,2.24
4169,606414.149676,0.60715,-0.67119,-0.4253,1.84
4170,606414.158164,0.59061,-0.68713,-0.42311,1.97
4171,606414.162824,0.60403,-0.68142,-0.4133,2.28
4172,606414.169939,0.57775,-0.69948,-0.42063,2.1
4173,606414.173992,0.58779,-0.69536,-0.4135,1.81
4174,606414.177497,0.56617,-0.71009,-0.41859,1.78
4175,606414.182231,0.57303,-0.7148,-0.40086,1.48
4176,606414.186078,0.55466,-0.71963,-0.41771,2.31
4177,606414.193429,0.56103,-0.72557,-0.39849,1.45
4178,606414.197492,0.54674,-0.73,-0.4101,2.4
4179,606414.200973,0.54807,-0.74162,-0.3868,1.44
4180,606414.206097,0.53165,-0.74406,-0.40463,2.4
4181,606414.209535,0.5313,-0.75466,-0.38499,1.24
4182,606414.213632,0.52589,-0.75408,-0.39345,2.15
4183,606414.221764,0.52159,-0.76743,-0.37283,1.42
4184,606414.226064,0.51735,-0.76194,-0.3896,2.4
4185,606414.229231,0.51206,-0.77777,-0.36451,0.79
4186,606414.246716,0.50346,-0.7842,-0.36271,2.67
4187,606414.249729,0.48772,-0.80281,-0.34296,1.62
4188,606414.254149,0.49814,-0.79621,-0.34337,2.55
4189,606414.257974,0.47578,-0.81195,-0.33819,2.06
4190,606414.262048,0.49796,-0.80456,-0.32361,2.85
4191,606414.269707,0.47594,-0.8202,-0.31741,2.5
4192,606414.27358,0.49945,-0.81364,-0.29755,3.01
4193,606414.277289,0.47565,-0.82947,-0.29282,2.43
4194,606414.282583,0.4957,-0.82401,-0.27439,2.96
4195,606414.285647,0.47509,-0.83901,-0.26523,2.3
4196,606414.28896,0.49607,-0.83252,-0.24662,1.87
4197,606414.298204,0.48458,-0.84156,-0.23866,1.49
4198,606414.301511,0.49756,-0.83937,-0.21886,1.03
4199,606414.305549,0.49561,-0.84202,-0.213,1.77
4200,606414.310065,0.50387,-0.84162,-0.19441,0.44
4201,606414.313962,0.50316,-0.8423,-0.19327,1.97
4202,606414.32141,0.50555,-0.84599,-0.16947,0.26
4203,606414.330056,0.52254,-0.83827,-0.15575,1.13
4204,606414.335052,0.51954,-0.84015,-0.15563,0.23
4205,606414.338451,0.52048,-0.84287,-0.13665,1.78
4206,606414.346793,0.5238,-0.83976,-0.14294,0.46
4207,606414.349691,0.53829,-0.83325,-0.12624,0.65
4208,606414.353192,0.54297,-0.83168,-0.11614,1.3
4209,606414.358193,0.53039,-0.84057,-0.11012,1.83
4210,606414.361739,0.54917,-0.82868,-0.10814,1.44
4211,606414.366543,0.54978,-0.82937,-0.09939,0.54
4212,606414.373753,0.55667,-0.82595,-0.08904,0.71
4213,606414.378206,0.54299,-0.83452,-0.09348,1.7
4214,606414.380886,0.56334,-0.82119,-0.09112,0.87
4215,606414.386447,0.57135,-0.81619,-0.08592,1.43
4216,606414.38938,0.56763,-0.82058,-0.06663,0.55
4217,606414.397624,0.5743,-0.81466,-0.08065,1.19
4218,606414.401687,0.588,-0.80581,-0.07023,1.17
4219,606414.40513,0.59159,-0.80343,-0.06728,0.61
4220,606414.422558,0.61405,-0.78671,-0.06348,1.79
4221,606414.426162,0.6211,-0.78195,-0.05294,1.05
4222,606414.429022,0.61526,-0.78717,-0.04257,0.18
4223,606414.434832,0.62609,-0.77808,-0.05105,1.84
4224,606414.437307,0.64177,-0.76541,-0.04774,1.34
4225,606414.44151,0.6509,-0.75814,-0.03945,0.48
4226,606414.449796,0.64492,-0.76313,-0.04141,0.12
4227,606414.453759,0.65874,-0.75106,-0.04442,0.82
4228,606414.457595,0.66973,-0.74115,-0.04648,1.33
4229,606414.461935,0.67227,-0.7396,-0.03227,0.67
4230,606414.465607,0.66424,-0.74626,-0.04348,1.06
4231,606414.473382,0.68543,-0.72712,-0.03836,1.3
4232,606414.477593,0.69598,-0.71711,-0.03681,0.3
4233,606414.480989,0.69485,-0.71855,-0.02935,0.59
4234,606414.486719,0.69441,-0.71833,-0.04242,0.09
4235,606414.489771,0.70723,-0.70561,-0.044,0.98
4236,606414.493823,0.71635,-0.69655,-0.04072,0.18
4237,606414.506443,0.71068,-0.70242,-0.03941,0.68
4238,606414.51125,0.7203,-0.69209,-0.04666,0.64
4239,606414.513485,0.73539,-0.67497,-0.06008,0.58
4240,606414.51869,0.73199,-0.67926,-0.05292,0.74
4241,606414.526478,0.72716,-0.68466,-0.04976,0.55
4242,606414.529076,0.73851,-0.67056,-0.0704,0.78
4243,606414.534079,0.74839,-0.65821,-0.08171,0.73
4244,606414.538253,0.74871,-0.65971,-0.06499,0.42
4245,606414.541373,0.74447,-0.66366,-0.073,0.26
4246,606414.551115,0.75157,-0.65238,-0.09767,1.42
4247,606414.554263,0.76518,-0.63709,-0.09283,0.91
4248,606414.556905,0.75996,-0.64191,-0.10204,1.27
4249,606414.562548,0.77069,-0.62588,-0.11963,0.67
4250,606414.565,0.77042,-0.6217,-0.14123,0.78
4251,606414.570612,0.77393,-0.62069,-0.1256,0.35
4252,606414.578362,0.76498,-0.62807,-0.14261,1.58
4253,606414.580734,0.77176,-0.61827,-0.14874,0.23
4254,606414.595079,0.76668,-0.61374,-0.18848,1.63
4255,606414.602778,0.77044,-0.61143,-0.18047,0.9
4256,606414.60582,0.76834,-0.60673,-0.20377,1.36
4257,606414.609838,0.76956,-0.60931,-0.1911,1.11
4258,606414.614972,0.7656,-0.60257,-0.22531,1.69
4259,606414.617229,0.76577,-0.60852,-0.2081,1.09
4260,606414.625835,0.76339,-0.60341,-0.23051,2.15
4261,606414.629937,0.76089,-0.61202,-0.21557,1.16
4262,606414.633187,0.75156,-0.61179,-0.2467,1.15
4263,606414.638519,0.75794,-0.60515,-0.24356,0.57
4264,606414.641746,0.75273,-0.60826,-0.25183,1.44
4265,606414.649676,0.74828,-0.62019,-0.23545,1.44
4266,606414.653516,0.74115,-0.61984,-0.25785,1.21
4267,606414.657536,0.74066,-0.61762,-0.26453,0.69
4268,606414.662138,0.74221,-0.61626,-0.26335,1.02
4269,606414.665846,0.73248,-0.62727,-0.26457,0.47
4270,606414.669736,0.73198,-0.62251,-0.27691,0.66
4271,606414.681913,0.72966,-0.62299,-0.28191,1.19
4272,606414.686615,0.71391,-0.63982,-0.28454,1.02
4273,606414.689979,0.71506,-0.63331,-0.29599,1.01
4274,606414.694347,0.70856,-0.6359,-0.30588,1.3
4275,606414.701812,0.71335,-0.63552,-0.29537,1.44
4276,606414.705404,0.69388,-0.64632,-0.31748,1.34
4277,606414.709495,0.69552,-0.64359,-0.31944,1.45
4278,606414.714134,0.68411,-0.65189,-0.32716,1.44
4279,606414.717646,0.69361,-0.64627,-0.31819,1.92
4280,606414.721607,0.66674,-0.66412,-0.33823,1.4
4281,606414.730525,0.6714,-0.65929,-0.33847,1.72
4282,606414.733688,0.65866,-0.66936,-0.3437,1.08
4283,606414.737593,0.66121,-0.67326,-0.33094,1.86
4284,606414.74317,0.64132,-0.68185,-0.35182,1.58
4285,606414.745315,0.64308,-0.68122,-0.34985,0.86
4286,606414.754124,0.63962,-0.68328,-0.35216,1.33
4287,606414.757474,0.63524,-0.69403,-0.33881,0.71
4288,606414.76645,0.62263,-0.70085,-0.34805,0.74
4289,606414.770995,0.62382,-0.69401,-0.35944,2.23
4290,606414.778497,0.60942,-0.71379,-0.34512,0.52
4291,606414.781512,0.61688,-0.70219,-0.3555,2.35
4292,606414.78549,0.60219,-0.71956,-0.34584,0.95
4293,606414.790485,0.61178,-0.70962,-0.34951,2.4
4294,606414.793701,0.58737,-0.73253,-0.34409,1.91
4295,606414.797922,0.6014,-0.72023,-0.34581,2.5
4296,606414.805806,0.58422,-0.73478,-0.34465,1.81
4297,606414.810191,0.59579,-0.73008,-0.33469,2.47
4298,606414.813552,0.57116,-0.7411,-0.35292,2.61
4299,606414.818652,0.58964,-0.73811,-0.3279,2.91
4300,606414.822709,0.57033,-0.74429,-0.34751,3.04
4301,606414.830071,0.5834,-0.74686,-0.31913,2.5
4302,606414.833411,0.56553,-0.75299,-0.33642,2.93
4303,606414.837459,0.56377,-0.76721,-0.30585,2.65
4304,606414.854994,0.55536,-0.77297,-0.30676,2.43
4305,606414.857831,0.54876,-0.78699,-0.28198,0.81
4306,606414.861883,0.55396,-0.78065,-0.28935,2.35
4307,606414.866955,0.54696,-0.79188,-0.27158,1.23
4308,606414.869095,0.55237,-0.7856,-0.27878,3.14
4309,606414.873999,0.53672,-0.80345,-0.25769,1.64
4310,606414.882185,0.5556,-0.79069,-0.25714,2.38
4311,606414.885093,0.53836,-0.80352,-0.25403,1.73
4312,606414.88945,0.55871,-0.79142,-0.24798,2.54
4313,606414.893935,0.54659,-0.80066,-0.24534,2.62
4314,606414.898386,0.56568,-0.7916,-0.23102,2.06
4315,606414.906439,0.54459,-0.80462,-0.23667,2.79
4316,606414.909403,0.56665,-0.79397,-0.22028,2.38
4317,606414.91297,0.55115,-0.80459,-0.22105,2.1
4318,606414.919326,0.56898,-0.7976,-0.20023,2.11
4319,606414.921373,0.55426,-0.80361,-0.21682,1.95
4320,606414.938055,0.57837,-0.79324,-0.19041,0.12
4321,606414.941676,0.56057,-0.8103,-0.1708,2.55
4322,606414.945711,0.57765,-0.79617,-0.1801,0.75
4323,606414.950301,0.57782,-0.79808,-0.17084,1.37
4324,606414.957787,0.58149,-0.79743,-0.16116,1.68
4325,606414.961757,0.57942,-0.79849,-0.16335,2.16
4326,606414.965147,0.58557,-0.79739,-0.14586,0.51
4327,606414.970635,0.58773,-0.79463,-0.15209,1.66
4328,606414.97325,0.57849,-0.80463,-0.13387,0.64
4329,606414.98166,0.58989,-0.79528,-0.13984,1.59
4330,606414.985316,0.59986,-0.78909,-0.13235,0.74
4331,606414.989424,0.60227,-0.78816,-0.12677,1.11
4332,606414.995977,0.59505,-0.79531,-0.11576,1.15
4333,606414.998308,0.61427,-0.77988,-0.12022,2.05
4334,606415.001787,0.61271,-0.78316,-0.10608,0.75
4335,606415.01022,0.62013,-0.77741,-0.10525,1.05
4336,606415.018257,0.62889,-0.77104,-0.10001,1.46
4337,606415.023903,0.62647,-0.77375,-0.09407,0.69
4338,606415.025743,0.63394,-0.76895,-0.08272,0.81
4339,606415.033835,0.62073,-0.77806,-0.09655,1.93
4340,606415.037893,0.64912,-0.75496,-0.0931,1.51
4341,606415.041402,0.64081,-0.76265,-0.08785,0.83
4342,606415.046686,0.64714,-0.759,-0.07167,0.84
4343,606415.050186,0.64453,-0.75968,-0.08646,2.1
4344,606415.058162,0.65873,-0.74766,-0.0842,1.11
4345,606415.061873,0.65081,-0.75411,-0.08814,1.02
4346,606415.065302,0.65713,-0.75019,-0.07349,0.71
4347,606415.070087,0.66405,-0.74224,-0.09004,1.88
4348,606415.073512,0.67199,-0.73458,-0.0939,2.1
4349,606415.077577,0.66984,-0.73825,-0.07936,1.0
4350,606415.085583,0.66576,-0.74204,-0.07841,0.77
4351,606415.089286,0.68296,-0.72437,-0.09414,1.38
4352,606415.103513,0.67598,-0.73077,-0.09501,0.81
4353,606415.109574,0.69761,-0.70961,-0.0989,1.8
4354,606415.113364,0.69443,-0.71415,-0.08812,0.33
4355,606415.117427,0.69702,-0.71105,-0.0926,0.95
4356,606415.123149,0.68656,-0.71998,-0.10127,1.57
4357,606415.125446,0.70779,-0.69799,-0.10885,1.82
4358,606415.133797,0.70175,-0.70395,-0.10961,0.68
4359,606415.13741,0.70497,-0.70217,-0.09989,0.95
4360,606415.141289,0.69825,-0.70518,-0.12316,0.63
4361,606415.146436,0.71307,-0.69016,-0.12334,1.04
4362,606415.149785,0.70742,-0.69645,-0.12048,0.33
4363,606415.158388,0.70965,-0.69516,-0.11465,0.79
4364,606415.161423,0.70503,-0.69548,-0.13871,1.23
4365,606415.16575,0.71689,-0.68294,-0.14024,0.63
4366,606415.169234,0.71338,-0.68741,-0.13619,0.78
4367,606415.174277,0.71201,-0.69027,-0.1287,0.49
4368,606415.177475,0.70842,-0.68778,-0.15844,1.39
4369,606415.190465,0.71404,-0.68285,-0.15448,0.46
4370,606415.194439,0.70827,-0.68984,-0.14993,0.58
4371,606415.198604,0.71075,-0.68093,-0.17655,0.97
4372,606415.20193,0.71058,-0.68069,-0.17814,0.18
4373,606415.20991,0.71444,-0.67824,-0.17194,0.87
4374,606415.214011,0.70098,-0.69123,-0.17561,1.37
4375,606415.217455,0.70957,-0.67645,-0.19728,0.63
4376,606415.221393,0.70711,-0.67903,-0.19727,0.55
4377,606415.225213,0.71156,-0.67607,-0.19138,0.84
4378,606415.229688,0.69516,-0.69017,-0.20101,1.0
4379,606415.237896,0.70482,-0.67547,-0.21672,0.92
4380,606415.241279,0.70182,-0.67896,-0.21557,0.59
4381,606415.245174,0.7016,-0.6818,-0.20711,1.22
4382,606415.250433,0.68975,-0.68747,-0.22724,0.96
4383,606415.253634,0.69713,-0.67791,-0.23331,0.62
4384,606415.262082,0.69424,-0.68139,-0.23181,0.57
4385,606415.265419,0.69422,-0.68468,-0.22197,0.97
4386,606415.274124,0.68895,-0.68079,-0.24872,0.59
4387,606415.278699,0.6874,-0.68275,-0.24768,0.92
4388,606415.286818,0.68216,-0.69209,-0.23592,0.45
4389,606415.289546,0.67745,-0.68692,-0.26307,1.37
4390,606415.293294,0.6755,-0.68923,-0.26204,0.32
4391,606415.298214,0.67693,-0.68841,-0.2605,1.14
4392,606415.301522,0.66414,-0.70247,-0.25582,0.63
4393,606415.305271,0.66625,-0.69175,-0.27855,1.31
4394,606415.31402,0.66141,-0.69783,-0.2749,0.33
4395,606415.31742,0.66493,-0.69581,-0.27151,1.28
4396,606415.323217,0.65108,-0.70982,-0.2688,0.5
4397,606415.325622,0.64982,-0.70323,-0.28844,1.16
4398,606415.32935,0.64692,-0.70673,-0.28641,0.76
4399,606415.337858,0.65123,-0.70675,-0.27641,1.37
4400,606415.341239,0.63219,-0.71999,-0.28628,1.39
4401,606415.345029,0.64297,-0.709,-0.28966,1.51
4402,606415.36311,0.62087,-0.72491,-0.29836,0.9
4403,606415.366483,0.62906,-0.72172,-0.2888,1.56
4404,606415.369552,0.61758,-0.73075,-0.29085,1.37
4405,606415.37428,0.62756,-0.72988,-0.27101,2.03
4406,606415.377049,0.60886,-0.73798,-0.29101,1.43
4407,606415.3824,0.61501,-0.7367,-0.28114,1.43
4408,606415.389827,0.61074,-0.73951,-0.28305,1.74
4409,606415.394027,0.61077,-0.74543,-0.267,1.39
4410,606415.396759,0.60383,-0.74439,-0.2851,1.74
4411,606415.401347,0.60195,-0.75122,-0.27079,0.94
4412,606415.405907,0.60398,-0.74804,-0.27502,1.88
4413,606415.41328,0.59118,-0.76374,-0.25924,0.54
4414,606415.417967,0.5971,-0.75315,-0.27613,1.65
4415,606415.421586,0.59543,-0.76041,-0.2593,0.8
4416,606415.426886,0.60164,-0.75534,-0.25976,2.02
4417,606415.429248,0.58063,-0.77463,-0.25062,1.36
4418,606415.432955,0.59665,-0.75973,-0.25849,2.04
4419,606415.446185,0.58893,-0.76493,-0.26086,0.27
4420,606415.451155,0.58631,-0.77441,-0.23777,2.68
4421,606415.453751,0.58836,-0.76612,-0.25862,0.18
4422,606415.457665,0.58393,-0.77708,-0.23489,2.77
4423,606415.466617,0.59643,-0.76968,-0.22774,2.47
4424,606415.47064,0.58175,-0.77593,-0.24392,1.85
4425,606415.473067,0.59363,-0.77366,-0.22146,1.71
4426,606415.478426,0.58461,-0.77931,-0.22565,2.44
4427,606415.481632,0.5938,-0.7784,-0.20371,2.62
4428,606415.489997,0.58558,-0.78128,-0.21609,2.09
4429,606415.493653,0.59457,-0.77752,-0.20481,1.05
4430,606415.497155,0.59134,-0.77926,-0.20753,1.54
4431,606415.501827,0.58997,-0.78497,-0.18909,0.87
4432,606415.506868,0.59238,-0.78143,-0.1961,1.73
4433,606415.510471,0.59718,-0.77921,-0.19029,0.83
4434,606415.518607,0.59893,-0.77909,-0.18522,1.56
4435,606415.521244,0.59585,-0.78379,-0.17503,0.39
4436,606415.5355,0.6087,-0.77549,-0.1676,1.36
4437,606415.541171,0.59592,-0.78666,-0.16139,1.5
4438,606415.545195,0.61086,-0.77468,-0.16349,1.32
4439,606415.54923,0.60869,-0.77738,-0.15867,0.82
4440,606415.554995,0.6145,-0.77503,-0.14739,1.18
4441,606415.55825,0.60656,-0.77984,-0.15471,1.59
4442,606415.56669,0.61946,-0.77136,-0.14584,0.89
4443,606415.569773,0.61981,-0.77073,-0.14768,0.53
4444,606415.573487,0.62247,-0.77114,-0.1337,0.57
4445,606415.578008,0.62179,-0.76933,-0.14668,1.11
4446,606415.582078,0.63278,-0.76183,-0.13859,1.07
4447,606415.586118,0.63266,-0.76282,-0.13362,1.05
4448,606415.594288,0.63221,-0.76525,-0.1213,0.39
4449,606415.59822,0.63031,-0.76516,-0.13129,1.14
4450,606415.601508,0.64732,-0.75184,-0.12535,1.01
4451,606415.606527,0.6446,-0.75456,-0.12302,0.75
4452,606415.610188,0.64072,-0.75907,-0.11528,0.27
4453,606415.62614,0.65891,-0.74283,-0.11848,0.36
4454,606415.629558,0.65692,-0.746,-0.10927,1.01
4455,606415.633921,0.65785,-0.74453,-0.11358,0.36
4456,606415.642083,0.67248,-0.73039,-0.11961,0.51
4457,606415.646583,0.67424,-0.73055,-0.10816,0.75
4458,606415.648798,0.66599,-0.73755,-0.11173,1.13
4459,606415.654752,0.6803,-0.72283,-0.1213,1.11
4460,606415.657636,0.68456,-0.71924,-0.11861,0.71
4461,606415.661964,0.6831,-0.72182,-0.11111,0.5
4462,606415.670091,0.67848,-0.72428,-0.12286,1.22
4463,606415.67342,0.69079,-0.7112,-0.13041,1.0
4464,606415.67817,0.69243,-0.71033,-0.12638,0.46
4465,606415.682504,0.69068,-0.71349,-0.11786,0.46
4466,606415.686336,0.68735,-0.71434,-0.1314,1.2
4467,606415.694384,0.698,-0.70302,-0.13625,0.76
4468,606415.697084,0.69946,-0.70188,-0.13465,0.7
4469,606415.710012,0.70012,-0.70116,-0.13493,1.32
4470,606415.718229,0.71026,-0.6897,-0.14087,0.85
4471,606415.721602,0.70179,-0.6997,-0.13382,0.3
4472,606415.725382,0.70593,-0.69268,-0.14786,1.28
4473,606415.730806,0.70927,-0.68806,-0.15335,0.87
4474,606415.73387,0.71671,-0.68127,-0.14901,1.09
4475,606415.737277,0.70573,-0.69277,-0.14833,1.03
4476,606415.746037,0.71453,-0.68146,-0.15834,0.92
4477,606415.749704,0.71637,-0.67831,-0.1634,0.89
4478,606415.75314,0.71973,-0.67676,-0.15488,1.01
4479,606415.758539,0.70389,-0.69099,-0.16456,1.6
4480,606415.761163,0.72047,-0.66919,-0.18194,1.12
4481,606415.77029,0.71477,-0.6764,-0.17774,0.56
4482,606415.773419,0.7215,-0.67173,-0.16797,1.15
4483,606415.777209,0.71044,-0.67866,-0.18627,0.91
4484,606415.7951,0.71488,-0.67468,-0.18373,0.77
4485,606415.798069,0.70792,-0.67733,-0.20017,0.82
4486,606415.800969,0.7085,-0.67579,-0.20333,0.2
4487,606415.807645,0.7158,-0.66698,-0.20682,1.27
4488,606415.809318,0.7081,-0.6781,-0.19691,0.25
4489,606415.814701,0.709,-0.67316,-0.21018,0.97
4490,606415.821522,0.70702,-0.67428,-0.21322,0.24
4491,606415.825341,0.71128,-0.66807,-0.21852,1.41
4492,606415.82996,0.6991,-0.68281,-0.21221,0.52
4493,606415.834299,0.70173,-0.67359,-0.23207,1.41
4494,606415.838367,0.70064,-0.67652,-0.22678,0.56
4495,606415.846098,0.70065,-0.67623,-0.2276,1.39
4496,606415.849893,0.68961,-0.68921,-0.22234,1.25
4497,606415.853304,0.69407,-0.67614,-0.24718,2.14
4498,606415.858869,0.68855,-0.6859,-0.23547,0.79
4499,606415.861762,0.69498,-0.6791,-0.23628,1.6
4500,606415.878234,0.68231,-0.68728,-0.24919,1.46
4501,606415.881241,0.6814,-0.68557,-0.25629,0.19
4502,606415.886261,0.6761,-0.6959,-0.24209,2.55
4503,606415.889127,0.67351,-0.69029,-0.26435,0.36
4504,606415.897827,0.67421,-0.69331,-0.25448,1.48
4505,606415.901463,0.67604,-0.69504,-0.24472,1.66
4506,606415.905024,0.66515,-0.69904,-0.26252,1.54
4507,606415.910307,0.66661,-0.6994,-0.25781,1.09
4508,606415.913335,0.65989,-0.70177,-0.26844,1.59
4509,606415.922386,0.66345,-0.70524,-0.24992,1.47
4510,606415.925693,0.65154,-0.70734,-0.27417,1.71
4511,606415.929864,0.65552,-0.70737,-0.26444,0.8
4512,606415.93516,0.65441,-0.70752,-0.26675,1.57
4513,606415.938032,0.6445,-0.71977,-0.25798,0.61
4514,606415.941659,0.65175,-0.70733,-0.27368,2.24
4515,606415.949976,0.64231,-0.72111,-0.25969,0.75
4516,606415.959225,0.63154,-0.73072,-0.25923,1.26
4517,606415.96336,0.6395,-0.71884,-0.27259,1.84
4518,606415.965064,0.62892,-0.73022,-0.2669,0.91
4519,606415.974566,0.63641,-0.72421,-0.26552,1.69
4520,606415.977741,0.61832,-0.73751,-0.27158,1.95
4521,606415.98124,0.63199,-0.72871,-0.26376,1.95
4522,606415.986479,0.61367,-0.74058,-0.27375,2.15
4523,606415.989421,0.62905,-0.73196,-0.26178,2.03
4524,606415.997809,0.6136,-0.74005,-0.27534,2.16
4525,606416.001663,0.62097,-0.74149,-0.25413,1.5
4526,606416.005199,0.61697,-0.73948,-0.2693,2.61
4527,606416.011945,0.61968,-0.74421,-0.24928,1.73
4528,606416.014573,0.61721,-0.74157,-0.26291,2.42
4529,606416.017692,0.61261,-0.75216,-0.24282,1.36
4530,606416.025895,0.61245,-0.74661,-0.25977,2.2
4531,606416.028904,0.60756,-0.75819,-0.23668,1.18
4532,606416.042906,0.6164,-0.7475,-0.2476,2.7
4533,606416.04988,0.59927,-0.76533,-0.23481,1.6
4534,606416.054368,0.61044,-0.75491,-0.23975,1.95
4535,606416.057076,0.59454,-0.77025,-0.23071,2.15
4536,606416.062591,0.61124,-0.7572,-0.23028,2.17
4537,606416.065456,0.59658,-0.76926,-0.22877,2.07
4538,606416.074159,0.60979,-0.76058,-0.22289,1.88
4539,606416.077887,0.59424,-0.77151,-0.22729,2.29
4540,606416.081501,0.61061,-0.76237,-0.21437,2.0
4541,606416.086356,0.59949,-0.76942,-0.22044,1.98
4542,606416.090276,0.61279,-0.76332,-0.20452,1.73
4543,606416.093511,0.59994,-0.76999,-0.21725,2.49
4544,606416.10193,0.61255,-0.76509,-0.19856,1.75
4545,606416.106055,0.60415,-0.76996,-0.20535,1.73
4546,606416.109556,0.61164,-0.76992,-0.18197,1.31
4547,606416.114453,0.60614,-0.7687,-0.20417,2.34
4548,606416.131461,0.61112,-0.77419,-0.16481,1.21
4549,606416.133365,0.61014,-0.76945,-0.18889,2.1
4550,606416.138863,0.61718,-0.76843,-0.16914,0.56
4551,606416.142242,0.61883,-0.76592,-0.17441,1.75
4552,606416.150347,0.60901,-0.77742,-0.15721,0.21
4553,606416.153973,0.61484,-0.76881,-0.1758,2.09
4554,606416.157379,0.61774,-0.76879,-0.16542,0.32
4555,606416.163087,0.62338,-0.76493,-0.16209,1.36
4556,606416.165391,0.61495,-0.77426,-0.14949,1.07
4557,606416.1704,0.62584,-0.76431,-0.15541,1.3
4558,606416.178353,0.62328,-0.7667,-0.1539,0.99
4559,606416.181585,0.6317,-0.7615,-0.14518,1.26
4560,606416.18502,0.61877,-0.7714,-0.14857,1.7
4561,606416.190755,0.63558,-0.75744,-0.1494,0.91
4562,606416.194264,0.63362,-0.75936,-0.14794,0.62
4563,606416.202753,0.63916,-0.75698,-0.13586,1.14
4564,606416.21558,0.64146,-0.75496,-0.13622,1.08
4565,606416.217649,0.64635,-0.75024,-0.13921,0.53
4566,606416.227282,0.63867,-0.75583,-0.14431,1.38
4567,606416.229615,0.65107,-0.74657,-0.13687,0.75
4568,606416.233373,0.64567,-0.75127,-0.13673,1.19
4569,606416.238325,0.64997,-0.74991,-0.12317,0.49
4570,606416.241937,0.65157,-0.74296,-0.1532,1.4
4571,606416.245951,0.65411,-0.74458,-0.13321,1.01
4572,606416.253642,0.65771,-0.74074,-0.13678,1.2
4573,606416.257735,0.64841,-0.75125,-0.12321,0.78
4574,606416.261069,0.66107,-0.73759,-0.1376,1.66
4575,606416.267058,0.66044,-0.74046,-0.12469,0.67
4576,606416.26957,0.66482,-0.73423,-0.13753,2.36
4577,606416.2781,0.65387,-0.74696,-0.12041,1.58
4578,606416.282135,0.6729,-0.72739,-0.13457,1.41
4579,606416.285934,0.66691,-0.73453,-0.12531,0.83
4580,606416.294017,0.66245,-0.73817,-0.12752,1.75
4581,606416.302665,0.68311,-0.71678,-0.13998,1.3
4582,606416.305585,0.67409,-0.72691,-0.1312,0.71
4583,606416.309848,0.6795,-0.72306,-0.12433,1.17
4584,606416.315114,0.67301,-0.72544,-0.14416,0.67
4585,606416.317143,0.68564,-0.71496,-0.13686,1.08
4586,606416.321931,0.67953,-0.72039,-0.13884,1.07
4587,606416.329829,0.68444,-0.7177,-0.12828,0.66
4588,606416.333698,0.67942,-0.71864,-0.14813,1.57
4589,606416.336908,0.68724,-0.71114,-0.14825,1.2
4590,606416.343128,0.68345,-0.71556,-0.14446,1.01
4591,606416.345218,0.68498,-0.71629,-0.13315,0.54
4592,606416.354365,0.69004,-0.70415,-0.1674,1.4
4593,606416.358042,0.69095,-0.70659,-0.15268,0.64
4594,606416.361386,0.688,-0.70892,-0.1552,1.11
4595,606416.366242,0.68086,-0.71689,-0.15,0.4
4596,606416.369405,0.69123,-0.70374,-0.16418,1.34
4597,606416.382906,0.69316,-0.70345,-0.15711,0.98
4598,606416.386391,0.68064,-0.71735,-0.14879,1.42
4599,606416.390174,0.69219,-0.70037,-0.17423,1.19
4600,606416.393505,0.69237,-0.70313,-0.16196,0.29
4601,606416.397765,0.69513,-0.70025,-0.16263,1.41
4602,606416.406528,0.68177,-0.71217,-0.16735,1.47
4603,606416.410215,0.69481,-0.6958,-0.18194,1.15
4604,606416.412995,0.68954,-0.70208,-0.17784,0.87
4605,606416.417753,0.69366,-0.70018,-0.16905,1.06
4606,606416.422021,0.6793,-0.70905,-0.18918,1.37
4607,606416.430057,0.69101,-0.69697,-0.19167,1.01
4608,606416.434214,0.68815,-0.70071,-0.1883,0.93
4609,606416.437584,0.68595,-0.70587,-0.17671,1.11
4610,606416.442963,0.68059,-0.70532,-0.19828,1.31
4611,606416.44568,0.68534,-0.70003,-0.20066,1.15
4612,606416.449787,0.68505,-0.70038,-0.20044,1.27
4613,606416.458345,0.68174,-0.70765,-0.18566,0.93
4614,606416.466435,0.67983,-0.70275,-0.20968,0.33
4615,606416.471651,0.68204,-0.7011,-0.20803,1.41
4616,606416.473844,0.67008,-0.71543,-0.1979,0.97
4617,606416.481862,0.67648,-0.70438,-0.215,1.08
4618,606416.486056,0.67164,-0.70866,-0.2161,0.69
4619,606416.489148,0.67463,-0.70529,-0.21781,1.67
4620,606416.493747,0.66085,-0.72061,-0.20975,1.36
4621,606416.497791,0.67219,-0.7044,-0.22799,1.42
4622,606416.505642,0.66644,-0.71166,-0.22224,0.75
4623,606416.50946,0.67011,-0.70994,-0.21665,1.19
4624,606416.513154,0.65652,-0.72026,-0.22407,1.17
4625,606416.518082,0.66713,-0.70967,-0.22651,0.86
4626,606416.521626,0.65857,-0.71596,-0.23171,0.91
4627,606416.525703,0.66353,-0.71494,-0.2204,1.29
4628,606416.533523,0.6506,-0.72205,-0.23528,0.51
4629,606416.537337,0.6581,-0.71716,-0.2293,0.96
4630,606416.551342,0.64822,-0.72399,-0.2359,1.36
4631,606416.557822,0.653,-0.72122,-0.23116,1.26
4632,606416.561921,0.64684,-0.72627,-0.23266,1.27
4633,606416.565367,0.64049,-0.73682,-0.21648,0.7
4634,606416.570544,0.64106,-0.7289,-0.24031,1.97
4635,606416.573787,0.64298,-0.73264,-0.22318,0.98
4636,606416.582554,0.64681,-0.72758,-0.22861,1.83
4637,606416.585286,0.63115,-0.74323,-0.22192,0.83
4638,606416.589424,0.64528,-0.72852,-0.22992,1.85
4639,606416.594325,0.6334,-0.74169,-0.22067,1.38
4640,606416.597407,0.64206,-0.73313,-0.22421,1.9
4641,606416.605605,0.62568,-0.74889,-0.21839,1.63
4642,606416.609433,0.63985,-0.73386,-0.22813,1.61
4643,606416.614262,0.62838,-0.7449,-0.2242,1.04
4644,606416.617198,0.64083,-0.73604,-0.21812,1.79
4645,606416.622702,0.62186,-0.75038,-0.22411,2.01
4646,606416.625236,0.63363,-0.73969,-0.22667,2.21
4647,606416.638559,0.63839,-0.74036,-0.21054,1.71
4648,606416.642405,0.6244,-0.74759,-0.22635,1.79
4649,606416.645992,0.63622,-0.74115,-0.21429,1.89
4650,606416.649388,0.62847,-0.74723,-0.21602,1.44
4651,606416.65777,0.6374,-0.74456,-0.19838,1.37
4652,606416.662197,0.63137,-0.74353,-0.22028,1.47
4653,606416.664857,0.63542,-0.74458,-0.20456,0.95
4654,606416.670694,0.63389,-0.74491,-0.20806,1.69
4655,606416.673462,0.63196,-0.75076,-0.19233,1.11
4656,606416.678465,0.63669,-0.74201,-0.20987,1.77
4657,606416.686327,0.63141,-0.75106,-0.19295,0.98
4658,606416.689892,0.63707,-0.7442,-0.20078,1.78
4659,606416.693642,0.62875,-0.75561,-0.18366,1.15
4660,606416.698714,0.63636,-0.74542,-0.19849,1.65
4661,606416.701504,0.63343,-0.75029,-0.18927,0.68
4662,606416.709565,0.63931,-0.74524,-0.18949,1.36
4663,606416.713654,0.62675,-0.75665,-0.1862,1.33
4664,606416.726472,0.64333,-0.74264,-0.18604,1.06
4665,606416.734527,0.63417,-0.75297,-0.17568,1.89
4666,606416.73774,0.64431,-0.74337,-0.17959,1.21
4667,606416.741227,0.63107,-0.75419,-0.18151,1.26
4668,606416.745705,0.64584,-0.74455,-0.16892,1.29
4669,606416.749266,0.63888,-0.74912,-0.17507,1.59
4670,606416.753316,0.64962,-0.74107,-0.16973,1.28
4671,606416.762075,0.64291,-0.74655,-0.17125,1.08
4672,606416.765498,0.64875,-0.74431,-0.15852,1.12
4673,606416.769391,0.64625,-0.74297,-0.17424,1.58
4674,606416.774352,0.65447,-0.73835,-0.16284,0.93
4675,606416.77721,0.65152,-0.74031,-0.16575,1.16
4676,606416.786785,0.65082,-0.74338,-0.15432,0.31
4677,606416.789179,0.65853,-0.73336,-0.16886,1.63
4678,606416.793526,0.65825,-0.73609,-0.15772,0.32
4679,606416.801034,0.66104,-0.73326,-0.15921,1.63
4680,606416.811386,0.66218,-0.73008,-0.1688,0.56
4681,606416.813799,0.66801,-0.72867,-0.15099,1.23
4682,606416.822416,0.65794,-0.7362,-0.15854,1.4
4683,606416.825682,0.67362,-0.7196,-0.16855,1.28
4684,606416.830411,0.66567,-0.72872,-0.16078,0.53
4685,606416.837919,0.67196,-0.72401,-0.15582,1.35
4686,606416.841043,0.66511,-0.72776,-0.16731,0.87
4687,606416.844928,0.67666,-0.71782,-0.16388,1.09
4688,606416.849899,0.67352,-0.72009,-0.16687,0.61
4689,606416.853273,0.67569,-0.72067,-0.15517,1.31
4690,606416.861511,0.67172,-0.71941,-0.17675,1.01
4691,606416.865472,0.68127,-0.71347,-0.16382,0.93
4692,606416.869019,0.67604,-0.71776,-0.1667,1.0
4693,606416.87424,0.67945,-0.71739,-0.15396,1.08
4694,606416.877777,0.67735,-0.71503,-0.17299,1.47
4695,606416.894636,0.68524,-0.71029,-0.16103,0.58
4696,606416.897643,0.6747,-0.71831,-0.16971,1.18
4697,606416.901465,0.69119,-0.70179,-0.17248,0.77
4698,606416.905499,0.68117,-0.71136,-0.17315,0.78
4699,606416.915294,0.6794,-0.71435,-0.16768,0.83
4700,606416.91758,0.68905,-0.70047,-0.1859,1.66
4701,606416.921723,0.68511,-0.7065,-0.17744,0.64
4702,606416.926925,0.68855,-0.70348,-0.17614,1.4
4703,606416.929636,0.67736,-0.71144,-0.1872,1.44
4704,606416.938575,0.69144,-0.69821,-0.18551,1.13
4705,606416.942304,0.68355,-0.70622,-0.18442,0.84
4706,606416.945352,0.6909,-0.70017,-0.18007,1.46
4707,606416.951037,0.68185,-0.70535,-0.19381,1.59
4708,606416.95359,0.69178,-0.69625,-0.19149,1.12
4709,606416.958837,0.68378,-0.70339,-0.19415,1.13
4710,606416.966839,0.69007,-0.70009,-0.1835,1.37
4711,606416.979763,0.68336,-0.70322,-0.19621,1.77
4712,606416.983242,0.69051,-0.69563,-0.19824,0.52
4713,606416.989922,0.68347,-0.69855,-0.21187,1.61
4714,606416.99347,0.68706,-0.69745,-0.20373,0.62
4715,606416.996878,0.68522,-0.69757,-0.20945,1.51
4716,606417.002143,0.67669,-0.70869,-0.19963,0.39
4717,606417.005105,0.68561,-0.69513,-0.21619,1.73
4718,606417.013673,0.6803,-0.70347,-0.20571,0.2
4719,606417.017621,0.68559,-0.69642,-0.21207,1.76
4720,606417.021174,0.6718,-0.71232,-0.20318,1.04
4721,606417.026756,0.68212,-0.69748,-0.21962,1.62
4722,606417.02939,0.67478,-0.7061,-0.2147,0.69
4723,606417.03405,0.67955,-0.70144,-0.21493,1.6
4724,606417.042526,0.66371,-0.71522,-0.21898,1.21
4725,606417.044988,0.67731,-0.70057,-0.22462,1.33
4726,606417.050277,0.66848,-0.7088,-0.22527,0.8
4727,606417.065898,0.67384,-0.70277,-0.22815,1.51
4728,606417.069771,0.66073,-0.71331,-0.23373,1.26
4729,606417.073821,0.67001,-0.70879,-0.2207,1.74
4730,606417.079217,0.65986,-0.71226,-0.23931,1.99
4731,606417.081245,0.66557,-0.71099,-0.22697,1.07
4732,606417.090153,0.66163,-0.7114,-0.23698,1.81
4733,606417.093466,0.66265,-0.71598,-0.21969,1.29
4734,606417.097708,0.65676,-0.71517,-0.23915,1.55
4735,606417.101938,0.6592,-0.71612,-0.22939,0.8
4736,606417.105235,0.65646,-0.71629,-0.23661,1.5
4737,606417.113623,0.64821,-0.7282,-0.22259,0.15
4738,606417.117853,0.65456,-0.71711,-0.23937,1.63
4739,606417.121521,0.65009,-0.72415,-0.23019,0.69
4740,606417.125447,0.65458,-0.71851,-0.2351,1.44
4741,606417.130672,0.64205,-0.73189,-0.22828,1.37
4742,606417.134083,0.65174,-0.72042,-0.23711,1.72
4743,606417.149764,0.64294,-0.73267,-0.22319,2.44
4744,606417.153469,0.64256,-0.72644,-0.2437,0.07
4745,606417.158487,0.63881,-0.73497,-0.22747,1.89
4746,606417.166399,0.64173,-0.72747,-0.24284,0.03
4747,606417.169677,0.63289,-0.73435,-0.24531,1.16
4748,606417.17368,0.64274,-0.73124,-0.22841,1.49
4749,606417.178267,0.63147,-0.73773,-0.23876,1.48
4750,606417.181675,0.64065,-0.73552,-0.22041,2.1
4751,606417.187006,0.63295,-0.73653,-0.23854,1.85
4752,606417.19392,0.63754,-0.73752,-0.22273,0.86
4753,606417.197608,0.63138,-0.73937,-0.23385,1.47
4754,606417.201265,0.62979,-0.74665,-0.21419,1.07
4755,606417.206242,0.63343,-0.73851,-0.23104,1.73
4756,606417.209235,0.63243,-0.74214,-0.22194,1.52
4757,606417.218014,0.63113,-0.74131,-0.22832,1.66
4758,606417.221644,0.62465,-0.75469,-0.20066,0.85
4759,606417.234312,0.63233,-0.74365,-0.21714,1.43
4760,606417.241918,0.61906,-0.75615,-0.21212,0.86
4761,606417.245506,0.63384,-0.74375,-0.21232,1.89
4762,606417.24937,0.62064,-0.75576,-0.20888,1.06
4763,606417.253943,0.63308,-0.74681,-0.20366,1.85
4764,606417.257596,0.61504,-0.76063,-0.20775,1.5
4765,606417.261067,0.63287,-0.74604,-0.20711,1.78
4766,606417.270423,0.62435,-0.75426,-0.20317,1.01
4767,606417.274031,0.62983,-0.75203,-0.19435,1.22
4768,606417.277263,0.62023,-0.75693,-0.20584,1.85
4769,606417.282134,0.6309,-0.75087,-0.19535,1.12
4770,606417.285035,0.62344,-0.75582,-0.20013,1.64
4771,606417.29369,0.63297,-0.75276,-0.18083,1.56
4772,606417.297907,0.62606,-0.75418,-0.19813,2.07
4773,606417.301394,0.63393,-0.75052,-0.18671,1.13
4774,606417.310209,0.62914,-0.75759,-0.17392,1.2
4775,606417.319099,0.63436,-0.74811,-0.19475,1.79
4776,606417.321669,0.6348,-0.7522,-0.17671,0.41
4777,606417.325496,0.63553,-0.74991,-0.18367,1.63
4778,606417.330158,0.62568,-0.76131,-0.17009,0.96
4779,606417.334116,0.63704,-0.74896,-0.1823,1.75
4780,606417.337979,0.63429,-0.75394,-0.17103,0.58
4781,606417.346369,0.64047,-0.74851,-0.17185,1.66
4782,606417.348969,0.62655,-0.7609,-0.16874,1.26
4783,606417.353795,0.64256,-0.74654,-0.17262,1.61
4784,606417.359117,0.6328,-0.75604,-0.16724,1.08
4785,606417.361479,0.64331,-0.74805,-0.16302,1.47
4786,606417.370911,0.63086,-0.7569,-0.17064,1.49
4787,606417.373645,0.63867,-0.75008,-0.1717,2.05
4788,606417.377032,0.63694,-0.7524,-0.16794,1.13
4789,606417.383126,0.64367,-0.74952,-0.15463,1.29
4790,606417.385027,0.64114,-0.7477,-0.17287,1.03
4791,606417.398314,0.64311,-0.74834,-0.16247,1.22
4792,606417.402256,0.64731,-0.74701,-0.15153,1.59
4793,606417.405175,0.6479,-0.74308,-0.16747,2.05
4794,606417.410524,0.65495,-0.73881,-0.15872,1.12
4795,606417.414313,0.65258,-0.74003,-0.16275,1.46
4796,606417.422119,0.6536,-0.74366,-0.14062,0.76
4797,606417.426741,0.6579,-0.73446,-0.16654,2.08
4798,606417.429226,0.66148,-0.734,-0.15391,0.63
4799,606417.434231,0.65742,-0.73607,-0.16125,1.0
4800,606417.438624,0.65369,-0.74294,-0.14397,0.54
4801,606417.445676,0.66436,-0.72859,-0.1667,1.94
4802,606417.450099,0.66444,-0.73099,-0.15548,0.61
4803,606417.45327,0.66694,-0.72895,-0.15435,1.57
4804,606417.458079,0.65614,-0.73856,-0.15495,1.8
4805,606417.462,0.67352,-0.72047,-0.16522,1.58
4806,606417.46639,0.66583,-0.72748,-0.16569,0.42
4807,606417.474372,0.67173,-0.72478,-0.15322,1.51
4808,606417.487314,0.67138,-0.72353,-0.16048,1.46
4809,606417.489201,0.67191,-0.722,-0.16509,0.17
4810,606417.498759,0.67144,-0.71899,-0.1795,1.29
4811,606417.501405,0.67774,-0.71626,-0.16623,1.99
4812,606417.506031,0.6699,-0.72282,-0.1696,1.37
4813,606417.510293,0.6774,-0.71984,-0.1515,1.01
4814,606417.513049,0.66887,-0.72127,-0.17995,1.77
4815,606417.521574,0.67861,-0.71473,-0.16929,1.05
4816,606417.525735,0.67417,-0.7174,-0.1756,1.58
4817,606417.528965,0.67585,-0.71947,-0.15996,1.41
4818,606417.534823,0.67341,-0.71609,-0.18367,1.94
4819,606417.537547,0.67564,-0.71661,-0.17314,0.76
4820,606417.54193,0.67433,-0.7167,-0.17782,1.23
4821,606417.549774,0.66646,-0.72736,-0.16364,1.35
4822,606417.553018,0.67549,-0.71272,-0.18904,1.98
4823,606417.567291,0.66302,-0.72739,-0.17696,1.59
4824,606417.573159,0.67738,-0.71096,-0.18891,1.32
4825,606417.578115,0.66865,-0.71991,-0.18609,1.0
4826,606417.581257,0.67663,-0.71451,-0.17793,1.29
4827,606417.586285,0.66229,-0.72328,-0.19553,1.17
4828,606417.589502,0.67702,-0.71047,-0.19203,1.22
4829,606417.598539,0.66729,-0.72021,-0.18979,1.18
4830,606417.601756,0.67553,-0.71554,-0.17793,1.52
4831,606417.605232,0.66454,-0.72131,-0.19519,1.68
4832,606417.61041,0.67554,-0.71113,-0.19478,0.99
4833,606417.614369,0.66661,-0.71875,-0.19755,1.15
4834,606417.622781,0.66955,-0.72077,-0.17944,1.27
4835,606417.625409,0.66498,-0.71727,-0.20817,1.94
4836,606417.631012,0.66969,-0.71515,-0.20016,1.11
4837,606417.632901,0.66639,-0.71664,-0.20579,1.4
4838,606417.638388,0.66357,-0.72489,-0.18494,1.01
4839,606417.641015,0.66192,-0.71796,-0.2154,1.57
4840,606417.654321,0.66461,-0.71868,-0.20442,1.38
4841,606417.658561,0.653,-0.73105,-0.19789,0.52
4842,606417.66278,0.66285,-0.71733,-0.21465,1.19
4843,606417.665048,0.6574,-0.72472,-0.20642,0.79
4844,606417.673922,0.66421,-0.71858,-0.20608,1.44
4845,606417.677483,0.64535,-0.73451,-0.20982,1.46
4846,606417.681127,0.66178,-0.71613,-0.22183,1.39
4847,606417.687038,0.65367,-0.72603,-0.21353,1.01
4848,606417.690406,0.658,-0.7233,-0.20946,1.17
4849,606417.693504,0.64745,-0.72856,-0.22363,1.04
4850,606417.701673,0.65819,-0.71974,-0.22082,0.89
4851,606417.70563,0.64704,-0.72932,-0.22234,0.85
4852,606417.709711,0.65348,-0.72736,-0.20955,1.29
4853,606417.714549,0.64124,-0.73323,-0.22624,1.57
4854,606417.717838,0.6529,-0.72371,-0.22351,1.09
4855,606417.726052,0.64832,-0.7289,-0.21996,1.41
4856,606417.730474,0.6476,-0.73309,-0.20785,1.13
4857,606417.738051,0.64622,-0.73067,-0.22026,0.9
4858,606417.743676,0.64141,-0.73287,-0.22695,1.4
4859,606417.750598,0.63734,-0.74243,-0.20637,0.71
4860,606417.753642,0.63755,-0.73467,-0.23194,1.66
4861,606417.757383,0.63933,-0.73714,-0.21883,0.65
4862,606417.763023,0.64033,-0.73635,-0.21854,1.31
4863,606417.765938,0.62425,-0.74963,-0.21995,0.86
4864,606417.770259,0.63869,-0.73566,-0.22555,1.56
4865,606417.778731,0.62993,-0.74679,-0.21329,0.91
4866,606417.781226,0.63681,-0.73961,-0.21785,1.67
4867,606417.786218,0.6193,-0.75358,-0.22043,1.8
4868,606417.789802,0.6381,-0.73808,-0.21925,1.72
4869,606417.793262,0.62408,-0.74988,-0.21956,1.64
4870,606417.802887,0.63622,-0.74315,-0.20723,2.05
4871,606417.805707,0.61591,-0.75417,-0.22779,2.54
4872,606417.809711,0.63395,-0.74334,-0.21342,1.82
4873,606417.814601,0.6242,-0.75069,-0.21642,1.79
4874,606417.827306,0.62108,-0.75422,-0.2131,2.16
4875,606417.831122,0.63322,-0.74396,-0.21345,0.34
4876,606417.838084,0.62855,-0.75442,-0.18915,1.71
4877,606417.842362,0.62106,-0.75372,-0.21491,1.68
4878,606417.845761,0.63069,-0.74873,-0.20403,1.56
4879,606417.853621,0.62669,-0.7519,-0.2047,1.45
4880,606417.85774,0.6189,-0.76304,-0.18639,0.59
4881,606417.861069,0.62569,-0.75248,-0.20567,1.55
4882,606417.866139,0.62672,-0.75332,-0.19931,0.87
4883,606417.870269,0.62847,-0.75241,-0.19724,1.51
4884,606417.877072,0.61654,-0.76554,-0.18393,0.73
4885,606417.881504,0.62954,-0.75081,-0.19992,1.7
4886,606417.885138,0.62588,-0.75645,-0.18987,0.79
4887,606417.890308,0.63343,-0.75129,-0.18526,1.63
4888,606417.894251,0.61633,-0.76434,-0.18953,1.38
4889,606417.897934,0.63429,-0.74968,-0.18883,1.51
4890,606417.909628,0.63067,-0.75124,-0.19469,0.42
4891,606417.914719,0.62555,-0.76047,-0.17429,2.26
4892,606417.917169,0.63007,-0.75295,-0.18993,0.17
4893,606417.922674,0.63259,-0.75423,-0.17594,1.63
4894,606417.930535,0.63431,-0.75441,-0.16886,0.8
4895,606417.934269,0.62846,-0.75574,-0.18411,1.76
4896,606417.936967,0.63769,-0.74999,-0.1757,0.96
4897,606417.943161,0.62971,-0.75533,-0.1815,1.45
4898,606417.945216,0.63398,-0.75725,-0.157,0.56
4899,606417.953661,0.63817,-0.74735,-0.18496,1.33
4900,606417.957471,0.64355,-0.74722,-0.16588,1.26
4901,606417.960997,0.63993,-0.74942,-0.16985,1.36
4902,606417.966142,0.63677,-0.75491,-0.15697,0.82
4903,606417.969982,0.64296,-0.74718,-0.16831,1.8
4904,606417.973053,0.6408,-0.75142,-0.1573,0.63
4905,606417.981823,0.64785,-0.74459,-0.16088,1.41
4906,606417.985325,0.63775,-0.75465,-0.15421,1.64
4907,606418.00011,0.65296,-0.74158,-0.15393,1.49
4908,606418.005714,0.64201,-0.74994,-0.15942,1.27
4909,606418.009574,0.65957,-0.73602,-0.15242,1.53
4910,606418.013219,0.64906,-0.74399,-0.15876,0.89
4911,606418.017626,0.65439,-0.74158,-0.14773,1.24
4912,606418.021402,0.651,-0.74115,-0.16401,1.01
4913,606418.030319,0.66392,-0.73258,-0.15015,1.09
4914,606418.03373,0.65627,-0.73722,-0.16065,0.75
4915,606418.037367,0.66211,-0.7354,-0.14426,1.31
4916,606418.043484,0.6625,-0.72999,-0.16792,0.94
4917,606418.045326,0.66788,-0.72898,-0.15012,1.11
4918,606418.049485,0.66274,-0.73144,-0.16053,1.37
4919,606418.058362,0.66493,-0.73308,-0.14308,1.02
4920,606418.061491,0.66748,-0.72582,-0.16629,1.58
4921,606418.065917,0.6699,-0.7264,-0.15358,0.88
4922,606418.070473,0.67089,-0.72321,-0.16392,1.16
4923,606418.073015,0.6647,-0.73205,-0.14926,0.14
4924,606418.089539,0.67022,-0.72391,-0.16359,0.36
4925,606418.093934,0.67318,-0.72425,-0.14928,1.56
4926,606418.097055,0.67496,-0.71651,-0.17617,0.2
4927,606418.106054,0.67905,-0.71612,-0.16146,1.55
4928,606418.110349,0.6817,-0.71331,-0.1627,1.24
4929,606418.11306,0.66814,-0.72408,-0.17114,1.25
4930,606418.118393,0.68412,-0.70882,-0.17193,1.28
4931,606418.121129,0.67792,-0.71433,-0.17368,1.17
4932,606418.125763,0.68603,-0.70797,-0.16778,1.8
4933,606418.133477,0.67719,-0.71088,-0.18992,1.19
4934,606418.137518,0.68355,-0.70608,-0.18497,1.39
4935,606418.141118,0.67701,-0.71203,-0.1862,1.21
4936,606418.146515,0.68249,-0.71055,-0.17124,1.04
4937,606418.150229,0.67878,-0.70903,-0.19114,1.83
4938,606418.157952,0.68268,-0.70685,-0.18525,0.63
4939,606418.162629,0.6799,-0.70701,-0.1946,1.67
4940,606418.174998,0.68877,-0.69929,-0.19129,1.13
4941,606418.182451,0.67611,-0.71038,-0.19555,1.17
4942,606418.185825,0.67273,-0.71679,-0.18343,0.72
4943,606418.189905,0.67977,-0.7033,-0.20803,1.67
4944,606418.194207,0.67323,-0.71254,-0.19761,0.67
4945,606418.198297,0.67944,-0.70479,-0.20403,1.53
4946,606418.202148,0.66377,-0.72047,-0.20083,1.15
4947,606418.209702,0.67892,-0.70395,-0.20862,1.73
4948,606418.213734,0.66921,-0.71402,-0.20577,1.03
4949,606418.216793,0.67686,-0.70761,-0.20285,1.57
4950,606418.222987,0.66116,-0.71933,-0.21317,1.63
4951,606418.225172,0.67199,-0.70934,-0.21278,1.11
4952,606418.235102,0.66538,-0.71479,-0.21527,1.28
4953,606418.237341,0.66931,-0.71452,-0.20367,1.94
4954,606418.241357,0.66045,-0.71524,-0.22857,1.48
4955,606418.258751,0.66569,-0.71727,-0.20586,1.61
4956,606418.262526,0.6554,-0.71779,-0.23501,1.66
4957,606418.265327,0.66313,-0.71576,-0.21895,1.12
4958,606418.270685,0.65966,-0.71617,-0.22793,1.6
4959,606418.274076,0.65744,-0.72375,-0.20967,0.7
4960,606418.277444,0.65629,-0.71648,-0.23653,1.86
4961,606418.285725,0.6505,-0.72672,-0.22074,1.02
4962,606418.289122,0.65484,-0.7196,-0.23101,1.74
4963,606418.295495,0.6404,-0.73791,-0.21301,1.41
4964,606418.298133,0.64932,-0.72242,-0.23771,1.68
4965,606418.302876,0.64373,-0.7311,-0.22605,0.79
4966,606418.310141,0.65004,-0.72469,-0.22861,1.58
4967,606418.313926,0.63512,-0.73856,-0.22617,1.96
4968,606418.318227,0.64378,-0.72787,-0.23612,2.2
4969,606418.321551,0.6348,-0.73644,-0.23385,1.46
4970,606418.325632,0.64713,-0.72813,-0.22594,1.94
4971,606418.334298,0.62641,-0.74284,-0.23622,1.58
4972,606418.34221,0.63028,-0.74043,-0.23347,1.13
4973,606418.347455,0.63982,-0.7363,-0.22021,1.69
4974,606418.349487,0.63413,-0.73431,-0.24223,1.97
4975,606418.353694,0.64017,-0.7361,-0.21989,1.47
4976,606418.362072,0.62906,-0.73993,-0.23829,1.66
4977,606418.365592,0.63852,-0.74007,-0.21115,1.57
4978,606418.369253,0.63402,-0.7372,-0.23358,2.04
4979,606418.374643,0.63551,-0.74122,-0.21613,0.75
4980,606418.377753,0.63427,-0.73922,-0.22639,2.19
4981,606418.387373,0.62493,-0.75246,-0.20802,0.64
4982,606418.389582,0.63517,-0.7393,-0.2236,1.7
4983,606418.393075,0.62087,-0.75512,-0.2105,1.34
4984,606418.398888,0.63323,-0.7431,-0.21638,2.31
4985,606418.401429,0.61703,-0.75915,-0.20728,2.01
4986,606418.406839,0.63261,-0.74494,-0.21181,1.94
4987,606418.413529,0.6175,-0.75758,-0.21157,1.24
4988,606418.417296,0.63134,-0.74748,-0.20661,1.96
4989,606418.430142,0.6161,-0.75896,-0.21068,1.64
4990,606418.437203,0.63381,-0.74751,-0.19879,2.02
4991,606418.443,0.61898,-0.75625,-0.21201,1.15
4992,606418.445135,0.62859,-0.75246,-0.1967,1.1
4993,606418.450725,0.62032,-0.75744,-0.20366,1.47
4994,606418.453121,0.62805,-0.75484,-0.18914,1.31
4995,606418.462513,0.62392,-0.75495,-0.20193,1.52
4996,606418.465573,0.62921,-0.75455,-0.18641,0.76
4997,606418.468955,0.6282,-0.75334,-0.19453,1.8
4998,606418.474591,0.63274,-0.75441,-0.17465,0.68
4999,606418.477531,0.63084,-0.75198,-0.19123,1.89
5000,606418.481478,0.63197,-0.75245,-0.18557,0.42
5001,606418.490135,0.63163,-0.7526,-0.18611,1.55
5002,606418.493172,0.62634,-0.76048,-0.17135,0.44
5003,606418.498329,0.63278,-0.74978,-0.19347,2.69
5004,606418.50202,0.63494,-0.75248,-0.175,0.8
5005,606418.513808,0.62665,-0.7609,-0.16835,1.31
5006,606418.519296,0.64033,-0.74593,-0.1832,1.51
5007,606418.521844,0.63317,-0.75489,-0.17098,1.16
5008,606418.526481,0.64063,-0.74795,-0.17366,1.28
5009,606418.530203,0.62433,-0.76108,-0.17597,1.77
5010,606418.538012,0.64337,-0.74556,-0.17381,1.56
5011,606418.54193,0.63001,-0.757,-0.17329,1.09
5012,606418.54499,0.64309,-0.74783,-0.16487,1.55
5013,606418.550996,0.6321,-0.75401,-0.17866,0.69
5014,606418.554077,0.64632,-0.74478,-0.16606,1.26
5015,606418.562011,0.63762,-0.75255,-0.16465,1.14
5016,606418.565402,0.64616,-0.74792,-0.15196,1.77
5017,606418.569693,0.64148,-0.74696,-0.1748,1.33
5018,606418.573784,0.64667,-0.74599,-0.15912,1.07
5019,606418.578687,0.64357,-0.74693,-0.16706,1.43
5020,606418.581312,0.64494,-0.75056,-0.14391,1.38
5021,606418.5896,0.64644,-0.74435,-0.16748,2.04
5022,606418.60292,0.6481,-0.74845,-0.1407,0.46
5023,606418.605663,0.64678,-0.74555,-0.16072,1.2
5024,606418.615739,0.64905,-0.7455,-0.15155,0.91
5025,606418.617697,0.65733,-0.73808,-0.15215,1.77
5026,606418.621636,0.64214,-0.75203,-0.1487,1.16
5027,606418.626281,0.66025,-0.73355,-0.16115,1.96
5028,606418.629639,0.65437,-0.74112,-0.15017,1.02
5029,606418.634452,0.6606,-0.73624,-0.14683,1.53
5030,606418.6425,0.64773,-0.74608,-0.15433,1.36
5031,606418.645957,0.66422,-0.73013,-0.16036,2.01
5032,606418.649765,0.65702,-0.73721,-0.15762,0.16
5033,606418.654649,0.66232,-0.73488,-0.14589,1.34
5034,606418.658137,0.65736,-0.73504,-0.16612,0.94
5035,606418.666615,0.67239,-0.72397,-0.15414,1.39
5036,606418.669493,0.66217,-0.7332,-0.15477,1.28
5037,606418.673624,0.66913,-0.72926,-0.14299,1.45
5038,606418.690493,0.66635,-0.72961,-0.15375,1.0
5039,606418.694448,0.66971,-0.72863,-0.1435,1.3
5040,606418.697035,0.67013,-0.72336,-0.16633,1.41
5041,606418.70279,0.67675,-0.71785,-0.16341,1.45
5042,606418.705043,0.67372,-0.72068,-0.16346,1.26
5043,606418.710459,0.66948,-0.72875,-0.14398,0.77
5044,606418.717734,0.67686,-0.71564,-0.17239,1.74
5045,606418.721551,0.67712,-0.71813,-0.16062,0.63
5046,606418.725601,0.67606,-0.71809,-0.16521,1.13
5047,606418.729859,0.66746,-0.72793,-0.15685,1.08
5048,606418.734331,0.67928,-0.71237,-0.17638,1.24
5049,606418.741687,0.67226,-0.72078,-0.16893,0.74
5050,606418.745647,0.68051,-0.71234,-0.17167,1.92
5051,606418.749222,0.66366,-0.72747,-0.17419,1.49
5052,606418.754847,0.68274,-0.70842,-0.17889,1.62
5053,606418.757522,0.67419,-0.71641,-0.17949,0.18
5054,606418.766857,0.68209,-0.71205,-0.16654,1.52
5055,606418.778553,0.67643,-0.71589,-0.17305,1.58
5056,606418.781946,0.67991,-0.71064,-0.18088,0.58
5057,606418.786375,0.66938,-0.72307,-0.17062,2.53
5058,606418.794322,0.68226,-0.70492,-0.19392,0.11
5059,606418.798444,0.6726,-0.71615,-0.1864,1.03
5060,606418.8014,0.67437,-0.7179,-0.17277,0.92
5061,606418.806865,0.67866,-0.70614,-0.20197,1.45
5062,606418.810264,0.67764,-0.7113,-0.1867,0.75
5063,606418.819258,0.67646,-0.71127,-0.19104,1.15
5064,606418.822468,0.66842,-0.72285,-0.17521,0.89
5065,606418.824915,0.6754,-0.70964,-0.20061,1.67
5066,606418.831007,0.67475,-0.71221,-0.19357,1.05
5067,606418.833423,0.67534,-0.71164,-0.19361,1.28
5068,606418.842328,0.66262,-0.72542,-0.18626,1.2
5069,606418.845287,0.67682,-0.70775,-0.20248,1.82
5070,606418.850222,0.66697,-0.71905,-0.19523,0.52
5071,606418.862457,0.67304,-0.71044,-0.20564,2.18
5072,606418.869997,0.66531,-0.71788,-0.20497,1.09
5073,606418.873507,0.67141,-0.71523,-0.19404,1.71
5074,606418.878006,0.66001,-0.72095,-0.21124,1.9
5075,606418.883006,0.67357,-0.71042,-0.204,1.24
5076,606418.885558,0.65965,-0.71999,-0.21559,1.72
5077,606418.894693,0.6707,-0.71684,-0.19053,1.82
5078,606418.898094,0.6621,-0.71825,-0.21386,1.92
5079,606418.901164,0.67151,-0.71172,-0.2062,1.89
5080,606418.906771,0.66358,-0.71679,-0.21417,1.7
5081,606418.909674,0.66296,-0.72406,-0.19031,1.29
5082,606418.913797,0.66174,-0.7168,-0.21976,2.26
5083,606418.921216,0.66598,-0.71591,-0.20963,1.75
5084,606418.925342,0.66007,-0.71959,-0.21564,1.28
5085,606418.930523,0.65437,-0.73106,-0.19326,0.94
5086,606418.933656,0.66286,-0.71699,-0.21575,1.98
5087,606418.937865,0.65653,-0.72578,-0.20546,0.35
5088,606418.954379,0.64768,-0.72917,-0.22094,0.85
5089,606418.957296,0.65657,-0.72505,-0.20789,1.68
5090,606418.962885,0.65153,-0.72627,-0.21918,0.21
5091,606418.969833,0.65083,-0.73149,-0.20334,2.18
5092,606418.973569,0.65793,-0.72177,-0.21491,1.74
5093,606418.977644,0.64535,-0.73297,-0.21512,1.4
5094,606418.982423,0.65512,-0.7272,-0.20495,1.82
5095,606418.985235,0.64202,-0.73495,-0.2183,1.84
5096,606418.990476,0.65412,-0.72648,-0.2106,1.54
5097,606418.998567,0.64543,-0.73336,-0.21354,1.38
5098,606419.00121,0.65102,-0.7326,-0.19866,1.56
5099,606419.006787,0.64631,-0.73168,-0.21662,1.9
5100,606419.009598,0.65362,-0.72812,-0.20646,1.84
5101,606419.014997,0.64744,-0.73112,-0.21515,1.93
5102,606419.021437,0.6452,-0.73928,-0.19281,1.43
5103,606419.025478,0.64457,-0.73271,-0.21832,1.81
5104,606419.033941,0.64236,-0.73574,-0.21461,1.18
5105,606419.039266,0.64973,-0.73576,-0.19107,1.88
5106,606419.04632,0.64327,-0.73514,-0.21394,1.31
5107,606419.049881,0.64115,-0.74137,-0.19821,1.06
5108,606419.053175,0.64608,-0.73538,-0.20444,1.54
5109,606419.058333,0.63382,-0.74819,-0.19617,1.66
5110,606419.061401,0.64656,-0.73435,-0.20659,1.25
5111,606419.070142,0.64011,-0.74122,-0.20213,0.8
5112,606419.073658,0.64797,-0.73659,-0.1938,1.25
5113,606419.077627,0.63583,-0.74435,-0.20413,1.53
5114,606419.08106,0.65082,-0.73195,-0.20169,1.34
5115,606419.086008,0.63854,-0.74314,-0.2,1.3
5116,606419.090421,0.65292,-0.73344,-0.18912,1.55
5117,606419.097992,0.64148,-0.73752,-0.21112,1.12
5118,606419.102075,0.65184,-0.73268,-0.19568,1.44
5119,606419.105463,0.64337,-0.73915,-0.19934,1.22
5120,606419.122468,0.64951,-0.73588,-0.19134,0.8
5121,606419.125994,0.64705,-0.73694,-0.19555,1.24
5122,606419.129448,0.64491,-0.74306,-0.17874,0.49
5123,606419.135377,0.65015,-0.73387,-0.19682,1.74
5124,606419.137657,0.65363,-0.73259,-0.18995,1.06
5125,606419.141834,0.65175,-0.73403,-0.19086,1.4
5126,606419.150318,0.64143,-0.74558,-0.18076,0.32
5127,606419.153446,0.65304,-0.73185,-0.19476,1.57
5128,606419.157395,0.64928,-0.73862,-0.18131,0.74
5129,606419.162371,0.65392,-0.73404,-0.18322,1.37
5130,606419.166374,0.64146,-0.74498,-0.18311,1.3
5131,606419.174711,0.65614,-0.73074,-0.18841,1.23
5132,606419.177895,0.64807,-0.73888,-0.18455,0.83
5133,606419.181576,0.65588,-0.73295,-0.18054,1.25
5134,606419.18663,0.64591,-0.73852,-0.19334,0.65
5135,606419.189499,0.65946,-0.72834,-0.18607,1.34
5136,606419.197731,0.64848,-0.73794,-0.18687,0.88
5137,606419.210526,0.65915,-0.73103,-0.1764,1.85
5138,606419.213359,0.65381,-0.7355,-0.17766,1.4
5139,606419.219104,0.66177,-0.72756,-0.18087,0.72
5140,606419.225768,0.65047,-0.73841,-0.17789,1.33
5141,606419.229731,0.66303,-0.726,-0.18252,1.14
5142,606419.233222,0.65688,-0.73047,-0.18688,1.23
5143,606419.238769,0.65594,-0.73537,-0.17022,0.98
5144,606419.241648,0.66387,-0.72172,-0.19594,1.27
5145,606419.250109,0.66187,-0.72884,-0.17528,0.39
5146,606419.253946,0.66286,-0.7264,-0.18155,1.33
5147,606419.256849,0.65441,-0.73599,-0.17342,1.15
5148,606419.263425,0.66635,-0.72214,-0.18573,1.44
5149,606419.265583,0.6604,-0.72983,-0.1767,0.78
5150,606419.274146,0.66712,-0.72324,-0.17853,1.52
5151,606419.27759,0.65273,-0.73548,-0.18171,1.46
5152,606419.280882,0.66849,-0.72033,-0.18505,1.17
5153,606419.294929,0.65834,-0.7272,-0.19434,0.68
5154,606419.302209,0.6699,-0.71901,-0.18508,1.01
5155,606419.305266,0.66125,-0.72636,-0.18747,1.28
5156,606419.308995,0.66703,-0.72447,-0.17385,1.57
5157,606419.31454,0.66173,-0.72492,-0.1913,1.42
5158,606419.318599,0.66824,-0.7205,-0.18528,0.62
5159,606419.325872,0.66434,-0.72327,-0.18852,1.28
5160,606419.329809,0.66162,-0.7292,-0.17472,1.56
5161,606419.333995,0.66328,-0.72293,-0.19346,1.74
5162,606419.337777,0.66833,-0.72101,-0.18299,0.79
5163,606419.341732,0.66497,-0.72235,-0.18981,1.14
5164,606419.346299,0.65829,-0.73238,-0.17402,0.67
5165,606419.353497,0.66748,-0.71828,-0.19634,1.48
5166,606419.357044,0.66511,-0.72432,-0.18162,0.73
5167,606419.36291,0.66769,-0.72004,-0.18902,1.35
5168,606419.36662,0.65593,-0.73185,-0.18479,0.44
5169,606419.382465,0.66251,-0.72289,-0.19624,0.36
5170,606419.385325,0.66371,-0.72747,-0.17402,2.58
5171,606419.390156,0.66137,-0.72243,-0.20169,0.46
5172,606419.393458,0.66476,-0.72312,-0.18761,1.34
5173,606419.40234,0.66364,-0.72147,-0.19764,0.18
5174,606419.405911,0.65947,-0.72462,-0.20004,0.89
5175,606419.408854,0.66963,-0.7173,-0.19258,1.39
5176,606419.414842,0.65564,-0.72735,-0.20273,1.52
5177,606419.417555,0.66797,-0.72064,-0.18573,1.79
5178,606419.422656,0.65875,-0.72354,-0.20627,1.4
5179,606419.42963,0.6651,-0.72011,-0.19769,1.3
5180,606419.433137,0.66299,-0.72196,-0.19803,1.66
5181,606419.438946,0.66559,-0.72349,-0.18317,1.18
5182,606419.44157,0.66069,-0.72115,-0.2084,1.71
5183,606419.446085,0.66647,-0.71851,-0.19891,1.77
5184,606419.453977,0.66497,-0.71922,-0.20133,1.8
5185,606419.465539,0.66919,-0.71522,-0.20162,1.24
5186,606419.469831,0.65562,-0.72697,-0.20413,0.74
5187,606419.477946,0.66097,-0.72658,-0.18761,2.07
5188,606419.481761,0.66657,-0.71472,-0.21181,1.8
5189,606419.48529,0.65535,-0.7287,-0.19878,0.95
5190,606419.490399,0.66206,-0.7219,-0.20134,1.52
5191,606419.492974,0.64634,-0.73541,-0.20351,1.75
5192,606419.497725,0.6628,-0.71952,-0.20731,1.47
5193,606419.505592,0.65361,-0.72727,-0.20948,0.74
5194,606419.50912,0.66221,-0.72224,-0.19961,1.59
5195,606419.514752,0.64654,-0.73152,-0.21647,1.63
5196,606419.517522,0.66172,-0.72035,-0.20789,1.63
5197,606419.521957,0.64927,-0.72995,-0.21359,1.37
5198,606419.529892,0.65744,-0.72698,-0.19818,2.21
5199,606419.533844,0.64837,-0.7288,-0.22015,1.77
5200,606419.537734,0.65591,-0.72503,-0.21001,2.01
5201,606419.554794,0.6499,-0.72832,-0.21721,1.78
5202,606419.557933,0.65325,-0.72801,-0.20799,1.67
5203,606419.56142,0.65175,-0.72807,-0.21245,1.65
5204,606419.56698,0.64544,-0.73988,-0.18969,1.18
5205,606419.569934,0.65125,-0.72779,-0.21495,1.88
5206,606419.574511,0.64579,-0.73558,-0.20465,0.69
5207,606419.582452,0.64927,-0.73181,-0.20715,1.53
5208,606419.586441,0.63689,-0.74548,-0.19654,1.61
5209,606419.589658,0.65208,-0.72887,-0.20865,1.74
5210,606419.595206,0.64227,-0.74011,-0.19931,1.22
5211,606419.597117,0.65002,-0.73291,-0.20077,1.64
5212,606419.605354,0.63667,-0.74196,-0.21011,1.23
5213,606419.610359,0.64985,-0.73136,-0.2069,1.74
5214,606419.613075,0.64056,-0.73988,-0.20559,1.44
5215,606419.619148,0.65186,-0.73251,-0.19624,1.76
5216,606419.621403,0.6418,-0.73608,-0.21514,1.57
5217,606419.637818,0.64934,-0.73171,-0.20726,0.26
5218,606419.641715,0.63592,-0.74679,-0.19469,2.19
5219,606419.645357,0.65324,-0.72603,-0.21486,0.06
5220,606419.649033,0.6384,-0.74346,-0.19927,1.42
5221,606419.658047,0.65127,-0.73231,-0.1989,0.74
5222,606419.662543,0.64318,-0.73739,-0.20631,2.0
5223,606419.665388,0.64643,-0.73645,-0.19941,1.58
5224,606419.670002,0.64477,-0.73762,-0.20046,1.45
5225,606419.673517,0.63602,-0.74978,-0.18247,0.85
5226,606419.681873,0.64857,-0.73458,-0.19937,2.03
5227,606419.685523,0.64234,-0.74262,-0.18951,0.77
5228,606419.689224,0.64787,-0.73704,-0.19245,1.77
5229,606419.694098,0.63122,-0.75327,-0.18478,1.69
5230,606419.697607,0.6498,-0.73404,-0.19736,1.76
5231,606419.705705,0.63904,-0.74587,-0.18788,1.03
5232,606419.7097,0.65037,-0.73699,-0.18403,1.69
5233,606419.719299,0.64982,-0.73542,-0.19207,1.78
5234,606419.722998,0.64033,-0.74329,-0.19361,0.87
5235,606419.725725,0.64841,-0.73914,-0.1823,1.79
5236,606419.734117,0.63898,-0.74512,-0.19106,1.57
5237,606419.737776,0.64696,-0.73836,-0.19044,1.37
5238,606419.74144,0.64123,-0.7433,-0.19059,0.97
5239,606419.745835,0.64825,-0.74073,-0.17629,1.18
5240,606419.749337,0.64283,-0.74163,-0.19173,1.91
5241,606419.757708,0.65131,-0.73696,-0.18079,1.67
5242,606419.76154,0.64581,-0.74028,-0.18684,1.55
5243,606419.765007,0.64829,-0.74235,-0.1692,1.14
5244,606419.769722,0.65049,-0.73623,-0.18661,1.67
5245,606419.773212,0.65002,-0.73982,-0.17363,0.83
5246,606419.783322,0.65189,-0.73701,-0.1785,1.56
5247,606419.786309,0.64033,-0.74882,-0.17101,0.28
5248,606419.78903,0.65456,-0.73337,-0.1836,1.88
5249,606419.803311,0.6428,-0.74672,-0.17093,1.71
5250,606419.810304,0.65899,-0.73031,-0.17994,1.32
5251,606419.814163,0.64901,-0.7403,-0.17534,1.17
5252,606419.817176,0.65843,-0.73331,-0.16949,1.38
5253,606419.822916,0.64554,-0.74179,-0.18174,1.37
5254,606419.826124,0.66148,-0.72877,-0.17702,0.96
5255,606419.83451,0.65311,-0.73599,-0.1782,1.53
5256,606419.837559,0.65946,-0.73351,-0.16455,1.07
5257,606419.841247,0.65115,-0.73737,-0.1797,1.73
5258,606419.846098,0.66337,-0.72715,-0.1766,0.84
5259,606419.850204,0.65498,-0.73445,-0.17771,1.29
5260,606419.853472,0.65942,-0.73452,-0.16015,1.03
5261,606419.86224,0.65676,-0.73234,-0.17983,1.89
5262,606419.864948,0.6654,-0.72567,-0.17505,1.08
5263,606419.870384,0.65916,-0.73106,-0.17623,1.32
5264,606419.874554,0.65992,-0.73386,-0.16112,0.77
5265,606419.878332,0.66229,-0.72628,-0.18409,1.89
5266,606419.890294,0.6645,-0.72623,-0.17615,1.31
5267,606419.89424,0.65571,-0.73724,-0.16287,0.97
5268,606419.898003,0.66512,-0.72372,-0.18396,1.56
5269,606419.901173,0.66339,-0.7286,-0.17046,0.77
5270,606419.909536,0.66728,-0.72424,-0.17381,1.16
5271,606419.91428,0.65455,-0.7362,-0.17197,1.59
5272,606419.917068,0.66928,-0.71954,-0.18528,1.73
5273,606419.923026,0.66093,-0.72989,-0.17444,0.88
5274,606419.926197,0.67119,-0.72119,-0.17144,1.4
5275,606419.930172,0.65841,-0.72949,-0.18531,1.21
5276,606419.937619,0.67152,-0.71861,-0.18072,1.14
5277,606419.941307,0.66105,-0.72781,-0.1825,0.78
5278,606419.946096,0.67228,-0.72133,-0.16649,1.65
5279,606419.949656,0.66169,-0.72667,-0.18469,1.67
5280,606419.953283,0.66807,-0.72062,-0.18546,1.89
5281,606419.96178,0.66222,-0.72666,-0.18283,0.9
5282,606419.965159,0.67229,-0.722,-0.16352,1.38
5283,606419.978403,0.66272,-0.72713,-0.17914,1.07
5284,606419.986552,0.67222,-0.71921,-0.17568,1.18
5285,606419.989548,0.66752,-0.71893,-0.1938,1.71
5286,606419.993685,0.66822,-0.72209,-0.17909,1.08
5287,606419.998246,0.66978,-0.71949,-0.18363,1.49
5288,606420.002305,0.66181,-0.731,-0.16625,1.54
5289,606420.005249,0.67061,-0.71685,-0.19083,1.44
5290,606420.013634,0.6651,-0.72445,-0.18115,1.02
5291,606420.017096,0.67257,-0.71636,-0.18569,1.96
5292,606420.023254,0.65445,-0.73409,-0.18113,1.28
5293,606420.025612,0.67189,-0.71461,-0.19466,1.23
5294,606420.030181,0.66398,-0.72386,-0.18749,0.98
5295,606420.039107,0.67095,-0.71889,-0.18172,1.51
5296,606420.041693,0.66091,-0.72412,-0.1971,1.07
5297,606420.045531,0.67402,-0.71389,-0.18992,1.54
5298,606420.062335,0.65818,-0.73083,-0.18078,2.31
5299,606420.066316,0.67134,-0.71639,-0.18998,1.59
5300,606420.069667,0.66246,-0.72253,-0.19774,1.39
5301,606420.075296,0.66749,-0.72227,-0.18104,1.05
5302,606420.077895,0.66255,-0.71889,-0.21031,1.6
5303,606420.082229,0.66788,-0.71956,-0.19018,1.32
5304,606420.090202,0.66514,-0.71872,-0.20255,1.63
5305,606420.09336,0.65916,-0.72988,-0.18109,1.0
5306,606420.097742,0.66519,-0.71793,-0.20519,1.62
5307,606420.102177,0.66375,-0.72372,-0.18886,0.82
5308,606420.106275,0.66488,-0.72025,-0.19791,1.64
5309,606420.113521,0.65141,-0.73619,-0.18357,1.19
5310,606420.117536,0.66304,-0.71968,-0.20601,1.78
5311,606420.121407,0.65716,-0.72844,-0.19369,0.53
5312,606420.125934,0.66222,-0.72376,-0.194,1.55
5313,606420.13024,0.64799,-0.73678,-0.19305,1.3
5314,606420.138214,0.6646,-0.71946,-0.20169,1.82
5315,606420.150494,0.65394,-0.73228,-0.19005,2.52
5316,606420.153454,0.65268,-0.72744,-0.21174,0.45
5317,606420.157721,0.65775,-0.72834,-0.19206,1.8
5318,606420.166155,0.66167,-0.72608,-0.18711,1.42
5319,606420.169746,0.65308,-0.72689,-0.21241,1.03
5320,606420.173228,0.65755,-0.72743,-0.19616,1.35
5321,606420.178913,0.65213,-0.72923,-0.20727,1.39
5322,606420.181635,0.65536,-0.7321,-0.18583,1.21
5323,606420.189768,0.64931,-0.73133,-0.20869,1.79
5324,606420.193399,0.65633,-0.72637,-0.20399,1.56
5325,606420.197242,0.65291,-0.7298,-0.20274,1.39
5326,606420.20242,0.6443,-0.74188,-0.18572,0.51
5327,606420.205308,0.6548,-0.72729,-0.20561,1.97
5328,606420.213832,0.65448,-0.72855,-0.20218,1.21
5329,606420.21756,0.65353,-0.72983,-0.20064,1.58
5330,606420.221166,0.64074,-0.74291,-0.19374,0.53
5331,606420.234544,0.65446,-0.73048,-0.19515,1.42
5332,606420.24186,0.6397,-0.74303,-0.1967,1.37
5333,606420.245148,0.65696,-0.72711,-0.19925,1.38
5334,606420.251127,0.646,-0.73714,-0.19828,0.94
5335,606420.254545,0.65244,-0.73336,-0.19108,1.64
5336,606420.258379,0.64066,-0.7415,-0.1993,1.43
5337,606420.265686,0.65342,-0.72968,-0.20151,1.38
5338,606420.269851,0.64998,-0.73313,-0.20013,1.3
5339,606420.273293,0.65276,-0.73478,-0.18439,1.18
5340,606420.279332,0.64661,-0.7331,-0.21084,1.77
5341,606420.281722,0.6542,-0.7317,-0.1914,1.14
5342,606420.289454,0.64923,-0.73186,-0.20707,1.21
5343,606420.294416,0.65121,-0.73644,-0.18324,0.99
5344,606420.297076,0.64836,-0.73233,-0.20812,1.69
5345,606420.302615,0.65388,-0.73,-0.19885,1.17
5346,606420.306208,0.65157,-0.73143,-0.20116,1.47
5347,606420.318979,0.65244,-0.72999,-0.20359,1.46
5348,606420.322534,0.64678,-0.73891,-0.18891,1.56
5349,606420.325011,0.65125,-0.73177,-0.20095,2.19
5350,606420.33029,0.64135,-0.7447,-0.18465,2.25
5351,606420.333656,0.6526,-0.73078,-0.2002,1.53
5352,606420.341305,0.64377,-0.74,-0.19483,1.32
5353,606420.345608,0.65442,-0.73258,-0.18724,1.76
5354,606420.350137,0.63601,-0.74525,-0.20023,1.71
5355,606420.353801,0.65722,-0.72813,-0.19464,1.57
5356,606420.357894,0.64306,-0.74017,-0.19652,1.44
5357,606420.36172,0.65592,-0.73248,-0.18233,2.09
5358,606420.369609,0.63997,-0.74162,-0.20107,1.14
5359,606420.373127,0.65337,-0.73226,-0.1921,1.77
5360,606420.377967,0.64499,-0.73966,-0.19208,0.98
5361,606420.381247,0.65076,-0.73838,-0.17691,1.3
5362,606420.385091,0.64459,-0.73862,-0.19734,1.89
5363,606420.393645,0.65537,-0.73067,-0.19132,1.36
5364,606420.406621,0.63863,-0.74752,-0.18265,1.59
5365,606420.409102,0.65506,-0.72864,-0.19997,0.15
5366,606420.418338,0.64586,-0.73993,-0.18807,0.43
5367,606420.421889,0.63695,-0.74988,-0.17884,0.42
5368,606420.425571,0.65017,-0.73613,-0.18812,1.5
5369,606420.430988,0.64832,-0.73854,-0.18506,0.48
5370,606420.433648,0.65214,-0.73532,-0.18442,1.24
5371,606420.43828,0.63918,-0.74784,-0.17939,1.11
5372,606420.44677,0.6499,-0.73559,-0.19117,1.36
5373,606420.448886,0.64575,-0.74076,-0.18517,0.48
5374,606420.453326,0.65052,-0.73804,-0.17923,1.02
5375,606420.458334,0.63968,-0.74496,-0.18934,1.01
5376,606420.462563,0.654,-0.73311,-0.18666,0.93
5377,606420.469976,0.64368,-0.74247,-0.18552,0.76
5378,606420.474775,0.65271,-0.73633,-0.17828,1.28
5379,606420.476806,0.64215,-0.74106,-0.19616,0.82
5380,606420.486201,0.64811,-0.73838,-0.18643,1.07
5381,606420.495505,0.65338,-0.73719,-0.1722,1.19
5382,606420.497691,0.65025,-0.73332,-0.19856,1.19
5383,606420.501617,0.6555,-0.73281,-0.18249,1.12
5384,606420.507084,0.65094,-0.73515,-0.18929,1.58
5385,606420.509477,0.65213,-0.73897,-0.16925,0.99
5386,606420.514195,0.65367,-0.73206,-0.19185,2.01
5387,606420.521764,0.65805,-0.72989,-0.18504,1.39
5388,606420.525903,0.65542,-0.73222,-0.18513,1.46
5389,606420.528896,0.64817,-0.74268,-0.16824,1.27
5390,606420.534912,0.65874,-0.72911,-0.18564,1.57
5391,606420.537177,0.65306,-0.73726,-0.17307,1.2
5392,606420.545207,0.65945,-0.72985,-0.18012,1.57
5393,606420.549987,0.64517,-0.74426,-0.17275,1.83
5394,606420.55357,0.66108,-0.72739,-0.18406,1.44
5395,606420.557806,0.65059,-0.73815,-0.17852,1.11
5396,606420.561806,0.66226,-0.72897,-0.17323,1.64
5397,606420.569577,0.64819,-0.73847,-0.18575,0.71
5398,606420.582176,0.66223,-0.72828,-0.17622,0.57
5399,606420.585324,0.65252,-0.7344,-0.18676,0.73
5400,606420.589969,0.65798,-0.72872,-0.18981,0.36
5401,606420.598037,0.65612,-0.73226,-0.18251,1.78
5402,606420.601695,0.65859,-0.73322,-0.16922,1.02
5403,606420.605396,0.65714,-0.72897,-0.19178,1.03
5404,606420.610635,0.66411,-0.72613,-0.17802,0.83
5405,606420.613295,0.65863,-0.72975,-0.1835,1.24
5406,606420.621584,0.66022,-0.73211,-0.16774,0.8
5407,606420.625856,0.65981,-0.72708,-0.18975,1.85
5408,606420.628985,0.66383,-0.72622,-0.17873,0.78
5409,606420.63457,0.66498,-0.72486,-0.17994,1.49
5410,606420.637525,0.65298,-0.73735,-0.17302,1.18
5411,606420.645591,0.66461,-0.72268,-0.18979,1.73
5412,606420.650273,0.65885,-0.73098,-0.17772,0.99
5413,606420.652871,0.66767,-0.72196,-0.18161,1.72
5414,606420.666042,0.65829,-0.72922,-0.1868,0.73
5415,606420.673265,0.66871,-0.72174,-0.17865,1.65
5416,606420.678174,0.65386,-0.73275,-0.18853,1.44
5417,606420.681053,0.66923,-0.71958,-0.18531,0.98
5418,606420.68595,0.65969,-0.72789,-0.18706,1.03
5419,606420.689805,0.66524,-0.72573,-0.1754,1.4
5420,606420.698477,0.65571,-0.72856,-0.1981,0.42
5421,606420.701993,0.6669,-0.72124,-0.18721,1.18
5422,606420.705568,0.66362,-0.72334,-0.19075,0.89
5423,606420.710454,0.66476,-0.72648,-0.17413,1.23
5424,606420.713658,0.65838,-0.72762,-0.19265,1.3
5425,606420.721484,0.6655,-0.72318,-0.18472,0.97
5426,606420.725712,0.66315,-0.72336,-0.1923,1.26
5427,606420.729699,0.66357,-0.72802,-0.17222,1.21
5428,606420.734942,0.66268,-0.72227,-0.19792,1.74
5429,606420.737631,0.66752,-0.72058,-0.18756,1.87
5430,606420.754211,0.6573,-0.72893,-0.19136,0.67
5431,606420.757509,0.67102,-0.71888,-0.18151,1.37
5432,606420.762146,0.66007,-0.72597,-0.19306,0.33
5433,606420.765095,0.66426,-0.72739,-0.17222,2.13
5434,606420.774007,0.65747,-0.7267,-0.19913,0.52
5435,606420.778503,0.66006,-0.72715,-0.18859,0.35
5436,606420.780699,0.66689,-0.7218,-0.18506,1.41
5437,606420.786775,0.65122,-0.73262,-0.19795,1.44
5438,606420.78898,0.6679,-0.71911,-0.19178,1.24
5439,606420.798506,0.65777,-0.72729,-0.19592,1.04
5440,606420.802073,0.66669,-0.72243,-0.18336,1.41
5441,606420.805566,0.65598,-0.72759,-0.20077,1.66
5442,606420.810966,0.6655,-0.72034,-0.19551,1.53
5443,606420.813964,0.65896,-0.72513,-0.19989,1.28
5444,606420.818126,0.66483,-0.72459,-0.18157,1.1
5445,606420.825446,0.65738,-0.72423,-0.20818,1.87
5446,606420.838029,0.65866,-0.7302,-0.18157,0.51
5447,606420.84137,0.65696,-0.72484,-0.20739,1.96
5448,606420.850911,0.65561,-0.73041,-0.19153,1.21
5449,606420.853984,0.66231,-0.72193,-0.20041,1.74
5450,606420.857104,0.6521,-0.73483,-0.18651,1.74
5451,606420.862156,0.66228,-0.72045,-0.20575,1.48
5452,606420.865129,0.65775,-0.7275,-0.19524,0.77
5453,606420.870902,0.66232,-0.72307,-0.1962,1.63
5454,606420.87754,0.64981,-0.73384,-0.19804,1.81
5455,606420.88113,0.66473,-0.71952,-0.20105,1.48
5456,606420.887081,0.65313,-0.73025,-0.20041,1.19
5457,606420.88929,0.66269,-0.72356,-0.19312,1.77
5458,606420.893801,0.65073,-0.72978,-0.20967,0.94
5459,606420.901588,0.66256,-0.7231,-0.19528,1.68
5460,606420.905576,0.65301,-0.72955,-0.2033,1.43
5461,606420.909162,0.65897,-0.72869,-0.18645,1.65
5462,606420.927634,0.65296,-0.72921,-0.20468,1.56
5463,606420.929842,0.65612,-0.73107,-0.1872,1.04
5464,606420.934,0.65233,-0.72798,-0.211,1.75
5465,606420.938902,0.65912,-0.72473,-0.20081,1.38
5466,606420.941748,0.65656,-0.72537,-0.20681,1.83
5467,606420.946141,0.64959,-0.73754,-0.18457,1.12
5468,606420.953751,0.65334,-0.72814,-0.20725,1.99
5469,606420.956901,0.65351,-0.73005,-0.19987,0.21
5470,606420.962042,0.65615,-0.72644,-0.20435,1.67
5471,606420.96564,0.64353,-0.74078,-0.19263,0.91
5472,606420.969717,0.65404,-0.72646,-0.21094,1.52
5473,606420.977571,0.64928,-0.73365,-0.20048,0.74
5474,606420.981591,0.65419,-0.72986,-0.19834,1.36
5475,606420.984832,0.64276,-0.73781,-0.20617,1.0
5476,606420.98959,0.65542,-0.72751,-0.20284,1.45
5477,606420.994635,0.64282,-0.73816,-0.20471,1.32
5478,606421.001961,0.65518,-0.7299,-0.1949,1.71
5479,606421.014811,0.64663,-0.7373,-0.1956,1.83
5480,606421.016937,0.65477,-0.72721,-0.20602,0.11
5481,606421.022809,0.64272,-0.74156,-0.19235,2.14
5482,606421.0303,0.65248,-0.72684,-0.2144,0.23
5483,606421.034176,0.64658,-0.73445,-0.20622,1.52
5484,606421.037588,0.64858,-0.73829,-0.18512,0.66
5485,606421.043185,0.64801,-0.73227,-0.20944,1.78
5486,606421.04566,0.64957,-0.73426,-0.19731,0.5
5487,606421.054552,0.64877,-0.73263,-0.20579,1.75
5488,606421.058803,0.64276,-0.74315,-0.18596,0.65
5489,606421.061106,0.64545,-0.73439,-0.20991,1.82
5490,606421.066413,0.64751,-0.73568,-0.19878,0.16
5491,606421.069037,0.65044,-0.7331,-0.1987,1.4
5492,606421.07821,0.63993,-0.74379,-0.19308,1.19
5493,606421.081429,0.65191,-0.73054,-0.20328,1.5
5494,606421.085194,0.64503,-0.73918,-0.19379,0.86
5495,606421.098811,0.65337,-0.73033,-0.19933,1.56
5496,606421.105284,0.64616,-0.73762,-0.19592,1.06
5497,606421.110218,0.65055,-0.73559,-0.18893,1.07
5498,606421.113065,0.64477,-0.73599,-0.2064,1.96
5499,606421.119251,0.6589,-0.72831,-0.1882,1.58
5500,606421.121176,0.64602,-0.73708,-0.19843,1.59
5501,606421.130341,0.65344,-0.73436,-0.18366,1.55
5502,606421.133469,0.64779,-0.73411,-0.20359,1.68
5503,606421.137481,0.65233,-0.73358,-0.19061,1.04
5504,606421.142574,0.65314,-0.73055,-0.19924,1.59
5505,606421.145515,0.65041,-0.73798,-0.17984,1.24
5506,606421.154052,0.65343,-0.73029,-0.19926,1.7
5507,606421.157961,0.6509,-0.73586,-0.18665,0.76
5508,606421.161435,0.65573,-0.72858,-0.19797,1.74
5509,606421.166474,0.64486,-0.74297,-0.1793,0.79
5510,606421.169531,0.65489,-0.72963,-0.19686,1.41
5511,606421.18659,0.65277,-0.73717,-0.1746,1.97
5512,606421.189538,0.64937,-0.73591,-0.19174,0.7
5513,606421.193451,0.65843,-0.73111,-0.17875,1.63
5514,606421.198469,0.6528,-0.73328,-0.19017,0.3
5515,606421.205828,0.65048,-0.73917,-0.17466,2.09
5516,606421.209863,0.65949,-0.72652,-0.19296,1.42
5517,606421.213171,0.65191,-0.73508,-0.18621,0.82
5518,606421.219283,0.65878,-0.73137,-0.17635,1.42
5519,606421.221492,0.64992,-0.73426,-0.19616,1.23
5520,606421.230778,0.66085,-0.72733,-0.1851,1.12
5521,606421.233365,0.65323,-0.7324,-0.19204,1.26
5522,606421.237418,0.6588,-0.73179,-0.17456,1.35
5523,606421.242408,0.65129,-0.73395,-0.19269,1.77
5524,606421.245047,0.65902,-0.72904,-0.18491,0.95
5525,606421.250784,0.65734,-0.72903,-0.19083,1.41
5526,606421.257896,0.65047,-0.73789,-0.18001,0.62
5527,606421.27024,0.65264,-0.73212,-0.1951,0.99
5528,606421.273601,0.66156,-0.7286,-0.17743,1.81
5529,606421.283371,0.66139,-0.72473,-0.19321,1.59
5530,606421.285778,0.65604,-0.73177,-0.18473,0.86
5531,606421.289541,0.6611,-0.72648,-0.18755,1.28
5532,606421.29434,0.64903,-0.73825,-0.18371,1.59
5533,606421.298005,0.65856,-0.72634,-0.19679,2.15
5534,606421.306142,0.65265,-0.73381,-0.18857,1.02
5535,606421.309903,0.66227,-0.72692,-0.18162,1.75
5536,606421.312961,0.64668,-0.73771,-0.19386,1.42
5537,606421.318828,0.66588,-0.72133,-0.19052,1.29
5538,606421.321097,0.65564,-0.73067,-0.19041,0.9
5539,606421.326286,0.66454,-0.72635,-0.17551,1.59
5540,606421.333889,0.65591,-0.72743,-0.20155,0.96
5541,606421.33829,0.66407,-0.72476,-0.18365,1.07
5542,606421.341779,0.65636,-0.72851,-0.1961,1.42
5543,606421.358896,0.6595,-0.72698,-0.19122,1.29
5544,606421.361415,0.65959,-0.72531,-0.19712,1.37
5545,606421.365596,0.65515,-0.73466,-0.17623,0.8
5546,606421.371169,0.66118,-0.72434,-0.19535,1.59
5547,606421.373335,0.66325,-0.72375,-0.1905,1.48
5548,606421.37776,0.66157,-0.72451,-0.19343,1.42
5549,606421.385955,0.6509,-0.73795,-0.17819,0.87
5550,606421.389208,0.6604,-0.72455,-0.19724,1.55
5551,606421.39339,0.65607,-0.7308,-0.18841,0.46
5552,606421.397625,0.66034,-0.72703,-0.18808,1.23
5553,606421.401937,0.646,-0.73904,-0.19106,1.64
5554,606421.410285,0.663,-0.72249,-0.19606,1.6
5555,606421.413622,0.65133,-0.73417,-0.19175,1.21
5556,606421.417166,0.66212,-0.72589,-0.18622,1.6
5557,606421.422213,0.64725,-0.73542,-0.20055,1.23
5558,606421.425681,0.66333,-0.7224,-0.19527,1.53
5559,606421.433608,0.65438,-0.73076,-0.19436,1.09
5560,606421.446712,0.66055,-0.72248,-0.2042,0.09
5561,606421.449655,0.6524,-0.73334,-0.19128,1.43
5562,606421.453872,0.6616,-0.72384,-0.19581,0.58
5563,606421.462727,0.64668,-0.73825,-0.19179,2.19
5564,606421.465452,0.66382,-0.72037,-0.20102,0.56
5565,606421.46963,0.65211,-0.73182,-0.19794,1.4
5566,606421.473965,0.66133,-0.72668,-0.18595,1.19
5567,606421.47719,0.64535,-0.73658,-0.20241,2.4
5568,606421.485811,0.662,-0.72444,-0.1922,0.89
5569,606421.491232,0.65557,-0.72861,-0.19839,1.27
5570,606421.4929,0.64386,-0.74086,-0.19124,0.39
5571,606421.498284,0.65574,-0.72777,-0.20091,1.8
5572,606421.501649,0.64892,-0.73605,-0.1927,0.92
5573,606421.510335,0.65663,-0.7291,-0.19299,1.8
5574,606421.512932,0.64035,-0.74437,-0.18935,1.58
5575,606421.517761,0.65629,-0.72812,-0.19779,1.47
5576,606421.530899,0.64606,-0.73512,-0.20543,0.77
5577,606421.537745,0.66007,-0.72489,-0.1971,1.65
5578,606421.543283,0.64735,-0.73575,-0.19902,1.31
5579,606421.544956,0.65533,-0.73225,-0.18532,1.89
5580,606421.551166,0.64799,-0.73346,-0.20528,1.3
5581,606421.554033,0.6558,-0.73011,-0.19201,1.17
5582,606421.562149,0.65074,-0.73342,-0.19655,1.63
5583,606421.565358,0.65344,-0.7352,-0.18024,1.21
5584,606421.569284,0.65138,-0.73117,-0.20271,2.17
5585,606421.574288,0.65667,-0.7294,-0.19176,1.84
5586,606421.577924,0.65401,-0.72945,-0.20045,1.55
5587,606421.585472,0.65034,-0.73917,-0.17517,1.19
5588,606421.589557,0.65374,-0.72958,-0.20087,1.8
5589,606421.592942,0.65217,-0.734,-0.18951,0.42
5590,606421.598698,0.65467,-0.73161,-0.19014,1.32
5591,606421.601786,0.64458,-0.74125,-0.18726,0.57
5592,606421.605758,0.65688,-0.72849,-0.19443,1.37
5593,606421.618306,0.65741,-0.73009,-0.1865,1.53
5594,606421.62227,0.64134,-0.74519,-0.18268,1.59
5595,606421.62594,0.65778,-0.72811,-0.19281,1.45
5596,606421.629703,0.65156,-0.73494,-0.18796,0.97
5597,606421.638106,0.65846,-0.73036,-0.18167,1.27
5598,606421.64165,0.64645,-0.73777,-0.19442,1.25
5599,606421.64527,0.66236,-0.72599,-0.18499,1.28
5600,606421.650192,0.65286,-0.7339,-0.18752,1.24
5601,606421.653464,0.65849,-0.73158,-0.17658,1.45
5602,606421.66203,0.65294,-0.73112,-0.19781,0.93
5603,606421.666217,0.66,-0.72745,-0.18767,0.9
5604,606421.669255,0.65513,-0.73148,-0.18905,1.3
5605,606421.673346,0.65608,-0.73447,-0.17352,0.99
5606,606421.678093,0.65708,-0.7286,-0.19334,1.94
5607,606421.682414,0.65968,-0.72905,-0.18251,0.7
5608,606421.690197,0.65716,-0.72859,-0.19311,1.47
5609,606421.694343,0.65556,-0.73532,-0.17188,1.01
5610,606421.70693,0.65406,-0.7329,-0.18724,0.48
5611,606421.715034,0.651,-0.73729,-0.18055,0.3
5612,606421.717907,0.66434,-0.72263,-0.19094,1.45
5613,606421.720893,0.65521,-0.73401,-0.17869,1.12
5614,606421.726282,0.66403,-0.72561,-0.18042,1.61
5615,606421.729783,0.64985,-0.73724,-0.18488,1.47
5616,606421.738114,0.66708,-0.72107,-0.18725,1.47
5617,606421.741395,0.65372,-0.73249,-0.19004,1.42
5618,606421.745518,0.66624,-0.72459,-0.1763,1.75
5619,606421.750671,0.65414,-0.73192,-0.19075,1.39
5620,606421.754558,0.66787,-0.72044,-0.18684,0.89
5621,606421.757837,0.65901,-0.72857,-0.1868,1.3
5622,606421.765491,0.66661,-0.72505,-0.17303,1.43
5623,606421.769885,0.65518,-0.73044,-0.19286,1.64
5624,606421.773158,0.66968,-0.7178,-0.19049,1.32
5625,606421.778083,0.66121,-0.725,-0.19283,1.36
5626,606421.790311,0.65694,-0.72939,-0.19082,1.28
5627,606421.795496,0.67454,-0.71142,-0.19715,0.47
5628,606421.796966,0.65491,-0.73128,-0.19059,0.66
5629,606421.805639,0.66324,-0.72123,-0.19985,1.75
5630,606421.810026,0.66369,-0.7243,-0.18683,0.44
5631,606421.818544,0.66603,-0.72095,-0.1914,1.33
5632,606421.821282,0.65548,-0.73299,-0.18185,1.24
5633,606421.826287,0.67007,-0.71577,-0.19668,1.49
5634,606421.829554,0.65964,-0.72744,-0.18897,1.03
5635,606421.834277,0.66825,-0.71926,-0.19004,1.65
5636,606421.841522,0.6484,-0.73603,-0.19453,1.53
5637,606421.846449,0.66913,-0.7163,-0.19792,1.4
5638,606421.848843,0.65875,-0.72637,-0.19605,0.69
5639,606421.855056,0.66824,-0.72011,-0.18682,1.53
5640,606421.857575,0.65733,-0.72527,-0.20472,0.88
5641,606421.866254,0.66558,-0.72056,-0.19441,0.96
5642,606421.878306,0.65611,-0.73022,-0.19052,2.3
5643,606421.882354,0.66177,-0.71963,-0.2102,0.17
5644,606421.885552,0.65827,-0.72656,-0.19694,1.13
5645,606421.895092,0.65998,-0.72744,-0.18778,0.98
5646,606421.897078,0.6591,-0.7228,-0.20771,1.59
5647,606421.903675,0.66125,-0.72314,-0.19955,1.07
5648,606421.905687,0.6586,-0.72412,-0.20468,1.55
5649,606421.909581,0.65255,-0.73492,-0.18457,1.19
5650,606421.917717,0.65826,-0.72152,-0.21469,2.06
5651,606421.921476,0.65897,-0.72703,-0.19283,0.38
5652,606421.925084,0.66204,-0.72308,-0.19712,1.57
5653,606421.930449,0.6487,-0.73634,-0.19233,0.44
5654,606421.933698,0.66011,-0.72307,-0.20353,1.51
5655,606421.942352,0.65259,-0.73218,-0.195,0.84
5656,606421.945656,0.66083,-0.72453,-0.19588,1.65
5657,606421.949432,0.64312,-0.73897,-0.20079,1.32
5658,606421.962031,0.66171,-0.7252,-0.19034,1.59
5659,606421.969805,0.64841,-0.73201,-0.2091,0.87
5660,606421.973482,0.65757,-0.72664,-0.19898,1.52
5661,606421.979577,0.64961,-0.73163,-0.2067,1.39
5662,606421.981806,0.65689,-0.73003,-0.18855,1.76
5663,606421.986449,0.6493,-0.73076,-0.21072,1.67
5664,606421.994091,0.65544,-0.72864,-0.19871,1.48
5665,606421.998026,0.65132,-0.73059,-0.20498,1.43
5666,606422.001293,0.65019,-0.73669,-0.18585,1.07
5667,606422.006525,0.65199,-0.72808,-0.21165,2.06
5668,606422.009959,0.6508,-0.73308,-0.1976,0.55
5669,606422.017679,0.65499,-0.72618,-0.20892,1.7
5670,606422.0216,0.64383,-0.74256,-0.18462,0.91
5671,606422.02511,0.65131,-0.72976,-0.20796,1.82
5672,606422.029832,0.64911,-0.7331,-0.20303,0.54
5673,606422.034376,0.65288,-0.73082,-0.19912,1.74
5674,606422.036992,0.63807,-0.74484,-0.19512,1.28
5675,606422.050881,0.64356,-0.73881,-0.19997,1.27
5676,606422.054816,0.65414,-0.73032,-0.1968,1.86
5677,606422.057777,0.63611,-0.74588,-0.19755,1.52
5678,606422.062411,0.65494,-0.72982,-0.19598,1.75
5679,606422.069921,0.64236,-0.73964,-0.20076,1.17
5680,606422.074556,0.65264,-0.73425,-0.18692,1.49
5681,606422.077302,0.6388,-0.7426,-0.20117,1.28
5682,606422.082298,0.65131,-0.73282,-0.1969,1.32
5683,606422.086017,0.64199,-0.74001,-0.20059,1.1
5684,606422.094204,0.65013,-0.73758,-0.18249,1.24
5685,606422.097483,0.6457,-0.7362,-0.20268,1.95
5686,606422.10126,0.64892,-0.73749,-0.18708,0.93
5687,606422.107941,0.64465,-0.73836,-0.19811,1.38
5688,606422.110208,0.64665,-0.74073,-0.18211,1.27
5689,606422.11457,0.64481,-0.73751,-0.20073,1.83
5690,606422.121927,0.64667,-0.74004,-0.18485,0.76
5691,606422.125692,0.64742,-0.73878,-0.18724,1.45
5692,606422.139092,0.65113,-0.73636,-0.18389,1.71
5693,606422.147307,0.65044,-0.73761,-0.18126,1.95
5694,606422.150509,0.63484,-0.75129,-0.18037,1.48
5695,606422.153487,0.65173,-0.73451,-0.18903,1.57
5696,606422.15867,0.6382,-0.74739,-0.18467,1.01
5697,606422.161663,0.65204,-0.7379,-0.1742,1.65
5698,606422.169598,0.6376,-0.74756,-0.18607,1.35
5699,606422.173515,0.65489,-0.73348,-0.18201,1.13
5700,606422.176945,0.64021,-0.74428,-0.19021,1.5
5701,606422.181975,0.65466,-0.73553,-0.17441,1.71
5702,606422.185017,0.64477,-0.73887,-0.19582,0.85
5703,606422.189713,0.65548,-0.7328,-0.1826,1.28
5704,606422.19757,0.64811,-0.73855,-0.18574,0.97
5705,606422.201557,0.65142,-0.73967,-0.16895,1.29
5706,606422.205128,0.65065,-0.73467,-0.19211,1.77
5707,606422.222079,0.65092,-0.74022,-0.16844,1.03
5708,606422.225516,0.65534,-0.7308,-0.19096,1.73
5709,606422.229535,0.66009,-0.72899,-0.18127,1.22
5710,606422.235009,0.65718,-0.73168,-0.18098,1.06
5711,606422.237779,0.64495,-0.74324,-0.17785,0.69
5712,606422.245948,0.66317,-0.72556,-0.18377,1.63
5713,606422.249412,0.65413,-0.73579,-0.17527,1.04
5714,606422.253613,0.66152,-0.72854,-0.17783,1.38
5715,606422.257987,0.64714,-0.74199,-0.17509,1.49
5716,606422.261282,0.66669,-0.72174,-0.18606,1.64
5717,606422.266223,0.65504,-0.73347,-0.18153,0.8
5718,606422.275126,0.66376,-0.72727,-0.17466,1.4
5719,606422.278345,0.65355,-0.73409,-0.18435,1.66
5720,606422.28091,0.66423,-0.725,-0.18217,1.68
5721,606422.286079,0.65464,-0.73247,-0.18691,1.22
5722,606422.289184,0.66627,-0.72588,-0.1708,1.71
5723,606422.306277,0.65789,-0.73247,-0.17513,1.33
5724,606422.309944,0.66758,-0.72318,-0.17708,0.67
5725,606422.313894,0.65486,-0.73554,-0.17361,1.87
5726,606422.318073,0.67108,-0.71865,-0.18217,0.4
5727,606422.326049,0.65778,-0.73074,-0.18261,1.41
5728,606422.329718,0.66885,-0.72381,-0.16954,1.44
5729,606422.334404,0.65317,-0.73588,-0.17843,1.18
5730,606422.337406,0.67017,-0.72156,-0.17386,1.09
5731,606422.342338,0.65837,-0.7305,-0.18143,0.48
5732,606422.350137,0.66463,-0.72895,-0.16403,1.75
5733,606422.354307,0.66916,-0.72008,-0.18362,1.5
5734,606422.356927,0.66092,-0.73026,-0.17292,0.96
5735,606422.362549,0.66819,-0.7222,-0.17872,2.08
5736,606422.366749,0.65384,-0.73609,-0.17515,1.48
5737,606422.374323,0.67143,-0.71744,-0.18566,1.57
5738,606422.378052,0.66227,-0.7274,-0.17967,0.7
5739,606422.390688,0.6717,-0.71882,-0.17923,1.77
5740,606422.393863,0.66988,-0.7195,-0.18325,1.45
5741,606422.402801,0.67114,-0.71988,-0.17704,1.49
5742,606422.405253,0.66167,-0.72396,-0.19515,1.49
5743,606422.41048,0.67555,-0.71306,-0.18757,1.13
5744,606422.413656,0.67005,-0.71742,-0.19061,1.2
5745,606422.418846,0.67,-0.72091,-0.17715,0.99
5746,606422.426379,0.66616,-0.71861,-0.19956,1.46
5747,606422.429615,0.67295,-0.71411,-0.19286,0.49
5748,606422.432883,0.67428,-0.7108,-0.2003,1.13
5749,606422.439236,0.66692,-0.72293,-0.18055,0.61
5750,606422.44158,0.67465,-0.70902,-0.20529,1.33
5751,606422.449598,0.67054,-0.71678,-0.19132,0.67
5752,606422.453464,0.67232,-0.71396,-0.19557,1.51
5753,606422.457121,0.65906,-0.72818,-0.18811,1.07
5754,606422.470279,0.66856,-0.71724,-0.19645,1.53
5755,606422.47881,0.65468,-0.72797,-0.20361,1.46
5756,606422.481282,0.67076,-0.71321,-0.20351,1.47
5757,606422.48544,0.65603,-0.72651,-0.2045,1.1
5758,606422.490822,0.66813,-0.7171,-0.19842,1.91
5759,606422.493943,0.65405,-0.72726,-0.20811,1.39
5760,606422.501656,0.66471,-0.71815,-0.20597,1.91
5761,606422.505893,0.65771,-0.72405,-0.20779,1.16
5762,606422.50946,0.66885,-0.71781,-0.19335,1.42
5763,606422.514985,0.65881,-0.72206,-0.21117,1.61
5764,606422.517529,0.66607,-0.7194,-0.19703,1.49
5765,606422.52563,0.65898,-0.72144,-0.21278,1.69
5766,606422.529616,0.66514,-0.72271,-0.18784,0.96
5767,606422.533107,0.65648,-0.72262,-0.21648,1.73
5768,606422.538514,0.66359,-0.71948,-0.20495,1.48
5769,606422.542166,0.66104,-0.72149,-0.2061,1.76
5770,606422.558543,0.66556,-0.72041,-0.19502,1.46
5771,606422.561426,0.65,-0.73009,-0.21088,0.59
5772,606422.566841,0.65706,-0.72977,-0.18895,2.1
5773,606422.569708,0.64564,-0.7334,-0.21276,1.07
5774,606422.577624,0.65689,-0.72614,-0.20304,1.42
5775,606422.581724,0.65079,-0.72946,-0.21063,0.4
5776,606422.585325,0.65093,-0.7342,-0.193,2.3
5777,606422.589523,0.65353,-0.72448,-0.21914,0.63
5778,606422.59403,0.65171,-0.7313,-0.2012,1.97
5779,606422.601415,0.6537,-0.72527,-0.21601,0.04
5780,606422.606112,0.64407,-0.73382,-0.21605,0.91
5781,606422.609358,0.65735,-0.72431,-0.20798,1.46
5782,606422.613309,0.64902,-0.73181,-0.20791,1.12
5783,606422.617888,0.65502,-0.7299,-0.19544,1.47
5784,606422.621163,0.64848,-0.7313,-0.21135,1.77
5785,606422.629841,0.65378,-0.72859,-0.20425,1.32
5786,606422.642316,0.64781,-0.73082,-0.21505,1.99
5787,606422.645908,0.6584,-0.72213,-0.21223,0.49
5788,606422.654475,0.64352,-0.73715,-0.20615,1.01
5789,606422.657935,0.644,-0.7394,-0.19634,0.97
5790,606422.660862,0.65182,-0.72845,-0.21091,1.78
5791,606422.667129,0.64688,-0.73615,-0.19907,0.86
5792,606422.669588,0.65115,-0.73095,-0.20425,1.82
5793,606422.678183,0.63804,-0.74473,-0.19566,1.45
5794,606422.683195,0.65009,-0.72843,-0.21626,1.61
5795,606422.685373,0.6417,-0.73949,-0.20343,0.83
5796,606422.690395,0.65049,-0.73236,-0.20126,1.91
5797,606422.693686,0.634,-0.74389,-0.21135,1.71
5798,606422.697786,0.65014,-0.7305,-0.20902,1.72
5799,606422.705592,0.6377,-0.74079,-0.21111,1.53
5800,606422.709396,0.6493,-0.73432,-0.19795,2.04
5801,606422.721695,0.64074,-0.7391,-0.20781,1.51
5802,606422.729694,0.64514,-0.74033,-0.18896,1.53
5803,606422.733774,0.64214,-0.73663,-0.21222,1.54
5804,606422.737231,0.64903,-0.73614,-0.19197,1.1
5805,606422.742368,0.64465,-0.73591,-0.20703,1.74
5806,606422.745564,0.64436,-0.74281,-0.18174,1.35
5807,606422.7537,0.64748,-0.73412,-0.20454,1.98
5808,606422.757601,0.64707,-0.73664,-0.19663,1.37
5809,606422.761321,0.64831,-0.73479,-0.19947,1.77
5810,606422.766628,0.63941,-0.74773,-0.17903,0.89
5811,606422.769755,0.64702,-0.73528,-0.20184,1.91
5812,606422.773846,0.64468,-0.74126,-0.18686,0.87
5813,606422.781548,0.64923,-0.73645,-0.19012,1.49
5814,606422.785312,0.63754,-0.74877,-0.18135,1.21
5815,606422.789628,0.64981,-0.73433,-0.19624,1.42
5816,606422.794259,0.64406,-0.74099,-0.19005,0.76
5817,606422.797227,0.65053,-0.73667,-0.18475,1.44
5818,606422.81047,0.65192,-0.73234,-0.19666,1.67
5819,606422.813968,0.64409,-0.74068,-0.19116,0.99
5820,606422.817667,0.65066,-0.73799,-0.17891,1.5
5821,606422.821873,0.64095,-0.74282,-0.19337,1.35
5822,606422.82607,0.65413,-0.73242,-0.18888,1.2
5823,606422.833549,0.64413,-0.7405,-0.19172,1.16
5824,606422.837246,0.65144,-0.73802,-0.17593,1.46
5825,606422.842955,0.64302,-0.73996,-0.19746,1.77
5826,606422.845235,0.65391,-0.73248,-0.1894,0.98
5827,606422.849476,0.64986,-0.73552,-0.19154,1.47
5828,606422.857917,0.64411,-0.74457,-0.17533,0.74
5829,606422.86215,0.65048,-0.73331,-0.19782,1.84
5830,606422.864811,0.65472,-0.73278,-0.18541,1.29
5831,606422.870692,0.6544,-0.73089,-0.1938,1.59
5832,606422.873534,0.64488,-0.74393,-0.17523,0.76
5833,606422.881865,0.65632,-0.7305,-0.18871,1.92
5834,606422.887185,0.6509,-0.73697,-0.18221,0.76
5835,606422.898786,0.64918,-0.73557,-0.19364,0.31
5836,606422.902652,0.65444,-0.73587,-0.17379,2.02
5837,606422.910277,0.65561,-0.73132,-0.18801,0.19
5838,606422.913157,0.65082,-0.73907,-0.17379,2.62
5839,606422.918233,0.6566,-0.72968,-0.19087,0.13
5840,606422.921468,0.65286,-0.73768,-0.17206,2.0
5841,606422.925268,0.65794,-0.73009,-0.18462,0.21
5842,606422.933464,0.65171,-0.73902,-0.17065,2.07
5843,606422.937757,0.65874,-0.73125,-0.17702,0.87
5844,606422.941447,0.6534,-0.73486,-0.18179,1.63
5845,606422.946017,0.65741,-0.73539,-0.16435,1.51
5846,606422.949653,0.65224,-0.73507,-0.18506,1.65
5847,606422.957779,0.65926,-0.73085,-0.17671,1.03
5848,606422.961618,0.65648,-0.73264,-0.17964,1.44
5849,606422.965043,0.65313,-0.73875,-0.16632,0.9
5850,606422.971327,0.65948,-0.72891,-0.18377,2.22
5851,606422.978142,0.6588,-0.73097,-0.17794,1.36
5852,606422.986969,0.65206,-0.73979,-0.16589,0.78
5853,606422.989486,0.66449,-0.72423,-0.18423,1.79
5854,606422.994551,0.65853,-0.7323,-0.17341,0.98
5855,606422.998143,0.66605,-0.72595,-0.17139,1.81
5856,606423.002007,0.64809,-0.7413,-0.17453,1.27
5857,606423.010285,0.66678,-0.72273,-0.18184,1.19
5858,606423.013359,0.65972,-0.72999,-0.17858,0.96
5859,606423.016955,0.66959,-0.7229,-0.17049,1.78
5860,606423.022712,0.6574,-0.72984,-0.18748,0.87
5861,606423.025465,0.67225,-0.71797,-0.18057,1.29
5862,606423.033506,0.66137,-0.72747,-0.18268,1.0
5863,606423.038783,0.66706,-0.72458,-0.17325,1.32
5864,606423.04089,0.66084,-0.72548,-0.19229,0.7
5865,606423.046444,0.67081,-0.71881,-0.18257,1.4
5866,606423.050155,0.66392,-0.72347,-0.18922,0.84
5867,606423.054371,0.66577,-0.72638,-0.17067,1.62
5868,606423.070326,0.65856,-0.72963,-0.18423,1.15
5869,606423.074156,0.67506,-0.71555,-0.1797,0.83
5870,606423.07853,0.65451,-0.73291,-0.18564,1.49
5871,606423.086514,0.67244,-0.71575,-0.18849,0.81
5872,606423.090026,0.66843,-0.71878,-0.19122,1.4
5873,606423.093445,0.65624,-0.73402,-0.17483,1.6
5874,606423.098956,0.66762,-0.71845,-0.19523,1.42
5875,606423.102337,0.66229,-0.72613,-0.18467,0.75
5876,606423.110413,0.66917,-0.71974,-0.18491,1.63
5877,606423.113273,0.65499,-0.7326,-0.18519,1.44
5878,606423.117656,0.66996,-0.71709,-0.19218,1.6
5879,606423.123972,0.66261,-0.7247,-0.18909,1.08
5880,606423.125375,0.66867,-0.72078,-0.18264,1.41
5881,606423.130401,0.65276,-0.73091,-0.1992,1.67
5882,606423.138138,0.67069,-0.71686,-0.19046,1.54
5883,606423.142222,0.65933,-0.72678,-0.19253,0.76
5884,606423.154504,0.66859,-0.72054,-0.18388,2.18
5885,606423.16287,0.66352,-0.72203,-0.19601,1.57
5886,606423.165524,0.66412,-0.72566,-0.17989,1.16
5887,606423.169564,0.66472,-0.71806,-0.20623,1.48
5888,606423.174419,0.66692,-0.72012,-0.19143,0.74
5889,606423.177857,0.66438,-0.7199,-0.20088,1.5
5890,606423.185951,0.65801,-0.73065,-0.18215,0.49
5891,606423.189811,0.66252,-0.72027,-0.20563,1.81
5892,606423.19332,0.66467,-0.72009,-0.19921,0.7
5893,606423.198017,0.66436,-0.72026,-0.19963,1.16
5894,606423.202101,0.65557,-0.73197,-0.18561,1.02
5895,606423.205492,0.6648,-0.71927,-0.20174,1.53
5896,606423.213867,0.66082,-0.72476,-0.19502,0.05
5897,606423.218265,0.66483,-0.72147,-0.19362,1.52
5898,606423.221339,0.65161,-0.73283,-0.19585,1.03
5899,606423.238375,0.66328,-0.72316,-0.1926,1.14
5900,606423.241892,0.65059,-0.73174,-0.20318,1.23
5901,606423.24568,0.66144,-0.72251,-0.2012,0.88
5902,606423.250483,0.65443,-0.7286,-0.20215,1.01
5903,606423.253719,0.65851,-0.72732,-0.19331,1.26
5904,606423.2622,0.64912,-0.73093,-0.21069,1.81
5905,606423.265979,0.65917,-0.72475,-0.20059,1.06
5906,606423.269359,0.6552,-0.72803,-0.20168,1.05
5907,606423.274505,0.65463,-0.73272,-0.18594,1.19
5908,606423.278331,0.65666,-0.7238,-0.21192,1.61
5909,606423.282365,0.6596,-0.72455,-0.19988,1.53
5910,606423.289594,0.65615,-0.72545,-0.20784,1.48
5911,606423.294013,0.64767,-0.73845,-0.18767,1.03
5912,606423.297207,0.65613,-0.72607,-0.2057,1.72
5913,606423.302253,0.65189,-0.7328,-0.19504,0.52
5914,606423.30523,0.65681,-0.72763,-0.19787,1.62
5915,606423.314461,0.64472,-0.73839,-0.19781,0.72
5916,606423.322159,0.65709,-0.7292,-0.19104,1.61
5917,606423.327842,0.64909,-0.73332,-0.20227,0.28
5918,606423.330287,0.65014,-0.7373,-0.18358,2.19
5919,606423.333894,0.64582,-0.73508,-0.20633,0.52
5920,606423.343389,0.64908,-0.7349,-0.19651,0.76
5921,606423.345068,0.65219,-0.73381,-0.19019,1.48
5922,606423.35129,0.64522,-0.73776,-0.19849,1.4
5923,606423.35415,0.65624,-0.72944,-0.19305,1.23
5924,606423.357637,0.64616,-0.7378,-0.19526,1.3
5925,606423.365927,0.65438,-0.73296,-0.18589,1.35
5926,606423.369927,0.64503,-0.73688,-0.20237,1.57
5927,606423.373407,0.65443,-0.73241,-0.18787,1.08
5928,606423.37876,0.65025,-0.73476,-0.19312,1.2
5929,606423.382075,0.64788,-0.74058,-0.1783,1.02
5930,606423.389731,0.64733,-0.73582,-0.19882,1.73
5931,606423.393784,0.65109,-0.73569,-0.18666,1.07
5932,606423.397453,0.65444,-0.73183,-0.1901,1.74
5933,606423.410666,0.65494,-0.73097,-0.19168,1.43
5934,606423.417622,0.65417,-0.73357,-0.18425,1.22
5935,606423.421689,0.64444,-0.74413,-0.176,1.26
5936,606423.42704,0.65514,-0.73078,-0.19169,1.14
5937,606423.430191,0.64978,-0.73827,-0.18095,0.87
5938,606423.4342,0.65682,-0.73201,-0.18098,1.58
5939,606423.44224,0.64262,-0.74355,-0.18486,1.56
5940,606423.44548,0.65353,-0.73166,-0.19382,2.15
5941,606423.449665,0.65242,-0.73592,-0.18101,1.03
5942,606423.454999,0.65882,-0.7322,-0.17274,1.23
5943,606423.457171,0.64434,-0.7412,-0.18828,1.05
5944,606423.466371,0.65889,-0.72993,-0.18183,1.15
5945,606423.469627,0.65402,-0.73492,-0.17933,1.55
5946,606423.473375,0.65788,-0.73366,-0.1701,1.29
5947,606423.478822,0.65374,-0.7337,-0.18523,1.93
5948,606423.482487,0.66067,-0.72901,-0.17903,1.24
5949,606423.498195,0.64755,-0.74222,-0.17262,1.37
5950,606423.501158,0.66516,-0.72396,-0.18289,0.33
5951,606423.505397,0.65695,-0.73315,-0.17584,0.91
5952,606423.509929,0.66243,-0.7307,-0.16513,1.56
5953,606423.517641,0.64991,-0.73872,-0.17861,0.9
5954,606423.522291,0.65977,-0.73176,-0.17097,1.04
5955,606423.525029,0.66297,-0.72747,-0.17679,1.3
5956,606423.529493,0.65128,-0.7399,-0.16845,1.27
5957,606423.533796,0.66326,-0.7257,-0.18289,1.06
5958,606423.542053,0.65861,-0.73221,-0.17348,0.86
5959,606423.546573,0.6654,-0.7272,-0.16857,1.36
5960,606423.548917,0.65301,-0.7342,-0.18584,1.01
5961,606423.554781,0.66737,-0.72298,-0.17867,1.17
5962,606423.55746,0.65537,-0.73282,-0.18296,1.16
5963,606423.561022,0.66912,-0.72361,-0.16932,1.75
5964,606423.570276,0.65565,-0.73252,-0.18315,1.26
5965,606423.583134,0.6686,-0.72182,-0.17875,0.21
5966,606423.585859,0.65907,-0.73208,-0.17231,1.69
5967,606423.594062,0.67046,-0.72031,-0.17786,1.55
5968,606423.597598,0.66467,-0.72418,-0.18379,1.47
5969,606423.601603,0.66309,-0.73073,-0.16229,1.69
5970,606423.606066,0.66887,-0.71733,-0.19506,1.32
5971,606423.609034,0.67245,-0.71925,-0.17462,0.88
5972,606423.617735,0.67005,-0.72074,-0.17765,1.35
5973,606423.621788,0.66178,-0.73069,-0.16774,1.38
5974,606423.624901,0.67171,-0.7155,-0.19198,2.49
5975,606423.629135,0.66624,-0.72497,-0.17477,1.09
5976,606423.634347,0.67421,-0.71615,-0.18046,1.69
5977,606423.637948,0.65866,-0.7318,-0.17504,1.47
5978,606423.645606,0.67463,-0.71385,-0.18788,1.56
5979,606423.650527,0.66391,-0.72417,-0.18655,0.79
5980,606423.653007,0.67228,-0.71865,-0.17771,1.41
5981,606423.670449,0.66954,-0.72104,-0.17838,2.09
5982,606423.673765,0.67494,-0.71673,-0.17538,1.59
5983,606423.677718,0.66194,-0.72423,-0.19322,2.1
5984,606423.682394,0.6692,-0.71725,-0.1942,2.1
5985,606423.685204,0.66357,-0.72289,-0.19264,1.26
5986,606423.693877,0.67041,-0.72082,-0.17599,1.14
5987,606423.698614,0.66348,-0.72062,-0.20123,1.91
5988,606423.701433,0.66989,-0.71817,-0.18837,1.09
5989,606423.706442,0.66517,-0.72075,-0.19511,1.32
5990,606423.709813,0.66322,-0.72654,-0.17966,0.96
5991,606423.713354,0.66697,-0.71654,-0.20425,2.03
5992,606423.721798,0.66723,-0.71975,-0.19175,0.66
5993,606423.726568,0.66876,-0.7171,-0.19629,1.47
5994,606423.729002,0.65987,-0.72897,-0.18214,1.14
5995,606423.73365,0.67148,-0.71287,-0.20231,1.98
5996,606423.73756,0.66229,-0.72476,-0.18999,1.01
5997,606423.746256,0.67015,-0.7161,-0.19519,1.56
5998,606423.754284,0.66917,-0.7148,-0.20314,1.49
5999,606423.759213,0.65794,-0.72559,-0.2016,0.99
6000,606423.762038,0.66806,-0.71817,-0.19476,1.64
6001,606423.769518,0.64543,-0.73394,-0.21157,1.53
6002,606423.774334,0.66843,-0.71412,-0.20791,1.86
6003,606423.776934,0.65532,-0.72717,-0.20441,1.0
6004,606423.782718,0.66805,-0.71867,-0.19294,1.76
6005,606423.78571,0.65122,-0.72705,-0.21751,0.66
6006,606423.789787,0.66069,-0.72176,-0.2063,1.12
6007,606423.798545,0.6543,-0.72722,-0.20748,1.26
6008,606423.801513,0.65937,-0.72655,-0.19328,1.49
6009,606423.80557,0.6531,-0.72621,-0.21467,1.74
6010,606423.810203,0.66072,-0.72113,-0.20838,1.66
6011,606423.813067,0.65496,-0.72548,-0.21145,1.51
6012,606423.822136,0.65335,-0.73262,-0.1908,0.68
6013,606423.826,0.65617,-0.72438,-0.21144,1.88
6014,606423.829313,0.65677,-0.72832,-0.19545,1.15
6015,606423.842199,0.65844,-0.72272,-0.21006,1.69
6016,606423.849289,0.64899,-0.73408,-0.19983,1.09
6017,606423.853662,0.65648,-0.72761,-0.19905,1.7
6018,606423.858424,0.64239,-0.73944,-0.2014,1.35
6019,606423.861488,0.65091,-0.7285,-0.21355,2.37
6020,606423.865859,0.64787,-0.73445,-0.20213,0.94
6021,606423.873641,0.65702,-0.72785,-0.19635,1.62
6022,606423.877701,0.64209,-0.73686,-0.21153,0.89
6023,606423.881181,0.65454,-0.72769,-0.20506,1.26
6024,606423.886594,0.64445,-0.73645,-0.20575,1.29
6025,606423.8903,0.65238,-0.73287,-0.19311,1.89
6026,606423.89757,0.64382,-0.73483,-0.21334,1.25
6027,606423.902187,0.65048,-0.73042,-0.20824,1.8
6028,606423.905338,0.64861,-0.73313,-0.20453,1.69
6029,606423.910291,0.65216,-0.73392,-0.18988,1.39
6030,606423.913615,0.6457,-0.73363,-0.2118,1.56
6031,606423.930316,0.65788,-0.72716,-0.19604,1.32
6032,606423.933394,0.64225,-0.74142,-0.19445,1.83
6033,606423.938011,0.658,-0.72693,-0.19646,1.1
6034,606423.941312,0.64363,-0.73745,-0.20472,0.51
6035,606423.950372,0.6421,-0.74374,-0.1859,1.57
6036,606423.954096,0.65228,-0.7304,-0.20262,1.8
6037,606423.957538,0.645,-0.73924,-0.19366,1.01
6038,606423.962234,0.6515,-0.73304,-0.19544,1.5
6039,606423.965556,0.63602,-0.74659,-0.19514,1.59
6040,606423.973995,0.65068,-0.73241,-0.20047,1.56
6041,606423.977737,0.64146,-0.74122,-0.19777,1.63
6042,606423.981443,0.65093,-0.73489,-0.19034,1.9
6043,606423.985757,0.63564,-0.74419,-0.2053,2.03
6044,606423.990976,0.65107,-0.73331,-0.19587,1.31
6045,606423.998484,0.63999,-0.74195,-0.1998,1.35
6046,606424.002219,0.64956,-0.73789,-0.18325,1.6
6047,606424.01443,0.63912,-0.74517,-0.19039,1.38
6048,606424.017254,0.653,-0.73352,-0.18853,0.97
6049,606424.026327,0.63499,-0.74971,-0.18635,1.92
6050,606424.029471,0.64859,-0.73704,-0.19002,0.83
6051,606424.033604,0.64614,-0.73712,-0.19787,1.43
6052,606424.038186,0.64213,-0.74599,-0.17656,0.61
6053,606424.041965,0.64919,-0.73383,-0.20011,1.68
6054,606424.050245,0.64682,-0.73996,-0.18465,0.81
6055,606424.05352,0.65115,-0.73438,-0.19153,1.55
6056,606424.057328,0.63983,-0.74804,-0.17621,1.39
6057,606424.062439,0.65242,-0.73226,-0.19528,1.48
6058,606424.065783,0.64698,-0.73994,-0.18416,0.79
6059,606424.070223,0.65327,-0.73465,-0.18309,1.46
6060,606424.077786,0.63938,-0.74491,-0.19051,1.54
6061,606424.081103,0.65625,-0.72979,-0.19167,1.49
6062,606424.085394,0.64532,-0.74072,-0.18681,1.18
6063,606424.093443,0.6503,-0.73658,-0.18589,1.91
6064,606424.103745,0.65502,-0.73026,-0.19407,0.63
6065,606424.106312,0.64634,-0.74326,-0.17265,1.72
6066,606424.114418,0.64867,-0.73681,-0.19063,1.84
6067,606424.117307,0.65453,-0.73414,-0.18066,1.02
6068,606424.125692,0.64981,-0.73659,-0.18758,1.36
6069,606424.12968,0.651,-0.74033,-0.16769,1.31
6070,606424.133126,0.65074,-0.73516,-0.18993,1.72
6071,606424.139221,0.65426,-0.73514,-0.17754,0.98
6072,606424.141774,0.65304,-0.73431,-0.18529,1.35
6073,606424.146337,0.64472,-0.7446,-0.17297,0.34
6074,606424.154197,0.65453,-0.73309,-0.18482,1.55
6075,606424.157591,0.64997,-0.73931,-0.17596,0.71
6076,606424.160918,0.6572,-0.73256,-0.17733,1.57
6077,606424.166843,0.64371,-0.74474,-0.17607,0.32
6078,606424.169007,0.65713,-0.73132,-0.18262,1.31
6079,606424.178798,0.65231,-0.73786,-0.17334,0.67
6080,606424.190393,0.65385,-0.73349,-0.18567,0.34
6081,606424.193958,0.66001,-0.73176,-0.17004,1.51
6082,606424.201941,0.65827,-0.73044,-0.18202,0.34
6083,606424.205925,0.65192,-0.73603,-0.18237,1.36
6084,606424.209141,0.66439,-0.72671,-0.17461,0.97
6085,606424.214169,0.65718,-0.73252,-0.17756,1.22
6086,606424.217249,0.66313,-0.73116,-0.16021,1.53
6087,606424.222384,0.6582,-0.7302,-0.18322,1.77
6088,606424.229767,0.66599,-0.72493,-0.17585,1.39
6089,606424.233499,0.66091,-0.72864,-0.17969,1.3
6090,606424.23735,0.65901,-0.73464,-0.16124,0.78
6091,606424.241461,0.66108,-0.7271,-0.1852,1.65
6092,606424.246803,0.6669,-0.72356,-0.17806,1.33
6093,606424.254123,0.66513,-0.72465,-0.18024,1.38
6094,606424.258348,0.65821,-0.73455,-0.1649,0.53
6095,606424.261436,0.66774,-0.72112,-0.18471,1.84
6096,606424.274805,0.6584,-0.73316,-0.17023,1.41
6097,606424.281293,0.67007,-0.71916,-0.18388,1.19
6098,606424.285503,0.66311,-0.72751,-0.17612,0.83
6099,606424.290316,0.67005,-0.72173,-0.17362,1.45
6100,606424.293175,0.65388,-0.73314,-0.18695,1.73
6101,606424.297566,0.67328,-0.71595,-0.1847,1.71
6102,606424.305926,0.66427,-0.72495,-0.18218,0.96
6103,606424.310912,0.67156,-0.72059,-0.17251,1.47
6104,606424.312917,0.66386,-0.7224,-0.19347,0.83
6105,606424.317779,0.67368,-0.71588,-0.1835,1.29
6106,606424.321851,0.66561,-0.72175,-0.18983,1.42
6107,606424.329542,0.67233,-0.71991,-0.17235,1.37
6108,606424.333923,0.66505,-0.72134,-0.19334,1.95
6109,606424.336911,0.67293,-0.7166,-0.18345,1.6
6110,606424.343603,0.66702,-0.71982,-0.19221,1.22
6111,606424.346286,0.66564,-0.72574,-0.17385,1.41
6112,606424.350051,0.66703,-0.71913,-0.19475,1.72
6113,606424.366604,0.67041,-0.72076,-0.17622,0.71
6114,606424.369773,0.66034,-0.72557,-0.19363,1.45
6115,606424.373508,0.67641,-0.71311,-0.18423,1.28
6116,606424.382061,0.66393,-0.72308,-0.19066,0.38
6117,606424.385716,0.65908,-0.7294,-0.18328,1.46
6118,606424.388983,0.67398,-0.71244,-0.19543,1.56
6119,606424.394934,0.66518,-0.72284,-0.18717,0.67
6120,606424.39738,0.67197,-0.71737,-0.18395,1.37
6121,606424.40554,0.65758,-0.72747,-0.1959,1.63
6122,606424.409401,0.67315,-0.71326,-0.19527,1.45
6123,606424.413995,0.66127,-0.72383,-0.19697,1.08
6124,606424.418042,0.67401,-0.71645,-0.18004,1.64
6125,606424.421503,0.66421,-0.7182,-0.20739,1.13
6126,606424.426196,0.66965,-0.71719,-0.19286,1.36
6127,606424.433489,0.66184,-0.72169,-0.20279,1.4
6128,606424.437166,0.66967,-0.72009,-0.1817,1.91
6129,606424.450179,0.66265,-0.72074,-0.20353,1.5
6130,606424.45747,0.65939,-0.72913,-0.18325,0.9
6131,606424.462379,0.65754,-0.72411,-0.2081,1.48
6132,606424.465622,0.66271,-0.7229,-0.19552,0.58
6133,606424.470726,0.66107,-0.72342,-0.19912,1.08
6134,606424.4731,0.65216,-0.7347,-0.18683,1.03
6135,606424.481815,0.66599,-0.71527,-0.21175,1.42
6136,606424.486149,0.65863,-0.72668,-0.1953,0.72
6137,606424.488812,0.66161,-0.72335,-0.1976,1.33
6138,606424.494776,0.64786,-0.73815,-0.18817,0.83
6139,606424.497498,0.66089,-0.72218,-0.20416,1.63
6140,606424.505673,0.65485,-0.72908,-0.19903,0.63
6141,606424.510713,0.66124,-0.72552,-0.19075,1.34
6142,606424.513182,0.64784,-0.73532,-0.19903,1.27
6143,606424.517504,0.65544,-0.7271,-0.20427,1.54
6144,606424.52218,0.65306,-0.7298,-0.20225,0.86
6145,606424.525485,0.65904,-0.72827,-0.18788,1.32
6146,606424.542384,0.64927,-0.73314,-0.20236,1.48
6147,606424.546397,0.66092,-0.72427,-0.19652,0.84
6148,606424.549757,0.64917,-0.73496,-0.19599,2.0
6149,606424.558334,0.65631,-0.72864,-0.19578,0.76
6150,606424.562177,0.65386,-0.7297,-0.19999,1.73
6151,606424.565051,0.65055,-0.73742,-0.18166,0.77
6152,606424.570753,0.65314,-0.72857,-0.2064,2.05
6153,606424.574234,0.65583,-0.72884,-0.19664,1.18
6154,606424.578724,0.65222,-0.73155,-0.1986,1.21
6155,606424.585863,0.64485,-0.74164,-0.18477,0.84
6156,606424.589553,0.657,-0.7268,-0.20029,1.74
6157,606424.593209,0.64996,-0.73496,-0.19337,1.23
6158,606424.598078,0.65723,-0.72833,-0.19385,1.65
6159,606424.602216,0.6408,-0.74254,-0.19495,1.75
6160,606424.609949,0.66004,-0.72443,-0.19885,1.98
6161,606424.613565,0.64592,-0.73735,-0.19776,1.22
6162,606424.626471,0.65128,-0.73043,-0.20568,0.25
6163,606424.634673,0.64676,-0.73673,-0.1973,1.02
6164,606424.637498,0.65558,-0.73111,-0.18892,1.56
6165,606424.641382,0.64811,-0.7341,-0.20259,0.91
6166,606424.646974,0.65627,-0.7296,-0.19232,1.24
6167,606424.649438,0.64906,-0.73539,-0.19473,1.26
6168,606424.653301,0.65258,-0.73588,-0.18062,1.21
6169,606424.662021,0.64617,-0.73699,-0.19828,1.38
6170,606424.665393,0.6582,-0.72784,-0.19238,1.63
6171,606424.670221,0.65272,-0.73211,-0.19487,1.46
6172,606424.673998,0.6472,-0.74086,-0.17959,0.67
6173,606424.677823,0.65385,-0.73065,-0.19656,1.71
6174,606424.685669,0.65542,-0.73123,-0.18901,1.54
6175,606424.689537,0.65639,-0.73018,-0.1897,1.63
6176,606424.693093,0.6437,-0.74407,-0.17892,1.09
6177,606424.7115,0.65851,-0.72923,-0.18596,1.5
6178,606424.714818,0.64376,-0.74264,-0.18453,1.75
6179,606424.71689,0.6555,-0.72911,-0.19678,2.11
6180,606424.722242,0.65138,-0.7352,-0.18758,1.11
6181,606424.726092,0.66106,-0.72858,-0.17937,1.59
6182,606424.729409,0.64317,-0.74003,-0.19669,1.97
6183,606424.737753,0.66022,-0.72681,-0.18937,2.24
6184,606424.74121,0.65274,-0.73397,-0.18767,1.24
6185,606424.745107,0.66176,-0.72889,-0.1755,1.7
6186,606424.750386,0.65523,-0.72966,-0.19561,1.58
6187,606424.753503,0.66365,-0.7246,-0.18582,2.15
6188,606424.761954,0.65786,-0.72916,-0.18855,1.7
6189,606424.765402,0.6619,-0.72906,-0.17424,1.39
6190,606424.769995,0.65886,-0.72709,-0.19298,1.79
6191,606424.774447,0.66394,-0.72443,-0.18543,0.79
6192,606424.777192,0.66151,-0.72584,-0.18859,1.57
6193,606424.78142,0.66083,-0.7306,-0.17183,0.69
6194,606424.794392,0.66458,-0.72465,-0.18226,0.53
6195,606424.799159,0.6648,-0.72361,-0.18555,1.21
6196,606424.801181,0.65551,-0.73407,-0.17734,1.06
6197,606424.805321,0.66943,-0.71753,-0.19238,1.68
6198,606424.813755,0.66106,-0.72711,-0.18521,0.91
6199,606424.817708,0.66817,-0.72052,-0.18547,1.75
6200,606424.822006,0.6519,-0.7342,-0.18969,1.77
6201,606424.826067,0.66703,-0.71843,-0.1973,1.86
6202,606424.829229,0.65812,-0.72738,-0.19442,1.3
6203,606424.837813,0.66828,-0.72068,-0.18445,1.59
6204,606424.841622,0.65772,-0.72483,-0.20502,1.34
6205,606424.845266,0.66578,-0.71974,-0.19672,1.52
6206,606424.850016,0.65932,-0.7242,-0.20208,1.32
6207,606424.853405,0.6678,-0.72055,-0.18669,1.76
6208,606424.858256,0.66219,-0.71965,-0.20884,1.42
6209,606424.865792,0.66645,-0.71907,-0.19694,1.09
6210,606424.869611,0.66118,-0.72334,-0.19903,1.2
6211,606424.88289,0.66607,-0.71997,-0.1949,0.66
6212,606424.890236,0.66279,-0.72163,-0.19993,1.39
6213,606424.894141,0.65861,-0.72918,-0.18581,0.3
6214,606424.896997,0.66476,-0.71747,-0.20818,1.79
6215,606424.902416,0.66479,-0.72203,-0.19165,0.3
6216,606424.905412,0.66709,-0.71876,-0.19588,1.36
6217,606424.914205,0.65446,-0.73181,-0.19011,1.74
6218,606424.918119,0.6668,-0.71733,-0.202,1.4
6219,606424.92091,0.65836,-0.7266,-0.19652,1.43
6220,606424.926711,0.66786,-0.71917,-0.19171,1.6
6221,606424.929351,0.65293,-0.73022,-0.20114,1.49
6222,606424.934628,0.66583,-0.71867,-0.20046,1.28
6223,606424.941728,0.65811,-0.72645,-0.19789,1.31
6224,606424.946363,0.66821,-0.71866,-0.19242,1.32
6225,606424.949072,0.6556,-0.72515,-0.21061,1.19
6226,606424.953629,0.66491,-0.71976,-0.19959,1.04
6227,606424.957334,0.65834,-0.72473,-0.20337,1.46
6228,606424.974156,0.65939,-0.72105,-0.21283,0.13
6229,606424.978352,0.65812,-0.72684,-0.19641,1.3
6230,606424.982335,0.66322,-0.72239,-0.19568,0.97
6231,606424.991071,0.65959,-0.7215,-0.21067,1.52
6232,606424.993496,0.66143,-0.72328,-0.19841,0.65
6233,606424.997373,0.65949,-0.72357,-0.20377,1.31
6234,606425.002044,0.65818,-0.73049,-0.18217,0.46
6235,606425.005796,0.66272,-0.71968,-0.20703,2.07
6236,606425.010392,0.65943,-0.72557,-0.19673,0.56
6237,606425.01779,0.66321,-0.72174,-0.1981,1.41
6238,606425.022068,0.65083,-0.73438,-0.19264,1.3
6239,606425.025317,0.66291,-0.71987,-0.20576,1.48
6240,606425.029666,0.65465,-0.72858,-0.20149,0.97
6241,606425.034018,0.66398,-0.72188,-0.19496,1.88
6242,606425.041665,0.64508,-0.73521,-0.20817,1.78
6243,606425.045709,0.66386,-0.71891,-0.20608,1.96
6244,606425.05503,0.66292,-0.72252,-0.1962,1.58
6245,606425.059331,0.64492,-0.73389,-0.21329,1.51
6246,606425.066694,0.66073,-0.72098,-0.20885,1.43
6247,606425.06947,0.65341,-0.7278,-0.20825,1.36
6248,606425.073197,0.65849,-0.72704,-0.19443,1.47
6249,606425.078917,0.6508,-0.72804,-0.21547,1.78
6250,606425.081692,0.65673,-0.72518,-0.20694,1.84
6251,606425.086428,0.65339,-0.72627,-0.21359,1.82
6252,606425.093891,0.65195,-0.73391,-0.19059,1.05
6253,606425.097305,0.65259,-0.72732,-0.21242,2.17
6254,606425.101885,0.65724,-0.72531,-0.20485,1.4
6255,606425.106789,0.65438,-0.72694,-0.20819,1.69
6256,606425.110092,0.64686,-0.73756,-0.19384,0.77
6257,606425.118659,0.65317,-0.72566,-0.2163,2.18
6258,606425.121882,0.64892,-0.73468,-0.19786,0.96
6259,606425.125605,0.65561,-0.7268,-0.20479,1.92
6260,606425.133519,0.64706,-0.73221,-0.21259,0.88
6261,606425.143065,0.65173,-0.7342,-0.19027,1.29
6262,606425.145826,0.64835,-0.73165,-0.21056,0.05
6263,606425.155604,0.65173,-0.7293,-0.20826,1.85
6264,606425.157515,0.64382,-0.73719,-0.20504,1.26
6265,606425.161001,0.65314,-0.73226,-0.19285,1.64
6266,606425.169705,0.64435,-0.7353,-0.21008,1.1
6267,606425.173145,0.65222,-0.73104,-0.20047,0.99
6268,606425.178696,0.6451,-0.73621,-0.20457,1.19
6269,606425.18165,0.65065,-0.73562,-0.18845,1.05
6270,606425.185721,0.64379,-0.73642,-0.2079,1.65
6271,606425.1936,0.64983,-0.73459,-0.19518,0.96
6272,606425.197869,0.64687,-0.73481,-0.204,1.44
6273,606425.201302,0.64691,-0.74056,-0.18185,0.94
6274,606425.206612,0.64475,-0.73588,-0.20685,1.91
6275,606425.209679,0.65246,-0.73175,-0.1971,1.3
6276,606425.217531,0.65126,-0.73306,-0.19616,1.46
6277,606425.225706,0.65389,-0.73047,-0.19707,1.59
6278,606425.231381,0.64435,-0.73955,-0.19463,0.21
6279,606425.233529,0.65483,-0.73206,-0.18784,1.64
6280,606425.23728,0.64084,-0.74524,-0.18426,1.53
6281,606425.245727,0.65601,-0.72977,-0.19256,1.44
6282,606425.249577,0.64786,-0.73759,-0.19037,0.86
6283,606425.253248,0.65498,-0.73332,-0.18233,1.43
6284,606425.257981,0.64446,-0.73921,-0.19556,0.41
6285,606425.261036,0.65663,-0.72975,-0.19052,0.98
6286,606425.269667,0.64857,-0.73722,-0.18937,1.21
6287,606425.274131,0.65563,-0.73398,-0.17728,1.69
6288,606425.277395,0.64713,-0.73622,-0.198,0.7
6289,606425.283108,0.65737,-0.73046,-0.18522,1.11
6290,606425.285075,0.65149,-0.735,-0.18795,1.17
6291,606425.290381,0.65444,-0.73637,-0.17165,0.95
6292,606425.298516,0.65275,-0.73285,-0.19197,1.68
6293,606425.300835,0.6591,-0.72979,-0.18165,1.56
6294,606425.315311,0.65416,-0.73205,-0.1902,1.78
6295,606425.321313,0.65588,-0.73327,-0.17925,0.74
6296,606425.326846,0.65629,-0.7316,-0.18451,1.48
6297,606425.328887,0.65047,-0.74083,-0.16751,0.76
6298,606425.334009,0.65947,-0.72832,-0.18614,1.54
6299,606425.33696,0.65661,-0.73477,-0.17025,0.29
6300,606425.345381,0.66086,-0.7293,-0.17714,1.44
6301,606425.34949,0.64905,-0.7404,-0.17477,1.28
6302,606425.353235,0.66335,-0.72555,-0.18313,1.7
6303,606425.358349,0.65598,-0.73324,-0.17904,0.8
6304,606425.362089,0.66321,-0.72804,-0.17355,1.4
6305,606425.365833,0.65356,-0.73296,-0.18875,1.05
6306,606425.373546,0.66185,-0.72713,-0.18229,1.3
6307,606425.377357,0.65325,-0.73486,-0.18231,1.15
6308,606425.38226,0.66149,-0.73044,-0.16996,1.44
6309,606425.386096,0.65434,-0.73313,-0.18536,1.84
6310,606425.402536,0.66268,-0.7297,-0.16851,0.99
6311,606425.405036,0.65931,-0.72735,-0.19044,1.66
6312,606425.410281,0.66647,-0.72262,-0.18337,1.31
6313,606425.4137,0.66189,-0.7258,-0.18738,1.47
6314,606425.422066,0.65668,-0.73461,-0.17067,0.85
6315,606425.425486,0.66159,-0.72353,-0.197,1.95
6316,606425.429891,0.66673,-0.72187,-0.18543,1.3
6317,606425.434069,0.66514,-0.72353,-0.18464,1.42
6318,606425.437056,0.65529,-0.73582,-0.17078,1.26
6319,606425.445511,0.66861,-0.71789,-0.19388,1.83
6320,606425.449456,0.66098,-0.72793,-0.18228,0.82
6321,606425.454156,0.66527,-0.72319,-0.1855,1.29
6322,606425.456893,0.65121,-0.73709,-0.18062,1.66
6323,606425.462309,0.6666,-0.71977,-0.19386,1.26
6324,606425.465562,0.65932,-0.72756,-0.18962,0.82
6325,606425.473469,0.66632,-0.72257,-0.18417,1.3
6326,606425.486317,0.65654,-0.72865,-0.19502,1.13
6327,606425.489343,0.66692,-0.7206,-0.18963,0.85
6328,606425.498314,0.65626,-0.7323,-0.18183,2.2
6329,606425.501879,0.66536,-0.72009,-0.1969,1.2
6330,606425.505159,0.6584,-0.72707,-0.19465,1.08
6331,606425.511333,0.66069,-0.7281,-0.18264,1.08
6332,606425.514266,0.65914,-0.72397,-0.20347,1.67
6333,606425.518228,0.66335,-0.724,-0.18917,0.65
6334,606425.52652,0.66343,-0.72014,-0.2031,1.43
6335,606425.530337,0.6569,-0.73192,-0.18103,1.01
6336,606425.532821,0.66149,-0.72168,-0.20397,1.98
6337,606425.538307,0.65958,-0.72749,-0.189,0.76
6338,606425.540985,0.66202,-0.7233,-0.19638,1.44
6339,606425.549842,0.65306,-0.7348,-0.18327,1.96
6340,606425.553998,0.66343,-0.72107,-0.19979,1.64
6341,606425.556869,0.6533,-0.732,-0.19334,1.06
6342,606425.574135,0.66023,-0.72261,-0.20476,2.42
6343,606425.577744,0.65095,-0.73217,-0.20048,1.21
6344,606425.580955,0.66395,-0.72375,-0.18801,1.96
6345,606425.586658,0.6416,-0.73798,-0.20913,1.87
6346,606425.589179,0.6581,-0.72556,-0.20118,1.51
6347,606425.593767,0.65161,-0.73123,-0.20176,1.23
6348,606425.602095,0.65924,-0.72912,-0.18378,1.32
6349,606425.605884,0.64738,-0.73269,-0.20993,0.98
6350,606425.609217,0.65735,-0.72707,-0.19815,1.25
6351,606425.614705,0.65133,-0.73126,-0.20257,1.63
6352,606425.617178,0.65323,-0.73414,-0.18532,0.94
6353,606425.625833,0.65147,-0.72865,-0.21132,2.04
6354,606425.629628,0.65713,-0.72662,-0.2005,1.62
6355,606425.633773,0.65387,-0.7281,-0.20572,1.71
6356,606425.637667,0.64726,-0.739,-0.1869,0.43
6357,606425.641293,0.65832,-0.72432,-0.20491,2.15
6358,606425.658229,0.65345,-0.73426,-0.18403,2.33
6359,606425.661395,0.64479,-0.73511,-0.20941,0.79
6360,606425.666522,0.65426,-0.72985,-0.19815,1.56
6361,606425.669149,0.64736,-0.73326,-0.20799,0.2
6362,606425.678188,0.64579,-0.73815,-0.19516,2.91
6363,606425.682743,0.65607,-0.72492,-0.20992,1.65
6364,606425.685814,0.64387,-0.7377,-0.20306,1.1
6365,606425.691735,0.65288,-0.73229,-0.19366,1.73
6366,606425.693256,0.63953,-0.73914,-0.21136,1.02
6367,606425.702387,0.65242,-0.72951,-0.20535,1.68
6368,606425.705308,0.6425,-0.73786,-0.20679,1.29
6369,606425.709837,0.65033,-0.73494,-0.1922,1.7
6370,606425.715139,0.64205,-0.73595,-0.21483,1.79
6371,606425.717271,0.64776,-0.7347,-0.20155,1.25
6372,606425.725409,0.64414,-0.73591,-0.20863,1.65
6373,606425.73079,0.64585,-0.73979,-0.18865,1.3
6374,606425.742275,0.63619,-0.74238,-0.21011,1.89
6375,606425.745676,0.64926,-0.73684,-0.1885,1.96
6376,606425.754193,0.63423,-0.74496,-0.20686,1.24
6377,606425.758343,0.64083,-0.74415,-0.18863,1.5
6378,606425.761552,0.65018,-0.73341,-0.19843,1.76
6379,606425.765969,0.63249,-0.75139,-0.18809,1.81
6380,606425.76965,0.64801,-0.73509,-0.19931,1.55
6381,606425.777459,0.63646,-0.7461,-0.1956,1.5
6382,606425.781503,0.65152,-0.73499,-0.18792,2.2
6383,606425.78519,0.62998,-0.75043,-0.19993,0.9
6384,606425.789959,0.64085,-0.74112,-0.20013,2.3
6385,606425.794368,0.63692,-0.74688,-0.19103,0.97
6386,606425.797958,0.64506,-0.74158,-0.18429,1.39
6387,606425.806377,0.63975,-0.74207,-0.20014,0.79
6388,606425.80882,0.64871,-0.73749,-0.18781,1.16
6389,606425.821912,0.64053,-0.74147,-0.19986,1.18
6390,606425.829654,0.64495,-0.74007,-0.19062,1.59
6391,606425.833936,0.64399,-0.74183,-0.187,1.3
6392,606425.838078,0.64076,-0.74808,-0.17264,0.67
6393,606425.842093,0.64669,-0.73803,-0.19263,1.93
6394,606425.845187,0.65122,-0.73651,-0.18295,0.89
6395,606425.853662,0.64807,-0.73901,-0.18401,1.47
6396,606425.857781,0.64289,-0.74779,-0.16583,1.34
6397,606425.861188,0.64735,-0.73703,-0.1942,2.37
6398,606425.865909,0.64853,-0.74065,-0.17566,0.77
6399,606425.869663,0.65424,-0.73471,-0.17937,1.48
6400,606425.873727,0.64139,-0.74729,-0.17369,1.56
6401,606425.882069,0.65545,-0.73311,-0.18148,1.5
6402,606425.885066,0.64556,-0.7427,-0.17791,1.26
6403,606425.890831,0.65452,-0.73595,-0.17314,1.68
6404,606425.893606,0.64415,-0.7422,-0.18496,1.21
6405,606425.910749,0.6552,-0.7367,-0.16729,1.28
6406,606425.91385,0.65279,-0.73423,-0.18649,1.11
6407,606425.918395,0.66068,-0.73068,-0.17207,0.93
6408,606425.92204,0.64916,-0.7383,-0.18305,1.77
6409,606425.929807,0.65786,-0.73512,-0.16378,1.53
6410,606425.934175,0.65129,-0.737,-0.18071,1.8
6411,606425.936791,0.66041,-0.7305,-0.17385,1.31
6412,606425.941768,0.66006,-0.73108,-0.17276,1.61
6413,606425.946374,0.65817,-0.73675,-0.15499,0.89
6414,606425.949041,0.65723,-0.73243,-0.17776,1.4
6415,606425.957966,0.66747,-0.72517,-0.16917,1.26
6416,606425.962463,0.66288,-0.72952,-0.16849,1.45
6417,606425.965057,0.65323,-0.73917,-0.16407,0.16
6418,606425.970147,0.66233,-0.7283,-0.1758,1.35
6419,606425.97424,0.66452,-0.7289,-0.16465,0.13
6420,606425.981677,0.66806,-0.72515,-0.16691,1.33
6421,606425.995107,0.67043,-0.72316,-0.16601,1.43
6422,606425.997649,0.66737,-0.725,-0.17028,0.4
6423,606426.006296,0.66245,-0.73125,-0.16257,1.9
6424,606426.010152,0.66876,-0.72152,-0.17934,2.07
6425,606426.012853,0.66588,-0.72638,-0.17021,1.1
6426,606426.019014,0.67375,-0.72082,-0.16274,1.35
6427,606426.021255,0.66439,-0.72535,-0.18015,1.92
6428,606426.025005,0.67377,-0.71712,-0.17823,1.25
6429,606426.034367,0.66739,-0.72286,-0.17909,1.26
6430,606426.037859,0.67209,-0.72161,-0.16607,0.98
6431,606426.042009,0.66787,-0.72042,-0.18692,1.73
6432,606426.046233,0.67483,-0.71684,-0.17533,1.11
6433,606426.050086,0.67073,-0.71876,-0.18306,1.38
6434,606426.057507,0.66912,-0.72414,-0.16703,0.77
6435,606426.061735,0.67068,-0.71675,-0.19096,1.58
6436,606426.065134,0.67356,-0.71689,-0.17997,0.6
6437,606426.082213,0.66544,-0.72063,-0.19465,1.76
6438,606426.085585,0.67027,-0.71965,-0.18124,1.12
6439,606426.08949,0.67554,-0.7137,-0.18514,1.5
6440,606426.094671,0.65973,-0.72885,-0.18314,1.58
6441,606426.097234,0.67299,-0.71337,-0.19542,1.14
6442,606426.10148,0.66649,-0.72051,-0.19146,0.81
6443,606426.109648,0.67267,-0.71658,-0.18445,1.42
6444,606426.11381,0.66256,-0.72346,-0.19393,1.36
6445,606426.116832,0.67552,-0.71185,-0.19223,1.13
6446,606426.122472,0.66354,-0.7217,-0.19715,1.17
6447,606426.125757,0.67219,-0.71648,-0.18659,1.45
6448,606426.13413,0.65822,-0.72417,-0.20573,1.94
6449,606426.138065,0.66983,-0.71534,-0.19905,0.73
6450,606426.140834,0.66488,-0.71968,-0.19998,1.1
6451,606426.146565,0.66666,-0.7222,-0.18438,0.89
6452,606426.149489,0.66409,-0.71754,-0.21005,1.65
6453,606426.165928,0.67315,-0.7134,-0.19476,1.43
6454,606426.170343,0.65697,-0.72654,-0.20133,1.54
6455,606426.173181,0.67201,-0.71271,-0.20111,0.66
6456,606426.17804,0.65869,-0.72443,-0.20328,0.43
6457,606426.186036,0.66544,-0.72049,-0.19515,1.77
6458,606426.189905,0.66453,-0.71678,-0.21125,1.31
6459,606426.193762,0.65949,-0.72472,-0.19965,1.06
6460,606426.198976,0.6661,-0.71844,-0.20038,1.5
6461,606426.201881,0.64949,-0.73345,-0.20053,1.31
6462,606426.209806,0.66484,-0.71743,-0.20805,1.34
6463,606426.21365,0.65378,-0.72844,-0.2048,0.8
6464,606426.21687,0.66203,-0.723,-0.19744,1.74
6465,606426.222897,0.64844,-0.73071,-0.21353,0.8
6466,606426.225039,0.66125,-0.71971,-0.21158,1.28
6467,606426.230125,0.65191,-0.72805,-0.21203,1.04
6468,606426.237831,0.65859,-0.72534,-0.20034,1.46
6469,606426.250107,0.65073,-0.72984,-0.20948,1.6
6470,606426.254033,0.65799,-0.72365,-0.20827,0.66
6471,606426.262312,0.64307,-0.73727,-0.20712,1.98
6472,606426.265386,0.65757,-0.72219,-0.21456,1.48
6473,606426.269809,0.65148,-0.72764,-0.21475,1.29
6474,606426.275344,0.64736,-0.73495,-0.20192,1.14
6475,606426.277132,0.65119,-0.72582,-0.22167,1.71
6476,606426.286579,0.64691,-0.73416,-0.20619,1.2
6477,606426.289424,0.65301,-0.7273,-0.21121,1.7
6478,606426.292908,0.6405,-0.74098,-0.20178,1.51
6479,606426.298712,0.6508,-0.72812,-0.21516,1.34
6480,606426.301203,0.64126,-0.73862,-0.20789,1.28
6481,606426.306065,0.65375,-0.72767,-0.20762,1.81
6482,606426.314335,0.6345,-0.74488,-0.2063,2.08
6483,606426.317601,0.65408,-0.72589,-0.21275,1.89
6484,606426.331024,0.63861,-0.73873,-0.21554,1.19
6485,606426.338047,0.64901,-0.73296,-0.20386,1.12
6486,606426.34196,0.63683,-0.74052,-0.21467,1.8
6487,606426.345254,0.64933,-0.73522,-0.1945,1.35
6488,606426.350094,0.63808,-0.74206,-0.20544,1.36
6489,606426.353286,0.64138,-0.73925,-0.20529,1.51
6490,606426.36182,0.63946,-0.74076,-0.20583,1.0
6491,606426.36576,0.64269,-0.74255,-0.1886,0.97
6492,606426.369425,0.63923,-0.7399,-0.20961,1.48
6493,606426.374064,0.64303,-0.73903,-0.20088,0.49
6494,606426.377788,0.64253,-0.73927,-0.20155,1.24
6495,606426.382181,0.63766,-0.74762,-0.18562,0.57
6496,606426.389849,0.64174,-0.73929,-0.20402,1.46
6497,606426.393709,0.64268,-0.74144,-0.19297,0.31
6498,606426.398169,0.64356,-0.73995,-0.19573,1.2
6499,606426.40258,0.63395,-0.75065,-0.1861,1.1
6500,606426.405095,0.64396,-0.7381,-0.20132,1.24
6501,606426.422339,0.63994,-0.74568,-0.18559,2.31
6502,606426.425884,0.64163,-0.73999,-0.2018,0.07
6503,606426.429082,0.64478,-0.7406,-0.18915,1.35
6504,606426.437391,0.64573,-0.73819,-0.1952,0.2
6505,606426.440978,0.64349,-0.74226,-0.18701,1.85
6506,606426.445745,0.64797,-0.73526,-0.19883,0.13
6507,606426.449364,0.64468,-0.7414,-0.18634,1.16
6508,606426.453437,0.64947,-0.73587,-0.19151,0.53
6509,606426.457184,0.64194,-0.74554,-0.17909,1.89
6510,606426.466956,0.64936,-0.73634,-0.1901,0.49
6511,606426.469452,0.64646,-0.73888,-0.19014,1.09
6512,606426.473702,0.64728,-0.74259,-0.17202,0.65
6513,606426.478329,0.64727,-0.7366,-0.1961,1.8
6514,606426.481289,0.64912,-0.7387,-0.18155,0.85
6515,606426.490105,0.64882,-0.73663,-0.1908,1.09
6516,606426.494361,0.64319,-0.74637,-0.17098,0.94
6517,606426.503352,0.64963,-0.73783,-0.18327,0.84
6518,606426.50749,0.65301,-0.73511,-0.18216,1.06
6519,606426.513982,0.64268,-0.74634,-0.17304,1.46
6520,606426.517341,0.65448,-0.73225,-0.18829,1.14
6521,606426.521643,0.64819,-0.73987,-0.18008,1.11
6522,606426.526743,0.65647,-0.73331,-0.17693,1.45
6523,606426.529352,0.64167,-0.74547,-0.1804,1.63
6524,606426.534166,0.65453,-0.73199,-0.18916,2.01
6525,606426.542409,0.65127,-0.73704,-0.18063,1.17
6526,606426.545985,0.66028,-0.73199,-0.16802,1.64
6527,606426.548852,0.64932,-0.73739,-0.18613,1.04
6528,606426.554029,0.65815,-0.73054,-0.18206,1.66
6529,606426.557743,0.65469,-0.73493,-0.17681,1.47
6530,606426.566255,0.66146,-0.73137,-0.16604,1.44
6531,606426.569378,0.65173,-0.73565,-0.18455,1.29
6532,606426.573191,0.66086,-0.72978,-0.1752,0.88
6533,606426.59036,0.66099,-0.7273,-0.18476,1.94
6534,606426.594173,0.66212,-0.72935,-0.17221,0.7
6535,606426.597479,0.65979,-0.73025,-0.17723,0.94
6536,606426.602189,0.6519,-0.7393,-0.16869,1.13
6537,606426.605636,0.66359,-0.72459,-0.18606,1.34
6538,606426.609513,0.66436,-0.72705,-0.17329,0.49
6539,606426.617407,0.66601,-0.72475,-0.17656,1.21
6540,606426.621453,0.65322,-0.73749,-0.17151,1.35
6541,606426.625013,0.6692,-0.7196,-0.18531,1.5
6542,606426.630859,0.66025,-0.72975,-0.17755,0.87
6543,606426.633137,0.6693,-0.72245,-0.17353,1.32
6544,606426.641582,0.6548,-0.73341,-0.18264,1.67
6545,606426.645703,0.66495,-0.72237,-0.18979,1.58
6546,606426.649319,0.65964,-0.72843,-0.18512,0.92
6547,606426.653679,0.67098,-0.72088,-0.17357,0.98
6548,606426.657304,0.66492,-0.72099,-0.19509,1.17
6549,606426.665688,0.6733,-0.71709,-0.18013,1.51
6550,606426.678654,0.66336,-0.72618,-0.18058,2.08
6551,606426.681371,0.6742,-0.71204,-0.19609,0.6
6552,606426.686112,0.66627,-0.72329,-0.18149,1.35
6553,606426.694329,0.67421,-0.71562,-0.18256,1.21
6554,606426.697052,0.6612,-0.72733,-0.18384,1.54
6555,606426.701827,0.6785,-0.7087,-0.19338,0.28
6556,606426.70538,0.66298,-0.72316,-0.19364,0.46
6557,606426.709778,0.66914,-0.72012,-0.18351,1.49
6558,606426.718489,0.66887,-0.71599,-0.19992,1.51
6559,606426.721182,0.6686,-0.72039,-0.18442,0.43
6560,606426.72494,0.67136,-0.71577,-0.19221,1.09
6561,606426.73025,0.65948,-0.72876,-0.18436,1.58
6562,606426.73454,0.67477,-0.71138,-0.19656,1.45
6563,606426.738241,0.66275,-0.72368,-0.19249,0.82
6564,606426.746078,0.67589,-0.712,-0.19036,1.66
6565,606426.749826,0.65825,-0.72567,-0.20028,1.43
6566,606426.76221,0.67389,-0.71413,-0.18946,1.41
6567,606426.769569,0.66537,-0.71541,-0.21324,1.05
6568,606426.774623,0.67302,-0.71177,-0.20106,0.8
6569,606426.777028,0.66587,-0.71782,-0.20335,1.41
6570,606426.78177,0.67284,-0.71583,-0.18676,1.37
6571,606426.785514,0.66167,-0.71781,-0.21666,1.68
6572,606426.794088,0.67145,-0.71379,-0.19914,1.21
6573,606426.797608,0.66942,-0.71415,-0.20463,1.77
6574,606426.800947,0.66735,-0.72042,-0.18879,0.65
6575,606426.806478,0.66698,-0.71335,-0.21508,1.98
6576,606426.809562,0.66709,-0.71852,-0.19677,0.7
6577,606426.813828,0.66963,-0.71363,-0.20574,2.18
6578,606426.822615,0.65894,-0.72803,-0.18913,1.23
6579,606426.825177,0.66202,-0.71739,-0.21697,1.36
6580,606426.830843,0.65736,-0.72489,-0.20593,0.82
6581,606426.833926,0.66366,-0.71956,-0.20441,1.59
6582,606426.850254,0.66099,-0.7222,-0.20376,1.71
6583,606426.853671,0.65427,-0.72433,-0.21744,0.04
6584,606426.858037,0.65191,-0.73217,-0.19733,1.96
6585,606426.861629,0.64845,-0.7277,-0.22354,1.34
6586,606426.869229,0.6566,-0.72595,-0.20464,1.6
6587,606426.874057,0.65612,-0.72758,-0.20032,1.11
6588,606426.877208,0.64937,-0.73081,-0.2103,1.52
6589,606426.881801,0.65857,-0.72317,-0.20812,1.07
6590,606426.885336,0.64963,-0.73042,-0.21087,1.28
6591,606426.889431,0.65509,-0.72929,-0.19747,0.44
6592,606426.897571,0.64758,-0.73074,-0.21601,1.61
6593,606426.901475,0.65841,-0.72414,-0.20524,1.57
6594,606426.907214,0.65355,-0.7276,-0.20852,1.59
6595,606426.909746,0.64739,-0.73742,-0.1926,0.36
6596,606426.914574,0.65239,-0.72768,-0.21182,1.42
6597,606426.922879,0.65044,-0.73389,-0.19576,0.83
6598,606426.935447,0.64427,-0.73474,-0.21229,0.48
6599,606426.937775,0.65387,-0.73122,-0.19435,1.89
6600,606426.946676,0.65715,-0.72763,-0.19673,2.07
6601,606426.950062,0.63734,-0.74426,-0.19966,1.7
6602,606426.953726,0.654,-0.72842,-0.20419,1.59
6603,606426.958736,0.64393,-0.73771,-0.20283,1.27
6604,606426.961349,0.65468,-0.7308,-0.1932,1.53
6605,606426.96971,0.63934,-0.74024,-0.20805,0.75
6606,606426.973654,0.65237,-0.73067,-0.20133,1.14
6607,606426.978,0.64431,-0.73854,-0.19857,0.8
6608,606426.981402,0.65213,-0.73441,-0.18806,1.32
6609,606426.985888,0.64243,-0.73763,-0.20784,1.13
6610,606426.989608,0.6519,-0.73224,-0.19711,1.11
6611,606426.998699,0.64861,-0.73523,-0.19681,1.19
6612,606427.002076,0.64953,-0.73813,-0.18244,1.29
6613,606427.005634,0.64768,-0.73582,-0.19769,1.65
6614,606427.022509,0.64952,-0.73996,-0.17489,0.72
6615,606427.02697,0.64983,-0.73436,-0.19604,1.7
6616,606427.029059,0.65308,-0.73429,-0.1852,0.27
6617,606427.034663,0.65456,-0.73295,-0.18533,1.34
6618,606427.038789,0.64356,-0.74413,-0.17917,0.88
6619,606427.042484,0.65484,-0.73092,-0.19218,1.32
6620,606427.050013,0.64879,-0.73787,-0.18606,0.64
6621,606427.053728,0.65763,-0.73089,-0.18255,1.56
6622,606427.058026,0.6387,-0.74653,-0.18641,1.21
6623,606427.062139,0.65521,-0.73126,-0.18964,1.2
6624,606427.065626,0.65099,-0.73612,-0.18528,0.88
6625,606427.074262,0.65778,-0.73206,-0.17722,1.22
6626,606427.077941,0.64938,-0.73658,-0.18912,0.81
6627,606427.080882,0.65801,-0.72965,-0.18611,0.5
6628,606427.086149,0.65503,-0.73207,-0.18707,1.0
6629,606427.089734,0.65745,-0.73387,-0.17085,1.29
6630,606427.097876,0.64863,-0.73813,-0.18558,1.46
6631,606427.106128,0.65928,-0.72945,-0.18236,1.39
6632,606427.111082,0.65666,-0.73527,-0.16784,0.71
6633,606427.113846,0.65925,-0.73042,-0.17856,1.42
6634,606427.117708,0.65883,-0.73101,-0.17767,0.38
6635,606427.12701,0.6652,-0.72499,-0.17861,1.44
6636,606427.129124,0.65226,-0.73939,-0.16692,0.47
6637,606427.1344,0.66105,-0.72748,-0.1838,1.62
6638,606427.137519,0.65942,-0.73102,-0.17543,0.56
6639,606427.141511,0.66512,-0.72575,-0.17579,1.51
6640,606427.149599,0.65225,-0.73943,-0.16674,1.16
6641,606427.154218,0.66531,-0.72435,-0.18079,1.34
6642,606427.157111,0.66114,-0.72876,-0.17834,0.75
6643,606427.162536,0.66561,-0.72522,-0.17611,1.29
6644,606427.165619,0.65367,-0.73614,-0.17554,0.94
6645,606427.173427,0.66345,-0.72637,-0.1795,0.91
6646,606427.178394,0.66458,-0.72523,-0.17993,1.18
6647,606427.181087,0.66678,-0.72605,-0.16809,1.05
6648,606427.193566,0.66615,-0.7235,-0.18108,0.83
6649,606427.201991,0.66487,-0.72751,-0.16932,0.69
6650,606427.205589,0.66003,-0.72844,-0.18368,1.3
6651,606427.20977,0.66999,-0.72041,-0.17924,0.87
6652,606427.215382,0.66521,-0.7237,-0.18373,0.96
6653,606427.217289,0.66576,-0.7273,-0.16671,1.04
6654,606427.226718,0.66476,-0.72274,-0.18907,0.91
6655,606427.229739,0.67032,-0.72107,-0.17528,0.74
6656,606427.233322,0.66982,-0.71892,-0.18573,1.02
6657,606427.23885,0.66301,-0.72972,-0.16711,0.54
6658,606427.241806,0.66369,-0.72332,-0.1906,1.44
6659,606427.246303,0.66842,-0.72142,-0.18104,0.21
6660,606427.253855,0.67114,-0.7196,-0.17816,1.07
6661,606427.256836,0.65834,-0.73232,-0.17406,1.19
6662,606427.262667,0.67164,-0.71642,-0.18879,1.21
6663,606427.265801,0.66514,-0.72397,-0.18291,0.52
6664,606427.269091,0.67024,-0.71839,-0.18624,1.98
6665,606427.286011,0.66473,-0.72258,-0.18978,0.88
6666,606427.289266,0.67149,-0.71612,-0.19044,0.1
6667,606427.294802,0.6618,-0.72758,-0.1807,1.53
6668,606427.302521,0.66894,-0.71698,-0.1961,0.6
6669,606427.305514,0.66488,-0.72059,-0.19668,1.35
6670,606427.309165,0.66803,-0.72135,-0.18272,1.43
6671,606427.314324,0.65938,-0.72317,-0.20556,1.29
6672,606427.31809,0.6658,-0.71961,-0.19716,1.05
6673,606427.32217,0.66132,-0.72315,-0.19925,1.24
6674,606427.330224,0.65806,-0.72994,-0.1848,0.59
6675,606427.332897,0.66314,-0.71917,-0.20745,1.68
6676,606427.338798,0.66615,-0.71856,-0.19978,1.42
6677,606427.341462,0.66184,-0.72188,-0.20212,1.4
6678,606427.345751,0.6562,-0.73145,-0.18543,0.5
6679,606427.354955,0.65804,-0.72332,-0.20928,1.63
6680,606427.358341,0.66021,-0.72454,-0.19792,0.26
6681,606427.370399,0.65429,-0.72843,-0.20324,0.51
6682,606427.378429,0.65356,-0.73062,-0.19761,0.73
6683,606427.381456,0.6618,-0.72399,-0.19457,1.43
6684,606427.38544,0.64779,-0.73485,-0.20091,1.37
6685,606427.390529,0.66231,-0.72104,-0.20357,1.37
6686,606427.394428,0.6511,-0.73188,-0.20103,1.2
6687,606427.397063,0.65889,-0.72737,-0.1918,1.54
6688,606427.405494,0.64864,-0.7301,-0.21497,0.51
6689,606427.40951,0.65849,-0.72653,-0.19633,1.29
6690,606427.41338,0.64935,-0.73077,-0.21053,1.68
6691,606427.418016,0.65662,-0.73023,-0.18874,1.73
6692,606427.421422,0.64768,-0.73227,-0.21046,1.58
6693,606427.430469,0.65611,-0.7267,-0.20354,1.47
6694,606427.433484,0.65052,-0.73026,-0.2087,1.5
6695,606427.437518,0.65049,-0.73574,-0.18852,1.01
6696,606427.442901,0.65253,-0.72572,-0.21803,1.69
6697,606427.458339,0.65197,-0.73285,-0.19459,1.67
6698,606427.461594,0.64117,-0.74018,-0.20255,1.23
6699,606427.465792,0.66107,-0.72498,-0.19336,1.63
6700,606427.469803,0.64655,-0.73581,-0.20137,0.31
6701,606427.473521,0.65099,-0.73675,-0.18279,2.07
6702,606427.481727,0.65259,-0.72854,-0.20821,2.56
6703,606427.485819,0.64426,-0.73881,-0.1977,1.47
6704,606427.489415,0.65715,-0.72797,-0.19546,1.75
6705,606427.494369,0.64116,-0.73972,-0.20427,1.39
6706,606427.498279,0.65724,-0.72687,-0.19922,1.44
6707,606427.506145,0.64367,-0.7392,-0.19817,1.24
6708,606427.509521,0.65516,-0.73155,-0.18869,1.65
6709,606427.51341,0.64496,-0.73505,-0.20912,0.9
6710,606427.518481,0.65486,-0.73041,-0.19407,1.36
6711,606427.521163,0.64566,-0.73691,-0.2002,1.32
6712,606427.529374,0.65729,-0.73098,-0.1834,1.31
6713,606427.538492,0.65458,-0.72775,-0.20471,0.18
6714,606427.542922,0.64411,-0.74062,-0.1913,1.39
6715,606427.54513,0.65474,-0.73256,-0.1862,1.52
6716,606427.549143,0.63839,-0.74626,-0.18855,1.65
6717,606427.558776,0.65206,-0.73381,-0.1906,1.32
6718,606427.562755,0.65161,-0.73317,-0.1946,1.82
6719,606427.56495,0.64293,-0.74626,-0.17244,1.56
6720,606427.570473,0.65343,-0.73073,-0.19765,1.82
6721,606427.573078,0.64692,-0.74048,-0.1822,0.98
6722,606427.581442,0.65107,-0.73601,-0.18544,1.48
6723,606427.5855,0.6377,-0.74787,-0.18449,1.69
6724,606427.588966,0.65409,-0.73112,-0.194,1.42
6725,606427.594466,0.64576,-0.74049,-0.1862,1.26
6726,606427.597664,0.65663,-0.73287,-0.17816,1.72
6727,606427.606324,0.64176,-0.7429,-0.19038,1.2
6728,606427.609487,0.65944,-0.72786,-0.18805,1.82
6729,606427.613256,0.64953,-0.73741,-0.18532,1.01
6730,606427.627374,0.65865,-0.73006,-0.18221,1.08
6731,606427.633394,0.65248,-0.73491,-0.18488,1.34
6732,606427.637451,0.65153,-0.73874,-0.17254,2.14
6733,606427.643087,0.64951,-0.73791,-0.18339,1.57
6734,606427.645292,0.65555,-0.73283,-0.18225,0.49
6735,606427.651061,0.65738,-0.73193,-0.17924,1.44
6736,606427.658132,0.65074,-0.74044,-0.16819,0.25
6737,606427.661398,0.65862,-0.72959,-0.18415,1.52
6738,606427.666082,0.65751,-0.7326,-0.17599,0.47
6739,606427.670145,0.66027,-0.72942,-0.17887,1.45
6740,606427.67421,0.65057,-0.74056,-0.16831,0.72
6741,606427.682369,0.65595,-0.73074,-0.18907,2.32
6742,606427.685627,0.65781,-0.73217,-0.17668,0.66
6743,606427.688948,0.66143,-0.73021,-0.17119,1.43
6744,606427.694236,0.65116,-0.73918,-0.17203,1.61
6745,606427.697726,0.6659,-0.72438,-0.17845,1.18
6746,606427.711077,0.66158,-0.7271,-0.1834,0.34
6747,606427.714844,0.66027,-0.73207,-0.16771,2.32
6748,606427.722338,0.65966,-0.73139,-0.17298,1.16
6749,606427.72557,0.66883,-0.72491,-0.16485,1.04
6750,606427.733761,0.65858,-0.72914,-0.18609,1.82
6751,606427.737405,0.67073,-0.72135,-0.17254,0.91
6752,606427.741226,0.66033,-0.72807,-0.18406,1.56
6753,606427.746917,0.67021,-0.72417,-0.16249,0.71
6754,606427.74924,0.66671,-0.72199,-0.185,1.75
6755,606427.754333,0.67473,-0.71685,-0.17567,1.44
6756,606427.761513,0.66873,-0.72149,-0.17962,1.17
6757,606427.765844,0.66374,-0.73009,-0.16254,0.64
6758,606427.769408,0.66937,-0.71956,-0.1849,1.49
6759,606427.773633,0.67605,-0.71441,-0.18047,1.44
6760,606427.777576,0.6745,-0.71648,-0.17808,1.54
6761,606427.785921,0.66255,-0.72892,-0.17234,1.19
6762,606427.79727,0.66663,-0.72174,-0.18626,0.44
6763,606427.801215,0.6689,-0.72367,-0.16991,2.5
6764,606427.810646,0.67553,-0.71257,-0.1895,1.19
6765,606427.813523,0.66307,-0.72437,-0.18873,1.35
6766,606427.817623,0.6758,-0.71523,-0.17814,1.76
6767,606427.82283,0.66546,-0.72071,-0.19428,0.82
6768,606427.82507,0.67737,-0.71129,-0.1877,1.25
6769,606427.830061,0.66734,-0.72017,-0.18977,1.13
6770,606427.837919,0.6771,-0.71266,-0.18341,1.86
6771,606427.840853,0.66106,-0.72415,-0.19649,1.34
6772,606427.846285,0.67372,-0.71302,-0.19418,0.8
6773,606427.849654,0.67195,-0.71443,-0.19513,0.96
6774,606427.853546,0.67132,-0.7196,-0.17748,0.57
6775,606427.861654,0.66693,-0.71748,-0.20106,1.27
6776,606427.86547,0.67274,-0.71342,-0.19609,0.74
6777,606427.869585,0.67053,-0.71351,-0.20322,1.2
6778,606427.877158,0.66126,-0.72137,-0.20579,0.64
6779,606427.887205,0.67677,-0.7084,-0.20037,0.68
6780,606427.889405,0.66426,-0.71963,-0.20222,0.41
6781,606427.893549,0.66872,-0.71854,-0.19108,1.78
6782,606427.901681,0.66074,-0.72407,-0.19787,1.03
6783,606427.9097,0.67089,-0.71546,-0.19499,1.79
6784,606427.913685,0.65496,-0.72884,-0.19955,1.6
6785,606427.917651,0.66793,-0.71539,-0.20515,1.1
6786,606427.921158,0.65734,-0.7255,-0.20384,0.9
6787,606427.926958,0.66592,-0.72072,-0.19264,1.42
6788,606427.929691,0.65625,-0.72372,-0.21345,0.79
6789,606427.938322,0.66822,-0.71504,-0.20541,1.21
6790,606427.941387,0.65757,-0.72434,-0.2072,1.3
6791,606427.94553,0.66549,-0.72015,-0.19626,1.34
6792,606427.950343,0.65311,-0.7265,-0.21363,1.29
6793,606427.953431,0.66108,-0.72085,-0.20821,1.77
6794,606427.961915,0.65798,-0.72302,-0.21049,1.33
6795,606427.974418,0.66494,-0.71599,-0.21266,0.17
6796,606427.977336,0.6503,-0.73011,-0.20988,0.92
6797,606427.982215,0.66524,-0.72068,-0.19511,1.29
6798,606427.990711,0.64778,-0.73188,-0.2115,1.84
6799,606427.994053,0.65462,-0.72829,-0.20262,1.02
6800,606427.99746,0.65839,-0.72382,-0.20638,1.31
6801,606428.002882,0.64537,-0.73747,-0.19906,1.35
6802,606428.005245,0.65228,-0.72555,-0.21934,1.76
6803,606428.013478,0.64784,-0.73225,-0.21002,1.02
6804,606428.017674,0.65775,-0.725,-0.20429,1.48
6805,606428.021356,0.63902,-0.73873,-0.21431,1.67
6806,606428.026328,0.65573,-0.724,-0.21411,1.25
6807,606428.029276,0.6442,-0.73382,-0.21567,0.87
6808,606428.037507,0.65505,-0.72719,-0.20519,1.64
6809,606428.042093,0.64262,-0.73465,-0.21757,1.74
6810,606428.045174,0.65291,-0.72691,-0.21286,1.34
6811,606428.057243,0.64214,-0.73541,-0.21639,1.53
6812,606428.065859,0.64853,-0.73282,-0.20587,1.27
6813,606428.069868,0.64498,-0.73387,-0.21314,1.38
6814,606428.073931,0.64418,-0.74004,-0.19332,1.21
6815,606428.078022,0.64526,-0.7334,-0.21391,1.61
6816,606428.081298,0.64746,-0.73565,-0.19903,0.84
6817,606428.089578,0.64785,-0.7325,-0.20913,1.44
6818,606428.093575,0.63811,-0.74521,-0.1936,0.85
6819,606428.097457,0.64729,-0.73268,-0.21023,1.68
6820,606428.101688,0.64221,-0.74063,-0.19758,0.94
6821,606428.106691,0.64959,-0.73289,-0.20224,1.61
6822,606428.113829,0.63412,-0.74931,-0.19085,1.73
6823,606428.118263,0.64747,-0.7341,-0.20463,1.47
6824,606428.12135,0.64117,-0.74064,-0.2009,1.0
6825,606428.126586,0.64844,-0.73582,-0.19517,1.39
6826,606428.129784,0.63309,-0.74723,-0.20212,1.26
6827,606428.146195,0.64847,-0.73681,-0.1913,1.42
6828,606428.148767,0.64004,-0.74046,-0.20511,0.74
6829,606428.154616,0.64546,-0.73788,-0.19726,1.15
6830,606428.157382,0.64185,-0.74074,-0.19833,1.29
6831,606428.166033,0.6444,-0.74174,-0.18591,1.23
6832,606428.169682,0.64365,-0.73738,-0.2049,1.21
6833,606428.173884,0.6456,-0.73846,-0.19462,1.49
6834,606428.177521,0.64328,-0.74009,-0.19609,1.45
6835,606428.181824,0.64346,-0.74446,-0.17814,1.31
6836,606428.190019,0.64481,-0.73749,-0.20082,1.82
6837,606428.193663,0.64871,-0.73621,-0.19278,1.13
6838,606428.197116,0.64838,-0.73645,-0.193,1.41
6839,606428.203121,0.64107,-0.74711,-0.17565,1.22
6840,606428.205629,0.65298,-0.73068,-0.19929,1.64
6841,606428.20893,0.64359,-0.74242,-0.18601,0.78
6842,606428.218372,0.65256,-0.73386,-0.18872,1.59
6843,606428.230565,0.64059,-0.74514,-0.18548,0.8
6844,606428.233582,0.65279,-0.7339,-0.18777,0.79
6845,606428.242808,0.64365,-0.74453,-0.17715,2.13
6846,606428.245433,0.6542,-0.73333,-0.18507,1.26
6847,606428.250043,0.64084,-0.74414,-0.18865,1.1
6848,606428.255203,0.65547,-0.73479,-0.17449,1.56
6849,606428.25875,0.64328,-0.74007,-0.19618,0.98
6850,606428.261707,0.6541,-0.73384,-0.1834,1.13
6851,606428.270072,0.64822,-0.73903,-0.18343,1.18
6852,606428.273026,0.65101,-0.73941,-0.17162,1.63
6853,606428.278661,0.64931,-0.73636,-0.19018,1.66
6854,606428.281918,0.65567,-0.73344,-0.17937,1.05
6855,606428.285199,0.65223,-0.73463,-0.18687,1.41
6856,606428.293765,0.65317,-0.73852,-0.16721,0.74
6857,606428.29796,0.65271,-0.73312,-0.19107,1.81
6858,606428.301281,0.65541,-0.73366,-0.17941,0.66
6859,606428.318532,0.66267,-0.72436,-0.19017,1.65
6860,606428.321269,0.65344,-0.73655,-0.17468,0.62
6861,606428.326221,0.65886,-0.73089,-0.17807,1.61
6862,606428.330841,0.64533,-0.74368,-0.17463,1.72
6863,606428.333538,0.66198,-0.72673,-0.18341,1.51
6864,606428.337708,0.65434,-0.73463,-0.17932,1.02
6865,606428.345699,0.6643,-0.72634,-0.17646,1.63
6866,606428.349162,0.64909,-0.73757,-0.18619,2.02
6867,606428.355042,0.66292,-0.7255,-0.18487,1.5
6868,606428.35769,0.65153,-0.73466,-0.18918,1.18
6869,606428.363572,0.66026,-0.73075,-0.17335,1.81
6870,606428.369811,0.65052,-0.73533,-0.19005,1.81
6871,606428.373586,0.66225,-0.72563,-0.18678,1.16
6872,606428.377875,0.65459,-0.73222,-0.18806,1.04
6873,606428.381733,0.65917,-0.73122,-0.17553,1.37
6874,606428.385012,0.65655,-0.72955,-0.19156,1.95
6875,606428.393545,0.66359,-0.72564,-0.18193,1.13
6876,606428.406251,0.65752,-0.72851,-0.19217,1.38
6877,606428.409484,0.66978,-0.71757,-0.19102,0.23
6878,606428.413887,0.65672,-0.73136,-0.18392,0.85
6879,606428.421785,0.66318,-0.72865,-0.17105,1.5
6880,606428.426399,0.6643,-0.72258,-0.19127,1.65
6881,606428.4292,0.65747,-0.73095,-0.18289,0.73
6882,606428.434903,0.66486,-0.72357,-0.18551,1.43
6883,606428.436989,0.65054,-0.73759,-0.18102,1.59
6884,606428.446115,0.66805,-0.71846,-0.19369,1.61
6885,606428.449468,0.65761,-0.7289,-0.19043,1.09
6886,606428.453089,0.66894,-0.72088,-0.18125,1.86
6887,606428.458343,0.65113,-0.73284,-0.19743,1.83
6888,606428.462357,0.66556,-0.72113,-0.19236,1.23
6889,606428.469858,0.65579,-0.73021,-0.19166,1.09
6890,606428.473358,0.66734,-0.72217,-0.18201,1.22
6891,606428.476827,0.65658,-0.72804,-0.19714,1.9
6892,606428.49052,0.66169,-0.7283,-0.17817,1.52
6893,606428.497667,0.66108,-0.72357,-0.19855,2.02
6894,606428.501723,0.66766,-0.71861,-0.19452,1.86
6895,606428.504852,0.66169,-0.72266,-0.19981,1.63
6896,606428.510828,0.65923,-0.7301,-0.17993,0.76
6897,606428.513012,0.66027,-0.72236,-0.20555,1.61
6898,606428.521722,0.66219,-0.7255,-0.18751,0.8
6899,606428.525459,0.6637,-0.72119,-0.19846,1.43
6900,606428.529779,0.65336,-0.73499,-0.18142,1.22
6901,606428.534347,0.66298,-0.721,-0.20154,1.61
6902,606428.537177,0.65829,-0.72851,-0.18956,0.7
6903,606428.54603,0.66427,-0.72283,-0.19043,1.58
6904,606428.549573,0.64861,-0.73763,-0.18762,1.12
6905,606428.553242,0.66415,-0.72209,-0.19361,1.74
6906,606428.558931,0.65361,-0.73031,-0.19861,0.77
6907,606428.561829,0.66369,-0.72305,-0.19161,1.41
6908,606428.565203,0.64653,-0.73616,-0.20018,1.24
6909,606428.57899,0.6539,-0.73003,-0.19867,1.18
6910,606428.582745,0.66258,-0.72527,-0.18702,1.37
6911,606428.585863,0.65409,-0.72734,-0.2077,1.27
6912,606428.588955,0.66181,-0.72347,-0.19648,1.41
6913,606428.597991,0.65661,-0.7277,-0.19829,1.63
6914,606428.601992,0.65768,-0.73025,-0.18493,0.77
6915,606428.605354,0.65472,-0.72619,-0.20971,1.89
6916,606428.611437,0.65898,-0.72642,-0.1951,0.89
6917,606428.613396,0.65739,-0.72563,-0.2032,1.53
6918,606428.622747,0.65319,-0.73402,-0.18591,1.09
6919,606428.625955,0.6591,-0.72254,-0.20861,1.77
6920,606428.629592,0.65511,-0.7293,-0.19738,1.04
6921,606428.634457,0.65971,-0.72447,-0.19981,1.57
6922,606428.637425,0.64905,-0.73745,-0.18683,1.18
6923,606428.642024,0.65803,-0.72453,-0.20506,1.38
6924,606428.650336,0.65264,-0.73146,-0.19754,0.73
6925,606428.653382,0.6593,-0.72514,-0.19876,1.23
6926,606428.663457,0.65929,-0.72331,-0.20533,1.36
6927,606428.667314,0.65254,-0.73064,-0.20088,0.9
6928,606428.674619,0.66022,-0.72669,-0.18984,1.59
6929,606428.677589,0.6475,-0.7339,-0.20524,1.13
6930,606428.68157,0.65996,-0.72348,-0.20256,1.45
6931,606428.686173,0.65285,-0.73061,-0.2,1.28
6932,606428.689816,0.6583,-0.7283,-0.19031,1.16
6933,606428.693708,0.64867,-0.73178,-0.20909,1.69
6934,606428.701637,0.65937,-0.72535,-0.19775,1.33
6935,606428.704923,0.65309,-0.72923,-0.20417,1.51
6936,606428.711052,0.65366,-0.73327,-0.1872,0.93
6937,606428.713077,0.65378,-0.72715,-0.20933,1.87
6938,606428.717659,0.65914,-0.725,-0.19975,0.98
6939,606428.725546,0.65694,-0.7255,-0.20513,1.69
6940,606428.729671,0.64747,-0.73836,-0.18868,1.04
6941,606428.733329,0.6548,-0.72654,-0.20826,1.82
6942,606428.750361,0.64197,-0.74249,-0.19127,1.22
6943,606428.753646,0.65211,-0.72885,-0.20863,2.48
6944,606428.757644,0.64785,-0.73545,-0.1985,0.92
6945,606428.762395,0.65594,-0.729,-0.19572,1.57
6946,606428.766398,0.64332,-0.73953,-0.19807,1.6
6947,606428.770149,0.65616,-0.72765,-0.19996,1.69
6948,606428.778569,0.64823,-0.73435,-0.2013,1.06
6949,606428.781086,0.656,-0.7305,-0.18985,1.76
6950,606428.787361,0.63967,-0.74077,-0.20514,1.51
6951,606428.789817,0.65621,-0.72796,-0.19864,1.28
6952,606428.794294,0.64734,-0.73624,-0.19723,0.93
6953,606428.802537,0.65193,-0.73486,-0.18699,1.28
6954,606428.806042,0.64749,-0.73459,-0.20283,1.61
6955,606428.809554,0.65785,-0.72662,-0.19814,1.24
6956,606428.814305,0.64879,-0.7339,-0.20117,1.2
6957,606428.818211,0.65039,-0.73799,-0.17989,1.05
6958,606428.834223,0.64604,-0.73736,-0.19733,0.89
6959,606428.837316,0.65342,-0.73376,-0.18611,1.65
6960,606428.843063,0.64286,-0.73972,-0.19888,0.93
6961,606428.845365,0.65721,-0.72854,-0.19314,1.44
6962,606428.855084,0.65584,-0.72802,-0.19965,1.81
6963,606428.85678,0.6407,-0.74431,-0.18845,1.22
6964,606428.862954,0.65409,-0.72951,-0.19996,1.61
6965,606428.865754,0.64755,-0.73765,-0.19118,0.8
6966,606428.869731,0.65401,-0.73222,-0.19005,1.22
6967,606428.877582,0.64062,-0.74307,-0.19354,1.65
6968,606428.881749,0.65757,-0.72804,-0.19378,1.69
6969,606428.885775,0.64701,-0.73804,-0.1915,1.39
6970,606428.889641,0.65579,-0.73197,-0.1848,1.88
6971,606428.89316,0.64473,-0.73927,-0.19443,1.42
6972,606428.901513,0.65566,-0.73073,-0.19011,1.09
6973,606428.906336,0.64842,-0.73664,-0.19211,1.18
6974,606428.918591,0.65683,-0.73154,-0.18281,1.59
6975,606428.921309,0.65145,-0.73303,-0.19566,1.19
6976,606428.931043,0.65081,-0.73877,-0.17512,0.66
6977,606428.933305,0.65475,-0.73052,-0.19404,1.79
6978,606428.93764,0.66175,-0.72624,-0.18617,1.27
6979,606428.943178,0.65773,-0.73059,-0.18339,1.41
6980,606428.945445,0.64886,-0.73943,-0.17951,0.34
6981,606428.953772,0.65688,-0.72904,-0.19238,1.5
6982,606428.956928,0.65357,-0.73475,-0.1816,0.6
6983,606428.96085,0.65991,-0.72883,-0.18255,1.46
6984,606428.96629,0.64505,-0.74256,-0.18035,0.78
6985,606428.969439,0.66153,-0.72561,-0.1894,1.5
6986,606428.9775,0.65167,-0.73594,-0.18363,0.57
6987,606428.981463,0.66044,-0.72875,-0.18095,1.68
6988,606428.98565,0.64845,-0.73769,-0.18795,0.91
6989,606428.997998,0.66285,-0.72808,-0.1747,1.78
6990,606429.005777,0.65037,-0.73493,-0.19211,1.46
6991,606429.009172,0.66371,-0.72486,-0.18454,1.42
6992,606429.013558,0.65787,-0.73013,-0.18472,1.16
6993,606429.018211,0.6607,-0.7295,-0.17696,1.07
6994,606429.022181,0.65756,-0.7287,-0.19133,1.79
6995,606429.029566,0.66554,-0.72318,-0.18459,1.21
6996,606429.033532,0.6634,-0.72468,-0.18638,1.66
6997,606429.037337,0.66198,-0.72901,-0.17413,0.53
6998,606429.042718,0.66223,-0.72357,-0.19465,1.57
6999,606429.045215,0.6691,-0.71895,-0.18818,1.16
7000,606429.053732,0.66278,-0.72375,-0.19212,1.0
7001,606429.057731,0.65701,-0.73267,-0.17758,0.61
7002,606429.061318,0.66616,-0.71862,-0.19952,1.67
7003,606429.06649,0.66221,-0.7257,-0.18663,0.34
7004,606429.069073,0.66629,-0.72174,-0.18746,1.45
7005,606429.074009,0.6524,-0.73364,-0.19013,1.18
7006,606429.087233,0.65675,-0.72819,-0.19599,1.15
7007,606429.0909,0.66761,-0.72032,-0.18826,1.41
7008,606429.093594,0.65308,-0.73082,-0.19845,1.23
7009,606429.097669,0.66518,-0.71868,-0.20259,1.98
7010,606429.106174,0.65883,-0.72577,-0.19801,1.19
7011,606429.109569,0.66551,-0.72236,-0.18784,1.28
7012,606429.113023,0.65575,-0.727,-0.20362,1.57
7013,606429.117868,0.6653,-0.71947,-0.19935,1.23
7014,606429.121801,0.6569,-0.72563,-0.20478,1.28
7015,606429.130805,0.66579,-0.72198,-0.1883,1.09
7016,606429.133681,0.65654,-0.7254,-0.20674,1.65
7017,606429.136981,0.66882,-0.71538,-0.20225,1.56
7018,606429.142372,0.6615,-0.72199,-0.20283,1.26
7019,606429.1457,0.65986,-0.72819,-0.18528,0.77
7020,606429.149896,0.66287,-0.71948,-0.20724,1.84
7021,606429.157578,0.66278,-0.72277,-0.19576,0.82
7022,606429.161458,0.66172,-0.72196,-0.20222,1.26
7023,606429.174728,0.66332,-0.72199,-0.19682,1.18
7024,606429.182413,0.65722,-0.72503,-0.20588,0.09
7025,606429.186253,0.649,-0.73357,-0.20168,1.62
7026,606429.188824,0.66306,-0.7197,-0.20587,1.14
7027,606429.195329,0.65083,-0.7319,-0.20187,0.93
7028,606429.197271,0.66423,-0.72137,-0.19601,1.55
7029,606429.201964,0.64397,-0.73546,-0.21069,1.38
7030,606429.210071,0.65932,-0.72336,-0.20503,1.2
7031,606429.213339,0.65077,-0.73075,-0.20617,1.12
7032,606429.218726,0.66183,-0.72441,-0.19291,1.04
7033,606429.222652,0.65081,-0.72876,-0.21298,1.71
7034,606429.225326,0.65751,-0.72565,-0.20277,1.02
7035,606429.234337,0.64857,-0.73062,-0.21344,1.48
7036,606429.237344,0.65368,-0.73259,-0.18976,1.55
7037,606429.241606,0.64646,-0.73198,-0.21515,1.57
7038,606429.258287,0.64743,-0.73778,-0.19109,1.04
7039,606429.262214,0.6519,-0.72802,-0.21215,1.7
7040,606429.264999,0.64774,-0.73584,-0.19743,1.06
7041,606429.270081,0.65185,-0.72954,-0.20701,1.57
7042,606429.273252,0.63879,-0.74493,-0.19242,1.55
7043,606429.277674,0.65157,-0.72791,-0.21354,1.84
7044,606429.286065,0.6466,-0.73593,-0.20078,0.89
7045,606429.289107,0.65237,-0.73089,-0.20053,1.51
7046,606429.293857,0.6378,-0.74273,-0.20388,1.34
7047,606429.297906,0.65437,-0.72748,-0.20634,1.34
7048,606429.302359,0.64009,-0.73906,-0.20993,1.33
7049,606429.310075,0.6518,-0.73137,-0.20063,1.65
7050,606429.314039,0.63719,-0.741,-0.21192,1.23
7051,606429.317053,0.65113,-0.72984,-0.20824,1.38
7052,606429.322015,0.64233,-0.73828,-0.20582,1.02
7053,606429.325743,0.64884,-0.73592,-0.19346,1.54
7054,606429.342341,0.64257,-0.7396,-0.20024,1.69
7055,606429.345387,0.65141,-0.7321,-0.19926,0.8
7056,606429.350194,0.63726,-0.74528,-0.1961,2.17
7057,606429.353661,0.65216,-0.72908,-0.20769,0.44
7058,606429.362165,0.64183,-0.74066,-0.19869,1.0
7059,606429.36549,0.64799,-0.73703,-0.19208,1.31
7060,606429.370072,0.63828,-0.74398,-0.19775,1.59
7061,606429.373439,0.65119,-0.7345,-0.19092,1.21
7062,606429.378483,0.6392,-0.74222,-0.20131,0.65
7063,606429.387579,0.63642,-0.74835,-0.18691,1.47
7064,606429.389624,0.64688,-0.73543,-0.20172,1.39
7065,606429.393838,0.63997,-0.74384,-0.19272,1.02
7066,606429.399586,0.64804,-0.73717,-0.19137,1.34
7067,606429.40131,0.63177,-0.75048,-0.19405,1.35
7068,606429.409846,0.64991,-0.73493,-0.19365,1.64
7069,606429.413408,0.63442,-0.74748,-0.19692,0.9
7070,606429.426161,0.64049,-0.74097,-0.20182,0.25
7071,606429.429225,0.64031,-0.74453,-0.18889,1.59
7072,606429.439284,0.64409,-0.74332,-0.1806,1.69
7073,606429.441176,0.6402,-0.74102,-0.20259,1.41
7074,606429.445371,0.64434,-0.74105,-0.18886,0.79
7075,606429.45063,0.63874,-0.74503,-0.19221,1.26
7076,606429.453632,0.64174,-0.74681,-0.17449,0.64
7077,606429.46185,0.64072,-0.74238,-0.19584,1.68
7078,606429.465552,0.64618,-0.74066,-0.18406,1.86
7079,606429.468998,0.64366,-0.74095,-0.19156,1.68
7080,606429.473953,0.63418,-0.75252,-0.17757,0.14
7081,606429.477606,0.6454,-0.73949,-0.19134,1.73
7082,606429.485519,0.64534,-0.74322,-0.17653,0.57
7083,606429.489592,0.64692,-0.74057,-0.18181,1.36
7084,606429.493251,0.63762,-0.75049,-0.17382,1.36
7085,606429.498027,0.65116,-0.73631,-0.18396,1.54
7086,606429.505293,0.64433,-0.74134,-0.18775,0.11
7087,606429.514888,0.64271,-0.74624,-0.17338,1.99
7088,606429.517261,0.64754,-0.73925,-0.18491,0.61
7089,606429.526507,0.65399,-0.738,-0.16628,1.64
7090,606429.530226,0.64324,-0.7429,-0.18532,1.08
7091,606429.537748,0.65423,-0.73573,-0.17517,1.1
7092,606429.541571,0.64603,-0.74172,-0.18027,1.52
7093,606429.545544,0.65205,-0.74021,-0.1641,1.44
7094,606429.550889,0.64539,-0.74178,-0.18232,1.89
7095,606429.55377,0.65538,-0.73583,-0.17038,1.14
7096,606429.562105,0.65215,-0.73747,-0.17561,1.61
7097,606429.565364,0.65164,-0.74185,-0.15821,0.89
7098,606429.569245,0.65454,-0.73393,-0.18144,2.05
7099,606429.574977,0.6574,-0.73546,-0.16409,0.68
7100,606429.578336,0.65646,-0.73419,-0.17327,1.7
7101,606429.581474,0.64843,-0.74386,-0.16188,0.24
7102,606429.594088,0.66484,-0.72819,-0.16652,1.14
7103,606429.59887,0.65336,-0.73686,-0.17367,0.27
7104,606429.602165,0.65799,-0.73629,-0.15786,1.85
7105,606429.605675,0.65503,-0.73494,-0.17552,0.7
7106,606429.614528,0.66385,-0.73023,-0.16146,1.56
7107,606429.618711,0.66621,-0.72747,-0.16415,1.48
7108,606429.621275,0.65186,-0.73967,-0.16724,1.76
7109,606429.625567,0.6668,-0.72402,-0.17657,1.97
7110,606429.629127,0.66214,-0.7298,-0.17019,0.67
7111,606429.638259,0.66899,-0.72633,-0.15779,1.51
7112,606429.64142,0.66016,-0.73068,-0.17408,1.46
7113,606429.645071,0.67246,-0.72067,-0.1686,1.16
7114,606429.650866,0.66422,-0.72674,-0.17513,1.08
7115,606429.65386,0.67079,-0.72406,-0.16056,1.5
7116,606429.657804,0.66062,-0.72822,-0.18239,1.64
7117,606429.666669,0.66941,-0.72072,-0.18015,1.46
7118,606429.669513,0.66889,-0.72242,-0.17519,1.08
7119,606429.682309,0.67074,-0.72232,-0.1684,1.47
7120,606429.689447,0.66588,-0.72445,-0.17824,0.56
7121,606429.694462,0.66625,-0.72682,-0.16686,1.3
7122,606429.696867,0.67341,-0.71405,-0.19142,1.77
7123,606429.701656,0.67798,-0.712,-0.18275,0.95
7124,606429.705663,0.67573,-0.71431,-0.18207,1.17
7125,606429.709799,0.66503,-0.72569,-0.17635,1.72
7126,606429.717724,0.67806,-0.70943,-0.19223,1.7
7127,606429.721221,0.66929,-0.71984,-0.18408,0.92
7128,606429.726924,0.67707,-0.71354,-0.1801,1.39
7129,606429.729432,0.65903,-0.72625,-0.19553,1.77
7130,606429.734303,0.67675,-0.71052,-0.1928,1.34
7131,606429.741895,0.66815,-0.7185,-0.19322,1.32
7132,606429.745377,0.67861,-0.71201,-0.18036,1.5
7133,606429.748876,0.66561,-0.71764,-0.20485,1.11
7134,606429.766976,0.67455,-0.71585,-0.18041,1.5
7135,606429.769633,0.66578,-0.71783,-0.20362,1.75
7136,606429.773425,0.67422,-0.71121,-0.19902,1.5
7137,606429.778598,0.66925,-0.71423,-0.2049,1.62
7138,606429.781319,0.66907,-0.71963,-0.18571,1.3
7139,606429.786,0.66668,-0.71515,-0.20998,1.81
7140,606429.79367,0.67178,-0.71305,-0.20067,1.43
7141,606429.797166,0.66968,-0.71362,-0.20561,1.61
7142,606429.802617,0.66061,-0.7267,-0.18843,0.85
7143,606429.807039,0.66782,-0.71312,-0.21327,1.53
7144,606429.810427,0.66324,-0.72172,-0.19809,0.66
7145,606429.818001,0.66735,-0.71619,-0.20425,1.38
7146,606429.822552,0.65372,-0.7304,-0.19788,1.07
7147,606429.824683,0.66558,-0.71542,-0.21256,1.18
7148,606429.82937,0.65744,-0.72466,-0.20652,0.88
7149,606429.833907,0.66522,-0.71808,-0.20456,1.44
7150,606429.842023,0.64803,-0.73277,-0.20762,1.38
7151,606429.854457,0.66441,-0.7175,-0.2092,0.62
7152,606429.857869,0.65163,-0.73048,-0.2044,2.59
7153,606429.862852,0.66027,-0.71828,-0.21938,0.08
7154,606429.870133,0.65189,-0.72908,-0.20852,1.34
7155,606429.873551,0.65809,-0.72606,-0.19941,1.38
7156,606429.877467,0.6497,-0.72625,-0.22461,1.98
7157,606429.882837,0.65707,-0.72284,-0.21391,1.28
7158,606429.885094,0.65139,-0.72637,-0.21929,0.99
7159,606429.893612,0.64975,-0.73122,-0.20773,0.63
7160,606429.897393,0.65155,-0.72386,-0.22696,1.7
7161,606429.90135,0.65424,-0.72481,-0.21592,1.36
7162,606429.906907,0.65383,-0.72456,-0.21797,1.82
7163,606429.909092,0.63886,-0.74074,-0.20772,0.87
7164,606429.917074,0.65309,-0.72535,-0.21758,1.69
7165,606429.922268,0.64467,-0.73515,-0.20965,1.19
7166,606429.925331,0.65371,-0.72566,-0.21466,1.76
7167,606429.938254,0.64012,-0.73719,-0.21631,1.26
7168,606429.945945,0.64865,-0.73173,-0.20936,1.38
7169,606429.950168,0.63547,-0.73969,-0.22146,0.94
7170,606429.953139,0.64804,-0.73046,-0.21556,1.2
7171,606429.958727,0.63805,-0.73922,-0.21551,1.14
7172,606429.96148,0.64958,-0.73211,-0.20506,1.57
7173,606429.969665,0.63514,-0.7398,-0.222,0.83
7174,606429.973781,0.64199,-0.73668,-0.21248,0.82
7175,606429.976859,0.63839,-0.73866,-0.21643,1.29
7176,606429.981953,0.64195,-0.7405,-0.19889,1.14
7177,606429.984951,0.63665,-0.73928,-0.2194,0.99
7178,606429.994179,0.63959,-0.73914,-0.21116,0.58
7179,606429.998344,0.64065,-0.73823,-0.21116,1.13
7180,606430.000776,0.6312,-0.74903,-0.20135,0.59
7181,606430.006986,0.63895,-0.73919,-0.21292,1.42
7182,606430.010541,0.64359,-0.73662,-0.20779,1.01
7183,606430.014342,0.64194,-0.7384,-0.20659,1.24
7184,606430.029987,0.64221,-0.73927,-0.2026,1.01
7185,606430.033975,0.63939,-0.74035,-0.2075,0.3
7186,606430.037847,0.63753,-0.74586,-0.19301,1.75
7187,606430.045816,0.64531,-0.73688,-0.20145,1.53
7188,606430.04981,0.63546,-0.7448,-0.20364,1.05
7189,606430.053731,0.64554,-0.73885,-0.19332,1.59
7190,606430.058519,0.63115,-0.74792,-0.20558,0.91
7191,606430.062283,0.645,-0.7378,-0.19909,1.33
7192,606430.06948,0.63598,-0.7451,-0.20088,1.01
7193,606430.0736,0.64535,-0.7403,-0.18837,1.36
7194,606430.077313,0.63738,-0.74223,-0.20698,1.75
7195,606430.082422,0.64527,-0.73946,-0.1919,1.06
7196,606430.086513,0.64024,-0.74105,-0.20231,1.58
7197,606430.089378,0.64372,-0.74313,-0.18272,1.06
7198,606430.097973,0.64104,-0.74048,-0.20188,1.79
7199,606430.100809,0.64567,-0.73933,-0.19107,0.76
7200,606430.114562,0.64586,-0.73726,-0.19827,1.74
7201,606430.121883,0.64546,-0.73984,-0.18979,0.95
7202,606430.125487,0.64879,-0.73632,-0.19209,1.45
7203,606430.129808,0.63856,-0.74834,-0.17953,0.99
7204,606430.133675,0.64754,-0.73643,-0.19586,1.29
7205,606430.138088,0.6461,-0.73948,-0.189,0.8
7206,606430.145611,0.64975,-0.73685,-0.18674,1.38
7207,606430.149489,0.63641,-0.74683,-0.19292,1.41
7208,606430.153279,0.65164,-0.73308,-0.19483,1.15
7209,606430.1586,0.64201,-0.74187,-0.19353,0.99
7210,606430.161278,0.65223,-0.73507,-0.18512,1.38
7211,606430.165304,0.64097,-0.74191,-0.19679,1.17
7212,606430.174984,0.65342,-0.73306,-0.18885,1.04
7213,606430.177679,0.64461,-0.74021,-0.19122,1.1
7214,606430.181059,0.65292,-0.73628,-0.17773,1.26
7215,606430.186659,0.64832,-0.73434,-0.20108,1.35
7216,606430.198576,0.6443,-0.7433,-0.17996,1.29
7217,606430.203165,0.6613,-0.72698,-0.1849,1.09
7218,606430.204768,0.64641,-0.73905,-0.18962,1.08
7219,606430.211117,0.66161,-0.72658,-0.18535,0.34
7220,606430.214317,0.64839,-0.73759,-0.18855,0.86
7221,606430.21858,0.66226,-0.72847,-0.17533,1.11
7222,606430.226133,0.64994,-0.7349,-0.19363,0.57
7223,606430.234467,0.65678,-0.73039,-0.18752,1.19
7224,606430.237377,0.64778,-0.74003,-0.18093,1.33
7225,606430.241319,0.65817,-0.72779,-0.1927,1.37
7226,606430.249765,0.65183,-0.73524,-0.18588,0.95
7227,606430.253342,0.65834,-0.73088,-0.18002,1.33
7228,606430.256874,0.64912,-0.73629,-0.19108,0.89
7229,606430.261984,0.65905,-0.72776,-0.18977,0.85
7230,606430.265011,0.64975,-0.73566,-0.19139,1.16
7231,606430.273448,0.65934,-0.72968,-0.18122,1.64
7232,606430.282189,0.65621,-0.72805,-0.19831,0.41
7233,606430.287128,0.65368,-0.73362,-0.18574,1.32
7234,606430.289066,0.6588,-0.72737,-0.19214,0.44
7235,606430.294112,0.6495,-0.73758,-0.18474,1.98
7236,606430.302064,0.6582,-0.72696,-0.19569,0.37
7237,606430.305536,0.65346,-0.73326,-0.18792,1.29
7238,606430.310358,0.65959,-0.72742,-0.18922,0.8
7239,606430.314129,0.64953,-0.7364,-0.18928,1.78
7240,606430.317308,0.66849,-0.71614,-0.20066,0.14
7241,606430.325296,0.65453,-0.73093,-0.19319,0.68
7242,606430.330839,0.65338,-0.73567,-0.17856,1.2
7243,606430.332811,0.66129,-0.72319,-0.19922,1.47
7244,606430.338217,0.65602,-0.73065,-0.18915,0.94
7245,606430.34118,0.66193,-0.72423,-0.19321,1.37
7246,606430.350565,0.65067,-0.73646,-0.18507,1.86
7247,606430.354246,0.66227,-0.72165,-0.20154,1.07
7248,606430.357391,0.65588,-0.72973,-0.19318,0.84
7249,606430.374642,0.66477,-0.7203,-0.19811,1.22
7250,606430.377835,0.65276,-0.7308,-0.19959,0.73
7251,606430.382931,0.66274,-0.72437,-0.1899,1.45
7252,606430.384882,0.65395,-0.72765,-0.20708,1.08
7253,606430.390582,0.66115,-0.72356,-0.19836,1.72
7254,606430.393595,0.65637,-0.72719,-0.20093,1.34
7255,606430.401641,0.66018,-0.72689,-0.18922,1.42
7256,606430.405337,0.65404,-0.72771,-0.20659,1.66
7257,606430.409128,0.66381,-0.72107,-0.19854,1.63
7258,606430.415125,0.6563,-0.72686,-0.20235,1.46
7259,606430.417808,0.65611,-0.73111,-0.18709,0.73
7260,606430.425705,0.6554,-0.72596,-0.20841,1.88
7261,606430.430383,0.65842,-0.72702,-0.19477,0.62
7262,606430.432853,0.66065,-0.72267,-0.20319,1.77
7263,606430.43748,0.65283,-0.73509,-0.18291,0.89
7264,606430.44171,0.65761,-0.72477,-0.20554,1.47
7265,606430.445131,0.65454,-0.73125,-0.19194,1.05
7266,606430.457728,0.64655,-0.73801,-0.19319,1.53
7267,606430.462174,0.66004,-0.72312,-0.20359,1.77
7268,606430.465962,0.65188,-0.73169,-0.1992,1.06
7269,606430.469288,0.65793,-0.7269,-0.19683,1.52
7270,606430.478464,0.64471,-0.73602,-0.20647,1.2
7271,606430.482189,0.65959,-0.72433,-0.20074,1.39
7272,606430.485177,0.64551,-0.73546,-0.20595,1.07
7273,606430.490177,0.65534,-0.72984,-0.19459,1.77
7274,606430.493138,0.64419,-0.73314,-0.21798,0.69
7275,606430.502434,0.65577,-0.72728,-0.20254,1.39
7276,606430.505369,0.64902,-0.73282,-0.20431,1.35
7277,606430.509579,0.65558,-0.73142,-0.18771,1.43
7278,606430.514069,0.65089,-0.72866,-0.21307,1.71
7279,606430.518627,0.65547,-0.72795,-0.20112,1.74
7280,606430.521346,0.65053,-0.73026,-0.20864,1.76
7281,606430.529747,0.65182,-0.73496,-0.187,1.16
7282,606430.533781,0.64783,-0.73201,-0.21087,1.78
7283,606430.543284,0.65008,-0.73271,-0.20133,1.29
7284,606430.547112,0.64309,-0.74139,-0.19177,0.7
7285,606430.554685,0.654,-0.72787,-0.20611,1.67
7286,606430.557553,0.64743,-0.73658,-0.19566,0.63
7287,606430.561188,0.6545,-0.72956,-0.1984,1.73
7288,606430.566004,0.63845,-0.74372,-0.19816,1.37
7289,606430.570222,0.65466,-0.72781,-0.20422,1.48
7290,606430.577648,0.64528,-0.73747,-0.19937,1.15
7291,606430.582483,0.65307,-0.73137,-0.19645,1.49
7292,606430.584827,0.64149,-0.73846,-0.20775,1.67
7293,606430.590008,0.65605,-0.72704,-0.20252,1.31
7294,606430.593496,0.64586,-0.73484,-0.20704,1.44
7295,606430.597315,0.65371,-0.73113,-0.19521,1.81
7296,606430.606404,0.64236,-0.73624,-0.2129,1.79
7297,606430.609894,0.65206,-0.72991,-0.20504,1.85
7298,606430.613103,0.64782,-0.73394,-0.20411,1.62
7299,606430.631031,0.65068,-0.73304,-0.19819,0.82
7300,606430.633923,0.649,-0.73187,-0.20777,1.8
7301,606430.637092,0.64852,-0.73753,-0.18834,1.1
7302,606430.643327,0.65153,-0.72813,-0.21291,1.95
7303,606430.645477,0.65429,-0.7294,-0.1997,1.09
7304,606430.653412,0.65317,-0.72998,-0.20124,1.85
7305,606430.657689,0.64453,-0.74095,-0.18859,0.76
7306,606430.661657,0.65535,-0.72822,-0.20052,2.0
7307,606430.666838,0.64976,-0.73616,-0.18943,0.99
7308,606430.669581,0.65363,-0.73163,-0.1936,1.83
7309,606430.673906,0.64048,-0.74322,-0.1934,1.52
7310,606430.681805,0.65325,-0.72964,-0.20219,1.27
7311,606430.685985,0.64506,-0.73797,-0.19823,1.26
7312,606430.689793,0.65176,-0.73322,-0.19388,1.31
7313,606430.695227,0.64152,-0.74081,-0.19914,1.58
7314,606430.698509,0.65229,-0.73298,-0.19303,1.07
7315,606430.706321,0.64491,-0.73844,-0.19697,1.42
7316,606430.718895,0.65325,-0.72953,-0.20262,0.44
7317,606430.721794,0.64527,-0.74013,-0.18932,1.7
7318,606430.725995,0.65541,-0.73029,-0.19264,0.79
7319,606430.734419,0.64763,-0.73536,-0.19953,1.84
7320,606430.737161,0.65051,-0.73604,-0.1873,0.57
7321,606430.742809,0.64963,-0.73484,-0.19489,1.66
7322,606430.746577,0.64687,-0.7416,-0.17773,0.52
7323,606430.749307,0.65171,-0.73277,-0.19574,1.85
7324,606430.75787,0.64994,-0.73803,-0.18138,0.15
7325,606430.761754,0.65339,-0.73306,-0.18894,1.8
7326,606430.765266,0.6441,-0.74383,-0.17847,1.32
7327,606430.770153,0.65549,-0.73125,-0.18873,1.9
7328,606430.773428,0.64609,-0.74105,-0.18282,0.78
7329,606430.781439,0.65525,-0.7335,-0.18064,1.7
7330,606430.785667,0.64349,-0.74354,-0.18186,1.34
7331,606430.789247,0.65875,-0.72942,-0.18436,1.6
7332,606430.802644,0.64977,-0.73568,-0.19126,1.32
7333,606430.809458,0.65547,-0.73297,-0.18197,0.77
7334,606430.813656,0.65106,-0.73575,-0.18654,1.3
7335,606430.81874,0.65572,-0.73399,-0.17687,1.01
7336,606430.822178,0.6509,-0.73562,-0.18757,1.45
7337,606430.825376,0.65852,-0.73048,-0.18098,0.79
7338,606430.834116,0.65483,-0.73069,-0.19311,1.22
7339,606430.838476,0.65595,-0.73487,-0.17231,0.95
7340,606430.840989,0.65714,-0.72915,-0.19107,1.92
7341,606430.846295,0.65738,-0.73223,-0.17799,0.75
7342,606430.849979,0.65873,-0.72845,-0.18825,1.8
7343,606430.858134,0.65684,-0.73397,-0.17276,1.11
7344,606430.861562,0.65576,-0.72927,-0.19527,2.49
7345,606430.865024,0.65749,-0.73124,-0.18163,0.63
7346,606430.870475,0.66204,-0.72457,-0.19157,1.42
7347,606430.873021,0.65288,-0.73812,-0.17012,1.55
7348,606430.882343,0.66071,-0.72665,-0.18825,1.31
7349,606430.894252,0.65198,-0.73653,-0.18013,2.24
7350,606430.898163,0.65629,-0.7286,-0.19602,0.9
7351,606430.901233,0.65921,-0.73012,-0.17991,1.4
7352,606430.91095,0.66113,-0.72846,-0.1796,1.37
7353,606430.914139,0.6525,-0.73267,-0.19351,1.13
7354,606430.917353,0.66461,-0.72453,-0.18264,1.17
7355,606430.923076,0.65703,-0.72884,-0.19263,0.89
7356,606430.92614,0.66035,-0.73005,-0.17594,1.58
7357,606430.934258,0.6538,-0.73102,-0.19535,1.47
7358,606430.93759,0.66451,-0.72424,-0.18414,1.55
7359,606430.941071,0.6581,-0.72784,-0.19275,1.29
7360,606430.946877,0.65766,-0.73219,-0.17715,1.44
7361,606430.949323,0.65967,-0.72636,-0.19295,1.59
7362,606430.953738,0.66269,-0.72697,-0.17986,0.88
7363,606430.961612,0.66283,-0.72282,-0.19541,1.25
7364,606430.965636,0.65538,-0.73522,-0.17301,0.68
7365,606430.973784,0.66821,-0.72059,-0.18507,0.89
7366,606430.979551,0.65657,-0.72959,-0.19136,0.59
7367,606430.98719,0.65369,-0.73478,-0.18107,0.68
7368,606430.989536,0.66527,-0.72118,-0.19314,1.55
7369,606430.99298,0.66104,-0.72704,-0.18559,0.44
7370,606430.998765,0.66599,-0.72209,-0.18722,1.22
7371,606431.002166,0.65069,-0.73486,-0.19127,1.2
7372,606431.010156,0.66603,-0.72051,-0.19304,1.39
7373,606431.013761,0.65807,-0.7282,-0.19148,0.77
7374,606431.017025,0.66476,-0.72415,-0.18361,1.47
7375,606431.02265,0.65335,-0.73086,-0.19744,1.56
7376,606431.026192,0.66921,-0.71848,-0.18962,1.77
7377,606431.030242,0.65719,-0.7277,-0.19637,1.21
7378,606431.038265,0.66623,-0.72315,-0.1822,2.02
7379,606431.042121,0.65821,-0.72387,-0.20682,1.61
7380,606431.044927,0.66487,-0.72104,-0.19509,1.17
7381,606431.053213,0.67249,-0.71347,-0.19679,0.8
7382,606431.063738,0.65397,-0.729,-0.20222,1.62
7383,606431.06609,0.66604,-0.71811,-0.20174,0.08
7384,606431.074423,0.6521,-0.73452,-0.18772,0.33
7385,606431.077467,0.65772,-0.72287,-0.21181,2.17
7386,606431.085862,0.659,-0.72607,-0.19631,0.23
7387,606431.090061,0.66054,-0.72327,-0.2014,1.69
7388,606431.093606,0.64692,-0.73737,-0.19439,0.85
7389,606431.098293,0.65722,-0.72327,-0.21198,1.45
7390,606431.102637,0.65237,-0.73105,-0.19995,0.8
7391,606431.105531,0.65606,-0.7276,-0.20045,1.57
7392,606431.114105,0.64354,-0.73841,-0.20149,1.52
7393,606431.117389,0.6534,-0.72743,-0.20954,1.09
7394,606431.121652,0.65073,-0.73139,-0.204,1.12
7395,606431.126772,0.65344,-0.73142,-0.19503,1.32
7396,606431.129252,0.6484,-0.73047,-0.21446,1.06
