frame,t,nx,ny,nz,agree_deg
0,578061.784686,0.29954,-0.85282,-0.42775,1.65
1,578061.792942,0.29751,-0.85699,-0.42078,1.13
2,578061.795728,0.29862,-0.85107,-0.43186,1.03
3,578061.800715,0.29497,-0.85507,-0.42644,1.47
4,578061.804581,0.29843,-0.85473,-0.4247,1.57
5,578061.808835,0.29817,-0.85391,-0.42653,1.29
6,578061.816533,0.30056,-0.85115,-0.43036,0.96
7,578061.820549,0.29796,-0.85429,-0.42593,1.32
8,578061.825067,0.30091,-0.85439,-0.42364,1.02
9,578061.828072,0.29902,-0.85328,-0.4272,1.27
10,578061.831891,0.29711,-0.85689,-0.42128,0.93
11,578061.840947,0.30072,-0.85365,-0.42526,0.98
12,578061.84462,0.2994,-0.85619,-0.42106,0.9
13,578061.847057,0.29684,-0.85626,-0.42274,0.61
14,578061.852144,0.30124,-0.8525,-0.4272,1.33
15,578061.856997,0.30157,-0.85233,-0.4273,1.28
16,578061.859891,0.3019,-0.85012,-0.43144,1.17
17,578061.868489,0.29768,-0.85154,-0.43159,0.96
18,578061.88041,0.29784,-0.85144,-0.43167,1.0
19,578061.883563,0.29721,-0.85194,-0.43112,0.58
20,578061.892245,0.29534,-0.85152,-0.43324,0.92
21,578061.895577,0.29229,-0.85757,-0.42326,0.78
22,578061.900257,0.29542,-0.85404,-0.42819,1.03
23,578061.90409,0.29523,-0.85227,-0.43182,1.29
24,578061.908272,0.29438,-0.8558,-0.42537,1.07
25,578061.916258,0.29125,-0.85661,-0.4259,0.72
26,578061.91985,0.29508,-0.85317,-0.43015,0.86
27,578061.924183,0.29325,-0.85156,-0.43457,1.19
28,578061.92856,0.29508,-0.84913,-0.43808,1.26
29,578061.932147,0.2958,-0.84888,-0.43807,0.71
30,578061.936372,0.29665,-0.84741,-0.44033,0.75
31,578061.944078,0.29608,-0.84898,-0.43769,1.39
32,578061.947481,0.29334,-0.85034,-0.43689,1.03
33,578061.960289,0.2939,-0.84797,-0.44109,0.87
34,578061.967445,0.29297,-0.84817,-0.44134,0.95
35,578061.972432,0.29218,-0.84878,-0.44069,0.9
36,578061.976888,0.29025,-0.84879,-0.44194,1.27
37,578061.980037,0.29324,-0.85145,-0.4348,0.79
38,578061.983943,0.2945,-0.85183,-0.4332,1.52
39,578061.992993,0.29397,-0.85316,-0.43094,1.55
40,578061.996831,0.28878,-0.85839,-0.42399,1.03
41,578062.000016,0.29414,-0.84993,-0.43716,0.87
42,578062.004334,0.29031,-0.85712,-0.42551,0.99
43,578062.008607,0.29247,-0.85596,-0.42638,1.02
44,578062.011776,0.29219,-0.8507,-0.43696,1.37
45,578062.020155,0.29204,-0.85634,-0.42589,1.0
46,578062.023557,0.29863,-0.85125,-0.4315,0.75
47,578062.028324,0.29406,-0.85069,-0.43572,1.24
48,578062.031384,0.29228,-0.85411,-0.43019,1.62
49,578062.048144,0.29841,-0.85221,-0.42975,1.5
50,578062.05177,0.29764,-0.85292,-0.42887,1.48
51,578062.055577,0.29922,-0.85202,-0.42957,1.52
52,578062.05968,0.29963,-0.85049,-0.43231,0.95
53,578062.063416,0.29601,-0.85366,-0.42854,1.32
54,578062.073162,0.29972,-0.85027,-0.43268,1.01
55,578062.075467,0.29903,-0.85019,-0.4333,0.76
56,578062.080663,0.297,-0.85398,-0.42722,1.38
57,578062.083251,0.29865,-0.8538,-0.42641,1.5
58,578062.088179,0.29559,-0.85747,-0.42115,1.29
59,578062.095695,0.30006,-0.85401,-0.425,1.24
60,578062.099136,0.30002,-0.85375,-0.42556,1.68
61,578062.104172,0.29968,-0.84998,-0.43326,0.95
62,578062.107439,0.29744,-0.85377,-0.42733,1.43
63,578062.111438,0.29951,-0.85321,-0.42699,1.62
64,578062.119675,0.29854,-0.85304,-0.42801,1.45
65,578062.12342,0.29694,-0.85571,-0.42378,0.83
66,578062.135831,0.29794,-0.85251,-0.42948,1.54
67,578062.140997,0.29833,-0.8521,-0.43002,1.59
68,578062.147562,0.29708,-0.85255,-0.43,1.47
69,578062.151801,0.29737,-0.85175,-0.43139,1.7
70,578062.15598,0.29811,-0.85206,-0.43027,1.34
71,578062.159875,0.29881,-0.8494,-0.435,1.15
72,578062.163508,0.29499,-0.85222,-0.43209,1.49
73,578062.172303,0.29497,-0.85367,-0.42924,1.2
74,578062.175222,0.29498,-0.85145,-0.43362,1.24
75,578062.180893,0.28909,-0.85463,-0.43132,1.48
76,578062.183403,0.29386,-0.85231,-0.43269,1.6
77,578062.188397,0.29266,-0.85257,-0.43298,1.54
78,578062.195963,0.29381,-0.84903,-0.43911,0.85
79,578062.199212,0.29446,-0.84979,-0.43722,0.98
80,578062.204222,0.29178,-0.85543,-0.42791,0.74
81,578062.2082,0.29528,-0.84984,-0.43655,1.16
82,578062.216208,0.29159,-0.85637,-0.42616,0.67
83,578062.224688,0.29676,-0.84899,-0.43721,1.29
84,578062.227127,0.29305,-0.85269,-0.43247,1.0
85,578062.232737,0.29581,-0.85151,-0.43293,1.65
86,578062.240057,0.29515,-0.85264,-0.43115,0.98
87,578062.247791,0.29033,-0.85607,-0.42761,0.53
88,578062.251208,0.29775,-0.84891,-0.43669,0.72
89,578062.256584,0.29352,-0.85267,-0.43221,1.43
90,578062.2603,0.29497,-0.85237,-0.43181,1.48
91,578062.263442,0.29601,-0.85508,-0.4257,0.98
92,578062.271849,0.29714,-0.8523,-0.43045,0.6
93,578062.275503,0.29508,-0.85283,-0.43083,0.78
94,578062.280383,0.29501,-0.85225,-0.43202,0.85
95,578062.283935,0.29627,-0.85455,-0.42659,1.11
96,578062.287154,0.29478,-0.85407,-0.42856,1.52
97,578062.295872,0.29548,-0.85388,-0.42846,1.51
98,578062.308746,0.2969,-0.85314,-0.42895,1.39
99,578062.311921,0.29888,-0.8524,-0.42906,1.42
100,578062.316517,0.29856,-0.84997,-0.43406,0.88
101,578062.324896,0.29641,-0.85344,-0.42869,1.41
102,578062.327057,0.29795,-0.85248,-0.42954,1.4
103,578062.332421,0.30092,-0.84958,-0.4332,1.2
104,578062.33562,0.29644,-0.85444,-0.42669,1.05
105,578062.340315,0.29661,-0.85329,-0.42886,1.38
106,578062.349072,0.29787,-0.8526,-0.42936,1.4
107,578062.351467,0.29391,-0.85087,-0.43547,1.2
108,578062.355803,0.291,-0.85502,-0.42925,1.53
109,578062.360222,0.29452,-0.85218,-0.43249,1.53
110,578062.36418,0.29247,-0.8564,-0.42548,1.16
111,578062.367518,0.29831,-0.85029,-0.4336,1.07
112,578062.375738,0.29402,-0.8561,-0.42503,0.68
113,578062.379193,0.29096,-0.85636,-0.4266,1.27
114,578062.392156,0.2967,-0.8512,-0.43293,1.19
115,578062.400014,0.29481,-0.85333,-0.43002,1.47
116,578062.403535,0.29672,-0.85259,-0.43017,1.38
117,578062.408527,0.29581,-0.85271,-0.43056,1.46
118,578062.41214,0.2957,-0.85229,-0.43147,1.36
119,578062.415719,0.29532,-0.85328,-0.42977,1.01
120,578062.423825,0.30003,-0.85178,-0.42949,0.82
121,578062.427814,0.29772,-0.85113,-0.43236,1.42
122,578062.431082,0.29873,-0.85076,-0.43239,1.47
123,578062.435989,0.29836,-0.84801,-0.43801,0.93
124,578062.440005,0.2977,-0.8529,-0.42887,0.76
125,578062.444819,0.29639,-0.85118,-0.43319,1.39
126,578062.452116,0.29582,-0.85203,-0.4319,1.49
127,578062.454922,0.2938,-0.85286,-0.43163,1.43
128,578062.459774,0.29313,-0.85318,-0.43147,1.32
129,578062.464222,0.29579,-0.85111,-0.43374,1.27
130,578062.468334,0.2909,-0.85481,-0.42973,1.61
131,578062.485368,0.29153,-0.85307,-0.43276,1.49
132,578062.488198,0.29457,-0.85133,-0.43414,1.16
133,578062.492573,0.29422,-0.85291,-0.43126,1.67
134,578062.499783,0.29451,-0.85514,-0.42661,0.78
135,578062.50419,0.29354,-0.85179,-0.43391,1.53
136,578062.507578,0.29681,-0.8517,-0.43187,1.54
137,578062.513078,0.29099,-0.85305,-0.43316,1.51
138,578062.515726,0.29774,-0.84927,-0.436,1.16
139,578062.519804,0.29595,-0.8521,-0.43168,1.49
140,578062.527987,0.30027,-0.84918,-0.43443,1.26
141,578062.531069,0.29702,-0.85293,-0.42929,0.91
142,578062.535535,0.29706,-0.8532,-0.42873,0.64
143,578062.540424,0.2979,-0.85305,-0.42844,1.03
144,578062.543234,0.29416,-0.85366,-0.42981,1.35
145,578062.551924,0.29884,-0.85029,-0.43324,1.0
146,578062.55497,0.29481,-0.85712,-0.42241,1.36
147,578062.568253,0.29246,-0.85241,-0.43343,1.3
148,578062.573389,0.29313,-0.8574,-0.42302,0.62
149,578062.580349,0.29872,-0.85334,-0.42728,1.69
150,578062.582943,0.29723,-0.85612,-0.42274,0.97
151,578062.589102,0.29651,-0.85324,-0.42903,1.41
152,578062.591316,0.29468,-0.85396,-0.42887,1.2
153,578062.59541,0.29573,-0.85652,-0.42299,1.06
154,578062.603704,0.29843,-0.85008,-0.43394,1.08
155,578062.607265,0.29366,-0.85402,-0.42943,1.58
156,578062.611333,0.29926,-0.85212,-0.42934,0.77
157,578062.616233,0.2934,-0.85215,-0.43331,1.32
158,578062.620424,0.29786,-0.85263,-0.42931,0.65
159,578062.628005,0.29257,-0.85407,-0.43009,1.25
160,578062.631642,0.29638,-0.85283,-0.42994,1.47
161,578062.635732,0.29334,-0.85694,-0.4238,0.85
162,578062.640004,0.29432,-0.85353,-0.42996,1.17
163,578062.65544,0.29435,-0.85307,-0.43085,1.35
164,578062.65926,0.29482,-0.8558,-0.42507,0.87
165,578062.664387,0.29761,-0.853,-0.42874,0.92
166,578062.668471,0.2946,-0.85308,-0.43066,1.44
167,578062.672163,0.29462,-0.85269,-0.43142,1.34
168,578062.680061,0.29655,-0.85095,-0.43352,1.23
169,578062.683047,0.29343,-0.85345,-0.43072,1.42
170,578062.688343,0.29275,-0.8565,-0.42511,0.99
171,578062.691755,0.29515,-0.85056,-0.43525,1.11
172,578062.696388,0.29712,-0.85074,-0.43354,0.58
173,578062.704736,0.29591,-0.84944,-0.43692,1.02
174,578062.707012,0.29585,-0.8486,-0.43858,0.79
175,578062.712432,0.29584,-0.85347,-0.42903,0.97
176,578062.715521,0.29283,-0.85614,-0.42577,0.94
177,578062.719836,0.29395,-0.85188,-0.43346,1.29
178,578062.723598,0.29534,-0.8535,-0.42931,1.13
179,578062.731541,0.29596,-0.84897,-0.43779,0.95
180,578062.740819,0.29313,-0.85677,-0.42429,0.84
181,578062.744768,0.29564,-0.85025,-0.43552,1.14
182,578062.747155,0.29287,-0.85061,-0.43668,1.14
183,578062.755348,0.29576,-0.85189,-0.43221,0.8
184,578062.759389,0.29491,-0.85224,-0.43211,0.94
185,578062.763546,0.29371,-0.85289,-0.43163,1.01
186,578062.767682,0.29566,-0.853,-0.4301,1.51
187,578062.771694,0.2948,-0.85291,-0.43086,1.38
188,578062.779585,0.29399,-0.8567,-0.42384,0.77
189,578062.783433,0.29268,-0.8568,-0.42453,0.82
190,578062.787694,0.29273,-0.85742,-0.42326,0.86
191,578062.791618,0.29315,-0.85647,-0.42487,0.87
192,578062.795412,0.29578,-0.85295,-0.43009,1.14
193,578062.79896,0.29252,-0.85528,-0.42769,1.66
194,578062.807544,0.29446,-0.85683,-0.42323,1.13
195,578062.81117,0.29705,-0.85355,-0.42805,1.03
196,578062.825341,0.29639,-0.85319,-0.42921,1.43
197,578062.832506,0.29184,-0.85486,-0.42901,1.56
198,578062.834897,0.29633,-0.85668,-0.42223,0.92
199,578062.84104,0.29448,-0.85155,-0.43375,1.29
200,578062.843456,0.29663,-0.85377,-0.42789,1.6
201,578062.848476,0.29643,-0.85333,-0.4289,1.3
202,578062.855616,0.29428,-0.85493,-0.4272,1.33
203,578062.859751,0.29756,-0.84976,-0.43517,0.82
204,578062.863064,0.29713,-0.84958,-0.43581,0.9
205,578062.868086,0.29488,-0.85073,-0.4351,0.88
206,578062.872016,0.29274,-0.85796,-0.42214,1.09
207,578062.875209,0.29424,-0.85412,-0.42884,1.32
208,578062.883539,0.29741,-0.85435,-0.42618,0.75
209,578062.887365,0.29066,-0.85483,-0.42986,1.26
210,578062.891656,0.29334,-0.85196,-0.43373,1.32
211,578062.896286,0.2911,-0.85448,-0.43025,1.47
212,578062.911664,0.29485,-0.85459,-0.42749,0.7
213,578062.91544,0.29434,-0.85291,-0.43117,0.94
214,578062.919785,0.29422,-0.85359,-0.4299,0.9
215,578062.923695,0.28855,-0.85387,-0.43317,1.65
216,578062.932892,0.29447,-0.85391,-0.42909,1.16
217,578062.935639,0.29369,-0.8532,-0.43104,1.62
218,578062.939515,0.29442,-0.85287,-0.4312,1.5
219,578062.943544,0.29766,-0.85232,-0.43006,0.86
220,578062.947128,0.2925,-0.85317,-0.43191,1.39
221,578062.951523,0.29701,-0.84961,-0.43584,1.12
222,578062.960027,0.29327,-0.8526,-0.43252,1.27
223,578062.9634,0.29601,-0.85187,-0.43208,0.92
224,578062.968217,0.29168,-0.85108,-0.43656,1.09
225,578062.97225,0.29519,-0.84912,-0.43801,0.85
226,578062.975501,0.29322,-0.8556,-0.42658,0.76
227,578062.984398,0.29272,-0.85059,-0.43683,0.99
228,578062.996227,0.29438,-0.84972,-0.4374,1.0
229,578062.999942,0.29498,-0.85272,-0.4311,1.46
230,578063.007622,0.29777,-0.85056,-0.43345,1.24
231,578063.011233,0.29665,-0.84974,-0.43581,0.93
232,578063.016015,0.29556,-0.85277,-0.43061,1.42
233,578063.020164,0.30083,-0.84795,-0.43645,0.83
234,578063.023148,0.2951,-0.85296,-0.43055,1.42
235,578063.028429,0.29396,-0.85432,-0.42864,1.2
236,578063.037044,0.29691,-0.85276,-0.4297,1.66
237,578063.039052,0.29309,-0.85668,-0.42449,0.9
238,578063.044369,0.29677,-0.85277,-0.42979,1.45
239,578063.047462,0.29832,-0.85009,-0.434,1.09
240,578063.05301,0.29639,-0.85224,-0.43108,1.13
241,578063.060524,0.2962,-0.8503,-0.43504,0.87
242,578063.063282,0.29316,-0.85676,-0.4243,0.79
243,578063.081074,0.29352,-0.85251,-0.43252,1.54
244,578063.08832,0.29574,-0.85336,-0.42931,1.41
245,578063.091076,0.29839,-0.85391,-0.42638,0.88
246,578063.096255,0.29257,-0.85208,-0.43402,1.23
247,578063.099592,0.29528,-0.85703,-0.42226,0.78
248,578063.103259,0.29632,-0.85254,-0.43056,1.37
249,578063.113002,0.29715,-0.85256,-0.42993,1.43
250,578063.115378,0.29709,-0.85427,-0.42656,0.81
251,578063.120702,0.29582,-0.85231,-0.43134,1.42
252,578063.123875,0.29677,-0.85235,-0.43062,1.36
253,578063.127663,0.29738,-0.85209,-0.4307,1.6
254,578063.13652,0.29707,-0.84888,-0.43721,1.17
255,578063.139548,0.29561,-0.85238,-0.43135,1.4
256,578063.144826,0.29767,-0.8532,-0.42829,1.05
257,578063.147454,0.29907,-0.8527,-0.42833,0.92
258,578063.16446,0.28771,-0.85804,-0.42543,0.66
259,578063.167539,0.29692,-0.8499,-0.43533,0.59
260,578063.171992,0.29526,-0.85292,-0.43052,1.48
261,578063.176313,0.29511,-0.85478,-0.42692,0.76
262,578063.179403,0.29441,-0.85205,-0.43283,1.2
263,578063.188202,0.29558,-0.84935,-0.4373,0.87
264,578063.191392,0.29384,-0.85626,-0.42482,0.69
265,578063.196831,0.29794,-0.85112,-0.43224,0.66
266,578063.200497,0.29426,-0.8525,-0.43203,1.35
267,578063.203142,0.29898,-0.84916,-0.43537,1.27
268,578063.211519,0.29521,-0.85198,-0.43241,1.59
269,578063.215195,0.29778,-0.85114,-0.4323,0.72
270,578063.220048,0.2965,-0.849,-0.43735,0.98
271,578063.223764,0.29667,-0.85202,-0.43134,1.63
272,578063.227935,0.29173,-0.85367,-0.43144,1.52
273,578063.231443,0.29484,-0.85046,-0.43564,1.23
274,578063.23981,0.29595,-0.84998,-0.43583,0.98
275,578063.249267,0.29469,-0.85318,-0.4304,1.42
276,578063.253163,0.2976,-0.85011,-0.43445,1.19
277,578063.255071,0.29598,-0.85304,-0.4298,1.48
278,578063.264574,0.29713,-0.8509,-0.43323,1.21
279,578063.26714,0.29445,-0.85639,-0.42414,1.44
280,578063.272733,0.2946,-0.85418,-0.42848,0.97
281,578063.276503,0.29352,-0.85685,-0.42386,1.05
282,578063.280828,0.30068,-0.84969,-0.43315,1.09
283,578063.288587,0.2958,-0.85668,-0.42262,0.73
284,578063.291703,0.29972,-0.8494,-0.43439,1.24
285,578063.294964,0.29235,-0.85722,-0.42392,1.06
286,578063.300487,0.30147,-0.84897,-0.43402,1.3
287,578063.303903,0.2988,-0.84915,-0.4355,0.83
288,578063.308946,0.29623,-0.85288,-0.42993,1.37
289,578063.316219,0.29951,-0.84922,-0.43488,1.13
290,578063.319194,0.29773,-0.85248,-0.4297,1.46
291,578063.333429,0.29562,-0.85263,-0.43086,1.36
292,578063.339802,0.29769,-0.85113,-0.4324,1.03
293,578063.343639,0.29586,-0.85324,-0.42947,1.41
294,578063.347926,0.29852,-0.84962,-0.43478,1.16
295,578063.352283,0.29709,-0.85509,-0.42492,0.87
296,578063.356194,0.29656,-0.85476,-0.42595,1.11
297,578063.364258,0.29688,-0.85039,-0.4344,0.96
298,578063.367564,0.29483,-0.85742,-0.42179,0.86
299,578063.371182,0.2967,-0.85009,-0.43511,1.0
300,578063.3762,0.29758,-0.85011,-0.43447,1.02
301,578063.379433,0.29331,-0.85526,-0.42721,1.5
302,578063.384454,0.29862,-0.84949,-0.43496,1.13
303,578063.39272,0.29424,-0.85047,-0.43604,1.15
304,578063.395549,0.29722,-0.85197,-0.43105,1.43
305,578063.401897,0.29919,-0.84896,-0.43562,1.19
306,578063.403787,0.29667,-0.85239,-0.43059,1.42
307,578063.407463,0.29676,-0.85077,-0.43374,1.43
308,578063.424443,0.29714,-0.85408,-0.42691,0.99
309,578063.427894,0.29425,-0.85275,-0.43154,1.43
310,578063.43114,0.29535,-0.8526,-0.4311,0.69
311,578063.440939,0.29255,-0.85419,-0.42985,1.43
312,578063.443643,0.29184,-0.8562,-0.42633,0.78
313,578063.447971,0.2927,-0.85357,-0.43098,1.33
314,578063.452512,0.29573,-0.85318,-0.42968,0.76
315,578063.455406,0.29402,-0.85325,-0.43071,1.42
316,578063.461614,0.29345,-0.85337,-0.43087,1.39
317,578063.467897,0.29518,-0.85233,-0.43174,1.39
318,578063.471147,0.29478,-0.85605,-0.42459,1.06
319,578063.476195,0.29714,-0.85195,-0.43115,1.5
320,578063.481028,0.29537,-0.85207,-0.43213,1.44
321,578063.483969,0.29932,-0.84909,-0.43527,1.13
322,578063.492109,0.29689,-0.85164,-0.43193,1.44
323,578063.495564,0.29441,-0.85057,-0.43573,1.4
324,578063.508493,0.29781,-0.849,-0.43647,0.89
325,578063.5159,0.29611,-0.85291,-0.42995,1.45
326,578063.520289,0.29623,-0.85573,-0.42423,0.83
327,578063.523478,0.29723,-0.85217,-0.43065,0.5
328,578063.529131,0.29183,-0.8523,-0.43407,1.19
329,578063.532246,0.29152,-0.85216,-0.43455,1.31
330,578063.535375,0.29675,-0.8538,-0.42775,1.55
331,578063.544313,0.2958,-0.85036,-0.43518,0.82
332,578063.547231,0.29572,-0.85365,-0.42875,1.46
333,578063.553291,0.29431,-0.8536,-0.42982,1.33
334,578063.555608,0.29402,-0.85433,-0.42858,1.24
335,578063.560853,0.2971,-0.85615,-0.42278,0.75
336,578063.568674,0.2968,-0.85256,-0.43018,1.05
337,578063.571911,0.29384,-0.85438,-0.42859,1.6
338,578063.576917,0.29665,-0.84968,-0.43594,1.13
339,578063.579639,0.29344,-0.85425,-0.42913,1.28
340,578063.596805,0.29504,-0.85624,-0.42404,0.91
341,578063.600211,0.29226,-0.85675,-0.42493,0.71
342,578063.604033,0.29723,-0.85091,-0.43314,0.57
343,578063.608245,0.29369,-0.85715,-0.42313,0.89
344,578063.611868,0.29139,-0.85778,-0.42345,0.7
345,578063.620002,0.29209,-0.857,-0.42454,0.69
346,578063.623609,0.29423,-0.85374,-0.42961,0.91
347,578063.628347,0.29708,-0.85499,-0.42513,1.39
348,578063.631472,0.29307,-0.8653,-0.40666,1.01
349,578063.636783,0.29372,-0.86552,-0.40572,0.9
350,578063.643685,0.29788,-0.86253,-0.40903,1.43
351,578063.647203,0.29966,-0.8627,-0.40736,1.1
352,578063.652384,0.30628,-0.8609,-0.40626,0.62
353,578063.655763,0.30605,-0.85594,-0.41677,1.36
354,578063.659908,0.30664,-0.85899,-0.41002,1.22
355,578063.664114,0.30096,-0.85785,-0.41655,2.17
356,578063.671915,0.29628,-0.85919,-0.41714,1.92
357,578063.680925,0.30523,-0.85586,-0.41754,1.5
358,578063.685214,0.30623,-0.85758,-0.41325,1.09
359,578063.687551,0.30462,-0.8578,-0.41399,1.54
360,578063.695363,0.30665,-0.85821,-0.41164,1.2
361,578063.699816,0.31362,-0.8642,-0.39345,0.9
362,578063.704874,0.3084,-0.8565,-0.41389,1.85
363,578063.707906,0.299,-0.85871,-0.4162,1.55
364,578063.713076,0.31071,-0.86218,-0.40013,1.25
365,578063.720416,0.32189,-0.85547,-0.40566,1.29
366,578063.723108,0.31538,-0.86042,-0.40026,1.43
367,578063.728762,0.31025,-0.86145,-0.40205,1.14
368,578063.731883,0.29989,-0.8652,-0.40185,0.98
369,578063.736972,0.31197,-0.86103,-0.40163,1.19
370,578063.739378,0.31273,-0.85815,-0.40715,1.27
371,578063.748228,0.31088,-0.86095,-0.40263,1.69
372,578063.751229,0.30445,-0.86195,-0.40541,0.62
373,578063.764691,0.29985,-0.86264,-0.40736,1.26
374,578063.771396,0.29738,-0.86112,-0.41235,0.61
375,578063.775733,0.29414,-0.86199,-0.41285,0.68
376,578063.780104,0.28671,-0.86265,-0.41669,0.61
377,578063.784599,0.2877,-0.86189,-0.41758,0.83
378,578063.787504,0.28382,-0.86033,-0.42341,0.35
379,578063.796103,0.27453,-0.8646,-0.42084,0.43
380,578063.799325,0.27779,-0.86255,-0.4229,0.13
381,578063.803816,0.27943,-0.86231,-0.4223,0.33
382,578063.809109,0.27624,-0.86307,-0.42284,0.41
383,578063.811582,0.27638,-0.86309,-0.42272,0.46
384,578063.815435,0.26854,-0.86464,-0.42461,0.21
385,578063.824001,0.27201,-0.86397,-0.42375,0.27
386,578063.826927,0.27326,-0.86396,-0.42296,0.56
387,578063.832672,0.27202,-0.86369,-0.42433,0.56
388,578063.835481,0.27375,-0.86359,-0.4234,0.7
389,578063.852331,0.27616,-0.86394,-0.42112,1.14
390,578063.855486,0.27377,-0.86653,-0.41734,0.37
391,578063.860323,0.2675,-0.86692,-0.42059,0.43
392,578063.862992,0.27478,-0.86609,-0.4176,1.7
393,578063.871871,0.26602,-0.86835,-0.41857,1.45
394,578063.87543,0.24416,-0.8632,-0.44189,1.14
395,578063.879111,0.21479,-0.86677,-0.45008,1.21
396,578063.884385,0.20672,-0.85976,-0.46699,0.73
397,578063.888692,0.19807,-0.86157,-0.4674,0.34
398,578063.891353,0.1936,-0.86539,-0.46219,0.27
399,578063.900848,0.20112,-0.86661,-0.45666,0.58
400,578063.903148,0.21474,-0.86705,-0.44957,0.97
401,578063.908888,0.22574,-0.87106,-0.43623,0.8
402,578063.91151,0.23909,-0.8727,-0.42571,0.5
403,578063.915708,0.26214,-0.86761,-0.42253,0.51
404,578063.924417,0.26569,-0.87348,-0.40797,0.59
405,578063.93653,0.27829,-0.87228,-0.40211,0.15
406,578063.939358,0.2753,-0.87013,-0.40877,0.64
407,578063.948489,0.27495,-0.86836,-0.41275,0.32
408,578063.951412,0.26507,-0.86706,-0.42183,1.01
409,578063.955765,0.27138,-0.85926,-0.43361,0.82
410,578063.959824,0.26829,-0.85345,-0.44683,1.87
411,578063.963048,0.26939,-0.86118,-0.43103,0.78
412,578063.9684,0.28036,-0.85747,-0.43145,0.46
413,578063.976441,0.2803,-0.85604,-0.43432,0.37
414,578063.978927,0.28899,-0.85402,-0.43259,0.42
415,578063.983863,0.29551,-0.85272,-0.43075,0.3
416,578063.987392,0.30089,-0.85037,-0.43166,0.56
417,578063.99217,0.30512,-0.84926,-0.43087,0.64
418,578063.999876,0.30322,-0.85095,-0.42889,0.47
419,578064.003242,0.31059,-0.84352,-0.43818,0.66
420,578064.016568,0.29497,-0.85501,-0.42657,0.49
421,578064.02431,0.30385,-0.85356,-0.42322,0.7
422,578064.027606,0.29912,-0.85764,-0.41832,0.28
423,578064.032319,0.30124,-0.86203,-0.40763,0.47
424,578064.036559,0.30333,-0.86173,-0.4067,1.2
425,578064.039245,0.29906,-0.86843,-0.39546,0.47
426,578064.044361,0.30394,-0.86999,-0.38825,0.45
427,578064.052078,0.29586,-0.87497,-0.38328,0.31
428,578064.055367,0.29379,-0.87845,-0.37685,0.14
429,578064.060028,0.28444,-0.88253,-0.37448,0.73
430,578064.063356,0.28489,-0.8824,-0.37445,0.39
431,578064.067505,0.28113,-0.88545,-0.37006,0.29
432,578064.076144,0.2767,-0.88773,-0.36793,0.31
433,578064.079489,0.27759,-0.88963,-0.36264,0.5
434,578064.084096,0.27312,-0.88818,-0.36951,0.33
435,578064.087448,0.27492,-0.88902,-0.36614,0.8
436,578064.095448,0.30342,-0.87351,-0.38068,1.56
437,578064.105368,0.3115,-0.86855,-0.38547,1.89
438,578064.107034,0.32247,-0.86063,-0.39413,1.67
439,578064.112858,0.32674,-0.854,-0.40488,1.38
440,578064.119991,0.33254,-0.84534,-0.41811,0.67
441,578064.127709,0.32604,-0.84245,-0.42894,0.78
442,578064.131486,0.32483,-0.83685,-0.44065,0.46
443,578064.135994,0.31704,-0.83786,-0.44439,0.92
444,578064.13972,0.30483,-0.83912,-0.45051,0.44
445,578064.143232,0.30706,-0.83921,-0.44882,1.23
446,578064.152183,0.29359,-0.8466,-0.44393,0.13
447,578064.155527,0.29197,-0.84561,-0.44688,0.61
448,578064.159546,0.28629,-0.85557,-0.43133,0.73
449,578064.16411,0.27797,-0.85261,-0.44248,0.72
450,578064.167346,0.27428,-0.85385,-0.44239,0.76
451,578064.171751,0.27715,-0.85861,-0.43125,0.78
452,578064.179761,0.27905,-0.85617,-0.43487,1.0
453,578064.187664,0.28228,-0.85113,-0.44261,0.83
454,578064.193382,0.28507,-0.84721,-0.44829,1.27
455,578064.195941,0.28787,-0.84968,-0.44177,1.06
456,578064.203852,0.29115,-0.84766,-0.44352,1.29
457,578064.207015,0.29497,-0.84685,-0.44254,1.19
458,578064.213366,0.29834,-0.84841,-0.43725,1.21
459,578064.216128,0.29947,-0.8492,-0.43494,1.0
460,578064.219785,0.30269,-0.85152,-0.42813,0.59
461,578064.228267,0.29938,-0.85424,-0.42503,0.32
462,578064.230984,0.29463,-0.85878,-0.41915,0.31
463,578064.236072,0.28284,-0.86173,-0.42123,0.92
464,578064.23949,0.27639,-0.8654,-0.41797,0.73
465,578064.245027,0.27111,-0.8714,-0.40886,0.42
466,578064.247534,0.26531,-0.87299,-0.40928,0.26
467,578064.256156,0.25822,-0.87625,-0.40683,0.3
468,578064.259198,0.25371,-0.87667,-0.40876,0.62
469,578064.27255,0.24493,-0.88368,-0.39889,0.51
470,578064.27928,0.24588,-0.87944,-0.4076,0.37
471,578064.283417,0.25637,-0.86498,-0.43138,0.3
472,578064.288398,0.27001,-0.85451,-0.44373,1.46
473,578064.292026,0.27343,-0.84907,-0.45201,0.26
474,578064.29521,0.28353,-0.84328,-0.45661,0.41
475,578064.304399,0.29694,-0.84023,-0.4537,0.38
476,578064.30739,0.316,-0.83357,-0.45311,0.92
477,578064.311113,0.32902,-0.83341,-0.44404,0.78
478,578064.315983,0.34196,-0.83367,-0.43367,0.71
479,578064.319585,0.34425,-0.83695,-0.42544,0.54
480,578064.324424,0.34682,-0.83865,-0.41998,0.55
481,578064.332578,0.34634,-0.83976,-0.41816,0.48
482,578064.335121,0.33935,-0.84426,-0.4148,0.28
483,578064.340532,0.3318,-0.84363,-0.42213,0.66
484,578064.343908,0.3184,-0.85005,-0.41956,0.51
485,578064.347912,0.31092,-0.84892,-0.42739,0.5
486,578064.359895,0.29939,-0.85649,-0.42045,0.11
487,578064.364587,0.29817,-0.85691,-0.42047,0.12
488,578064.367385,0.29954,-0.85666,-0.42,0.53
489,578064.372409,0.29908,-0.85605,-0.42157,0.6
490,578064.380336,0.30196,-0.85976,-0.41186,0.72
491,578064.383724,0.30706,-0.85982,-0.40796,0.66
492,578064.387356,0.31237,-0.85843,-0.40684,0.78
493,578064.392923,0.31311,-0.85827,-0.40661,0.39
494,578064.395487,0.31452,-0.8524,-0.41772,0.44
495,578064.399708,0.31093,-0.85467,-0.41578,0.56
496,578064.408575,0.31228,-0.85064,-0.42295,1.03
497,578064.411387,0.30693,-0.84932,-0.42947,0.82
498,578064.417104,0.3079,-0.84525,-0.43675,0.81
499,578064.420495,0.29865,-0.84993,-0.43408,0.23
500,578064.424123,0.29109,-0.8514,-0.43634,0.62
501,578064.431524,0.27831,-0.85943,-0.42887,0.87
502,578064.435435,0.26505,-0.86694,-0.42209,0.42
503,578064.449418,0.20978,-0.8909,-0.40285,1.08
504,578064.455361,0.18879,-0.89563,-0.40274,0.61
505,578064.460168,0.1782,-0.90124,-0.39499,0.82
506,578064.462818,0.17378,-0.90918,-0.3784,0.98
507,578064.46825,0.16783,-0.90319,-0.39507,1.03
508,578064.472143,0.17614,-0.9039,-0.3898,1.1
509,578064.475569,0.1819,-0.9022,-0.3911,1.25
510,578064.484036,0.20254,-0.89541,-0.3965,1.2
511,578064.487331,0.21299,-0.89397,-0.39428,1.42
512,578064.49217,0.2272,-0.88423,-0.40807,1.77
513,578064.495407,0.24231,-0.87512,-0.41888,0.71
514,578064.50019,0.25468,-0.87114,-0.41981,1.37
515,578064.508079,0.26708,-0.85795,-0.43885,0.62
516,578064.511044,0.28271,-0.8528,-0.4391,0.95
517,578064.516982,0.28978,-0.84599,-0.44758,0.04
518,578064.52016,0.30338,-0.83897,-0.45176,0.2
519,578064.536761,0.33443,-0.82685,-0.45219,0.13
520,578064.539036,0.33766,-0.82592,-0.4515,0.18
521,578064.544301,0.33708,-0.8286,-0.44699,0.57
522,578064.547477,0.33326,-0.83009,-0.44709,0.83
523,578064.552293,0.33326,-0.83561,-0.43668,0.7
524,578064.560188,0.32146,-0.83953,-0.438,0.05
525,578064.563044,0.3243,-0.84006,-0.43489,0.63
526,578064.568242,0.3136,-0.84431,-0.43451,1.37
527,578064.572333,0.29708,-0.83857,-0.45666,1.28
528,578064.576015,0.27546,-0.8352,-0.47599,1.6
529,578064.584601,0.26313,-0.83096,-0.49017,1.05
530,578064.586957,0.26296,-0.82788,-0.49545,0.65
531,578064.592165,0.26954,-0.82434,-0.4978,0.94
532,578064.596192,0.28329,-0.8221,-0.49387,0.6
533,578064.600483,0.29422,-0.82445,-0.48344,1.03
534,578064.603358,0.31166,-0.82471,-0.47193,0.25
535,578064.612119,0.32946,-0.82896,-0.45198,0.68
536,578064.624423,0.32949,-0.84724,-0.41667,0.68
537,578064.627251,0.32737,-0.85071,-0.41124,0.19
538,578064.635759,0.32715,-0.85533,-0.40173,0.5
539,578064.638964,0.30651,-0.86276,-0.40212,1.23
540,578064.643817,0.29416,-0.86241,-0.41197,1.51
541,578064.647764,0.26825,-0.87401,-0.40515,1.35
542,578064.651073,0.24901,-0.8818,-0.40054,1.4
543,578064.660631,0.246,-0.87571,-0.41546,0.93
544,578064.663676,0.24008,-0.87504,-0.42033,0.8
545,578064.667816,0.24555,-0.87165,-0.42419,1.26
546,578064.671978,0.25814,-0.86298,-0.43431,1.39
547,578064.676115,0.26447,-0.86362,-0.4292,2.0
548,578064.681386,0.27035,-0.86036,-0.43208,2.05
549,578064.687893,0.26556,-0.86843,-0.4187,2.16
550,578064.691647,0.26595,-0.87377,-0.40718,1.2
551,578064.705216,0.2599,-0.87159,-0.41567,1.76
552,578064.711854,0.26543,-0.86746,-0.42078,2.22
553,578064.715559,0.2624,-0.87363,-0.40978,0.84
554,578064.721182,0.27062,-0.87224,-0.40738,1.43
555,578064.724343,0.26839,-0.86909,-0.41551,1.65
556,578064.728157,0.27649,-0.86805,-0.41237,0.54
557,578064.735596,0.28398,-0.86229,-0.4193,0.94
558,578064.740015,0.29818,-0.85893,-0.41633,0.47
559,578064.744098,0.30109,-0.85771,-0.41675,1.05
560,578064.74777,0.30493,-0.85724,-0.41493,0.03
561,578064.751394,0.32384,-0.85075,-0.41394,0.48
562,578064.760051,0.31773,-0.85279,-0.41448,1.76
563,578064.76333,0.31117,-0.85287,-0.41927,0.4
564,578064.767276,0.30889,-0.85263,-0.42144,1.16
565,578064.77232,0.31249,-0.85236,-0.41932,0.48
566,578064.775609,0.29811,-0.85511,-0.42417,0.53
567,578064.780581,0.3047,-0.85156,-0.42661,0.85
568,578064.791647,0.30896,-0.8335,-0.45807,0.37
569,578064.7962,0.30926,-0.82856,-0.46674,0.78
570,578064.80014,0.31535,-0.82174,-0.47466,0.67
571,578064.803795,0.32146,-0.8151,-0.48195,0.73
572,578064.812002,0.31386,-0.81418,-0.48848,0.4
573,578064.816008,0.30701,-0.82138,-0.4807,0.85
574,578064.819189,0.30913,-0.82509,-0.47293,0.99
575,578064.825133,0.29498,-0.83581,-0.46305,1.03
576,578064.827883,0.28965,-0.84016,-0.45851,0.72
577,578064.831818,0.27588,-0.8413,-0.46487,1.01
578,578064.839437,0.27932,-0.84196,-0.46161,0.89
579,578064.843427,0.26809,-0.84743,-0.45825,0.67
580,578064.848547,0.27255,-0.84681,-0.45676,0.44
581,578064.852422,0.27984,-0.84858,-0.449,0.95
582,578064.855727,0.29153,-0.84943,-0.43986,0.83
583,578064.863986,0.29927,-0.85099,-0.43157,0.39
584,578064.867293,0.3,-0.85348,-0.42611,0.52
585,578064.880464,0.3443,-0.84161,-0.41611,2.08
586,578064.887673,0.36224,-0.84332,-0.39699,1.81
587,578064.892047,0.37535,-0.84148,-0.38861,1.78
588,578064.895384,0.37981,-0.84441,-0.37778,1.73
589,578064.899948,0.37307,-0.84614,-0.38061,1.57
590,578064.903541,0.37245,-0.85313,-0.36531,1.79
591,578064.90741,0.36353,-0.85589,-0.36784,1.43
592,578064.915951,0.35859,-0.85153,-0.3825,1.91
593,578064.919055,0.34565,-0.8569,-0.38243,1.43
594,578064.924515,0.33267,-0.85961,-0.38781,0.74
595,578064.927577,0.30486,-0.86554,-0.39737,0.5
596,578064.930991,0.30445,-0.86995,-0.38794,0.3
597,578064.93949,0.2955,-0.871,-0.39248,0.65
598,578064.942909,0.29635,-0.87247,-0.38855,0.64
599,578064.948384,0.29392,-0.87488,-0.38496,0.79
600,578064.951339,0.2906,-0.87745,-0.38162,1.17
601,578064.968407,0.32699,-0.894,-0.30633,1.83
602,578064.970868,0.33246,-0.90069,-0.27969,1.0
603,578064.975902,0.33386,-0.90105,-0.27685,0.27
604,578064.979483,0.33456,-0.89772,-0.28665,1.02
605,578064.984036,0.32491,-0.89466,-0.30662,0.71
606,578064.991844,0.31626,-0.88608,-0.33889,1.02
607,578064.995494,0.30494,-0.88388,-0.35464,1.19
608,578064.999553,0.29013,-0.88046,-0.37499,1.18
609,578065.003675,0.28527,-0.87499,-0.39116,1.54
610,578065.007491,0.27575,-0.87091,-0.40678,1.22
611,578065.015479,0.27712,-0.86221,-0.42403,1.66
612,578065.01924,0.27626,-0.85426,-0.44037,1.37
613,578065.024433,0.27538,-0.85773,-0.43413,0.88
614,578065.02807,0.27947,-0.8502,-0.44616,0.62
615,578065.032363,0.29122,-0.84558,-0.44743,0.56
616,578065.035355,0.3175,-0.84109,-0.43792,1.96
617,578065.044102,0.32699,-0.83549,-0.44162,1.72
618,578065.05567,0.34976,-0.82542,-0.44311,0.3
619,578065.059918,0.35859,-0.81829,-0.44924,1.08
620,578065.067937,0.35613,-0.81976,-0.4485,0.34
621,578065.071139,0.35232,-0.81923,-0.45247,0.19
622,578065.076833,0.34892,-0.81176,-0.46829,1.36
623,578065.0796,0.33332,-0.81424,-0.47529,0.12
624,578065.084591,0.31975,-0.81579,-0.48193,0.38
625,578065.091458,0.30997,-0.81412,-0.49104,0.05
626,578065.095678,0.29588,-0.81301,-0.50147,0.53
627,578065.100271,0.30135,-0.81602,-0.49326,0.61
628,578065.104367,0.32966,-0.82186,-0.46462,0.14
629,578065.107411,0.34191,-0.82877,-0.44299,1.07
630,578065.112373,0.35662,-0.82972,-0.42939,0.51
631,578065.12008,0.36703,-0.83768,-0.40446,0.41
632,578065.123665,0.3553,-0.84665,-0.39615,0.38
633,578065.136645,0.34049,-0.84693,-0.40839,0.73
634,578065.143343,0.3347,-0.84745,-0.41208,0.45
635,578065.147689,0.32601,-0.84998,-0.41383,0.48
636,578065.152965,0.3221,-0.85149,-0.41379,0.62
637,578065.155387,0.31387,-0.85958,-0.40324,0.89
638,578065.160502,0.298,-0.8694,-0.39413,1.67
639,578065.167934,0.27891,-0.88108,-0.38198,1.64
640,578065.170983,0.26323,-0.89157,-0.36853,1.5
641,578065.175709,0.25774,-0.89848,-0.35539,1.93
642,578065.179648,0.25131,-0.90317,-0.34804,0.95
643,578065.183117,0.25782,-0.90388,-0.34135,1.07
644,578065.1876,0.26104,-0.90874,-0.32566,0.63
645,578065.195431,0.27144,-0.90791,-0.31941,0.19
646,578065.199163,0.27543,-0.90373,-0.32773,2.27
647,578065.204555,0.30583,-0.90182,-0.30527,0.81
648,578065.208399,0.31576,-0.89765,-0.30744,1.16
649,578065.224253,0.35722,-0.87003,-0.33977,1.73
650,578065.228408,0.3855,-0.84413,-0.3726,1.56
651,578065.232223,0.39352,-0.83168,-0.39173,0.98
652,578065.234999,0.40315,-0.82289,-0.4004,1.63
653,578065.243658,0.40602,-0.81076,-0.42169,1.47
654,578065.247742,0.40589,-0.7964,-0.44832,0.68
655,578065.251317,0.4049,-0.79064,-0.45928,1.56
656,578065.255969,0.39844,-0.78811,-0.46918,1.6
657,578065.259183,0.40183,-0.78968,-0.46362,0.71
658,578065.263223,0.3863,-0.79358,-0.47011,1.35
659,578065.271655,0.37016,-0.78497,-0.49679,2.37
660,578065.275853,0.38148,-0.78762,-0.48387,0.81
661,578065.280462,0.36917,-0.80336,-0.46726,0.23
662,578065.284027,0.35417,-0.81672,-0.45556,0.4
663,578065.286982,0.33794,-0.8249,-0.45313,0.32
664,578065.296586,0.32675,-0.83052,-0.45107,0.42
665,578065.308764,0.31262,-0.83544,-0.45201,1.0
666,578065.311567,0.28668,-0.84166,-0.45763,0.24
667,578065.321164,0.27516,-0.83684,-0.47326,1.84
668,578065.324041,0.26325,-0.84002,-0.47441,0.85
669,578065.327034,0.25984,-0.83179,-0.49053,1.48
670,578065.333145,0.26671,-0.80842,-0.52472,1.37
671,578065.335365,0.26167,-0.79573,-0.54622,1.13
672,578065.339694,0.2513,-0.80045,-0.54417,0.61
673,578065.347651,0.2397,-0.79455,-0.55788,0.24
674,578065.351254,0.22148,-0.80349,-0.55258,0.7
675,578065.35604,0.22027,-0.80249,-0.55452,1.57
676,578065.359944,0.20175,-0.82118,-0.53382,0.58
677,578065.364584,0.19089,-0.82654,-0.52953,0.79
678,578065.372543,0.18444,-0.83391,-0.52017,0.98
679,578065.375706,0.19538,-0.834,-0.51602,0.33
680,578065.380261,0.18928,-0.85297,-0.48644,1.36
681,578065.387325,0.21072,-0.87865,-0.42844,2.65
682,578065.397669,0.2212,-0.8901,-0.3985,1.12
683,578065.399198,0.23181,-0.89221,-0.38759,2.02
684,578065.403596,0.24274,-0.88997,-0.38605,2.83
685,578065.411868,0.26913,-0.8856,-0.37852,2.17
686,578065.415604,0.28334,-0.88876,-0.36032,1.67
687,578065.423949,0.30233,-0.8803,-0.3656,2.05
688,578065.427568,0.32953,-0.87642,-0.35113,2.06
689,578065.43313,0.34698,-0.87995,-0.3245,0.87
690,578065.435622,0.35649,-0.88086,-0.31146,1.68
691,578065.439705,0.3695,-0.88,-0.29846,1.32
692,578065.447624,0.37194,-0.88302,-0.28623,1.71
693,578065.451203,0.37048,-0.88349,-0.28669,1.16
694,578065.456338,0.37606,-0.88326,-0.28006,0.72
695,578065.459492,0.38242,-0.87877,-0.28552,0.46
696,578065.463469,0.38132,-0.88073,-0.28091,0.81
697,578065.471148,0.39313,-0.87174,-0.29245,2.38
698,578065.480406,0.42542,-0.85506,-0.29648,0.4
699,578065.484448,0.44718,-0.84406,-0.29596,0.19
700,578065.48731,0.47051,-0.83276,-0.29177,0.25
701,578065.49263,0.48572,-0.82847,-0.27877,0.63
702,578065.499893,0.49125,-0.82414,-0.2819,0.67
703,578065.503141,0.49429,-0.8222,-0.28225,0.8
704,578065.507511,0.4911,-0.82199,-0.28836,0.63
705,578065.512326,0.47904,-0.82729,-0.29347,0.56
706,578065.51534,0.46898,-0.83397,-0.29078,1.04
707,578065.524382,0.43445,-0.84278,-0.31776,1.84
708,578065.527533,0.41095,-0.85134,-0.32609,0.57
709,578065.53251,0.38493,-0.85059,-0.35823,2.44
710,578065.535419,0.36881,-0.85253,-0.37036,1.37
711,578065.540415,0.35797,-0.84459,-0.39814,1.97
712,578065.543532,0.35078,-0.84134,-0.41121,1.63
713,578065.553224,0.34293,-0.8336,-0.43302,1.07
714,578065.555044,0.35111,-0.82191,-0.44854,1.75
715,578065.567927,0.35123,-0.82407,-0.44446,1.93
716,578065.576335,0.34784,-0.81441,-0.46449,1.21
717,578065.579361,0.33584,-0.81411,-0.47375,0.46
718,578065.583977,0.31239,-0.82111,-0.47768,1.72
719,578065.587955,0.29103,-0.82445,-0.48537,0.35
720,578065.591238,0.3051,-0.82603,-0.47392,1.44
721,578065.600777,0.31689,-0.83134,-0.45657,0.7
722,578065.602878,0.32154,-0.83316,-0.44996,0.39
723,578065.608111,0.32295,-0.83429,-0.44683,0.47
724,578065.611346,0.30732,-0.8312,-0.46331,0.29
725,578065.615798,0.29761,-0.82979,-0.47209,0.32
726,578065.619441,0.2747,-0.82911,-0.48694,0.54
727,578065.627425,0.2547,-0.82383,-0.50639,0.92
728,578065.631114,0.25325,-0.81602,-0.51958,1.91
729,578065.637,0.24661,-0.82177,-0.51369,1.65
730,578065.640581,0.23573,-0.83054,-0.50461,1.13
731,578065.642984,0.24198,-0.83384,-0.49613,0.58
732,578065.655988,0.23625,-0.8489,-0.47282,0.69
733,578065.660894,0.24639,-0.85358,-0.45901,0.92
734,578065.663143,0.24731,-0.8673,-0.43201,1.17
735,578065.667697,0.26284,-0.86836,-0.42056,1.12
736,578065.676298,0.28442,-0.87167,-0.39911,0.74
737,578065.679063,0.2908,-0.87662,-0.38338,0.9
738,578065.684413,0.30272,-0.88082,-0.36403,0.75
739,578065.687857,0.30804,-0.88583,-0.34701,0.51
740,578065.691853,0.31188,-0.88855,-0.33648,0.23
741,578065.695666,0.30787,-0.89333,-0.32737,0.77
742,578065.704031,0.31499,-0.89143,-0.32578,0.71
743,578065.707354,0.31748,-0.88841,-0.33157,0.6
744,578065.712323,0.31034,-0.89225,-0.32799,1.32
745,578065.715516,0.32211,-0.88872,-0.32621,1.05
746,578065.720839,0.31525,-0.89381,-0.31895,0.53
747,578065.728077,0.3159,-0.8871,-0.33654,2.15
748,578065.731717,0.33401,-0.88933,-0.31228,1.17
749,578065.744219,0.40184,-0.86028,-0.31375,1.99
750,578065.751649,0.42031,-0.85554,-0.30232,0.8
751,578065.756583,0.44066,-0.84763,-0.29553,1.17
752,578065.759391,0.43986,-0.85147,-0.28554,0.35
753,578065.764877,0.43563,-0.85261,-0.28858,0.51
754,578065.767154,0.40904,-0.86041,-0.30394,0.2
755,578065.772467,0.39492,-0.85993,-0.32335,1.87
756,578065.779682,0.36976,-0.85956,-0.35274,2.01
757,578065.783196,0.35201,-0.8562,-0.37817,0.91
758,578065.787925,0.34988,-0.84335,-0.40785,0.98
759,578065.791626,0.34414,-0.83665,-0.42613,0.92
760,578065.795798,0.34916,-0.82282,-0.44839,1.86
761,578065.804629,0.36835,-0.80679,-0.46197,1.84
762,578065.807022,0.38823,-0.79517,-0.46581,0.26
763,578065.811825,0.4029,-0.78629,-0.46843,0.52
764,578065.815425,0.40544,-0.78767,-0.46389,0.65
765,578065.833145,0.3687,-0.80675,-0.46176,0.86
766,578065.835263,0.35059,-0.80977,-0.4705,1.09
767,578065.841573,0.33071,-0.81695,-0.47247,1.57
768,578065.844531,0.32291,-0.81643,-0.47872,2.12
769,578065.847947,0.31311,-0.80587,-0.50252,1.53
770,578065.856115,0.30004,-0.81367,-0.49792,0.76
771,578065.858952,0.2982,-0.81487,-0.49705,1.75
772,578065.864363,0.30679,-0.83062,-0.4647,3.38
773,578065.868019,0.32157,-0.83556,-0.44546,0.57
774,578065.872784,0.3085,-0.86049,-0.40543,1.52
775,578065.880513,0.29681,-0.86852,-0.39696,0.61
776,578065.883375,0.27932,-0.87826,-0.38812,0.71
777,578065.888987,0.25842,-0.88029,-0.39788,0.87
778,578065.892244,0.26018,-0.8677,-0.42357,1.33
779,578065.89634,0.26519,-0.86052,-0.43496,1.18
780,578065.903736,0.27618,-0.85399,-0.44094,0.49
781,578065.908324,0.28206,-0.85097,-0.44305,0.57
782,578065.920581,0.31579,-0.85817,-0.40474,0.96
783,578065.923518,0.34423,-0.87675,-0.3359,1.89
784,578065.932788,0.33411,-0.89865,-0.28425,1.31
785,578065.935122,0.31021,-0.91364,-0.26275,2.7
786,578065.940172,0.3156,-0.91465,-0.25262,0.71
787,578065.943488,0.3189,-0.90867,-0.26949,0.99
788,578065.948256,0.34335,-0.88865,-0.304,1.71
789,578065.955969,0.37715,-0.86434,-0.33267,1.27
790,578065.959569,0.39916,-0.85192,-0.33899,0.79
791,578065.964614,0.44324,-0.81715,-0.36852,3.17
792,578065.967616,0.4565,-0.81147,-0.36486,2.04
793,578065.971819,0.47862,-0.80277,-0.35564,2.38
794,578065.979147,0.50224,-0.80052,-0.327,1.06
795,578065.983476,0.51222,-0.80418,-0.30153,1.3
796,578065.987264,0.50291,-0.81261,-0.29451,1.68
797,578066.000706,0.42569,-0.84864,-0.314,0.83
798,578066.00813,0.37827,-0.86019,-0.34203,1.58
799,578066.011968,0.35842,-0.85621,-0.37208,0.96
800,578066.016209,0.34189,-0.84895,-0.40297,1.15
801,578066.020088,0.33969,-0.84151,-0.42009,1.34
802,578066.0236,0.3528,-0.82053,-0.44975,2.03
803,578066.032361,0.38143,-0.80885,-0.44753,2.14
804,578066.035438,0.40036,-0.79945,-0.44788,0.77
805,578066.040273,0.4249,-0.79541,-0.43219,0.55
806,578066.044912,0.43373,-0.7934,-0.42708,0.91
807,578066.048404,0.4338,-0.79784,-0.41865,1.44
808,578066.052423,0.42053,-0.81129,-0.40615,2.34
809,578066.060373,0.398,-0.81763,-0.41603,1.89
810,578066.062932,0.35067,-0.83747,-0.41914,2.04
811,578066.068232,0.31002,-0.83,-0.46367,1.01
812,578066.07233,0.30077,-0.81759,-0.49101,0.42
813,578066.08842,0.28223,-0.79696,-0.53404,0.77
814,578066.091882,0.27281,-0.78558,-0.55536,3.32
815,578066.095454,0.28059,-0.77037,-0.57254,1.04
816,578066.100672,0.2738,-0.78448,-0.55644,0.52
817,578066.108497,0.25933,-0.81486,-0.51842,3.07
818,578066.111008,0.23909,-0.83697,-0.49226,1.68
819,578066.11709,0.223,-0.84864,-0.47968,0.18
820,578066.120055,0.21294,-0.85201,-0.47826,1.55
821,578066.124606,0.22795,-0.84237,-0.48831,1.61
822,578066.127596,0.24821,-0.8404,-0.48179,0.59
823,578066.136702,0.26485,-0.8335,-0.48491,1.53
824,578066.139343,0.30273,-0.83256,-0.4639,0.92
825,578066.14439,0.32515,-0.83954,-0.43525,0.95
826,578066.147293,0.33413,-0.85186,-0.40336,0.54
827,578066.152183,0.32956,-0.86026,-0.38904,1.42
828,578066.16011,0.32219,-0.86871,-0.37621,2.0
829,578066.172535,0.3311,-0.87073,-0.36361,0.79
830,578066.175531,0.3406,-0.87404,-0.34647,0.23
831,578066.18491,0.31006,-0.89255,-0.32745,0.9
832,578066.187517,0.30205,-0.895,-0.32824,1.0
833,578066.192001,0.30168,-0.89542,-0.32742,1.37
834,578066.196364,0.31244,-0.88702,-0.33996,1.2
835,578066.199538,0.32677,-0.88078,-0.3427,0.82
836,578066.203652,0.34491,-0.87659,-0.33559,0.53
837,578066.211981,0.36614,-0.87523,-0.3161,2.58
838,578066.215654,0.39015,-0.87901,-0.2741,2.11
839,578066.219921,0.38585,-0.89228,-0.23444,1.96
840,578066.22462,0.36712,-0.90588,-0.21122,2.95
841,578066.228476,0.37692,-0.90594,-0.1929,1.44
842,578066.236282,0.39587,-0.89355,-0.21177,1.81
843,578066.238905,0.4215,-0.87947,-0.22106,0.93
844,578066.252699,0.49891,-0.82792,-0.25618,1.5
845,578066.259499,0.50877,-0.8241,-0.24903,0.52
846,578066.264676,0.51413,-0.82296,-0.2417,0.97
847,578066.267192,0.51931,-0.81365,-0.2613,1.59
848,578066.272086,0.49976,-0.82353,-0.26842,1.13
849,578066.275402,0.47592,-0.82576,-0.30271,0.9
850,578066.279831,0.463,-0.81619,-0.34563,1.15
851,578066.287981,0.44349,-0.81075,-0.3821,1.08
852,578066.291201,0.42939,-0.79842,-0.42208,0.4
853,578066.29693,0.4225,-0.79096,-0.44259,0.55
854,578066.299623,0.42296,-0.78044,-0.46045,1.12
855,578066.305198,0.42674,-0.77268,-0.46995,0.77
856,578066.31159,0.42584,-0.77366,-0.46916,2.14
857,578066.315397,0.41414,-0.77636,-0.47514,2.33
858,578066.319806,0.38477,-0.80249,-0.45603,2.2
859,578066.323966,0.38555,-0.80829,-0.445,1.73
860,578066.3409,0.35041,-0.81324,-0.4646,1.57
861,578066.342921,0.35589,-0.80506,-0.47458,1.21
862,578066.348841,0.35317,-0.80293,-0.48017,0.35
863,578066.352503,0.34174,-0.81481,-0.4683,2.0
864,578066.35515,0.32761,-0.83008,-0.45126,2.31
865,578066.363674,0.32215,-0.83398,-0.44799,1.62
866,578066.367249,0.30381,-0.83917,-0.45111,1.05
867,578066.37233,0.28714,-0.84233,-0.4561,0.8
868,578066.375537,0.27725,-0.83105,-0.48217,0.47
869,578066.379283,0.26536,-0.82653,-0.49641,0.93
870,578066.3878,0.26216,-0.813,-0.5199,0.89
871,578066.391143,0.25715,-0.81421,-0.52051,1.39
872,578066.395676,0.24195,-0.81731,-0.52294,1.67
873,578066.399771,0.23234,-0.82452,-0.51592,2.1
874,578066.403229,0.23424,-0.83368,-0.50011,1.8
875,578066.41178,0.25821,-0.83405,-0.48754,2.21
876,578066.42398,0.32241,-0.83737,-0.44143,2.22
877,578066.427736,0.32328,-0.85775,-0.39969,3.09
878,578066.432542,0.30638,-0.88637,-0.34711,0.22
879,578066.440571,0.2718,-0.90323,-0.33212,1.09
880,578066.443241,0.25098,-0.90943,-0.33158,1.54
881,578066.448996,0.25132,-0.904,-0.34586,0.96
882,578066.451994,0.27948,-0.89248,-0.35408,1.1
883,578066.4563,0.31692,-0.88848,-0.33192,1.83
884,578066.46339,0.33031,-0.88699,-0.32272,1.66
885,578066.467382,0.37555,-0.87881,-0.29435,0.73
886,578066.471637,0.39674,-0.88199,-0.25434,0.75
887,578066.475892,0.40956,-0.87874,-0.24511,2.39
888,578066.48004,0.39896,-0.88775,-0.22963,1.45
889,578066.484327,0.4085,-0.88566,-0.22077,0.73
890,578066.492899,0.39451,-0.89256,-0.21842,0.42
891,578066.494878,0.3979,-0.88858,-0.22823,1.86
892,578066.508684,0.46492,-0.84001,-0.2797,1.11
893,578066.515761,0.49318,-0.8235,-0.28039,1.26
894,578066.519871,0.51532,-0.81677,-0.25948,1.03
895,578066.52487,0.51091,-0.82373,-0.24584,0.81
896,578066.52819,0.50455,-0.8249,-0.2549,1.13
897,578066.531521,0.50915,-0.81401,-0.27955,1.79
898,578066.539634,0.49494,-0.81866,-0.29126,1.33
899,578066.542879,0.49878,-0.80061,-0.33203,1.33
900,578066.548505,0.49149,-0.7937,-0.35845,1.2
901,578066.551549,0.49792,-0.78268,-0.37347,0.88
902,578066.55564,0.48372,-0.79208,-0.37231,0.84
903,578066.560186,0.49084,-0.78029,-0.38758,1.06
904,578066.568371,0.47101,-0.79402,-0.38429,0.91
905,578066.571119,0.43846,-0.80576,-0.39813,0.77
906,578066.576889,0.41434,-0.812,-0.41106,0.97
907,578066.579833,0.39969,-0.81041,-0.42834,0.85
908,578066.584784,0.38965,-0.80488,-0.44759,1.16
909,578066.600327,0.38252,-0.80102,-0.46048,1.24
910,578066.603907,0.37969,-0.80204,-0.46104,0.94
911,578066.607494,0.37177,-0.81091,-0.45189,1.25
912,578066.616184,0.37017,-0.81659,-0.44289,1.36
913,578066.619116,0.38689,-0.79929,-0.45984,1.61
914,578066.62399,0.38769,-0.80047,-0.4571,0.21
915,578066.627604,0.37941,-0.80744,-0.45177,0.75
916,578066.631551,0.35619,-0.824,-0.44063,0.55
917,578066.635629,0.33288,-0.83082,-0.44602,1.05
918,578066.643958,0.30679,-0.82788,-0.46957,0.82
919,578066.647554,0.30444,-0.82387,-0.47808,1.02
920,578066.653153,0.30736,-0.81327,-0.49409,0.76
921,578066.655873,0.31276,-0.81413,-0.48925,1.06
922,578066.660121,0.29312,-0.82302,-0.48655,2.42
923,578066.667338,0.28222,-0.83904,-0.46515,1.85
924,578066.671282,0.28277,-0.83469,-0.47258,1.9
925,578066.685139,0.29498,-0.85908,-0.4183,1.4
926,578066.691183,0.3083,-0.86453,-0.3969,0.82
927,578066.695256,0.28323,-0.87915,-0.38325,0.48
928,578066.700778,0.2746,-0.88857,-0.36748,0.36
929,578066.703765,0.28361,-0.88804,-0.36188,0.34
930,578066.707252,0.30083,-0.89034,-0.34174,1.11
931,578066.712514,0.30913,-0.89673,-0.31671,0.12
932,578066.719606,0.3283,-0.8903,-0.31559,2.1
933,578066.723338,0.35729,-0.87644,-0.3228,1.9
934,578066.727301,0.36743,-0.88715,-0.27921,1.06
935,578066.731905,0.37018,-0.89394,-0.25267,2.41
936,578066.73552,0.37024,-0.90152,-0.22399,1.52
937,578066.74426,0.37556,-0.9014,-0.21549,0.47
938,578066.747156,0.37883,-0.89666,-0.22911,0.52
939,578066.752239,0.39238,-0.88633,-0.24587,0.66
940,578066.756237,0.41067,-0.87356,-0.26122,1.74
941,578066.772295,0.47009,-0.84899,-0.24132,2.35
942,578066.775111,0.49783,-0.83343,-0.23991,1.31
943,578066.780335,0.52149,-0.8167,-0.24707,2.05
944,578066.783212,0.51854,-0.8145,-0.26021,1.43
945,578066.788133,0.5363,-0.80197,-0.2631,0.72
946,578066.79592,0.51792,-0.81204,-0.26899,0.64
947,578066.799432,0.51295,-0.80776,-0.29053,1.18
948,578066.803618,0.49777,-0.80761,-0.31623,1.58
949,578066.808307,0.4831,-0.80184,-0.35166,1.14
950,578066.811952,0.48328,-0.7868,-0.38392,1.17
951,578066.820534,0.48199,-0.7745,-0.40968,0.43
952,578066.823445,0.49304,-0.7634,-0.41728,1.32
953,578066.827805,0.48231,-0.76429,-0.42806,1.81
954,578066.83248,0.48603,-0.77313,-0.40749,1.83
955,578066.835689,0.47137,-0.7789,-0.41367,0.03
956,578066.844356,0.46604,-0.78542,-0.40733,0.34
957,578066.857083,0.41258,-0.80545,-0.42548,1.3
958,578066.859578,0.3918,-0.81063,-0.43517,0.72
959,578066.863044,0.37209,-0.81432,-0.44545,1.11
960,578066.871927,0.35466,-0.80943,-0.46802,0.75
961,578066.875265,0.37762,-0.78947,-0.48388,1.15
962,578066.879748,0.39573,-0.78475,-0.47703,1.94
963,578066.884221,0.38782,-0.79122,-0.47283,0.98
964,578066.887641,0.38477,-0.80454,-0.4524,1.53
965,578066.896156,0.38134,-0.80549,-0.45362,2.7
966,578066.899055,0.37271,-0.81444,-0.44471,0.51
967,578066.903474,0.34701,-0.82461,-0.44676,0.34
968,578066.907625,0.32193,-0.83793,-0.44072,0.5
969,578066.911831,0.30107,-0.84314,-0.4455,1.56
970,578066.919642,0.27858,-0.84462,-0.45717,0.34
971,578066.923895,0.29697,-0.83574,-0.46189,1.22
972,578066.926916,0.31273,-0.83706,-0.44891,1.67
973,578066.931493,0.30374,-0.84579,-0.43862,0.94
974,578066.941158,0.30756,-0.86743,-0.39111,1.05
975,578066.947266,0.30981,-0.87815,-0.36451,2.2
976,578066.951611,0.30697,-0.88556,-0.34864,0.54
977,578066.956499,0.30426,-0.88996,-0.33971,0.64
978,578066.959807,0.30033,-0.89012,-0.34278,0.12
979,578066.964312,0.31558,-0.88399,-0.34494,0.66
980,578066.972119,0.34699,-0.87988,-0.32468,1.24
981,578066.97513,0.34592,-0.88623,-0.30811,3.79
982,578066.981184,0.37691,-0.88328,-0.27884,2.33
983,578066.983785,0.40746,-0.87407,-0.26452,0.97
984,578066.988148,0.41647,-0.87476,-0.24768,1.06
985,578066.991552,0.41487,-0.88115,-0.22685,2.37
986,578066.999475,0.42096,-0.88097,-0.21608,0.34
987,578067.002878,0.42045,-0.8789,-0.22531,1.08
988,578067.007782,0.42095,-0.87416,-0.24217,0.72
989,578067.011462,0.44161,-0.85876,-0.25983,0.66
990,578067.027827,0.4822,-0.83535,-0.26397,1.19
991,578067.031269,0.50508,-0.82327,-0.25907,1.16
992,578067.035623,0.52881,-0.81058,-0.25164,1.0
993,578067.040168,0.51816,-0.8144,-0.26126,1.2
994,578067.047955,0.51627,-0.81865,-0.25155,1.73
995,578067.051361,0.49845,-0.82251,-0.27389,1.29
996,578067.056272,0.48738,-0.81805,-0.30538,0.53
997,578067.059501,0.48186,-0.80721,-0.34091,0.94
998,578067.064407,0.49232,-0.78744,-0.37089,1.11
999,578067.068393,0.50029,-0.77338,-0.38935,0.59
1000,578067.076684,0.51603,-0.75962,-0.39584,1.74
1001,578067.07941,0.51589,-0.77021,-0.37501,1.74
1002,578067.084491,0.49606,-0.78082,-0.37978,1.22
1003,578067.087501,0.4754,-0.7829,-0.40133,1.32
1004,578067.091804,0.45168,-0.78799,-0.4184,1.16
1005,578067.100049,0.42124,-0.79565,-0.43532,1.61
1006,578067.11244,0.42726,-0.77052,-0.47303,2.86
1007,578067.116202,0.42574,-0.76631,-0.48116,0.64
1008,578067.124284,0.42712,-0.77764,-0.46135,0.83
1009,578067.127008,0.40104,-0.80167,-0.44327,0.43
1010,578067.132209,0.36987,-0.8166,-0.44313,1.58
1011,578067.135414,0.35397,-0.81919,-0.45125,0.41
1012,578067.139041,0.33085,-0.82067,-0.46587,0.69
1013,578067.143117,0.3274,-0.81734,-0.4741,0.34
1014,578067.151478,0.34953,-0.8116,-0.46811,1.21
1015,578067.155187,0.36551,-0.82248,-0.43581,1.04
1016,578067.159959,0.35419,-0.83779,-0.41551,2.37
1017,578067.163997,0.35149,-0.84482,-0.4034,0.83
1018,578067.167481,0.33807,-0.85791,-0.3869,0.89
1019,578067.176232,0.3175,-0.87337,-0.36934,1.2
1020,578067.179168,0.30823,-0.87375,-0.37623,0.72
1021,578067.19239,0.34618,-0.86217,-0.3699,1.17
1022,578067.2004,0.36265,-0.87276,-0.32677,0.85
1023,578067.202998,0.36039,-0.87895,-0.31235,2.28
1024,578067.208785,0.37032,-0.8781,-0.30299,0.83
1025,578067.211567,0.36219,-0.88476,-0.29328,1.32
1026,578067.21596,0.35613,-0.8913,-0.28065,0.75
1027,578067.223886,0.36714,-0.88542,-0.28503,0.52
1028,578067.227431,0.36281,-0.88523,-0.29108,0.62
1029,578067.230907,0.37983,-0.87544,-0.29888,0.65
1030,578067.235555,0.40118,-0.86872,-0.29048,0.94
1031,578067.239462,0.41964,-0.86491,-0.27539,0.46
1032,578067.243396,0.42468,-0.86395,-0.27062,2.13
1033,578067.251531,0.44903,-0.85451,-0.26114,0.99
1034,578067.2556,0.44683,-0.86215,-0.23883,1.14
1035,578067.261217,0.45154,-0.8551,-0.25478,1.05
1036,578067.264318,0.44549,-0.85626,-0.26146,0.77
1037,578067.268305,0.44041,-0.85245,-0.28172,0.67
1038,578067.283932,0.48588,-0.82148,-0.29847,0.5
1039,578067.288004,0.51213,-0.81061,-0.28394,0.68
1040,578067.29149,0.51874,-0.80534,-0.28694,2.32
1041,578067.295967,0.51491,-0.80664,-0.29018,0.8
1042,578067.304043,0.48879,-0.81285,-0.31678,1.31
1043,578067.307342,0.47861,-0.80558,-0.34926,1.09
1044,578067.313144,0.48673,-0.78941,-0.37407,0.83
1045,578067.316238,0.50967,-0.77521,-0.37321,0.45
1046,578067.320994,0.5149,-0.76778,-0.38131,1.04
1047,578067.328409,0.52019,-0.77507,-0.35871,0.37
1048,578067.330807,0.50121,-0.78656,-0.3607,1.18
1049,578067.336833,0.46956,-0.79801,-0.37776,1.27
1050,578067.33948,0.44098,-0.80245,-0.40202,1.42
1051,578067.34364,0.4307,-0.79178,-0.43311,0.95
1052,578067.352756,0.44181,-0.77896,-0.44501,0.64
1053,578067.355491,0.4477,-0.77581,-0.44461,2.68
1054,578067.367974,0.43728,-0.80448,-0.402,1.33
1055,578067.371361,0.40478,-0.82157,-0.40147,0.58
1056,578067.380433,0.37796,-0.82764,-0.41492,0.66
1057,578067.382873,0.362,-0.82569,-0.43264,0.5
1058,578067.387458,0.37399,-0.81388,-0.44467,1.36
1059,578067.391802,0.37759,-0.81284,-0.44353,1.29
1060,578067.394984,0.39824,-0.82169,-0.4077,0.46
1061,578067.404281,0.39667,-0.83893,-0.37263,0.32
1062,578067.407308,0.3895,-0.84278,-0.37151,1.56
1063,578067.412395,0.3636,-0.86183,-0.35361,0.86
1064,578067.415666,0.3504,-0.85864,-0.37409,0.37
1065,578067.419726,0.34034,-0.85487,-0.39163,0.59
1066,578067.427644,0.36595,-0.84,-0.4006,1.47
1067,578067.431842,0.37893,-0.84785,-0.3709,2.9
1068,578067.435349,0.40076,-0.84905,-0.34425,2.46
1069,578067.449472,0.37352,-0.86613,-0.3321,0.97
1070,578067.455352,0.35466,-0.86768,-0.34836,1.0
1071,578067.459703,0.37118,-0.85503,-0.36215,0.56
1072,578067.46508,0.39008,-0.8505,-0.35282,1.01
1073,578067.467688,0.39038,-0.85707,-0.33621,2.05
1074,578067.471803,0.39871,-0.85699,-0.32648,1.42
1075,578067.479859,0.38413,-0.86724,-0.31678,0.44
1076,578067.482865,0.38182,-0.87209,-0.30605,0.1
1077,578067.488228,0.37598,-0.86987,-0.31932,0.95
1078,578067.491765,0.39084,-0.85944,-0.32956,0.79
1079,578067.496338,0.41638,-0.85116,-0.31962,0.9
1080,578067.499317,0.4299,-0.85044,-0.30321,2.24
1081,578067.508295,0.447,-0.84581,-0.2912,0.97
1082,578067.511245,0.43241,-0.85646,-0.28196,0.31
1083,578067.517273,0.43337,-0.86018,-0.26887,0.54
1084,578067.519602,0.42534,-0.85535,-0.29574,1.3
1085,578067.536374,0.47222,-0.82675,-0.30576,0.34
1086,578067.540034,0.5039,-0.81316,-0.29129,1.23
1087,578067.54343,0.49541,-0.82138,-0.28268,1.41
1088,578067.547424,0.48151,-0.83084,-0.279,0.35
1089,578067.556653,0.46256,-0.82977,-0.31229,1.83
1090,578067.559554,0.47684,-0.80968,-0.34213,0.91
1091,578067.564984,0.49865,-0.79478,-0.34594,0.66
1092,578067.568051,0.51993,-0.78018,-0.34783,2.16
1093,578067.572321,0.53098,-0.78315,-0.32364,0.75
1094,578067.576081,0.50925,-0.80284,-0.31003,1.65
1095,578067.58408,0.49184,-0.8078,-0.32488,1.04
1096,578067.58753,0.46833,-0.811,-0.35065,1.56
1097,578067.59297,0.46208,-0.79967,-0.38343,0.98
1098,578067.595316,0.47448,-0.78457,-0.39914,0.19
1099,578067.600097,0.49359,-0.77044,-0.40348,2.81
1100,578067.607717,0.50546,-0.77332,-0.38272,0.57
1101,578067.611116,0.47537,-0.79884,-0.36861,0.69
1102,578067.62546,0.41586,-0.80772,-0.41791,0.9
1103,578067.631807,0.42976,-0.79217,-0.43332,0.6
1104,578067.635471,0.44803,-0.78231,-0.43274,3.02
1105,578067.640858,0.45942,-0.79634,-0.3934,0.78
1106,578067.643279,0.42666,-0.82322,-0.37453,2.03
1107,578067.647429,0.39295,-0.83435,-0.3866,1.33
1108,578067.651453,0.36792,-0.8347,-0.40977,1.29
1109,578067.659597,0.38095,-0.81946,-0.4282,0.5
1110,578067.663461,0.3967,-0.81096,-0.43008,3.86
1111,578067.669521,0.41079,-0.82226,-0.39387,2.78
1112,578067.671719,0.40564,-0.8357,-0.37023,0.94
1113,578067.675227,0.37845,-0.85047,-0.36535,1.18
1114,578067.683788,0.35156,-0.85219,-0.38754,1.36
1115,578067.68766,0.35762,-0.83679,-0.41458,1.02
1116,578067.692955,0.3963,-0.82438,-0.40416,1.1
1117,578067.695683,0.41357,-0.82606,-0.38287,4.14
1118,578067.699047,0.4266,-0.83498,-0.34761,0.95
1119,578067.712618,0.36404,-0.86787,-0.33804,1.41
1120,578067.716435,0.35215,-0.86004,-0.36921,1.14
1121,578067.720191,0.38568,-0.84107,-0.37928,1.41
1122,578067.724381,0.40119,-0.84081,-0.36343,5.16
1123,578067.727267,0.43519,-0.83473,-0.33739,1.76
1124,578067.735631,0.43375,-0.85402,-0.28723,1.13
1125,578067.739181,0.40365,-0.87234,-0.27583,1.53
1126,578067.743997,0.38239,-0.87242,-0.3044,1.81
1127,578067.747698,0.40063,-0.85251,-0.33573,1.37
1128,578067.751379,0.44155,-0.83619,-0.32529,0.89
1129,578067.759709,0.46767,-0.83246,-0.29715,4.02
1130,578067.763043,0.47855,-0.83628,-0.26763,1.49
1131,578067.767944,0.44417,-0.86132,-0.24665,1.45
1132,578067.771573,0.42713,-0.86366,-0.26768,1.82
1133,578067.775971,0.42794,-0.85018,-0.3067,1.22
1134,578067.783191,0.45807,-0.82765,-0.32428,1.1
1135,578067.787446,0.49482,-0.80438,-0.32882,3.88
1136,578067.796719,0.5099,-0.81718,-0.26873,2.44
1137,578067.800223,0.47859,-0.84148,-0.25073,0.72
1138,578067.80387,0.45431,-0.8428,-0.28859,1.91
1139,578067.812267,0.47323,-0.81209,-0.34141,0.58
1140,578067.815684,0.50934,-0.79105,-0.33883,2.84
1141,578067.820335,0.5423,-0.78251,-0.30593,0.95
1142,578067.8244,0.50719,-0.8102,-0.29383,1.28
1143,578067.828182,0.47851,-0.82199,-0.30881,2.06
1144,578067.836358,0.46093,-0.81157,-0.35902,1.52
1145,578067.839493,0.48132,-0.78757,-0.3848,0.55
1146,578067.84342,0.50858,-0.76186,-0.40115,3.26
1147,578067.84769,0.52784,-0.77041,-0.35755,1.29
1148,578067.85242,0.50653,-0.79423,-0.33559,2.35
1149,578067.860237,0.46539,-0.81225,-0.35167,1.77
1150,578067.863993,0.44052,-0.80194,-0.40352,1.72
1151,578067.866779,0.46153,-0.77892,-0.42458,0.35
1152,578067.879778,0.47008,-0.80418,-0.36376,2.24
1153,578067.888185,0.42322,-0.82302,-0.37884,1.75
1154,578067.89104,0.40573,-0.81412,-0.41545,1.27
1155,578067.896333,0.42932,-0.795,-0.42855,0.15
1156,578067.900341,0.44358,-0.79348,-0.41668,4.33
1157,578067.904267,0.46343,-0.80091,-0.37919,1.64
1158,578067.911386,0.43877,-0.82694,-0.35164,2.57
1159,578067.915538,0.38774,-0.84842,-0.36033,2.13
1160,578067.920516,0.37073,-0.83828,-0.39981,1.09
1161,578067.923506,0.39752,-0.81914,-0.41351,0.44
1162,578067.927672,0.41903,-0.81543,-0.39936,4.18
1163,578067.935477,0.44709,-0.81948,-0.35857,1.85
1164,578067.939386,0.4186,-0.84653,-0.32888,1.7
1165,578067.943728,0.37525,-0.86119,-0.34285,2.17
1166,578067.947706,0.37337,-0.84594,-0.38077,1.46
1167,578067.952318,0.40854,-0.81679,-0.40736,2.82
1168,578067.955386,0.42624,-0.828,-0.36432,3.56
1169,578067.972351,0.39727,-0.86087,-0.31792,3.84
1170,578067.975602,0.37315,-0.84918,-0.3737,0.86
1171,578067.979826,0.40093,-0.83193,-0.38359,2.71
1172,578067.988042,0.43157,-0.83527,-0.3407,0.79
1173,578067.991377,0.43817,-0.84226,-0.31403,0.85
1174,578067.995705,0.40151,-0.86387,-0.30416,0.65
1175,578067.999925,0.38446,-0.8595,-0.33683,1.12
1176,578068.003396,0.41628,-0.84045,-0.34693,1.82
1177,578068.008156,0.45623,-0.8211,-0.34301,0.61
1178,578068.016154,0.47416,-0.82745,-0.30084,1.94
1179,578068.019186,0.44106,-0.8607,-0.25428,0.37
1180,578068.023213,0.41188,-0.86517,-0.28607,1.21
1181,578068.028063,0.427,-0.84569,-0.32013,1.72
1182,578068.031709,0.44842,-0.82865,-0.33506,1.66
1183,578068.039748,0.49185,-0.8196,-0.29383,0.81
1184,578068.043644,0.51123,-0.81552,-0.27124,0.5
1185,578068.056594,0.4742,-0.82953,-0.29498,2.82
1186,578068.064394,0.51381,-0.7959,-0.32023,1.98
1187,578068.066908,0.53557,-0.78779,-0.30422,1.46
1188,578068.072856,0.52754,-0.80756,-0.26372,1.25
1189,578068.075391,0.48807,-0.82471,-0.28573,1.47
1190,578068.079691,0.48257,-0.81268,-0.32662,1.43
1191,578068.08339,0.4912,-0.79413,-0.35787,1.87
1192,578068.091327,0.5238,-0.77759,-0.34783,1.12
1193,578068.094954,0.53251,-0.78678,-0.3121,1.38
1194,578068.101075,0.49764,-0.81099,-0.30765,1.2
1195,578068.103329,0.4745,-0.8076,-0.35019,1.07
1196,578068.108143,0.47298,-0.79406,-0.38179,1.53
1197,578068.116331,0.50839,-0.77095,-0.38362,1.34
1198,578068.11964,0.51957,-0.77999,-0.3488,1.28
1199,578068.124487,0.48468,-0.80798,-0.33505,1.09
1200,578068.127773,0.44978,-0.81114,-0.37382,1.58
1201,578068.139694,0.48338,-0.77947,-0.39845,2.01
1202,578068.143079,0.48765,-0.79498,-0.36085,1.66
1203,578068.148981,0.45008,-0.81476,-0.36552,1.69
1204,578068.151897,0.42431,-0.81344,-0.39784,1.11
1205,578068.156635,0.43555,-0.793,-0.42597,2.49
1206,578068.160345,0.46819,-0.78389,-0.40782,1.41
1207,578068.168373,0.46153,-0.80205,-0.3791,2.17
1208,578068.170854,0.42499,-0.82675,-0.3686,1.85
1209,578068.176752,0.40143,-0.82696,-0.39368,1.13
1210,578068.18012,0.41856,-0.81334,-0.4041,0.19
1211,578068.183669,0.44033,-0.79826,-0.41097,0.89
1212,578068.19238,0.43989,-0.81758,-0.37158,2.49
1213,578068.195457,0.41934,-0.83605,-0.3538,1.33
1214,578068.200388,0.39252,-0.84156,-0.3711,1.19
1215,578068.20395,0.40923,-0.82096,-0.3982,1.93
1216,578068.208036,0.42502,-0.81402,-0.39589,2.44
1217,578068.224252,0.40462,-0.84689,-0.34505,0.51
1218,578068.228394,0.40143,-0.84425,-0.3551,1.08
1219,578068.231613,0.40542,-0.8373,-0.36683,1.31
1220,578068.235198,0.43731,-0.82764,-0.35181,1.09
1221,578068.243653,0.42173,-0.8509,-0.31323,1.57
1222,578068.247114,0.40679,-0.8542,-0.32384,0.96
1223,578068.251588,0.41954,-0.84394,-0.3343,0.59
1224,578068.255552,0.44368,-0.82738,-0.34438,2.32
1225,578068.259795,0.44189,-0.84382,-0.30448,1.89
1226,578068.268152,0.4309,-0.8521,-0.29707,1.38
1227,578068.270888,0.42373,-0.85022,-0.31236,0.58
1228,578068.277781,0.45285,-0.83038,-0.32465,1.81
1229,578068.279349,0.46274,-0.8295,-0.31274,1.3
1230,578068.282926,0.4551,-0.84184,-0.29016,1.41
1231,578068.292195,0.43885,-0.84962,-0.2925,1.43
1232,578068.29609,0.44162,-0.8412,-0.31202,0.32
1233,578068.304744,0.47706,-0.82464,-0.30396,1.2
1234,578068.309208,0.48879,-0.82635,-0.27971,0.42
1235,578068.311787,0.46548,-0.83776,-0.28545,0.37
1236,578068.321053,0.47444,-0.82156,-0.31613,0.11
1237,578068.323783,0.49846,-0.80294,-0.32684,2.73
1238,578068.329211,0.50843,-0.80918,-0.29449,2.52
1239,578068.331757,0.49423,-0.81754,-0.29557,1.51
1240,578068.336872,0.48205,-0.81738,-0.31547,1.09
1241,578068.344332,0.49422,-0.80469,-0.32896,0.43
1242,578068.347518,0.51261,-0.7868,-0.34378,2.25
1243,578068.351702,0.51369,-0.79843,-0.31404,1.63
1244,578068.355558,0.50103,-0.80638,-0.31421,1.57
1245,578068.359299,0.49217,-0.80445,-0.33262,0.76
1246,578068.368115,0.50176,-0.78625,-0.36063,2.58
1247,578068.37226,0.52137,-0.78215,-0.34121,0.58
1248,578068.374871,0.50531,-0.79881,-0.32646,1.3
1249,578068.389057,0.49727,-0.78217,-0.37542,2.05
1250,578068.395662,0.50957,-0.78942,-0.34228,1.56
1251,578068.399718,0.49173,-0.79998,-0.34385,1.53
1252,578068.40492,0.47655,-0.80208,-0.35995,1.06
1253,578068.407188,0.48174,-0.78556,-0.38835,1.85
1254,578068.412528,0.49431,-0.77746,-0.38886,2.5
1255,578068.41988,0.48486,-0.79651,-0.36122,1.27
1256,578068.4235,0.46189,-0.80815,-0.36545,1.67
1257,578068.42756,0.44814,-0.80697,-0.38467,0.98
1258,578068.431572,0.46338,-0.78406,-0.41296,1.74
1259,578068.436622,0.464,-0.80275,-0.37455,1.7
1260,578068.444549,0.44364,-0.81622,-0.37009,1.53
1261,578068.447535,0.42591,-0.82026,-0.3818,1.18
1262,578068.451161,0.43186,-0.81328,-0.38997,0.72
1263,578068.456123,0.43733,-0.81367,-0.383,1.97
1264,578068.459757,0.44205,-0.82284,-0.35711,1.61
1265,578068.463152,0.41639,-0.8354,-0.35879,1.63
1266,578068.476083,0.41891,-0.82474,-0.3799,1.58
1267,578068.481117,0.43595,-0.82041,-0.36997,0.98
1268,578068.483519,0.44673,-0.82499,-0.34616,1.37
1269,578068.48797,0.41825,-0.84281,-0.33873,0.09
1270,578068.495851,0.40816,-0.83407,-0.37113,1.56
1271,578068.499066,0.43162,-0.81897,-0.37814,0.23
1272,578068.503656,0.46181,-0.8162,-0.3472,2.06
1273,578068.507238,0.44003,-0.84213,-0.31177,0.33
1274,578068.511658,0.42366,-0.84279,-0.332,0.54
1275,578068.516573,0.42273,-0.83669,-0.3482,1.44
1276,578068.524366,0.45338,-0.82177,-0.34517,1.26
1277,578068.526997,0.45781,-0.83654,-0.30102,0.17
1278,578068.532483,0.43796,-0.84323,-0.31171,0.25
1279,578068.536184,0.42589,-0.8427,-0.32936,1.13
1280,578068.53946,0.45848,-0.8228,-0.33585,1.69
1281,578068.547463,0.47548,-0.82356,-0.30931,1.16
1282,578068.551404,0.45485,-0.83883,-0.29914,0.1
1283,578068.560682,0.46787,-0.82487,-0.31729,1.76
1284,578068.565031,0.48835,-0.81366,-0.3154,1.85
1285,578068.572659,0.46574,-0.83095,-0.30432,1.19
1286,578068.575128,0.46736,-0.82711,-0.31219,0.62
1287,578068.58064,0.49307,-0.80652,-0.32621,2.43
1288,578068.583492,0.49751,-0.81627,-0.29356,1.47
1289,578068.588128,0.47759,-0.82526,-0.30142,1.5
1290,578068.592309,0.47677,-0.82044,-0.31555,0.46
1291,578068.599966,0.4802,-0.80628,-0.34543,3.29
1292,578068.603176,0.50447,-0.80284,-0.31773,0.44
1293,578068.608518,0.49145,-0.81468,-0.30787,1.54
1294,578068.612454,0.48761,-0.81141,-0.32226,0.97
1295,578068.616122,0.50961,-0.78909,-0.34298,1.49
1296,578068.624082,0.52379,-0.78437,-0.33228,0.49
1297,578068.627412,0.50144,-0.80438,-0.31864,1.28
1298,578068.631696,0.49095,-0.80558,-0.33168,1.29
1299,578068.640359,0.51534,-0.7799,-0.35522,2.53
1300,578068.648357,0.50444,-0.79602,-0.33451,1.37
1301,578068.651005,0.49027,-0.80184,-0.34161,1.38
1302,578068.656101,0.48323,-0.80007,-0.3555,1.23
1303,578068.660267,0.51809,-0.77069,-0.37097,1.56
1304,578068.663567,0.49508,-0.79825,-0.34307,1.5
1305,578068.667273,0.48113,-0.80334,-0.35094,1.7
1306,578068.676219,0.4709,-0.80316,-0.36495,1.28
1307,578068.679007,0.47818,-0.79224,-0.37908,1.09
1308,578068.685601,0.49169,-0.79699,-0.35077,1.36
1309,578068.68765,0.47134,-0.80538,-0.35946,1.55
1310,578068.691725,0.45796,-0.80828,-0.37007,1.15
1311,578068.700371,0.47753,-0.78197,-0.40061,1.13
1312,578068.703898,0.47288,-0.80448,-0.35944,1.6
1313,578068.708273,0.45642,-0.81301,-0.36152,1.58
1314,578068.712256,0.44258,-0.8151,-0.37381,1.13
1315,578068.716399,0.4625,-0.79398,-0.39458,0.36
1316,578068.728041,0.44469,-0.81802,-0.36481,1.65
1317,578068.732708,0.42994,-0.82385,-0.36934,1.16
1318,578068.736298,0.44167,-0.80959,-0.38664,2.33
1319,578068.739726,0.45205,-0.81903,-0.35331,1.63
1320,578068.743443,0.43626,-0.82898,-0.34995,1.52
1321,578068.751652,0.42494,-0.83108,-0.35879,0.92
1322,578068.755029,0.43068,-0.81838,-0.38048,2.56
1323,578068.759408,0.44798,-0.82745,-0.33857,1.79
1324,578068.764099,0.43173,-0.83543,-0.34011,1.61
1325,578068.76773,0.42309,-0.83691,-0.34724,0.94
1326,578068.775912,0.44255,-0.81428,-0.37563,1.32
1327,578068.778807,0.45181,-0.82909,-0.32935,1.68
1328,578068.783834,0.43605,-0.83781,-0.32855,1.46
1329,578068.787485,0.43101,-0.83757,-0.33572,0.84
1330,578068.792296,0.45887,-0.81606,-0.35141,1.1
1331,578068.801143,0.46066,-0.83213,-0.3088,2.15
1332,578068.803141,0.44457,-0.83771,-0.31718,1.49
1333,578068.81227,0.44997,-0.82598,-0.33954,3.0
1334,578068.816988,0.48173,-0.81763,-0.3153,1.97
1335,578068.820272,0.46378,-0.83482,-0.29663,0.63
1336,578068.828624,0.4669,-0.82774,-0.31119,0.15
1337,578068.831372,0.49758,-0.80598,-0.32065,1.68
1338,578068.836595,0.47512,-0.82758,-0.29895,1.38
1339,578068.839768,0.47588,-0.82485,-0.30524,1.22
1340,578068.843793,0.48633,-0.81371,-0.31837,1.48
1341,578068.852333,0.50479,-0.80635,-0.30818,0.68
1342,578068.855727,0.48377,-0.82343,-0.29654,1.32
1343,578068.860393,0.48915,-0.81541,-0.30958,1.56
1344,578068.864053,0.49883,-0.80226,-0.32796,2.05
1345,578068.867741,0.51055,-0.80079,-0.31317,1.37
1346,578068.876265,0.4943,-0.81503,-0.30233,1.74
1347,578068.880013,0.49413,-0.80887,-0.31868,0.79
1348,578068.883652,0.51706,-0.787,-0.33657,1.38
1349,578068.896951,0.49446,-0.80308,-0.33252,0.78
1350,578068.903184,0.51671,-0.78179,-0.34902,1.07
1351,578068.906828,0.51959,-0.79253,-0.31925,1.41
1352,578068.912527,0.49546,-0.80044,-0.33738,1.58
1353,578068.915272,0.48828,-0.79917,-0.35059,0.87
1354,578068.919475,0.51672,-0.77098,-0.37228,2.6
1355,578068.928912,0.49949,-0.79899,-0.33485,1.36
1356,578068.931105,0.4871,-0.80027,-0.34972,1.46
1357,578068.936155,0.48907,-0.78883,-0.37223,1.38
1358,578068.939492,0.51047,-0.78201,-0.35761,2.18
1359,578068.944364,0.4811,-0.80422,-0.34896,1.58
1360,578068.948249,0.47293,-0.80383,-0.36082,1.2
1361,578068.955865,0.48947,-0.78433,-0.38112,1.22
1362,578068.958984,0.49091,-0.79686,-0.35217,2.04
1363,578068.96474,0.46595,-0.81073,-0.3544,1.74
1364,578068.967782,0.45921,-0.80906,-0.36682,0.65
1365,578068.984309,0.46451,-0.81585,-0.34443,0.68
1366,578068.987302,0.45337,-0.81267,-0.3661,0.39
1367,578068.992487,0.45078,-0.80912,-0.377,1.52
1368,578068.995319,0.48193,-0.79735,-0.36329,2.64
1369,578069.003863,0.44793,-0.82319,-0.34888,0.53
1370,578069.007621,0.45384,-0.81361,-0.36341,0.67
1371,578069.012223,0.46835,-0.79793,-0.3794,0.93
1372,578069.015556,0.46548,-0.81815,-0.33759,0.69
1373,578069.020224,0.44027,-0.82665,-0.35045,0.96
1374,578069.024163,0.43883,-0.81935,-0.36892,1.95
1375,578069.032605,0.45698,-0.82537,-0.33156,1.57
1376,578069.035154,0.4468,-0.82587,-0.34395,1.18
1377,578069.040697,0.43924,-0.81929,-0.36854,1.42
1378,578069.043338,0.46178,-0.81704,-0.34527,1.44
1379,578069.04866,0.44578,-0.832,-0.33023,1.62
1380,578069.055877,0.44626,-0.83128,-0.33139,0.69
1381,578069.068659,0.4563,-0.83358,-0.31134,0.61
1382,578069.070926,0.45016,-0.82953,-0.33051,1.18
1383,578069.080192,0.46045,-0.82427,-0.32948,2.7
1384,578069.083414,0.48584,-0.81676,-0.31124,2.16
1385,578069.089029,0.45342,-0.83543,-0.3106,1.08
1386,578069.091926,0.46966,-0.82281,-0.32,1.17
1387,578069.096282,0.48146,-0.81395,-0.32508,1.7
1388,578069.099863,0.48154,-0.82579,-0.29357,1.18
1389,578069.107677,0.46816,-0.82452,-0.31779,1.15
1390,578069.111671,0.478,-0.81193,-0.33511,3.31
1391,578069.11632,0.50768,-0.80244,-0.31362,3.11
1392,578069.120571,0.4773,-0.8255,-0.30122,0.67
1393,578069.123577,0.4757,-0.81777,-0.32398,1.8
1394,578069.132455,0.50791,-0.79508,-0.33147,0.9
1395,578069.135271,0.50265,-0.81301,-0.29387,1.32
1396,578069.140013,0.48826,-0.81061,-0.3233,1.1
1397,578069.149176,0.51057,-0.80664,-0.29775,0.82
1398,578069.155484,0.49351,-0.80735,-0.32347,0.91
1399,578069.159767,0.50474,-0.78686,-0.35509,1.86
1400,578069.164316,0.51789,-0.79686,-0.31113,1.46
1401,578069.167736,0.49295,-0.80502,-0.33007,1.82
1402,578069.171939,0.50348,-0.79487,-0.33864,0.91
1403,578069.179879,0.52285,-0.77401,-0.35713,0.79
1404,578069.183728,0.50265,-0.80284,-0.32062,1.24
1405,578069.187158,0.48537,-0.80304,-0.34576,1.28
1406,578069.19247,0.49427,-0.78604,-0.37127,2.72
1407,578069.195587,0.5182,-0.78906,-0.32995,1.58
1408,578069.200136,0.48722,-0.80125,-0.34729,1.26
1409,578069.2075,0.48926,-0.79254,-0.36402,0.51
1410,578069.211134,0.51362,-0.77945,-0.35868,3.72
1411,578069.21595,0.48296,-0.80568,-0.34296,1.92
1412,578069.219596,0.46746,-0.80869,-0.35708,1.29
1413,578069.236401,0.47393,-0.80736,-0.35151,2.04
1414,578069.238849,0.47057,-0.79982,-0.37262,1.85
1415,578069.244331,0.48559,-0.7924,-0.36919,1.2
1416,578069.248269,0.46339,-0.81303,-0.3525,1.82
1417,578069.251802,0.45487,-0.81413,-0.36094,1.06
1418,578069.259858,0.48178,-0.78597,-0.38748,1.72
1419,578069.263228,0.46573,-0.81624,-0.34184,1.06
1420,578069.267535,0.45215,-0.81994,-0.35109,1.0
1421,578069.271582,0.47311,-0.79819,-0.3729,1.54
1422,578069.276379,0.476,-0.8107,-0.34086,0.51
1423,578069.283436,0.45614,-0.81987,-0.34604,1.39
1424,578069.287049,0.45069,-0.81169,-0.37153,1.72
1425,578069.293285,0.46178,-0.8139,-0.3526,0.63
1426,578069.295739,0.44855,-0.82614,-0.34103,1.9
1427,578069.300347,0.45497,-0.82205,-0.34241,0.52
1428,578069.307478,0.48334,-0.79254,-0.37184,1.87
1429,578069.316331,0.45693,-0.82336,-0.3366,1.66
1430,578069.321118,0.45153,-0.82078,-0.34992,1.44
1431,578069.324279,0.47531,-0.81084,-0.3415,2.5
1432,578069.327254,0.4647,-0.82658,-0.31754,0.64
1433,578069.336302,0.46056,-0.81627,-0.34869,2.77
1434,578069.339417,0.48649,-0.81573,-0.3129,2.18
1435,578069.344368,0.46263,-0.82792,-0.31706,1.77
1436,578069.347554,0.47548,-0.81855,-0.32232,0.84
1437,578069.3514,0.50492,-0.79962,-0.32506,3.02
1438,578069.359547,0.47281,-0.82532,-0.30869,1.7
1439,578069.363162,0.4714,-0.82296,-0.31705,0.59
1440,578069.367876,0.48449,-0.8112,-0.32746,2.31
1441,578069.371075,0.48149,-0.8236,-0.29976,1.76
1442,578069.375826,0.484,-0.81661,-0.31446,0.71
1443,578069.384379,0.48309,-0.80598,-0.34209,2.63
1444,578069.388184,0.50545,-0.8082,-0.30221,1.7
1445,578069.390837,0.49199,-0.81122,-0.316,1.45
1446,578069.404556,0.48898,-0.81081,-0.32171,2.21
1447,578069.41167,0.48302,-0.81008,-0.33236,1.37
1448,578069.415193,0.51217,-0.79471,-0.32575,2.8
1449,578069.420559,0.49293,-0.80905,-0.3201,2.43
1450,578069.423821,0.49243,-0.80632,-0.32766,0.93
1451,578069.427957,0.51378,-0.77749,-0.36268,1.7
1452,578069.435715,0.49821,-0.80457,-0.32321,1.76
1453,578069.439098,0.4912,-0.80713,-0.32752,0.87
1454,578069.444329,0.50301,-0.78567,-0.36015,2.07
1455,578069.447646,0.50953,-0.80023,-0.31625,1.1
1456,578069.451555,0.4943,-0.80375,-0.33114,0.95
1457,578069.455622,0.48954,-0.79373,-0.36102,2.58
1458,578069.46362,0.52024,-0.79009,-0.32421,1.22
1459,578069.467389,0.50078,-0.79829,-0.33459,1.12
1460,578069.471733,0.48225,-0.80058,-0.35568,2.04
1461,578069.475616,0.50908,-0.79106,-0.33921,2.66
1462,578069.479633,0.49072,-0.79843,-0.34887,1.48
1463,578069.492192,0.4938,-0.79051,-0.36229,0.94
1464,578069.496958,0.50429,-0.79616,-0.33439,1.58
1465,578069.499882,0.47521,-0.80065,-0.36488,0.86
1466,578069.50365,0.48441,-0.79285,-0.36977,0.73
1467,578069.511243,0.51092,-0.78535,-0.34955,3.27
1468,578069.515008,0.46781,-0.80521,-0.3644,0.65
1469,578069.519392,0.46493,-0.79831,-0.3828,3.24
1470,578069.523504,0.48269,-0.80319,-0.34914,0.57
1471,578069.528134,0.4599,-0.81583,-0.35057,1.42
1472,578069.532327,0.45776,-0.80705,-0.37299,2.28
1473,578069.540353,0.47615,-0.80739,-0.34842,0.68
1474,578069.543474,0.45825,-0.81928,-0.34465,1.2
1475,578069.548264,0.46078,-0.81346,-0.35492,1.46
1476,578069.551473,0.47444,-0.80428,-0.35784,2.37
1477,578069.556893,0.4616,-0.8225,-0.33228,0.53
1478,578069.563943,0.45104,-0.81716,-0.3589,1.47
1479,578069.567601,0.47413,-0.80658,-0.35301,2.64
1480,578069.581381,0.47833,-0.80608,-0.34846,2.28
1481,578069.588572,0.46837,-0.81568,-0.33955,2.32
1482,578069.591441,0.46032,-0.81081,-0.36152,2.47
1483,578069.5969,0.47686,-0.81084,-0.33933,0.41
1484,578069.599695,0.47487,-0.81718,-0.32668,1.91
1485,578069.604071,0.46132,-0.81778,-0.34413,1.86
1486,578069.60746,0.48299,-0.81564,-0.31852,2.27
1487,578069.6154,0.47879,-0.81353,-0.33004,1.93
1488,578069.619363,0.46364,-0.8131,-0.35199,2.25
1489,578069.624636,0.49607,-0.80519,-0.32495,2.26
1490,578069.627804,0.47881,-0.81405,-0.32873,1.76
1491,578069.632525,0.46833,-0.81755,-0.33509,1.85
1492,578069.639557,0.49367,-0.80941,-0.31804,2.29
1493,578069.643271,0.48255,-0.81279,-0.32638,2.11
1494,578069.648422,0.47168,-0.81765,-0.33011,1.58
1495,578069.66481,0.48837,-0.81184,-0.32003,0.26
1496,578069.667805,0.51124,-0.8005,-0.31277,2.58
1497,578069.671503,0.49119,-0.8105,-0.3191,1.98
1498,578069.675726,0.4974,-0.80623,-0.3203,0.26
1499,578069.679955,0.52266,-0.79219,-0.31506,2.38
1500,578069.683709,0.4958,-0.80702,-0.32078,1.88
1501,578069.691655,0.50434,-0.79803,-0.32984,0.77
1502,578069.69512,0.51668,-0.79368,-0.32112,2.59
1503,578069.700904,0.50022,-0.80198,-0.32652,2.23
1504,578069.703645,0.50772,-0.79383,-0.33474,0.8
1505,578069.70718,0.51746,-0.78934,-0.33042,3.25
1506,578069.715713,0.50128,-0.79802,-0.33448,2.29
1507,578069.719116,0.50701,-0.79098,-0.34248,0.68
1508,578069.724339,0.51089,-0.78613,-0.34783,0.55
1509,578069.727345,0.4976,-0.79567,-0.34541,2.42
1510,578069.731559,0.50358,-0.78923,-0.35146,0.42
1511,578069.739541,0.51698,-0.7848,-0.34178,2.47
1512,578069.748188,0.48887,-0.7845,-0.38155,1.86
1513,578069.753099,0.51269,-0.7855,-0.34662,2.08
1514,578069.755584,0.49141,-0.79561,-0.35429,1.79
1515,578069.760858,0.48085,-0.7968,-0.3659,1.48
1516,578069.767961,0.49635,-0.79612,-0.34616,1.8
1517,578069.771363,0.49081,-0.79729,-0.35132,1.94
1518,578069.775595,0.47395,-0.79974,-0.36848,1.62
1519,578069.780045,0.48829,-0.80239,-0.34314,1.79
1520,578069.78458,0.47559,-0.80922,-0.34494,0.99
1521,578069.791906,0.46923,-0.79528,-0.38387,1.61
1522,578069.795386,0.4813,-0.80906,-0.3373,2.27
1523,578069.801025,0.46591,-0.81457,-0.34554,1.44
1524,578069.803402,0.47637,-0.79552,-0.37445,2.62
1525,578069.808593,0.47177,-0.81515,-0.3361,1.16
1526,578069.816019,0.46622,-0.81642,-0.34074,0.9
1527,578069.819651,0.47173,-0.79965,-0.37154,2.27
1528,578069.823344,0.47115,-0.81806,-0.32986,0.58
1529,578069.837086,0.45897,-0.82029,-0.34126,2.36
1530,578069.8434,0.4592,-0.81828,-0.34575,1.17
1531,578069.846947,0.47864,-0.79653,-0.36937,0.76
1532,578069.852266,0.4629,-0.8184,-0.3405,2.39
1533,578069.856188,0.46113,-0.81922,-0.34094,1.41
1534,578069.859256,0.48279,-0.80244,-0.35071,1.75
1535,578069.867591,0.46703,-0.81933,-0.33253,2.37
1536,578069.871138,0.47456,-0.81354,-0.33609,0.23
1537,578069.875979,0.49221,-0.80168,-0.33916,1.26
1538,578069.878987,0.47602,-0.81338,-0.3344,2.01
1539,578069.883945,0.46662,-0.81867,-0.33473,1.15
1540,578069.89205,0.48477,-0.81819,-0.30914,1.38
1541,578069.895676,0.47915,-0.81922,-0.31512,0.73
1542,578069.899465,0.47051,-0.81058,-0.34869,1.84
1543,578069.905124,0.48422,-0.80994,-0.33094,0.93
1544,578069.908435,0.4881,-0.81405,-0.31476,0.63
1545,578069.924116,0.48052,-0.81638,-0.32037,2.01
1546,578069.92696,0.48851,-0.81017,-0.32402,1.5
1547,578069.932732,0.51558,-0.79905,-0.30935,2.66
1548,578069.935892,0.48499,-0.808,-0.33454,1.75
1549,578069.943968,0.4933,-0.80733,-0.32384,2.0
1550,578069.946859,0.51394,-0.80215,-0.30402,1.96
1551,578069.951584,0.49477,-0.80389,-0.33009,2.08
1552,578069.955918,0.51591,-0.78921,-0.33314,1.36
1553,578069.959695,0.51977,-0.79814,-0.30466,1.72
1554,578069.964281,0.50057,-0.79441,-0.344,0.9
1555,578069.972751,0.51317,-0.79611,-0.32074,1.86
1556,578069.975218,0.50326,-0.80026,-0.32605,0.62
1557,578069.980666,0.49481,-0.78715,-0.36819,2.07
1558,578069.983197,0.50376,-0.79674,-0.3338,1.37
1559,578069.987184,0.50434,-0.79723,-0.33175,0.46
1560,578069.995749,0.52289,-0.77647,-0.35169,2.23
1561,578069.999163,0.4997,-0.79517,-0.34352,2.07
1562,578070.013339,0.49319,-0.79633,-0.35017,2.16
1563,578070.019575,0.4977,-0.79284,-0.35171,0.16
1564,578070.023772,0.51388,-0.7858,-0.34417,2.2
1565,578070.029151,0.49908,-0.79183,-0.35203,1.77
1566,578070.031383,0.49128,-0.78736,-0.37245,2.24
1567,578070.035597,0.50252,-0.79614,-0.33709,2.14
1568,578070.039772,0.492,-0.80049,-0.34227,0.66
1569,578070.048066,0.4988,-0.78472,-0.36798,2.35
1570,578070.051053,0.49543,-0.79753,-0.34422,0.76
1571,578070.055784,0.48688,-0.80371,-0.34205,0.57
1572,578070.05972,0.49043,-0.79318,-0.36103,1.34
1573,578070.063291,0.477,-0.80174,-0.36011,1.96
1574,578070.071761,0.48323,-0.79833,-0.35938,0.33
1575,578070.075391,0.48201,-0.79766,-0.36249,0.83
1576,578070.080443,0.47044,-0.8036,-0.36457,1.87
1577,578070.083775,0.47602,-0.80341,-0.35768,0.25
1578,578070.087891,0.4813,-0.80175,-0.35433,0.45
1579,578070.100622,0.47256,-0.80709,-0.35398,1.23
1580,578070.105267,0.4862,-0.79972,-0.35222,2.97
1581,578070.107737,0.4733,-0.80843,-0.34991,2.04
1582,578070.111687,0.4652,-0.80965,-0.35784,1.21
1583,578070.115875,0.47897,-0.80408,-0.35219,2.49
1584,578070.124866,0.47622,-0.8027,-0.35902,1.81
1585,578070.127101,0.49327,-0.80182,-0.3373,1.82
1586,578070.132396,0.48183,-0.81203,-0.32932,0.97
1587,578070.136077,0.48026,-0.8087,-0.33964,0.44
1588,578070.139694,0.4814,-0.81453,-0.32371,1.05
1589,578070.148689,0.47732,-0.81773,-0.3217,0.79
1590,578070.150932,0.48023,-0.80407,-0.35048,2.51
1591,578070.157043,0.47617,-0.81504,-0.33011,2.23
1592,578070.159836,0.47549,-0.81624,-0.32811,1.71
1593,578070.165054,0.49294,-0.80933,-0.31938,2.18
1594,578070.172243,0.49002,-0.80661,-0.33053,3.55
1595,578070.176326,0.4778,-0.81045,-0.33894,2.84
1596,578070.18871,0.48405,-0.81027,-0.33039,2.08
1597,578070.192197,0.50104,-0.80388,-0.32053,1.49
1598,578070.200581,0.49334,-0.80501,-0.32951,2.02
1599,578070.202903,0.50283,-0.79647,-0.33587,0.57
1600,578070.208679,0.51459,-0.79968,-0.30938,1.68
1601,578070.21145,0.49971,-0.79935,-0.33366,2.01
1602,578070.216894,0.50752,-0.79708,-0.32724,0.41
1603,578070.225058,0.51058,-0.79888,-0.31797,0.58
1604,578070.227036,0.50135,-0.79492,-0.34168,2.18
1605,578070.232975,0.49905,-0.80204,-0.32816,2.06
1606,578070.235497,0.50832,-0.79253,-0.33692,0.66
1607,578070.240457,0.51749,-0.7912,-0.3259,2.36
1608,578070.247729,0.50102,-0.7952,-0.34153,2.3
1609,578070.251424,0.51175,-0.79168,-0.3337,0.51
1610,578070.255086,0.51739,-0.79458,-0.31772,2.09
1611,578070.268683,0.52031,-0.79321,-0.31639,1.77
1612,578070.27534,0.51135,-0.78641,-0.34652,0.88
1613,578070.27987,0.51966,-0.7855,-0.33608,2.78
1614,578070.284819,0.51901,-0.78596,-0.336,0.14
1615,578070.287943,0.48963,-0.7862,-0.37702,2.51
1616,578070.292282,0.53035,-0.78087,-0.33011,3.02
1617,578070.299886,0.502,-0.79467,-0.34131,0.62
1618,578070.303227,0.50331,-0.78517,-0.36082,1.04
1619,578070.309245,0.49068,-0.79446,-0.35788,2.36
1620,578070.312114,0.50026,-0.78702,-0.36103,0.48
1621,578070.31625,0.50065,-0.78642,-0.36181,0.27
1622,578070.323779,0.49371,-0.79645,-0.34916,0.6
1623,578070.328116,0.49224,-0.7916,-0.36203,0.51
1624,578070.331226,0.49101,-0.79332,-0.35993,1.93
1625,578070.336529,0.48976,-0.79882,-0.34931,1.16
1626,578070.339582,0.49082,-0.79179,-0.36354,0.65
1627,578070.343527,0.47841,-0.80029,-0.36147,2.13
1628,578070.360282,0.48787,-0.80048,-0.34816,0.59
1629,578070.363979,0.48204,-0.79757,-0.36266,2.72
1630,578070.367047,0.48766,-0.80625,-0.33489,1.8
1631,578070.376347,0.48121,-0.80494,-0.34714,0.2
1632,578070.379018,0.48458,-0.81017,-0.32986,3.37
1633,578070.384527,0.49157,-0.78964,-0.36718,3.86
1634,578070.38787,0.46184,-0.8024,-0.37795,2.15
1635,578070.391049,0.4814,-0.80594,-0.34455,2.51
1636,578070.399635,0.47232,-0.81707,-0.33061,2.28
1637,578070.403043,0.50178,-0.80408,-0.31886,3.76
1638,578070.408396,0.47848,-0.80573,-0.34909,2.44
1639,578070.411446,0.47902,-0.79818,-0.36531,3.07
1640,578070.415396,0.49198,-0.79992,-0.34365,0.96
1641,578070.419625,0.48384,-0.81343,-0.32285,1.31
1642,578070.427746,0.48895,-0.80456,-0.33705,0.76
1643,578070.431221,0.47941,-0.80884,-0.34051,2.64
1644,578070.444486,0.49443,-0.80756,-0.32152,0.26
1645,578070.451725,0.49975,-0.79773,-0.33747,0.88
1646,578070.455107,0.49259,-0.80405,-0.33295,2.33
1647,578070.459626,0.49675,-0.80131,-0.33338,0.23
1648,578070.464625,0.50237,-0.79523,-0.33947,0.72
1649,578070.467743,0.49195,-0.79933,-0.34504,2.45
1650,578070.472072,0.49212,-0.79833,-0.3471,2.6
1651,578070.479603,0.48286,-0.81024,-0.33219,2.75
1652,578070.483422,0.5148,-0.78965,-0.33383,1.04
1653,578070.488454,0.51607,-0.78631,-0.33969,1.2
1654,578070.491353,0.513,-0.7911,-0.33314,3.17
1655,578070.496007,0.49148,-0.80249,-0.33833,2.79
1656,578070.503602,0.51198,-0.7984,-0.31691,1.36
1657,578070.507126,0.51214,-0.78417,-0.35041,2.65
1658,578070.512633,0.52206,-0.79031,-0.32073,2.75
1659,578070.515601,0.49721,-0.79328,-0.35141,2.43
1660,578070.519845,0.5043,-0.78344,-0.3632,2.66
1661,578070.532274,0.50544,-0.79517,-0.33501,1.42
1662,578070.537397,0.51321,-0.77753,-0.3634,1.59
1663,578070.539476,0.49886,-0.78885,-0.35896,2.75
1664,578070.543887,0.51093,-0.7837,-0.35322,0.45
1665,578070.547692,0.50784,-0.7859,-0.3528,0.56
1666,578070.556067,0.50906,-0.78935,-0.34318,0.94
1667,578070.559338,0.5077,-0.78291,-0.35958,0.76
1668,578070.564442,0.4971,-0.78892,-0.36124,2.31
1669,578070.568331,0.50245,-0.78871,-0.35424,0.52
1670,578070.571636,0.49885,-0.78824,-0.3603,0.59
1671,578070.580698,0.50449,-0.79153,-0.34493,0.94
1672,578070.58284,0.50568,-0.78779,-0.35167,2.07
1673,578070.587448,0.48774,-0.79256,-0.366,1.7
1674,578070.592321,0.49194,-0.79351,-0.35823,0.38
1675,578070.595616,0.50361,-0.79045,-0.34866,2.08
1676,578070.604325,0.49821,-0.79542,-0.3451,1.36
1677,578070.606819,0.4972,-0.79587,-0.34552,2.02
1678,578070.62452,0.50518,-0.7954,-0.33486,2.91
1679,578070.632226,0.48312,-0.8033,-0.34829,1.77
1680,578070.634906,0.47927,-0.80587,-0.34767,1.02
1681,578070.639754,0.48315,-0.79574,-0.3652,1.62
1682,578070.643896,0.49162,-0.79676,-0.3514,0.29
1683,578070.647918,0.49931,-0.79787,-0.33777,2.08
1684,578070.657095,0.50238,-0.79814,-0.33255,3.26
1685,578070.658902,0.48141,-0.80789,-0.33995,1.24
1686,578070.665212,0.49236,-0.80038,-0.34202,0.82
1687,578070.667772,0.48309,-0.81013,-0.33214,2.82
1688,578070.671766,0.48721,-0.80826,-0.33066,1.61
1689,578070.680758,0.50519,-0.7951,-0.33556,3.12
1690,578070.683584,0.47505,-0.80419,-0.35722,2.42
1691,578070.687211,0.47753,-0.79603,-0.37189,3.02
1692,578070.692795,0.50375,-0.79243,-0.34395,1.99
1693,578070.695117,0.48454,-0.81006,-0.33018,1.93
1694,578070.712167,0.48829,-0.79866,-0.35174,1.55
1695,578070.715868,0.50216,-0.79291,-0.34515,1.42
1696,578070.720016,0.51022,-0.78847,-0.34349,2.44
1697,578070.723643,0.49758,-0.79806,-0.33988,0.67
1698,578070.732039,0.48828,-0.79728,-0.35486,2.2
1699,578070.735623,0.50007,-0.78602,-0.36345,2.37
1701,578070.743461,0.48535,-0.80274,-0.34647,2.16
1702,578070.748072,0.51877,-0.79087,-0.32467,3.83
1703,578070.755859,0.5126,-0.79323,-0.32867,0.88
1704,578070.760251,0.51437,-0.77756,-0.36169,2.68
1705,578070.763234,0.51842,-0.78743,-0.33346,2.75
1706,578070.768447,0.5056,-0.79184,-0.34257,0.24
1707,578070.77153,0.50921,-0.78783,-0.34644,0.28
1708,578070.775588,0.51713,-0.78746,-0.33539,0.35
1709,578070.78438,0.51447,-0.77857,-0.35937,2.15
1710,578070.79263,0.50026,-0.78532,-0.36472,2.34
1711,578070.797258,0.51783,-0.78498,-0.34009,1.91
1712,578070.800187,0.5047,-0.79648,-0.33302,1.47
1713,578070.808591,0.50402,-0.78912,-0.35107,0.36
1714,578070.810921,0.49974,-0.78941,-0.35651,2.47
1715,578070.81623,0.48642,-0.7997,-0.35196,2.75
1716,578070.819964,0.50495,-0.79003,-0.34768,0.68
1717,578070.823765,0.51178,-0.78708,-0.34435,0.89
1718,578070.832195,0.51579,-0.78538,-0.34224,1.96
1719,578070.835588,0.50577,-0.78532,-0.35702,0.83
1720,578070.839081,0.50477,-0.7865,-0.35584,0.5
1721,578070.843774,0.49799,-0.78564,-0.36712,1.73
1722,578070.84762,0.50044,-0.78872,-0.35704,0.31
1723,578070.852075,0.50592,-0.79312,-0.33912,2.63
1724,578070.859831,0.50983,-0.78651,-0.34853,0.89
1725,578070.86319,0.51133,-0.78852,-0.34172,2.82
1726,578070.876336,0.4868,-0.80474,-0.33973,3.02
1727,578070.883546,0.48946,-0.80237,-0.34151,2.33
1728,578070.887831,0.50339,-0.79468,-0.33923,3.14
1729,578070.892133,0.49549,-0.78604,-0.36963,2.49
1730,578070.896222,0.47121,-0.80519,-0.36003,2.78
1731,578070.89977,0.49792,-0.78877,-0.36045,1.02
1732,578070.908145,0.50392,-0.79003,-0.34917,1.51
1733,578070.911504,0.4924,-0.79409,-0.35632,0.55
1734,578070.915274,0.50553,-0.79008,-0.34671,1.21
1735,578070.921064,0.49154,-0.79572,-0.35387,0.48
1736,578070.923356,0.47877,-0.7974,-0.36732,1.37
1737,578070.927479,0.49231,-0.7948,-0.35486,0.53
1738,578070.935952,0.49267,-0.79752,-0.34818,0.46
1739,578070.938909,0.49378,-0.80179,-0.33662,1.19
1740,578070.944087,0.49258,-0.79604,-0.35169,0.36
1741,578070.948094,0.48705,-0.80406,-0.341,1.96
1742,578070.963923,0.49209,-0.79117,-0.36317,1.12
1743,578070.967888,0.49683,-0.79532,-0.34731,0.49
1744,578070.972562,0.49884,-0.79537,-0.3443,0.54
1745,578070.975301,0.49419,-0.79665,-0.34802,0.51
1746,578070.980516,0.48872,-0.80193,-0.34361,0.88
1747,578070.98727,0.49457,-0.79285,-0.35607,1.61
1748,578070.991145,0.49966,-0.79365,-0.34707,0.51
1749,578070.99557,0.49818,-0.79729,-0.34081,0.9
1750,578070.999656,0.51197,-0.78176,-0.356,1.89
1751,578071.003684,0.50361,-0.7944,-0.33958,0.58
1752,578071.011397,0.50532,-0.79479,-0.33609,1.42
1753,578071.015114,0.49781,-0.79982,-0.33536,1.21
1754,578071.020663,0.48472,-0.79319,-0.36865,4.93
1755,578071.023426,0.49343,-0.78679,-0.37079,2.58
1756,578071.027737,0.4924,-0.79864,-0.346,3.02
1757,578071.035917,0.48729,-0.80617,-0.33562,2.43
1758,578071.044589,0.5033,-0.79139,-0.34697,0.68
1759,578071.049082,0.49893,-0.80008,-0.33307,0.91
1760,578071.051661,0.50813,-0.79022,-0.34258,0.68
1761,578071.056146,0.51949,-0.77892,-0.35131,1.84
1762,578071.063342,0.51358,-0.79091,-0.33271,1.11
1763,578071.067144,0.50874,-0.78678,-0.34952,0.59
1764,578071.071741,0.50553,-0.78565,-0.35664,2.35
1765,578071.075742,0.50356,-0.77996,-0.37162,2.14
1766,578071.079079,0.50613,-0.80077,-0.32032,1.35
1767,578071.087386,0.50317,-0.78906,-0.35243,0.55
1768,578071.091083,0.51941,-0.77688,-0.3559,1.45
1769,578071.096112,0.51689,-0.78737,-0.33597,1.2
1770,578071.099932,0.50693,-0.78743,-0.35068,0.22
1771,578071.104484,0.50359,-0.78207,-0.3671,1.95
1772,578071.111836,0.50375,-0.7892,-0.35128,0.43
1773,578071.115293,0.50599,-0.7874,-0.35211,1.29
1774,578071.129006,0.50797,-0.79185,-0.33902,1.81
1775,578071.133402,0.49932,-0.789,-0.358,0.74
1776,578071.140272,0.48922,-0.79181,-0.36564,2.85
1777,578071.142997,0.49864,-0.79163,-0.35311,0.23
1778,578071.149242,0.50017,-0.79038,-0.35374,1.26
1779,578071.151317,0.49688,-0.79065,-0.35776,0.28
1780,578071.156611,0.49792,-0.78858,-0.36086,0.56
1781,578071.164194,0.50549,-0.787,-0.35371,1.79
1782,578071.166872,0.49874,-0.78752,-0.36204,0.28
1783,578071.172386,0.48902,-0.78906,-0.37181,1.66
1784,578071.175516,0.49549,-0.79351,-0.35332,0.26
1785,578071.180307,0.49634,-0.78974,-0.36049,0.81
1786,578071.187596,0.50225,-0.79243,-0.34613,1.15
1787,578071.191499,0.49628,-0.79166,-0.35635,0.52
1788,578071.195024,0.50929,-0.79074,-0.33963,1.05
1789,578071.20027,0.49405,-0.79262,-0.3573,0.36
1790,578071.207149,0.48904,-0.79924,-0.34936,0.29
1791,578071.217447,0.49808,-0.79059,-0.35621,1.59
1792,578071.220014,0.49365,-0.79561,-0.35117,0.53
1793,578071.228335,0.50019,-0.79379,-0.346,2.7
1794,578071.232254,0.49072,-0.79826,-0.34925,0.27
1795,578071.240188,0.48428,-0.80384,-0.34542,1.03
1796,578071.243059,0.50259,-0.78537,-0.36139,2.64
1797,578071.248647,0.53164,-0.77549,-0.34055,6.83
1798,578071.25195,0.50422,-0.79578,-0.3354,1.28
1799,578071.255639,0.50222,-0.80521,-0.3153,3.31
1800,578071.264279,0.51546,-0.78927,-0.3337,1.36
1801,578071.267455,0.50901,-0.79857,-0.32124,2.96
1802,578071.27164,0.51924,-0.77988,-0.34954,4.8
1803,578071.276275,0.50319,-0.79358,-0.34209,0.54
1804,578071.279662,0.49853,-0.79887,-0.33656,2.22
1805,578071.283746,0.50282,-0.79409,-0.34145,0.33
1806,578071.29571,0.50146,-0.80347,-0.3209,3.0
1807,578071.30101,0.50085,-0.803,-0.32302,2.85
1808,578071.303572,0.51667,-0.78688,-0.33745,0.81
1809,578071.308503,0.50906,-0.79593,-0.32766,2.55
1810,578071.31622,0.5097,-0.79765,-0.32242,3.2
1811,578071.319377,0.49602,-0.79186,-0.35626,2.07
1812,578071.324781,0.51379,-0.78416,-0.34803,1.45
1813,578071.327361,0.51642,-0.78733,-0.33678,1.11
1814,578071.332709,0.51067,-0.78649,-0.34734,0.4
1815,578071.340221,0.5256,-0.7783,-0.3435,0.21
1816,578071.344002,0.51409,-0.79048,-0.33295,2.25
1817,578071.34756,0.49833,-0.79327,-0.34985,1.13
1818,578071.353102,0.50934,-0.78656,-0.34913,0.4
1819,578071.355334,0.50928,-0.7892,-0.34323,0.59
1820,578071.359724,0.51113,-0.78378,-0.35276,0.49
1821,578071.368545,0.50932,-0.78487,-0.35295,0.29
1822,578071.371296,0.51666,-0.78475,-0.34239,1.56
1823,578071.384799,0.50551,-0.78416,-0.35995,0.51
1824,578071.392017,0.48925,-0.78932,-0.37096,2.38
1825,578071.395279,0.50505,-0.78649,-0.35548,0.23
1826,578071.400271,0.50571,-0.78395,-0.36011,1.05
1827,578071.40422,0.50393,-0.78401,-0.36246,1.01
1828,578071.408094,0.5028,-0.78551,-0.36078,0.33
1829,578071.411428,0.51039,-0.78224,-0.3572,1.82
1830,578071.420057,0.51134,-0.7887,-0.3413,3.1
1831,578071.423523,0.50731,-0.7672,-0.39247,5.6
1832,578071.428538,0.49391,-0.79222,-0.35839,0.63
1833,578071.431706,0.48465,-0.80024,-0.35317,0.67
1834,578071.435304,0.4936,-0.79293,-0.35724,0.6
1835,578071.443694,0.49325,-0.79311,-0.35733,0.1
1836,578071.446951,0.50283,-0.7888,-0.35349,0.96
1837,578071.452365,0.49282,-0.79292,-0.35835,0.38
1838,578071.455851,0.49588,-0.79249,-0.35506,0.61
1839,578071.459758,0.50203,-0.79684,-0.33617,3.17
1840,578071.471393,0.49684,-0.781,-0.3784,3.75
1841,578071.476307,0.49488,-0.79322,-0.35482,0.72
1842,578071.480222,0.4869,-0.79942,-0.35192,0.46
1843,578071.483272,0.49321,-0.79611,-0.35065,0.25
1844,578071.487375,0.49829,-0.79206,-0.35262,0.92
1845,578071.495631,0.49303,-0.79646,-0.3501,0.62
1846,578071.499173,0.48558,-0.7962,-0.36094,2.19
1847,578071.50318,0.49467,-0.79614,-0.34851,0.64
1848,578071.507337,0.49079,-0.79294,-0.36108,2.27
1849,578071.511579,0.49335,-0.79918,-0.34339,0.16
1850,578071.519556,0.49713,-0.79605,-0.34521,1.06
1851,578071.523221,0.49747,-0.79653,-0.34362,0.36
1852,578071.528234,0.4983,-0.79548,-0.34483,0.24
1853,578071.53143,0.51005,-0.79126,-0.33729,2.51
1854,578071.535866,0.50323,-0.79335,-0.34256,0.28
1855,578071.543574,0.49912,-0.7919,-0.35181,2.79
1856,578071.547612,0.51152,-0.79743,-0.3201,3.18
1857,578071.56409,0.51346,-0.79301,-0.32787,2.36
1858,578071.572665,0.50469,-0.79316,-0.34086,0.55
1859,578071.575562,0.50729,-0.7876,-0.34978,1.09
1860,578071.579516,0.51183,-0.79303,-0.33035,2.0
1861,578071.583878,0.51397,-0.78606,-0.34343,0.61
1862,578071.588415,0.50951,-0.78843,-0.34465,0.1
1863,578071.596342,0.49136,-0.79021,-0.36623,2.55
1864,578071.59903,0.50916,-0.78684,-0.34875,0.29
1865,578071.604783,0.49851,-0.78752,-0.36234,2.3
1866,578071.608089,0.5122,-0.7852,-0.34799,0.17
1867,578071.611888,0.50802,-0.78683,-0.35046,0.7
1868,578071.62009,0.52868,-0.77848,-0.33832,1.03
1869,578071.623154,0.51009,-0.78489,-0.35179,0.22
1870,578071.628027,0.51151,-0.7735,-0.37424,1.85
1871,578071.63187,0.51803,-0.78614,-0.33708,2.51
1872,578071.648463,0.50652,-0.78693,-0.35239,0.35
1873,578071.650981,0.50328,-0.7873,-0.35619,0.33
1874,578071.656402,0.50262,-0.78748,-0.35671,0.55
1875,578071.659314,0.51125,-0.77989,-0.36109,0.94
1876,578071.663471,0.50364,-0.78569,-0.35922,0.66
1877,578071.672714,0.5044,-0.78527,-0.35908,1.29
1878,578071.675434,0.50241,-0.78655,-0.35906,0.72
1879,578071.679262,0.50179,-0.78183,-0.37006,2.51
1880,578071.683437,0.49705,-0.79077,-0.35723,0.45
1881,578071.687102,0.50379,-0.78459,-0.36141,0.47
1882,578071.696387,0.49596,-0.79158,-0.35696,0.46
1883,578071.699797,0.49441,-0.79113,-0.3601,0.61
1884,578071.703229,0.50342,-0.78403,-0.36313,1.05
1885,578071.707201,0.4956,-0.79172,-0.35717,0.64
1886,578071.711199,0.50613,-0.78218,-0.36335,1.17
1887,578071.715676,0.49453,-0.79287,-0.35608,0.29
1888,578071.727328,0.49235,-0.79409,-0.35639,0.27
1889,578071.732913,0.48701,-0.80175,-0.34643,1.17
1890,578071.73583,0.49284,-0.79618,-0.351,0.25
1891,578071.739349,0.49573,-0.79279,-0.3546,1.11
1892,578071.747574,0.49421,-0.79388,-0.35428,0.65
1893,578071.751111,0.49819,-0.79273,-0.35127,0.09
1894,578071.755615,0.49932,-0.78933,-0.35726,1.22
1895,578071.759321,0.49566,-0.79524,-0.34917,0.31
1896,578071.763229,0.52507,-0.78008,-0.34026,4.34
1897,578071.771516,0.50506,-0.80111,-0.32116,3.87
1898,578071.775758,0.49529,-0.782,-0.37836,4.24
1899,578071.779093,0.49599,-0.7962,-0.3465,0.53
1900,578071.784231,0.49994,-0.79613,-0.34094,0.42
1901,578071.787448,0.49883,-0.79553,-0.34394,0.53
1902,578071.792478,0.50055,-0.79583,-0.34076,0.45
1903,578071.799542,0.51033,-0.78838,-0.34354,0.74
1904,578071.802981,0.50485,-0.79078,-0.34612,0.53
1905,578071.816201,0.51697,-0.78893,-0.33218,1.64
1906,578071.823749,0.51019,-0.78893,-0.34249,0.76
1907,578071.826872,0.53306,-0.77408,-0.34153,6.66
1908,578071.833204,0.50521,-0.79038,-0.34651,0.82
1909,578071.835608,0.50249,-0.79893,-0.33049,0.92
1910,578071.840241,0.51182,-0.78632,-0.34603,0.65
1911,578071.848018,0.50858,-0.78846,-0.34594,0.1
1912,578071.851182,0.51799,-0.77917,-0.35295,0.75
1913,578071.855634,0.51166,-0.78498,-0.34931,0.67
1914,578071.860306,0.52046,-0.78303,-0.34057,1.96
1915,578071.864032,0.51547,-0.7921,-0.32691,2.95
1916,578071.868342,0.50156,-0.78362,-0.36657,2.1
1917,578071.876085,0.50878,-0.78573,-0.35182,0.27
1918,578071.879434,0.50365,-0.79036,-0.34882,1.39
1919,578071.884036,0.50864,-0.78631,-0.35072,0.51
1920,578071.888387,0.5093,-0.7841,-0.35468,0.7
1921,578071.891501,0.50983,-0.78488,-0.35218,0.36
1922,578071.903478,0.5165,-0.77909,-0.35531,1.23
1923,578071.908558,0.50766,-0.78488,-0.3553,0.18
1924,578071.911819,0.5077,-0.78395,-0.35731,0.63
1925,578071.916436,0.50548,-0.78436,-0.35955,0.42
1926,578071.919534,0.50764,-0.78518,-0.35467,2.83
1927,578071.927426,0.50227,-0.78541,-0.36173,0.07
1928,578071.931061,0.49805,-0.78568,-0.36694,1.39
1929,578071.936885,0.4996,-0.78727,-0.36139,0.62
1930,578071.94026,0.4953,-0.7958,-0.3484,0.88
1931,578071.943859,0.50041,-0.78822,-0.3582,0.19
1932,578071.951397,0.49904,-0.78697,-0.36282,0.81
1933,578071.955376,0.51115,-0.78069,-0.35953,1.37
1934,578071.959823,0.50139,-0.78705,-0.35939,0.28
1935,578071.963856,0.50643,-0.7822,-0.36288,1.17
1936,578071.968237,0.49544,-0.79037,-0.36036,0.13
1937,578071.976112,0.5137,-0.77467,-0.36878,1.57
1938,578071.979153,0.49656,-0.78959,-0.36051,0.3
1939,578071.996549,0.49426,-0.7932,-0.35572,0.26
1940,578072.004718,0.49265,-0.79425,-0.35561,0.23
1941,578072.006819,0.4938,-0.79413,-0.35429,0.23
1942,578072.011474,0.49555,-0.79168,-0.35731,1.19
1943,578072.015332,0.49559,-0.78893,-0.36329,1.78
1944,578072.019903,0.49562,-0.79467,-0.35052,0.41
1945,578072.028101,0.50475,-0.78968,-0.34876,0.55
1946,578072.031274,0.50663,-0.79831,-0.32561,3.3
1947,578072.03604,0.50553,-0.80321,-0.31512,0.48
1948,578072.039421,0.4968,-0.79577,-0.34632,0.36
1949,578072.043877,0.4907,-0.79608,-0.35421,3.19
1950,578072.051387,0.49756,-0.79677,-0.34292,0.08
1951,578072.055565,0.50321,-0.79615,-0.33604,0.79
1952,578072.060406,0.51348,-0.78561,-0.34519,0.81
1953,578072.063937,0.49806,-0.79378,-0.34906,0.72
1954,578072.079617,0.52665,-0.77885,-0.34064,0.65
1955,578072.083211,0.5051,-0.78871,-0.35043,0.22
1956,578072.088223,0.53432,-0.76897,-0.35097,4.66
1957,578072.091638,0.50455,-0.79032,-0.34759,0.47
1958,578072.095313,0.49857,-0.78735,-0.36264,3.39
1959,578072.103252,0.5084,-0.7884,-0.34634,0.43
1960,578072.106881,0.50504,-0.78723,-0.35385,1.32
1961,578072.112258,0.5082,-0.78951,-0.34412,0.3
1962,578072.116313,0.51481,-0.78235,-0.35057,1.22
1963,578072.119693,0.51959,-0.78151,-0.34537,1.53
1964,578072.128269,0.5085,-0.78565,-0.35239,0.3
1965,578072.131857,0.52247,-0.77837,-0.34809,1.03
1966,578072.135555,0.50775,-0.78529,-0.35427,0.6
1967,578072.139298,0.52595,-0.78119,-0.33634,2.09
1968,578072.143374,0.51263,-0.79282,-0.32963,3.13
1969,578072.147341,0.52117,-0.75618,-0.39571,5.66
1970,578072.155539,0.50888,-0.7845,-0.35441,0.22
1971,578072.16383,0.50897,-0.78421,-0.35492,0.56
1972,578072.168875,0.49434,-0.7905,-0.36158,3.7
1973,578072.172049,0.507,-0.78633,-0.35304,0.13
1974,578072.181099,0.50887,-0.78703,-0.34877,0.76
1975,578072.182856,0.51894,-0.77904,-0.35184,1.14
1976,578072.188937,0.50673,-0.78343,-0.3598,0.41
1977,578072.191786,0.51902,-0.78194,-0.34524,1.48
1978,578072.195628,0.50491,-0.78297,-0.36335,1.1
1979,578072.203527,0.51569,-0.78441,-0.34463,1.71
1980,578072.20788,0.4984,-0.78734,-0.3629,0.28
1981,578072.211219,0.49953,-0.78803,-0.35984,0.29
1982,578072.21558,0.49589,-0.78962,-0.36139,0.04
1983,578072.220241,0.48485,-0.79244,-0.37008,1.41
1984,578072.223723,0.49581,-0.79138,-0.35762,0.35
1985,578072.23135,0.49778,-0.78872,-0.36074,1.2
1986,578072.235477,0.49267,-0.79155,-0.36156,1.11
1987,578072.248533,0.492,-0.79395,-0.35718,0.35
1988,578072.255697,0.50037,-0.78219,-0.37123,2.7
1989,578072.259463,0.49036,-0.79559,-0.3558,0.28
1990,578072.264308,0.49196,-0.79617,-0.35228,0.51
1991,578072.268231,0.49025,-0.7967,-0.35344,0.16
1992,578072.272393,0.48761,-0.79874,-0.35248,0.32
1993,578072.280108,0.49179,-0.79642,-0.35193,0.37
1994,578072.284203,0.48208,-0.80241,-0.35175,1.22
1995,578072.28718,0.492,-0.79981,-0.34387,0.07
1996,578072.291545,0.50178,-0.79061,-0.35093,1.3
1997,578072.295619,0.49438,-0.79858,-0.3433,0.6
1998,578072.300398,0.49514,-0.79624,-0.34762,0.77
1999,578072.308391,0.51154,-0.78979,-0.33846,1.05
2000,578072.311064,0.49717,-0.79767,-0.3414,0.09
2001,578072.316563,0.50628,-0.78905,-0.34796,1.56
2002,578072.319789,0.50116,-0.7933,-0.34571,0.69
2003,578072.323833,0.50733,-0.78768,-0.34953,0.88
2004,578072.335731,0.51446,-0.78721,-0.34005,1.06
2005,578072.341736,0.50632,-0.79042,-0.3448,0.36
2006,578072.343559,0.49792,-0.7918,-0.35373,1.52
2007,578072.348167,0.50903,-0.78876,-0.3446,0.31
2008,578072.355653,0.50525,-0.78903,-0.34951,1.2
2009,578072.359549,0.5098,-0.78851,-0.34402,0.18
2010,578072.364384,0.5121,-0.78855,-0.34052,0.37
2011,578072.367726,0.50957,-0.78868,-0.34398,0.34
2012,578072.371452,0.51263,-0.78666,-0.34407,0.4
2013,578072.376554,0.51045,-0.78798,-0.34429,0.58
2014,578072.384012,0.5131,-0.78491,-0.34734,0.47
2015,578072.387046,0.51946,-0.77854,-0.35218,1.51
2016,578072.392238,0.51309,-0.78249,-0.35276,0.67
2017,578072.395252,0.51055,-0.78378,-0.35358,0.56
2018,578072.399503,0.51833,-0.78283,-0.34424,1.97
2019,578072.407499,0.52863,-0.7811,-0.3323,3.68
2020,578072.411351,0.56369,-0.75202,-0.34164,7.29
2021,578072.424214,0.51267,-0.77052,-0.37877,2.29
2022,578072.428145,0.49968,-0.78086,-0.37495,3.08
2023,578072.435981,0.5118,-0.78004,-0.36,1.04
2024,578072.439521,0.50739,-0.78366,-0.35837,0.42
2025,578072.443827,0.50849,-0.78381,-0.35649,0.34
2026,578072.447871,0.50464,-0.78328,-0.36306,0.52
2027,578072.451587,0.50687,-0.78173,-0.3633,0.8
2028,578072.460038,0.50682,-0.78033,-0.36636,0.68
2029,578072.463575,0.50512,-0.78278,-0.36346,0.6
2030,578072.46825,0.50178,-0.78317,-0.36723,0.49
2031,578072.471412,0.50177,-0.78424,-0.36497,0.25
2032,578072.47555,0.49851,-0.78597,-0.36571,0.11
2033,578072.484313,0.50802,-0.786,-0.3523,1.79
2034,578072.487157,0.49894,-0.79852,-0.33679,3.91
2035,578072.492221,0.49672,-0.78554,-0.36905,0.43
2036,578072.495595,0.48827,-0.78932,-0.37225,1.77
2037,578072.504391,0.49598,-0.78985,-0.36074,0.71
2038,578072.511433,0.49062,-0.79325,-0.36063,0.46
2039,578072.515391,0.49181,-0.79282,-0.35994,0.22
2040,578072.519932,0.49803,-0.7854,-0.36758,1.37
2041,578072.52351,0.49237,-0.79283,-0.35917,0.48
2042,578072.527103,0.49322,-0.79204,-0.35972,0.44
2043,578072.535347,0.49296,-0.79358,-0.35667,0.33
2044,578072.539677,0.49189,-0.79424,-0.35668,0.42
2045,578072.5444,0.49417,-0.79295,-0.3564,0.25
2046,578072.547929,0.48885,-0.79578,-0.35743,0.73
2047,578072.551948,0.49182,-0.79502,-0.35505,0.18
2048,578072.560077,0.49383,-0.78502,-0.374,1.98
2049,578072.563172,0.49196,-0.79648,-0.35157,0.28
2050,578072.56862,0.49389,-0.79572,-0.35058,0.32
2051,578072.57207,0.49495,-0.7965,-0.3473,0.28
2052,578072.5755,0.49648,-0.7963,-0.34556,0.39
2053,578072.588232,0.50019,-0.7955,-0.34203,0.36
2054,578072.592369,0.49672,-0.79457,-0.34917,0.57
2055,578072.595258,0.49877,-0.79476,-0.34581,0.48
2056,578072.600348,0.50962,-0.78759,-0.3464,0.93
2057,578072.603693,0.49985,-0.79493,-0.34386,0.34
2058,578072.611401,0.50172,-0.79295,-0.3457,0.61
2059,578072.615523,0.50301,-0.79313,-0.34339,0.18
2060,578072.620332,0.50338,-0.79151,-0.34658,0.35
2061,578072.623513,0.5035,-0.79296,-0.34308,0.19
2062,578072.628534,0.50261,-0.79401,-0.34196,0.18
2063,578072.636391,0.5065,-0.79088,-0.34345,0.24
2064,578072.639819,0.50863,-0.78956,-0.34335,0.25
2065,578072.643364,0.50731,-0.79076,-0.34254,0.23
2066,578072.647535,0.51116,-0.78882,-0.34129,0.29
2067,578072.651829,0.50821,-0.78932,-0.34452,0.23
2068,578072.656035,0.51103,-0.78712,-0.34539,0.35
2069,578072.663752,0.50955,-0.78694,-0.34797,0.03
2070,578072.676674,0.5093,-0.78533,-0.35194,0.45
2071,578072.680078,0.50934,-0.78153,-0.36026,0.9
2072,578072.68838,0.51268,-0.78228,-0.35383,0.6
2073,578072.69133,0.5087,-0.78262,-0.3588,0.64
2074,578072.695782,0.5089,-0.78301,-0.35765,0.31
2075,578072.699462,0.50602,-0.78239,-0.36306,0.22
2076,578072.703164,0.50701,-0.78362,-0.359,0.23
2077,578072.711534,0.50743,-0.78383,-0.35794,0.01
2078,578072.715822,0.50632,-0.78439,-0.3583,0.23
2079,578072.719547,0.5053,-0.78504,-0.35831,0.53
2080,578072.723693,0.50407,-0.78598,-0.35799,0.18
2081,578072.727658,0.49818,-0.79495,-0.34622,1.71
2082,578072.731575,0.50385,-0.78609,-0.35805,0.36
2083,578072.739508,0.50258,-0.78509,-0.362,1.0
2084,578072.743136,0.50206,-0.78749,-0.35749,0.13
2085,578072.756032,0.49655,-0.78999,-0.35966,0.47
2086,578072.763535,0.49933,-0.78611,-0.36428,0.61
2087,578072.767725,0.49937,-0.78857,-0.35886,0.27
2088,578072.772229,0.49629,-0.78888,-0.36244,0.43
2089,578072.775678,0.49638,-0.79005,-0.35977,0.15
2090,578072.78031,0.49586,-0.7901,-0.36038,0.08
2091,578072.788064,0.49392,-0.7914,-0.36019,0.22
2092,578072.791607,0.48471,-0.79955,-0.35465,0.41
2093,578072.795221,0.49494,-0.79199,-0.35748,0.16
2094,578072.800118,0.48459,-0.79277,-0.36972,2.14
2095,578072.803728,0.49528,-0.79144,-0.35821,0.75
2096,578072.808942,0.49671,-0.79257,-0.35373,0.31
2097,578072.816147,0.49556,-0.79392,-0.35229,0.43
2098,578072.818904,0.49607,-0.79359,-0.35232,0.23
2099,578072.82443,0.4953,-0.79354,-0.35352,0.44
2100,578072.828437,0.49673,-0.79269,-0.35341,0.52
2101,578072.844109,0.49608,-0.79195,-0.35596,0.49
2102,578072.847996,0.49479,-0.79466,-0.35172,0.58
2103,578072.851745,0.4947,-0.79335,-0.35477,0.43
2104,578072.85536,0.49864,-0.79431,-0.34704,0.65
2105,578072.863947,0.49762,-0.79454,-0.34797,0.25
2106,578072.867753,0.49744,-0.79433,-0.34869,0.28
2107,578072.870949,0.49622,-0.79384,-0.35156,0.07
2108,578072.876837,0.49961,-0.79343,-0.34765,0.39
2109,578072.879743,0.48349,-0.79705,-0.36186,2.6
2110,578072.884123,0.50089,-0.79275,-0.34735,0.88
2111,578072.893062,0.49281,-0.79898,-0.34464,1.08
2112,578072.895099,0.50556,-0.79086,-0.34488,0.37
2113,578072.900217,0.50965,-0.78577,-0.35047,1.19
2114,578072.903761,0.50536,-0.79129,-0.34419,0.16
2115,578072.907489,0.50719,-0.78869,-0.34745,0.32
2116,578072.91588,0.51418,-0.78338,-0.34919,1.04
2117,578072.924471,0.51905,-0.78054,-0.34836,1.2
2118,578072.92949,0.51822,-0.77621,-0.35908,1.7
2119,578072.931175,0.51696,-0.78166,-0.34895,1.47
2120,578072.936129,0.50756,-0.78589,-0.35321,0.36
2121,578072.943526,0.50584,-0.78019,-0.36799,1.26
2122,578072.947233,0.50574,-0.78707,-0.35319,0.27
2123,578072.953353,0.50551,-0.78731,-0.353,0.24
2124,578072.955481,0.50567,-0.78804,-0.35112,0.39
2125,578072.959613,0.49766,-0.79008,-0.35791,1.02
2126,578072.967769,0.50412,-0.78707,-0.3555,0.49
2127,578072.9711,0.5007,-0.78809,-0.35805,0.63
2128,578072.976436,0.5065,-0.78685,-0.35259,0.11
2129,578072.980247,0.4951,-0.79317,-0.35462,1.49
2130,578072.984485,0.49497,-0.79176,-0.35794,1.38
2131,578072.991779,0.50363,-0.78713,-0.35607,0.04
2132,578072.994871,0.52038,-0.77724,-0.3537,1.83
2133,578073.012895,0.50204,-0.79336,-0.3443,1.59
2134,578073.019625,0.50246,-0.78652,-0.35905,0.3
2135,578073.023168,0.48657,-0.79583,-0.36043,1.98
2136,578073.027265,0.49918,-0.78775,-0.36093,0.2
2137,578073.03228,0.50329,-0.78103,-0.36971,1.69
2138,578073.036423,0.49803,-0.78837,-0.36116,0.45
2139,578073.044066,0.49651,-0.78943,-0.36095,0.17
2140,578073.047363,0.49724,-0.78989,-0.35892,0.25
2141,578073.052009,0.50005,-0.78976,-0.3553,0.39
2142,578073.055755,0.49492,-0.79213,-0.35718,0.63
2143,578073.060169,0.48942,-0.79339,-0.36194,1.23
2144,578073.067806,0.49852,-0.79078,-0.35517,0.33
2145,578073.071336,0.50366,-0.78461,-0.36155,1.39
2146,578073.076634,0.498,-0.79292,-0.3511,0.37
2147,578073.08008,0.495,-0.79276,-0.35568,0.16
2148,578073.084249,0.49925,-0.78788,-0.36056,1.83
2149,578073.097112,0.50844,-0.78451,-0.355,1.36
2150,578073.100668,0.49975,-0.79257,-0.34939,0.14
2151,578073.104237,0.51124,-0.78746,-0.34429,1.61
2152,578073.108238,0.4964,-0.7948,-0.34912,0.45
2153,578073.111026,0.50415,-0.79715,-0.33223,2.16
2154,578073.119441,0.50221,-0.79084,-0.3498,0.1
2155,578073.123309,0.50263,-0.79657,-0.33593,1.33
2156,578073.127858,0.50056,-0.79209,-0.34934,0.12
2157,578073.131667,0.50247,-0.79041,-0.3504,0.46
2158,578073.135568,0.50154,-0.79151,-0.34926,0.22
2159,578073.143411,0.48982,-0.7931,-0.36202,2.12
2160,578073.147662,0.50543,-0.78907,-0.34914,0.47
2161,578073.151195,0.50565,-0.79125,-0.34387,0.47
2162,578073.156548,0.5041,-0.7893,-0.35055,0.35
2163,578073.159557,0.49403,-0.79602,-0.34969,1.22
2164,578073.163538,0.50382,-0.79019,-0.34896,0.27
2165,578073.17151,0.50646,-0.7862,-0.35411,0.66
2166,578073.180773,0.50537,-0.78697,-0.35395,0.36
2167,578073.185116,0.51385,-0.77933,-0.35862,1.42
2168,578073.186954,0.50433,-0.78747,-0.35434,0.38
2169,578073.196285,0.50628,-0.7855,-0.3559,0.84
2170,578073.198942,0.50391,-0.78785,-0.35407,0.09
2171,578073.204625,0.50398,-0.78632,-0.35736,0.56
2172,578073.20734,0.50521,-0.78681,-0.35453,0.46
2173,578073.212684,0.50086,-0.78364,-0.36748,1.49
2174,578073.2201,0.50403,-0.78763,-0.35438,0.21
2175,578073.22412,0.50269,-0.78934,-0.35249,0.25
2176,578073.22682,0.5025,-0.78816,-0.35538,0.21
2177,578073.232104,0.50022,-0.78468,-0.36613,1.63
2178,578073.235643,0.50417,-0.78843,-0.3524,0.23
2179,578073.240984,0.5063,-0.78728,-0.35194,0.19
2180,578073.248784,0.5028,-0.7892,-0.35265,0.52
2181,578073.251176,0.50173,-0.79001,-0.35236,0.13
2182,578073.265837,0.5022,-0.7863,-0.35989,0.63
2183,578073.271172,0.50249,-0.78832,-0.35504,0.07
2184,578073.27567,0.50867,-0.78181,-0.36059,0.5
2185,578073.280261,0.5024,-0.78655,-0.35907,0.32
2186,578073.283689,0.49864,-0.78825,-0.36058,0.19
2187,578073.287898,0.50014,-0.7863,-0.36276,0.48
2188,578073.296017,0.48919,-0.79385,-0.36124,1.16
2189,578073.299673,0.49755,-0.78904,-0.36037,0.35
2190,578073.303277,0.49671,-0.78946,-0.36059,0.54
2191,578073.307149,0.49722,-0.79061,-0.35736,0.08
2192,578073.31229,0.4975,-0.78115,-0.37722,2.73
2193,578073.316086,0.49649,-0.79205,-0.35518,0.35
2194,578073.324157,0.48496,-0.8001,-0.35306,1.34
2195,578073.326872,0.49643,-0.7912,-0.35714,0.72
2196,578073.331448,0.49596,-0.79287,-0.3541,0.07
2197,578073.335453,0.49949,-0.79304,-0.3487,0.25
2198,578073.352369,0.49991,-0.79177,-0.35099,0.23
2199,578073.356521,0.50856,-0.78249,-0.35928,1.86
2200,578073.360286,0.49979,-0.79077,-0.3534,0.26
2201,578073.363872,0.50009,-0.78991,-0.3549,0.67
2202,578073.372121,0.49971,-0.79109,-0.3528,0.67
2203,578073.375914,0.50135,-0.78802,-0.35732,0.67
2204,578073.379351,0.50198,-0.78892,-0.35444,0.43
2205,578073.384264,0.50078,-0.78817,-0.35779,0.62
2206,578073.387354,0.49956,-0.79076,-0.35375,0.17
2207,578073.392331,0.4998,-0.78879,-0.35778,0.48
2208,578073.400266,0.50263,-0.78852,-0.3544,0.4
2209,578073.403193,0.49974,-0.78445,-0.36727,1.67
2210,578073.408374,0.50228,-0.79021,-0.35111,0.5
2211,578073.411439,0.49998,-0.79329,-0.34744,1.28
2212,578073.41572,0.50116,-0.79043,-0.35222,0.29
2213,578073.424297,0.50383,-0.79026,-0.34878,0.28
2214,578073.437084,0.50261,-0.78985,-0.35145,0.65
2215,578073.439806,0.50234,-0.78947,-0.35269,0.83
2216,578073.443461,0.50123,-0.79085,-0.35118,0.43
2217,578073.452084,0.50292,-0.78974,-0.35125,0.54
2218,578073.454965,0.50269,-0.78833,-0.35474,0.08
2219,578073.460165,0.50556,-0.78869,-0.34983,0.43
2220,578073.463665,0.50266,-0.78616,-0.35956,0.78
2221,578073.468418,0.50629,-0.78612,-0.35453,0.21
2222,578073.476554,0.5044,-0.78503,-0.35961,0.49
2223,578073.479509,0.50644,-0.78441,-0.35806,0.14
2224,578073.484129,0.50217,-0.78154,-0.37017,1.67
2225,578073.487516,0.50175,-0.78627,-0.3606,0.45
2226,578073.491452,0.50368,-0.78594,-0.35862,0.56
2227,578073.499746,0.50354,-0.78544,-0.35989,0.14
2228,578073.503167,0.50306,-0.78851,-0.35381,0.45
2229,578073.520595,0.48914,-0.7972,-0.35386,1.31
2230,578073.52782,0.50305,-0.78728,-0.35657,0.84
2231,578073.5311,0.49912,-0.79102,-0.3538,0.21
2232,578073.536111,0.50158,-0.78962,-0.35342,0.38
2233,578073.539618,0.49947,-0.78961,-0.35644,0.16
2234,578073.543328,0.50102,-0.78925,-0.35505,0.42
2235,578073.551839,0.50101,-0.78813,-0.35755,0.8
2236,578073.554912,0.49888,-0.78505,-0.36718,1.73
2237,578073.560285,0.4987,-0.78952,-0.3577,0.48
2238,578073.563954,0.49894,-0.78816,-0.36036,0.93
2239,578073.567022,0.49985,-0.78924,-0.35672,0.19
2240,578073.575619,0.49265,-0.78795,-0.36937,1.49
2241,578073.579097,0.49835,-0.79016,-0.35678,0.12
2242,578073.584371,0.49618,-0.79103,-0.35787,0.71
2243,578073.587774,0.51041,-0.79358,-0.33123,3.23
2244,578073.595194,0.51437,-0.79051,-0.33245,3.07
2245,578073.604731,0.48674,-0.79793,-0.35552,1.77
2246,578073.60716,0.49795,-0.79038,-0.35686,0.71
2247,578073.612372,0.49164,-0.79845,-0.34752,1.66
2248,578073.615999,0.49772,-0.79055,-0.3568,0.48
2249,578073.619485,0.50086,-0.78845,-0.35705,0.88
2250,578073.628331,0.49788,-0.78954,-0.35879,0.38
2251,578073.631755,0.49788,-0.7906,-0.35647,0.37
2252,578073.63608,0.49872,-0.78956,-0.35759,0.47
2253,578073.640062,0.49913,-0.79002,-0.35602,0.45
2254,578073.644384,0.50946,-0.77606,-0.37174,2.77
2255,578073.651762,0.49893,-0.7903,-0.35566,0.45
2256,578073.655531,0.50682,-0.78393,-0.3586,1.37
2257,578073.658904,0.50049,-0.7895,-0.35526,0.33
2258,578073.664242,0.49996,-0.78767,-0.36002,0.57
2259,578073.667416,0.5002,-0.79098,-0.35235,0.13
2260,578073.672408,0.49849,-0.7915,-0.3536,0.56
2261,578073.684168,0.49824,-0.79116,-0.35472,0.49
2262,578073.688899,0.50036,-0.79018,-0.35391,0.22
2263,578073.691916,0.49818,-0.79152,-0.354,0.57
2264,578073.69543,0.50247,-0.78947,-0.35251,0.32
2265,578073.704662,0.50245,-0.79132,-0.34837,0.28
2266,578073.707136,0.50522,-0.78991,-0.34755,0.3
2267,578073.711792,0.51069,-0.78281,-0.35552,1.34
2268,578073.715603,0.50819,-0.78841,-0.34663,0.43
2269,578073.719588,0.50543,-0.78884,-0.34968,0.38
2270,578073.727892,0.50354,-0.78826,-0.3537,0.34
2271,578073.731595,0.5062,-0.78642,-0.35398,0.29
2272,578073.735108,0.50782,-0.78493,-0.35498,1.02
2273,578073.739172,0.50833,-0.78464,-0.35488,0.9
2274,578073.743592,0.50674,-0.7848,-0.3568,0.53
2275,578073.747489,0.50473,-0.78591,-0.35721,0.8
2276,578073.755741,0.51739,-0.77843,-0.35547,1.71
2277,578073.759095,0.50518,-0.78511,-0.35832,0.54
2278,578073.771951,0.50325,-0.7874,-0.356,0.49
2279,578073.779178,0.50153,-0.78862,-0.35572,0.28
2280,578073.783432,0.50306,-0.78768,-0.35566,0.21
2281,578073.78836,0.50341,-0.78767,-0.35517,0.72
2282,578073.791425,0.50117,-0.78752,-0.35866,0.16
2283,578073.794992,0.50388,-0.78733,-0.35527,0.47
2284,578073.803642,0.49052,-0.79764,-0.35095,1.25
2285,578073.807631,0.50332,-0.78761,-0.35544,0.2
2286,578073.810992,0.50343,-0.78824,-0.35389,0.32
2287,578073.81715,0.5021,-0.78912,-0.3538,0.23
2288,578073.819359,0.5017,-0.78871,-0.3553,0.4
2289,578073.824873,0.50054,-0.78835,-0.35772,0.56
2290,578073.83134,0.49906,-0.78887,-0.35863,0.67
2291,578073.83508,0.50306,-0.78594,-0.35949,0.78
2292,578073.839887,0.50151,-0.7878,-0.35756,0.24
2293,578073.843434,0.51641,-0.77795,-0.35794,1.03
2294,578073.8477,0.50126,-0.78569,-0.36253,0.75
2295,578073.859245,0.50056,-0.78822,-0.35796,0.37
2296,578073.865123,0.49935,-0.78889,-0.3582,0.3
2297,578073.867727,0.50028,-0.79002,-0.35439,0.28
2298,578073.871739,0.49768,-0.78949,-0.35919,0.07
2299,578073.875668,0.49774,-0.79032,-0.35729,0.18
2300,578073.884386,0.48452,-0.79266,-0.37005,2.72
2301,578073.88738,0.49827,-0.79139,-0.35416,0.43
2302,578073.892925,0.49907,-0.7916,-0.35257,0.46
2303,578073.896057,0.50125,-0.78868,-0.356,0.78
2304,578073.89984,0.50118,-0.79009,-0.35297,0.31
2305,578073.908859,0.503,-0.78835,-0.35426,0.83
2306,578073.911389,0.49777,-0.7917,-0.35419,0.53
2307,578073.916469,0.5106,-0.78365,-0.35381,1.47
2308,578073.919641,0.50405,-0.78643,-0.35701,0.81
2309,578073.92398,0.50396,-0.78829,-0.35301,0.48
2310,578073.931951,0.50316,-0.78845,-0.35382,0.62
2311,578073.93498,0.51318,-0.78362,-0.35012,1.1
2312,578073.952539,0.51529,-0.78054,-0.35388,1.22
2313,578073.960125,0.50192,-0.78879,-0.35481,0.23
2314,578073.96334,0.5082,-0.7789,-0.36748,2.04
2315,578073.968609,0.50872,-0.78472,-0.35416,1.0
2316,578073.971302,0.49823,-0.79381,-0.34875,2.34
2317,578073.975759,0.50464,-0.78825,-0.35215,0.66
2318,578073.983792,0.50187,-0.7903,-0.3515,0.36
2319,578073.987179,0.50449,-0.78866,-0.35143,0.31
2320,578073.991174,0.49775,-0.79869,-0.33815,2.0
2321,578073.995586,0.5031,-0.78751,-0.35597,0.57
2322,578073.999605,0.5038,-0.78915,-0.35132,0.81
2323,578074.007463,0.50374,-0.79037,-0.34865,0.2
2324,578074.011159,0.5039,-0.78837,-0.35293,0.54
2325,578074.01702,0.51124,-0.78012,-0.36062,1.85
2326,578074.019669,0.50427,-0.78684,-0.35579,0.71
2327,578074.035723,0.50353,-0.7812,-0.36903,2.0
2328,578074.039511,0.50533,-0.7874,-0.35305,0.1
2329,578074.044473,0.49077,-0.79394,-0.35889,1.82
2330,578074.047381,0.50609,-0.78771,-0.35126,0.28
2331,578074.052175,0.49322,-0.79211,-0.35959,1.02
2332,578074.059878,0.50368,-0.7877,-0.35472,0.18
2333,578074.063143,0.49437,-0.79255,-0.35702,1.13
2334,578074.067868,0.50411,-0.78663,-0.3565,0.14
2335,578074.071471,0.5009,-0.78516,-0.36417,1.33
2336,578074.075224,0.49953,-0.79132,-0.35253,0.45
2337,578074.084525,0.50289,-0.79002,-0.35066,0.31
2338,578074.087048,0.50348,-0.78718,-0.35617,0.69
2339,578074.092658,0.50485,-0.78896,-0.35024,0.04
2340,578074.095918,0.50406,-0.78888,-0.35155,0.48
2341,578074.099281,0.5016,-0.7903,-0.35189,0.29
2342,578074.108179,0.50541,-0.78729,-0.35319,0.76
2343,578074.120844,0.50248,-0.78901,-0.35354,0.45
2344,578074.123844,0.50733,-0.77609,-0.37457,2.81
2345,578074.127535,0.50303,-0.78904,-0.35267,0.53
2346,578074.13638,0.51408,-0.78063,-0.35544,1.33
2347,578074.139286,0.50154,-0.78907,-0.35472,0.11
2348,578074.144356,0.49949,-0.78308,-0.37054,1.79
2349,578074.146928,0.50312,-0.78867,-0.35337,0.31
2350,578074.151452,0.49959,-0.7915,-0.35204,0.04
2351,578074.159399,0.50394,-0.7876,-0.35458,0.17
2352,578074.164038,0.50156,-0.78862,-0.35569,0.27
2353,578074.166674,0.50611,-0.78771,-0.35124,0.65
2354,578074.17314,0.49778,-0.79146,-0.3547,0.18
2355,578074.175488,0.50221,-0.78918,-0.35353,0.45
2356,578074.179503,0.49318,-0.7964,-0.35002,1.37
2357,578074.187638,0.5028,-0.78833,-0.35457,0.41
2358,578074.191259,0.50752,-0.78401,-0.35742,1.07
2359,578074.204433,0.51622,-0.77988,-0.35399,1.62
2360,578074.211434,0.50149,-0.78694,-0.3595,0.63
2361,578074.215491,0.51511,-0.7804,-0.35444,1.65
2362,578074.22079,0.49776,-0.78978,-0.35844,0.4
2363,578074.223637,0.51337,-0.78125,-0.35512,1.16
2364,578074.227984,0.50209,-0.78863,-0.35493,0.34
2365,578074.235659,0.51155,-0.78245,-0.35508,1.27
2366,578074.239313,0.50016,-0.79161,-0.35099,0.24
2367,578074.243006,0.49629,-0.7911,-0.35756,0.08
2368,578074.248389,0.50171,-0.78925,-0.35407,0.41
2369,578074.251169,0.49721,-0.7912,-0.35606,0.1
2370,578074.255261,0.49787,-0.79172,-0.35399,0.18
2371,578074.263545,0.49525,-0.79034,-0.36069,1.48
2372,578074.267165,0.49684,-0.79429,-0.34965,0.34
2373,578074.272391,0.48641,-0.79991,-0.35148,1.8
2374,578074.275455,0.5011,-0.7908,-0.35148,0.44
2375,578074.279599,0.49883,-0.79199,-0.35203,0.16
2376,578074.296008,0.50172,-0.79052,-0.35123,0.87
2377,578074.299865,0.50384,-0.78751,-0.35492,0.46
2378,578074.302998,0.5004,-0.7908,-0.35247,0.14
2379,578074.312463,0.50248,-0.78779,-0.35624,0.52
2380,578074.31596,0.50243,-0.78781,-0.35626,0.77
2381,578074.319171,0.49885,-0.78908,-0.35847,0.38
2382,578074.324201,0.49564,-0.78362,-0.37454,3.03
2383,578074.327569,0.49829,-0.79082,-0.35541,0.01
2384,578074.331102,0.50271,-0.78822,-0.35497,0.86
2385,578074.339548,0.49759,-0.79144,-0.35502,0.21
2386,578074.343241,0.50097,-0.79007,-0.3533,0.9
2387,578074.347825,0.4994,-0.79211,-0.35096,0.41
2388,578074.351927,0.49845,-0.79327,-0.34967,0.29
2389,578074.355482,0.50232,-0.79157,-0.34798,0.62
2390,578074.363748,0.49457,-0.79509,-0.35105,0.1
2391,578074.367264,0.50215,-0.79053,-0.35058,0.56
2392,578074.384536,0.51988,-0.78087,-0.34637,2.24
2393,578074.391716,0.5021,-0.78907,-0.35394,0.34
2394,578074.395153,0.51504,-0.77767,-0.36049,1.61
2395,578074.399506,0.50189,-0.78839,-0.35574,0.66
2396,578074.40322,0.52045,-0.77676,-0.35464,1.24
2397,578074.407611,0.5033,-0.78853,-0.35342,0.78
2398,578074.415767,0.51393,-0.77977,-0.35753,1.47
2399,578074.419351,0.50433,-0.78747,-0.35433,0.24
2400,578074.423818,0.4996,-0.78793,-0.35996,0.6
2401,578074.427472,0.50533,-0.78488,-0.35861,0.1
2402,578074.432605,0.50206,-0.79086,-0.34997,0.21
2403,578074.440059,0.49969,-0.7892,-0.35702,0.29
2404,578074.442941,0.50341,-0.78778,-0.35493,0.29
2405,578074.44776,0.50042,-0.78932,-0.35575,0.28
2406,578074.451869,0.49246,-0.79514,-0.35388,1.16
2407,578074.454991,0.49983,-0.78759,-0.36037,0.84
2408,578074.468028,0.49927,-0.79011,-0.35559,0.41
2409,578074.471268,0.50009,-0.79067,-0.3532,0.48
2410,578074.476245,0.49854,-0.79074,-0.35524,0.36
2411,578074.479694,0.50152,-0.79051,-0.35151,0.56
2412,578074.483103,0.49781,-0.79,-0.3579,0.51
2413,578074.492084,0.50118,-0.78823,-0.35708,0.52
2414,578074.495114,0.50787,-0.7755,-0.37506,2.53
2415,578074.499531,0.50192,-0.78796,-0.35664,0.41
2416,578074.503679,0.50225,-0.78676,-0.35882,0.79
2417,578074.507519,0.49973,-0.78962,-0.35605,0.43
2418,578074.516722,0.50088,-0.78264,-0.36959,1.56
2419,578074.519532,0.50077,-0.78834,-0.35741,0.16
2420,578074.525087,0.49872,-0.7889,-0.35905,0.48
2421,578074.527598,0.49782,-0.79079,-0.35613,0.16
2422,578074.531513,0.49849,-0.78969,-0.35762,0.44
2423,578074.535409,0.49721,-0.79113,-0.35622,0.33
2424,578074.547857,0.50045,-0.79105,-0.35184,0.57
2425,578074.553351,0.49741,-0.79288,-0.35203,0.41
2426,578074.556465,0.5013,-0.79057,-0.3517,0.24
2427,578074.559007,0.4989,-0.79276,-0.3502,0.27
2428,578074.567923,0.49998,-0.79009,-0.35465,0.66
2429,578074.571039,0.50027,-0.79085,-0.35254,0.94
2430,578074.576952,0.50025,-0.79244,-0.34897,0.44
2431,578074.580288,0.49835,-0.79193,-0.35283,0.58
2432,578074.583319,0.50257,-0.79061,-0.3498,0.31
2433,578074.591834,0.50008,-0.79038,-0.35387,0.89
2434,578074.595322,0.5042,-0.78341,-0.36339,2.43
2435,578074.599197,0.50046,-0.79122,-0.35145,0.12
2436,578074.603444,0.49997,-0.79039,-0.354,0.7
2437,578074.607832,0.50182,-0.79006,-0.35211,0.06
2438,578074.611724,0.50321,-0.78033,-0.3713,2.45
2439,578074.619677,0.50337,-0.78884,-0.35264,0.36
2440,578074.623611,0.4967,-0.78581,-0.36851,2.79
2441,578074.636072,0.50415,-0.78894,-0.35129,0.26
2442,578074.643413,0.50673,-0.78911,-0.34718,0.23
2443,578074.647024,0.505,-0.78927,-0.34933,0.37
2444,578074.651732,0.50737,-0.78698,-0.35104,0.23
2445,578074.655639,0.50709,-0.78706,-0.35128,0.67
2446,578074.659598,0.50736,-0.78807,-0.3486,0.38
2447,578074.667293,0.50815,-0.78756,-0.34863,0.4
2448,578074.671784,0.50368,-0.78883,-0.3522,0.27
2449,578074.67502,0.50416,-0.78715,-0.35528,0.63
2450,578074.679997,0.508,-0.78461,-0.35542,0.46
2451,578074.683082,0.5057,-0.78508,-0.35766,0.59
2452,578074.68703,0.50556,-0.78631,-0.35514,0.68
2453,578074.695657,0.52238,-0.77728,-0.35064,0.87
2454,578074.699064,0.50114,-0.78814,-0.35733,0.22
2455,578074.704108,0.50859,-0.77942,-0.36584,1.39
2456,578074.707444,0.503,-0.78749,-0.35616,0.12
2457,578074.723598,0.49988,-0.78843,-0.35846,0.35
2458,578074.727477,0.50643,-0.78438,-0.35815,0.3
2459,578074.731436,0.50335,-0.78894,-0.35243,0.24
2460,578074.735361,0.50614,-0.78388,-0.35967,0.23
2461,578074.744117,0.50524,-0.78648,-0.35523,0.93
2462,578074.747265,0.50064,-0.78717,-0.36018,0.55
2463,578074.751276,0.50091,-0.78816,-0.35762,0.17
2464,578074.755553,0.50061,-0.78775,-0.35895,0.26
2465,578074.759602,0.50003,-0.7887,-0.35767,0.58
2466,578074.763623,0.49924,-0.78919,-0.35768,0.05
2467,578074.771505,0.49805,-0.78795,-0.36205,0.58
2468,578074.77518,0.50842,-0.77855,-0.36792,2.05
2469,578074.78,0.49864,-0.78729,-0.36268,0.9
2470,578074.783379,0.49899,-0.78747,-0.36179,0.93
2471,578074.787354,0.49553,-0.78989,-0.36127,0.2
2472,578074.795571,0.49605,-0.78859,-0.36339,0.7
2473,578074.808448,0.49642,-0.79169,-0.35607,0.47
2474,578074.811506,0.49601,-0.78466,-0.37186,2.64
2475,578074.820984,0.4971,-0.79273,-0.3528,0.2
2476,578074.82302,0.48453,-0.79627,-0.36219,1.78
2477,578074.829032,0.49489,-0.79324,-0.35475,0.58
2478,578074.831454,0.50167,-0.79233,-0.34719,0.15
2479,578074.836023,0.4954,-0.7964,-0.34689,0.32
2480,578074.839594,0.50132,-0.78987,-0.35326,0.77
2481,578074.848293,0.49921,-0.79216,-0.35109,0.47
2482,578074.85078,0.49711,-0.79355,-0.35093,0.26
2483,578074.856116,0.51171,-0.78304,-0.35355,1.6
2484,578074.859805,0.49681,-0.79295,-0.35272,0.34
2485,578074.863729,0.51206,-0.78134,-0.35679,1.56
2486,578074.872356,0.5046,-0.78945,-0.3495,0.33
2487,578074.875706,0.5199,-0.7806,-0.34693,1.41
2488,578074.892674,0.51614,-0.78127,-0.35102,1.42
2489,578074.900032,0.50421,-0.78919,-0.35065,0.29
2490,578074.903649,0.50139,-0.78622,-0.36121,1.3
2491,578074.908628,0.50404,-0.79027,-0.34845,0.53
2492,578074.911093,0.49814,-0.79224,-0.35245,0.87
2493,578074.915047,0.50526,-0.78917,-0.34917,0.52
2494,578074.923724,0.51012,-0.78567,-0.35001,0.26
2495,578074.92707,0.50497,-0.78854,-0.351,1.04
2496,578074.931798,0.49483,-0.79869,-0.34241,1.49
2497,578074.935442,0.50763,-0.78634,-0.3521,0.83
2498,578074.939082,0.51017,-0.78504,-0.35134,0.71
2499,578074.947806,0.5077,-0.78507,-0.35482,0.89
2500,578074.951133,0.50884,-0.78519,-0.35292,0.5
2501,578074.956134,0.5152,-0.77897,-0.35744,1.19
2502,578074.959599,0.50928,-0.78307,-0.35698,0.61
2503,578074.963183,0.51052,-0.78039,-0.36107,0.69
2504,578074.976278,0.52034,-0.77417,-0.36044,1.38
2505,578074.979975,0.50299,-0.78475,-0.36217,0.41
2506,578074.984892,0.51682,-0.77629,-0.36092,1.44
2507,578074.98791,0.50394,-0.78532,-0.3596,0.1
2508,578074.99222,0.50517,-0.78348,-0.36189,0.7
2509,578074.999875,0.50603,-0.78428,-0.35894,0.53
2510,578075.002863,0.50229,-0.78449,-0.3637,0.35
2511,578075.007387,0.502,-0.78622,-0.36036,0.33
2512,578075.011152,0.50383,-0.78485,-0.36079,0.12
2513,578075.015411,0.4991,-0.7869,-0.36289,0.64
2514,578075.023642,0.49685,-0.79489,-0.34827,1.64
2515,578075.027522,0.4961,-0.79045,-0.35926,0.53
2516,578075.032177,0.50011,-0.78629,-0.36283,0.77
2517,578075.035697,0.49388,-0.79172,-0.35952,0.92
2518,578075.039895,0.50009,-0.7872,-0.36086,0.76
2519,578075.044501,0.50499,-0.78672,-0.35504,0.21
2520,578075.051621,0.49635,-0.79082,-0.35811,0.43
2521,578075.059464,0.49951,-0.78848,-0.35887,0.59
2522,578075.065223,0.49835,-0.78826,-0.36097,0.65
2523,578075.067146,0.49934,-0.78884,-0.35833,0.59
2524,578075.077504,0.49762,-0.78958,-0.35909,0.4
2525,578075.078948,0.49724,-0.78983,-0.35907,0.29
2526,578075.084288,0.51081,-0.78395,-0.35285,2.28
2527,578075.087955,0.49568,-0.7909,-0.35886,0.08
2528,578075.092189,0.48382,-0.79191,-0.37255,2.77
2529,578075.099784,0.49552,-0.79211,-0.3564,0.41
2530,578075.104102,0.48966,-0.79895,-0.34917,2.01
2531,578075.106789,0.4972,-0.79167,-0.35503,0.59
2532,578075.11233,0.4978,-0.79294,-0.35134,0.3
2533,578075.115434,0.49743,-0.79445,-0.34845,0.28
2534,578075.120669,0.49897,-0.79363,-0.34812,0.13
2535,578075.128592,0.49786,-0.79198,-0.35342,0.56
2536,578075.131441,0.49894,-0.79309,-0.34939,0.11
2537,578075.144195,0.50401,-0.78467,-0.36091,2.06
2538,578075.15268,0.49745,-0.79286,-0.35202,0.39
2539,578075.155062,0.50077,-0.78875,-0.35652,0.75
2540,578075.159904,0.50082,-0.79111,-0.35117,0.47
2541,578075.163897,0.49983,-0.79152,-0.35167,0.45
2542,578075.168104,0.5004,-0.79204,-0.34969,0.55
2543,578075.176497,0.5011,-0.78451,-0.36531,2.05
2544,578075.179817,0.50325,-0.79086,-0.34827,0.03
2545,578075.183302,0.49432,-0.79331,-0.3554,1.48
2546,578075.18913,0.50422,-0.79035,-0.34801,0.5
2547,578075.192002,0.50169,-0.79193,-0.34807,0.47
2548,578075.195073,0.5056,-0.78915,-0.34873,0.22
2549,578075.204054,0.49626,-0.79745,-0.34322,0.9
2550,578075.207075,0.50651,-0.78851,-0.34885,0.16
2551,578075.212023,0.50859,-0.78783,-0.34737,0.32
2552,578075.215738,0.50766,-0.78749,-0.34948,0.24
2553,578075.23255,0.50585,-0.78803,-0.35089,0.42
2554,578075.235634,0.50871,-0.78479,-0.35401,0.17
2555,578075.239496,0.51033,-0.78466,-0.35196,0.64
2556,578075.243415,0.50596,-0.7851,-0.35725,0.36
2557,578075.252006,0.50573,-0.78591,-0.35577,0.33
2558,578075.255413,0.50404,-0.78329,-0.36386,1.75
2559,578075.258936,0.50632,-0.78468,-0.35764,0.29
2560,578075.263453,0.50414,-0.78911,-0.35093,0.48
2561,578075.267325,0.50347,-0.78683,-0.35696,0.19
2562,578075.271112,0.50612,-0.78316,-0.36126,0.76
2563,578075.279512,0.50414,-0.78609,-0.35763,0.21
2564,578075.283391,0.49434,-0.79368,-0.35453,1.45
2565,578075.288506,0.50118,-0.78863,-0.3562,0.45
2566,578075.291409,0.49011,-0.79558,-0.35616,2.06
2567,578075.295464,0.50524,-0.78732,-0.35335,0.46
2568,578075.304258,0.49538,-0.79085,-0.35939,1.87
2569,578075.31216,0.49755,-0.7966,-0.34333,2.03
2570,578075.316675,0.49981,-0.78806,-0.35936,0.51
2571,578075.319809,0.50485,-0.78613,-0.35654,0.29
2572,578075.328327,0.51269,-0.77599,-0.3674,1.22
2573,578075.331527,0.50324,-0.78548,-0.36023,0.57
2574,578075.335506,0.51122,-0.77631,-0.36877,1.95
2575,578075.339765,0.50197,-0.78474,-0.3636,1.07
2576,578075.342994,0.50432,-0.78302,-0.36406,0.86
2577,578075.348206,0.50032,-0.78597,-0.36323,0.78
2578,578075.356082,0.49907,-0.78775,-0.36108,0.86
2579,578075.35921,0.4973,-0.78929,-0.36016,0.31
2580,578075.364091,0.49907,-0.78754,-0.36155,0.86
2581,578075.367355,0.49905,-0.78933,-0.35763,0.55
2582,578075.371475,0.49145,-0.79222,-0.36175,0.9
2583,578075.379595,0.49864,-0.79128,-0.35389,0.53
2584,578075.382892,0.48924,-0.79413,-0.36056,0.62
2585,578075.400434,0.49692,-0.79227,-0.35408,0.42
2586,578075.408563,0.49431,-0.79366,-0.35463,0.78
2587,578075.411209,0.49913,-0.79192,-0.35175,0.39
2588,578075.416313,0.49872,-0.79315,-0.34957,0.18
2589,578075.419462,0.49675,-0.79077,-0.35766,0.73
2590,578075.424204,0.50905,-0.7795,-0.36503,2.22
2591,578075.431823,0.49499,-0.79345,-0.35413,0.03
2592,578075.435108,0.50586,-0.78217,-0.36376,1.28
2593,578075.440395,0.49918,-0.79173,-0.35211,0.09
2594,578075.443296,0.49668,-0.79142,-0.35633,0.47
2595,578075.447305,0.50044,-0.79055,-0.35297,0.23
2596,578075.455592,0.50043,-0.79072,-0.35261,0.83
2597,578075.459118,0.49844,-0.79165,-0.35333,0.3
2598,578075.464208,0.50058,-0.7906,-0.35266,0.68
2599,578075.467499,0.49931,-0.79156,-0.35232,0.11
2600,578075.472102,0.4976,-0.79383,-0.34962,0.39
2601,578075.488155,0.50163,-0.79014,-0.35221,0.17
2602,578075.491443,0.50585,-0.78851,-0.34982,1.39
2603,578075.496281,0.50357,-0.79175,-0.34575,0.31
2604,578075.499138,0.49565,-0.80093,-0.33593,1.9
2605,578075.508224,0.50114,-0.79294,-0.34657,0.2
2606,578075.511379,0.50383,-0.79032,-0.34863,0.82
2607,578075.516207,0.50305,-0.79052,-0.34932,0.53
2608,578075.519576,0.50556,-0.78958,-0.34781,0.26
2609,578075.523227,0.50654,-0.7889,-0.34793,0.33
2610,578075.531982,0.50552,-0.78886,-0.3495,0.42
2611,578075.535654,0.50679,-0.78568,-0.35478,0.79
2612,578075.540221,0.5064,-0.78693,-0.35257,0.4
2613,578075.544167,0.50787,-0.78432,-0.35624,0.57
2614,578075.547836,0.50639,-0.78711,-0.35218,0.21
2615,578075.551467,0.50605,-0.7814,-0.36514,1.58
2616,578075.559941,0.50687,-0.78622,-0.35347,0.25
2617,578075.568488,0.50742,-0.78602,-0.35311,0.45
2618,578075.573223,0.50631,-0.78636,-0.35398,0.62
2619,578075.575892,0.50449,-0.78726,-0.35456,0.44
2620,578075.583994,0.50281,-0.78667,-0.35823,0.77
2621,578075.587448,0.50464,-0.78723,-0.3544,0.44
2622,578075.593121,0.49505,-0.79439,-0.35195,1.51
2623,578075.595895,0.50325,-0.78712,-0.35663,0.67
2624,578075.600277,0.50438,-0.78602,-0.35747,0.61
2625,578075.608046,0.50908,-0.78064,-0.36254,1.88
2626,578075.611986,0.50058,-0.78858,-0.35716,0.33
2627,578075.615311,0.50263,-0.78803,-0.35549,0.6
2628,578075.619722,0.49936,-0.78894,-0.35807,0.34
2629,578075.623785,0.50158,-0.7854,-0.36272,0.96
2630,578075.627128,0.5002,-0.787,-0.36115,0.74
2631,578075.635771,0.49937,-0.78951,-0.35681,0.29
2632,578075.639215,0.50163,-0.78844,-0.35599,0.32
2633,578075.652368,0.49369,-0.79199,-0.35918,0.5
2634,578075.659233,0.49782,-0.78941,-0.35918,0.08
2635,578075.663566,0.49641,-0.78994,-0.35995,0.35
2636,578075.667839,0.49481,-0.79236,-0.35684,0.41
2637,578075.671451,0.49307,-0.79249,-0.35895,0.89
2638,578075.675131,0.49765,-0.79148,-0.35484,0.3
2639,578075.683344,0.49687,-0.79202,-0.35472,0.1
2640,578075.687598,0.5019,-0.79003,-0.35205,0.41
2641,578075.691053,0.49509,-0.79524,-0.34996,0.13
2642,578075.696208,0.49945,-0.79129,-0.35273,0.49
2643,578075.699732,0.49952,-0.79277,-0.34927,0.31
2644,578075.703827,0.50048,-0.79078,-0.35241,0.6
2645,578075.711846,0.50028,-0.79122,-0.35169,0.64
2646,578075.715046,0.49896,-0.79255,-0.35056,0.35
2647,578075.72005,0.49845,-0.79184,-0.3529,0.46
2648,578075.723792,0.49828,-0.79186,-0.35309,0.71
2649,578075.739487,0.50038,-0.79326,-0.34692,0.28
2650,578075.743235,0.49187,-0.79297,-0.35952,1.21
2651,578075.748575,0.50319,-0.79031,-0.34958,0.21
2652,578075.751533,0.49354,-0.79325,-0.3566,1.39
2653,578075.759606,0.50741,-0.78777,-0.34921,0.21
2654,578075.763378,0.51496,-0.78486,-0.3447,1.62
2655,578075.766923,0.50604,-0.78926,-0.34784,0.51
2656,578075.772097,0.49852,-0.79487,-0.34592,1.38
2657,578075.775811,0.50701,-0.78784,-0.34964,0.29
2658,578075.779102,0.51523,-0.78187,-0.35103,1.1
2659,578075.788235,0.50621,-0.78795,-0.35054,0.49
2660,578075.791439,0.50783,-0.78817,-0.3477,0.24
2661,578075.796972,0.50918,-0.78738,-0.3475,0.25
2662,578075.799735,0.50677,-0.78601,-0.35408,0.25
2663,578075.80359,0.51649,-0.77383,-0.36665,2.35
2664,578075.811723,0.50517,-0.78765,-0.35273,0.2
2665,578075.820059,0.50771,-0.78573,-0.35335,0.24
2666,578075.825265,0.50703,-0.78385,-0.35847,0.78
2667,578075.827349,0.50785,-0.7854,-0.35389,0.19
2668,578075.832447,0.50361,-0.78639,-0.35772,0.33
2669,578075.840104,0.50352,-0.78629,-0.35808,0.29
2670,578075.842875,0.50219,-0.78316,-0.36671,1.95
2671,578075.848315,0.5029,-0.78653,-0.35842,0.27
2672,578075.851013,0.50378,-0.78709,-0.35594,0.51
2673,578075.857255,0.50194,-0.78757,-0.35747,0.66
2674,578075.86409,0.4967,-0.79361,-0.35139,0.89
2675,578075.866818,0.49472,-0.78931,-0.36364,1.39
2676,578075.872543,0.5019,-0.78799,-0.35661,0.14
2677,578075.875558,0.50283,-0.78676,-0.35801,0.93
2678,578075.879057,0.50043,-0.78837,-0.35784,0.45
2679,578075.88739,0.50087,-0.78725,-0.35967,0.57
2680,578075.890969,0.50145,-0.78662,-0.36025,0.24
2681,578075.908374,0.49737,-0.78862,-0.36152,0.4
2682,578075.916592,0.4974,-0.78697,-0.36506,0.65
2683,578075.919678,0.49596,-0.78803,-0.36473,0.18
2684,578075.92539,0.49159,-0.78242,-0.3823,2.54
2685,578075.928143,0.49153,-0.7929,-0.36014,0.21
2686,578075.931167,0.48068,-0.79183,-0.37677,2.98
2687,578075.939863,0.4932,-0.79342,-0.3567,0.26
2688,578075.943184,0.4941,-0.78687,-0.36974,1.21
2689,578075.94801,0.49722,-0.79311,-0.35179,0.65
2690,578075.951681,0.49657,-0.79211,-0.35492,0.12
2691,578075.955348,0.49328,-0.79468,-0.35377,0.7
2692,578075.963709,0.49496,-0.79593,-0.34859,0.17
2693,578075.967064,0.49538,-0.79589,-0.34808,0.18
2694,578075.971599,0.49995,-0.79088,-0.35292,1.26
2695,578075.975788,0.49725,-0.79462,-0.34832,0.56
2696,578075.979177,0.49627,-0.79548,-0.34776,0.26
2697,578075.995865,0.50654,-0.78322,-0.36054,2.19
2698,578076.000113,0.49887,-0.79475,-0.34568,0.58
2699,578076.003469,0.50682,-0.78559,-0.35493,1.34
2700,578076.00744,0.5033,-0.7918,-0.34602,0.63
2701,578076.01604,0.50235,-0.79164,-0.34777,0.25
2702,578076.019572,0.5014,-0.79222,-0.34783,0.15
2703,578076.023874,0.51657,-0.78346,-0.34547,1.49
2704,578076.027443,0.50447,-0.79154,-0.34494,0.11
2705,578076.031068,0.50218,-0.79027,-0.35112,0.28
2706,578076.040486,0.50654,-0.79031,-0.34472,0.43
2707,578076.043207,0.49169,-0.79842,-0.34752,1.59
2708,578076.048503,0.50968,-0.78725,-0.34709,0.51
2709,578076.051282,0.50506,-0.78925,-0.3493,0.78
2710,578076.055495,0.51046,-0.78595,-0.34886,0.13
2711,578076.064272,0.50997,-0.78705,-0.34712,0.21
2712,578076.067726,0.51207,-0.78567,-0.34715,0.57
2713,578076.075751,0.51136,-0.78444,-0.35095,0.14
2714,578076.080948,0.50879,-0.78569,-0.35189,0.3
2715,578076.083124,0.51066,-0.78373,-0.35354,0.34
2716,578076.092493,0.51153,-0.78263,-0.35471,0.39
2717,578076.094965,0.51436,-0.77745,-0.36195,1.25
2718,578076.100963,0.50694,-0.78369,-0.35895,0.53
2719,578076.103636,0.50656,-0.78286,-0.36128,0.51
2720,578076.107469,0.50711,-0.78316,-0.35985,0.39
2721,578076.115429,0.50313,-0.77932,-0.37351,1.89
2722,578076.119631,0.50242,-0.78675,-0.3586,0.13
2723,578076.123033,0.49295,-0.79014,-0.36426,1.82
2724,578076.128896,0.50116,-0.78665,-0.36058,0.53
2725,578076.131178,0.49629,-0.7832,-0.37455,1.31
2726,578076.135132,0.50334,-0.78549,-0.36008,0.58
2727,578076.143426,0.50905,-0.7731,-0.3784,2.77
2728,578076.147385,0.49899,-0.78728,-0.36222,0.34
2729,578076.160118,0.49968,-0.78903,-0.35742,0.54
2730,578076.16772,0.49468,-0.79113,-0.35973,0.09
2731,578076.17154,0.49203,-0.79066,-0.36438,0.54
2732,578076.175992,0.49542,-0.79111,-0.35876,0.44
2733,578076.180363,0.49102,-0.79108,-0.36481,0.76
2734,578076.183442,0.49635,-0.78756,-0.36523,1.36
2735,578076.192566,0.48943,-0.79459,-0.35929,0.35
2736,578076.195398,0.49103,-0.78638,-0.37482,2.5
2737,578076.199261,0.49267,-0.79386,-0.35646,0.13
2738,578076.204997,0.50452,-0.78608,-0.35711,1.42
2739,578076.207832,0.49455,-0.79442,-0.35259,0.45
2740,578076.211628,0.5036,-0.78814,-0.35386,1.73
2741,578076.219558,0.49305,-0.79445,-0.3546,0.22
2742,578076.223051,0.49871,-0.80128,-0.3305,2.71
2743,578076.227212,0.49364,-0.795,-0.35256,0.09
2744,578076.232229,0.4854,-0.80193,-0.34828,1.44
2745,578076.248286,0.49945,-0.79284,-0.34922,0.33
2746,578076.251273,0.47875,-0.80917,-0.34065,2.0
2747,578076.256656,0.49711,-0.79414,-0.34961,0.6
2748,578076.25923,0.49818,-0.79479,-0.34659,0.64
2749,578076.268263,0.49885,-0.79525,-0.34458,0.56
2750,578076.271261,0.50079,-0.7938,-0.3451,0.46
2751,578076.275374,0.50096,-0.79374,-0.345,0.3
2752,578076.280138,0.50243,-0.79134,-0.34835,0.59
2753,578076.284296,0.50445,-0.78931,-0.35004,0.61
2754,578076.287451,0.50444,-0.78958,-0.34943,0.31
2755,578076.29575,0.50152,-0.7906,-0.35132,0.67
2756,578076.298815,0.50655,-0.7883,-0.34927,0.21
2757,578076.30448,0.50694,-0.78013,-0.36661,2.86
2758,578076.307807,0.50334,-0.79038,-0.34922,0.2
2759,578076.312262,0.50515,-0.78551,-0.35749,1.45
2760,578076.320565,0.5055,-0.78953,-0.34801,0.26
2761,578076.333193,0.50517,-0.79086,-0.34547,0.32
2762,578076.335697,0.5081,-0.78721,-0.34948,0.13
2763,578076.340381,0.50789,-0.78911,-0.34548,0.13
2764,578076.349013,0.50702,-0.78748,-0.35043,0.28
2765,578076.350801,0.50829,-0.78672,-0.35031,0.87
2766,578076.356464,0.5049,-0.78812,-0.35205,0.74
2767,578076.3597,0.50828,-0.78498,-0.35421,0.44
2768,578076.363608,0.50731,-0.78581,-0.35376,0.31
2769,578076.371513,0.50693,-0.7847,-0.35676,0.79
2770,578076.375118,0.50877,-0.78261,-0.35872,1.21
2771,578076.380555,0.50183,-0.78876,-0.355,0.55
2772,578076.383667,0.50955,-0.78516,-0.35198,0.72
2773,578076.387546,0.5012,-0.78815,-0.35723,0.17
2774,578076.395573,0.50296,-0.78683,-0.35766,0.35
2775,578076.399296,0.5027,-0.78847,-0.35443,0.45
2776,578076.404362,0.49987,-0.78928,-0.35659,0.24
2777,578076.416385,0.50036,-0.78783,-0.35912,0.29
2778,578076.423448,0.50258,-0.78894,-0.35355,0.45
2779,578076.427131,0.49749,-0.79132,-0.35542,0.34
2780,578076.431918,0.50164,-0.7873,-0.35848,0.54
2781,578076.435462,0.49882,-0.79152,-0.35309,0.28
2782,578076.440115,0.497,-0.79183,-0.35497,0.35
2783,578076.44781,0.50032,-0.79134,-0.35137,0.41
2784,578076.450918,0.49623,-0.79279,-0.35388,0.19
2785,578076.456045,0.49843,-0.78943,-0.35829,0.69
2786,578076.460176,0.49682,-0.79165,-0.35561,0.16
2787,578076.464168,0.50653,-0.7871,-0.352,0.71
2788,578076.472146,0.4974,-0.79128,-0.35563,0.3
2789,578076.475104,0.49777,-0.79045,-0.35695,0.81
2790,578076.480623,0.49679,-0.79176,-0.35542,0.4
2791,578076.483679,0.48803,-0.78838,-0.37454,2.84
2792,578076.488485,0.49803,-0.79212,-0.35286,0.56
2793,578076.503469,0.47715,-0.79877,-0.36646,2.85
2794,578076.50722,0.49986,-0.7926,-0.34917,0.14
2795,578076.511867,0.49783,-0.79525,-0.34604,0.37
2796,578076.515601,0.50144,-0.79119,-0.3501,0.17
2797,578076.524902,0.50134,-0.79464,-0.34235,0.67
2798,578076.526872,0.50218,-0.79244,-0.3462,0.54
2799,578076.532755,0.50583,-0.79034,-0.34568,0.32
2800,578076.535392,0.50347,-0.79277,-0.34355,0.21
2801,578076.540006,0.50364,-0.79063,-0.34822,0.91
2802,578076.548449,0.50353,-0.7919,-0.34547,0.49
2803,578076.550842,0.5053,-0.78996,-0.34734,0.34
2804,578076.556677,0.50845,-0.78787,-0.34747,0.53
2805,578076.559371,0.50817,-0.78767,-0.34834,0.72
2806,578076.564424,0.50871,-0.7858,-0.35175,0.93
2807,578076.572224,0.50687,-0.78884,-0.34758,0.37
2808,578076.575563,0.50796,-0.7858,-0.35284,0.78
2809,578076.585052,0.5118,-0.78304,-0.35341,0.45
2810,578076.588994,0.50874,-0.78748,-0.34794,0.14
2811,578076.591143,0.50787,-0.78517,-0.35438,0.3
2812,578076.599465,0.50681,-0.78633,-0.3533,0.07
2813,578076.603263,0.50871,-0.7845,-0.35465,0.32
2814,578076.609296,0.50629,-0.78671,-0.35321,0.16
2815,578076.61204,0.51162,-0.77431,-0.3724,2.63
2816,578076.615174,0.50517,-0.78822,-0.35143,0.38
2817,578076.623873,0.50703,-0.7868,-0.35193,0.44
2818,578076.628098,0.50646,-0.78786,-0.35039,0.14
2819,578076.630996,0.5071,-0.7878,-0.34959,0.43
2820,578076.635976,0.5076,-0.78678,-0.35116,0.42
2821,578076.639248,0.50361,-0.78745,-0.3554,0.29
2822,578076.643673,0.504,-0.78657,-0.35678,0.56
2823,578076.651265,0.50309,-0.7864,-0.35844,0.01
2824,578076.655128,0.50648,-0.77928,-0.36906,1.51
2825,578076.668961,0.5011,-0.7866,-0.36078,0.38
2826,578076.675711,0.49886,-0.77906,-0.37974,2.88
2827,578076.679283,0.50038,-0.78805,-0.35861,0.45
2828,578076.684113,0.50016,-0.78399,-0.36768,2.0
2829,578076.687611,0.49739,-0.79059,-0.35717,0.37
2830,578076.691219,0.49765,-0.79117,-0.35551,0.19
2831,578076.699659,0.49957,-0.78989,-0.35567,0.54
2832,578076.703451,0.49384,-0.79114,-0.36086,0.52
2833,578076.707074,0.49982,-0.78916,-0.35694,1.21
2834,578076.711618,0.49697,-0.79302,-0.35233,0.51
2835,578076.716036,0.49985,-0.78966,-0.35578,0.6
2836,578076.719143,0.4988,-0.79104,-0.35419,0.29
2837,578076.728176,0.49653,-0.79122,-0.35698,0.65
2838,578076.730829,0.50435,-0.78592,-0.35772,1.37
2839,578076.736461,0.49736,-0.79269,-0.35252,0.17
2840,578076.739672,0.49593,-0.79027,-0.3599,0.25
2841,578076.744257,0.50041,-0.79029,-0.35361,0.34
2842,578076.755405,0.50999,-0.781,-0.36049,1.79
2843,578076.760522,0.49574,-0.79247,-0.35528,0.36
2844,578076.763748,0.49581,-0.78616,-0.36895,2.03
2845,578076.767282,0.49816,-0.79306,-0.35055,0.28
2846,578076.775976,0.49835,-0.79102,-0.35486,0.78
2847,578076.779527,0.49935,-0.79218,-0.35085,0.62
2848,578076.78309,0.49484,-0.79311,-0.35513,0.19
2849,578076.788396,0.49746,-0.7935,-0.35056,0.49
2850,578076.792228,0.49749,-0.79321,-0.35118,0.6
2851,578076.796498,0.49972,-0.79304,-0.34837,0.27
2852,578076.804078,0.50047,-0.79357,-0.34609,0.4
2853,578076.807287,0.49615,-0.79253,-0.35458,1.26
2854,578076.813092,0.50291,-0.79144,-0.34744,0.12
2855,578076.81567,0.5045,-0.79097,-0.34619,0.4
2856,578076.820276,0.50326,-0.79072,-0.34855,0.22
2857,578076.827896,0.50546,-0.78952,-0.3481,0.67
2858,578076.830864,0.50322,-0.79054,-0.34902,0.39
2859,578076.849071,0.50661,-0.78663,-0.35293,0.36
2860,578076.856937,0.50538,-0.78616,-0.35574,0.4
2861,578076.859086,0.50449,-0.7877,-0.35358,0.32
2862,578076.86395,0.50582,-0.78644,-0.35448,0.62
2863,578076.867462,0.50445,-0.78799,-0.35297,0.25
2864,578076.871356,0.50446,-0.78262,-0.36473,1.98
2865,578076.879402,0.50197,-0.79046,-0.351,0.13
2866,578076.883145,0.50683,-0.78823,-0.34903,0.37
2867,578076.888123,0.5039,-0.78899,-0.35154,0.56
2868,578076.891863,0.50283,-0.78847,-0.35422,0.53
2869,578076.896178,0.50783,-0.78753,-0.34915,0.59
2870,578076.903959,0.48762,-0.78997,-0.37172,2.67
2871,578076.907384,0.50371,-0.79035,-0.34874,0.12
2872,578076.913004,0.49481,-0.79561,-0.34951,1.63
2873,578076.915588,0.50448,-0.78845,-0.35192,0.24
2874,578076.919531,0.50335,-0.78797,-0.3546,0.61
2875,578076.936214,0.50366,-0.78725,-0.35577,0.34
2876,578076.939387,0.50404,-0.78665,-0.35655,0.29
2877,578076.944578,0.50419,-0.78475,-0.36051,0.8
2878,578076.947697,0.50188,-0.78971,-0.3528,0.54
2879,578076.95601,0.49965,-0.7889,-0.35775,0.4
2880,578076.958821,0.50174,-0.78865,-0.35538,0.14
2881,578076.96378,0.50177,-0.78299,-0.36763,1.4
2882,578076.967303,0.5025,-0.78941,-0.35259,0.79
2883,578076.972347,0.49562,-0.78765,-0.36603,1.19
2884,578076.980456,0.50232,-0.78823,-0.35549,0.25
2885,578076.983017,0.49728,-0.78748,-0.36413,1.28
2886,578076.98797,0.5008,-0.78963,-0.35452,0.22
2887,578076.992409,0.50467,-0.78947,-0.34935,0.19
2888,578076.995485,0.49934,-0.79252,-0.35009,0.36
2889,578077.000284,0.50324,-0.78977,-0.35073,0.06
2890,578077.007534,0.50338,-0.7901,-0.34978,0.26
2891,578077.017401,0.50567,-0.78835,-0.35044,0.43
2892,578077.021265,0.49842,-0.79216,-0.35223,0.03
2893,578077.023822,0.4982,-0.79246,-0.35185,0.52
2894,578077.031488,0.5024,-0.78997,-0.3515,0.09
2895,578077.035182,0.50994,-0.78082,-0.36094,1.28
2896,578077.039704,0.5007,-0.79016,-0.35347,0.46
2897,578077.043655,0.50003,-0.79002,-0.35475,0.58
2898,578077.048297,0.50167,-0.789,-0.35469,0.44
2899,578077.055956,0.50104,-0.7881,-0.35757,0.74
2900,578077.059978,0.50182,-0.78817,-0.35631,0.3
2901,578077.063124,0.50266,-0.78875,-0.35384,0.93
2902,578077.068145,0.50096,-0.79114,-0.3509,0.35
2903,578077.071519,0.50082,-0.79055,-0.35244,0.18
2904,578077.076227,0.50072,-0.79127,-0.35095,0.33
2905,578077.084379,0.50318,-0.78852,-0.35362,0.46
2906,578077.087303,0.50477,-0.79001,-0.34798,0.54
2907,578077.101558,0.50374,-0.79016,-0.34913,0.12
2908,578077.108073,0.50916,-0.78595,-0.35077,1.59
2909,578077.110925,0.50546,-0.78939,-0.34838,0.26
2910,578077.117033,0.50332,-0.7893,-0.35168,0.56
2911,578077.11976,0.50249,-0.78871,-0.35417,0.72
2912,578077.124526,0.49994,-0.78415,-0.36766,2.19
2913,578077.132724,0.51135,-0.78295,-0.35428,0.28
2914,578077.135833,0.5193,-0.77952,-0.35024,1.23
2915,578077.138991,0.50164,-0.79023,-0.35199,0.47
2916,578077.144177,0.50221,-0.78911,-0.35368,1.18
2917,578077.148081,0.50305,-0.78889,-0.35297,0.12
2918,578077.151748,0.50132,-0.78768,-0.35809,0.47
2919,578077.159958,0.50592,-0.78765,-0.35164,0.59
2920,578077.163035,0.49319,-0.78575,-0.3733,2.29
2921,578077.168364,0.50522,-0.78779,-0.35234,0.47
2922,578077.172083,0.50445,-0.78222,-0.3656,1.38
2923,578077.187765,0.50373,-0.78805,-0.35387,0.79
2924,578077.191152,0.50737,-0.7855,-0.35435,0.7
2925,578077.196121,0.50617,-0.788,-0.35049,0.06
2926,578077.199513,0.50484,-0.78731,-0.35396,0.48
2927,578077.207166,0.50639,-0.78722,-0.35192,0.07
2928,578077.211802,0.50069,-0.78927,-0.35549,0.19
2929,578077.215267,0.50737,-0.78331,-0.35917,0.74
2930,578077.22043,0.5033,-0.78779,-0.35506,0.43
2931,578077.223865,0.5034,-0.78561,-0.35972,0.8
2932,578077.227587,0.50544,-0.78706,-0.35365,0.29
2933,578077.23554,0.49628,-0.79108,-0.35763,1.1
2934,578077.239117,0.5038,-0.7875,-0.355,0.08
2935,578077.243522,0.51127,-0.78254,-0.3553,1.56
2936,578077.247544,0.50329,-0.78849,-0.35353,0.2
2937,578077.251645,0.4854,-0.79953,-0.35375,1.65
2938,578077.259966,0.49935,-0.79075,-0.35407,0.14
2939,578077.272702,0.495,-0.7922,-0.35693,0.52
2940,578077.27551,0.50218,-0.78824,-0.35566,0.1
2941,578077.283773,0.49908,-0.79354,-0.34816,0.54
2942,578077.287346,0.50335,-0.79007,-0.34989,0.27
2943,578077.292056,0.50285,-0.78838,-0.35441,0.87
2944,578077.295988,0.49951,-0.79147,-0.35224,0.17
2945,578077.300595,0.50314,-0.78916,-0.35225,0.44
2946,578077.303336,0.5108,-0.78103,-0.35927,1.1
2947,578077.311446,0.50106,-0.78948,-0.35448,0.51
2948,578077.315111,0.51088,-0.78048,-0.36035,1.21
2949,578077.32019,0.50579,-0.78692,-0.35346,0.65
2950,578077.324401,0.50224,-0.78874,-0.35447,0.77
2951,578077.328303,0.49912,-0.7909,-0.35405,0.43
2952,578077.336408,0.50561,-0.78793,-0.35145,0.72
2953,578077.339554,0.50028,-0.7902,-0.35398,0.06
2954,578077.357085,0.50261,-0.78329,-0.36586,1.46
2955,578077.363849,0.50137,-0.79175,-0.34894,0.36
2956,578077.366896,0.5029,-0.78874,-0.35353,0.15
2957,578077.371731,0.4935,-0.79743,-0.34722,0.95
2958,578077.37577,0.50343,-0.79085,-0.34801,0.38
2959,578077.379794,0.5012,-0.79205,-0.3485,0.47
2960,578077.38734,0.50377,-0.79016,-0.3491,0.12
2961,578077.391162,0.50213,-0.79102,-0.3495,0.49
2962,578077.396098,0.50698,-0.78752,-0.35041,0.53
2963,578077.3994,0.50519,-0.79031,-0.34668,0.87
2964,578077.403029,0.5002,-0.7906,-0.35319,0.22
2965,578077.412616,0.5043,-0.78854,-0.35197,0.39
2966,578077.415402,0.50628,-0.78727,-0.35198,0.55
2967,578077.420596,0.50452,-0.78768,-0.35358,0.15
2968,578077.42424,0.49234,-0.79401,-0.35658,2.25
2969,578077.427783,0.50118,-0.78839,-0.35675,0.24
2970,578077.443587,0.4921,-0.7938,-0.35739,1.55
2971,578077.448193,0.50536,-0.78843,-0.35069,0.27
2972,578077.451655,0.50186,-0.78972,-0.35282,0.22
2973,578077.456058,0.50524,-0.78778,-0.35234,0.09
2974,578077.463952,0.5026,-0.78937,-0.35256,0.18
2975,578077.467176,0.50092,-0.78997,-0.35358,1.22
2976,578077.472635,0.50132,-0.79257,-0.34715,0.41
2977,578077.475397,0.50313,-0.78801,-0.35481,1.11
2978,578077.479245,0.50358,-0.79042,-0.34876,0.09
2979,578077.487543,0.50356,-0.78967,-0.3505,0.49
2980,578077.491048,0.50412,-0.78814,-0.35312,0.33
2981,578077.49562,0.50411,-0.78912,-0.35096,0.48
2982,578077.499482,0.50422,-0.78717,-0.35514,0.65
2983,578077.504037,0.50463,-0.78589,-0.35739,1.03
2984,578077.506916,0.50369,-0.787,-0.35626,0.5
2985,578077.515949,0.50616,-0.78551,-0.35606,1.09
2986,578077.524799,0.50596,-0.78345,-0.36086,0.83
2987,578077.529486,0.50229,-0.78856,-0.35479,0.25
2988,578077.531308,0.51508,-0.7784,-0.35888,1.16
2989,578077.539855,0.50506,-0.78743,-0.35337,0.67
2990,578077.543496,0.49741,-0.78249,-0.37456,2.45
2991,578077.548485,0.50232,-0.78822,-0.35551,0.36
2992,578077.551642,0.5026,-0.7901,-0.35092,0.56
2993,578077.556404,0.50283,-0.78742,-0.35656,0.24
2994,578077.564823,0.50583,-0.78703,-0.35317,0.61
2995,578077.567666,0.50082,-0.79106,-0.35128,0.5
2996,578077.571846,0.50219,-0.78854,-0.35499,0.55
2997,578077.576634,0.49993,-0.79116,-0.35234,0.41
2998,578077.579396,0.50276,-0.78698,-0.35762,0.82
2999,578077.584774,0.50286,-0.78894,-0.35314,0.62
3000,578077.5921,0.49699,-0.7919,-0.35482,0.15
3001,578077.594841,0.51012,-0.78276,-0.35646,0.91
3002,578077.608667,0.50213,-0.78946,-0.353,0.26
3003,578077.615428,0.49989,-0.78989,-0.35524,0.56
3004,578077.619161,0.50011,-0.78952,-0.35575,0.11
3005,578077.625239,0.49897,-0.78945,-0.35749,0.68
3006,578077.627714,0.5025,-0.78826,-0.35517,0.46
3007,578077.631218,0.49906,-0.78546,-0.36606,1.71
3008,578077.63953,0.49893,-0.79201,-0.35184,0.41
3009,578077.643647,0.48863,-0.79029,-0.36971,3.04
3010,578077.647125,0.50015,-0.79173,-0.35074,0.58
3011,578077.651729,0.50147,-0.79053,-0.35155,0.16
3012,578077.655082,0.49717,-0.79131,-0.35588,1.58
3013,578077.659078,0.50292,-0.79071,-0.34907,0.47
3014,578077.667402,0.50181,-0.78861,-0.35537,0.99
3015,578077.671265,0.50384,-0.78915,-0.35127,0.69
3016,578077.676232,0.50407,-0.78876,-0.3518,0.56
3017,578077.679814,0.50258,-0.78925,-0.35286,0.43
3018,578077.69596,0.50438,-0.7854,-0.35882,0.71
3019,578077.699206,0.50538,-0.78771,-0.35229,0.77
3020,578077.703497,0.50579,-0.78727,-0.35267,0.21
3021,578077.708426,0.50114,-0.79099,-0.35098,0.29
3022,578077.716979,0.50094,-0.79168,-0.34972,0.17
3023,578077.720181,0.50304,-0.78954,-0.35153,0.06
3024,578077.723775,0.50252,-0.78864,-0.35429,0.57
3025,578077.72817,0.5034,-0.79031,-0.3493,0.47
3026,578077.731939,0.50021,-0.79045,-0.35354,0.19
3027,578077.736127,0.50103,-0.79128,-0.35048,0.33
3028,578077.744151,0.50884,-0.7872,-0.34842,0.41
3029,578077.747434,0.50095,-0.79176,-0.34951,0.28
3030,578077.752532,0.50465,-0.78968,-0.3489,0.61
3031,578077.75609,0.50251,-0.79145,-0.34799,0.09
3032,578077.759866,0.50554,-0.7895,-0.34802,0.3
3033,578077.767998,0.52442,-0.7779,-0.34621,2.17
3034,578077.780332,0.50228,-0.78975,-0.35215,0.51
3035,578077.78369,0.51564,-0.77947,-0.35572,1.77
3036,578077.792016,0.50473,-0.78729,-0.35416,0.5
3037,578077.796342,0.5054,-0.7852,-0.35783,0.72
3038,578077.799373,0.50623,-0.78614,-0.35456,0.46
3039,578077.80433,0.48913,-0.79288,-0.36343,2.03
3040,578077.808189,0.50254,-0.78742,-0.35696,0.15
3041,578077.812068,0.504,-0.78561,-0.35888,0.48
3042,578077.820152,0.5022,-0.78837,-0.35534,0.08
3043,578077.823814,0.50221,-0.78279,-0.36746,1.55
3044,578077.829697,0.50117,-0.7905,-0.35203,0.13
3045,578077.832221,0.49122,-0.79545,-0.35489,1.49
3046,578077.835629,0.50096,-0.79004,-0.35337,0.47
3047,578077.844335,0.51474,-0.77898,-0.35809,1.72
3048,578077.846986,0.50668,-0.78752,-0.35084,0.33
3049,578077.864743,0.51371,-0.78294,-0.35086,1.76
3050,578077.872505,0.50212,-0.78907,-0.35391,0.22
3051,578077.875377,0.51003,-0.78513,-0.35133,0.6
3052,578077.880581,0.50338,-0.78684,-0.35706,0.71
3053,578077.883426,0.50177,-0.78554,-0.36214,0.8
3054,578077.888493,0.50417,-0.78529,-0.35935,0.85
3055,578077.895857,0.50068,-0.78746,-0.35948,0.61
3056,578077.899007,0.49907,-0.78939,-0.35748,0.28
3057,578077.903936,0.49815,-0.78845,-0.36083,0.7
3058,578077.908458,0.49976,-0.78867,-0.3581,0.2
3059,578077.912523,0.48425,-0.79191,-0.37199,2.88
3060,578077.920115,0.50036,-0.79072,-0.35271,0.61
3061,578077.922846,0.48938,-0.7987,-0.35012,1.64
3062,578077.928088,0.49666,-0.79156,-0.35603,0.75
3063,578077.931314,0.50193,-0.7913,-0.34916,0.17
3064,578077.936132,0.50028,-0.79143,-0.35123,0.46
3065,578077.95205,0.49802,-0.79286,-0.35122,0.66
3066,578077.956039,0.51371,-0.7839,-0.34871,1.78
3067,578077.960292,0.50072,-0.79097,-0.35164,0.64
3068,578077.963115,0.50305,-0.79013,-0.3502,0.25
3069,578077.972258,0.49888,-0.79191,-0.35213,0.28
3070,578077.97531,0.50401,-0.78245,-0.36572,2.26
3071,578077.981122,0.5015,-0.78958,-0.35364,0.29
3072,578077.983933,0.50115,-0.78837,-0.35683,0.59
3073,578077.987544,0.50192,-0.78931,-0.35365,0.01
3074,578077.995726,0.50052,-0.78874,-0.35689,0.29
3075,578077.999084,0.50092,-0.78873,-0.35635,0.09
3076,578078.003206,0.49638,-0.7842,-0.37235,2.75
3077,578078.007859,0.50488,-0.78668,-0.35528,0.32
3078,578078.012365,0.48706,-0.79374,-0.36436,2.63
3079,578078.016075,0.5011,-0.78991,-0.35347,0.44
3080,578078.024014,0.50142,-0.78861,-0.35591,0.72
3081,578078.03632,0.50369,-0.78792,-0.35422,0.23
3082,578078.039315,0.50823,-0.78543,-0.35327,1.44
3083,578078.049341,0.5019,-0.79014,-0.35182,0.39
3084,578078.05091,0.50304,-0.78881,-0.35317,0.29
3085,578078.05736,0.50456,-0.78904,-0.35048,0.2
3086,578078.059505,0.50282,-0.78879,-0.35354,0.3
3087,578078.065014,0.50645,-0.78758,-0.35103,0.23
3088,578078.072143,0.50183,-0.78857,-0.35543,0.55
3089,578078.07628,0.5025,-0.78279,-0.36707,1.94
3090,578078.079395,0.50507,-0.7863,-0.35585,0.58
3091,578078.084774,0.50305,-0.78122,-0.36965,1.86
3092,578078.087728,0.50211,-0.78841,-0.35537,0.16
3093,578078.092147,0.50124,-0.78694,-0.35983,0.65
3094,578078.099702,0.50362,-0.78721,-0.35589,0.38
3095,578078.103138,0.5006,-0.78247,-0.37033,1.33
3096,578078.116342,0.50126,-0.78771,-0.35813,0.6
3097,578078.123582,0.50187,-0.78698,-0.35888,0.57
3098,578078.127537,0.50017,-0.78956,-0.35556,0.21
3099,578078.132252,0.50538,-0.78677,-0.35438,0.49
3100,578078.136127,0.50119,-0.78966,-0.35391,0.19
3101,578078.139895,0.50232,-0.7864,-0.35952,0.63
3102,578078.147914,0.49964,-0.78957,-0.35628,0.13
3103,578078.152084,0.50038,-0.78802,-0.35867,0.97
3104,578078.154812,0.50983,-0.77765,-0.36787,2.17
3105,578078.159957,0.49757,-0.79078,-0.3565,0.41
3106,578078.16339,0.50072,-0.78608,-0.36243,1.48
3107,578078.167552,0.49897,-0.79093,-0.3542,0.16
3108,578078.175701,0.49833,-0.79091,-0.35514,0.42
3109,578078.178907,0.49953,-0.7927,-0.34943,0.13
3110,578078.183521,0.49651,-0.79191,-0.35548,0.37
3111,578078.187483,0.4988,-0.79179,-0.35252,0.34
3112,578078.203578,0.49752,-0.78697,-0.3649,1.6
3113,578078.20708,0.5029,-0.7894,-0.35204,0.58
3114,578078.212035,0.49864,-0.79279,-0.35047,0.65
3115,578078.215966,0.50303,-0.79048,-0.34944,0.16
3116,578078.224221,0.50252,-0.79188,-0.34698,0.1
3117,578078.228394,0.50297,-0.79192,-0.34624,0.43
3118,578078.231122,0.50069,-0.78966,-0.3546,0.7
3119,578078.236917,0.50117,-0.79153,-0.34972,0.47
3120,578078.240217,0.50188,-0.78982,-0.35257,0.22
3121,578078.243205,0.5043,-0.7892,-0.3505,0.51
3122,578078.251782,0.5009,-0.79054,-0.35236,0.25
3123,578078.25506,0.50444,-0.78298,-0.36399,1.47
3124,578078.26034,0.50271,-0.78943,-0.35226,0.61
3125,578078.26425,0.50207,-0.78758,-0.35728,0.69
3126,578078.268245,0.50489,-0.78727,-0.35396,0.27
3127,578078.275572,0.49286,-0.79415,-0.35555,1.25
3128,578078.284587,0.50084,-0.78287,-0.36915,3.2
3129,578078.288992,0.50298,-0.79118,-0.34791,0.1
3130,578078.291613,0.50739,-0.78602,-0.35317,0.25
3131,578078.296021,0.50462,-0.79071,-0.34662,0.67
3132,578078.303525,0.5039,-0.7813,-0.36831,2.49
3133,578078.307011,0.50568,-0.78904,-0.34887,0.51
3134,578078.311584,0.50711,-0.78907,-0.34671,0.16
3135,578078.315573,0.50545,-0.78974,-0.3476,0.23
3136,578078.319391,0.50969,-0.78721,-0.34714,0.26
3137,578078.327673,0.50536,-0.78894,-0.34955,0.65
3138,578078.330906,0.50569,-0.78812,-0.35092,0.11
3139,578078.33644,0.50591,-0.78641,-0.35442,0.26
3140,578078.33961,0.50573,-0.78647,-0.35455,0.46
3141,578078.344748,0.50875,-0.7843,-0.35504,0.66
3142,578078.352096,0.50238,-0.78813,-0.3556,0.53
3143,578078.355065,0.50497,-0.78356,-0.362,1.27
3144,578078.3722,0.51886,-0.77742,-0.35553,1.07
3145,578078.379566,0.50314,-0.78784,-0.3552,0.03
3146,578078.38361,0.48874,-0.78775,-0.37494,2.59
3147,578078.387657,0.50423,-0.78626,-0.35715,0.32
3148,578078.39166,0.50218,-0.78645,-0.35959,0.3
3149,578078.395547,0.50443,-0.78763,-0.35382,0.35
3150,578078.403864,0.49737,-0.78859,-0.3616,1.09
3151,578078.40711,0.50177,-0.78944,-0.35357,0.28
3152,578078.411298,0.50169,-0.78915,-0.35433,0.28
3153,578078.415441,0.50198,-0.78921,-0.35378,0.58
3154,578078.419534,0.49823,-0.79228,-0.35223,0.5
3155,578078.427964,0.50259,-0.78787,-0.3559,0.56
3156,578078.431088,0.49915,-0.79001,-0.35599,0.2
3157,578078.436715,0.50055,-0.78718,-0.36027,0.48
3158,578078.439334,0.49913,-0.7889,-0.35848,0.58
3159,578078.45627,0.49926,-0.78664,-0.36323,0.67
3160,578078.45982,0.49812,-0.78938,-0.35883,0.23
3161,578078.464296,0.49895,-0.78701,-0.36286,0.52
3162,578078.467366,0.49614,-0.79138,-0.35716,0.26
3163,578078.471424,0.49499,-0.79049,-0.36071,0.28
3164,578078.480502,0.49652,-0.79209,-0.35505,0.15
3165,578078.482993,0.49594,-0.79343,-0.35286,0.33
3166,578078.488991,0.49935,-0.79197,-0.35131,0.58
3167,578078.491784,0.49652,-0.79382,-0.35118,0.48
3168,578078.495763,0.49826,-0.79305,-0.35044,0.31
3169,578078.504016,0.48896,-0.79913,-0.34974,1.08
3170,578078.507151,0.49784,-0.79253,-0.35221,0.54
3171,578078.512168,0.5015,-0.79159,-0.34911,0.78
3172,578078.516154,0.49958,-0.7932,-0.34822,0.25
3173,578078.519116,0.49857,-0.79335,-0.34931,0.5
3174,578078.527834,0.50169,-0.79203,-0.34784,0.37
3175,578078.53546,0.51832,-0.7794,-0.35196,1.86
3176,578078.541216,0.50066,-0.79174,-0.34998,0.59
3177,578078.543153,0.50233,-0.78927,-0.35316,1.03
3178,578078.548023,0.5041,-0.79008,-0.34878,0.28
3179,578078.556708,0.50318,-0.78473,-0.36195,1.76
3180,578078.558768,0.50563,-0.78911,-0.34879,0.34
3181,578078.564741,0.51698,-0.78275,-0.34645,1.4
3182,578078.567327,0.50518,-0.78858,-0.35062,0.11
3183,578078.572249,0.50675,-0.78803,-0.3496,0.06
3184,578078.579648,0.50655,-0.78787,-0.35023,0.42
3185,578078.583925,0.50956,-0.78562,-0.35092,0.51
3186,578078.586964,0.50669,-0.78733,-0.35126,0.5
3187,578078.592152,0.5148,-0.78107,-0.35343,1.07
3188,578078.595847,0.50915,-0.78639,-0.3498,0.29
3189,578078.599109,0.51627,-0.77824,-0.3575,1.4
3190,578078.607746,0.5076,-0.78803,-0.34835,0.38
3191,578078.611523,0.50856,-0.78322,-0.35767,1.33
3192,578078.624254,0.50406,-0.78748,-0.35469,0.43
3193,578078.631233,0.49473,-0.79075,-0.36049,0.34
3194,578078.635611,0.48533,-0.79746,-0.35849,0.35
3195,578078.641814,0.46549,-0.80502,-0.36777,0.46
3196,578078.644671,0.45792,-0.80855,-0.36953,0.53
3197,578078.647468,0.44222,-0.81583,-0.37263,1.17
3198,578078.656083,0.46421,-0.80193,-0.37605,4.03
3199,578078.659387,0.41892,-0.82752,-0.37379,0.44
3200,578078.663157,0.3992,-0.83175,-0.38579,1.11
3201,578078.668226,0.39239,-0.8414,-0.37159,0.63
3202,578078.671972,0.38101,-0.84592,-0.37317,0.58
3203,578078.675732,0.37215,-0.85332,-0.36518,0.4
3204,578078.68363,0.36065,-0.86134,-0.35779,0.93
3205,578078.687071,0.34938,-0.86444,-0.36149,0.44
3206,578078.691932,0.34831,-0.86653,-0.35749,1.0
3207,578078.695762,0.33452,-0.87312,-0.35463,0.51
3208,578078.712068,0.32121,-0.88215,-0.34445,0.37
3209,578078.715487,0.31677,-0.87971,-0.35465,1.97
3210,578078.719151,0.31547,-0.89516,-0.3149,2.34
3211,578078.724009,0.32021,-0.88859,-0.32844,1.66
3212,578078.732125,0.30367,-0.89652,-0.32256,0.56
3213,578078.736077,0.31365,-0.90051,-0.30116,2.05
3214,578078.739647,0.29014,-0.90926,-0.29844,0.76
3215,578078.74456,0.29638,-0.91769,-0.26459,0.4
3216,578078.747782,0.29324,-0.9164,-0.27242,2.31
3217,578078.751765,0.28521,-0.92597,-0.24746,0.78
3218,578078.759643,0.281,-0.9238,-0.26007,0.6
3219,578078.763179,0.29381,-0.92122,-0.25501,1.31
3220,578078.768035,0.26168,-0.93179,-0.25159,2.15
3221,578078.772275,0.26841,-0.93973,-0.2118,2.23
3222,578078.775806,0.28183,-0.93348,-0.22179,1.63
3223,578078.784668,0.28066,-0.94189,-0.18461,0.86
3224,578078.796078,0.27087,-0.95278,-0.13728,1.93
3225,578078.799941,0.2873,-0.94818,-0.13568,0.93
3226,578078.803575,0.27757,-0.95479,-0.1064,1.71
3227,578078.811541,0.29624,-0.94899,-0.10799,0.76
3228,578078.814812,0.30717,-0.94834,-0.07941,1.51
3229,578078.819644,0.2965,-0.95218,-0.07375,2.27
3230,578078.823721,0.32742,-0.94394,-0.04206,1.77
3262,578078.996219,0.56074,-0.82526,-0.06728,0.87
3264,578079.003882,0.56646,-0.81938,-0.08792,1.19
3265,578079.012058,0.57057,-0.81592,-0.09341,0.2
3266,578079.015346,0.57073,-0.8146,-0.10347,1.68
3267,578079.019526,0.58006,-0.80653,-0.1142,0.59
3268,578079.024756,0.57618,-0.80823,-0.12154,1.66
3269,578079.02783,0.57994,-0.80378,-0.13269,0.46
3270,578079.031861,0.57357,-0.80741,-0.13826,1.72
3271,578079.040668,0.57848,-0.80134,-0.15235,0.43
3272,578079.052576,0.57147,-0.80132,-0.17694,1.09
3273,578079.055589,0.57086,-0.8012,-0.17942,0.29
3274,578079.063604,0.58519,-0.787,-0.19542,1.83
3275,578079.06682,0.56643,-0.79885,-0.20246,1.31
3276,578079.072103,0.56854,-0.79402,-0.21516,1.19
3277,578079.075233,0.55633,-0.80347,-0.21195,0.83
3278,578079.078985,0.55402,-0.79942,-0.23236,1.08
3279,578079.088016,0.5548,-0.80035,-0.22721,0.74
3280,578079.09155,0.54055,-0.80417,-0.24722,0.36
3281,578079.095112,0.53761,-0.80384,-0.25458,0.84
3282,578079.100183,0.52675,-0.80677,-0.2677,0.82
3283,578079.103378,0.52288,-0.80975,-0.26626,1.19
3284,578079.107153,0.50559,-0.81391,-0.28623,0.62
3285,578079.115372,0.50927,-0.81364,-0.28043,1.8
3286,578079.119043,0.4893,-0.81967,-0.29787,0.2
3287,578079.123913,0.49352,-0.81222,-0.31104,2.81
3288,578079.139933,0.46716,-0.82754,-0.31134,0.81
3289,578079.143303,0.45252,-0.83387,-0.31606,0.57
3290,578079.147576,0.44678,-0.8343,-0.32301,0.96
3291,578079.15188,0.42929,-0.84708,-0.3133,1.59
3292,578079.155595,0.43438,-0.84056,-0.3237,0.38
3293,578079.164341,0.42698,-0.847,-0.31668,0.46
3294,578079.167303,0.41352,-0.85343,-0.31727,0.64
3295,578079.171613,0.40672,-0.85604,-0.31903,0.61
3296,578079.176271,0.41074,-0.85242,-0.32354,1.99
3297,578079.179998,0.39583,-0.86349,-0.31258,0.12
3298,578079.183667,0.3923,-0.86245,-0.31981,1.77
3299,578079.191867,0.38191,-0.8711,-0.30874,0.4
3300,578079.195595,0.37982,-0.87407,-0.30288,1.03
3301,578079.200711,0.36586,-0.88118,-0.29943,0.06
3302,578079.204389,0.36643,-0.88568,-0.28512,0.56
3303,578079.207639,0.36312,-0.89039,-0.27452,1.52
3304,578079.21938,0.34068,-0.9075,-0.24572,3.3
3305,578079.224999,0.34564,-0.89539,-0.28072,1.43
3306,578079.228116,0.33268,-0.90501,-0.26512,1.35
3307,578079.231043,0.3343,-0.91063,-0.24287,0.19
3308,578079.239601,0.32993,-0.91243,-0.2421,0.47
3309,578079.243555,0.30546,-0.91992,-0.24585,2.86
3310,578079.24708,0.30623,-0.92647,-0.21881,1.54
3311,578079.252299,0.31526,-0.92393,-0.21671,1.84
3312,578079.255607,0.32375,-0.92044,-0.21905,1.57
3313,578079.260095,0.32549,-0.92208,-0.20935,3.93
3314,578079.268011,0.32547,-0.92777,-0.18251,0.91
3316,578079.275796,0.32764,-0.92976,-0.16793,0.81
3317,578079.279626,0.33344,-0.92933,-0.15862,3.3
3318,578079.28438,0.31947,-0.93607,-0.14738,0.52
3319,578079.292403,0.33459,-0.9293,-0.15639,1.08
3320,578079.294899,0.32272,-0.94011,-0.10973,0.49
3321,578079.313509,0.33659,-0.93648,-0.09859,1.95
3324,578079.327928,0.3476,-0.93361,-0.08692,0.54
3325,578079.331517,0.34952,-0.9333,-0.08244,2.52
3327,578079.343429,0.35271,-0.93286,-0.07323,2.08
3328,578079.347093,0.36951,-0.92585,-0.07919,2.52
3329,578079.351873,0.36221,-0.9304,-0.05623,1.23
3332,578079.368356,0.3827,-0.92312,-0.03726,0.28
3343,578079.428419,0.46602,-0.88421,-0.03149,0.79
3347,578079.447297,0.48681,-0.87287,-0.03334,0.81
3349,578079.456674,0.49667,-0.86718,-0.03639,0.48
3350,578079.458967,0.49697,-0.86679,-0.04113,0.7
3351,578079.463685,0.50726,-0.86038,-0.04933,0.92
3352,578079.471449,0.5099,-0.85892,-0.04755,0.24
3354,578079.485171,0.51624,-0.8538,-0.06726,1.0
3355,578079.486887,0.52654,-0.84677,-0.07569,0.59
3356,578079.496196,0.53621,-0.84185,-0.06145,2.02
3357,578079.498788,0.52662,-0.84649,-0.07824,0.22
3358,578079.504518,0.52598,-0.84651,-0.08223,1.02
3359,578079.507257,0.53081,-0.84197,-0.09656,0.78
3360,578079.512905,0.5352,-0.83667,-0.11639,3.05
3361,578079.520437,0.5335,-0.8393,-0.10464,0.35
3362,578079.523715,0.53289,-0.84033,-0.09939,0.89
3363,578079.527706,0.53279,-0.83935,-0.10777,0.74
3364,578079.532527,0.53659,-0.83639,-0.11191,0.46
3365,578079.53624,0.53451,-0.83707,-0.11668,0.51
3366,578079.540256,0.53399,-0.83678,-0.12104,0.91
3367,578079.548501,0.533,-0.83622,-0.12903,0.74
3368,578079.551154,0.53204,-0.83681,-0.12914,0.89
3369,578079.564248,0.5316,-0.83314,-0.15254,1.15
3370,578079.57167,0.52726,-0.83353,-0.16498,0.45
3371,578079.575643,0.52759,-0.83329,-0.16513,1.04
3372,578079.580765,0.52078,-0.83413,-0.18169,0.15
3373,578079.583416,0.5151,-0.83752,-0.18233,1.15
3374,578079.587379,0.51748,-0.83367,-0.19288,0.48
3375,578079.595628,0.51754,-0.83985,-0.16372,2.03
3376,578079.599597,0.50808,-0.83862,-0.1964,0.2
3377,578079.603069,0.51032,-0.836,-0.2017,1.87
3378,578079.607914,0.4934,-0.84366,-0.21166,1.62
3379,578079.611139,0.49313,-0.84587,-0.20328,0.69
3380,578079.61511,0.49413,-0.843,-0.21257,0.13
3381,578079.623923,0.48893,-0.84825,-0.2035,0.88
3382,578079.627105,0.48899,-0.8445,-0.21844,0.16
3383,578079.632031,0.48089,-0.85026,-0.21403,0.39
3384,578079.635558,0.48828,-0.8454,-0.21652,1.34
3385,578079.651938,0.47347,-0.84823,-0.23732,2.11
3386,578079.655836,0.47015,-0.85367,-0.22407,1.07
3387,578079.65941,0.45683,-0.85792,-0.23512,0.42
3388,578079.664178,0.46647,-0.85328,-0.23307,0.58
3389,578079.672029,0.45383,-0.86,-0.23334,0.56
3390,578079.675594,0.48401,-0.84879,-0.2128,2.66
3391,578079.679542,0.44158,-0.86541,-0.23679,0.32
3392,578079.68471,0.46973,-0.85636,-0.21448,1.48
3393,578079.687718,0.43449,-0.86882,-0.23744,0.13
3394,578079.692082,0.45865,-0.85756,-0.23286,1.86
3395,578079.700216,0.42568,-0.87362,-0.23576,0.21
3396,578079.703274,0.4343,-0.86404,-0.25458,4.24
3397,578079.708622,0.42118,-0.87622,-0.2342,0.39
3398,578079.712214,0.41369,-0.88059,-0.23112,1.32
3399,578079.716796,0.41581,-0.88194,-0.22198,0.6
3400,578079.724368,0.41339,-0.88637,-0.20844,1.79
3401,578079.736602,0.40917,-0.88489,-0.2226,2.31
3402,578079.73944,0.40419,-0.88642,-0.22561,0.29
3403,578079.748299,0.41151,-0.88845,-0.20326,0.77
3404,578079.751017,0.39922,-0.89177,-0.21299,0.14
3405,578079.756272,0.41436,-0.88897,-0.19505,0.78
3406,578079.759787,0.40773,-0.89327,-0.18928,1.76
3407,578079.7634,0.40739,-0.89475,-0.18293,1.1
3408,578079.767484,0.40225,-0.89201,-0.20621,3.73
3409,578079.776353,0.40777,-0.89793,-0.16569,0.99
3410,578079.779175,0.41172,-0.89419,-0.17583,4.16
3411,578079.784785,0.40071,-0.8966,-0.1885,2.37
3412,578079.788173,0.40083,-0.89832,-0.17991,5.83
3413,578079.7923,0.403,-0.90245,-0.15223,0.36
3414,578079.799607,0.39024,-0.90565,-0.16588,1.86
3415,578079.803194,0.40003,-0.90095,-0.1681,0.86
3416,578079.820926,0.41545,-0.8964,-0.15446,0.6
3417,578079.828453,0.40517,-0.90381,-0.13776,1.11
3418,578079.831202,0.41285,-0.90019,-0.13864,0.58
3419,578079.835552,0.41649,-0.90041,-0.12567,0.89
3420,578079.840064,0.4154,-0.89993,-0.13255,0.8
3421,578079.843156,0.41756,-0.90052,-0.12127,0.8
3422,578079.851405,0.41687,-0.89915,-0.13322,0.76
3423,578079.854992,0.42668,-0.89672,-0.11762,1.4
3424,578079.860668,0.42828,-0.89551,-0.12099,0.99
3425,578079.86316,0.43932,-0.89158,-0.10993,2.67
3429,578079.884252,0.45727,-0.88212,-0.11298,4.39
3432,578079.907247,0.4557,-0.88419,-0.10266,0.49
3434,578079.915328,0.46361,-0.8809,-0.09525,0.67
3435,578079.920663,0.46325,-0.8812,-0.0943,0.81
3436,578079.927964,0.46803,-0.87777,-0.10234,0.85
3437,578079.931117,0.47562,-0.8747,-0.09319,0.37
3438,578079.935874,0.47476,-0.87464,-0.09805,1.16
3440,578079.943703,0.47431,-0.8749,-0.09791,0.58
3441,578079.95154,0.48637,-0.86739,-0.10523,0.72
3442,578079.954942,0.48114,-0.87073,-0.10164,0.83
3443,578079.960696,0.47944,-0.87085,-0.10847,0.71
3444,578079.964097,0.48635,-0.86883,-0.09266,0.85
3445,578079.967791,0.48089,-0.86908,-0.11592,0.33
3446,578079.971722,0.48713,-0.86477,-0.12201,2.26
3447,578079.979775,0.48173,-0.86845,-0.11723,0.27
3448,578079.992554,0.48052,-0.86799,-0.12523,2.77
3449,578079.995407,0.4872,-0.86536,-0.1174,0.17
3450,578080.003438,0.49245,-0.86306,-0.11233,0.67
3451,578080.007796,0.49333,-0.86099,-0.12374,0.43
3452,578080.012139,0.4947,-0.86034,-0.12284,0.3
3453,578080.015464,0.49618,-0.85956,-0.12231,0.62
3454,578080.019615,0.49047,-0.86166,-0.13033,0.72
3455,578080.027366,0.49607,-0.8577,-0.13517,0.58
3456,578080.031974,0.49605,-0.85677,-0.14098,0.32
3457,578080.034806,0.49656,-0.85657,-0.14042,1.18
3458,578080.041016,0.50146,-0.85079,-0.15716,1.21
3459,578080.043054,0.49746,-0.85371,-0.15401,1.24
3460,578080.047614,0.50703,-0.84547,-0.16761,1.52
3461,578080.056606,0.48841,-0.85738,-0.16234,0.99
3462,578080.058964,0.49818,-0.84767,-0.18239,1.11
3463,578080.071725,0.49052,-0.85039,-0.19036,2.6
3464,578080.079977,0.4825,-0.85545,-0.18814,0.28
3465,578080.083664,0.47527,-0.86093,-0.18142,1.13
3466,578080.088246,0.46445,-0.86339,-0.19709,1.97
3467,578080.091763,0.47649,-0.85906,-0.187,0.13
3468,578080.095592,0.47077,-0.86149,-0.1903,0.42
3469,578080.103852,0.46424,-0.86498,-0.19047,0.86
3470,578080.10768,0.46474,-0.86434,-0.19216,0.76
3471,578080.111472,0.46187,-0.86303,-0.20456,1.17
3472,578080.117331,0.46259,-0.86491,-0.19478,1.2
3473,578080.119281,0.457,-0.8653,-0.20591,0.56
3474,578080.123851,0.46353,-0.8622,-0.20435,1.79
3475,578080.132138,0.45156,-0.86761,-0.20822,0.81
3476,578080.135317,0.44842,-0.87058,-0.20253,0.69
3477,578080.140991,0.44802,-0.86647,-0.22025,0.85
3478,578080.143542,0.44351,-0.87136,-0.20982,0.77
3479,578080.148176,0.45728,-0.86389,-0.21114,2.54
3480,578080.159874,0.44102,-0.86735,-0.23069,0.67
3481,578080.165305,0.42946,-0.87649,-0.21755,0.45
3482,578080.168076,0.43331,-0.87659,-0.20938,0.82
3483,578080.171335,0.44132,-0.87182,-0.21253,1.81
3484,578080.180701,0.40807,-0.88823,-0.21104,1.42
3485,578080.183669,0.42276,-0.88341,-0.20212,1.05
3486,578080.187873,0.42521,-0.8826,-0.20055,1.29
3487,578080.192829,0.41451,-0.88847,-0.19698,0.74
3488,578080.196886,0.416,-0.88546,-0.20713,0.4
3489,578080.2002,0.41338,-0.88308,-0.222,0.94
3490,578080.207446,0.42549,-0.88182,-0.20335,1.41
3491,578080.211535,0.40602,-0.89028,-0.20629,1.28
3492,578080.216353,0.41211,-0.89016,-0.19437,1.3
3493,578080.219362,0.40486,-0.89199,-0.20112,0.57
3494,578080.224209,0.40752,-0.89277,-0.19205,1.22
3495,578080.231419,0.40826,-0.89039,-0.20133,1.59
3496,578080.234948,0.422,-0.89014,-0.17198,1.04
3497,578080.248547,0.41927,-0.89296,-0.16383,2.38
3498,578080.255384,0.40242,-0.89605,-0.18752,3.27
3499,578080.259863,0.3911,-0.90558,-0.16422,1.7
3500,578080.263156,0.39264,-0.90722,-0.15092,2.34
3501,578080.268384,0.38274,-0.90812,-0.16982,1.28
3502,578080.27123,0.38727,-0.90709,-0.16494,1.69
3503,578080.276225,0.39048,-0.90562,-0.16546,0.86
3504,578080.283745,0.39521,-0.90389,-0.16371,2.16
3505,578080.287223,0.39414,-0.9063,-0.15253,0.38
3506,578080.292028,0.39986,-0.9014,-0.16612,1.62
3507,578080.296068,0.3956,-0.90813,-0.13713,1.16
3508,578080.300051,0.40446,-0.90222,-0.14968,0.9
3509,578080.308321,0.39713,-0.90756,-0.13649,0.68
3510,578080.311303,0.40945,-0.90144,-0.14052,1.3
3511,578080.316619,0.39647,-0.90867,-0.13086,0.27
3512,578080.319704,0.40305,-0.90503,-0.13593,0.6
3513,578080.335489,0.41196,-0.90474,-0.10828,1.43
3514,578080.338915,0.40101,-0.90725,-0.12686,1.0
3515,578080.344153,0.41574,-0.90136,-0.12129,1.81
3520,578080.368202,0.42081,-0.90065,-0.10841,0.94
3521,578080.372011,0.42486,-0.89838,-0.11138,2.82
3522,578080.375281,0.42732,-0.89888,-0.09705,1.35
3523,578080.383823,0.43961,-0.89167,-0.10799,1.58
3524,578080.387417,0.43542,-0.89459,-0.10062,0.76
3525,578080.393009,0.44211,-0.89163,-0.09759,1.34
3526,578080.395998,0.43449,-0.8952,-0.09914,0.64
3527,578080.399947,0.44054,-0.89196,-0.10167,0.6
3528,578080.408093,0.44261,-0.89114,-0.09981,0.81
3529,578080.420573,0.44551,-0.88881,-0.10743,0.55
3530,578080.423473,0.45345,-0.88548,-0.10156,0.91
3531,578080.428486,0.44896,-0.88688,-0.109,0.42
3532,578080.436168,0.469,-0.87689,-0.10533,1.76
3534,578080.443886,0.46085,-0.88126,-0.10485,0.72
3535,578080.447615,0.46668,-0.87668,-0.11681,0.77
3536,578080.451165,0.46965,-0.87371,-0.12672,2.01
3537,578080.459522,0.46169,-0.8793,-0.11695,0.64
3538,578080.46285,0.46717,-0.87744,-0.10888,0.49
3539,578080.468731,0.47234,-0.87402,-0.11392,1.17
3540,578080.471983,0.47525,-0.87242,-0.1141,0.36
3541,578080.475256,0.47427,-0.87299,-0.11381,1.1
3542,578080.479502,0.47884,-0.86999,-0.11758,0.48
3543,578080.488281,0.47968,-0.86895,-0.12177,0.92
3544,578080.490826,0.48806,-0.86254,-0.13353,1.47
3545,578080.504623,0.48195,-0.8661,-0.13264,0.85
3546,578080.511672,0.48849,-0.85971,-0.14925,0.95
3547,578080.515035,0.48113,-0.86626,-0.13455,0.67
3548,578080.520634,0.48322,-0.86103,-0.15854,0.66
3549,578080.523525,0.4813,-0.86454,-0.14468,0.92
3550,578080.52824,0.47617,-0.86481,-0.15926,0.54
3551,578080.536497,0.47679,-0.86202,-0.17202,1.1
3552,578080.539255,0.46754,-0.86844,-0.16499,0.84
3553,578080.543392,0.46782,-0.86439,-0.18434,1.4
3554,578080.54831,0.46781,-0.86737,-0.16979,0.34
3555,578080.551697,0.47235,-0.86346,-0.17695,1.84
3556,578080.556919,0.45458,-0.87287,-0.17736,0.57
3557,578080.564431,0.46445,-0.87008,-0.16508,0.88
3558,578080.567261,0.46755,-0.86934,-0.16016,1.66
3559,578080.572401,0.46244,-0.86954,-0.17337,0.51
3560,578080.576226,0.46753,-0.86717,-0.17156,0.36
3561,578080.592544,0.45657,-0.8709,-0.18188,0.23
3562,578080.595333,0.46594,-0.86741,-0.17464,0.89
3563,578080.600605,0.45263,-0.87329,-0.18027,0.7
3564,578080.603339,0.45652,-0.87064,-0.18321,1.07
3565,578080.612265,0.45856,-0.86747,-0.1929,0.83
3566,578080.616131,0.45726,-0.8711,-0.17919,1.3
3567,578080.619007,0.44468,-0.87395,-0.19613,0.15
3568,578080.62429,0.44485,-0.87777,-0.17785,1.42
3569,578080.627322,0.44187,-0.87725,-0.18754,0.16
3570,578080.632183,0.45031,-0.87344,-0.18525,2.09
3571,578080.639689,0.43546,-0.88089,-0.18547,0.18
3572,578080.643148,0.42263,-0.88748,-0.18377,2.61
3573,578080.648534,0.43608,-0.88106,-0.18324,0.15
3574,578080.651778,0.42705,-0.8869,-0.17618,0.79
3575,578080.655067,0.43493,-0.88298,-0.17657,0.34
3576,578080.663368,0.42736,-0.88652,-0.17733,1.24
3577,578080.672644,0.4459,-0.87763,-0.1759,2.49
3578,578080.676581,0.43041,-0.88675,-0.16861,0.46
3579,578080.679659,0.42761,-0.8875,-0.17174,0.2
3580,578080.688023,0.43099,-0.88735,-0.16387,0.93
3581,578080.691618,0.4261,-0.88813,-0.17224,0.56
3582,578080.695297,0.43091,-0.88703,-0.16581,0.77
3583,578080.699724,0.42639,-0.88912,-0.16628,0.32
3584,578080.704284,0.44255,-0.88379,-0.15184,0.72
3585,578080.707321,0.43456,-0.88426,-0.17099,1.37
3586,578080.715329,0.43695,-0.88661,-0.15166,0.8
3587,578080.719324,0.42858,-0.89007,-0.15523,0.35
3588,578080.724622,0.43325,-0.88782,-0.15517,1.29
3589,578080.727895,0.42792,-0.89023,-0.15613,0.68
3590,578080.732921,0.42919,-0.88973,-0.1555,2.23
3591,578080.740466,0.41981,-0.89381,-0.15768,1.37
3592,578080.743207,0.42813,-0.8902,-0.15575,2.21
3593,578080.760527,0.43922,-0.88938,-0.12681,0.66
3594,578080.767878,0.43595,-0.89088,-0.12758,0.16
3595,578080.771244,0.43903,-0.88871,-0.13209,0.62
3596,578080.775532,0.44257,-0.88882,-0.11888,0.86
3597,578080.779304,0.45242,-0.88095,-0.13867,2.17
3598,578080.783388,0.44317,-0.88818,-0.1214,0.23
3599,578080.79196,0.44248,-0.88717,-0.1309,0.5
3600,578080.795494,0.45017,-0.88548,-0.11524,1.16
3601,578080.800165,0.45529,-0.88055,-0.13166,1.43
3602,578080.803841,0.4528,-0.88437,-0.11344,1.06
3603,578080.807393,0.46625,-0.87672,-0.11819,2.47
3604,578080.816945,0.46638,-0.87541,-0.12707,3.43
3605,578080.8189,0.46231,-0.8783,-0.12192,0.44
3606,578080.823914,0.46839,-0.87589,-0.11583,2.94
3607,578080.828251,0.45651,-0.88036,-0.12874,1.88
3608,578080.844241,0.46317,-0.87675,-0.12952,2.58
3609,578080.847046,0.46921,-0.87557,-0.11494,0.86
3610,578080.851924,0.47288,-0.87442,-0.10851,0.89
3611,578080.855281,0.47655,-0.8719,-0.1127,0.35
3613,578080.867588,0.47552,-0.87237,-0.11335,0.39
3614,578080.870903,0.48377,-0.86768,-0.11449,0.32
3615,578080.87724,0.48448,-0.86675,-0.11838,0.79
3616,578080.880332,0.4903,-0.86328,-0.11979,0.58
3617,578080.883607,0.48825,-0.86422,-0.12142,0.93
3618,578080.891858,0.50331,-0.85315,-0.13715,1.89
3619,578080.89564,0.49124,-0.86206,-0.12462,1.15
3620,578080.900252,0.49532,-0.85827,-0.13432,0.61
3621,578080.903398,0.49659,-0.85925,-0.12279,1.15
3622,578080.907453,0.49266,-0.85911,-0.13862,0.34
3623,578080.911419,0.50076,-0.85429,-0.13936,2.89
3624,578080.920182,0.49213,-0.85879,-0.14242,0.52
3625,578080.927918,0.48004,-0.86383,-0.15283,2.23
3626,578080.933333,0.48829,-0.85909,-0.15345,2.7
3627,578080.936227,0.48902,-0.85976,-0.1472,0.13
3628,578080.944132,0.49137,-0.85993,-0.13812,0.78
3629,578080.947317,0.4917,-0.85925,-0.14113,1.49
3630,578080.95136,0.49363,-0.85733,-0.14596,0.51
3631,578080.955821,0.49339,-0.85778,-0.14418,1.04
3633,578080.967627,0.49306,-0.85671,-0.1515,1.11
3634,578080.971175,0.49283,-0.85537,-0.15953,0.28
3635,578080.976796,0.49114,-0.85698,-0.1561,1.24
3636,578080.979117,0.49524,-0.85183,-0.17066,0.98
3637,578080.984352,0.48615,-0.85822,-0.16467,1.37
3638,578080.986995,0.4848,-0.85611,-0.17899,0.5
3639,578080.995817,0.48628,-0.85456,-0.18238,3.09
3640,578080.998872,0.49037,-0.85115,-0.18733,1.92
3641,578081.013321,0.47701,-0.8611,-0.17597,1.33
3642,578081.020017,0.47053,-0.86235,-0.18698,0.18
3643,578081.023241,0.47289,-0.86195,-0.18281,1.55
3644,578081.028532,0.4651,-0.86406,-0.1926,0.08
3645,578081.031852,0.46053,-0.86925,-0.17975,0.83
3646,578081.035372,0.46401,-0.86503,-0.19084,0.36
3647,578081.044251,0.45708,-0.86623,-0.20179,0.75
3648,578081.047791,0.45666,-0.86799,-0.19505,0.65
3649,578081.05121,0.45543,-0.87065,-0.18589,0.56
3650,578081.056623,0.46144,-0.86657,-0.1901,1.32
3651,578081.060263,0.44906,-0.87092,-0.19961,0.18
3652,578081.063876,0.45104,-0.87039,-0.19746,0.26
3653,578081.072096,0.4512,-0.86627,-0.21449,1.63
3654,578081.074909,0.44694,-0.87213,-0.19907,0.35
3655,578081.081693,0.45047,-0.86733,-0.21167,1.82
3656,578081.084654,0.44347,-0.87619,-0.18873,1.1
3657,578081.10027,0.4438,-0.87187,-0.20709,1.05
3658,578081.103557,0.43388,-0.88194,-0.18421,3.17
3659,578081.108418,0.41852,-0.88341,-0.21079,2.08
3660,578081.11148,0.41468,-0.88825,-0.19761,1.75
3661,578081.120802,0.4157,-0.88862,-0.1938,0.4
3662,578081.123769,0.40072,-0.89249,-0.20709,1.65
3663,578081.127574,0.41625,-0.88969,-0.1876,0.42
3664,578081.132591,0.41336,-0.88925,-0.1959,1.1
3665,578081.135155,0.41639,-0.89139,-0.179,1.23
3666,578081.139522,0.40847,-0.89575,-0.17546,1.03
3667,578081.147652,0.41486,-0.89314,-0.17379,1.21
3669,578081.15541,0.41566,-0.89339,-0.17052,1.0
3670,578081.159389,0.4061,-0.89674,-0.17588,0.43
3671,578081.16301,0.41032,-0.89641,-0.16759,0.56
3672,578081.172524,0.40609,-0.89749,-0.17205,0.61
3673,578081.185111,0.40994,-0.89727,-0.16387,1.57
3674,578081.187802,0.41547,-0.88981,-0.18876,2.58
3675,578081.196015,0.41993,-0.89546,-0.14766,1.97
3676,578081.199997,0.40906,-0.903,-0.13137,2.65
3677,578081.203423,0.40878,-0.90146,-0.14238,3.61
3678,578081.208116,0.40586,-0.90181,-0.14842,0.21
3679,578081.211014,0.41874,-0.89603,-0.14759,2.06
3680,578081.215067,0.40852,-0.90268,-0.13518,0.76
3681,578081.223738,0.41719,-0.89932,-0.13104,1.97
3682,578081.2275,0.41196,-0.90162,-0.13178,0.33
3683,578081.231572,0.4154,-0.90195,-0.11801,2.08
3684,578081.235602,0.41717,-0.90067,-0.12155,0.71
3685,578081.239424,0.41344,-0.9016,-0.12727,0.42
3686,578081.248201,0.4195,-0.89936,-0.12316,0.66
3687,578081.251164,0.42424,-0.89542,-0.13509,1.69
3688,578081.26863,0.44653,-0.88854,-0.10542,1.05
3689,578081.276772,0.43672,-0.8941,-0.09934,1.85
3690,578081.27901,0.43215,-0.8933,-0.12356,2.04
3691,578081.284556,0.43658,-0.89437,-0.09744,1.63
3692,578081.288143,0.42813,-0.89592,-0.11841,0.39
3693,578081.291356,0.43503,-0.89367,-0.10999,0.83
3694,578081.299483,0.43482,-0.89358,-0.11154,0.66
3695,578081.30347,0.44059,-0.8903,-0.1151,0.27
3696,578081.308075,0.43654,-0.89362,-0.10428,0.76
3697,578081.312092,0.44074,-0.89203,-0.10013,0.9
3698,578081.316054,0.43694,-0.89358,-0.10295,0.26
3699,578081.323931,0.4428,-0.89046,-0.10492,0.96
3700,578081.327049,0.44382,-0.89047,-0.10045,0.58
3701,578081.331468,0.44714,-0.88884,-0.10009,0.29
3702,578081.33526,0.45196,-0.88601,-0.10353,0.47
3703,578081.339728,0.44499,-0.88971,-0.10196,0.92
3704,578081.355353,0.45842,-0.883,-0.10085,0.68
3705,578081.359632,0.45971,-0.88165,-0.10657,0.41
3706,578081.363276,0.46284,-0.87952,-0.11056,0.83
3707,578081.367866,0.46399,-0.87905,-0.10947,0.9
3708,578081.375874,0.4698,-0.87732,-0.09802,0.52
3709,578081.379016,0.46237,-0.87739,-0.12805,1.15
3710,578081.383884,0.49362,-0.86111,-0.12177,4.51
3711,578081.387282,0.46684,-0.87487,-0.12906,0.19
3712,578081.391594,0.47656,-0.86985,-0.12745,2.31
3713,578081.399554,0.45548,-0.88015,-0.13372,0.98
3714,578081.403069,0.47583,-0.86929,-0.1339,0.89
3715,578081.407959,0.46911,-0.8738,-0.12808,0.47
3716,578081.411514,0.47042,-0.87145,-0.13885,1.8
3717,578081.415601,0.46745,-0.87456,-0.12899,0.75
3718,578081.423907,0.46669,-0.87524,-0.12707,0.33
3719,578081.427703,0.47424,-0.87069,-0.1304,1.11
3720,578081.439583,0.46777,-0.87234,-0.14215,0.44
3721,578081.443798,0.47714,-0.86749,-0.14071,0.84
3722,578081.451757,0.47421,-0.86723,-0.15182,0.5
3723,578081.455165,0.48134,-0.86398,-0.14781,0.96
3724,578081.459601,0.46511,-0.87101,-0.15819,0.42
3725,578081.463317,0.46906,-0.8699,-0.15247,1.16
3726,578081.467812,0.46856,-0.86427,-0.18302,2.5
3727,578081.475687,0.47713,-0.86553,-0.15234,1.07
3728,578081.47928,0.46492,-0.86876,-0.17058,0.62
3729,578081.48362,0.47172,-0.86655,-0.16302,0.71
3730,578081.487822,0.45298,-0.87653,-0.16279,1.49
3731,578081.491316,0.45734,-0.87433,-0.16242,0.53
3732,578081.495332,0.46285,-0.87084,-0.16554,0.57
3733,578081.503715,0.45451,-0.87423,-0.17072,1.53
3734,578081.507258,0.4615,-0.87011,-0.17299,0.06
3735,578081.519477,0.44967,-0.87423,-0.18307,1.17
3736,578081.527468,0.45629,-0.87424,-0.16585,1.39
3737,578081.531389,0.45221,-0.8733,-0.18126,0.44
3738,578081.535244,0.46036,-0.87202,-0.1663,1.1
3739,578081.539296,0.44568,-0.87711,-0.17903,0.36
3740,578081.543503,0.45261,-0.87439,-0.17489,0.68
3741,578081.551519,0.44467,-0.8772,-0.18106,0.47
3742,578081.555415,0.4504,-0.87709,-0.16692,1.08
3743,578081.559222,0.44019,-0.87973,-0.17975,0.68
3744,578081.563624,0.44547,-0.87859,-0.17213,0.59
3745,578081.56762,0.43692,-0.88091,-0.1819,0.31
3746,578081.571776,0.43643,-0.88194,-0.17807,1.82
3747,578081.579492,0.43512,-0.88374,-0.17227,0.17
3748,578081.583138,0.42417,-0.88917,-0.17164,3.15
3749,578081.58852,0.42907,-0.88668,-0.17232,0.2
3750,578081.591645,0.43689,-0.87673,-0.20118,2.87
3751,578081.607899,0.42202,-0.8886,-0.17967,2.31
3752,578081.611589,0.42647,-0.88931,-0.16505,1.19
3753,578081.615401,0.43497,-0.88263,-0.17822,2.9
3754,578081.619158,0.42345,-0.89014,-0.16831,1.03
3755,578081.628784,0.42934,-0.88904,-0.15897,0.55
3756,578081.631734,0.42853,-0.88897,-0.16156,0.54
3757,578081.635139,0.43078,-0.88901,-0.15518,0.76
3758,578081.640012,0.43802,-0.88476,-0.1592,0.88
3759,578081.643502,0.42712,-0.89162,-0.15027,1.25
3761,578081.655528,0.44029,-0.88876,-0.12748,0.68
3762,578081.659009,0.42815,-0.89161,-0.14738,0.47
3763,578081.664843,0.43274,-0.89113,-0.13646,1.28
3764,578081.667675,0.43095,-0.89036,-0.14677,0.81
3765,578081.671799,0.43168,-0.89069,-0.14253,2.63
3766,578081.679611,0.43352,-0.89112,-0.13402,0.59
3767,578081.691728,0.44014,-0.88861,-0.12898,1.02
3768,578081.695901,0.44121,-0.88857,-0.12558,0.59
3769,578081.703669,0.43674,-0.88895,-0.13795,2.47
3770,578081.70739,0.44027,-0.88963,-0.1213,1.41
3771,578081.711581,0.44083,-0.88973,-0.11851,0.3
3772,578081.715235,0.4405,-0.89028,-0.11558,0.98
3773,578081.719499,0.44465,-0.88607,-0.131,1.51
3774,578081.72338,0.44109,-0.89001,-0.11543,0.93
3775,578081.731626,0.45157,-0.88347,-0.12471,0.76
3776,578081.734947,0.44459,-0.88836,-0.1147,0.95
3777,578081.739502,0.45369,-0.88232,-0.12521,0.81
3778,578081.743406,0.46869,-0.87764,-0.10035,3.04
3781,578081.759034,0.45473,-0.88333,-0.11381,0.52
3782,578081.776208,0.47504,-0.87054,-0.12841,3.77
3783,578081.784123,0.46645,-0.87915,-0.09754,0.84
3784,578081.786932,0.46114,-0.87862,-0.12404,2.39
3785,578081.792035,0.47337,-0.87444,-0.10617,0.79
3786,578081.795325,0.47215,-0.87548,-0.10303,0.47
3787,578081.799638,0.47549,-0.8731,-0.10772,0.42
3788,578081.808812,0.47691,-0.87196,-0.11063,0.29
3789,578081.811248,0.4764,-0.87267,-0.10715,0.24
3790,578081.816181,0.47811,-0.87095,-0.11341,1.09
3792,578081.824261,0.48236,-0.86793,-0.11845,0.91
3793,578081.832355,0.49312,-0.86073,-0.12638,0.84
3794,578081.835281,0.48447,-0.86688,-0.1175,0.82
3795,578081.840547,0.49102,-0.86117,-0.1315,1.13
3796,578081.843483,0.48978,-0.86386,-0.11777,1.54
3797,578081.847779,0.48881,-0.86166,-0.13641,0.51
3798,578081.863829,0.49408,-0.85886,-0.13504,0.95
3799,578081.867671,0.48245,-0.86118,-0.16002,1.88
3800,578081.872268,0.49296,-0.85942,-0.13563,0.77
3801,578081.876313,0.48872,-0.85977,-0.14813,1.97
3802,578081.884899,0.48545,-0.85994,-0.15763,3.86
3803,578081.887333,0.49152,-0.85933,-0.1413,1.09
3804,578081.89327,0.49326,-0.85857,-0.13983,0.48
3805,578081.895561,0.49012,-0.86034,-0.14002,1.17
3806,578081.899751,0.48793,-0.85991,-0.14995,0.32
3807,578081.908017,0.49036,-0.85882,-0.14827,1.45
3808,578081.911371,0.49245,-0.85425,-0.16658,1.66
3809,578081.91602,0.48591,-0.86045,-0.15332,1.11
3810,578081.919924,0.48112,-0.8611,-0.16442,0.55
3811,578081.924255,0.48621,-0.85839,-0.16362,0.91
3812,578081.92779,0.48702,-0.85576,-0.17459,1.13
3813,578081.935861,0.47697,-0.8629,-0.16704,0.89
3814,578081.945366,0.48037,-0.86396,-0.15106,1.59
3815,578081.948933,0.47471,-0.86198,-0.17788,0.38
3816,578081.951227,0.48506,-0.85497,-0.18371,2.21
3817,578081.960027,0.4533,-0.87505,-0.16975,2.23
3818,578081.963398,0.4671,-0.86713,-0.17291,1.33
3819,578081.967835,0.46703,-0.86553,-0.18095,0.19
3820,578081.971968,0.46021,-0.8714,-0.16991,0.46
3821,578081.975643,0.46427,-0.867,-0.18101,0.14
3822,578081.983996,0.46552,-0.86638,-0.18075,2.49
3823,578081.988219,0.46479,-0.86735,-0.17796,1.35
3824,578081.991388,0.45979,-0.86785,-0.18821,1.43
3825,578081.996845,0.46483,-0.86621,-0.18333,1.18
3826,578081.999162,0.45404,-0.87053,-0.18982,0.28
3827,578082.003957,0.45711,-0.87022,-0.18376,1.04
3828,578082.012716,0.45169,-0.87002,-0.19759,0.5
3829,578082.014917,0.46036,-0.86757,-0.18811,1.8
3830,578082.028784,0.4374,-0.87277,-0.21668,2.21
3831,578082.036716,0.44905,-0.87207,-0.19453,2.27
3832,578082.038956,0.42695,-0.88038,-0.20649,1.63
3833,578082.044215,0.44152,-0.87584,-0.19486,2.37
3834,578082.048463,0.42078,-0.88399,-0.20374,1.6
3835,578082.051324,0.42578,-0.88389,-0.19354,2.3
3836,578082.060302,0.41121,-0.89059,-0.19432,1.13
3837,578082.063692,0.43769,-0.87676,-0.19928,3.99
3838,578082.066947,0.42831,-0.88482,-0.1834,0.34
3839,578082.072714,0.42086,-0.89033,-0.17374,0.55
3840,578082.075959,0.42507,-0.88939,-0.16823,1.27
3841,578082.0793,0.41693,-0.89194,-0.17497,0.6
3842,578082.0874,0.42757,-0.88744,-0.17213,1.01
3844,578082.097258,0.42556,-0.88989,-0.16433,1.29
3845,578082.100025,0.4179,-0.89139,-0.17544,0.17
3846,578082.103591,0.42673,-0.88827,-0.16993,0.56
3847,578082.115334,0.43263,-0.88927,-0.14841,0.46
3848,578082.120353,0.4157,-0.89431,-0.16555,0.57
3849,578082.123338,0.44951,-0.8806,-0.14992,3.44
3850,578082.128058,0.42164,-0.89507,-0.14517,2.58
3851,578082.13608,0.42543,-0.88834,-0.17279,1.35
3852,578082.139282,0.40821,-0.9028,-0.13532,1.79
3853,578082.143397,0.41779,-0.89094,-0.178,1.96
3854,578082.148157,0.41548,-0.89559,-0.15904,0.53
3855,578082.151746,0.42024,-0.89231,-0.16487,1.48
3856,578082.156641,0.42169,-0.89555,-0.14201,0.18
3857,578082.163839,0.41527,-0.89887,-0.13993,1.0
3858,578082.166813,0.41767,-0.89849,-0.13514,0.66
3859,578082.172085,0.41636,-0.89999,-0.12909,0.35
3860,578082.175471,0.421,-0.89801,-0.12781,0.9
3861,578082.179765,0.42283,-0.89763,-0.12441,1.12
3862,578082.188372,0.4189,-0.89931,-0.12552,0.88
3863,578082.191441,0.42995,-0.89296,-0.13326,1.58
3864,578082.204619,0.42845,-0.89513,-0.12321,0.78
3868,578082.224386,0.43589,-0.89283,-0.11339,1.45
3869,578082.228155,0.43402,-0.89344,-0.11575,0.29
3870,578082.231766,0.44219,-0.88951,-0.1151,1.45
3871,578082.240128,0.43486,-0.89357,-0.11148,0.22
3872,578082.243262,0.4426,-0.88872,-0.11949,2.41
3873,578082.247804,0.44002,-0.8912,-0.11019,0.54
3874,578082.252284,0.45417,-0.88398,-0.11091,1.98
3875,578082.255411,0.44375,-0.88995,-0.10525,0.47
3876,578082.264171,0.44245,-0.89081,-0.10337,0.59
3877,578082.26697,0.44735,-0.88813,-0.10536,0.58
3878,578082.271896,0.45206,-0.88602,-0.10297,0.39
3879,578082.276093,0.4524,-0.88556,-0.10541,0.49
3880,578082.279989,0.4498,-0.88602,-0.11249,0.46
3881,578082.296062,0.45892,-0.88163,-0.11012,0.47
3882,578082.299986,0.45257,-0.88408,-0.11651,0.44
3883,578082.303367,0.45697,-0.88215,-0.11397,0.33
3884,578082.308348,0.45802,-0.88023,-0.12414,0.61
3885,578082.315651,0.4614,-0.88055,-0.10838,0.87
3886,578082.319073,0.46645,-0.87516,-0.12854,0.98
3887,578082.324259,0.46004,-0.88044,-0.11487,2.25
3888,578082.327494,0.45177,-0.8834,-0.12451,0.86
3889,578082.331598,0.4641,-0.87752,-0.12075,1.36
3890,578082.340217,0.46502,-0.87562,-0.13055,2.54
3891,578082.343024,0.4597,-0.87997,-0.11973,0.91
3892,578082.348301,0.46763,-0.87444,-0.12913,0.45
3893,578082.351807,0.46905,-0.87511,-0.11906,0.89
3894,578082.355038,0.4704,-0.87449,-0.11831,0.54
3895,578082.360617,0.46565,-0.87683,-0.11976,0.39
3896,578082.367368,0.4728,-0.87286,-0.12071,0.71
3897,578082.376482,0.47787,-0.86959,-0.12429,0.4
3898,578082.380716,0.47528,-0.87094,-0.12476,0.89
3899,578082.383664,0.47263,-0.8715,-0.13079,0.47
3900,578082.392089,0.48351,-0.86311,-0.14578,1.02
3901,578082.395205,0.47696,-0.86909,-0.13112,0.7
3902,578082.399876,0.47123,-0.87061,-0.14133,0.47
3903,578082.403479,0.47408,-0.8699,-0.13611,0.88
3905,578082.416472,0.47213,-0.86926,-0.14659,1.06
3906,578082.419353,0.47171,-0.86912,-0.14874,1.4
3907,578082.423423,0.47507,-0.86708,-0.14995,1.42
3908,578082.428324,0.46112,-0.87411,-0.15265,0.64
3909,578082.430952,0.46176,-0.87511,-0.14481,1.06
3910,578082.435982,0.46153,-0.86965,-0.1752,1.5
3911,578082.444175,0.45086,-0.8767,-0.16769,1.0
3912,578082.446945,0.46326,-0.87263,-0.15463,0.57
3913,578082.452328,0.46069,-0.87404,-0.15435,0.29
3914,578082.460554,0.456,-0.87258,-0.17513,1.39
3915,578082.468539,0.45956,-0.87336,-0.16139,0.59
3916,578082.471902,0.45959,-0.87121,-0.17255,2.18
3917,578082.476842,0.4669,-0.87053,-0.15549,0.73
3918,578082.480262,0.45334,-0.8762,-0.1636,0.39
3919,578082.483686,0.4599,-0.87244,-0.16536,0.6
3920,578082.492259,0.45617,-0.8733,-0.17106,1.25
3921,578082.495269,0.46095,-0.87459,-0.15043,1.39
3922,578082.499515,0.45509,-0.87551,-0.16237,0.44
3923,578082.50549,0.46133,-0.87262,-0.16033,1.36
3924,578082.507189,0.45351,-0.87527,-0.16801,0.44
3925,578082.512605,0.46012,-0.87328,-0.1602,0.62
3926,578082.520029,0.45119,-0.87569,-0.17206,1.0
3927,578082.522922,0.45793,-0.87442,-0.16028,0.68
3928,578082.528599,0.43398,-0.88403,-0.17363,2.39
3929,578082.531299,0.44789,-0.87719,-0.17298,2.58
3930,578082.548303,0.44506,-0.87816,-0.1754,3.09
3931,578082.551434,0.43777,-0.88506,-0.1582,0.57
3932,578082.556254,0.44753,-0.88034,-0.15723,0.99
3933,578082.559585,0.44089,-0.881,-0.17165,1.0
3934,578082.567972,0.44501,-0.88145,-0.15814,1.13
3935,578082.571725,0.44733,-0.87853,-0.1676,1.27
3936,578082.575057,0.44023,-0.88405,-0.15699,0.11
3937,578082.580248,0.45029,-0.87735,-0.16582,1.5
3938,578082.583744,0.43523,-0.88606,-0.15959,0.77
3939,578082.587173,0.45112,-0.87626,-0.1693,1.31
3940,578082.59533,0.46304,-0.8757,-0.13693,3.36
3941,578082.598998,0.44168,-0.88221,-0.16316,1.01
3942,578082.604025,0.45006,-0.87957,-0.15429,2.23
3943,578082.607333,0.43934,-0.88455,-0.15672,0.48
3944,578082.611498,0.44353,-0.8846,-0.14409,1.02
3945,578082.619477,0.44239,-0.88464,-0.14729,0.45
3946,578082.632303,0.44076,-0.88431,-0.15399,1.87
3947,578082.635591,0.44152,-0.88509,-0.14722,0.7
3948,578082.644296,0.44287,-0.88575,-0.139,0.83
3949,578082.647672,0.44284,-0.88614,-0.13655,1.0
3950,578082.651283,0.45288,-0.8799,-0.14375,1.47
3951,578082.655997,0.44234,-0.88715,-0.13154,1.1
3952,578082.659526,0.44287,-0.88512,-0.14293,0.61
3953,578082.664082,0.4416,-0.8864,-0.13887,0.7
3954,578082.672109,0.45534,-0.87854,-0.14436,0.77
3955,578082.675098,0.45201,-0.88399,-0.11937,1.16
3956,578082.679903,0.45759,-0.87854,-0.13705,1.67
3957,578082.683513,0.45772,-0.87998,-0.12698,1.58
3958,578082.687695,0.4589,-0.876,-0.14845,0.98
3959,578082.695591,0.46485,-0.87529,-0.13333,1.85
3960,578082.698994,0.44872,-0.88202,-0.14387,0.06
3961,578082.711636,0.45096,-0.88426,-0.12135,0.55
3962,578082.719803,0.44375,-0.88576,-0.13603,2.11
3963,578082.724195,0.45188,-0.88375,-0.1216,0.91
3964,578082.727233,0.45209,-0.88282,-0.12743,0.59
3965,578082.731561,0.45465,-0.88268,-0.11901,0.39
3966,578082.735998,0.45485,-0.88258,-0.11903,1.16
3967,578082.74025,0.45688,-0.8801,-0.12916,0.78
3968,578082.747892,0.4557,-0.8802,-0.13263,0.2
3969,578082.751331,0.46266,-0.87488,-0.14329,2.1
3970,578082.756203,0.46251,-0.87654,-0.13327,0.9
3971,578082.759222,0.46898,-0.87175,-0.14181,1.87
3972,578082.764218,0.46389,-0.87677,-0.12678,0.59
3973,578082.771733,0.4711,-0.87093,-0.13981,1.12
3974,578082.774872,0.46521,-0.87577,-0.12888,1.03
3975,578082.780486,0.47463,-0.86895,-0.1402,1.06
3976,578082.783686,0.46267,-0.87707,-0.12913,0.94
3977,578082.800343,0.46622,-0.87361,-0.13945,1.11
3978,578082.803055,0.46646,-0.87469,-0.13163,1.03
3979,578082.808513,0.46746,-0.8742,-0.13138,0.52
3980,578082.811351,0.46742,-0.87428,-0.13095,0.65
3981,578082.815701,0.4723,-0.87034,-0.13945,0.49
3982,578082.824216,0.46602,-0.8744,-0.13508,0.83
3983,578082.827672,0.4682,-0.87358,-0.13288,0.75
3984,578082.83172,0.4697,-0.87106,-0.14364,0.14
3985,578082.835385,0.47294,-0.87011,-0.13868,0.68
3986,578082.839049,0.47045,-0.87161,-0.13775,0.82
3987,578082.848591,0.46831,-0.87263,-0.13858,0.75
3988,578082.851261,0.46653,-0.87166,-0.15015,0.5
3989,578082.856381,0.47388,-0.86965,-0.13839,0.73
3990,578082.859567,0.47838,-0.86449,-0.15431,1.68
3991,578082.86345,0.47419,-0.86714,-0.15235,0.35
3992,578082.867821,0.47424,-0.8661,-0.15798,2.92
3993,578082.876411,0.477,-0.8691,-0.1309,1.65
3994,578082.888817,0.47433,-0.86486,-0.1644,0.99
3995,578082.89121,0.46818,-0.87038,-0.15245,0.97
3996,578082.900648,0.46072,-0.87448,-0.15171,0.95
3997,578082.903461,0.46123,-0.87392,-0.15341,1.78
3998,578082.909594,0.44629,-0.87953,-0.16507,1.42
3999,578082.912104,0.45837,-0.87531,-0.15404,1.02
4000,578082.915683,0.4589,-0.87446,-0.15726,0.7
4001,578082.924382,0.45323,-0.87801,-0.15392,0.81
4002,578082.926779,0.46045,-0.87459,-0.15189,0.97
4003,578082.931844,0.45884,-0.87483,-0.15536,0.35
4004,578082.936156,0.45612,-0.877,-0.15106,1.14
4005,578082.938951,0.45465,-0.87571,-0.16258,0.13
4006,578082.944015,0.45777,-0.87477,-0.15883,1.15
4007,578082.952172,0.45648,-0.87406,-0.1663,0.46
4008,578082.954908,0.45489,-0.87506,-0.16538,0.41
4009,578082.967777,0.45676,-0.86865,-0.19189,2.67
4010,578082.975362,0.45697,-0.87618,-0.15326,1.21
4011,578082.979053,0.44596,-0.87826,-0.17259,0.31
4012,578082.984225,0.44899,-0.87674,-0.17244,2.55
4013,578082.98776,0.435,-0.88199,-0.18127,1.59
4014,578082.991841,0.4446,-0.88048,-0.16457,1.14
4015,578082.999482,0.44348,-0.88011,-0.16951,0.31
4016,578083.003607,0.43587,-0.88211,-0.1786,1.88
4017,578083.007349,0.43854,-0.88262,-0.16929,0.29
4018,578083.012833,0.45437,-0.87229,-0.18072,1.1
4019,578083.015945,0.44255,-0.88256,-0.1589,0.51
4020,578083.020111,0.42874,-0.88852,-0.16343,0.44
4021,578083.028074,0.44288,-0.88276,-0.15684,1.02
4022,578083.031711,0.43571,-0.88424,-0.16816,1.05
4023,578083.036586,0.44015,-0.88483,-0.15279,1.06
4024,578083.039453,0.43225,-0.88531,-0.17141,0.79
4025,578083.05552,0.44265,-0.88307,-0.15572,0.95
4026,578083.059339,0.44172,-0.88234,-0.16235,1.45
4027,578083.063768,0.43636,-0.88499,-0.16241,0.74
4028,578083.067417,0.44572,-0.87777,-0.17563,3.23
4029,578083.076041,0.43645,-0.88699,-0.15087,1.16
4030,578083.07996,0.42635,-0.89131,-0.15422,0.41
4031,578083.083785,0.44445,-0.88284,-0.15183,1.76
4032,578083.088296,0.42822,-0.89045,-0.15402,0.45
4033,578083.090978,0.43934,-0.88502,-0.154,2.44
4034,578083.095067,0.43165,-0.88999,-0.14697,0.32
4035,578083.103659,0.43551,-0.88782,-0.14867,2.59
4036,578083.107029,0.43303,-0.89002,-0.14266,1.08
4037,578083.112947,0.43912,-0.88497,-0.15492,2.34
4038,578083.115996,0.43651,-0.88986,-0.13271,1.12
4039,578083.119468,0.43215,-0.89118,-0.13801,0.19
4040,578083.128164,0.43703,-0.88879,-0.13804,1.12
4041,578083.140841,0.44144,-0.88626,-0.14027,0.86
4042,578083.14358,0.43775,-0.88887,-0.1352,0.98
4043,578083.152343,0.45066,-0.88062,-0.14634,1.2
4044,578083.155333,0.45052,-0.88483,-0.11881,1.07
4045,578083.159245,0.43581,-0.89003,-0.13386,0.52
4046,578083.164841,0.45336,-0.8826,-0.12444,1.39
4047,578083.167832,0.44194,-0.88607,-0.13993,0.44
4048,578083.172395,0.44697,-0.88452,-0.13358,2.28
4049,578083.17967,0.43961,-0.88818,-0.13371,0.29
4050,578083.183203,0.44161,-0.88614,-0.14046,0.43
4051,578083.187596,0.44136,-0.88735,-0.13346,0.37
4052,578083.191652,0.44291,-0.88788,-0.12449,0.27
4053,578083.195465,0.43965,-0.88918,-0.12675,0.46
4054,578083.204135,0.43814,-0.89029,-0.12419,0.29
4055,578083.20744,0.44241,-0.88774,-0.12721,0.79
4056,578083.224547,0.4472,-0.88624,-0.12083,0.26
4057,578083.232066,0.44571,-0.88547,-0.1315,0.21
4058,578083.235474,0.45056,-0.88397,-0.12487,0.19
4059,578083.239707,0.46006,-0.87855,-0.12843,1.35
4060,578083.24301,0.44819,-0.88524,-0.12435,0.49
4061,578083.248263,0.46225,-0.8766,-0.13377,1.45
4062,578083.25684,0.46703,-0.8749,-0.12818,2.37
4063,578083.259201,0.4525,-0.88161,-0.13421,0.5
4064,578083.263576,0.46241,-0.87702,-0.13043,2.44
4065,578083.267404,0.45463,-0.88116,-0.12989,0.24
4066,578083.271607,0.4669,-0.87518,-0.12678,2.85
4067,578083.279858,0.45867,-0.87962,-0.12606,0.26
4068,578083.283406,0.44913,-0.88235,-0.1405,2.92
4069,578083.287767,0.46168,-0.87818,-0.12509,0.7
4070,578083.291969,0.46249,-0.87841,-0.12043,0.7
4071,578083.300144,0.46367,-0.87686,-0.12695,1.19
4072,578083.30863,0.46339,-0.87747,-0.12375,0.78
4073,578083.310809,0.47489,-0.86897,-0.13921,0.91
4074,578083.319266,0.47843,-0.86648,-0.14255,1.89
4075,578083.323474,0.46564,-0.874,-0.13891,0.58
4076,578083.331754,0.47609,-0.86773,-0.1428,0.72
4077,578083.335015,0.46707,-0.87464,-0.12985,1.16
4078,578083.339905,0.47138,-0.86964,-0.14671,0.57
4079,578083.343378,0.46437,-0.87614,-0.12935,0.44
4080,578083.348206,0.46672,-0.87068,-0.15522,0.96
4081,578083.356123,0.47588,-0.86668,-0.14965,2.57
4082,578083.358846,0.46057,-0.87505,-0.14886,0.2
4083,578083.365021,0.47112,-0.86819,-0.15587,1.94
4084,578083.367513,0.46164,-0.8742,-0.15057,0.31
4085,578083.372184,0.45589,-0.87381,-0.16914,1.39
4086,578083.376854,0.45956,-0.87522,-0.15095,0.61
4087,578083.387685,0.46635,-0.87236,-0.14664,1.01
4088,578083.392944,0.46614,-0.87137,-0.15306,0.34
4089,578083.395486,0.46588,-0.87211,-0.14958,0.72
4090,578083.399286,0.46264,-0.87376,-0.15001,0.2
4091,578083.408246,0.46136,-0.87385,-0.15339,0.58
4092,578083.41107,0.46221,-0.87156,-0.16353,1.02
4093,578083.415744,0.46594,-0.87186,-0.15085,0.22
4094,578083.419699,0.46612,-0.86885,-0.16681,1.89
4095,578083.423697,0.46669,-0.87134,-0.15154,0.38
4096,578083.432859,0.46309,-0.87119,-0.16299,0.7
4097,578083.435435,0.46891,-0.86946,-0.15542,1.27
4098,578083.440192,0.45732,-0.87341,-0.16737,0.81
4099,578083.443366,0.45766,-0.87601,-0.15215,1.54
4100,578083.447309,0.4564,-0.87383,-0.16768,0.15
4101,578083.455902,0.45905,-0.86643,-0.1964,0.81
4102,578083.459448,0.45343,-0.87529,-0.16814,0.24
4103,578083.462895,0.44396,-0.8794,-0.17192,0.61
4104,578083.476053,0.44869,-0.87931,-0.15969,0.62
4105,578083.483718,0.43925,-0.88418,-0.159,0.57
4106,578083.487628,0.44121,-0.88209,-0.16505,0.56
4107,578083.492082,0.44118,-0.88335,-0.15829,0.4
4108,578083.495059,0.4471,-0.88097,-0.15488,1.28
4109,578083.499777,0.4341,-0.88625,-0.1616,0.85
4110,578083.507943,0.44704,-0.88032,-0.1587,1.05
4111,578083.511744,0.44337,-0.88078,-0.16628,0.39
4112,578083.515135,0.45352,-0.87652,-0.16134,1.23
4113,578083.520442,0.44759,-0.87785,-0.1704,0.74
4114,578083.524161,0.44165,-0.88288,-0.15962,1.31
4115,578083.528327,0.45027,-0.8766,-0.16982,0.43
4116,578083.536232,0.45549,-0.87673,-0.15449,0.18
4117,578083.538918,0.45168,-0.8761,-0.1686,2.01
4118,578083.54383,0.46286,-0.87322,-0.15248,2.76
4119,578083.548102,0.43909,-0.88352,-0.16305,0.09
4120,578083.563996,0.43309,-0.88856,-0.15132,1.06
4121,578083.567579,0.43483,-0.88714,-0.15462,0.42
4122,578083.57196,0.43684,-0.88699,-0.14975,1.17
4123,578083.576819,0.4467,-0.88319,-0.14296,1.35
4124,578083.583488,0.43041,-0.88924,-0.15493,0.93
4125,578083.588051,0.43537,-0.88781,-0.14916,0.38
4126,578083.591368,0.43437,-0.88927,-0.14326,0.99
4127,578083.596225,0.44226,-0.8859,-0.13993,0.96
4128,578083.598968,0.43639,-0.88715,-0.15008,0.39
4129,578083.604592,0.43631,-0.88774,-0.14678,0.15
4130,578083.611394,0.44518,-0.8831,-0.14812,1.0
4131,578083.614938,0.44032,-0.88702,-0.13897,1.09
4132,578083.620448,0.43583,-0.88786,-0.14751,0.48
4133,578083.62363,0.43997,-0.8898,-0.12113,0.45
4134,578083.627497,0.43569,-0.88786,-0.14791,0.83
4135,578083.635874,0.4485,-0.88069,-0.15243,2.12
4136,578083.644361,0.45122,-0.88011,-0.14765,3.03
4137,578083.649038,0.42964,-0.89065,-0.14887,1.32
4138,578083.651987,0.44003,-0.88687,-0.14084,2.67
4139,578083.660135,0.43508,-0.89052,-0.13294,0.6
4140,578083.663296,0.4291,-0.8906,-0.15069,3.05
4141,578083.667191,0.43781,-0.88856,-0.13707,0.49
4142,578083.671661,0.44214,-0.88569,-0.14164,2.54
4143,578083.675118,0.44546,-0.88665,-0.12415,0.57
4144,578083.680029,0.43919,-0.89018,-0.1212,0.52
4145,578083.688098,0.44106,-0.88862,-0.12578,0.86
4146,578083.690764,0.44499,-0.8864,-0.12757,0.3
4147,578083.696334,0.44866,-0.88573,-0.11909,0.71
4148,578083.699332,0.4433,-0.88668,-0.13148,0.25
4149,578083.703314,0.44707,-0.88587,-0.12396,0.66
4150,578083.711779,0.45795,-0.87817,-0.13822,1.33
4151,578083.715087,0.45559,-0.88314,-0.11177,0.99
4152,578083.73181,0.45302,-0.88305,-0.12247,0.8
4153,578083.739788,0.46111,-0.87657,-0.13787,0.81
4154,578083.743534,0.46235,-0.87692,-0.13128,0.61
4155,578083.748347,0.44789,-0.88455,-0.13027,0.59
4156,578083.751366,0.45872,-0.8803,-0.12105,1.09
4157,578083.756316,0.45096,-0.88458,-0.11898,0.58
4158,578083.764145,0.45459,-0.88222,-0.12259,0.72
4159,578083.767295,0.45546,-0.88185,-0.12202,0.96
4160,578083.772273,0.45419,-0.88213,-0.1247,0.52
4161,578083.775978,0.46084,-0.8785,-0.12593,0.98
4162,578083.780779,0.46654,-0.87431,-0.13386,1.11
4163,578083.787245,0.45763,-0.88056,-0.12326,0.8
4164,578083.791081,0.46324,-0.87526,-0.13903,1.38
4165,578083.795479,0.46344,-0.87726,-0.12507,0.89
4166,578083.799531,0.46074,-0.87792,-0.13025,0.21
4167,578083.803348,0.45946,-0.87884,-0.12856,0.74
4168,578083.807813,0.46017,-0.87737,-0.13591,0.13
4169,578083.820122,0.47237,-0.86934,-0.14531,1.85
4170,578083.823543,0.46081,-0.87791,-0.13006,1.97
4171,578083.828469,0.47561,-0.8671,-0.1481,1.63
4172,578083.83159,0.47095,-0.87135,-0.13768,0.64
4173,578083.8408,0.46466,-0.87497,-0.1361,0.04
4174,578083.843129,0.46421,-0.87213,-0.15456,2.1
4175,578083.848861,0.46235,-0.87593,-0.13775,0.57
4176,578083.852272,0.46712,-0.87105,-0.15188,1.98
4177,578083.855651,0.46715,-0.87341,-0.13755,0.59
4178,578083.864518,0.4639,-0.87602,-0.13182,1.61
4179,578083.866882,0.46855,-0.87304,-0.13512,1.07
4180,578083.871874,0.4701,-0.87067,-0.1447,0.15
4181,578083.876178,0.46767,-0.87289,-0.13909,1.08
4182,578083.879933,0.47602,-0.8672,-0.14621,1.5
4183,578083.883039,0.4695,-0.87149,-0.1417,1.12
4184,578083.891781,0.47542,-0.86563,-0.15704,1.52
4185,578083.904538,0.46184,-0.87489,-0.14586,0.58
4186,578083.90699,0.46033,-0.87458,-0.15235,0.6
4187,578083.916549,0.48082,-0.86553,-0.14023,1.12
4188,578083.919068,0.45655,-0.87525,-0.15969,0.27
4189,578083.925139,0.46125,-0.87496,-0.14731,1.39
4190,578083.928404,0.44812,-0.87882,-0.16389,1.0
4191,578083.931303,0.45576,-0.87793,-0.14672,1.58
4192,578083.940069,0.44544,-0.8807,-0.16111,1.36
4193,578083.944103,0.44675,-0.88163,-0.15214,0.79
4194,578083.94739,0.4514,-0.87895,-0.15389,0.65
4195,578083.95176,0.4507,-0.8799,-0.1505,1.02
4197,578083.959848,0.4425,-0.88375,-0.15228,1.01
4198,578083.967357,0.45459,-0.87795,-0.15021,0.77
4199,578083.971545,0.44885,-0.87933,-0.15911,0.48
4200,578083.985538,0.44959,-0.87964,-0.15526,0.18
4201,578083.991706,0.46805,-0.86918,-0.15956,1.81
4202,578083.995069,0.45765,-0.87612,-0.15156,1.14
4203,578083.999509,0.44604,-0.88109,-0.15727,0.55
4204,578084.003883,0.45747,-0.8742,-0.16277,1.78
4205,578084.007717,0.46008,-0.87247,-0.16469,1.17
4206,578084.016001,0.46045,-0.87345,-0.15836,1.62
4207,578084.019935,0.44408,-0.88035,-0.16666,0.56
4208,578084.023471,0.44814,-0.88143,-0.14916,1.53
4209,578084.028287,0.43331,-0.88554,-0.16755,1.57
4210,578084.031581,0.43846,-0.8856,-0.15316,0.59
4211,578084.036,0.44013,-0.88385,-0.15839,0.36
4212,578084.043997,0.43662,-0.88425,-0.16572,2.33
4213,578084.047473,0.44179,-0.88373,-0.15438,0.51
4214,578084.05257,0.44285,-0.88495,-0.14404,0.03
4215,578084.055499,0.44748,-0.8821,-0.14717,1.2
4216,578084.071466,0.43557,-0.88532,-0.16278,0.87
4217,578084.076485,0.44899,-0.8813,-0.14737,0.9
4218,578084.079306,0.44526,-0.88168,-0.15617,0.83
4219,578084.083994,0.43809,-0.88584,-0.15287,0.35
4220,578084.093465,0.43761,-0.8849,-0.15954,1.09
4221,578084.095557,0.45339,-0.88013,-0.14076,0.85
4222,578084.098937,0.43851,-0.88441,-0.1598,0.63
4223,578084.104144,0.44513,-0.88348,-0.146,1.3
4224,578084.106915,0.4441,-0.88379,-0.1473,1.1
4225,578084.111932,0.44946,-0.88208,-0.14111,0.92
4226,578084.120653,0.44128,-0.88623,-0.14093,0.44
4227,578084.123187,0.43312,-0.89072,-0.13792,0.84
4228,578084.129162,0.44083,-0.8857,-0.1456,0.31
4229,578084.13172,0.44083,-0.88505,-0.14955,1.1
4230,578084.135759,0.4431,-0.8861,-0.13599,0.42
4231,578084.143942,0.44019,-0.88786,-0.13391,1.08
4232,578084.156491,0.44564,-0.88545,-0.13183,1.03
4233,578084.159556,0.44977,-0.88183,-0.14168,1.23
4234,578084.168057,0.44256,-0.88678,-0.1333,0.46
4235,578084.171378,0.44248,-0.88484,-0.14582,0.17
4236,578084.175617,0.447,-0.88424,-0.13531,0.87
4237,578084.179297,0.45146,-0.87963,-0.14977,0.66
4238,578084.18371,0.44771,-0.88364,-0.13686,0.95
4239,578084.188404,0.46252,-0.87364,-0.15112,1.7
4240,578084.195583,0.45233,-0.87876,-0.15222,2.27
4241,578084.199083,0.44604,-0.88299,-0.14623,0.13
4242,578084.203816,0.45378,-0.87805,-0.15201,2.74
4243,578084.207567,0.44537,-0.88395,-0.14238,0.46
4244,578084.212199,0.45153,-0.88003,-0.1472,1.06
4245,578084.220077,0.45038,-0.88215,-0.13771,0.3
4246,578084.222915,0.44764,-0.88258,-0.14377,1.12
4247,578084.236277,0.45383,-0.88129,-0.13178,0.25
4248,578084.241383,0.4514,-0.88222,-0.13388,0.22
4249,578084.248756,0.45457,-0.88127,-0.12934,1.0
4250,578084.251195,0.45673,-0.87888,-0.1377,0.46
4251,578084.256507,0.45713,-0.88022,-0.12744,1.12
4252,578084.259372,0.46043,-0.87535,-0.14751,1.2
4253,578084.263659,0.45401,-0.88053,-0.13614,0.89
4254,578084.271402,0.46739,-0.87145,-0.14875,1.28
4255,578084.275301,0.45658,-0.87922,-0.13602,0.71
4256,578084.279838,0.45308,-0.8799,-0.14314,0.12
4257,578084.284235,0.44941,-0.88353,-0.13191,1.26
4258,578084.288446,0.45252,-0.8794,-0.14792,0.51
4259,578084.296692,0.46471,-0.87344,-0.14541,1.98
4260,578084.299126,0.44934,-0.88159,-0.14454,0.33
4261,578084.30385,0.44898,-0.88423,-0.12863,1.6
4262,578084.307473,0.45191,-0.87988,-0.14693,0.44
4263,578084.324078,0.45176,-0.88044,-0.14397,1.79
4264,578084.326967,0.44983,-0.88154,-0.14329,0.38
4265,578084.333126,0.4533,-0.88101,-0.13543,0.38
4266,578084.335899,0.45493,-0.88049,-0.13331,0.92
4267,578084.339769,0.44739,-0.88338,-0.13954,0.69
4268,578084.348519,0.45502,-0.87881,-0.14373,1.04
4269,578084.350828,0.46497,-0.87194,-0.15336,1.31
4270,578084.356351,0.45728,-0.87747,-0.14473,0.38
4271,578084.360289,0.45223,-0.8789,-0.15173,0.83
4272,578084.363691,0.45713,-0.8781,-0.1413,0.97
4273,578084.372196,0.46664,-0.87113,-0.15291,0.71
4274,578084.374934,0.4671,-0.87521,-0.12579,0.9
4275,578084.380344,0.45487,-0.87872,-0.1447,0.52
4276,578084.383608,0.45507,-0.87819,-0.14728,1.34
4277,578084.388132,0.45902,-0.87503,-0.15372,0.52
4278,578084.390888,0.45671,-0.87703,-0.1491,3.04
4279,578084.400447,0.45257,-0.87826,-0.1544,0.17
4280,578084.412518,0.45596,-0.87622,-0.15601,0.74
4281,578084.415362,0.45485,-0.87791,-0.14961,1.59
4282,578084.424291,0.44762,-0.88226,-0.1458,0.64
4283,578084.42692,0.44335,-0.88351,-0.15116,0.37
4284,578084.432172,0.44579,-0.88338,-0.14462,1.25
4285,578084.436333,0.44997,-0.88245,-0.13712,0.87
4287,578084.448171,0.44546,-0.88325,-0.1464,0.92
4288,578084.451467,0.44379,-0.88316,-0.15193,0.75
4289,578084.454877,0.45456,-0.87861,-0.14635,1.69
4290,578084.460144,0.44286,-0.88325,-0.15409,0.41
4291,578084.463351,0.44196,-0.88452,-0.14933,0.3
4292,578084.468354,0.44589,-0.87999,-0.16373,1.39
4293,578084.47653,0.44742,-0.88015,-0.15857,3.47
4294,578084.479557,0.4377,-0.88604,-0.15284,0.19
4295,578084.493516,0.44853,-0.88091,-0.15106,1.31
4296,578084.499542,0.44839,-0.88317,-0.13771,0.69
4297,578084.503518,0.44854,-0.88044,-0.15375,3.48
4298,578084.507796,0.44575,-0.8833,-0.14522,0.32
4299,578084.511433,0.44591,-0.8847,-0.13589,0.78
4300,578084.515383,0.45093,-0.882,-0.13689,0.67
4301,578084.523602,0.4454,-0.88511,-0.1349,0.65
4302,578084.527533,0.44959,-0.88258,-0.13753,1.08
4303,578084.531072,0.4534,-0.88032,-0.13952,0.69
4304,578084.536379,0.45166,-0.88231,-0.13242,1.07
4305,578084.539042,0.45618,-0.87803,-0.1448,1.31
4306,578084.543466,0.45539,-0.88074,-0.13005,0.71
4307,578084.551548,0.44651,-0.8831,-0.1441,0.57
4308,578084.555027,0.44958,-0.88271,-0.13676,1.27
4309,578084.559567,0.45507,-0.87797,-0.14859,0.88
4310,578084.563525,0.44469,-0.88544,-0.13509,1.33
4311,578084.580147,0.4497,-0.87938,-0.15641,1.44
4312,578084.583381,0.44326,-0.88523,-0.14103,0.78
4313,578084.588064,0.45117,-0.87727,-0.16383,1.55
4314,578084.590893,0.45534,-0.87796,-0.1478,1.16
4315,578084.599984,0.44634,-0.88316,-0.14424,0.13
4316,578084.603256,0.43922,-0.88853,-0.13266,0.99
4317,578084.60727,0.44541,-0.88398,-0.14207,0.24
4318,578084.611278,0.44479,-0.88276,-0.15136,1.7
4319,578084.615106,0.44689,-0.8852,-0.12928,1.58
4320,578084.619589,0.44373,-0.88376,-0.14854,2.69
4321,578084.627521,0.45103,-0.88154,-0.13949,0.96
4322,578084.630951,0.44969,-0.88198,-0.14103,0.35
4323,578084.636202,0.45569,-0.88027,-0.13222,0.95
4324,578084.639948,0.44905,-0.88224,-0.14142,0.16
4325,578084.643213,0.45411,-0.88002,-0.13912,0.79
4326,578084.6514,0.45785,-0.87818,-0.1385,0.76
4327,578084.660991,0.4553,-0.87994,-0.13566,0.41
4328,578084.665039,0.45264,-0.88125,-0.13609,0.78
4329,578084.667195,0.4634,-0.8749,-0.14078,1.15
4330,578084.677151,0.46145,-0.87619,-0.13913,1.68
4331,578084.679666,0.45192,-0.87882,-0.15308,0.91
4332,578084.684054,0.45132,-0.87693,-0.16524,2.45
4333,578084.688384,0.45338,-0.87932,-0.14574,0.45
4334,578084.692309,0.44877,-0.87967,-0.1574,2.62
4335,578084.696171,0.44845,-0.88275,-0.14014,1.77
4336,578084.703385,0.45352,-0.88017,-0.14006,1.15
4337,578084.707374,0.45094,-0.88163,-0.13922,1.39
4338,578084.711358,0.45356,-0.87907,-0.14671,0.82
4339,578084.71552,0.45549,-0.87887,-0.14179,1.03
4340,578084.720162,0.44702,-0.8807,-0.15662,0.71
4341,578084.727478,0.45309,-0.87943,-0.14602,1.17
4342,578084.730895,0.4488,-0.88026,-0.15402,0.7
4343,578084.74841,0.45833,-0.87377,-0.16266,4.33
4344,578084.756295,0.4567,-0.87792,-0.14379,0.59
4345,578084.759285,0.45693,-0.87964,-0.1321,1.77
4346,578084.763628,0.45055,-0.88154,-0.14105,0.84
4347,578084.76807,0.45308,-0.88125,-0.13464,1.88
4348,578084.771847,0.4537,-0.87925,-0.14519,0.89
4349,578084.780258,0.45591,-0.87726,-0.15022,0.61
4350,578084.782858,0.44385,-0.88453,-0.14355,1.62
4351,578084.787589,0.44261,-0.88051,-0.16968,2.62
4352,578084.792121,0.45199,-0.87964,-0.14813,0.51
4353,578084.79487,0.44987,-0.87899,-0.15809,2.7
4354,578084.80352,0.44693,-0.88301,-0.14332,0.87
4355,578084.807706,0.45119,-0.88099,-0.1424,1.19
4356,578084.811476,0.45267,-0.87885,-0.1507,0.73
4357,578084.815387,0.45406,-0.87992,-0.13988,0.87
4358,578084.819756,0.44968,-0.88049,-0.15007,0.63
4359,578084.832277,0.44273,-0.88136,-0.16489,1.16
4360,578084.835108,0.45029,-0.88043,-0.14858,0.63
4361,578084.840878,0.45661,-0.87447,-0.16375,1.64
4362,578084.843377,0.45764,-0.87562,-0.15445,1.86
4363,578084.848202,0.45107,-0.87714,-0.16479,0.76
4364,578084.855616,0.4623,-0.8738,-0.15083,2.54
4365,578084.858796,0.44206,-0.88303,-0.15759,0.3
4366,578084.86449,0.44819,-0.87791,-0.16853,2.41
4367,578084.868232,0.44224,-0.88334,-0.15537,0.38
4368,578084.87159,0.44832,-0.87971,-0.15847,2.43
4369,578084.880622,0.44129,-0.88442,-0.15188,0.28
4370,578084.883349,0.43979,-0.88439,-0.15635,0.42
4371,578084.888185,0.44099,-0.88494,-0.1497,0.32
4372,578084.892298,0.44624,-0.88395,-0.13961,1.08
4373,578084.895739,0.44499,-0.88464,-0.13929,1.06
4374,578084.900276,0.44341,-0.88537,-0.13963,0.31
4375,578084.911469,0.4413,-0.88595,-0.14263,0.67
4376,578084.91711,0.4489,-0.88296,-0.13735,0.9
4377,578084.919712,0.44313,-0.88483,-0.1439,0.25
4378,578084.92349,0.44724,-0.88276,-0.14388,0.85
4379,578084.932519,0.45328,-0.87908,-0.14746,0.73
4380,578084.935267,0.46091,-0.87862,-0.12488,1.16
4381,578084.940897,0.44182,-0.88594,-0.1411,0.13
4382,578084.944141,0.43972,-0.88791,-0.1351,0.96
4383,578084.947581,0.44357,-0.88456,-0.14419,0.14
4384,578084.956267,0.44586,-0.88169,-0.15437,0.36
4385,578084.959271,0.44463,-0.8832,-0.14923,0.46
4386,578084.963988,0.44744,-0.88101,-0.15368,1.93
4387,578084.968431,0.44471,-0.88367,-0.14614,0.35
4388,578084.972324,0.45617,-0.87801,-0.1449,1.68
4389,578084.975788,0.44491,-0.88608,-0.13009,1.06
4390,578084.984533,0.44171,-0.88747,-0.13149,0.71
4391,578084.986933,0.44677,-0.88412,-0.13687,0.14
4392,578085.001726,0.44617,-0.88517,-0.13192,0.7
4393,578085.007863,0.45236,-0.88183,-0.13322,0.94
4394,578085.01111,0.45473,-0.87952,-0.14021,0.39
4395,578085.016189,0.4569,-0.8799,-0.13046,0.71
4396,578085.019518,0.45181,-0.88112,-0.13962,0.44
4397,578085.02345,0.45432,-0.88028,-0.13674,1.12
4398,578085.031683,0.46449,-0.87359,-0.14522,0.89
4399,578085.035957,0.46504,-0.87593,-0.12842,0.65
4400,578085.039188,0.45712,-0.8779,-0.1426,0.27
4401,578085.044471,0.46207,-0.87714,-0.13085,1.21
4402,578085.048084,0.45663,-0.87851,-0.14035,0.38
4403,578085.051839,0.46851,-0.87316,-0.13452,2.26
4404,578085.060353,0.45499,-0.88062,-0.13226,0.45
4405,578085.063101,0.46557,-0.87359,-0.14171,1.4
4406,578085.068103,0.45349,-0.87998,-0.14134,0.09
4407,578085.071728,0.45379,-0.87863,-0.14865,1.82
4408,578085.087931,0.44812,-0.88145,-0.14914,3.63
4409,578085.091437,0.45722,-0.87901,-0.13524,0.82
4410,578085.095483,0.45887,-0.87883,-0.13078,0.33
4411,578085.099252,0.45324,-0.88143,-0.13288,0.65
4412,578085.107049,0.4591,-0.87875,-0.1305,0.69
4413,578085.111366,0.47097,-0.86947,-0.14904,1.19
4414,578085.115076,0.46462,-0.87498,-0.13614,0.44
4415,578085.119679,0.4667,-0.87188,-0.14839,1.13
4416,578085.124174,0.4709,-0.87189,-0.13439,1.83
4417,578085.127774,0.46701,-0.87167,-0.14862,1.27
4418,578085.135885,0.46606,-0.8753,-0.12896,1.17
4419,578085.139542,0.46417,-0.87304,-0.1495,1.29
4420,578085.144929,0.45914,-0.87746,-0.13876,0.42
4421,578085.147321,0.45742,-0.87678,-0.14837,0.42
4422,578085.152308,0.46862,-0.86858,-0.16115,2.12
4423,578085.160003,0.45908,-0.87609,-0.14735,0.47
4424,578085.172877,0.46283,-0.87436,-0.14586,0.62
4425,578085.175847,0.4599,-0.87765,-0.13503,1.14
4426,578085.180188,0.45847,-0.87666,-0.14583,0.84
4427,578085.188223,0.46115,-0.87627,-0.13963,0.82
4429,578085.196261,0.46412,-0.87401,-0.14389,0.53
4430,578085.199089,0.46846,-0.86951,-0.15651,1.63
4431,578085.204455,0.45914,-0.87515,-0.15264,0.33
4432,578085.211408,0.45347,-0.87623,-0.16304,0.56
4433,578085.214983,0.46154,-0.87436,-0.14993,0.82
4434,578085.220042,0.45852,-0.87295,-0.16648,1.16
4435,578085.224286,0.45694,-0.87725,-0.14707,1.35
4436,578085.227242,0.44725,-0.88063,-0.15636,0.15
4437,578085.23539,0.45564,-0.87579,-0.15933,0.52
4438,578085.238994,0.46672,-0.8704,-0.15679,2.35
4439,578085.243675,0.45131,-0.87918,-0.15287,1.45
4440,578085.256522,0.44835,-0.87996,-0.15701,2.59
4441,578085.264653,0.44257,-0.88266,-0.15825,0.26
4442,578085.267071,0.44807,-0.87995,-0.15785,0.7
4443,578085.271722,0.44726,-0.88056,-0.15676,0.09
4444,578085.275811,0.44953,-0.87927,-0.15751,2.24
4445,578085.27966,0.44443,-0.88256,-0.15351,0.56
4446,578085.288802,0.44667,-0.88191,-0.15074,0.24
4447,578085.291067,0.44269,-0.88223,-0.16028,0.99
4448,578085.296463,0.44978,-0.88103,-0.1466,0.81
4449,578085.299308,0.45456,-0.87711,-0.1551,0.95
4450,578085.30401,0.449,-0.88098,-0.14926,1.01
4451,578085.312357,0.45522,-0.87595,-0.15962,0.81
4452,578085.315012,0.46329,-0.87612,-0.13334,0.98
4453,578085.319802,0.45064,-0.87913,-0.15511,0.85
4454,578085.323979,0.44773,-0.88386,-0.13534,0.21
4455,578085.331602,0.44842,-0.88177,-0.14629,1.33
4456,578085.340903,0.43264,-0.88742,-0.1591,0.98
4457,578085.343033,0.44136,-0.88492,-0.14875,1.06
4458,578085.349523,0.44458,-0.88244,-0.15379,0.55
4459,578085.355304,0.45034,-0.8813,-0.14321,0.94
4460,578085.363979,0.4476,-0.87897,-0.16454,2.12
4461,578085.367086,0.44776,-0.88163,-0.14914,0.37
4462,578085.371936,0.44951,-0.88245,-0.13866,0.19
4463,578085.376111,0.45119,-0.88106,-0.14198,1.03
4464,578085.379612,0.43996,-0.88679,-0.14157,1.18
4465,578085.388293,0.44965,-0.88184,-0.14205,0.92
4466,578085.391158,0.4442,-0.88274,-0.15319,0.59
4467,578085.396679,0.44898,-0.88256,-0.13967,0.96
4468,578085.400111,0.45053,-0.87952,-0.1532,0.69
4469,578085.403734,0.44449,-0.88548,-0.13548,0.46
4470,578085.407444,0.45595,-0.87688,-0.15226,1.24
4471,578085.416065,0.46478,-0.87186,-0.1544,3.1
4472,578085.424657,0.4456,-0.8811,-0.15844,2.92
4473,578085.429114,0.44974,-0.88101,-0.14681,1.64
4474,578085.431032,0.45475,-0.87672,-0.15671,2.31
4475,578085.440867,0.42733,-0.89084,-0.15424,1.62
4476,578085.442775,0.43426,-0.88815,-0.15036,2.07
4477,578085.448653,0.44101,-0.88564,-0.14546,1.01
4478,578085.451715,0.44608,-0.88439,-0.13735,0.31
4479,578085.455845,0.44972,-0.8837,-0.12974,0.87
4480,578085.463577,0.44506,-0.88479,-0.13808,0.81
4481,578085.467689,0.44897,-0.88345,-0.13396,0.66
4482,578085.471648,0.44789,-0.88336,-0.13812,0.29
4483,578085.476528,0.44897,-0.88325,-0.13524,0.2
4484,578085.479724,0.44844,-0.88273,-0.14031,0.31
4485,578085.484536,0.45229,-0.88161,-0.13493,0.94
4486,578085.491891,0.4522,-0.88049,-0.14234,0.66
4487,578085.495194,0.45869,-0.87869,-0.13235,0.61
4488,578085.508229,0.45798,-0.87637,-0.1491,1.05
4489,578085.515907,0.46008,-0.87834,-0.12977,1.27
4490,578085.519182,0.46099,-0.87527,-0.14622,0.82
4491,578085.524145,0.47018,-0.87249,-0.13301,1.94
4492,578085.528014,0.44137,-0.8838,-0.15522,1.71
4493,578085.531177,0.45753,-0.87921,-0.13286,1.22
4494,578085.540005,0.44458,-0.8838,-0.14577,1.19
4495,578085.54354,0.4446,-0.88376,-0.14595,2.22
4496,578085.547082,0.4491,-0.88301,-0.13639,0.92
4497,578085.553586,0.45818,-0.878,-0.13854,0.78
4498,578085.555788,0.45317,-0.88027,-0.14057,0.33
4499,578085.559809,0.46603,-0.8746,-0.1338,2.3
4500,578085.567884,0.45277,-0.88124,-0.1357,0.81
4501,578085.571136,0.45141,-0.8806,-0.14414,0.71
4502,578085.575805,0.45572,-0.8802,-0.13254,0.88
4503,578085.579817,0.45042,-0.88118,-0.14368,0.24
4504,578085.596083,0.45616,-0.87967,-0.13454,0.81
4505,578085.599246,0.45218,-0.88074,-0.14081,0.34
4506,578085.603686,0.45786,-0.87782,-0.14073,0.84
4507,578085.60782,0.45185,-0.87801,-0.1579,0.98
4508,578085.616187,0.45429,-0.87577,-0.16325,3.44
4509,578085.619649,0.45042,-0.88099,-0.14483,0.25
4510,578085.623274,0.45065,-0.87571,-0.17334,2.28
4511,578085.627352,0.45213,-0.87943,-0.14896,0.55
4512,578085.631691,0.46238,-0.87358,-0.15187,0.18
4513,578085.635485,0.44303,-0.88612,-0.13609,1.23
4514,578085.644089,0.44844,-0.88255,-0.14145,0.69
4515,578085.646823,0.45526,-0.8794,-0.13929,0.88
4516,578085.652571,0.45423,-0.88001,-0.13876,0.02
4517,578085.655268,0.45254,-0.88101,-0.13797,1.14
4519,578085.668292,0.45499,-0.87894,-0.14303,1.07
4520,578085.680688,0.46271,-0.87232,-0.15799,1.23
4521,578085.683453,0.45707,-0.87691,-0.14871,1.25
4524,578085.699082,0.45524,-0.87982,-0.13667,1.97
4525,578085.704109,0.45984,-0.87577,-0.14692,1.12
4526,578085.707119,0.47464,-0.8675,-0.14886,3.15
4527,578085.711166,0.45747,-0.87642,-0.15037,1.61
4528,578085.719778,0.44792,-0.8804,-0.15578,0.16
4529,578085.723288,0.44535,-0.88116,-0.15883,2.13
4530,578085.727925,0.4361,-0.88568,-0.15935,1.47
4531,578085.731674,0.44669,-0.87987,-0.16219,1.27
4532,578085.735237,0.44821,-0.88049,-0.15446,1.02
4533,578085.743562,0.4608,-0.87754,-0.13263,3.1
4534,578085.747435,0.44999,-0.88081,-0.14727,0.95
4535,578085.764383,0.44821,-0.88168,-0.14746,0.85
4536,578085.773031,0.44664,-0.8811,-0.15551,0.74
4537,578085.775211,0.45623,-0.87815,-0.14386,0.47
4538,578085.781239,0.4437,-0.88309,-0.15255,0.25
4539,578085.783806,0.44875,-0.8807,-0.15162,0.85
4540,578085.788048,0.46183,-0.87211,-0.16168,1.14
4541,578085.796025,0.44847,-0.88247,-0.14188,1.02
4542,578085.799487,0.4449,-0.88239,-0.15312,0.13
4543,578085.804646,0.44712,-0.88283,-0.14384,1.22
4544,578085.808448,0.44621,-0.88114,-0.15648,0.15
4545,578085.811165,0.44584,-0.88005,-0.16354,2.18
4546,578085.820027,0.44818,-0.88057,-0.15407,0.48
4547,578085.823647,0.43927,-0.88493,-0.15475,0.94
4548,578085.828145,0.44796,-0.88086,-0.15304,0.26
4549,578085.83227,0.43863,-0.88144,-0.17511,1.03
4550,578085.836594,0.45103,-0.88058,-0.14541,0.54
4551,578085.848381,0.45224,-0.87985,-0.14608,1.13
4552,578085.852314,0.44536,-0.88361,-0.14451,0.34
4553,578085.855269,0.45217,-0.88073,-0.14091,1.17
4554,578085.860322,0.44855,-0.88086,-0.15129,0.23
4555,578085.863235,0.45803,-0.87612,-0.15039,1.16
4556,578085.871936,0.45459,-0.87595,-0.16141,1.3
4557,578085.875076,0.45093,-0.88095,-0.14347,1.34
4558,578085.880111,0.4523,-0.87694,-0.16248,0.94
4559,578085.88425,0.44928,-0.8815,-0.14525,1.02
4560,578085.887452,0.44587,-0.88023,-0.16247,1.01
4561,578085.896251,0.45475,-0.87928,-0.14166,0.86
4562,578085.89927,0.44325,-0.88284,-0.15532,0.42
4563,578085.903637,0.44003,-0.8831,-0.1628,1.52
4564,578085.907897,0.44597,-0.88208,-0.15177,0.67
4565,578085.911594,0.44347,-0.8806,-0.16698,1.48
4566,578085.915471,0.4454,-0.88477,-0.13708,0.89
4567,578085.923767,0.44473,-0.88409,-0.14354,1.51
4568,578085.932369,0.44645,-0.88399,-0.1387,0.7
4569,578085.937087,0.45058,-0.88262,-0.13403,0.97
4570,578085.939098,0.45941,-0.87642,-0.14436,1.71
4571,578085.947927,0.4483,-0.88299,-0.13909,1.26
4572,578085.950781,0.44905,-0.88105,-0.14866,0.86
4573,578085.957467,0.45272,-0.88104,-0.1372,0.76
4574,578085.959566,0.45995,-0.87515,-0.15016,1.46
4575,578085.96367,0.44821,-0.88153,-0.14837,0.7
4576,578085.971551,0.46708,-0.87108,-0.15184,1.06
4577,578085.97583,0.44789,-0.8824,-0.14406,0.81
4578,578085.979096,0.44779,-0.88143,-0.15019,0.46
4579,578085.983589,0.45611,-0.87673,-0.15266,2.19
4580,578085.987192,0.44817,-0.87986,-0.1581,1.05
4581,578085.99167,0.45489,-0.87798,-0.14907,2.74
4582,578086.00093,0.4479,-0.88202,-0.14636,0.34
4583,578086.003163,0.43923,-0.88302,-0.16538,1.1
4584,578086.01638,0.45209,-0.88041,-0.14312,0.49
4585,578086.023558,0.44814,-0.88262,-0.14197,0.52
4586,578086.027159,0.44984,-0.88231,-0.13846,1.17
4588,578086.035491,0.45242,-0.88089,-0.1391,0.94
4589,578086.039418,0.46143,-0.87406,-0.15201,1.84
4590,578086.047864,0.45088,-0.88105,-0.14303,0.84
4591,578086.051692,0.45809,-0.87492,-0.15708,1.4
4592,578086.055251,0.45072,-0.88166,-0.13977,0.67
4593,578086.060333,0.45465,-0.87746,-0.15284,0.63
4594,578086.064536,0.44875,-0.88236,-0.14162,1.13
4595,578086.068043,0.44799,-0.88146,-0.14943,0.84
4596,578086.076297,0.444,-0.88596,-0.13392,0.44
4597,578086.07897,0.45022,-0.87941,-0.15474,1.15
4598,578086.084268,0.45214,-0.87835,-0.15513,2.24
4599,578086.087846,0.44568,-0.8827,-0.14901,0.26
4600,578086.103788,0.45213,-0.87906,-0.15111,1.03
4601,578086.107774,0.45102,-0.88069,-0.14477,1.05
4602,578086.112443,0.45167,-0.88117,-0.13975,0.84
4603,578086.115311,0.45343,-0.88025,-0.13988,0.67
4604,578086.123853,0.45025,-0.88281,-0.13386,0.74
4605,578086.127755,0.45102,-0.88196,-0.13681,1.15
4606,578086.131589,0.454,-0.87923,-0.14436,0.46
4607,578086.135791,0.45567,-0.88025,-0.13241,0.82
4608,578086.13904,0.45913,-0.87587,-0.14849,1.08
4609,578086.143442,0.45315,-0.8803,-0.14041,0.75
4610,578086.151964,0.46461,-0.87203,-0.15395,1.17
4611,578086.155093,0.46681,-0.87428,-0.13315,1.64
4612,578086.160514,0.45471,-0.87861,-0.14592,0.49
4613,578086.163508,0.46602,-0.87296,-0.14408,0.35
4614,578086.167929,0.45371,-0.87806,-0.15218,0.53
4615,578086.175682,0.46042,-0.87637,-0.14137,0.68
4616,578086.179291,0.4509,-0.88044,-0.14668,0.4
4617,578086.192439,0.45444,-0.87966,-0.14031,1.08
4618,578086.197354,0.45048,-0.88051,-0.14759,0.08
4619,578086.204631,0.45158,-0.87998,-0.14733,0.85
4620,578086.206934,0.45346,-0.87933,-0.14544,0.29
4621,578086.21256,0.45092,-0.88129,-0.14142,0.33
4622,578086.215518,0.45324,-0.88119,-0.13447,1.01
4623,578086.221796,0.45654,-0.87685,-0.15067,1.68
4624,578086.227427,0.45089,-0.88093,-0.14372,0.71
4625,578086.230907,0.45761,-0.87643,-0.1499,1.23
4626,578086.235439,0.45268,-0.88068,-0.13956,0.67
4627,578086.239356,0.44626,-0.88266,-0.14755,0.27
4628,578086.24422,0.45007,-0.88161,-0.1421,0.89
4629,578086.252232,0.44789,-0.88202,-0.14641,0.17
4630,578086.254918,0.47063,-0.86954,-0.14969,3.08
4631,578086.259713,0.45113,-0.87701,-0.16533,1.68
4632,578086.263872,0.45308,-0.8794,-0.14622,2.72
4633,578086.280697,0.4435,-0.88419,-0.14671,0.25
4634,578086.283268,0.44232,-0.87961,-0.17505,0.88
4635,578086.289171,0.4456,-0.88245,-0.15074,0.24
4636,578086.292118,0.4398,-0.88415,-0.15767,2.84
4637,578086.295852,0.44583,-0.88303,-0.14661,0.61
4638,578086.303695,0.44949,-0.88181,-0.14274,0.72
4639,578086.307729,0.45234,-0.88076,-0.14019,1.14
4640,578086.312509,0.45061,-0.88129,-0.14237,0.11
4641,578086.316015,0.45275,-0.88086,-0.13819,0.94
4642,578086.320501,0.45882,-0.8757,-0.15044,1.64
4643,578086.328785,0.45072,-0.88122,-0.14251,0.79
4644,578086.331196,0.45215,-0.87954,-0.14823,0.49
4645,578086.336535,0.45383,-0.88076,-0.13524,1.39
4646,578086.340364,0.45154,-0.88016,-0.14641,0.59
4647,578086.342943,0.4584,-0.87672,-0.14567,1.19
4648,578086.347716,0.44905,-0.88096,-0.14923,0.46
4649,578086.355878,0.46564,-0.87382,-0.14008,0.47
4650,578086.368044,0.45863,-0.87542,-0.15265,2.25
4651,578086.372225,0.45473,-0.87845,-0.14679,1.99
4652,578086.380196,0.43697,-0.88433,-0.16438,2.32
4653,578086.382915,0.44106,-0.88416,-0.15402,0.83
4654,578086.387704,0.44274,-0.88155,-0.16387,2.02
4655,578086.391739,0.44454,-0.88154,-0.15895,1.45
4656,578086.395543,0.44657,-0.88431,-0.13627,0.88
4657,578086.404095,0.445,-0.88526,-0.13526,0.76
4658,578086.407497,0.44547,-0.88518,-0.13419,0.95
4659,578086.411108,0.44607,-0.8846,-0.13606,0.83
4660,578086.416593,0.44907,-0.88387,-0.13081,0.96
4661,578086.419336,0.46034,-0.87589,-0.1446,1.7
4662,578086.424489,0.45116,-0.88138,-0.14007,0.96
4663,578086.431568,0.45085,-0.88088,-0.14417,0.34
4664,578086.435081,0.45583,-0.88003,-0.13326,0.71
4665,578086.448267,0.46525,-0.87297,-0.14651,1.23
4666,578086.455174,0.4503,-0.88207,-0.13854,0.59
4667,578086.45961,0.45135,-0.881,-0.14185,0.26
4668,578086.464401,0.44966,-0.88198,-0.14109,1.51
4669,578086.467553,0.45524,-0.87847,-0.14509,0.36
4670,578086.471633,0.45613,-0.87719,-0.14997,2.3
4671,578086.479693,0.45574,-0.87915,-0.13923,0.19
4672,578086.483269,0.46408,-0.87197,-0.15589,0.45
4673,578086.487082,0.45795,-0.87746,-0.14264,0.23
4674,578086.491848,0.45815,-0.87816,-0.13761,0.53
4675,578086.495241,0.46328,-0.87563,-0.13654,0.88
4676,578086.499952,0.46014,-0.87596,-0.14481,0.36
4677,578086.508037,0.46117,-0.87652,-0.13795,1.04
4678,578086.510877,0.45934,-0.87639,-0.14476,0.12
4679,578086.515739,0.46198,-0.87547,-0.14186,1.18
4680,578086.519904,0.46404,-0.87274,-0.15161,1.24
4681,578086.535825,0.46349,-0.87404,-0.14571,0.87
4682,578086.539281,0.46669,-0.87363,-0.13775,4.09
4683,578086.543637,0.45574,-0.87768,-0.14828,1.35
4684,578086.547533,0.46222,-0.87156,-0.16353,0.38
4685,578086.556211,0.46035,-0.87232,-0.16474,2.87
4686,578086.560263,0.44745,-0.87966,-0.16119,1.08
4687,578086.563278,0.43435,-0.88358,-0.17497,3.25
4688,578086.56866,0.44446,-0.8811,-0.16159,0.24
4689,578086.57201,0.43669,-0.88149,-0.17965,1.43
4690,578086.576316,0.44527,-0.88263,-0.15065,0.54
4691,578086.583981,0.43794,-0.88314,-0.16817,3.02
4692,578086.587007,0.44592,-0.88199,-0.15248,0.87
4693,578086.592175,0.45156,-0.87876,-0.15451,0.58
4694,578086.595356,0.45398,-0.87947,-0.14295,0.89
4695,578086.600157,0.452,-0.87766,-0.15939,1.07
4696,578086.608533,0.45155,-0.87909,-0.15269,0.55
4697,578086.620673,0.46225,-0.87302,-0.15547,0.74
4698,578086.62355,0.45079,-0.87915,-0.15454,0.59
4699,578086.632346,0.45401,-0.87711,-0.1567,0.18
4700,578086.635156,0.45712,-0.87682,-0.14911,0.98
4701,578086.640629,0.45053,-0.87871,-0.15775,0.4
4702,578086.643325,0.4555,-0.8758,-0.15964,1.59
4703,578086.647788,0.44597,-0.87851,-0.17124,0.54
4704,578086.651641,0.4503,-0.88168,-0.14096,1.14
4705,578086.659396,0.44191,-0.88263,-0.16024,0.15
4706,578086.663059,0.43726,-0.88623,-0.15295,0.46
4707,578086.667877,0.44048,-0.88386,-0.1574,0.22
4708,578086.67156,0.435,-0.88528,-0.16447,1.8
4709,578086.676264,0.44009,-0.88474,-0.15349,0.74
4710,578086.683626,0.43222,-0.88935,-0.14912,0.08
4711,578086.686793,0.44367,-0.8838,-0.14854,1.04
4712,578086.704799,0.44542,-0.88292,-0.14853,0.57
4713,578086.712409,0.44948,-0.87889,-0.15977,1.0
4714,578086.715115,0.44247,-0.88472,-0.14657,0.04
4715,578086.719609,0.45208,-0.87865,-0.15359,1.54
4716,578086.723752,0.43492,-0.88811,-0.14868,0.55
4717,578086.727309,0.45386,-0.87814,-0.15128,1.31
4718,578086.735416,0.46403,-0.87483,-0.13913,2.17
4719,578086.738843,0.44118,-0.88543,-0.14618,0.36
4720,578086.744267,0.44571,-0.88286,-0.14802,2.8
4721,578086.748466,0.44384,-0.8843,-0.145,0.27
4722,578086.751609,0.4452,-0.8835,-0.14566,2.73
4723,578086.760209,0.44409,-0.88475,-0.14147,0.03
4724,578086.763116,0.4416,-0.88466,-0.14953,1.88
4725,578086.768837,0.44453,-0.88454,-0.14136,0.45
4726,578086.772247,0.44426,-0.883,-0.15148,1.66
4727,578086.787997,0.44574,-0.88395,-0.14122,0.69
4728,578086.791101,0.45817,-0.87762,-0.14092,1.34
4729,578086.796227,0.45013,-0.88257,-0.13582,1.18
4730,578086.799654,0.44465,-0.88357,-0.14697,0.18
4731,578086.804164,0.44756,-0.88272,-0.14315,0.26
4732,578086.81204,0.45439,-0.87772,-0.15208,0.64
4733,578086.814907,0.45559,-0.88094,-0.12802,1.41
4734,578086.820986,0.44363,-0.88359,-0.14991,1.54
4735,578086.823486,0.45477,-0.88079,-0.13192,1.25
4736,578086.829088,0.43807,-0.88613,-0.15119,1.57
4737,578086.83638,0.45045,-0.88062,-0.14696,0.76
4738,578086.839057,0.45444,-0.87743,-0.15361,0.98
4739,578086.844208,0.45243,-0.88037,-0.14231,1.26
4740,578086.847835,0.4333,-0.88875,-0.1496,2.18
4741,578086.852209,0.44948,-0.88395,-0.12885,0.49
4742,578086.855581,0.45002,-0.88233,-0.13776,0.35
4743,578086.864515,0.44612,-0.88421,-0.1384,1.42
4744,578086.877347,0.45635,-0.87997,-0.13188,0.85
4745,578086.879712,0.44814,-0.8839,-0.13374,0.56
4746,578086.88852,0.45358,-0.88152,-0.13107,0.81
4747,578086.890993,0.46303,-0.87424,-0.14596,1.57
4748,578086.895686,0.4554,-0.88032,-0.13285,0.57
4749,578086.899566,0.46259,-0.87465,-0.14488,1.18
4750,578086.903465,0.45497,-0.87978,-0.13779,0.89
4751,578086.912744,0.46569,-0.87181,-0.15195,1.19
4752,578086.915401,0.46108,-0.87682,-0.13635,1.46
4753,578086.91911,0.45297,-0.87978,-0.14424,0.33
4754,578086.924087,0.45272,-0.87868,-0.15156,2.05
4755,578086.927586,0.45258,-0.87843,-0.15341,0.13
4756,578086.931235,0.46096,-0.87336,-0.15734,2.27
4757,578086.939759,0.45569,-0.87723,-0.15103,0.09
4758,578086.942796,0.45893,-0.87554,-0.15102,1.64
4759,578086.947711,0.44715,-0.88004,-0.15997,1.82
4760,578086.963834,0.44827,-0.88041,-0.15468,1.04
4761,578086.96702,0.45421,-0.87877,-0.14648,0.36
4762,578086.973206,0.4557,-0.87823,-0.14507,1.16
4763,578086.975929,0.46275,-0.87548,-0.13925,0.74
4764,578086.978968,0.46174,-0.8735,-0.15428,1.13
4765,578086.987771,0.45674,-0.87747,-0.1464,1.03
4766,578086.992175,0.46566,-0.87112,-0.15589,0.73
4767,578086.995003,0.45927,-0.87611,-0.14663,0.85
4768,578087.000199,0.46386,-0.87077,-0.16304,1.45
4769,578087.00333,0.45646,-0.87545,-0.15883,0.88
4770,578087.008078,0.45291,-0.87537,-0.16914,1.27
4771,578087.015653,0.45583,-0.8773,-0.15021,0.55
4772,578087.019262,0.4504,-0.87826,-0.16062,0.42
4773,578087.025015,0.45732,-0.87556,-0.15574,1.78
4774,578087.028307,0.44989,-0.87836,-0.16151,0.55
4775,578087.032556,0.46082,-0.87154,-0.16754,0.37
4776,578087.044127,0.44632,-0.8822,-0.15007,0.94
4777,578087.048841,0.43787,-0.88555,-0.15516,1.64
4778,578087.051464,0.45037,-0.881,-0.14489,1.53
4779,578087.055707,0.45929,-0.87616,-0.14628,0.76
4780,578087.064236,0.45344,-0.8806,-0.13763,1.98
4781,578087.067622,0.45302,-0.87846,-0.15194,0.98
4782,578087.071526,0.454,-0.87996,-0.13986,1.91
4783,578087.07667,0.45296,-0.87883,-0.14996,1.04
4784,578087.079421,0.44523,-0.88104,-0.1598,0.36
4785,578087.082868,0.45236,-0.87843,-0.15405,0.61
4786,578087.092296,0.44566,-0.88066,-0.16067,0.57
4787,578087.095644,0.45755,-0.87595,-0.15286,1.36
4788,578087.099893,0.44089,-0.88288,-0.1617,0.15
4789,578087.103526,0.44958,-0.87979,-0.15442,1.44
4790,578087.107935,0.44915,-0.87797,-0.16564,1.52
4791,578087.115926,0.46256,-0.87278,-0.15588,2.1
4792,578087.119563,0.43527,-0.88129,-0.18402,1.61
4793,578087.133475,0.44095,-0.88102,-0.17136,1.62
4794,578087.139703,0.43766,-0.88465,-0.16077,0.7
4795,578087.143691,0.44203,-0.88345,-0.15532,0.27
4796,578087.147128,0.43797,-0.88638,-0.15002,0.43
4797,578087.152235,0.43702,-0.8871,-0.14857,0.72
4798,578087.155535,0.44724,-0.88253,-0.14533,1.0
4801,578087.171106,0.45168,-0.87987,-0.14768,1.3
4802,578087.176582,0.44246,-0.88495,-0.14526,0.46
4803,578087.179466,0.44606,-0.88122,-0.15649,1.02
4804,578087.183336,0.44112,-0.88625,-0.14132,0.8
4805,578087.191794,0.44689,-0.88016,-0.16004,1.12
4806,578087.195144,0.45446,-0.8819,-0.1254,1.11
4807,578087.199208,0.44637,-0.88204,-0.15083,1.59
4808,578087.203593,0.44534,-0.88402,-0.14207,1.23
4809,578087.207829,0.44009,-0.88548,-0.14915,0.59
4810,578087.224539,0.44195,-0.88433,-0.15047,1.43
4811,578087.227577,0.43106,-0.88616,-0.17,1.7
4812,578087.231895,0.43941,-0.88745,-0.13911,0.94
4813,578087.235578,0.44216,-0.88201,-0.16296,2.5
4814,578087.243207,0.43988,-0.88852,-0.13055,0.78
4815,578087.247136,0.44002,-0.88846,-0.13045,1.15
4816,578087.251565,0.44613,-0.88349,-0.14291,0.25
4817,578087.255268,0.44585,-0.88515,-0.13315,0.39
4818,578087.259586,0.44356,-0.88704,-0.1281,1.15
4819,578087.267657,0.44498,-0.88608,-0.12984,0.68
4820,578087.271671,0.44418,-0.88439,-0.14337,0.31
4821,578087.275627,0.44957,-0.88397,-0.12837,0.97
4822,578087.279727,0.45411,-0.87903,-0.14522,1.62
4823,578087.284242,0.44933,-0.8839,-0.1297,0.87
4824,578087.287597,0.44728,-0.88267,-0.14436,0.36
4825,578087.296253,0.45372,-0.8812,-0.13278,1.65
4826,578087.309284,0.45241,-0.88126,-0.13679,0.55
4827,578087.311481,0.45525,-0.88009,-0.13487,1.57
4828,578087.319825,0.44112,-0.88523,-0.14757,1.66
4829,578087.323396,0.45162,-0.88221,-0.13323,1.64
4830,578087.328353,0.44053,-0.88547,-0.14788,1.39
4831,578087.331956,0.45164,-0.88224,-0.13292,0.47
4832,578087.336199,0.4522,-0.88203,-0.13245,0.33
4833,578087.344683,0.45211,-0.88312,-0.12531,1.48
4834,578087.346956,0.45207,-0.88233,-0.1309,0.82
4835,578087.351897,0.45506,-0.88058,-0.13229,0.41
4836,578087.355558,0.45944,-0.87827,-0.13248,0.81
4837,578087.360294,0.46305,-0.87551,-0.13811,0.8
4838,578087.364238,0.45457,-0.8809,-0.13185,0.94
4839,578087.372442,0.45552,-0.87815,-0.14615,0.58
4840,578087.374929,0.45841,-0.87825,-0.13612,0.56
4841,578087.387544,0.45655,-0.87697,-0.14993,0.53
4842,578087.395111,0.46147,-0.87403,-0.15205,1.06
4843,578087.399624,0.46593,-0.87073,-0.15727,0.78
4844,578087.40504,0.4635,-0.87237,-0.15533,2.54
4845,578087.407581,0.45703,-0.87643,-0.15161,0.18
4846,578087.41241,0.46545,-0.8695,-0.1653,1.55
4847,578087.420323,0.45818,-0.87685,-0.14562,0.17
4848,578087.423571,0.45775,-0.87786,-0.14079,1.0
4849,578087.426956,0.46102,-0.87604,-0.14151,0.98
4850,578087.432323,0.46199,-0.87533,-0.14268,0.2
4851,578087.435225,0.46331,-0.87529,-0.13861,0.96
4852,578087.439299,0.45363,-0.88028,-0.13902,1.46
4853,578087.447396,0.46469,-0.87354,-0.14486,0.94
4854,578087.450997,0.45934,-0.87482,-0.15393,0.65
4855,578087.455972,0.46369,-0.8742,-0.14411,1.03
4856,578087.459406,0.45731,-0.87565,-0.15527,0.05
4857,578087.463679,0.46158,-0.87424,-0.15046,1.24
4858,578087.47642,0.46671,-0.87202,-0.14749,1.0
4859,578087.481124,0.45558,-0.87657,-0.15518,0.34
4860,578087.483515,0.45881,-0.87414,-0.15932,0.89
4861,578087.487862,0.45362,-0.87642,-0.1616,0.26
4862,578087.495959,0.45251,-0.8789,-0.1509,1.49
4863,578087.499284,0.43951,-0.88237,-0.16807,1.03
4864,578087.503486,0.44731,-0.8779,-0.17087,2.24
4865,578087.508663,0.44469,-0.88103,-0.16136,0.89
4866,578087.511763,0.44861,-0.87991,-0.15653,1.38
4867,578087.516294,0.44558,-0.88176,-0.1548,0.54
4868,578087.524061,0.44109,-0.88455,-0.1517,0.44
4869,578087.526976,0.45081,-0.87938,-0.15314,1.04
4870,578087.531258,0.45333,-0.87822,-0.15241,2.75
4871,578087.535475,0.45052,-0.88081,-0.14564,1.36
4873,578087.547936,0.44865,-0.88038,-0.15377,0.91
4874,578087.551166,0.45956,-0.87323,-0.16208,0.84
4875,578087.56433,0.45155,-0.87855,-0.15576,0.57
4876,578087.572006,0.44555,-0.87915,-0.16907,1.02
4877,578087.576027,0.45892,-0.87799,-0.1361,1.2
4878,578087.579038,0.44005,-0.88394,-0.15816,1.09
4879,578087.585254,0.45887,-0.87741,-0.13999,1.25
4880,578087.587529,0.44625,-0.88058,-0.15947,0.62
4881,578087.592139,0.44478,-0.87924,-0.17061,1.51
4882,578087.599975,0.44553,-0.88134,-0.15729,0.24
4883,578087.60328,0.44368,-0.8806,-0.16642,1.24
4884,578087.607686,0.44584,-0.88111,-0.15774,0.13
4885,578087.611393,0.44236,-0.88432,-0.14934,0.86
4886,578087.616356,0.44168,-0.88441,-0.15081,0.61
4887,578087.624677,0.43238,-0.88856,-0.15333,0.61
4888,578087.62713,0.43629,-0.88608,-0.1566,0.53
4889,578087.632327,0.44079,-0.88446,-0.15309,0.39
4890,578087.63588,0.43873,-0.88716,-0.14308,1.34
4891,578087.651575,0.43391,-0.88691,-0.15845,0.35
4892,578087.65504,0.43632,-0.88472,-0.16398,0.67
4893,578087.66019,0.44205,-0.88308,-0.15739,0.84
4894,578087.663412,0.44601,-0.88416,-0.13901,1.1
4895,578087.667183,0.44379,-0.88205,-0.15823,0.98
4896,578087.676044,0.45455,-0.87821,-0.14877,1.71
4897,578087.679256,0.42642,-0.89361,-0.14012,4.27
4898,578087.683784,0.42984,-0.88884,-0.15875,3.49
4899,578087.687642,0.43109,-0.88782,-0.16102,1.27
4900,578087.691353,0.44165,-0.88386,-0.15406,2.79
4901,578087.700257,0.43608,-0.88876,-0.14124,0.62
4902,578087.703158,0.42696,-0.89013,-0.15931,3.2
4903,578087.708315,0.44046,-0.88583,-0.14593,0.18
4904,578087.711688,0.44495,-0.88558,-0.13328,0.6
4905,578087.716581,0.44409,-0.88543,-0.13711,0.23
4906,578087.719914,0.44312,-0.88539,-0.14045,0.13
4907,578087.727976,0.44736,-0.88358,-0.1384,0.79
4908,578087.736426,0.45014,-0.88322,-0.13153,0.82
4909,578087.74134,0.45616,-0.87781,-0.14616,1.17
4910,578087.744274,0.44942,-0.88233,-0.13967,0.49
4911,578087.752572,0.45748,-0.87715,-0.14602,1.05
4912,578087.755121,0.44596,-0.88416,-0.13923,0.67
4913,578087.759934,0.45737,-0.87638,-0.15092,1.02
4914,578087.763326,0.44745,-0.88173,-0.14944,1.45
4915,578087.76726,0.45203,-0.8781,-0.15688,0.88
4916,578087.775422,0.44502,-0.88543,-0.13408,0.52
4917,578087.779411,0.44394,-0.8847,-0.1422,0.19
4918,578087.785096,0.44561,-0.88305,-0.14714,3.03
4919,578087.787917,0.44243,-0.88463,-0.14724,0.73
4920,578087.792453,0.44271,-0.88741,-0.12851,0.65
4921,578087.795816,0.44287,-0.8871,-0.13008,1.01
4922,578087.803798,0.44241,-0.88713,-0.13141,0.65
4923,578087.806995,0.4438,-0.88639,-0.13173,0.81
4924,578087.820223,0.44671,-0.88424,-0.13629,0.04
4925,578087.827644,0.4494,-0.88383,-0.12993,0.89
4926,578087.831547,0.45331,-0.881,-0.13547,0.13
4927,578087.836037,0.45209,-0.88251,-0.12956,0.5
4928,578087.839462,0.45924,-0.87733,-0.13925,1.2
4929,578087.84392,0.45628,-0.87991,-0.13252,0.7
4930,578087.852051,0.45434,-0.87977,-0.13989,0.64
4931,578087.854885,0.46437,-0.87614,-0.12941,0.92
4932,578087.859902,0.45325,-0.88095,-0.13597,0.55
4933,578087.863336,0.45415,-0.88174,-0.12757,1.3
4934,578087.867798,0.45545,-0.8792,-0.13987,0.61
4935,578087.870956,0.46608,-0.87444,-0.13466,2.34
4936,578087.879651,0.45555,-0.87981,-0.13568,0.28
4937,578087.883123,0.46272,-0.87171,-0.16127,2.98
4938,578087.888258,0.45535,-0.87891,-0.14202,0.52
4939,578087.891581,0.46211,-0.87557,-0.14083,0.36
4940,578087.908516,0.45854,-0.87567,-0.15147,3.01
4941,578087.91216,0.45822,-0.87772,-0.14014,0.54
4942,578087.915532,0.46007,-0.87701,-0.13853,0.5
4943,578087.920164,0.45475,-0.87767,-0.15133,1.14
4944,578087.928381,0.45808,-0.87887,-0.13326,0.64
4945,578087.9319,0.46815,-0.87082,-0.15002,1.19
4946,578087.935089,0.46506,-0.87427,-0.13917,1.04
4947,578087.940733,0.45755,-0.87713,-0.14591,0.2
4948,578087.944188,0.46107,-0.87552,-0.1445,1.12
4949,578087.948276,0.45981,-0.87573,-0.14724,0.43
4950,578087.955221,0.46791,-0.87427,-0.12927,1.16
4951,578087.959535,0.46252,-0.87278,-0.15598,1.8
4952,578087.964017,0.47106,-0.86898,-0.15158,1.96
4953,578087.967468,0.45842,-0.87501,-0.15559,0.38
4954,578087.971249,0.45343,-0.88034,-0.13929,0.51
4955,578087.979712,0.4591,-0.8761,-0.14721,0.17
4956,578087.992583,0.46197,-0.8749,-0.14535,0.74
4957,578087.995485,0.46084,-0.87532,-0.14645,0.31
4958,578088.003329,0.46131,-0.87553,-0.14367,0.61
4959,578088.008148,0.46069,-0.87617,-0.14172,1.51
4960,578088.010899,0.46286,-0.87357,-0.15048,0.42
4961,578088.015382,0.4572,-0.87564,-0.15562,0.93
4962,578088.019793,0.45809,-0.87519,-0.15553,0.29
4963,578088.023232,0.46386,-0.87358,-0.14727,0.84
4964,578088.031872,0.46892,-0.86817,-0.16246,1.68
4965,578088.035111,0.46177,-0.87427,-0.14974,1.17
4966,578088.039347,0.46603,-0.86901,-0.16626,1.56
4967,578088.044051,0.45725,-0.87654,-0.15031,1.49
4968,578088.048619,0.45359,-0.87619,-0.16293,0.34
4969,578088.056005,0.45799,-0.87367,-0.16413,2.77
4970,578088.058943,0.4402,-0.88098,-0.17346,1.25
4971,578088.072996,0.44981,-0.87611,-0.1735,2.28
4972,578088.079234,0.445,-0.88054,-0.16314,0.51
4973,578088.084204,0.44416,-0.88172,-0.15902,1.81
4974,578088.087297,0.44489,-0.88138,-0.15889,0.37
4975,578088.091978,0.44963,-0.88053,-0.15001,1.67
4976,578088.095619,0.44923,-0.88016,-0.15333,0.22
4977,578088.099774,0.43743,-0.88639,-0.15155,0.93
4978,578088.10827,0.44613,-0.88194,-0.15217,1.04
4980,578088.115948,0.44972,-0.88083,-0.14797,1.14
4981,578088.119918,0.44469,-0.88179,-0.15713,0.12
4982,578088.123391,0.45402,-0.87738,-0.15518,0.81
4983,578088.131984,0.45099,-0.87695,-0.16602,1.04
4984,578088.134938,0.45528,-0.87819,-0.14664,0.35
4985,578088.140065,0.4501,-0.87859,-0.15963,0.72
4986,578088.143419,0.44607,-0.88318,-0.14501,1.14
4987,578088.147514,0.44467,-0.88222,-0.15481,0.38
4988,578088.163899,0.43191,-0.88961,-0.14851,1.24
4989,578088.168449,0.43672,-0.88677,-0.15137,0.5
4990,578088.171087,0.44786,-0.88045,-0.15562,0.69
4991,578088.176276,0.44767,-0.88275,-0.14262,0.88
4992,578088.184346,0.43762,-0.88222,-0.17369,1.3
4993,578088.187076,0.43584,-0.88817,-0.14561,0.86
4994,578088.193302,0.44591,-0.882,-0.15242,0.82
4995,578088.195443,0.44379,-0.88503,-0.14059,1.02
4997,578088.207997,0.4404,-0.88724,-0.13731,1.09
4998,578088.210764,0.45057,-0.88018,-0.14927,1.19
4999,578088.216924,0.44541,-0.88441,-0.13938,0.38
5000,578088.219529,0.43922,-0.88661,-0.14495,0.25
5001,578088.224446,0.44864,-0.88227,-0.14258,1.15
5002,578088.227558,0.44258,-0.88483,-0.14562,1.1
5003,578088.236031,0.45735,-0.8795,-0.13156,0.51
5004,578088.248505,0.44175,-0.88511,-0.14641,0.58
5005,578088.253249,0.44983,-0.88329,-0.13211,0.94
5006,578088.259421,0.45183,-0.88283,-0.1283,0.88
5007,578088.262959,0.44273,-0.88727,-0.12941,0.81
5008,578088.267598,0.44471,-0.88216,-0.155,2.16
5009,578088.271528,0.44954,-0.88294,-0.13541,0.81
5010,578088.275125,0.45043,-0.88352,-0.12848,0.53
5011,578088.283935,0.44614,-0.88645,-0.12312,0.69
5012,578088.287763,0.44843,-0.88511,-0.12449,0.73
5013,578088.292003,0.45695,-0.87871,-0.13808,1.36
5014,578088.295952,0.45627,-0.88176,-0.11967,0.35
5015,578088.300412,0.45256,-0.88184,-0.13248,0.18
5016,578088.303637,0.45321,-0.88213,-0.12826,0.94
5017,578088.312298,0.46071,-0.87674,-0.13811,1.11
5018,578088.31493,0.45738,-0.87936,-0.13237,0.24
5019,578088.320242,0.45603,-0.87855,-0.14209,1.07
5020,578088.328889,0.45667,-0.87713,-0.14863,1.41
5021,578088.335984,0.45832,-0.8801,-0.12394,1.2
5022,578088.339198,0.45028,-0.88239,-0.1365,0.5
5023,578088.344233,0.45709,-0.87805,-0.14175,2.01
5024,578088.347335,0.44297,-0.88413,-0.14864,1.76
5025,578088.352242,0.45933,-0.87698,-0.14111,2.38
5026,578088.359556,0.45269,-0.88111,-0.13684,0.11
5027,578088.363392,0.45171,-0.88069,-0.1426,3.01
5029,578088.371894,0.44783,-0.8834,-0.13803,1.82
5030,578088.37584,0.46536,-0.87574,-0.12857,0.67
5031,578088.379774,0.4572,-0.87971,-0.1307,0.33
5032,578088.387409,0.45943,-0.87879,-0.12908,0.93
5033,578088.391118,0.46332,-0.87576,-0.13555,0.31
5034,578088.396868,0.46626,-0.87556,-0.12649,0.8
5035,578088.399657,0.46251,-0.87581,-0.13798,0.2
5036,578088.40398,0.46663,-0.8736,-0.13816,0.9
5037,578088.415543,0.46756,-0.87398,-0.13248,0.96
5038,578088.420782,0.47273,-0.86841,-0.14963,1.36
5039,578088.423308,0.47072,-0.87005,-0.14643,1.82
5040,578088.428111,0.46545,-0.87225,-0.15014,0.42
5041,578088.436119,0.46534,-0.87468,-0.13564,0.76
5042,578088.439351,0.46407,-0.8729,-0.15061,0.28
5043,578088.443539,0.46785,-0.87026,-0.15413,2.91
5044,578088.448833,0.45374,-0.87748,-0.15542,1.32
5045,578088.451309,0.46539,-0.87317,-0.14484,0.96
5046,578088.457027,0.45889,-0.87714,-0.14158,0.53
5047,578088.464031,0.45951,-0.87687,-0.14122,1.13
5048,578088.46679,0.46068,-0.87615,-0.14189,1.07
5049,578088.471554,0.46247,-0.8749,-0.14376,0.16
5050,578088.476293,0.46166,-0.87662,-0.13566,1.31
5051,578088.479187,0.45805,-0.87728,-0.14341,1.0
5052,578088.48829,0.46202,-0.87515,-0.14367,1.11
5053,578088.491359,0.45909,-0.87443,-0.1569,0.5
5054,578088.505192,0.46189,-0.87321,-0.1554,0.51
5055,578088.511569,0.45398,-0.87494,-0.16848,1.11
5056,578088.51653,0.45906,-0.87585,-0.14884,1.06
5057,578088.519195,0.45213,-0.87711,-0.16203,0.65
5058,578088.523979,0.45792,-0.87413,-0.16187,2.35
5059,578088.527083,0.45323,-0.87592,-0.16538,0.18
5060,578088.531691,0.46207,-0.87092,-0.16732,1.98
5061,578088.539709,0.45272,-0.87838,-0.15325,0.63
5062,578088.543085,0.44319,-0.88345,-0.15198,1.54
5063,578088.547374,0.45169,-0.87724,-0.16254,0.08
5064,578088.551888,0.45281,-0.87797,-0.15532,0.17
5065,578088.555601,0.45223,-0.87828,-0.1553,0.23
5066,578088.564573,0.44817,-0.88057,-0.15408,0.56
5067,578088.566959,0.45322,-0.87715,-0.15876,0.39
5068,578088.571881,0.44917,-0.87831,-0.16374,1.19
5069,578088.575992,0.45453,-0.8771,-0.15524,0.38
5070,578088.579754,0.46088,-0.87271,-0.16115,1.7
5071,578088.595971,0.45375,-0.87806,-0.15205,1.09
5072,578088.600963,0.45959,-0.8723,-0.16697,1.36
5073,578088.603241,0.44959,-0.88052,-0.15018,1.29
5074,578088.607984,0.43951,-0.88381,-0.16036,0.16
5075,578088.615978,0.44961,-0.88022,-0.15189,1.38
5076,578088.618884,0.4466,-0.88093,-0.15659,1.47
5077,578088.623222,0.44313,-0.88311,-0.1541,1.56
5078,578088.627351,0.44793,-0.87828,-0.1673,1.46
5079,578088.631197,0.43589,-0.88693,-0.15284,1.3
5080,578088.639941,0.44,-0.88337,-0.16141,2.71
5081,578088.642968,0.4324,-0.889,-0.15071,1.17
5082,578088.647399,0.43608,-0.88413,-0.1678,1.73
5083,578088.651582,0.43015,-0.89025,-0.14979,1.09
5084,578088.655026,0.44476,-0.88463,-0.14006,1.84
5085,578088.659996,0.43509,-0.88979,-0.13774,0.68
5086,578088.66714,0.43894,-0.88695,-0.14368,0.85
5087,578088.676751,0.44631,-0.88454,-0.13564,0.9
5088,578088.681314,0.4521,-0.87951,-0.14856,1.24
5089,578088.68359,0.44107,-0.88604,-0.14282,0.27
5090,578088.692691,0.44364,-0.88439,-0.14502,0.57
5091,578088.694926,0.44628,-0.88418,-0.1381,0.45
5092,578088.700413,0.44395,-0.88501,-0.14026,0.41
5093,578088.703354,0.45058,-0.88254,-0.13451,0.87
5094,578088.708376,0.44214,-0.88393,-0.15224,1.23
5095,578088.716111,0.45693,-0.88194,-0.11571,1.09
5096,578088.719025,0.44332,-0.88505,-0.14195,0.25
5097,578088.724062,0.43925,-0.88904,-0.12912,0.97
5098,578088.727417,0.44221,-0.88677,-0.1345,0.75
5099,578088.732253,0.44693,-0.885,-0.13053,1.06
5100,578088.735528,0.43915,-0.88872,-0.13165,0.77
5101,578088.743941,0.43744,-0.88999,-0.12866,0.51
5102,578088.74681,0.44584,-0.88521,-0.13279,0.78
5103,578088.759949,0.44152,-0.88742,-0.13247,0.17
5104,578088.767885,0.44587,-0.88602,-0.12718,0.83
5105,578088.771593,0.44763,-0.88504,-0.12781,0.31
5106,578088.77585,0.4505,-0.88404,-0.12457,0.83
5107,578088.778962,0.45462,-0.88009,-0.13698,1.02
5108,578088.783888,0.45015,-0.88331,-0.13091,0.66
5109,578088.791305,0.46062,-0.87635,-0.14086,1.09
5110,578088.795184,0.45537,-0.87954,-0.13801,1.59
5111,578088.801332,0.44694,-0.88456,-0.13345,0.7
5112,578088.804188,0.44944,-0.88426,-0.12683,1.22
5113,578088.808056,0.44869,-0.88331,-0.13576,0.41
5114,578088.811105,0.44976,-0.88413,-0.12662,0.89
5115,578088.819433,0.45771,-0.88064,-0.12241,0.82
5116,578088.823518,0.45071,-0.88056,-0.14658,1.87
5117,578088.827837,0.45475,-0.88059,-0.13331,0.45
5118,578088.832036,0.45814,-0.8804,-0.12254,0.95
5119,578088.835369,0.45879,-0.87972,-0.12492,0.1
5120,578088.847952,0.4557,-0.88168,-0.12235,0.94
5121,578088.85275,0.4588,-0.87818,-0.13525,0.53
5122,578088.855883,0.46104,-0.87825,-0.12696,0.61
5123,578088.860193,0.46859,-0.87299,-0.13531,1.0
5124,578088.867629,0.46254,-0.8776,-0.12596,0.56
5125,578088.871672,0.46527,-0.87394,-0.14051,1.12
5126,578088.875437,0.46464,-0.87549,-0.13277,0.43
5127,578088.880121,0.46117,-0.87672,-0.13668,0.39
5128,578088.883084,0.46159,-0.87733,-0.13121,0.81
5129,578088.887314,0.46597,-0.87258,-0.14655,0.63
5130,578088.896378,0.46339,-0.876,-0.13377,0.91
5131,578088.89958,0.46649,-0.87308,-0.14182,0.91
5132,578088.903457,0.45939,-0.87658,-0.14343,1.17
5133,578088.908322,0.45736,-0.87705,-0.14695,0.28
5134,578088.911294,0.45706,-0.87661,-0.1505,0.63
5135,578088.920707,0.45901,-0.87696,-0.1423,0.22
5136,578088.923558,0.45416,-0.87708,-0.15642,2.53
5137,578088.936393,0.46201,-0.87511,-0.14397,0.26
5138,578088.943283,0.4609,-0.87655,-0.13868,0.89
5139,578088.947346,0.4595,-0.87603,-0.14637,0.5
5140,578088.951365,0.46182,-0.8733,-0.15513,1.25
5141,578088.956349,0.46579,-0.8737,-0.14033,1.02
5142,578088.959662,0.45786,-0.87633,-0.14969,0.09
5143,578088.963311,0.46462,-0.87343,-0.14574,1.02
5144,578088.972096,0.4686,-0.86908,-0.15847,0.71
5145,578088.975016,0.46493,-0.87355,-0.14405,1.11
5146,578088.98032,0.45824,-0.87498,-0.15628,0.57
5147,578088.983738,0.45732,-0.8767,-0.14921,1.38
5148,578088.988071,0.45932,-0.87426,-0.15716,0.38
5149,578088.996507,0.4669,-0.87024,-0.15715,2.31
5150,578088.999345,0.4549,-0.87647,-0.15771,0.37
5151,578089.005599,0.45408,-0.8784,-0.14911,1.43
5152,578089.007746,0.45621,-0.87502,-0.16188,0.45
5153,578089.025243,0.44463,-0.88321,-0.14913,1.09
5154,578089.027636,0.4382,-0.8827,-0.16979,1.59
5155,578089.03302,0.45258,-0.87773,-0.15736,0.35
5156,578089.035249,0.45561,-0.87602,-0.15818,0.93
5157,578089.039731,0.44425,-0.87972,-0.16948,0.91
5158,578089.047761,0.4494,-0.87989,-0.15436,0.95
5159,578089.051017,0.46594,-0.87002,-0.16115,1.68
5160,578089.056874,0.44856,-0.87972,-0.15774,0.33
5161,578089.059479,0.44644,-0.8802,-0.16106,0.15
5162,578089.063113,0.45676,-0.87497,-0.1606,1.08
5163,578089.071451,0.44836,-0.87849,-0.16498,0.56
5164,578089.075318,0.45057,-0.8788,-0.15717,0.46
5165,578089.079701,0.44042,-0.88175,-0.16899,0.38
5166,578089.083419,0.45732,-0.87615,-0.1524,1.17
5167,578089.087944,0.44678,-0.87944,-0.16425,0.15
5168,578089.09548,0.45403,-0.87663,-0.15931,1.65
5169,578089.098986,0.44204,-0.88263,-0.1599,0.08
5170,578089.116689,0.44631,-0.88198,-0.15135,0.27
5171,578089.124797,0.44172,-0.88623,-0.13956,1.68
5172,578089.126857,0.45008,-0.88024,-0.15033,0.7
5173,578089.132275,0.44177,-0.88571,-0.14266,0.67
5174,578089.135447,0.45114,-0.87909,-0.15388,0.95
5175,578089.140109,0.44237,-0.88223,-0.16115,1.31
5176,578089.148257,0.44458,-0.88381,-0.14567,0.96
5177,578089.150887,0.4442,-0.88208,-0.1569,0.44
5178,578089.15559,0.44621,-0.88296,-0.14586,1.05
5179,578089.15968,0.44086,-0.88384,-0.15642,0.11
5180,578089.163521,0.44095,-0.8851,-0.14884,0.83
5181,578089.167613,0.43994,-0.88416,-0.15717,0.55
5182,578089.175818,0.46158,-0.87523,-0.14462,3.69
5183,578089.179057,0.45176,-0.87817,-0.15727,2.01
5184,578089.184014,0.4471,-0.88072,-0.15632,2.03
5185,578089.188165,0.43377,-0.88667,-0.16018,0.83
5186,578089.204335,0.43529,-0.88899,-0.14216,0.82
5187,578089.208456,0.43732,-0.88481,-0.16085,1.95
5188,578089.211312,0.44649,-0.88338,-0.14247,0.89
5189,578089.215936,0.44836,-0.88359,-0.13505,1.43
5190,578089.224587,0.44157,-0.88665,-0.13736,1.11
5191,578089.226757,0.44428,-0.88613,-0.13186,1.06
5192,578089.232099,0.44621,-0.88418,-0.13829,0.6
5193,578089.2354,0.44647,-0.88592,-0.12574,1.06
5194,578089.239912,0.44414,-0.88506,-0.1393,0.16
5195,578089.243936,0.44838,-0.883,-0.1388,0.25
5196,578089.251618,0.45471,-0.87895,-0.14384,1.22
5197,578089.255199,0.45057,-0.88373,-0.1265,0.84
5198,578089.260085,0.45772,-0.87757,-0.14269,1.09
5199,578089.264023,0.46616,-0.8759,-0.12446,2.57
5200,578089.267764,0.45941,-0.87621,-0.14561,1.22
5201,578089.27546,0.45963,-0.87739,-0.13757,2.05
5202,578089.284763,0.44811,-0.88213,-0.14507,3.32
5203,578089.288768,0.45002,-0.88227,-0.1381,0.35
5204,578089.291525,0.44247,-0.88761,-0.1279,0.99
5205,578089.299978,0.44785,-0.88354,-0.1371,0.43
5206,578089.30334,0.44649,-0.88507,-0.13152,0.91
5207,578089.308503,0.44757,-0.88412,-0.1342,0.26
5208,578089.311747,0.45203,-0.8822,-0.13187,0.26
5209,578089.315039,0.4547,-0.88191,-0.12442,0.7
5210,578089.319669,0.45129,-0.88313,-0.12808,0.28
5211,578089.32752,0.45162,-0.88312,-0.12701,0.86
5212,578089.331121,0.45325,-0.88172,-0.13092,0.19
5213,578089.335999,0.45583,-0.88115,-0.12567,0.82
5214,578089.339405,0.46025,-0.87699,-0.13804,1.4
5215,578089.343881,0.45509,-0.88096,-0.12965,0.54
5216,578089.351672,0.45857,-0.87829,-0.13537,0.77
5217,578089.355115,0.46364,-0.87833,-0.11653,1.5
5218,578089.367676,0.45388,-0.87952,-0.14293,1.21
5219,578089.376155,0.47322,-0.87067,-0.13419,2.03
5220,578089.379431,0.45742,-0.87942,-0.13186,0.28
5221,578089.382812,0.46251,-0.87877,-0.11765,0.55
5222,578089.388914,0.46132,-0.87637,-0.13843,0.32
5223,578089.391697,0.46454,-0.874,-0.14257,0.94
5224,578089.396251,0.46454,-0.87545,-0.13342,0.09
5225,578089.404101,0.46215,-0.87753,-0.12785,0.93
5226,578089.406994,0.46287,-0.87673,-0.13073,0.88
5227,578089.413485,0.46411,-0.87671,-0.12643,0.78
5228,578089.415996,0.46725,-0.87283,-0.14091,0.44
5229,578089.419368,0.46191,-0.87465,-0.14708,1.0
5230,578089.427611,0.46563,-0.874,-0.139,0.72
5231,578089.431445,0.4684,-0.87215,-0.14129,0.86
5232,578089.43542,0.46353,-0.8752,-0.13846,0.84
5233,578089.440194,0.46767,-0.87174,-0.14614,0.24
5234,578089.45618,0.47165,-0.86757,-0.15768,1.88
5235,578089.459943,0.47467,-0.86629,-0.15566,1.86
5236,578089.464125,0.46184,-0.87209,-0.16176,3.49
5237,578089.467054,0.46807,-0.86872,-0.16201,0.87
5238,578089.470926,0.46332,-0.87128,-0.16187,1.96
5239,578089.480248,0.45284,-0.8768,-0.16176,0.7
5240,578089.483133,0.45834,-0.87646,-0.14742,0.58
5241,578089.48774,0.45662,-0.87535,-0.15892,0.49
5242,578089.491596,0.46139,-0.87301,-0.15804,1.67
5243,578089.49594,0.46074,-0.87508,-0.14816,0.42
5244,578089.503406,0.453,-0.87839,-0.15239,1.19
5245,578089.507233,0.46201,-0.87449,-0.14771,1.14
5246,578089.512309,0.46102,-0.87475,-0.14924,0.36
5247,578089.515236,0.46093,-0.87512,-0.14733,1.15
5248,578089.519797,0.45714,-0.87548,-0.15672,0.26
5249,578089.527537,0.45947,-0.87515,-0.15163,1.15
5250,578089.540282,0.45527,-0.87579,-0.16036,0.75
5251,578089.54414,0.45767,-0.87569,-0.15399,1.17
5252,578089.547518,0.45602,-0.87509,-0.16207,0.8
5253,578089.555773,0.45388,-0.87578,-0.16434,0.37
5254,578089.558908,0.44492,-0.88179,-0.15648,1.39
5255,578089.563886,0.45164,-0.87826,-0.15711,2.18
5256,578089.567187,0.45633,-0.87205,-0.17688,0.53
5257,578089.571629,0.43847,-0.88404,-0.16192,0.92
5258,578089.579844,0.45599,-0.87604,-0.15691,1.74
5259,578089.583049,0.44076,-0.88043,-0.17483,1.51
5260,578089.588136,0.45618,-0.87458,-0.16436,1.62
5261,578089.592113,0.44498,-0.87961,-0.16815,0.98
5262,578089.595644,0.44488,-0.88088,-0.16164,0.87
5263,578089.604582,0.43685,-0.88429,-0.16493,1.08
5264,578089.607784,0.44169,-0.88403,-0.15298,1.21
5265,578089.611421,0.44233,-0.88105,-0.16763,1.64
5266,578089.624375,0.44455,-0.88213,-0.15565,0.58
5267,578089.631653,0.45639,-0.87529,-0.15992,1.07
5268,578089.635435,0.44984,-0.88084,-0.14752,0.74
5269,578089.640719,0.44829,-0.87955,-0.15943,0.81
5270,578089.643531,0.46452,-0.87249,-0.1516,2.43
5271,578089.648161,0.43847,-0.88362,-0.1642,0.64
5272,578089.655467,0.46124,-0.87636,-0.13874,1.96
5273,578089.659073,0.43975,-0.88467,-0.15484,0.27
5274,578089.664559,0.44267,-0.88239,-0.15951,1.18
5275,578089.66722,0.44161,-0.88333,-0.15718,0.22
5276,578089.672216,0.43954,-0.88473,-0.15509,1.99
5277,578089.676466,0.43905,-0.88628,-0.14747,0.49
5278,578089.683604,0.43583,-0.8888,-0.14175,0.77
5279,578089.687124,0.43937,-0.88612,-0.14746,0.63
5280,578089.691609,0.43846,-0.88738,-0.14254,0.48
5281,578089.695688,0.44519,-0.88531,-0.13428,1.28
5283,578089.712051,0.45062,-0.87893,-0.15627,1.93
5284,578089.716956,0.44349,-0.88501,-0.14169,0.32
5285,578089.719821,0.43775,-0.88762,-0.14322,0.41
5286,578089.723072,0.44003,-0.88641,-0.14369,0.48
5287,578089.733539,0.44643,-0.88177,-0.15223,0.78
5288,578089.735215,0.46197,-0.87664,-0.13452,3.76
5289,578089.740497,0.44614,-0.88095,-0.15775,1.44
5290,578089.743793,0.44081,-0.88745,-0.13459,0.3
5291,578089.747412,0.44903,-0.88089,-0.14969,1.03
5292,578089.751663,0.45454,-0.87963,-0.14012,2.0
5293,578089.760085,0.44204,-0.88633,-0.13789,0.27
5294,578089.763232,0.43949,-0.88337,-0.16279,0.55
5295,578089.767829,0.44229,-0.88595,-0.13956,0.42
5296,578089.771196,0.44383,-0.88714,-0.12652,0.66
5297,578089.776005,0.44754,-0.88446,-0.13208,0.17
5298,578089.784147,0.44503,-0.88634,-0.12785,0.93
5299,578089.786769,0.44931,-0.88318,-0.1346,0.54
5300,578089.800647,0.45379,-0.88088,-0.13463,1.22
5301,578089.807653,0.44919,-0.88409,-0.12892,0.66
5302,578089.811526,0.46178,-0.87614,-0.1383,1.21
5303,578089.817228,0.45258,-0.8827,-0.12657,0.22
5304,578089.819468,0.46084,-0.87583,-0.14336,1.4
5305,578089.824372,0.45839,-0.87999,-0.12445,0.6
5306,578089.827316,0.46296,-0.87509,-0.14102,1.0
5307,578089.83552,0.46725,-0.87372,-0.13524,2.13
5308,578089.838852,0.4535,-0.88117,-0.13372,0.06
5309,578089.843137,0.46631,-0.87484,-0.13117,2.28
5310,578089.847274,0.45757,-0.87837,-0.13821,0.44
5311,578089.852314,0.45959,-0.87872,-0.12893,1.36
5312,578089.859939,0.45125,-0.88134,-0.14009,1.39
5313,578089.863508,0.46063,-0.87688,-0.13749,0.04
5314,578089.868153,0.45795,-0.8787,-0.13479,0.18
5315,578089.871936,0.45229,-0.87869,-0.15279,1.45
5316,578089.888517,0.45784,-0.87897,-0.13342,0.45
5317,578089.891154,0.46377,-0.87608,-0.13188,0.81
5318,578089.89695,0.46425,-0.87686,-0.12484,0.74
5319,578089.899481,0.45744,-0.87866,-0.13677,0.14
5320,578089.904047,0.46429,-0.87512,-0.13637,1.03
5321,578089.911523,0.47035,-0.87088,-0.14259,0.92
5322,578089.91508,0.46342,-0.87545,-0.13722,0.96
5323,578089.920254,0.47047,-0.87088,-0.14218,0.89
5324,578089.924359,0.46473,-0.87639,-0.12639,0.8
5325,578089.927909,0.44984,-0.88148,-0.14364,2.15
5326,578089.935908,0.47073,-0.87205,-0.13393,0.41
5327,578089.938784,0.45797,-0.87742,-0.14282,0.53
5328,578089.944065,0.45896,-0.87657,-0.14487,0.45
5329,578089.947402,0.45864,-0.87719,-0.14207,0.56
5330,578089.952256,0.46772,-0.87189,-0.14508,0.02
5331,578089.960495,0.45611,-0.87792,-0.14566,0.31
5332,578089.972296,0.4563,-0.87867,-0.14044,0.66
5333,578089.975779,0.46692,-0.87379,-0.13594,0.63
5335,578089.98797,0.4572,-0.87808,-0.1412,1.25
5336,578089.990864,0.4618,-0.87365,-0.15321,0.47
5337,578089.995946,0.46209,-0.87547,-0.14155,1.19
5338,578089.999835,0.46378,-0.87217,-0.15569,0.99
5339,578090.002998,0.4634,-0.87468,-0.14213,1.25
5340,578090.011539,0.46865,-0.86741,-0.16725,1.69
5341,578090.014909,0.45955,-0.87609,-0.14585,1.13
5342,578090.020405,0.46265,-0.87241,-0.15764,0.92
5343,578090.023434,0.45884,-0.87615,-0.14773,1.21
5344,578090.0277,0.45187,-0.87792,-0.15835,0.6
5345,578090.035631,0.45523,-0.87995,-0.13583,1.4
5346,578090.039558,0.45105,-0.87849,-0.15747,0.48
5347,578090.043243,0.45111,-0.8764,-0.1686,1.46
5348,578090.055782,0.4527,-0.87934,-0.14773,0.4
5349,578090.064462,0.44961,-0.88021,-0.15194,0.8
5350,578090.066774,0.45174,-0.87993,-0.14714,0.93
5351,578090.072215,0.45374,-0.87917,-0.14553,0.47
5352,578090.076371,0.45483,-0.87851,-0.14608,0.93
5353,578090.08076,0.44988,-0.87963,-0.15447,0.26
5354,578090.088075,0.45821,-0.87564,-0.15267,1.21
5355,578090.090889,0.45254,-0.87772,-0.15752,0.98
5356,578090.09618,0.45443,-0.87845,-0.14771,1.04
5357,578090.099366,0.45102,-0.8785,-0.15753,0.77
5358,578090.10371,0.45082,-0.88057,-0.14618,1.12
5361,578090.118991,0.44572,-0.88145,-0.15614,0.4
5362,578090.12452,0.44266,-0.88529,-0.1425,1.07
5363,578090.12778,0.44218,-0.88276,-0.15878,0.56
5364,578090.140661,0.43734,-0.88565,-0.15605,0.54
5365,578090.14405,0.42978,-0.88878,-0.15922,0.86
5366,578090.148021,0.44221,-0.88432,-0.14975,0.21
5367,578090.151922,0.44207,-0.88565,-0.14211,0.85
5368,578090.155657,0.42934,-0.89028,-0.1519,1.46
5369,578090.163835,0.44215,-0.88494,-0.1462,0.5
5370,578090.167388,0.44043,-0.8865,-0.1419,0.88
5371,578090.171327,0.44668,-0.88248,-0.14735,0.44
5372,578090.176332,0.44927,-0.88279,-0.13723,0.56
5373,578090.180144,0.44421,-0.88409,-0.14512,0.42
5374,578090.184276,0.44504,-0.88477,-0.13829,0.64
5375,578090.191931,0.44643,-0.88213,-0.15017,0.63
5376,578090.195346,0.44512,-0.88405,-0.14258,0.76
5377,578090.199888,0.44274,-0.88482,-0.14517,0.19
5378,578090.204161,0.44477,-0.88574,-0.13283,1.39
5379,578090.207629,0.44475,-0.88306,-0.1497,0.62
5380,578090.216127,0.45167,-0.88036,-0.14476,2.41
5381,578090.228368,0.4566,-0.87715,-0.14871,2.61
5382,578090.23152,0.4457,-0.88371,-0.1429,1.59
5383,578090.239925,0.44381,-0.88241,-0.15618,2.17
5384,578090.243531,0.4425,-0.88611,-0.13781,1.28
5385,578090.24797,0.4411,-0.88581,-0.14416,2.54
5386,578090.25148,0.44485,-0.88565,-0.13318,0.77
5387,578090.255806,0.44685,-0.88587,-0.12475,0.87
5388,578090.259895,0.44153,-0.88765,-0.13089,0.65
5389,578090.26771,0.44338,-0.88705,-0.12866,1.19
5390,578090.271267,0.45666,-0.87781,-0.14462,0.97
5391,578090.276378,0.45054,-0.88364,-0.1273,0.37
5392,578090.27922,0.45424,-0.87957,-0.14147,1.54
5393,578090.28473,0.4493,-0.8836,-0.13184,0.33
5394,578090.292126,0.46067,-0.87626,-0.14124,1.01
5395,578090.295318,0.45613,-0.88033,-0.13028,0.59
5396,578090.308562,0.45326,-0.88023,-0.14054,0.73
5397,578090.315505,0.45391,-0.8824,-0.1238,0.82
5398,578090.319538,0.45519,-0.87933,-0.13992,0.69
5399,578090.324781,0.45849,-0.87972,-0.12604,0.85
5400,578090.327083,0.45433,-0.87986,-0.1394,0.38
5401,578090.331427,0.45698,-0.87966,-0.13179,1.43
5402,578090.335852,0.45901,-0.87785,-0.13671,0.32
5403,578090.344083,0.45506,-0.8805,-0.1328,1.03
5404,578090.3468,0.45515,-0.87993,-0.13624,0.49
5405,578090.35227,0.46037,-0.87775,-0.1327,0.99
5406,578090.355974,0.4578,-0.87975,-0.12832,1.3
5407,578090.359371,0.45319,-0.88195,-0.12957,0.27
5408,578090.367818,0.4562,-0.87906,-0.13833,0.87
5409,578090.371342,0.47085,-0.87054,-0.14301,1.36
5410,578090.376211,0.45948,-0.8772,-0.13929,1.0
5411,578090.379107,0.46101,-0.87367,-0.15547,0.91
5412,578090.396314,0.46194,-0.87604,-0.13845,0.93
5413,578090.398896,0.45572,-0.87692,-0.15274,0.86
5414,578090.403752,0.46138,-0.87479,-0.14785,1.74
5415,578090.407616,0.4545,-0.87732,-0.15406,0.65
5416,578090.411588,0.46568,-0.87367,-0.14087,0.5
5417,578090.41955,0.45519,-0.87831,-0.14621,0.53
5418,578090.423159,0.45168,-0.87737,-0.16192,2.39
5419,578090.428313,0.45712,-0.87613,-0.1531,0.05
5420,578090.432257,0.46257,-0.87517,-0.14177,1.33
5421,578090.435579,0.45906,-0.87617,-0.14695,0.36
5422,578090.443919,0.45384,-0.88005,-0.13978,0.9
5423,578090.446792,0.46038,-0.8758,-0.14498,1.08
5424,578090.452343,0.45592,-0.87807,-0.14537,0.72
5425,578090.455205,0.46302,-0.87446,-0.14467,1.16
5426,578090.460175,0.45981,-0.87522,-0.15018,0.76
5427,578090.468377,0.46126,-0.87482,-0.14809,0.79
5428,578090.480597,0.451,-0.87899,-0.15484,0.52
5429,578090.483512,0.46109,-0.87316,-0.15807,1.21
5430,578090.488059,0.45876,-0.87415,-0.15939,0.56
5431,578090.495941,0.45705,-0.87626,-0.15256,1.29
5432,578090.498797,0.44388,-0.8807,-0.16534,1.32
5433,578090.503562,0.44759,-0.87992,-0.15939,0.87
5434,578090.507547,0.44203,-0.88009,-0.17336,1.45
5435,578090.51111,0.44175,-0.88256,-0.16108,0.84
5436,578090.520386,0.44497,-0.88204,-0.15496,0.59
5437,578090.523068,0.43859,-0.88547,-0.15355,1.13
5438,578090.528418,0.44237,-0.88219,-0.16142,0.16
5439,578090.531937,0.43842,-0.88683,-0.146,0.32
5440,578090.535548,0.45058,-0.87981,-0.1514,1.07
5441,578090.543748,0.43691,-0.88681,-0.1506,0.61
5442,578090.547455,0.44562,-0.88276,-0.14887,1.17
5443,578090.55114,0.45105,-0.88019,-0.14768,1.24
5444,578090.565488,0.44696,-0.8816,-0.1517,1.24
5445,578090.571624,0.45457,-0.87633,-0.15939,0.57
5446,578090.574951,0.45558,-0.87807,-0.14641,0.52
5447,578090.580698,0.45584,-0.8744,-0.16624,1.45
5448,578090.583526,0.44576,-0.88243,-0.15037,0.94
5449,578090.588035,0.43918,-0.88422,-0.15901,1.06
5450,578090.596723,0.44709,-0.88424,-0.13505,0.69
5451,578090.598899,0.43964,-0.8844,-0.15668,0.16
5452,578090.603304,0.44332,-0.88535,-0.1401,1.03
5453,578090.607408,0.44003,-0.88477,-0.15347,0.03
5454,578090.611398,0.43537,-0.8862,-0.15842,0.76
5455,578090.615934,0.43961,-0.88591,-0.148,0.36
5456,578090.624306,0.434,-0.88955,-0.14261,0.39
5457,578090.627184,0.43568,-0.88787,-0.1479,0.18
5458,578090.6328,0.4424,-0.8842,-0.14993,0.77
5459,578090.635337,0.44172,-0.88665,-0.13688,1.15
5460,578090.652132,0.4347,-0.88842,-0.14746,0.24
5461,578090.655686,0.44984,-0.88184,-0.14143,1.5
5462,578090.659487,0.43518,-0.88902,-0.14235,0.43
5463,578090.663678,0.4391,-0.8871,-0.14226,0.68
5464,578090.671905,0.43929,-0.88465,-0.15627,0.98
5465,578090.675508,0.4429,-0.8854,-0.14113,0.29
5466,578090.680182,0.45166,-0.88061,-0.14329,0.77
5467,578090.684019,0.44098,-0.88715,-0.13603,0.92
5468,578090.68743,0.45745,-0.87801,-0.14083,3.29
5469,578090.691551,0.44224,-0.88648,-0.1363,1.11
5470,578090.699893,0.43438,-0.8897,-0.14054,1.52
5471,578090.702809,0.44367,-0.88438,-0.14502,2.54
5472,578090.708926,0.43549,-0.88888,-0.14225,1.7
5473,578090.711485,0.45274,-0.88119,-0.13612,0.57
5474,578090.716153,0.44926,-0.88351,-0.1326,0.08
5475,578090.724337,0.44457,-0.88686,-0.12588,1.22
5476,578090.736729,0.45375,-0.8822,-0.12581,0.61
5477,578090.73966,0.45858,-0.87781,-0.13835,1.61
5478,578090.748331,0.45248,-0.88278,-0.12632,0.73
5479,578090.751056,0.45512,-0.87892,-0.14271,1.61
5480,578090.755551,0.45652,-0.88065,-0.12666,0.52
5481,578090.759317,0.46274,-0.87551,-0.1391,1.63
5482,578090.763371,0.45302,-0.88158,-0.13264,0.45
5483,578090.767226,0.45898,-0.87677,-0.14355,0.54
5484,578090.775883,0.4622,-0.8796,-0.11259,1.36
5485,578090.779278,0.44733,-0.88248,-0.14535,0.52
5486,578090.783802,0.46027,-0.8762,-0.1429,2.01
5487,578090.787545,0.45069,-0.88219,-0.13644,0.09
5488,578090.791847,0.46056,-0.87932,-0.12118,0.83
5489,578090.799852,0.44902,-0.88358,-0.13293,0.29
5490,578090.803034,0.44526,-0.88374,-0.14401,2.53
5491,578090.807627,0.45229,-0.882,-0.13229,1.32
5492,578090.815677,0.45623,-0.88089,-0.12603,0.79
5493,578090.825096,0.45242,-0.88186,-0.13284,0.6
5494,578090.827976,0.45558,-0.88019,-0.13309,0.28
5495,578090.831425,0.46302,-0.87553,-0.1381,1.14
5496,578090.835841,0.46218,-0.87798,-0.12462,0.8
5497,578090.838982,0.45416,-0.8804,-0.13651,0.18
5498,578090.843849,0.45935,-0.8777,-0.13654,0.52
5499,578090.851876,0.46929,-0.87207,-0.13878,0.43
5500,578090.854771,0.46257,-0.8767,-0.13204,0.61
5501,578090.859173,0.46932,-0.8701,-0.15056,1.54
5502,578090.86392,0.4602,-0.87771,-0.13359,0.85
5505,578090.87954,0.45419,-0.87721,-0.15559,0.73
5506,578090.883869,0.45666,-0.87942,-0.1345,0.8
5507,578090.887002,0.45102,-0.8789,-0.15532,1.3
5508,578090.892262,0.46859,-0.87311,-0.13451,1.8
5509,578090.908333,0.45663,-0.87511,-0.16021,3.29
5510,578090.911141,0.45698,-0.87732,-0.14654,1.12
5511,578090.91641,0.45764,-0.87488,-0.15856,3.73
5512,578090.919537,0.45327,-0.8797,-0.14376,0.74
5513,578090.929188,0.46032,-0.8758,-0.14521,1.02
5514,578090.931126,0.47002,-0.86924,-0.15333,1.17
5515,578090.93684,0.45967,-0.87606,-0.14569,0.64
5516,578090.939483,0.46546,-0.87037,-0.16064,1.38
5517,578090.944151,0.45809,-0.87597,-0.15111,0.29
5518,578090.952846,0.45654,-0.87572,-0.15712,0.75
5519,578090.954827,0.46707,-0.87166,-0.14851,1.29
5520,578090.960188,0.45566,-0.87715,-0.15159,0.43
5521,578090.963742,0.45408,-0.87938,-0.14319,0.79
5522,578090.967458,0.45576,-0.87528,-0.16176,0.13
5523,578090.97624,0.4572,-0.87393,-0.16498,1.19
5524,578090.980013,0.45304,-0.87819,-0.15339,0.21
5525,578090.987673,0.45319,-0.87749,-0.15694,0.12
5526,578090.993741,0.44358,-0.88371,-0.14929,0.43
5527,578090.995485,0.45332,-0.87802,-0.15357,0.26
5528,578091.004032,0.46044,-0.87389,-0.1559,1.24
5529,578091.007194,0.44853,-0.88069,-0.15236,0.61
5530,578091.012052,0.45471,-0.87896,-0.14377,1.28
5531,578091.01554,0.45522,-0.87786,-0.14878,1.28
5532,578091.019855,0.44047,-0.88519,-0.14976,0.94
5533,578091.027701,0.44912,-0.8809,-0.14932,1.23
5534,578091.031073,0.44456,-0.88087,-0.16258,0.18
5535,578091.036625,0.45723,-0.87581,-0.15462,1.4
5536,578091.039282,0.44273,-0.88213,-0.16073,0.48
5537,578091.043741,0.45212,-0.87776,-0.15848,1.34
5538,578091.051596,0.44874,-0.87691,-0.17224,1.12
5539,578091.055105,0.46485,-0.86848,-0.17222,2.81
5540,578091.059457,0.44951,-0.87834,-0.16266,0.59
5541,578091.0724,0.44798,-0.8788,-0.1644,1.7
5542,578091.079513,0.42828,-0.88859,-0.16425,1.83
5543,578091.083511,0.4265,-0.89225,-0.14831,1.05
5544,578091.088742,0.44229,-0.88332,-0.1553,0.12
5545,578091.091652,0.44309,-0.88439,-0.14671,0.42
5546,578091.095036,0.44102,-0.88556,-0.1459,0.45
5547,578091.104148,0.43711,-0.88755,-0.14559,0.47
5548,578091.107327,0.44143,-0.88511,-0.14739,0.31
5549,578091.111728,0.44209,-0.88606,-0.13947,0.27
5550,578091.116308,0.44847,-0.88336,-0.13621,0.98
5551,578091.120215,0.43981,-0.88605,-0.14658,0.4
5552,578091.124285,0.44253,-0.88473,-0.14633,0.32
5553,578091.132208,0.45021,-0.87942,-0.1547,1.13
5554,578091.135096,0.4434,-0.88492,-0.14251,0.66
5555,578091.140209,0.44813,-0.88172,-0.14748,0.62
5556,578091.143371,0.43896,-0.88803,-0.13683,1.0
5557,578091.156353,0.45285,-0.88035,-0.14111,1.23
5558,578091.160224,0.43719,-0.88653,-0.15145,0.25
5559,578091.163314,0.43466,-0.89058,-0.13391,1.76
5560,578091.168213,0.43931,-0.88725,-0.14071,0.18
5561,578091.172057,0.44095,-0.88591,-0.14398,2.44
5562,578091.179525,0.43635,-0.89041,-0.12948,1.34
5563,578091.183474,0.42985,-0.89207,-0.1394,2.05
5564,578091.187608,0.44464,-0.8852,-0.13681,0.61
5565,578091.191598,0.44814,-0.88428,-0.13122,1.0
5566,578091.194964,0.44749,-0.8844,-0.13261,0.24
5567,578091.199397,0.44375,-0.88819,-0.11916,1.12
5568,578091.207402,0.44492,-0.88672,-0.12562,1.01
5569,578091.211353,0.45882,-0.87817,-0.13527,1.34
5570,578091.215855,0.45218,-0.88337,-0.12323,0.7
5571,578091.219417,0.44843,-0.88381,-0.13335,0.23
5572,578091.223925,0.45021,-0.88311,-0.13201,1.0
5573,578091.231441,0.46155,-0.87643,-0.13725,1.17
5574,578091.243722,0.45302,-0.88305,-0.12247,1.06
5575,578091.247042,0.46197,-0.87557,-0.14129,1.33
5576,578091.255967,0.45732,-0.87972,-0.13018,0.96
5577,578091.258753,0.45264,-0.88099,-0.13778,0.05
5578,578091.26439,0.45204,-0.88337,-0.12379,0.51
5579,578091.267436,0.45697,-0.87919,-0.13492,0.36
5580,578091.27215,0.45566,-0.88136,-0.12479,0.38
5581,578091.274949,0.45851,-0.87855,-0.13382,0.29
5582,578091.283515,0.45672,-0.88019,-0.12911,0.68
5583,578091.286806,0.46235,-0.87686,-0.13174,1.06
5584,578091.292006,0.45703,-0.87977,-0.1309,0.34
5585,578091.295683,0.46186,-0.87704,-0.13222,1.02
5586,578091.300912,0.45943,-0.8774,-0.13818,0.3
5587,578091.308262,0.46022,-0.87759,-0.13429,1.38
5588,578091.310801,0.46137,-0.87502,-0.14658,0.71
5589,578091.325204,0.46654,-0.87339,-0.13978,0.54
5590,578091.331366,0.46021,-0.8752,-0.14913,0.42
5591,578091.336412,0.47116,-0.86932,-0.14928,1.9
5592,578091.339159,0.45363,-0.8789,-0.14753,0.75
5593,578091.344335,0.46787,-0.87068,-0.15169,2.1
5594,578091.347169,0.45617,-0.8768,-0.15206,0.1
5595,578091.351571,0.46441,-0.86979,-0.16671,1.04
5596,578091.359922,0.45381,-0.878,-0.15224,0.46
5597,578091.363028,0.44909,-0.87717,-0.16996,1.19
5598,578091.367815,0.455,-0.87723,-0.15307,0.38
5599,578091.371438,0.45838,-0.87685,-0.145,1.0
5600,578091.375786,0.45844,-0.87679,-0.14518,0.41
5601,578091.384457,0.45459,-0.87883,-0.14493,0.67
5602,578091.387806,0.46083,-0.87378,-0.15536,0.7
5603,578091.391964,0.46051,-0.87626,-0.14178,1.11
5604,578091.395832,0.46177,-0.87567,-0.14129,1.16
5605,578091.412319,0.46844,-0.86902,-0.15929,1.73
5606,578091.41498,0.45503,-0.87615,-0.15907,0.61
5607,578091.420182,0.46582,-0.8697,-0.16319,0.92
5608,578091.423003,0.45576,-0.87688,-0.15287,1.12
5609,578091.428029,0.46418,-0.86978,-0.16739,1.08
5610,578091.435581,0.45973,-0.87242,-0.16592,1.89
5611,578091.439311,0.43343,-0.8852,-0.16902,2.03
5612,578091.444203,0.44989,-0.87718,-0.16781,3.21
5613,578091.447582,0.45336,-0.87454,-0.17219,1.04
5614,578091.451936,0.4462,-0.88143,-0.15485,0.59
5615,578091.45987,0.44493,-0.88067,-0.16268,0.58
5616,578091.462904,0.44244,-0.87938,-0.17591,1.72
5617,578091.468076,0.44482,-0.88163,-0.15769,0.46
5618,578091.471383,0.44333,-0.88373,-0.14991,0.87
5619,578091.475086,0.4465,-0.88159,-0.15309,0.39
5620,578091.48367,0.4414,-0.883,-0.15961,0.42
5621,578091.49182,0.44491,-0.88061,-0.16303,1.57
5622,578091.497041,0.44904,-0.88178,-0.14431,1.07
5623,578091.499286,0.44941,-0.87892,-0.15975,1.04
5624,578091.50446,0.44316,-0.88297,-0.15483,0.51
5625,578091.511317,0.45224,-0.87765,-0.15878,0.88
5626,578091.515203,0.4511,-0.88113,-0.14182,0.79
5627,578091.519507,0.44236,-0.88272,-0.15853,0.69
5628,578091.523881,0.44449,-0.88398,-0.14493,0.69
5629,578091.527606,0.44079,-0.88429,-0.15405,0.09
5630,578091.535509,0.45659,-0.87401,-0.16624,1.27
5631,578091.539236,0.43867,-0.88609,-0.1497,0.24
5632,578091.543123,0.43671,-0.88243,-0.17493,0.77
5633,578091.547655,0.43945,-0.88542,-0.15137,0.66
5634,578091.551159,0.43525,-0.88649,-0.15713,2.18
5635,578091.560301,0.43901,-0.88678,-0.14454,0.56
5636,578091.563335,0.44204,-0.88515,-0.14531,0.47
5637,578091.567623,0.43993,-0.88676,-0.14183,0.49
5638,578091.581281,0.43901,-0.88771,-0.1387,0.51
5639,578091.587571,0.44657,-0.88381,-0.1395,1.14
5640,578091.591706,0.4414,-0.88634,-0.1399,0.46
5641,578091.596487,0.44634,-0.88487,-0.13335,0.97
5642,578091.600312,0.43959,-0.88652,-0.14437,0.43
5643,578091.603105,0.44393,-0.88547,-0.13739,0.86
5644,578091.611539,0.44658,-0.88296,-0.14477,0.83
5645,578091.615036,0.44857,-0.884,-0.13167,0.93
5646,578091.619881,0.44249,-0.88577,-0.14009,0.33
5647,578091.623815,0.44405,-0.88433,-0.14413,2.04
5648,578091.627636,0.44371,-0.8837,-0.149,0.6
5649,578091.632205,0.4661,-0.87465,-0.13316,1.99
5650,578091.639453,0.44772,-0.88358,-0.13722,0.55
5651,578091.643205,0.43813,-0.88717,-0.14486,3.55
5652,578091.64927,0.43682,-0.88784,-0.14468,1.37
5653,578091.65142,0.44131,-0.88508,-0.14792,2.94
5654,578091.655717,0.44842,-0.88479,-0.12677,0.9
5655,578091.667267,0.4415,-0.88508,-0.14736,2.94
5656,578091.672771,0.44603,-0.88533,-0.13135,0.27
5657,578091.675421,0.45371,-0.88285,-0.12133,0.73
5658,578091.680784,0.44885,-0.88508,-0.12316,0.73
5659,578091.687951,0.45294,-0.88277,-0.12477,0.67
5660,578091.690855,0.44872,-0.88314,-0.13679,0.53
5661,578091.696071,0.45765,-0.8804,-0.12427,0.99
5662,578091.699613,0.45015,-0.88272,-0.13481,0.29
5663,578091.703001,0.45189,-0.88237,-0.13126,0.53
5664,578091.708161,0.46161,-0.87591,-0.14038,1.75
5665,578091.715288,0.45722,-0.88034,-0.12627,0.93
5666,578091.719158,0.46033,-0.87848,-0.12796,0.84
5667,578091.724305,0.45421,-0.88206,-0.12512,0.86
5668,578091.727386,0.44241,-0.88526,-0.14349,1.09
5669,578091.731079,0.45838,-0.88008,-0.12389,0.99
5670,578091.740141,0.44562,-0.882,-0.15327,1.21
5671,578091.743131,0.45133,-0.88292,-0.12944,0.93
5672,578091.752208,0.45718,-0.87969,-0.13086,0.94
5673,578091.75638,0.46243,-0.87818,-0.12235,0.9
5674,578091.763959,0.45627,-0.87968,-0.13407,0.43
5675,578091.76737,0.45698,-0.87937,-0.13371,0.35
5676,578091.771752,0.47148,-0.86971,-0.14596,1.88
5677,578091.775925,0.46264,-0.87636,-0.13403,0.2
5678,578091.779483,0.4707,-0.87006,-0.14642,0.79
5679,578091.78311,0.46048,-0.87779,-0.13208,0.88
5680,578091.791928,0.45805,-0.87719,-0.14401,0.14
5681,578091.79511,0.4637,-0.87644,-0.12976,0.96
5682,578091.799565,0.47709,-0.86885,-0.13225,1.9
5683,578091.803534,0.46141,-0.87725,-0.13237,0.97
5684,578091.807541,0.46456,-0.87574,-0.13137,1.84
5685,578091.815138,0.46254,-0.87633,-0.13456,1.13
5686,578091.819152,0.46619,-0.87072,-0.1566,1.39
5687,578091.823498,0.45917,-0.87354,-0.16153,1.08
5688,578091.827376,0.45378,-0.87869,-0.14827,2.67
5689,578091.839683,0.44578,-0.88154,-0.15547,1.76
5690,578091.843806,0.45162,-0.88176,-0.13615,0.88
5691,578091.847576,0.46116,-0.87621,-0.13997,1.13
5692,578091.853089,0.4658,-0.87321,-0.1433,1.18
5693,578091.855978,0.46352,-0.87562,-0.13577,1.18
5694,578091.859356,0.45238,-0.8815,-0.13534,0.87
5695,578091.867256,0.45974,-0.87701,-0.13959,1.24
5696,578091.871163,0.46023,-0.87484,-0.15112,0.59
5697,578091.876191,0.46171,-0.87563,-0.1418,1.19
5698,578091.880008,0.45395,-0.8774,-0.15525,0.18
5699,578091.883528,0.45923,-0.87598,-0.14753,0.93
5700,578091.891398,0.45833,-0.87517,-0.15493,0.5
5701,578091.8953,0.45885,-0.87615,-0.14773,1.26
5702,578091.900515,0.46772,-0.86928,-0.15995,1.48
5703,578091.903677,0.45616,-0.87716,-0.15005,1.61
5704,578091.90793,0.45815,-0.87208,-0.17195,0.46
5705,578091.923929,0.43715,-0.88709,-0.14823,1.95
5706,578091.927307,0.44801,-0.8777,-0.17007,1.45
5707,578091.931606,0.45681,-0.87476,-0.16161,1.15
5708,578091.935125,0.44874,-0.87841,-0.16442,1.86
5709,578091.943939,0.44394,-0.88402,-0.14639,1.08
5710,578091.947439,0.45205,-0.87919,-0.15059,1.22
5711,578091.95234,0.44378,-0.88355,-0.14965,0.68
5712,578091.955653,0.45503,-0.87801,-0.14846,1.09
5713,578091.959266,0.44477,-0.88186,-0.15655,0.39
5714,578091.967917,0.44452,-0.88291,-0.15122,0.68
5715,578091.971493,0.44426,-0.88129,-0.16115,0.22
5716,578091.976374,0.45345,-0.87882,-0.14853,0.72
5717,578091.979728,0.44412,-0.88281,-0.15299,0.24
5718,578091.983579,0.44812,-0.88092,-0.15224,1.12
5719,578091.99191,0.45382,-0.87651,-0.16057,0.9
5720,578091.995713,0.45676,-0.87489,-0.16106,2.17
5721,578092.003419,0.45199,-0.87903,-0.15169,1.48
5722,578092.008673,0.43798,-0.88362,-0.16548,1.61
5723,578092.011504,0.45007,-0.88036,-0.14965,0.9
5724,578092.019639,0.43664,-0.88512,-0.16099,2.02
5725,578092.023518,0.43861,-0.88282,-0.16809,3.22
5726,578092.027513,0.42724,-0.89017,-0.15835,1.97
5727,578092.032075,0.43891,-0.88425,-0.15958,1.25
5728,578092.035237,0.44272,-0.88452,-0.14705,0.42
5729,578092.043632,0.4438,-0.884,-0.14693,1.81
5730,578092.046953,0.44201,-0.88557,-0.14282,0.99
5732,578092.055411,0.44114,-0.88644,-0.14006,1.32
5733,578092.059713,0.44548,-0.88163,-0.15578,1.37
5734,578092.06732,0.44179,-0.88522,-0.1456,1.14
5735,578092.07156,0.44105,-0.88403,-0.15483,0.86
5736,578092.074978,0.44599,-0.88435,-0.13789,0.92
5737,578092.088115,0.45135,-0.87885,-0.15463,1.29
5738,578092.095195,0.44963,-0.8825,-0.13792,1.0
5739,578092.099584,0.44492,-0.88409,-0.1429,0.53
5740,578092.104759,0.44188,-0.88612,-0.13975,0.6
5741,578092.107518,0.44069,-0.88588,-0.14497,0.25
5742,578092.112159,0.44964,-0.88256,-0.13754,0.72
5743,578092.119572,0.44147,-0.88676,-0.13697,0.24
5744,578092.123375,0.44047,-0.88607,-0.14446,0.97
5745,578092.127124,0.44169,-0.88687,-0.13554,0.56
5746,578092.131778,0.44546,-0.8852,-0.13413,0.58
5747,578092.135651,0.45179,-0.88328,-0.12532,0.71
5748,578092.139517,0.44073,-0.88836,-0.12873,0.93
5749,578092.147531,0.44816,-0.88439,-0.13042,0.8
5750,578092.151051,0.45529,-0.87919,-0.14047,1.35
5751,578092.155464,0.45331,-0.88183,-0.12998,0.54
5752,578092.159497,0.45143,-0.8819,-0.13585,0.35
5753,578092.163152,0.45178,-0.88262,-0.12989,0.88
5754,578092.175669,0.45623,-0.8809,-0.126,0.83
5755,578092.180648,0.4512,-0.88191,-0.1366,0.57
5756,578092.183414,0.45333,-0.88209,-0.12811,1.07
5757,578092.188026,0.44786,-0.88357,-0.13688,0.32
5758,578092.196144,0.45322,-0.88099,-0.13585,0.56
5759,578092.199671,0.44922,-0.88274,-0.13772,1.53
5760,578092.203869,0.45065,-0.88263,-0.1337,0.75
5761,578092.208029,0.44652,-0.88171,-0.15232,1.33
5762,578092.211324,0.45392,-0.88113,-0.13256,0.78
5763,578092.215136,0.44838,-0.88142,-0.14849,1.79
5764,578092.224007,0.44589,-0.88293,-0.14702,3.21
5765,578092.226918,0.45247,-0.88153,-0.13483,0.48
5766,578092.232252,0.45577,-0.88112,-0.12612,0.29
5767,578092.235595,0.45982,-0.87889,-0.12694,0.87
5768,578092.239727,0.45161,-0.88308,-0.12734,0.69
5769,578092.248224,0.4558,-0.88059,-0.12966,0.89
5770,578092.251418,0.45599,-0.87933,-0.13733,0.49
5771,578092.264088,0.45568,-0.88018,-0.13285,0.76
5772,578092.271384,0.46243,-0.87479,-0.14457,0.77
5773,578092.275625,0.46334,-0.87511,-0.13963,2.1
5774,578092.280645,0.45485,-0.87884,-0.14409,0.5
5775,578092.283364,0.45325,-0.88229,-0.12703,1.44
5776,578092.287239,0.45496,-0.8795,-0.1396,0.16
5777,578092.290901,0.46738,-0.87257,-0.14207,2.07
5778,578092.29928,0.45713,-0.87872,-0.13738,0.09
5779,578092.303212,0.46526,-0.87404,-0.13996,2.43
5780,578092.307873,0.45683,-0.87968,-0.13218,1.03
5781,578092.311521,0.45704,-0.87784,-0.14322,2.19
5782,578092.316399,0.45741,-0.8793,-0.13271,0.57
5783,578092.323489,0.45805,-0.87766,-0.14111,0.9
5784,578092.327093,0.4628,-0.87656,-0.13217,0.86
5785,578092.332014,0.45746,-0.87868,-0.13653,0.84
5786,578092.335619,0.46178,-0.877,-0.1328,0.81
5787,578092.339915,0.45593,-0.87967,-0.1353,0.71
5788,578092.355998,0.4694,-0.87243,-0.1361,0.7
5789,578092.359571,0.47121,-0.86947,-0.14825,0.79
5790,578092.363704,0.46111,-0.87592,-0.14195,1.28
5791,578092.368509,0.46101,-0.87447,-0.15089,0.33
5792,578092.376401,0.46645,-0.87229,-0.14678,0.44
5793,578092.379434,0.45606,-0.87348,-0.17044,1.03
5794,578092.384233,0.4626,-0.87515,-0.14184,1.28
5795,578092.387365,0.45764,-0.87665,-0.14852,0.36
5796,578092.392692,0.46335,-0.87336,-0.15014,0.76
5797,578092.400932,0.45818,-0.8776,-0.14106,0.68
5798,578092.403439,0.45846,-0.87699,-0.14386,1.61
5799,578092.40824,0.45906,-0.87552,-0.15078,0.17
5800,578092.411627,0.46211,-0.87488,-0.14503,1.47
5801,578092.416097,0.46375,-0.87441,-0.14264,1.07
5802,578092.424474,0.45533,-0.87865,-0.14373,0.56
5803,578092.427508,0.45734,-0.87811,-0.14055,1.45
5804,578092.440468,0.4605,-0.87539,-0.14707,1.08
5805,578092.443226,0.45424,-0.87825,-0.14951,0.22
5806,578092.45219,0.45201,-0.87806,-0.15713,0.36
5807,578092.455592,0.46653,-0.87115,-0.15312,1.25
5808,578092.460329,0.47906,-0.86419,-0.15384,1.01
5809,578092.463937,0.45571,-0.87728,-0.15066,1.32
5810,578092.468014,0.44484,-0.88186,-0.15632,0.3
5811,578092.47596,0.45834,-0.87609,-0.1496,1.33
5812,578092.478947,0.45209,-0.87669,-0.16442,1.35
5813,578092.484381,0.4439,-0.88232,-0.15643,1.49
5814,578092.487478,0.44489,-0.87938,-0.16956,1.63
5815,578092.492316,0.44924,-0.87706,-0.17012,1.26
5816,578092.500255,0.44599,-0.87983,-0.16428,1.79
5817,578092.504066,0.44258,-0.88114,-0.16647,3.64
5818,578092.506924,0.44721,-0.88114,-0.15358,0.71
5819,578092.521551,0.44685,-0.88338,-0.14131,1.02
5820,578092.527947,0.44898,-0.88158,-0.14571,1.08
5821,578092.530893,0.44894,-0.88043,-0.15263,0.45
5822,578092.535836,0.4513,-0.88048,-0.1452,1.16
5823,578092.539772,0.45202,-0.87758,-0.15977,0.93
5824,578092.543425,0.4478,-0.8816,-0.14919,0.24
5825,578092.551423,0.44423,-0.88072,-0.16431,0.85
5826,578092.554913,0.45309,-0.87982,-0.14363,0.49
5827,578092.560622,0.44839,-0.87824,-0.16624,0.68
5828,578092.563807,0.44964,-0.88144,-0.14453,1.55
5829,578092.567126,0.44328,-0.8822,-0.1588,0.45
5830,578092.572244,0.44398,-0.88459,-0.14273,1.17
5831,578092.579716,0.43181,-0.88764,-0.16009,1.2
5832,578092.583194,0.43744,-0.88283,-0.17104,1.34
5833,578092.587859,0.43924,-0.88528,-0.1528,0.32
5834,578092.591355,0.44666,-0.88343,-0.14159,1.09
5835,578092.595284,0.44545,-0.88496,-0.13572,1.02
5836,578092.612477,0.44343,-0.88497,-0.14214,0.34
5837,578092.615555,0.4496,-0.88356,-0.13107,1.26
5839,578092.627147,0.44595,-0.8846,-0.1364,0.66
5840,578092.631102,0.44494,-0.8839,-0.14407,0.22
5841,578092.635127,0.45085,-0.88148,-0.14046,0.28
5842,578092.639535,0.44445,-0.88442,-0.14236,0.77
5843,578092.643583,0.44723,-0.88414,-0.13516,0.95
5844,578092.647283,0.45538,-0.87724,-0.15194,1.24
5845,578092.656424,0.45639,-0.88017,-0.1304,1.27
5846,578092.658749,0.44617,-0.88354,-0.14246,0.03
5847,578092.66518,0.45612,-0.88059,-0.12848,1.02
5848,578092.668038,0.44819,-0.88106,-0.15121,1.2
5849,578092.671433,0.45155,-0.87991,-0.14785,2.13
5850,578092.679568,0.44368,-0.88476,-0.14262,0.3
5851,578092.68294,0.44076,-0.88558,-0.14655,2.69
5852,578092.695634,0.44296,-0.8841,-0.14885,3.2
5853,578092.703722,0.4468,-0.88421,-0.13615,0.27
5854,578092.70682,0.44886,-0.88426,-0.1289,0.64
5855,578092.711782,0.4444,-0.8853,-0.13691,0.65
5856,578092.716079,0.45486,-0.88118,-0.12895,0.42
5857,578092.718987,0.44572,-0.88591,-0.12846,0.86
5858,578092.723169,0.44721,-0.88376,-0.13772,0.59
5859,578092.731702,0.44936,-0.88199,-0.142,0.13
5860,578092.735588,0.45719,-0.87963,-0.13123,0.8
5861,578092.740053,0.45446,-0.87981,-0.13927,0.81
5862,578092.744253,0.44834,-0.88159,-0.14764,0.59
5863,578092.748221,0.44878,-0.88239,-0.14135,0.33
5864,578092.756899,0.45719,-0.87866,-0.13761,0.89
5865,578092.759135,0.45013,-0.88195,-0.13982,0.13
5866,578092.764129,0.45193,-0.88291,-0.12739,0.72
5867,578092.768394,0.45418,-0.88052,-0.1357,0.59
5868,578092.780697,0.4546,-0.88076,-0.13265,0.92
5869,578092.783985,0.44676,-0.88491,-0.13168,0.8
5870,578092.787337,0.45148,-0.88145,-0.13865,0.34
5871,578092.790953,0.45114,-0.8836,-0.1254,0.31
5872,578092.795959,0.45757,-0.88029,-0.12538,0.89
5873,578092.803552,0.44576,-0.88502,-0.13429,0.49
5874,578092.807496,0.4532,-0.88097,-0.13599,0.9
5875,578092.811317,0.46382,-0.87396,-0.14513,1.71
5876,578092.815793,0.45876,-0.87805,-0.13623,0.62
5877,578092.81978,0.45445,-0.87926,-0.14272,0.33
5878,578092.823652,0.45535,-0.87988,-0.13592,0.9
5879,578092.831763,0.4618,-0.87391,-0.15176,1.29
5880,578092.835194,0.45744,-0.87913,-0.13372,0.78
5881,578092.839174,0.45501,-0.87866,-0.14464,0.31
5882,578092.843668,0.4574,-0.87761,-0.14349,0.75
5883,578092.84728,0.45149,-0.8793,-0.15163,0.07
5884,578092.8554,0.4655,-0.87242,-0.149,2.14
5885,578092.868463,0.43231,-0.89014,-0.14406,2.22
5886,578092.871691,0.45247,-0.88016,-0.14346,0.61
5887,578092.875625,0.45236,-0.87848,-0.15376,1.79
5888,578092.884245,0.44576,-0.88152,-0.15561,3.13
5889,578092.887578,0.44992,-0.88207,-0.13973,0.56
5890,578092.893165,0.45511,-0.87923,-0.14083,0.15
5891,578092.89545,0.45597,-0.87989,-0.1337,1.07
5892,578092.900332,0.45137,-0.88214,-0.13449,0.68
5893,578092.908102,0.45205,-0.88168,-0.13526,0.94
5894,578092.910782,0.45482,-0.87728,-0.15337,0.72
5895,578092.916312,0.45582,-0.8805,-0.13022,0.9
5896,578092.919708,0.46292,-0.87404,-0.14748,1.2
5897,578092.924434,0.45218,-0.88202,-0.13259,0.25
5898,578092.931944,0.44957,-0.88091,-0.14791,0.83
5899,578092.935791,0.45646,-0.87966,-0.1336,0.81
5900,578092.938763,0.44973,-0.88159,-0.14334,0.14
5901,578092.95257,0.45495,-0.87855,-0.14551,1.6
5902,578092.959289,0.44535,-0.88262,-0.15046,0.79
5903,578092.963565,0.45252,-0.8767,-0.16314,1.78
5904,578092.968453,0.44888,-0.88146,-0.14675,0.47
5905,578092.972016,0.45814,-0.87583,-0.15173,0.74
5906,578092.976371,0.45304,-0.87889,-0.14937,0.98
5907,578092.983938,0.452,-0.87959,-0.1484,0.61
5908,578092.987305,0.45334,-0.88137,-0.13294,1.51
5909,578092.992792,0.45212,-0.88146,-0.1364,0.85
5910,578092.996193,0.45687,-0.87919,-0.13526,0.99
5911,578093.000089,0.46182,-0.87399,-0.15123,1.39
5912,578093.008443,0.45196,-0.88083,-0.14094,0.77
5913,578093.012015,0.46006,-0.87513,-0.14998,0.72
5914,578093.014925,0.4569,-0.87835,-0.14054,0.74
5915,578093.020042,0.45792,-0.87581,-0.15253,1.39
5916,578093.022995,0.44744,-0.88456,-0.13175,0.71
5917,578093.02747,0.44944,-0.88052,-0.15059,0.51
5918,578093.044273,0.45018,-0.88006,-0.15113,0.51
5919,578093.047692,0.45364,-0.87624,-0.16255,1.15
5920,578093.051813,0.45614,-0.87511,-0.16164,1.3
5921,578093.059703,0.44925,-0.87963,-0.1563,2.03
5922,578093.063011,0.4387,-0.88765,-0.14007,0.82
5923,578093.067448,0.4452,-0.88129,-0.15854,2.06
5924,578093.07229,0.45102,-0.88032,-0.14701,0.42
5925,578093.07611,0.45371,-0.88023,-0.13908,0.72
5926,578093.079616,0.45738,-0.87758,-0.14371,0.86
5927,578093.087143,0.45092,-0.88245,-0.13396,1.12
5928,578093.091162,0.46595,-0.87232,-0.14816,1.91
5929,578093.096296,0.45655,-0.87837,-0.14149,0.08
5930,578093.099158,0.45091,-0.88096,-0.14352,0.45
5931,578093.103595,0.46003,-0.87616,-0.14394,1.19
5932,578093.112036,0.45176,-0.87922,-0.1513,0.82
5933,578093.1153,0.45694,-0.88078,-0.12424,0.75
5934,578093.129364,0.44871,-0.88097,-0.15019,0.52
5935,578093.136022,0.45054,-0.88135,-0.14223,1.38
5936,578093.139357,0.44998,-0.88008,-0.1516,0.36
5937,578093.143345,0.46067,-0.87234,-0.16374,0.72
5938,578093.147505,0.44804,-0.88184,-0.14701,0.26
5939,578093.152441,0.45133,-0.8812,-0.14071,0.11
5940,578093.155345,0.44842,-0.88482,-0.12651,1.66
5941,578093.163582,0.44607,-0.88438,-0.13744,1.07
5942,578093.167171,0.45201,-0.88168,-0.13538,0.88
5943,578093.171678,0.44872,-0.8845,-0.12773,0.64
5944,578093.175826,0.45122,-0.88279,-0.1307,0.9
5945,578093.179719,0.44291,-0.88618,-0.1361,0.71
5946,578093.187839,0.45281,-0.88135,-0.13487,1.03
5947,578093.191453,0.45808,-0.87706,-0.14467,1.24
5948,578093.196334,0.45387,-0.88123,-0.13205,1.03
5949,578093.199125,0.447,-0.88296,-0.14341,0.28
5950,578093.217014,0.4541,-0.87885,-0.14638,0.59
5951,578093.219547,0.45584,-0.88093,-0.12714,1.64
5952,578093.224082,0.45377,-0.8807,-0.13589,1.26
5953,578093.226933,0.46143,-0.876,-0.14039,1.71
5954,578093.231796,0.45535,-0.8797,-0.13703,0.51
5955,578093.239463,0.45716,-0.87787,-0.14264,0.61
5956,578093.243173,0.45592,-0.8801,-0.1325,0.62
5957,578093.247453,0.4487,-0.883,-0.13776,1.0
5958,578093.251491,0.45577,-0.87987,-0.13456,1.01
5959,578093.255038,0.45384,-0.87777,-0.15343,1.55
5960,578093.264018,0.45508,-0.8802,-0.13475,0.68
5961,578093.267024,0.45262,-0.88177,-0.13274,0.9
5962,578093.272416,0.45149,-0.88156,-0.13789,0.61
5963,578093.275344,0.45476,-0.88063,-0.13299,0.88
5964,578093.280029,0.46295,-0.87399,-0.14773,1.27
5965,578093.288095,0.45682,-0.87851,-0.13978,1.04
5966,578093.295241,0.45927,-0.8775,-0.13806,0.87
5967,578093.301762,0.46022,-0.87497,-0.15045,1.47
5968,578093.304544,0.45749,-0.87778,-0.14218,1.48
5969,578093.307386,0.45874,-0.87512,-0.15404,0.07
5970,578093.315919,0.46804,-0.87179,-0.14466,0.37
5971,578093.319318,0.44955,-0.88029,-0.15165,0.98
5972,578093.324776,0.45025,-0.88085,-0.1462,1.46
5973,578093.327703,0.44995,-0.88088,-0.14697,0.13
5974,578093.332282,0.45632,-0.8743,-0.16543,1.19
5975,578093.339474,0.45167,-0.88053,-0.14376,0.27
5976,578093.343059,0.44226,-0.88379,-0.15272,2.36
5977,578093.348095,0.45093,-0.88138,-0.14085,1.11
5978,578093.351081,0.45118,-0.88162,-0.13849,0.38
5979,578093.35599,0.45205,-0.88129,-0.13774,0.37
5980,578093.363513,0.44408,-0.88579,-0.13478,0.34
5981,578093.367469,0.45224,-0.8806,-0.14152,0.39
5982,578093.370861,0.452,-0.87963,-0.14815,0.86
5983,578093.384263,0.45662,-0.8784,-0.14108,0.8
5984,578093.391365,0.46592,-0.87167,-0.15203,0.93
5985,578093.395368,0.45943,-0.87699,-0.14074,1.28
5986,578093.400736,0.45139,-0.87981,-0.14893,0.28
5987,578093.403794,0.4606,-0.87552,-0.14601,1.13
5988,578093.407543,0.45964,-0.87402,-0.15755,0.7
5989,578093.415542,0.45407,-0.87941,-0.14306,0.71
5990,578093.419118,0.45296,-0.87812,-0.15403,0.6
5991,578093.423949,0.4584,-0.87203,-0.17156,0.83
5992,578093.428299,0.45419,-0.87713,-0.15604,0.25
5993,578093.430869,0.45857,-0.87651,-0.1464,0.39
5994,578093.440658,0.4535,-0.87917,-0.14628,0.55
5995,578093.443458,0.45418,-0.87835,-0.14905,0.67
5996,578093.447244,0.45282,-0.87923,-0.14799,0.24
5997,578093.452107,0.45703,-0.87801,-0.14224,0.22
5998,578093.456208,0.45922,-0.87759,-0.13767,1.07
5999,578093.459278,0.45115,-0.88021,-0.14733,0.57
6000,578093.471995,0.46814,-0.87045,-0.15217,2.05
6001,578093.477131,0.46143,-0.87628,-0.13859,0.73
6002,578093.479739,0.46274,-0.87328,-0.15251,1.43
6003,578093.48308,0.45433,-0.87866,-0.14676,0.76
6004,578093.492254,0.45036,-0.8802,-0.14973,0.72
6005,578093.495102,0.45946,-0.8774,-0.13811,0.67
6006,578093.500342,0.45394,-0.87639,-0.16086,0.78
6007,578093.503313,0.45288,-0.87882,-0.15028,1.58
6008,578093.508166,0.44676,-0.88141,-0.15334,0.61
6009,578093.515695,0.45725,-0.87775,-0.14311,1.04
6010,578093.519292,0.4383,-0.88443,-0.16022,0.8
6011,578093.524957,0.45097,-0.87906,-0.15455,2.98
6012,578093.527994,0.44281,-0.88354,-0.15256,2.04
6013,578093.53132,0.44594,-0.88249,-0.14949,3.0
6014,578093.536552,0.43429,-0.88797,-0.15132,1.13
6015,578093.543976,0.44639,-0.88381,-0.14002,0.74
6016,578093.547136,0.44949,-0.88249,-0.13849,1.21
6019,578093.57097,0.46282,-0.87269,-0.15561,1.44
6020,578093.576809,0.45422,-0.87922,-0.14372,0.99
6021,578093.58013,0.4565,-0.87609,-0.15516,1.22
6022,578093.583744,0.44952,-0.88124,-0.1461,0.75
6023,578093.587774,0.45235,-0.87903,-0.15061,0.26
6024,578093.596104,0.46993,-0.86986,-0.15001,1.13
6025,578093.599077,0.45269,-0.87858,-0.15221,0.5
6026,578093.604216,0.45523,-0.8796,-0.13812,1.11
6027,578093.607597,0.44895,-0.88133,-0.14732,0.04
6028,578093.612168,0.4513,-0.87621,-0.16905,0.51
6029,578093.619948,0.44877,-0.88151,-0.14678,0.07
6030,578093.623275,0.44404,-0.88306,-0.15175,1.97
6031,578093.627851,0.44742,-0.88244,-0.14531,0.23
6032,578093.631813,0.45009,-0.8819,-0.14026,0.19
6033,578093.647705,0.45121,-0.88168,-0.13801,1.05
6034,578093.651526,0.44119,-0.88646,-0.13981,0.54
6035,578093.65624,0.45274,-0.88122,-0.13598,1.13
6036,578093.659177,0.45507,-0.87905,-0.14204,1.0
6037,578093.663878,0.44789,-0.88393,-0.13438,1.01
6038,578093.671871,0.44383,-0.88445,-0.1441,0.33
6039,578093.675121,0.45439,-0.88057,-0.13466,0.92
6040,578093.681018,0.45039,-0.88403,-0.12504,1.99
6041,578093.684221,0.44741,-0.88413,-0.13472,0.53
6044,578093.698806,0.46,-0.87882,-0.12682,1.7
6045,578093.704394,0.44923,-0.88239,-0.13992,1.02
6046,578093.707499,0.44883,-0.88293,-0.13779,0.49
6047,578093.710934,0.44861,-0.8841,-0.13083,1.08
6048,578093.720103,0.43452,-0.88709,-0.15577,1.64
6049,578093.728623,0.44484,-0.88401,-0.14369,1.46
6050,578093.733547,0.45358,-0.87953,-0.14384,1.58
6051,578093.736348,0.45672,-0.8809,-0.12422,0.81
6052,578093.739391,0.44859,-0.8843,-0.12953,0.52
6053,578093.747603,0.45973,-0.87882,-0.12774,0.96
6054,578093.750993,0.46946,-0.87136,-0.14262,1.2
6055,578093.756287,0.46068,-0.87744,-0.13367,1.11
6056,578093.759455,0.45774,-0.87793,-0.14041,0.2
6057,578093.763796,0.45966,-0.87831,-0.13146,1.18
6059,578093.775831,0.46979,-0.87497,-0.11718,0.98
6060,578093.780429,0.46322,-0.87495,-0.14105,1.21
6061,578093.7831,0.45316,-0.88124,-0.13439,1.65
6062,578093.787449,0.46207,-0.87429,-0.14867,0.69
6063,578093.79593,0.45735,-0.87936,-0.13251,1.23
6064,578093.799816,0.45297,-0.88134,-0.13435,0.38
6065,578093.802781,0.45121,-0.88226,-0.1343,1.41
6066,578093.817152,0.45844,-0.8789,-0.1318,1.15
6067,578093.82335,0.45486,-0.87914,-0.14222,0.32
6068,578093.827646,0.45264,-0.88109,-0.13713,0.66
6069,578093.831487,0.45666,-0.87925,-0.13561,0.76
6070,578093.835267,0.46366,-0.87621,-0.13142,0.84
6071,578093.839602,0.45215,-0.88097,-0.13945,0.51
6072,578093.847752,0.45836,-0.87849,-0.13478,0.84
6073,578093.850833,0.45838,-0.87753,-0.1408,0.25
6074,578093.855981,0.46448,-0.87542,-0.13376,0.71
6075,578093.859666,0.45615,-0.87797,-0.14523,0.41
6076,578093.863933,0.45794,-0.87809,-0.13872,0.95
6077,578093.872074,0.46333,-0.87292,-0.15273,0.75
6078,578093.875872,0.46804,-0.87461,-0.12645,0.66
6079,578093.879282,0.45479,-0.87893,-0.14368,0.49
6080,578093.884884,0.45961,-0.87691,-0.14068,1.18
6081,578093.8871,0.45625,-0.87636,-0.15436,0.13
6082,578093.892553,0.45489,-0.87477,-0.16686,1.19
6083,578093.903633,0.45083,-0.88079,-0.1448,1.53
6084,578093.908332,0.4463,-0.88142,-0.15467,0.92
6085,578093.911528,0.45361,-0.87988,-0.14157,1.3
6087,578093.924325,0.45318,-0.87874,-0.14982,0.35
6088,578093.926875,0.45957,-0.87605,-0.14606,0.82
6089,578093.932178,0.45207,-0.8788,-0.1528,0.42
6090,578093.935421,0.46188,-0.87527,-0.14344,0.56
6091,578093.940175,0.45193,-0.87853,-0.15472,0.36
6092,578093.948301,0.45564,-0.87729,-0.15081,1.12
6093,578093.951277,0.46469,-0.87092,-0.15987,1.01
6094,578093.955677,0.45623,-0.87833,-0.14278,0.93
6095,578093.960444,0.45638,-0.8748,-0.16264,0.8
6096,578093.963671,0.45058,-0.87895,-0.1563,1.53
6097,578093.966862,0.44904,-0.87782,-0.16671,1.24
6098,578093.976049,0.45015,-0.88066,-0.14768,1.41
6099,578093.978986,0.44832,-0.87907,-0.16199,0.51
6100,578093.992431,0.45725,-0.87217,-0.17389,1.34
6101,578094.000557,0.44351,-0.88266,-0.15561,0.24
6102,578094.002919,0.44135,-0.88168,-0.16688,0.9
6103,578094.008159,0.44749,-0.88085,-0.15447,0.23
6104,578094.01138,0.44945,-0.88162,-0.14398,1.6
6105,578094.015844,0.44923,-0.88186,-0.14324,1.19
6106,578094.02364,0.44194,-0.88646,-0.13742,1.09
6107,578094.027935,0.44839,-0.88136,-0.14881,1.09
6109,578094.03518,0.45068,-0.87981,-0.15109,1.11
6110,578094.038914,0.44022,-0.8827,-0.16443,0.91
6111,578094.042935,0.44715,-0.882,-0.1488,0.96
6112,578094.051377,0.45399,-0.87684,-0.15823,0.73
6113,578094.055041,0.45325,-0.88003,-0.14178,0.6
6114,578094.059757,0.44262,-0.88322,-0.15498,0.2
6115,578094.063289,0.44973,-0.88082,-0.14801,1.39
6116,578094.068021,0.44029,-0.88439,-0.15491,0.31
6117,578094.080197,0.44671,-0.88204,-0.14986,0.77
6118,578094.084899,0.44844,-0.87987,-0.15725,0.53
6119,578094.0879,0.44328,-0.8832,-0.1532,0.82
6120,578094.091278,0.44052,-0.88319,-0.16101,0.43
6121,578094.096117,0.43872,-0.88556,-0.15266,1.81
6122,578094.103909,0.43855,-0.88679,-0.14588,0.35
6123,578094.106979,0.44144,-0.88608,-0.14141,0.82
6124,578094.112459,0.44385,-0.88508,-0.14013,0.51
6125,578094.116011,0.45479,-0.88,-0.13699,1.25
6126,578094.119474,0.43972,-0.88837,-0.13206,1.03
6127,578094.128262,0.44606,-0.88413,-0.13908,0.03
6128,578094.131047,0.45399,-0.8784,-0.14936,1.07
6129,578094.136281,0.44982,-0.88366,-0.12967,1.03
6130,578094.140186,0.458,-0.87754,-0.14197,0.89
6131,578094.142989,0.44565,-0.88482,-0.13596,0.3
6132,578094.151295,0.45386,-0.87946,-0.14339,1.22
6133,578094.155385,0.4542,-0.88125,-0.13077,1.08
6134,578094.168074,0.44728,-0.88301,-0.14223,0.16
6135,578094.172218,0.44673,-0.88562,-0.12691,1.38
6136,578094.180317,0.44498,-0.88547,-0.13394,0.39
6137,578094.183637,0.44532,-0.88582,-0.13043,0.91
6138,578094.188115,0.44159,-0.88473,-0.1492,1.43
6139,578094.192283,0.45058,-0.88284,-0.13255,0.91
6140,578094.194844,0.45113,-0.88291,-0.13022,0.42
6141,578094.204294,0.44895,-0.88486,-0.12434,1.05
6142,578094.207314,0.45101,-0.88343,-0.12702,0.88
6143,578094.212076,0.46167,-0.87628,-0.13783,1.32
6144,578094.215297,0.45344,-0.88152,-0.13157,0.38
6145,578094.220519,0.45959,-0.87755,-0.13671,1.23
6146,578094.22834,0.4574,-0.87928,-0.13286,1.27
6147,578094.231265,0.45296,-0.88021,-0.14161,0.3
6148,578094.235721,0.46519,-0.876,-0.12735,0.78
6149,578094.239274,0.45562,-0.87956,-0.13709,0.35
6150,578094.248583,0.46277,-0.87269,-0.15576,2.05
6151,578094.255587,0.45821,-0.88011,-0.12431,0.53
6152,578094.258919,0.46136,-0.87475,-0.14819,0.88
6153,578094.264381,0.46047,-0.87854,-0.12703,1.18
6154,578094.267945,0.45801,-0.87816,-0.13808,0.21
6155,578094.271588,0.45868,-0.88005,-0.12296,0.98
6156,578094.279998,0.45034,-0.88155,-0.14169,1.21
6157,578094.283064,0.45738,-0.8801,-0.12743,1.11
6158,578094.288875,0.46045,-0.8775,-0.13406,0.43
6159,578094.291965,0.46401,-0.87527,-0.13637,0.05
6160,578094.294913,0.46269,-0.87633,-0.134,0.24
6161,578094.303391,0.4576,-0.87918,-0.13282,0.54
6162,578094.307407,0.46094,-0.87752,-0.13223,1.02
6163,578094.310963,0.4639,-0.87542,-0.13578,0.5
6164,578094.316308,0.46388,-0.87594,-0.13246,1.04
6165,578094.319364,0.45996,-0.87649,-0.14214,0.19
6166,578094.335847,0.46419,-0.87445,-0.14097,0.4
6167,578094.339112,0.45922,-0.8761,-0.14682,0.58
6168,578094.344025,0.45929,-0.87768,-0.1369,1.08
6169,578094.348357,0.45192,-0.87764,-0.15976,1.65
6170,578094.355905,0.46919,-0.87173,-0.14122,1.1
6171,578094.359375,0.45565,-0.87756,-0.14924,0.6
6172,578094.364446,0.45709,-0.87825,-0.14051,0.6
6173,578094.3673,0.44477,-0.88167,-0.15759,1.47
6174,578094.371345,0.46007,-0.87559,-0.14722,0.2
6175,578094.379886,0.4557,-0.87809,-0.14592,0.24
6176,578094.383316,0.4546,-0.87907,-0.14344,1.55
6177,578094.387311,0.45618,-0.87679,-0.15212,0.31
6178,578094.392724,0.46543,-0.87489,-0.13394,0.59
6179,578094.395214,0.45946,-0.87713,-0.13979,1.07
6182,578094.417328,0.46859,-0.87173,-0.14318,1.69
6183,578094.421097,0.45573,-0.87626,-0.15647,0.15
6184,578094.423041,0.46253,-0.87189,-0.16086,0.84
6185,578094.431814,0.46581,-0.86983,-0.16251,1.28
6186,578094.435357,0.45963,-0.87618,-0.14511,1.33
6187,578094.439781,0.46962,-0.86877,-0.15714,1.71
6188,578094.443866,0.45698,-0.87744,-0.14587,1.22
6189,578094.447418,0.44883,-0.87829,-0.16479,0.85
6190,578094.455678,0.45505,-0.87802,-0.14836,0.42
6191,578094.459473,0.45187,-0.8779,-0.15841,0.33
6192,578094.463116,0.44913,-0.87837,-0.16354,1.29
6193,578094.467728,0.44956,-0.87929,-0.15728,0.26
6194,578094.472018,0.45024,-0.8803,-0.14951,1.47
6195,578094.475598,0.44813,-0.88236,-0.14364,1.19
6196,578094.484301,0.44188,-0.88537,-0.14443,0.94
6197,578094.486926,0.44853,-0.88169,-0.14643,1.17
6199,578094.507293,0.4491,-0.88144,-0.14616,1.14
6200,578094.511256,0.45197,-0.87945,-0.14931,0.53
6201,578094.516522,0.45222,-0.88054,-0.14193,0.85
6202,578094.519618,0.44123,-0.88414,-0.15365,0.53
6203,578094.52333,0.44924,-0.88105,-0.1481,0.84
6205,578094.535317,0.45095,-0.8804,-0.14674,1.08
6206,578094.539047,0.44548,-0.88187,-0.15444,0.14
6207,578094.543837,0.44304,-0.88549,-0.14005,1.3
6208,578094.546932,0.438,-0.88434,-0.16154,1.36
6209,578094.551086,0.4432,-0.8858,-0.13762,0.96
6210,578094.559494,0.44386,-0.88435,-0.14459,0.18
6211,578094.563102,0.43918,-0.88703,-0.14251,1.06
6212,578094.567775,0.43384,-0.88698,-0.15831,1.83
6213,578094.571517,0.44605,-0.8832,-0.14488,0.39
6214,578094.575429,0.44889,-0.88338,-0.13464,1.09
6215,578094.587775,0.44839,-0.88264,-0.14103,0.97
6216,578094.592197,0.44485,-0.88369,-0.14559,0.13
6217,578094.595464,0.45404,-0.88121,-0.13157,0.88
6218,578094.59942,0.44761,-0.88283,-0.14231,0.31
6219,578094.603739,0.44853,-0.88353,-0.13492,0.65
6220,578094.6119,0.45618,-0.87668,-0.15278,1.07
6221,578094.615236,0.45137,-0.88238,-0.13294,0.95
6222,578094.619996,0.4691,-0.87291,-0.13406,1.71
6223,578094.624466,0.44693,-0.8841,-0.13648,0.2
6224,578094.627636,0.4521,-0.8821,-0.13227,1.89
6225,578094.63633,0.44856,-0.88621,-0.11583,1.94
6226,578094.640222,0.44387,-0.88508,-0.14004,0.27
6227,578094.643717,0.44329,-0.88566,-0.13822,0.89
6228,578094.647373,0.44424,-0.88392,-0.14607,0.47
6229,578094.651546,0.44997,-0.87784,-0.16411,0.39
6230,578094.659464,0.45261,-0.88036,-0.14178,0.8
6231,578094.663344,0.44541,-0.88612,-0.12805,1.22
6232,578094.680206,0.44911,-0.88473,-0.12467,0.75
6233,578094.689372,0.45297,-0.88198,-0.1301,1.02
6234,578094.691097,0.45385,-0.88087,-0.1345,0.11
6235,578094.696816,0.45676,-0.88027,-0.12845,0.83
6236,578094.699108,0.45532,-0.8794,-0.13908,0.19
6237,578094.703213,0.4602,-0.87759,-0.13434,1.38
6238,578094.711819,0.45545,-0.87829,-0.14553,1.34
6239,578094.714987,0.46679,-0.8762,-0.1199,1.34
6240,578094.719862,0.45354,-0.88082,-0.13588,0.4
6241,578094.723761,0.48412,-0.86716,-0.11685,2.28
6242,578094.727848,0.4508,-0.8797,-0.15134,1.44
6243,578094.735627,0.45711,-0.87938,-0.13319,0.91
6244,578094.738865,0.44603,-0.88176,-0.15346,1.3
6245,578094.743954,0.46476,-0.87533,-0.13342,1.29
6246,578094.746908,0.45788,-0.87852,-0.13621,1.04
6247,578094.763462,0.45162,-0.8821,-0.13397,0.74
6248,578094.767095,0.45684,-0.87834,-0.14077,0.37
6249,578094.772439,0.46533,-0.87479,-0.13492,0.35
6250,578094.775538,0.46252,-0.8754,-0.14053,0.82
6251,578094.779619,0.46099,-0.87691,-0.13606,0.57
6252,578094.787423,0.46031,-0.87655,-0.14066,1.0
6253,578094.791001,0.4603,-0.87463,-0.15216,0.91
6254,578094.796316,0.46425,-0.87497,-0.13745,0.8
6255,578094.799444,0.45698,-0.87689,-0.1491,0.28
6256,578094.803183,0.45695,-0.87724,-0.14712,0.56
6257,578094.81144,0.45903,-0.8752,-0.15269,0.45
6258,578094.815779,0.47197,-0.87073,-0.13809,1.22
6259,578094.819077,0.45635,-0.87696,-0.15062,0.29
6260,578094.825046,0.46821,-0.87074,-0.15027,0.97
6261,578094.826856,0.45828,-0.87529,-0.15443,0.23
6262,578094.83162,0.46899,-0.86812,-0.16252,0.51
6263,578094.847516,0.45608,-0.87719,-0.15011,0.09
6264,578094.851613,0.4532,-0.87863,-0.15042,0.9
6265,578094.855872,0.45792,-0.8757,-0.15315,0.67
6266,578094.863859,0.45108,-0.87995,-0.14902,0.99
6267,578094.867163,0.45476,-0.87827,-0.14775,0.96
6268,578094.87147,0.44736,-0.88076,-0.15536,0.52
6269,578094.875585,0.45894,-0.8761,-0.14773,1.23
6270,578094.879103,0.45135,-0.87858,-0.15617,0.14
6271,578094.887948,0.45309,-0.87831,-0.15261,0.93
6272,578094.891712,0.45759,-0.87278,-0.1699,1.25
6273,578094.895501,0.45685,-0.87602,-0.15454,0.97
6274,578094.901097,0.45631,-0.87389,-0.1676,0.96
6275,578094.903776,0.45821,-0.87432,-0.16,0.84
6276,578094.907715,0.44792,-0.87892,-0.16389,0.61
6277,578094.916012,0.46226,-0.87356,-0.15233,1.32
6278,578094.918808,0.44281,-0.88239,-0.15906,0.62
6279,578094.932502,0.43824,-0.88483,-0.15817,2.37
6280,578094.939759,0.43168,-0.88735,-0.16205,1.58
6281,578094.943561,0.4391,-0.88674,-0.14453,1.12
6282,578094.948945,0.44677,-0.88263,-0.14615,1.15
6283,578094.951723,0.4464,-0.88325,-0.14353,0.39
6284,578094.95535,0.45305,-0.87902,-0.14853,0.47
6285,578094.963672,0.44259,-0.88347,-0.15363,0.63
6286,578094.967354,0.44858,-0.88188,-0.14517,0.88
6287,578094.971031,0.45745,-0.87546,-0.15592,1.59
6288,578094.975697,0.45072,-0.88014,-0.14905,0.3
6289,578094.979287,0.45353,-0.87776,-0.15445,1.0
6290,578094.983054,0.44889,-0.88104,-0.14922,0.98
6291,578094.992385,0.45712,-0.87482,-0.16043,0.83
6292,578094.995457,0.448,-0.88192,-0.14667,0.95
6293,578095.000376,0.43828,-0.88497,-0.15726,0.89
6294,578095.003329,0.44792,-0.88112,-0.15162,2.13
6295,578095.020307,0.44342,-0.87984,-0.17108,2.35
6296,578095.023448,0.43949,-0.88304,-0.16456,1.22
6297,578095.028261,0.44078,-0.88253,-0.16384,1.46
6298,578095.031372,0.44361,-0.88338,-0.15117,0.55
6299,578095.036082,0.44088,-0.88355,-0.15797,1.75
6300,578095.043851,0.4463,-0.88202,-0.1512,0.84
6301,578095.04781,0.44904,-0.88398,-0.13018,1.42
6302,578095.050891,0.44653,-0.88305,-0.14431,0.59
6303,578095.055257,0.45348,-0.88048,-0.13827,1.0
6304,578095.05963,0.44164,-0.88669,-0.13686,0.89
6305,578095.067568,0.44854,-0.88293,-0.13871,1.08
6306,578095.071044,0.4498,-0.88057,-0.14926,1.58
6307,578095.075601,0.4538,-0.88091,-0.13439,0.91
6308,578095.079966,0.45357,-0.87877,-0.14849,0.9
6309,578095.084159,0.45085,-0.8818,-0.13843,1.05
6310,578095.091327,0.448,-0.88219,-0.14504,0.61
6311,578095.095465,0.4689,-0.87254,-0.13715,1.75
6312,578095.112557,0.45328,-0.88056,-0.13839,0.87
6313,578095.120694,0.43978,-0.88644,-0.14425,1.31
6314,578095.123001,0.44948,-0.88318,-0.13404,1.05
6315,578095.128479,0.44851,-0.88282,-0.13951,0.12
6316,578095.132108,0.44604,-0.88246,-0.14937,1.62
6317,578095.136154,0.45006,-0.88285,-0.13426,0.33
6318,578095.143755,0.45184,-0.88185,-0.13482,1.13
6319,578095.147207,0.44999,-0.88296,-0.13374,0.57
6320,578095.152696,0.45198,-0.88203,-0.13321,0.42
6321,578095.156234,0.45402,-0.88206,-0.12582,1.04
6322,578095.160875,0.45602,-0.87906,-0.13893,0.72
6323,578095.168293,0.45379,-0.88133,-0.13165,0.96
6324,578095.170961,0.46172,-0.87499,-0.14565,0.72
6325,578095.176769,0.4676,-0.87532,-0.12311,1.28
6326,578095.179507,0.46092,-0.87624,-0.1406,1.21
6327,578095.196105,0.46225,-0.87609,-0.13707,0.84
6328,578095.198809,0.45346,-0.88004,-0.14107,0.74
6329,578095.205208,0.46228,-0.87385,-0.15058,0.47
6330,578095.207518,0.45533,-0.87708,-0.15299,0.94
6331,578095.212154,0.45713,-0.8769,-0.14862,2.54
6332,578095.220151,0.45587,-0.87881,-0.14097,0.02
6333,578095.223199,0.45464,-0.87935,-0.1416,1.54
6334,578095.228338,0.45948,-0.87669,-0.14245,0.33
6335,578095.231463,0.45714,-0.87975,-0.13064,0.67
6336,578095.234976,0.46298,-0.8757,-0.13715,0.34
6337,578095.243288,0.46194,-0.87519,-0.14371,0.49
6338,578095.247136,0.46199,-0.87525,-0.1432,0.49
6339,578095.251772,0.46239,-0.87508,-0.14296,0.18
6340,578095.255142,0.46545,-0.87358,-0.14216,0.88
6341,578095.258952,0.47156,-0.86957,-0.14656,0.99
6342,578095.263115,0.46082,-0.87641,-0.13984,0.96
6343,578095.276095,0.46571,-0.87419,-0.13752,0.11
6344,578095.281018,0.45198,-0.87872,-0.15354,0.26
6345,578095.283297,0.46029,-0.87554,-0.14682,1.29
6346,578095.288453,0.45021,-0.87887,-0.1578,0.51
6347,578095.296344,0.45069,-0.87799,-0.16128,2.27
6348,578095.299137,0.44765,-0.88111,-0.15248,0.38
6349,578095.305041,0.45119,-0.87954,-0.15115,1.17
6350,578095.308259,0.45179,-0.87879,-0.15366,0.44
6351,578095.311021,0.44505,-0.8845,-0.13997,0.92
6352,578095.320275,0.44973,-0.88067,-0.14885,0.52
6353,578095.323338,0.4442,-0.88451,-0.14258,1.17
6354,578095.327846,0.43458,-0.88717,-0.15513,1.51
6355,578095.332339,0.45672,-0.87857,-0.13973,0.43
6356,578095.334865,0.45268,-0.88086,-0.13845,0.69
6357,578095.340017,0.44544,-0.88499,-0.13555,1.91
6358,578095.347961,0.45117,-0.88057,-0.14504,0.85
6359,578095.350778,0.46243,-0.87452,-0.14621,1.33
6360,578095.364714,0.44702,-0.88242,-0.14662,0.58
6361,578095.371287,0.44923,-0.8804,-0.15194,0.7
6362,578095.375039,0.45768,-0.87724,-0.14485,0.67
6363,578095.379468,0.45118,-0.87957,-0.15098,0.2
6364,578095.384194,0.46361,-0.87515,-0.13848,1.24
6365,578095.387049,0.45115,-0.8789,-0.15495,0.49
6366,578095.395706,0.44369,-0.88507,-0.14069,2.71
6367,578095.399975,0.45889,-0.87483,-0.15524,0.89
6368,578095.402976,0.4514,-0.87847,-0.15661,1.7
6369,578095.408576,0.44654,-0.88162,-0.1528,0.25
6370,578095.412159,0.45184,-0.88052,-0.14326,1.39
6371,578095.41554,0.45104,-0.88119,-0.14164,0.95
6372,578095.423777,0.44361,-0.88654,-0.13133,1.63
6373,578095.42725,0.44921,-0.88213,-0.1416,0.97
6374,578095.431734,0.4516,-0.87968,-0.14905,0.77
6375,578095.43594,0.45023,-0.88246,-0.13623,1.2
6376,578095.452241,0.44321,-0.88386,-0.1495,0.23
6377,578095.455511,0.45263,-0.88074,-0.1394,1.09
6378,578095.460323,0.44744,-0.88265,-0.14395,0.23
6379,578095.463316,0.44483,-0.88489,-0.1382,1.19
6380,578095.471383,0.44529,-0.88292,-0.1489,0.25
6381,578095.476455,0.44811,-0.88095,-0.15208,1.45
6382,578095.478654,0.44464,-0.88452,-0.14117,0.37
6383,578095.483727,0.43768,-0.8885,-0.13786,0.88
6384,578095.488015,0.44112,-0.88484,-0.14988,1.29
6385,578095.491374,0.44365,-0.88613,-0.13396,0.61
6386,578095.499766,0.44778,-0.88457,-0.13052,0.93
6387,578095.503113,0.44132,-0.88747,-0.13276,1.04
6388,578095.508712,0.43259,-0.89003,-0.14391,1.91
6389,578095.511678,0.44982,-0.88318,-0.13285,0.32
6390,578095.515551,0.45399,-0.88127,-0.13135,0.15
6391,578095.523341,0.44642,-0.88477,-0.13374,0.27
6392,578095.526953,0.45292,-0.88202,-0.13,0.9
