frame,t,theta_deg,area_px,cx,cy,d1,d2,ang_deg,rcx,rcy,rd1,rd2,rang
0,605222.017747,53.449,58,-127.348,26.569,77.432,130.021,117.674,149.43,209.52,105.27,175.13,118.3
1,605222.021585,52.287,67,-126.935,26.541,78.011,127.529,118.233,149.84,209.49,105.86,173.02,118.73
2,605222.025934,53.135,65,-127.369,26.543,77.718,129.546,117.691,149.37,209.47,105.5,175.24,118.29
3,605222.034238,52.499,62,-126.812,26.674,77.867,127.906,118.187,150.16,209.69,105.66,173.3,118.79
4,605222.037744,53.413,61,-127.233,26.657,77.535,130.084,117.596,149.58,209.63,105.27,176.0,118.17
5,605222.041882,53.443,60,-127.272,26.562,77.562,130.22,117.615,149.56,209.54,105.26,176.36,118.21
6,605222.04514,52.134,65,-127.153,26.447,78.058,127.169,117.788,149.68,209.37,105.91,172.38,118.4
7,605222.049874,52.557,64,-126.813,26.683,77.886,128.109,117.914,150.11,209.7,105.72,173.62,118.45
8,605222.053309,52.724,61,-126.767,26.72,77.802,128.458,117.865,150.2,209.74,105.56,174.15,118.45
9,605222.061704,52.447,62,-126.678,26.698,77.911,127.829,118.018,150.34,209.72,105.73,173.19,118.62
10,605222.065344,52.6,64,-126.848,26.661,77.919,128.288,117.834,150.0,209.61,105.78,173.66,118.39
11,605222.069413,53.158,64,-127.131,26.592,77.748,129.664,117.578,149.82,209.59,105.53,175.43,118.24
12,605222.07443,52.255,65,-126.952,26.556,78.051,127.503,117.856,149.88,209.5,105.95,172.78,118.37
13,605222.077823,52.401,62,-126.701,26.677,77.995,127.832,118.107,150.31,209.69,105.84,173.2,118.71
14,605222.085486,52.404,63,-126.716,26.667,78.085,127.99,117.984,150.13,209.62,106.03,173.33,118.47
15,605222.09036,52.482,63,-127.489,26.255,78.024,128.114,117.028,149.31,209.17,105.98,173.37,117.71
16,605222.102372,52.281,60,-126.694,26.622,78.173,127.777,118.028,150.32,209.61,106.08,173.12,118.63
17,605222.111065,52.654,63,-126.92,26.597,78.074,128.703,117.688,149.91,209.53,106.03,174.12,118.25
18,605222.11447,53.169,63,-127.157,26.502,77.912,129.971,117.571,149.8,209.51,105.78,175.69,118.14
19,605222.11767,52.435,63,-127.458,26.178,77.986,127.918,116.789,149.39,209.06,105.9,173.04,117.4
20,605222.12157,53.317,62,-127.157,26.457,77.785,130.209,117.689,149.72,209.39,105.56,176.36,118.29
21,605222.126587,52.518,62,-126.598,26.624,77.928,128.063,117.986,150.36,209.6,105.82,173.42,118.48
22,605222.130107,52.734,61,-126.637,26.595,77.804,128.491,117.789,150.35,209.58,105.62,174.14,118.32
23,605222.138287,52.26,64,-126.683,26.539,77.982,127.404,118.032,150.29,209.43,105.97,172.33,118.66
24,605222.142532,52.612,64,-127.391,26.254,77.897,128.288,117.066,149.44,209.13,105.73,173.71,117.72
25,605222.145607,52.223,61,-127.178,26.383,77.952,127.25,117.268,149.71,209.33,105.81,172.46,117.97
26,605222.150682,52.289,64,-127.218,26.31,77.972,127.472,117.335,149.59,209.19,105.83,172.75,117.9
27,605222.153636,53.582,60,-127.362,26.362,77.556,130.637,117.745,149.41,209.25,105.27,176.81,118.36
28,605222.162395,52.513,59,-126.724,26.604,77.897,127.996,118.017,150.18,209.53,105.74,173.47,118.6
29,605222.166163,53.29,61,-127.222,26.485,77.766,130.095,117.591,149.47,209.35,105.66,175.53,118.24
30,605222.169768,53.227,62,-127.427,26.434,77.759,129.892,117.796,149.35,209.27,105.79,175.26,118.49
31,605222.173566,52.35,64,-126.837,26.588,78.042,127.761,118.257,150.1,209.56,105.89,173.05,118.9
32,605222.190092,52.493,63,-126.957,26.595,77.899,127.941,118.255,149.91,209.55,105.73,173.17,118.87
33,605222.193833,52.525,62,-126.969,26.6,77.813,127.896,118.226,149.81,209.56,105.65,173.34,118.67
34,605222.197277,52.615,63,-127.046,26.571,77.73,128.023,118.114,149.8,209.55,105.52,173.5,118.64
35,605222.202006,52.727,64,-127.061,26.574,77.722,128.337,117.871,149.84,209.58,105.41,174.09,118.37
36,605222.206443,52.519,63,-127.001,26.543,77.747,127.769,118.167,149.78,209.45,105.56,172.96,118.6
37,605222.214007,52.689,63,-127.806,26.145,77.637,128.085,117.044,148.85,208.98,105.37,173.5,117.68
38,605222.218545,52.66,59,-127.018,26.686,77.551,127.858,118.171,149.89,209.7,105.23,173.22,118.77
39,605222.222051,52.777,61,-127.73,26.266,77.629,128.329,117.179,148.95,209.14,105.36,173.83,117.81
40,605222.226062,53.533,59,-127.502,26.537,77.35,130.139,117.743,149.29,209.55,105.04,175.72,118.28
41,605222.230854,52.513,63,-127.255,26.483,77.839,127.903,117.825,149.42,209.34,105.67,173.16,118.27
42,605222.238326,52.175,66,-127.491,26.687,78.455,127.933,117.516,149.25,209.76,106.63,173.2,118.19
43,605222.241498,52.66,64,-127.068,26.616,77.797,128.265,118.011,149.7,209.58,105.59,173.84,118.53
44,605222.24573,52.191,63,-127.345,26.354,77.926,127.116,117.542,149.46,209.26,105.75,172.22,118.17
45,605222.249422,52.534,63,-126.898,26.643,77.809,127.914,118.211,150.04,209.64,105.58,173.3,118.82
46,605222.254938,52.596,64,-127.023,26.633,77.882,128.217,117.946,149.76,209.6,105.72,173.76,118.46
47,605222.26162,52.443,63,-126.909,26.642,77.881,127.768,118.204,150.08,209.64,105.64,173.08,118.88
48,605222.273946,53.385,62,-127.314,26.556,77.482,129.908,117.529,149.38,209.48,105.24,175.48,118.2
49,605222.277174,53.612,60,-127.378,26.469,77.424,130.509,117.658,149.41,209.34,105.22,176.6,118.36
50,605222.281973,52.425,62,-127.13,26.502,77.807,127.595,117.87,149.51,209.34,105.69,172.81,118.41
51,605222.290818,53.303,62,-127.415,26.445,77.559,129.788,117.697,149.32,209.36,105.29,175.58,118.32
52,605222.293451,53.517,60,-127.238,26.537,77.488,130.323,117.648,149.55,209.47,105.23,175.9,118.17
53,605222.297707,53.187,65,-127.423,26.35,77.732,129.726,117.783,149.24,209.18,105.54,175.25,118.38
54,605222.302995,52.479,61,-126.741,26.621,77.829,127.789,118.145,150.23,209.53,105.69,172.83,118.89
55,605222.305247,52.481,62,-126.653,26.604,77.955,128.001,118.084,150.34,209.57,105.81,173.29,118.7
56,605222.31493,52.379,63,-126.666,26.607,78.024,127.816,118.119,150.32,209.57,105.91,173.06,118.7
57,605222.317647,52.473,62,-126.565,26.62,78.01,128.066,118.062,150.5,209.61,105.86,173.52,118.66
58,605222.322322,52.174,64,-126.929,26.429,78.139,127.413,117.625,149.96,209.31,106.05,172.48,118.18
59,605222.32498,52.248,66,-126.744,26.571,78.072,127.517,118.08,150.15,209.51,105.99,172.7,118.58
60,605222.329863,52.762,63,-126.907,26.574,77.905,128.741,117.729,149.94,209.53,105.83,174.05,118.22
61,605222.333532,52.035,62,-126.96,26.443,78.09,126.938,117.654,149.97,209.38,105.97,172.0,118.28
62,605222.342624,52.465,61,-126.573,26.73,77.907,127.874,118.139,150.48,209.76,105.72,173.26,118.74
63,605222.345471,53.024,61,-126.918,26.668,77.742,129.252,117.591,150.0,209.65,105.54,174.94,118.17
64,605222.357935,53.274,63,-127.183,26.56,77.726,129.979,117.562,149.69,209.53,105.48,176.05,118.16
65,605222.36588,52.526,59,-126.588,26.815,77.822,127.913,117.935,150.46,209.88,105.61,173.31,118.53
66,605222.369944,52.912,67,-127.046,26.588,77.924,129.217,117.536,149.73,209.56,106.02,174.32,118.03
67,605222.374126,52.45,61,-126.581,26.567,78.023,128.021,118.087,150.47,209.54,105.88,173.45,118.69
68,605222.377212,53.151,63,-127.08,26.409,77.883,129.868,117.537,149.82,209.33,105.7,175.89,118.14
69,605222.382035,52.398,60,-126.74,26.544,78.12,128.028,118.122,150.15,209.5,106.03,173.69,118.59
70,605222.389405,52.433,63,-127.593,26.14,78.062,128.035,116.968,149.14,208.97,105.95,173.44,117.61
71,605222.39448,52.421,58,-126.714,26.69,78.101,128.065,118.144,150.29,209.71,105.98,173.5,118.75
72,605222.397662,53.166,62,-127.177,26.484,77.935,130.0,117.655,149.73,209.45,105.79,175.91,118.23
73,605222.402039,52.404,64,-126.838,26.453,78.076,127.974,117.931,149.97,209.32,106.02,173.22,118.43
74,605222.405884,52.974,66,-127.268,26.246,77.836,129.257,117.52,149.52,209.08,105.66,174.9,118.14
75,605222.410578,52.461,62,-126.836,26.468,77.794,127.678,118.148,150.04,209.35,105.63,172.71,118.71
76,605222.418383,52.472,63,-126.828,26.519,77.852,127.805,118.22,150.05,209.43,105.68,172.87,118.86
77,605222.421657,53.35,63,-127.306,26.455,77.506,129.841,117.652,149.51,209.39,105.19,175.85,118.25
78,605222.425777,52.565,62,-126.783,26.5,77.628,127.706,118.488,150.2,209.45,105.33,173.04,119.09
79,605222.442809,52.921,61,-127.78,26.169,77.298,128.207,117.043,148.93,209.05,105.02,173.45,117.73
80,605222.445534,52.495,61,-127.105,26.56,77.518,127.322,118.134,149.74,209.48,105.27,172.4,118.79
81,605222.450047,52.651,63,-126.907,26.592,77.563,127.851,118.209,150.0,209.55,105.28,173.1,118.79
82,605222.454062,52.67,63,-126.864,26.539,77.623,128.006,118.12,150.09,209.5,105.34,173.43,118.72
83,605222.45772,53.533,61,-127.363,26.559,77.315,130.081,117.63,149.44,209.53,104.93,176.17,118.23
84,605222.465615,52.837,60,-127.74,26.238,77.616,128.486,117.262,148.98,209.13,105.39,173.73,117.89
85,605222.469606,52.772,61,-127.846,26.187,77.609,128.282,117.168,148.82,209.08,105.37,173.81,117.88
86,605222.473612,52.277,62,-126.95,26.538,78.017,127.51,118.517,149.95,209.45,105.96,172.61,119.17
87,605222.477277,53.17,62,-127.34,26.568,77.608,129.466,117.796,149.41,209.51,105.38,174.93,118.49
88,605222.482322,52.437,63,-126.877,26.634,77.907,127.793,118.269,150.05,209.62,105.74,172.98,118.82
89,605222.48534,52.403,62,-126.861,26.57,78.019,127.878,118.21,150.0,209.49,105.92,172.94,118.84
90,605222.494277,53.174,63,-127.266,26.421,77.852,129.885,117.595,149.49,209.31,105.73,175.37,118.19
91,605222.497636,52.408,62,-126.865,26.49,78.004,127.867,118.224,150.09,209.4,105.91,173.22,118.89
92,605222.501215,52.806,58,-126.899,26.453,77.932,128.916,118.003,150.03,209.4,105.82,174.56,118.53
93,605222.506424,52.358,63,-126.816,26.555,78.079,127.848,118.231,150.13,209.52,105.94,173.16,118.88
94,605222.510136,52.513,62,-126.782,26.71,77.961,128.101,118.253,150.16,209.73,105.78,173.69,118.81
95,605222.518195,53.381,62,-127.222,26.705,77.592,130.081,117.694,149.63,209.73,105.3,176.18,118.29
96,605222.530358,52.678,61,-126.744,26.732,77.587,127.968,118.108,150.18,209.75,105.26,173.6,118.64
97,605222.533576,53.612,62,-127.125,26.703,77.153,130.052,117.492,149.86,209.77,104.78,175.73,118.09
98,605222.542304,52.99,60,-126.606,26.85,77.253,128.337,117.778,150.45,209.93,104.85,173.86,118.37
99,605222.546015,52.92,59,-127.225,26.573,77.076,127.835,117.509,149.69,209.61,104.64,173.16,118.19
100,605222.549509,54.425,60,-127.316,26.763,75.988,130.617,118.377,149.49,209.81,103.11,176.92,118.96
101,605222.552968,54.802,59,-127.522,26.927,75.271,130.588,118.911,149.3,210.09,102.18,176.54,119.47
102,605222.558681,53.989,65,-127.123,27.13,75.186,127.881,119.804,149.68,210.3,101.99,173.14,120.25
103,605222.561314,54.646,62,-127.371,27.24,74.74,129.169,119.675,149.36,210.47,101.42,175.09,120.19
104,605222.569923,54.752,59,-127.9,27.112,74.548,129.172,119.197,148.76,210.34,101.15,174.86,119.75
105,605222.573693,54.563,61,-127.447,27.444,74.755,128.931,119.476,149.37,210.8,101.41,174.5,120.0
106,605222.57722,54.692,63,-128.007,27.383,75.044,129.842,118.872,148.6,210.71,101.8,176.05,119.53
107,605222.58199,54.584,67,-128.04,27.667,75.34,130.008,118.662,148.54,211.07,102.23,175.91,119.21
108,605222.58512,54.317,67,-128.124,27.812,75.591,129.591,117.993,148.45,211.26,102.51,175.73,118.57
109,605222.593841,53.788,63,-127.467,28.181,75.704,128.144,118.128,149.38,211.73,102.62,173.51,118.83
110,605222.597389,54.06,70,-128.062,28.105,75.91,129.332,117.27,148.68,211.65,102.96,174.83,118.03
111,605222.601453,54.202,69,-128.271,28.109,75.885,129.733,117.108,148.31,211.68,103.0,175.46,117.71
112,605222.604957,54.204,69,-128.255,28.174,75.786,129.571,116.941,148.24,211.73,102.82,175.5,117.53
113,605222.621693,54.444,68,-128.451,27.934,75.088,129.131,117.478,147.95,211.4,101.87,174.84,118.09
114,605222.625558,54.164,65,-128.557,27.816,75.164,128.382,117.911,147.86,211.26,101.98,173.78,118.52
115,605222.629263,54.727,65,-128.724,27.707,74.941,129.775,118.371,147.59,211.1,101.65,175.8,118.95
116,605222.63402,54.234,72,-128.691,27.652,75.341,128.904,118.831,147.7,211.05,102.2,174.59,119.39
117,605222.637507,53.854,73,-128.809,27.42,75.887,128.656,119.101,147.51,210.71,102.93,174.34,119.67
118,605222.646098,53.341,71,-128.595,27.191,76.877,128.759,118.925,147.73,210.4,104.23,174.36,119.6
119,605222.649785,53.46,74,-129.059,27.177,76.645,128.734,119.639,147.14,210.38,103.94,174.38,120.26
120,605222.653037,53.202,76,-129.115,27.056,77.147,128.793,119.897,147.07,210.21,104.61,174.47,120.52
121,605222.65855,53.023,77,-129.126,26.923,77.523,128.884,119.901,147.07,209.97,105.29,174.53,120.57
122,605222.661177,52.691,77,-129.079,26.656,78.058,128.784,119.816,147.12,209.66,105.86,174.45,120.45
123,605222.670463,52.975,70,-129.109,26.725,77.555,128.795,119.58,147.17,209.76,105.25,174.57,120.11
124,605222.673371,53.098,74,-129.107,26.61,77.389,128.885,119.637,147.09,209.6,104.97,174.57,120.25
125,605222.678303,53.053,72,-129.037,26.368,77.38,128.735,119.635,147.18,209.27,104.97,174.36,120.25
126,605222.680869,53.626,72,-129.143,26.414,76.448,128.908,119.775,147.06,209.35,103.71,174.52,120.38
127,605222.685771,53.376,75,-128.915,26.143,76.761,128.673,119.584,147.34,208.97,104.13,174.28,120.19
128,605222.693828,53.384,72,-128.777,25.932,76.785,128.738,119.648,147.53,208.68,104.17,174.37,120.25
129,605222.705646,53.981,66,-128.805,26.161,75.809,128.916,119.77,147.48,208.93,102.98,174.55,120.36
130,605222.709201,53.419,67,-128.422,26.083,76.542,128.434,119.621,148.09,208.89,103.9,174.1,120.11
131,605222.713655,53.421,68,-128.463,25.8,77.102,129.38,119.809,147.87,208.44,104.64,175.12,120.46
132,605222.721786,52.833,66,-128.003,26.002,77.624,128.487,119.613,148.59,208.74,105.42,174.0,120.21
133,605222.72595,53.037,66,-128.22,25.929,77.87,129.505,119.682,148.25,208.66,105.62,175.53,120.31
134,605222.729058,52.69,66,-128.033,25.966,78.441,129.411,119.546,148.51,208.71,106.4,175.41,120.18
135,605222.734065,52.445,67,-127.767,26.145,78.66,129.052,119.382,148.89,208.97,106.71,174.83,120.0
136,605222.737654,51.779,66,-127.326,26.065,79.326,128.213,119.672,149.36,208.81,107.65,173.39,120.37
137,605222.746975,52.628,64,-127.473,26.051,79.017,130.178,119.378,149.29,208.84,107.2,176.37,119.99
138,605222.749346,52.421,61,-127.11,26.119,79.135,129.761,119.298,149.83,208.87,107.53,175.45,119.93
139,605222.753502,52.513,64,-127.098,26.11,78.887,129.624,118.714,149.72,208.86,107.1,175.1,119.22
140,605222.75748,52.045,62,-126.689,26.181,78.838,128.185,119.052,150.17,208.85,107.19,173.22,119.65
141,605222.761854,52.28,62,-127.094,25.708,78.475,128.268,117.857,149.82,208.36,106.6,173.74,118.49
142,605222.770421,52.098,61,-126.729,26.334,78.955,128.524,118.382,150.27,209.24,107.28,173.85,118.97
143,605222.77391,53.278,66,-126.269,26.464,77.832,130.166,118.232,150.92,209.43,105.61,176.12,118.86
144,605222.778108,53.484,62,-126.203,26.585,77.557,130.338,118.131,151.0,209.57,105.26,176.58,118.72
145,605222.790418,53.134,56,-126.058,26.815,78.414,130.701,118.269,151.26,209.94,106.4,176.85,118.82
146,605222.798016,50.118,64,-126.27,26.271,82.509,128.678,118.8,150.94,209.2,112.4,173.73,119.66
147,605222.80144,48.447,64,-126.641,25.545,84.811,127.86,118.918,150.42,208.14,115.07,173.28,119.64
148,605222.805636,47.608,70,-126.514,25.301,86.225,127.892,119.114,150.59,207.8,116.99,173.3,119.85
149,605222.808992,47.19,77,-126.845,24.747,86.888,127.858,119.549,150.14,207.04,117.88,173.26,120.3
150,605222.814998,47.045,80,-126.969,24.346,87.104,127.825,119.56,150.0,206.51,118.19,173.14,120.29
151,605222.822203,47.241,78,-127.029,24.061,86.722,127.736,119.581,149.89,206.11,117.66,173.08,120.34
152,605222.825518,47.84,77,-127.152,23.763,85.8,127.83,119.702,149.75,205.71,116.43,173.27,120.4
153,605222.82948,48.382,78,-127.161,23.5,84.784,127.656,119.505,149.73,205.33,115.13,172.93,120.19
154,605222.83305,49.33,78,-127.246,23.35,83.274,127.78,119.385,149.59,205.15,113.01,173.12,120.07
155,605222.83889,50.121,77,-127.297,23.243,81.942,127.802,119.147,149.52,205.01,111.21,173.14,119.81
156,605222.841862,50.801,80,-127.34,23.107,80.778,127.809,118.748,149.49,204.84,109.62,173.21,119.38
157,605222.850693,51.061,74,-127.212,23.259,80.148,127.524,118.478,149.63,205.04,108.78,172.74,119.11
158,605222.853739,50.886,69,-127.02,23.495,80.157,127.057,118.786,149.87,205.39,108.69,172.19,119.38
159,605222.857225,51.27,64,-127.018,23.773,79.938,127.768,118.75,149.8,205.7,108.54,172.99,119.32
160,605222.874493,51.651,61,-127.156,24.403,79.859,128.712,118.042,149.64,206.55,108.41,173.73,118.59
161,605222.878034,51.923,61,-126.85,24.97,79.664,129.173,118.321,150.06,207.33,108.1,174.84,118.96
162,605222.881861,51.434,59,-127.019,24.854,79.675,127.804,117.413,149.95,207.23,108.19,173.04,118.09
163,605222.885462,51.828,62,-126.697,25.452,79.212,128.171,117.711,150.31,208.0,107.53,173.55,118.3
164,605222.889955,52.33,60,-126.657,25.908,78.457,128.383,117.781,150.4,208.68,106.44,173.94,118.36
165,605222.898132,53.28,61,-126.155,26.642,77.619,129.818,118.058,151.06,209.65,105.34,175.89,118.65
166,605222.901559,53.08,66,-125.967,26.993,77.387,128.829,117.869,151.34,210.14,105.03,174.48,118.48
167,605222.905608,53.204,69,-125.947,27.315,76.8,128.221,117.551,151.4,210.6,104.23,173.75,118.15
168,605222.90891,53.792,70,-125.809,27.745,75.92,128.521,116.977,151.54,211.15,103.04,174.16,117.55
169,605222.913996,54.188,70,-125.774,27.989,75.189,128.499,116.132,151.62,211.48,102.14,174.21,116.7
170,605222.917387,54.746,71,-125.651,28.362,74.477,129.032,115.634,151.83,211.98,101.22,174.7,116.11
171,605222.925831,54.708,75,-125.53,28.53,74.497,128.945,115.029,151.93,212.22,101.14,174.66,115.58
172,605222.930237,54.645,79,-125.543,28.643,74.519,128.783,114.72,151.89,212.37,101.16,174.51,115.27
173,605222.933302,54.671,77,-125.561,28.789,74.568,128.949,114.692,151.89,212.57,101.24,174.66,115.25
174,605222.938061,54.64,76,-125.488,28.865,74.749,129.165,114.745,151.97,212.66,101.51,174.87,115.3
175,605222.941212,54.628,74,-125.68,28.823,74.728,129.088,115.09,151.73,212.62,101.45,174.85,115.64
176,605222.949564,54.635,74,-125.829,28.729,74.636,128.953,115.451,151.56,212.5,101.33,174.73,115.97
177,605222.962136,55.023,71,-126.23,28.317,74.046,129.17,116.817,150.91,211.84,100.65,174.8,117.38
178,605222.965011,54.824,73,-126.273,27.998,74.402,129.151,117.163,150.91,211.5,101.0,174.95,117.72
179,605222.973567,55.066,68,-126.483,27.878,74.202,129.582,117.593,150.67,211.28,100.98,175.06,118.15
180,605222.977994,55.09,63,-126.533,27.719,74.391,129.989,117.863,150.48,211.06,101.03,175.75,118.38
181,605222.982267,54.634,58,-126.887,27.298,74.692,129.045,117.589,150.05,210.5,101.37,174.52,118.12
182,605222.984885,54.899,60,-126.641,27.441,74.951,130.346,117.77,150.45,210.77,101.84,175.93,118.31
183,605222.990534,54.494,61,-126.749,27.144,75.554,130.089,117.868,150.36,210.37,102.61,175.8,118.47
184,605222.997938,54.301,62,-127.002,26.914,75.954,130.162,117.541,149.96,210.04,103.1,176.17,118.09
185,605223.001473,53.306,60,-127.213,26.474,76.68,128.326,116.648,149.64,209.34,104.29,173.37,117.2
186,605223.005735,53.715,65,-127.019,26.67,76.755,129.698,116.874,149.99,209.68,104.35,175.3,117.47
187,605223.00895,53.791,59,-126.66,26.659,77.016,130.375,116.474,150.42,209.69,104.57,176.38,117.04
188,605223.014219,53.219,63,-126.786,26.441,77.533,129.489,116.232,150.23,209.36,105.31,175.09,116.82
189,605223.017017,53.084,68,-126.667,26.299,77.842,129.599,116.039,150.26,209.11,105.8,174.75,116.61
190,605223.026708,53.205,63,-126.959,26.178,77.829,129.941,116.417,149.92,208.98,105.75,175.34,117.02
191,605223.029601,52.817,62,-127.186,25.95,77.666,128.51,116.796,149.66,208.7,105.43,173.91,117.39
192,605223.033006,53.147,69,-127.974,25.595,77.493,129.207,117.823,148.73,208.3,105.21,174.6,118.38
193,605223.050871,53.436,72,-129.347,25.081,76.775,128.878,119.154,146.76,207.53,104.15,174.53,119.76
194,605223.053472,53.332,75,-129.652,25.013,76.776,128.567,119.229,146.35,207.43,104.14,174.1,119.84
195,605223.057991,53.341,76,-129.96,24.989,76.771,128.584,119.318,145.93,207.4,104.13,174.11,119.93
196,605223.061017,53.465,78,-130.258,25.023,76.683,128.81,119.286,145.53,207.45,104.01,174.41,119.9
197,605223.06747,53.621,72,-130.459,25.148,76.525,129.021,119.119,145.26,207.62,103.8,174.67,119.73
198,605223.069928,53.575,74,-130.797,25.134,76.495,128.829,118.996,144.85,207.59,103.8,174.44,119.56
199,605223.07789,53.669,76,-130.992,25.265,76.361,128.891,118.865,144.55,207.77,103.57,174.48,119.49
200,605223.081792,53.697,75,-131.036,25.439,76.303,128.879,118.662,144.46,207.99,103.51,174.36,119.28
201,605223.085376,53.862,74,-131.087,25.646,76.055,128.967,118.616,144.39,208.27,103.18,174.46,119.24
202,605223.089826,53.89,74,-131.214,25.755,75.852,128.707,118.647,144.25,208.41,102.96,174.18,119.29
203,605223.093253,54.205,73,-131.08,25.922,75.585,129.229,118.515,144.4,208.63,102.49,174.95,119.09
204,605223.10177,54.124,71,-130.892,26.11,75.447,128.743,118.412,144.65,208.91,102.32,174.35,119.0
205,605223.106233,54.203,66,-130.633,26.319,75.204,128.571,118.465,145.02,209.21,102.0,174.07,119.06
206,605223.109097,54.623,67,-130.74,26.414,74.847,129.28,117.956,144.85,209.28,101.52,174.66,118.43
207,605223.113688,54.262,67,-130.108,26.733,75.103,128.584,118.354,145.65,209.73,101.89,173.86,118.96
208,605223.119135,53.86,64,-130.011,26.796,75.468,127.964,118.309,145.78,209.81,102.37,173.28,118.78
209,605223.127525,54.896,60,-129.889,27.043,75.258,130.869,117.783,146.07,210.22,102.11,177.0,118.34
210,605223.137553,53.59,64,-129.253,27.271,76.911,129.576,117.437,146.94,210.51,104.41,174.96,117.99
211,605223.142427,53.193,61,-129.11,27.213,77.244,128.93,117.083,147.1,210.43,104.8,174.61,117.72
212,605223.145672,53.173,66,-128.662,27.496,77.493,129.284,117.325,147.74,210.82,105.16,174.97,117.96
213,605223.155304,53.19,68,-128.271,27.625,77.639,129.581,117.481,148.26,211.0,105.34,175.42,118.07
214,605223.157393,52.91,71,-127.727,27.761,77.795,128.998,117.362,149.14,211.35,105.73,174.16,117.96
215,605223.161667,53.24,69,-127.431,27.807,77.633,129.718,117.534,149.35,211.23,105.32,175.75,118.14
216,605223.166801,53.317,67,-127.127,27.782,77.508,129.747,117.449,149.76,211.2,105.16,175.81,118.05
217,605223.169223,53.071,71,-126.454,27.836,77.643,129.228,117.254,150.77,211.25,105.52,174.98,117.8
218,605223.177781,53.133,72,-126.184,27.858,77.299,128.841,117.129,151.03,211.3,104.9,174.59,117.72
219,605223.181498,53.336,68,-125.84,27.88,77.022,128.99,117.059,151.5,211.33,104.54,174.79,117.64
220,605223.18644,53.038,76,-125.454,27.857,77.213,128.415,117.017,152.02,211.3,104.8,174.01,117.61
221,605223.188969,52.697,74,-124.962,27.664,77.781,128.345,116.614,152.64,211.05,105.54,173.89,117.26
222,605223.194112,52.792,77,-124.966,27.649,77.562,128.262,116.952,152.67,211.02,105.28,173.81,117.55
223,605223.201749,52.714,78,-124.82,27.514,77.827,128.472,116.909,152.92,210.84,105.69,174.05,117.46
224,605223.205799,52.55,75,-124.62,27.462,78.106,128.45,116.756,153.14,210.76,106.03,174.08,117.34
225,605223.209707,52.035,75,-124.451,27.272,78.976,128.38,116.68,153.37,210.5,107.22,173.98,117.28
226,605223.213178,51.256,75,-124.269,26.882,80.258,128.239,116.664,153.62,210.0,108.9,173.8,117.24
227,605223.230755,51.346,71,-124.834,26.772,79.886,127.896,117.824,152.89,209.83,108.44,173.43,118.39
228,605223.233716,52.932,71,-124.867,26.247,77.213,128.1,118.988,152.79,209.12,104.81,173.64,119.57
229,605223.237579,55.438,67,-125.456,26.415,73.05,128.769,120.108,151.99,209.36,99.17,174.34,120.63
230,605223.242864,56.84,66,-125.758,26.282,70.696,129.247,120.811,151.6,209.21,95.96,175.06,121.31
231,605223.246115,58.015,59,-127.165,26.109,68.283,128.911,122.227,149.71,208.99,92.65,174.54,122.74
232,605223.253977,58.426,65,-127.419,26.227,67.934,129.742,121.957,149.31,209.12,92.14,175.84,122.46
233,605223.257761,58.341,63,-127.829,26.442,68.321,130.169,121.576,148.6,209.31,92.66,176.34,122.17
234,605223.261729,57.883,61,-128.783,26.627,69.346,130.436,121.303,147.45,209.68,93.93,176.79,121.85
235,605223.265265,56.593,60,-129.583,26.492,71.7,130.225,120.859,146.39,209.47,97.2,176.36,121.44
236,605223.271023,55.651,64,-130.328,26.961,73.214,129.757,120.164,145.36,210.06,99.3,175.36,120.8
237,605223.277604,54.455,65,-131.005,27.069,75.325,129.572,119.657,144.53,210.23,102.13,175.42,120.26
238,605223.281566,53.372,70,-131.472,26.975,77.464,129.839,119.061,143.92,210.06,105.13,175.7,119.71
239,605223.285811,52.587,71,-131.988,26.877,78.905,129.874,118.589,143.22,209.95,106.99,175.77,119.25
240,605223.289154,52.315,69,-132.502,26.943,79.531,130.098,118.606,142.55,210.03,107.94,175.81,119.24
241,605223.293815,52.202,68,-132.936,26.977,79.741,130.11,118.705,141.92,209.99,108.19,175.77,119.25
242,605223.297998,52.287,70,-133.128,26.967,79.565,130.071,118.773,141.65,210.03,107.86,175.85,119.41
243,605223.314231,54.64,67,-133.758,26.615,75.519,130.495,119.383,140.78,209.57,102.35,176.72,120.05
244,605223.317055,55.675,61,-133.803,26.587,73.789,130.857,119.993,140.77,209.58,100.01,177.06,120.6
245,605223.322664,56.516,59,-134.05,26.274,72.415,131.257,120.772,140.4,209.14,98.16,177.46,121.34
246,605223.330797,56.953,62,-133.963,26.152,71.532,131.172,121.227,140.53,208.92,96.99,177.3,121.68
247,605223.333466,57.6,58,-133.898,26.094,70.622,131.799,121.79,140.61,208.86,95.85,178.08,122.34
248,605223.337915,57.198,65,-133.519,26.126,70.682,130.473,121.866,141.09,208.94,95.8,176.47,122.42
249,605223.341341,57.077,64,-133.38,26.029,70.837,130.332,122.064,141.27,208.82,96.03,176.23,122.59
250,605223.346322,56.611,61,-132.817,26.09,71.312,129.583,122.404,141.93,208.82,96.63,175.11,122.92
251,605223.349451,56.266,58,-132.46,26.094,71.866,129.41,122.542,142.48,208.84,97.48,175.11,123.15
252,605223.358173,55.92,63,-132.333,25.754,72.856,130.016,122.704,142.76,208.38,98.97,175.92,123.29
253,605223.361492,55.244,59,-131.646,25.889,73.606,129.114,122.675,143.63,208.61,99.75,174.72,123.29
254,605223.365718,55.306,63,-131.52,25.886,74.073,130.138,122.073,143.86,208.72,100.34,176.11,122.57
255,605223.370921,55.216,60,-131.101,25.899,74.634,130.824,121.69,144.42,208.68,101.19,176.99,122.25
256,605223.373249,54.085,60,-130.066,26.178,75.621,128.918,121.147,145.77,208.9,102.8,174.38,121.77
257,605223.381753,54.004,64,-129.649,26.241,76.232,129.706,120.268,146.32,209.08,103.4,175.53,120.85
258,605223.386283,53.099,66,-128.812,26.15,77.558,129.171,119.804,147.5,208.98,105.21,174.88,120.44
259,605223.39779,51.762,69,-126.728,26.583,79.809,128.946,117.264,150.33,209.56,108.32,174.59,117.92
260,605223.40585,51.472,69,-126.139,26.659,80.57,129.345,116.458,151.1,209.66,109.37,175.2,117.08
261,605223.409998,51.315,70,-125.873,26.821,80.745,129.186,116.009,151.44,209.85,109.62,174.78,116.55
262,605223.413414,51.767,63,-125.741,26.841,80.426,129.959,116.334,151.6,209.89,109.21,175.88,116.97
263,605223.417468,51.516,59,-125.555,27.087,80.205,128.885,116.673,151.92,210.29,108.85,174.5,117.2
264,605223.422684,51.525,66,-125.638,26.938,79.994,128.572,116.91,151.7,209.99,108.58,174.04,117.47
265,605223.425479,51.796,64,-125.961,27.209,79.563,128.645,116.75,151.19,210.4,108.18,173.84,117.32
266,605223.433823,52.946,62,-125.978,27.189,78.368,130.059,117.392,151.32,210.39,106.43,175.85,117.95
267,605223.437234,53.62,59,-126.191,27.268,77.401,130.494,117.924,151.03,210.5,105.05,176.8,118.51
268,605223.441386,53.224,59,-125.979,27.27,77.049,128.699,118.431,151.17,210.4,104.62,174.01,118.94
269,605223.446712,54.567,62,-126.419,27.322,75.78,130.711,118.456,150.73,210.6,102.84,176.99,118.99
270,605223.449448,53.88,59,-126.666,27.234,75.324,127.781,118.442,150.39,210.49,102.21,173.08,119.0
271,605223.457876,55.156,62,-126.843,27.38,74.667,130.685,118.828,150.09,210.63,101.34,176.87,119.37
272,605223.461444,55.451,59,-127.081,27.412,74.314,131.038,118.844,149.81,210.7,100.84,177.51,119.4
273,605223.465127,54.677,59,-127.89,26.888,74.616,129.054,118.333,148.75,210.12,101.46,174.75,119.12
274,605223.469786,53.88,57,-127.299,27.212,75.552,128.168,119.556,149.45,210.38,102.53,173.52,120.08
275,605223.481964,53.362,63,-127.978,27.233,76.523,128.231,119.259,148.54,210.43,103.78,173.65,119.86
276,605223.487098,53.364,59,-129.127,26.676,76.79,128.684,117.908,147.1,209.72,104.39,174.25,118.68
277,605223.489748,53.253,58,-129.256,26.864,77.297,129.197,118.432,146.95,210.04,104.9,175.15,119.2
278,605223.493907,52.861,61,-129.451,26.714,77.839,128.926,118.561,146.66,209.8,105.63,174.66,119.29
279,605223.498628,52.7,59,-129.151,26.895,78.097,128.877,119.816,146.99,210.02,106.02,174.48,120.36
280,605223.505779,53.567,63,-129.58,27.011,77.333,130.215,119.514,146.45,210.11,105.02,176.0,120.19
281,605223.510078,53.112,57,-129.176,27.015,77.286,128.754,120.25,146.99,210.16,104.83,174.21,120.91
282,605223.513845,53.551,60,-129.917,26.675,76.749,129.184,119.452,146.02,209.58,104.49,174.73,120.21
283,605223.517233,54.182,67,-129.724,26.81,76.212,130.23,119.91,146.27,209.85,103.48,176.02,120.57
284,605223.525358,54.66,59,-129.593,26.982,75.166,129.949,120.153,146.37,210.09,101.96,175.86,120.77
285,605223.534383,55.423,57,-129.573,27.129,74.605,131.46,119.511,146.51,210.35,101.24,177.66,120.1
286,605223.537384,54.425,58,-130.166,26.661,74.761,128.506,118.88,145.64,209.67,101.41,173.94,119.45
287,605223.54178,54.534,61,-129.923,26.743,75.192,129.593,119.24,146.01,209.81,101.98,175.42,119.82
288,605223.544842,54.626,57,-129.945,26.784,75.242,129.972,119.143,145.97,209.83,102.1,175.73,119.7
289,605223.549717,53.889,57,-130.104,26.529,75.666,128.388,118.505,145.75,209.5,102.64,173.87,119.14
290,605223.558859,54.155,61,-129.696,26.914,75.991,129.766,118.942,146.3,210.01,103.13,175.45,119.55
291,605223.569647,50.44,64,-129.544,26.141,82.251,129.145,119.818,146.57,208.99,111.58,174.7,120.54
292,605223.574033,49.436,65,-129.235,25.79,84.023,129.208,120.294,146.98,208.49,113.95,174.98,121.0
293,605223.57712,48.145,66,-129.005,25.391,85.11,127.555,119.818,147.29,208.02,115.46,173.02,120.73
294,605223.585373,48.766,70,-128.949,24.885,84.922,128.84,120.532,147.3,207.23,115.17,174.54,121.26
295,605223.590653,48.623,73,-128.739,24.541,84.511,127.85,120.326,147.62,206.82,114.6,173.36,121.15
296,605223.592843,49.262,77,-128.339,24.343,83.49,127.933,120.206,148.14,206.52,113.23,173.4,120.94
297,605223.597945,50.03,79,-128.025,24.119,82.195,127.951,119.971,148.54,206.2,111.51,173.35,120.65
298,605223.601262,50.795,77,-127.561,23.987,80.843,127.897,119.378,149.2,206.01,109.76,173.27,119.98
299,605223.610384,51.567,78,-127.173,23.817,79.58,128.025,118.775,149.65,205.86,107.79,173.53,119.41
300,605223.613274,52.009,79,-126.775,23.732,78.749,127.934,118.134,150.22,205.68,106.89,173.31,118.75
301,605223.618271,52.028,80,-126.289,23.745,78.716,127.937,117.571,150.88,205.7,106.87,173.32,118.18
302,605223.620836,51.917,78,-125.888,23.96,78.889,127.9,117.313,151.42,205.99,107.11,173.28,117.92
303,605223.626753,51.554,81,-125.573,24.101,79.57,127.972,117.081,151.85,206.18,108.04,173.38,117.69
304,605223.634545,51.026,80,-125.193,24.274,80.368,127.777,116.697,152.37,206.42,109.13,173.12,117.31
305,605223.637311,50.469,78,-124.951,24.436,81.238,127.631,116.752,152.73,206.64,110.34,172.9,117.3
306,605223.642444,50.043,74,-124.673,24.746,81.917,127.556,116.693,153.07,207.06,111.24,172.83,117.33
307,605223.654071,49.073,68,-123.719,25.473,83.299,127.155,117.736,154.34,208.04,113.09,172.38,118.38
308,605223.662645,49.737,65,-123.828,25.599,82.972,128.381,117.728,154.21,208.21,112.66,174.01,118.37
309,605223.665497,50.628,61,-123.734,25.933,82.065,129.367,117.487,154.38,208.69,111.46,175.18,118.09
310,605223.66942,50.79,64,-123.743,26.077,81.464,128.866,116.742,154.41,208.92,110.68,174.33,117.32
311,605223.675717,51.249,62,-123.682,26.274,80.613,128.789,116.169,154.44,209.08,109.77,173.72,116.71
312,605223.678136,52.075,63,-123.634,26.553,79.546,129.421,115.623,154.35,209.44,108.1,174.89,116.18
313,605223.686109,52.162,62,-124.223,26.706,78.603,128.136,115.643,153.67,209.73,106.74,173.62,116.24
314,605223.690105,53.015,63,-123.836,27.021,77.875,129.445,115.088,154.1,210.1,105.81,174.99,115.62
315,605223.69336,52.943,64,-123.953,27.076,77.703,128.944,114.857,154.12,210.25,105.73,174.33,115.43
316,605223.697225,52.828,59,-124.271,26.955,77.138,127.668,114.035,153.7,210.09,104.86,172.82,114.53
317,605223.701519,54.359,63,-124.157,27.849,75.202,129.056,114.821,153.87,211.29,102.09,174.72,115.48
318,605223.710721,55.556,57,-124.484,28.203,73.347,129.681,114.092,153.4,211.78,99.68,175.28,114.58
319,605223.713621,56.561,61,-124.602,28.653,71.947,130.564,114.074,153.11,212.35,97.68,177.11,114.61
320,605223.718115,56.548,61,-125.086,28.826,71.173,129.116,113.903,152.59,212.67,96.65,174.92,114.46
321,605223.720762,56.764,68,-125.428,29.137,70.527,128.677,114.205,152.09,213.07,95.78,174.23,114.74
322,605223.737643,57.403,72,-126.961,29.457,69.901,129.753,115.631,150.04,213.48,94.94,175.84,116.17
323,605223.742127,57.442,69,-127.508,29.487,69.838,129.773,116.193,149.23,213.53,94.79,175.65,116.72
324,605223.744869,57.384,72,-128.265,29.254,70.033,129.929,116.941,148.27,213.21,95.07,175.96,117.43
325,605223.750682,57.114,76,-128.99,28.969,70.416,129.686,117.906,147.32,212.75,95.81,175.53,118.41
326,605223.752972,56.987,72,-129.435,28.762,70.652,129.679,118.445,146.63,212.49,95.75,175.58,118.9
327,605223.761805,57.069,69,-129.894,28.471,70.877,130.377,119.067,146.09,212.14,96.23,176.13,119.53
328,605223.765612,57.348,63,-130.532,28.26,70.616,130.884,119.677,145.21,211.81,96.0,176.78,120.14
329,605223.769629,57.4,57,-131.289,27.65,70.87,131.542,120.171,143.99,210.9,96.23,177.68,120.8
330,605223.773115,56.698,58,-131.877,27.289,71.261,129.789,120.226,143.45,210.69,96.67,175.42,120.79
331,605223.778208,57.063,58,-131.865,27.282,71.51,131.521,120.429,143.33,210.5,96.98,177.71,121.01
332,605223.781655,56.075,58,-132.458,26.737,72.178,129.326,119.84,142.64,209.85,97.95,174.97,120.46
333,605223.789454,56.022,61,-132.412,26.768,72.57,129.852,119.803,142.64,209.81,98.47,175.49,120.36
334,605223.793539,55.922,63,-132.866,26.338,73.153,130.555,119.94,141.95,209.22,99.17,176.53,120.58
335,605223.797057,55.197,67,-132.952,25.921,74.354,130.273,119.586,141.9,208.63,100.92,176.14,120.19
336,605223.801871,54.735,67,-133.007,25.706,75.048,129.987,119.203,141.81,208.37,101.78,175.64,119.86
337,605223.80547,54.053,70,-132.944,25.554,75.918,129.322,118.994,141.9,208.15,102.95,174.9,119.63
338,605223.813421,53.306,78,-132.874,25.289,77.12,129.062,119.168,142.02,207.8,104.55,174.66,119.82
339,605223.825163,50.848,78,-132.417,24.333,81.405,128.933,121.811,142.61,206.5,110.33,174.44,122.47
340,605223.829115,49.683,70,-132.199,23.849,82.745,127.887,123.385,142.9,205.79,112.2,173.21,124.16
341,605223.837741,49.288,67,-131.997,23.474,83.125,127.44,124.865,143.16,205.31,112.62,172.68,125.6
342,605223.841607,50.549,58,-131.804,23.423,82.322,129.555,125.327,143.39,205.24,111.6,175.09,125.99
343,605223.845759,50.877,59,-131.474,23.272,81.778,129.602,125.317,143.86,205.05,110.81,175.58,126.01
344,605223.849068,50.59,60,-131.089,23.169,81.4,128.217,124.464,144.39,204.92,110.31,173.76,125.18
345,605223.854246,51.302,67,-130.647,23.36,80.683,129.049,123.89,144.96,205.16,109.36,174.82,124.54
346,605223.857634,50.715,66,-129.325,23.615,80.866,127.715,122.645,146.84,205.54,109.66,172.88,123.37
347,605223.86577,51.505,66,-129.086,23.838,80.234,128.902,120.775,147.1,205.82,108.82,174.64,121.42
348,605223.869707,51.054,71,-128.339,24.152,80.446,127.98,119.539,148.18,206.24,109.25,173.32,120.19
349,605223.872953,50.775,74,-127.504,24.424,80.96,128.027,118.22,149.25,206.62,109.87,173.42,118.88
350,605223.879116,50.478,78,-126.734,24.654,81.552,128.153,117.082,150.27,206.91,110.7,173.63,117.78
351,605223.881307,50.015,74,-125.83,24.858,82.342,128.142,115.646,151.56,207.23,111.75,173.62,116.2
352,605223.890315,49.292,69,-125.069,24.845,83.353,127.802,114.883,152.56,207.17,113.24,173.1,115.54
353,605223.893676,49.498,73,-124.582,25.217,83.204,128.109,114.294,153.21,207.66,113.0,173.52,114.9
354,605223.897782,49.464,68,-123.797,25.507,83.408,128.333,113.696,154.24,208.04,113.33,173.7,114.28
355,605223.905723,49.798,59,-122.721,25.871,83.573,129.474,114.264,155.77,208.58,113.54,175.54,114.85
356,605223.914067,49.135,60,-122.584,25.737,83.807,128.092,114.511,155.94,208.4,113.9,173.48,115.18
357,605223.918529,49.568,57,-122.463,25.963,82.842,127.734,114.668,156.1,208.72,112.69,173.15,115.43
358,605223.92183,49.882,61,-121.974,26.301,82.303,127.727,115.554,156.85,209.22,111.84,173.09,116.04
359,605223.925128,50.718,67,-121.791,26.338,81.2,128.251,115.743,156.93,209.22,110.29,173.96,116.32
360,605223.930627,51.03,79,-122.062,26.189,80.384,127.815,115.931,156.6,208.95,109.37,173.25,116.58
361,605223.934273,51.528,77,-122.864,25.846,79.555,127.876,116.826,155.51,208.56,108.04,173.35,117.42
362,605223.941812,52.123,79,-123.697,25.582,78.664,128.124,117.517,154.41,208.2,106.85,173.7,118.06
363,605223.945471,52.432,78,-124.632,25.329,78.069,128.045,117.978,153.11,207.86,105.99,173.55,118.56
364,605223.949238,52.476,76,-125.531,25.06,77.89,127.877,118.482,151.89,207.5,105.72,173.3,119.07
365,605223.954404,53.13,65,-126.54,25.009,77.177,128.627,118.664,150.54,207.43,104.74,174.27,119.25
366,605223.957789,51.873,61,-126.97,24.418,78.55,127.224,119.537,149.92,206.6,106.63,172.32,120.14
367,605223.966304,53.105,60,-128.262,24.72,77.239,128.657,119.262,148.08,207.06,105.1,173.73,119.69
368,605223.970299,53.313,61,-129.568,24.298,77.281,129.352,119.779,146.4,206.45,104.9,174.67,120.39
369,605223.973719,53.583,53,-129.555,24.431,77.572,130.668,119.344,146.47,206.64,105.23,176.9,119.95
370,605223.977612,53.882,57,-130.624,24.319,77.276,131.099,120.12,145.06,206.5,104.83,177.28,120.77
371,605223.990431,52.49,64,-132.266,23.917,77.798,127.767,120.538,142.84,205.97,105.46,173.11,121.25
372,605223.994733,52.928,71,-132.749,24.243,77.152,127.987,121.04,142.16,206.36,104.62,173.29,121.76
373,605223.997524,53.529,72,-133.244,24.462,76.451,128.616,121.417,141.5,206.69,103.61,174.11,122.07
374,605224.006207,54.038,76,-133.72,24.965,75.714,128.931,121.253,140.86,207.37,102.6,174.51,121.9
375,605224.015067,54.466,73,-133.883,25.34,75.172,129.344,121.03,140.68,207.87,101.93,175.07,121.64
376,605224.0175,54.674,71,-134.076,25.626,74.905,129.542,120.993,140.39,208.22,101.62,175.24,121.7
377,605224.022041,54.781,74,-134.062,25.962,74.701,129.531,120.704,140.4,208.72,101.23,175.29,121.34
378,605224.025302,54.878,73,-133.908,26.318,74.416,129.346,120.31,140.65,209.17,100.96,175.07,120.94
379,605224.030627,55.687,73,-133.699,26.835,73.07,129.623,119.953,140.84,209.89,99.05,175.25,120.6
380,605224.033348,58.115,67,-133.506,27.156,69.167,130.943,120.542,141.12,210.3,93.86,177.02,121.11
381,605224.041359,59.812,66,-133.041,27.531,66.003,131.26,120.688,141.77,210.89,89.46,177.67,121.21
382,605224.045644,61.704,61,-132.734,28.038,63.076,133.066,120.652,142.22,211.62,85.51,179.94,121.16
383,605224.050131,62.039,57,-132.814,28.105,61.769,131.741,120.236,141.98,211.6,83.82,177.93,120.72
384,605224.053263,62.788,59,-132.198,28.86,60.969,133.327,119.953,142.93,212.73,82.67,180.29,120.44
385,605224.058219,62.602,55,-131.899,29.309,61.411,133.454,119.427,143.44,213.37,83.38,180.11,119.86
386,605224.065885,60.726,60,-131.531,29.635,63.202,129.25,119.459,143.76,213.7,85.76,174.93,120.04
387,605224.078087,59.272,60,-130.772,30.339,67.898,132.882,117.307,144.85,214.7,92.07,179.87,117.83
388,605224.081891,58.489,58,-130.322,30.333,69.341,132.668,116.412,145.51,214.7,94.07,179.34,116.96
389,605224.085544,57.404,62,-129.979,30.172,70.787,131.401,116.044,145.93,214.37,96.29,177.01,116.57
390,605224.094061,56.543,60,-129.846,29.868,71.78,130.197,115.615,146.0,214.04,97.31,176.07,116.29
391,605224.097578,56.652,63,-129.394,29.716,72.195,131.33,115.571,146.72,213.84,97.97,177.5,116.18
392,605224.10152,55.86,69,-128.923,29.282,73.2,130.432,115.568,147.47,213.3,99.38,176.22,116.1
393,605224.106138,55.495,66,-128.524,28.809,73.898,130.452,115.675,147.89,212.6,100.28,176.63,116.24
394,605224.10949,55.047,65,-128.056,28.305,74.605,130.222,115.471,148.59,211.94,101.3,176.05,116.05
395,605224.117996,54.47,70,-127.657,27.816,75.378,129.711,115.566,149.11,211.27,102.35,175.42,116.14
396,605224.121659,53.481,76,-127.558,27.204,76.591,128.704,115.789,149.19,210.41,103.96,174.28,116.38
397,605224.125692,52.605,78,-127.878,26.229,78.094,128.59,117.043,148.75,209.08,105.97,174.14,117.66
398,605224.129216,51.691,78,-128.188,25.298,79.545,128.32,118.225,148.33,207.81,107.93,173.8,118.86
399,605224.134101,50.894,78,-128.451,24.421,80.859,128.193,119.39,147.97,206.62,109.69,173.64,120.05
400,605224.143557,50.357,78,-128.735,23.621,81.713,128.077,120.394,147.58,205.53,110.84,173.5,121.07
401,605224.145668,49.794,75,-128.921,22.875,82.587,127.935,121.297,147.33,204.51,112.03,173.32,121.99
402,605224.150245,49.541,76,-129.046,22.229,83.002,127.91,121.686,147.16,203.63,112.59,173.28,122.38
403,605224.1625,48.987,76,-128.596,21.372,83.828,127.742,122.538,147.81,202.48,113.71,173.21,123.18
404,605224.170236,48.757,76,-128.337,21.301,84.022,127.451,121.866,148.1,202.36,113.99,172.68,122.58
405,605224.174133,48.727,75,-128.087,21.415,84.11,127.507,121.195,148.42,202.5,114.15,172.66,121.9
406,605224.177477,48.47,75,-127.74,21.681,84.426,127.338,120.654,148.91,202.88,114.56,172.52,121.37
407,605224.182741,48.069,77,-127.197,21.923,85.01,127.214,119.453,149.74,203.07,115.8,172.21,120.15
408,605224.18551,48.169,75,-126.819,22.429,84.932,127.345,118.473,150.17,203.89,115.3,172.5,119.18
409,605224.19389,47.998,76,-126.355,22.81,85.207,127.336,117.307,150.77,204.39,115.71,172.39,118.03
410,605224.197773,48.113,75,-125.809,23.345,85.139,127.518,116.428,151.46,205.12,115.6,172.55,117.2
411,605224.202446,48.168,73,-125.314,23.928,84.957,127.382,115.535,152.24,205.91,115.42,172.32,116.28
412,605224.204938,48.296,68,-125.106,24.48,84.89,127.599,116.031,152.52,206.69,115.27,172.94,116.73
413,605224.210105,48.493,67,-125.331,24.502,84.584,127.633,118.138,152.16,206.72,114.83,172.81,118.79
414,605224.218431,47.992,59,-125.424,24.288,84.628,126.453,120.354,152.0,206.37,114.85,171.46,121.04
415,605224.222081,49.673,62,-125.484,25.028,82.327,127.215,121.516,151.85,207.35,111.74,171.96,122.27
416,605224.226278,50.911,58,-126.446,24.803,80.366,127.459,120.689,150.68,207.2,109.11,172.82,121.45
417,605224.228984,52.024,61,-126.096,25.426,78.446,127.486,121.76,151.04,207.96,106.44,172.66,122.38
418,605224.246493,54.6,59,-127.16,26.35,74.383,128.407,119.122,149.69,209.26,100.93,174.0,119.68
419,605224.249705,54.858,64,-128.001,26.459,74.146,128.816,117.151,148.64,209.46,100.64,174.26,117.68
420,605224.253345,55.305,65,-128.434,26.909,73.92,129.865,116.437,148.05,210.03,100.35,175.7,117.01
421,605224.258603,54.772,65,-128.235,27.327,74.329,128.859,115.947,148.39,210.62,100.92,174.13,116.56
422,605224.261194,54.866,71,-128.932,27.527,74.65,129.715,115.128,147.42,210.89,101.35,175.36,115.67
423,605224.269429,54.816,63,-129.36,27.737,75.063,130.272,115.023,146.83,211.14,101.91,176.18,115.62
424,605224.273713,54.301,70,-129.409,27.986,75.661,129.661,115.19,146.71,211.47,102.67,175.51,115.78
425,605224.277684,54.18,69,-129.722,28.135,75.891,129.674,115.807,146.26,211.66,102.98,175.45,116.41
426,605224.281155,54.357,67,-130.053,28.192,75.761,130.01,116.566,145.83,211.75,102.77,176.01,117.17
427,605224.286859,54.309,70,-130.022,28.53,75.423,129.28,117.068,145.85,212.2,102.33,174.92,117.68
428,605224.289803,55.745,71,-130.857,28.829,73.126,129.913,118.443,144.73,212.63,99.15,175.89,119.03
429,605224.297351,56.763,73,-131.183,29.092,71.272,130.033,118.765,144.29,212.96,96.71,176.02,119.37
430,605224.301666,57.459,66,-131.317,29.006,69.987,130.111,118.757,144.12,212.87,94.92,176.12,119.31
431,605224.305085,58.671,68,-131.934,29.152,67.903,130.594,119.034,143.28,213.09,92.06,176.76,119.57
432,605224.310101,59.132,64,-132.366,29.049,67.126,130.833,119.305,142.67,212.92,91.04,176.95,119.84
433,605224.31341,60.054,63,-133.567,29.284,65.259,130.731,120.193,141.04,213.27,88.41,176.92,120.74
434,605224.321428,60.266,64,-133.051,29.5,65.493,132.05,119.603,141.79,213.51,88.91,178.51,120.12
435,605224.334009,59.965,63,-134.074,29.257,66.46,132.782,120.353,140.46,213.2,90.21,179.35,120.94
436,605224.337611,59.363,62,-134.67,28.887,67.1,131.673,120.576,139.6,212.71,90.99,177.93,121.11
437,605224.34607,59.221,57,-134.862,28.809,67.456,131.821,121.051,139.36,212.56,91.56,178.39,121.62
438,605224.350317,58.931,63,-134.774,28.701,68.169,132.093,121.689,139.44,212.48,92.32,178.79,122.24
439,605224.353433,58.462,65,-134.922,28.287,68.834,131.6,122.193,139.2,211.89,93.23,178.01,122.75
440,605224.357278,57.163,70,-134.825,27.9,70.845,130.651,123.156,139.4,211.42,95.94,176.69,123.72
441,605224.362111,55.274,78,-135.003,27.011,73.845,129.633,124.498,139.12,210.16,99.97,175.53,125.13
442,605224.365743,54.518,81,-135.155,26.337,75.229,129.606,125.486,138.91,209.24,101.82,175.53,126.13
443,605224.374282,53.729,79,-135.226,25.551,76.458,129.239,125.966,138.79,208.15,103.49,175.08,126.66
444,605224.378069,53.208,72,-135.127,24.972,77.207,128.912,126.276,138.92,207.43,104.46,174.61,126.79
445,605224.381481,52.924,63,-134.654,24.504,77.544,128.624,126.069,139.69,206.79,105.03,174.32,126.6
446,605224.386955,53.479,61,-134.587,23.905,77.743,130.637,125.526,139.67,205.89,105.34,176.73,126.12
447,605224.390146,52.529,57,-134.424,23.046,78.122,128.414,123.67,139.9,204.77,105.84,173.88,124.38
448,605224.39737,52.871,60,-133.4,23.244,78.584,130.191,123.281,141.28,205.07,106.38,176.31,123.9
449,605224.402272,52.213,61,-133.034,22.828,79.337,129.482,122.158,141.85,204.48,107.55,175.25,122.82
450,605224.405753,50.858,71,-132.209,22.427,80.974,128.278,121.158,142.93,204.01,110.04,173.39,122.13
451,605224.414271,49.408,79,-130.259,22.421,83.201,127.871,120.124,145.54,203.82,113.01,173.09,120.9
452,605224.421756,49.051,73,-129.23,22.503,83.806,127.873,119.437,146.9,203.97,113.69,173.25,120.18
453,605224.426472,48.164,72,-128.016,22.175,85.121,127.618,118.769,148.56,203.54,115.53,172.84,119.49
454,605224.430058,49.639,75,-127.646,22.752,82.829,127.902,118.799,149.05,204.34,112.42,173.24,119.48
455,605224.433008,50.453,75,-126.498,23.172,81.625,128.199,118.402,150.6,204.91,110.82,173.66,119.05
456,605224.439772,51.523,64,-125.633,23.866,79.778,128.219,118.168,151.57,205.78,108.4,173.41,118.75
457,605224.442529,51.888,61,-124.368,24.404,78.781,127.642,118.086,153.39,206.6,106.9,172.9,118.71
458,605224.450153,53.205,62,-123.781,25.332,77.388,129.204,116.183,154.28,207.89,105.14,174.74,116.75
459,605224.454263,53.669,60,-123.113,25.935,77.06,130.069,115.008,155.07,208.64,104.75,175.84,115.59
460,605224.457006,52.568,66,-122.258,26.43,78.344,128.893,113.938,156.31,209.33,106.45,174.78,114.53
461,605224.462782,51.819,73,-121.61,27.136,79.254,128.211,112.49,157.2,210.3,107.69,173.81,113.05
462,605224.465358,51.144,75,-121.329,27.486,80.41,128.17,111.275,157.64,210.75,109.41,173.62,111.81
463,605224.474649,50.506,73,-121.403,27.73,81.41,128.003,110.349,157.52,211.1,110.68,173.4,110.93
464,605224.477403,49.697,72,-121.34,27.837,82.756,127.939,109.695,157.61,211.24,112.52,173.3,110.3
465,605224.481994,49.444,75,-121.433,27.84,83.621,128.609,109.442,157.42,211.19,113.67,174.15,110.0
466,605224.486205,49.203,60,-121.586,28.069,83.465,127.742,110.399,157.15,211.56,113.47,173.05,110.99
467,605224.502417,53.478,54,-125.115,26.878,76.84,129.116,117.621,152.47,209.97,104.33,174.92,118.19
468,605224.505367,56.163,66,-127.286,26.077,71.893,129.111,120.484,149.45,208.87,97.56,174.75,121.04
469,605224.50943,58.885,72,-129.158,25.473,66.935,129.528,122.246,147.01,208.11,90.78,175.54,122.7
470,605224.514681,60.895,61,-130.987,24.857,63.203,129.937,123.303,144.45,207.24,85.66,176.09,123.82
471,605224.518169,61.823,59,-131.998,24.32,61.866,131.017,123.395,143.1,206.54,83.87,177.2,123.87
472,605224.52641,63.193,54,-132.64,24.937,60.469,134.08,122.985,142.18,207.36,82.06,180.5,123.45
473,605224.529438,62.656,53,-133.9,25.19,61.416,133.708,122.962,140.64,207.73,83.3,180.98,123.4
474,605224.5333,61.601,51,-134.912,25.633,63.434,133.376,122.805,139.22,208.33,85.93,180.49,123.31
475,605224.538762,59.846,60,-136.094,25.774,66.374,132.131,123.109,137.67,208.52,89.89,178.69,123.67
476,605224.541374,57.65,70,-137.064,25.825,69.771,130.392,123.316,136.38,208.53,94.55,176.54,123.89
477,605224.550495,55.912,78,-137.961,25.669,72.772,129.841,123.924,135.12,208.32,98.48,175.76,124.57
478,605224.553309,54.603,81,-139.112,25.314,75.355,130.093,125.24,133.6,207.84,101.95,176.03,125.92
479,605224.557297,53.772,77,-140.265,24.439,76.844,130.022,126.843,132.03,206.65,103.91,175.93,127.56
480,605224.561289,53.561,69,-141.513,23.978,77.413,130.333,128.405,130.35,206.03,104.67,176.17,129.11
481,605224.565885,53.642,61,-141.917,23.774,77.121,130.091,129.845,129.78,205.8,104.18,176.02,130.42
482,605224.574011,54.905,58,-142.715,23.4,75.84,131.911,130.661,128.67,205.19,102.48,178.3,131.33
483,605224.586045,57.73,62,-142.411,23.671,70.274,131.622,130.262,129.1,205.54,95.08,177.8,130.8
484,605224.589665,58.588,67,-141.99,23.927,68.527,131.481,129.286,129.64,205.96,92.61,177.84,129.9
485,605224.593942,59.088,70,-140.934,24.598,67.246,130.902,127.596,131.1,206.92,90.95,176.95,128.23
486,605224.602047,59.303,74,-139.852,25.173,66.701,130.658,125.795,132.5,207.66,90.2,176.65,126.42
487,605224.605511,59.35,74,-138.519,25.897,66.719,130.874,123.956,134.43,208.66,90.36,177.1,124.5
488,605224.609385,59.475,70,-137.438,26.588,66.367,130.664,122.492,135.93,209.62,89.92,176.84,122.98
489,605224.614694,59.98,70,-135.753,26.986,65.577,131.078,121.227,138.17,210.16,88.82,177.56,121.73
490,605224.617278,60.003,69,-134.032,27.597,65.507,131.025,119.742,140.45,210.94,88.88,177.12,120.23
491,605224.626318,59.521,69,-132.537,27.998,66.247,130.606,118.451,142.39,211.43,89.88,176.64,118.98
492,605224.629538,58.985,64,-130.999,28.411,67.469,130.941,117.39,144.51,212.02,91.64,176.91,117.94
493,605224.634129,58.454,61,-129.209,29.142,68.838,131.574,116.412,146.99,213.08,93.42,177.97,116.92
494,605224.63722,56.826,61,-127.775,29.219,71.557,130.773,115.656,148.82,213.02,97.42,176.48,116.15
495,605224.641752,55.09,57,-126.705,29.228,73.687,128.756,114.327,150.4,213.1,100.26,174.27,114.94
496,605224.649971,53.114,55,-124.967,28.885,76.826,127.994,114.153,152.69,212.7,104.32,173.41,114.74
497,605224.653345,53.492,64,-124.097,29.115,77.435,130.158,113.305,153.87,212.97,105.24,176.27,113.9
498,605224.657764,52.633,64,-123.065,28.823,78.641,129.576,112.243,155.42,212.62,106.87,175.1,112.91
499,605224.666759,51.072,68,-122.29,27.46,81.116,129.095,112.069,156.37,210.68,110.44,174.8,112.61
500,605224.671169,50.707,67,-122.325,26.49,81.514,128.716,113.024,156.24,209.41,110.8,174.31,113.61
501,605224.679263,50.168,73,-122.569,25.712,81.856,127.794,114.023,155.93,208.36,111.22,173.17,114.63
502,605224.681821,49.861,75,-122.736,24.642,82.307,127.679,115.108,155.69,206.91,111.82,173.03,115.72
503,605224.685652,49.728,75,-123.242,23.759,82.457,127.561,116.139,155.03,205.72,112.01,172.95,116.74
504,605224.690924,49.413,75,-123.619,22.85,82.862,127.362,116.973,154.49,204.47,112.57,172.6,117.6
505,605224.693666,49.187,77,-124.123,22.188,83.14,127.205,117.867,153.8,203.57,112.92,172.39,118.51
506,605224.701632,48.919,75,-124.564,21.493,83.591,127.207,118.761,153.2,202.62,113.52,172.4,119.42
507,605224.705577,48.528,73,-124.98,20.979,84.232,127.191,119.481,152.64,201.92,114.38,172.37,120.16
508,605224.709544,48.195,68,-125.425,20.644,84.839,127.272,119.892,152.04,201.46,115.2,172.46,120.58
509,605224.712975,47.268,70,-125.876,20.233,85.892,126.579,120.299,151.26,200.82,116.63,171.52,120.88
510,605224.718724,46.82,62,-126.391,19.988,86.6,126.553,122.799,150.73,200.54,117.48,171.43,123.64
511,605224.72676,46.45,69,-127.198,19.315,87.027,126.311,125.213,149.65,199.65,118.08,171.33,125.92
512,605224.729662,47.192,69,-128.628,19.15,86.638,127.494,126.239,147.73,199.48,117.47,172.82,127.02
513,605224.73391,47.482,71,-129.387,19.147,86.231,127.595,127.263,146.7,199.44,116.91,172.89,128.04
514,605224.736807,47.727,67,-130.176,19.274,85.838,127.609,127.442,145.57,199.56,116.36,172.87,128.15
515,605224.75394,49.266,72,-131.752,21.179,83.42,127.838,125.066,143.49,202.2,113.04,173.2,125.81
516,605224.757238,49.967,72,-132.121,22.047,82.399,128.103,123.346,143.0,203.38,111.67,173.49,124.08
517,605224.761204,50.456,75,-132.091,22.923,81.868,128.589,121.369,143.08,204.58,111.01,174.02,122.07
518,605224.765941,50.956,74,-132.152,23.892,81.026,128.631,119.859,142.99,205.89,109.87,174.11,120.56
519,605224.770065,52.162,72,-132.448,25.079,79.021,128.817,118.542,142.64,207.5,107.21,174.33,119.15
520,605224.777672,53.633,66,-132.599,26.046,76.766,129.462,117.547,142.43,208.84,104.14,175.04,118.17
521,605224.781698,54.978,62,-132.452,27.289,74.565,129.928,116.555,142.6,210.52,101.14,175.76,117.16
522,605224.786185,56.519,59,-132.185,28.402,72.153,130.793,115.805,142.89,212.01,97.88,176.88,116.32
523,605224.789112,58.355,59,-132.554,29.258,69.631,132.717,115.383,142.61,213.24,94.58,179.16,115.89
524,605224.794316,59.539,53,-133.213,30.061,67.118,132.396,115.636,141.61,214.32,91.07,178.75,116.13
525,605224.797764,59.507,51,-132.637,30.729,65.325,128.736,113.508,142.5,215.39,88.82,174.11,114.23
526,605224.806503,60.306,61,-132.64,31.337,64.137,129.474,114.659,142.4,216.04,87.09,175.15,115.21
527,605224.810377,61.602,62,-132.776,31.701,62.54,131.498,115.844,142.23,216.62,84.75,177.78,116.32
528,605224.813085,62.281,68,-132.993,31.903,61.067,131.288,116.616,141.88,216.85,82.79,177.62,117.12
529,605224.818256,62.466,75,-133.605,31.778,60.93,131.803,118.325,141.04,216.68,82.56,178.35,118.83
530,605224.821358,62.621,66,-134.86,31.129,60.906,132.44,120.33,139.33,215.81,82.49,179.19,120.83
531,605224.834481,63.435,51,-135.766,30.331,59.52,133.092,123.394,138.26,214.9,80.56,179.3,123.75
532,605224.838696,64.113,53,-136.7,29.394,58.821,134.723,124.813,136.91,213.53,79.67,181.7,125.29
533,605224.841312,63.988,56,-137.161,28.65,58.38,133.119,125.653,136.26,212.52,79.0,180.12,126.14
534,605224.84653,63.901,61,-137.68,27.849,57.996,131.831,125.983,135.5,211.35,78.5,178.15,126.41
535,605224.853852,64.052,67,-137.478,27.615,58.013,132.583,126.318,135.88,211.15,78.53,178.92,126.82
536,605224.857737,63.384,67,-137.452,27.171,59.085,131.884,126.16,135.76,210.43,79.93,178.5,126.66
537,605224.861507,62.457,68,-137.768,26.579,60.855,131.603,125.827,135.31,209.58,82.33,178.2,126.38
538,605224.865052,60.59,71,-137.553,26.467,64.372,131.089,124.625,135.65,209.45,87.11,177.39,125.17
539,605224.870255,58.431,66,-137.075,26.116,68.799,131.413,123.45,136.31,208.93,93.18,177.69,124.02
540,605224.873566,56.458,56,-136.783,25.955,72.772,131.702,122.921,136.64,208.64,98.67,177.46,123.5
541,605224.881475,53.422,64,-136.554,25.137,77.234,129.605,122.168,136.99,207.56,104.59,175.32,122.89
542,605224.885917,51.868,60,-136.201,24.572,80.539,130.433,122.713,137.62,206.64,109.65,176.03,123.44
543,605224.889173,50.09,68,-135.386,24.126,83.18,129.649,122.916,138.64,206.2,112.66,175.47,123.68
544,605224.895149,48.507,76,-134.826,23.505,85.287,128.728,123.292,139.39,205.35,115.51,174.26,124.1
545,605224.897635,47.982,77,-134.267,22.942,86.108,128.641,123.725,140.12,204.56,116.66,174.19,124.58
546,605224.906196,47.886,75,-133.626,22.568,86.206,128.549,123.838,140.95,204.03,116.84,173.87,124.64
547,605224.910201,47.474,73,-132.905,22.025,86.287,127.658,123.789,141.95,203.31,116.9,172.86,124.56
548,605224.922738,49.55,74,-130.556,21.173,83.218,128.268,124.167,145.05,202.17,112.76,173.98,124.86
549,605224.931041,49.676,77,-129.589,20.971,82.61,127.659,123.449,146.4,201.92,112.02,172.97,124.15
550,605224.933362,49.91,73,-128.44,21.017,82.29,127.781,121.679,147.94,201.96,111.64,173.19,122.39
551,605224.938377,49.358,68,-127.349,20.98,82.99,127.416,120.697,149.38,201.92,112.6,172.79,121.31
552,605224.940816,49.466,63,-126.21,21.194,83.586,128.615,119.895,151.0,202.19,113.54,173.99,120.61
553,605224.946822,48.547,63,-124.782,21.62,84.792,128.084,118.163,152.97,202.92,115.26,173.17,118.72
554,605224.949416,47.983,61,-124.063,21.655,86.11,128.647,117.414,153.86,202.82,116.99,174.21,118.13
555,605224.957531,47.46,69,-123.855,21.901,86.188,127.477,117.298,154.17,203.17,117.07,172.77,117.99
556,605224.962257,47.178,80,-123.465,21.906,86.512,127.277,117.218,154.7,203.18,117.51,172.51,117.91
557,605224.964885,47.299,81,-123.475,22.171,86.315,127.277,117.044,154.68,203.54,117.24,172.5,117.74
558,605224.970406,47.399,76,-123.533,22.379,85.967,127.004,117.198,154.62,203.82,116.77,172.07,117.93
559,605224.972911,47.875,69,-123.429,22.728,85.629,127.66,116.501,154.73,204.27,116.35,172.91,117.15
560,605224.981359,48.683,60,-123.554,23.097,85.075,128.857,116.211,154.56,204.8,115.56,174.56,116.9
561,605224.985891,48.468,63,-124.075,23.292,84.857,127.982,116.15,153.95,205.12,115.3,173.44,116.94
562,605224.989323,48.666,75,-124.281,23.714,84.392,127.78,116.163,153.53,205.62,114.61,173.09,116.87
563,605225.005861,54.813,56,-126.123,24.701,74.636,129.519,119.185,151.12,207.0,101.39,175.45,119.71
564,605225.010389,57.791,69,-127.235,25.409,69.389,130.184,119.706,149.59,208.0,94.16,176.39,120.21
565,605225.013737,60.493,57,-127.694,26.215,65.333,132.649,119.05,149.01,209.09,88.77,179.4,119.54
566,605225.017415,60.895,53,-128.503,26.771,63.303,130.142,118.707,147.86,209.87,85.88,176.27,119.16
567,605225.022532,61.953,59,-129.562,27.32,62.466,132.853,117.351,146.55,210.65,84.8,179.48,117.82
568,605225.026178,61.188,67,-130.105,28.19,63.392,131.538,116.259,145.67,211.75,86.0,178.04,116.77
569,605225.033664,60.132,72,-131.194,28.815,65.096,130.715,115.966,144.24,212.63,88.29,176.8,116.5
570,605225.037287,58.361,72,-131.921,29.347,68.578,130.733,116.324,143.32,213.35,93.01,176.87,116.86
571,605225.041389,56.496,71,-133.172,29.058,72.086,130.59,118.015,141.63,212.94,97.72,176.67,118.61
572,605225.046528,55.482,65,-134.794,28.813,74.148,130.849,120.203,139.4,212.56,100.44,177.08,120.83
573,605225.048979,55.024,63,-135.766,28.546,75.332,131.416,122.239,138.22,212.36,101.98,177.44,122.78
574,605225.058551,54.577,59,-137.318,27.758,75.25,129.828,123.514,136.03,211.18,101.84,175.75,124.22
575,605225.061374,55.818,64,-138.466,27.669,73.714,131.205,125.752,134.44,211.05,99.68,177.84,126.46
576,605225.065486,56.849,67,-139.041,27.605,71.857,131.403,126.457,133.86,211.06,97.18,177.4,127.17
577,605225.069556,57.723,68,-139.654,27.303,69.752,130.62,126.573,132.89,210.63,94.34,176.56,127.24
578,605225.074721,59.39,69,-140.127,27.193,66.804,131.196,126.433,132.25,210.46,90.34,177.51,127.01
579,605225.08253,61.302,67,-139.948,27.027,63.26,131.74,125.529,132.45,210.21,85.58,178.21,126.08
580,605225.093979,64.839,58,-138.757,27.514,57.04,134.158,122.535,134.08,210.93,77.21,181.3,123.0
581,605225.098437,64.235,56,-137.671,28.228,57.528,132.345,121.847,135.44,211.79,77.95,178.84,122.35
582,605225.101802,63.634,59,-137.197,28.285,59.368,133.682,121.333,136.25,211.99,80.45,180.13,121.88
583,605225.10962,62.156,57,-136.67,28.538,61.717,132.138,120.896,136.89,212.28,83.58,178.75,121.42
584,605225.113912,60.674,63,-135.81,29.038,64.878,132.463,121.006,138.07,212.97,87.87,179.07,121.59
585,605225.117423,57.981,64,-135.597,28.442,69.671,131.405,122.344,138.37,212.14,94.36,177.72,122.94
586,605225.122787,55.44,74,-135.157,27.799,73.746,130.0,123.94,138.95,211.21,99.93,175.96,124.55
587,605225.125858,53.862,79,-134.808,27.136,76.479,129.682,125.297,139.38,210.32,103.52,175.64,125.96
588,605225.133589,52.999,81,-134.402,26.465,77.978,129.568,126.727,139.92,209.41,105.52,175.55,127.4
589,605225.13803,52.369,82,-133.943,25.731,78.866,129.167,127.427,140.53,208.44,106.68,175.03,128.07
590,605225.141509,51.757,68,-133.433,25.07,79.238,128.01,127.718,141.19,207.5,107.24,173.51,128.39
591,605225.145133,52.268,62,-132.973,24.579,78.804,128.772,126.507,141.8,206.81,106.73,174.38,127.17
592,605225.150422,51.757,66,-132.361,23.84,79.15,127.869,126.481,142.52,205.84,107.22,173.49,126.89
593,605225.158353,52.128,64,-132.333,22.618,78.853,128.448,125.609,142.68,204.18,106.77,173.93,126.2
594,605225.16148,51.853,63,-131.893,21.895,78.938,127.796,124.466,143.31,203.22,107.01,172.86,125.14
595,605225.165602,51.813,69,-131.037,21.561,79.361,128.367,124.061,144.47,202.75,107.59,173.79,124.73
596,605225.169103,51.105,72,-130.141,21.042,80.491,128.19,123.079,145.65,202.02,109.14,173.64,123.76
597,605225.186473,48.035,71,-128.175,19.615,85.03,127.161,120.178,148.34,200.06,115.43,172.23,120.88
598,605225.189791,47.531,80,-127.581,19.376,85.899,127.222,119.384,149.13,199.73,116.62,172.31,120.11
599,605225.19374,47.727,75,-127.205,19.477,85.585,127.234,119.037,149.64,199.87,116.2,172.33,119.76
600,605225.198478,48.501,67,-126.473,20.036,85.033,128.33,118.468,150.66,200.64,115.47,173.77,119.19
601,605225.201981,47.62,59,-125.884,20.145,85.523,126.881,119.409,151.38,200.75,116.15,171.81,120.09
602,605225.209864,48.337,63,-125.844,20.715,85.112,128.035,118.053,151.51,201.58,115.6,173.33,118.72
603,605225.213667,47.925,70,-125.489,21.029,85.744,127.956,117.646,151.95,201.97,116.46,173.28,118.34
604,605225.217483,47.809,72,-125.092,21.793,85.673,127.566,117.074,152.53,203.03,116.34,172.9,117.76
605,605225.221316,46.652,79,-124.829,22.154,87.505,127.478,117.459,152.89,203.48,118.94,172.69,118.17
606,605225.226439,45.139,80,-125.068,22.23,89.702,127.168,119.009,152.57,203.54,121.93,172.37,119.81
607,605225.234036,44.506,76,-125.097,22.5,90.89,127.443,119.922,152.53,203.96,123.4,172.77,120.68
608,605225.237444,44.265,68,-125.227,22.742,91.221,127.383,120.237,152.29,204.33,123.76,172.72,120.92
609,605225.241961,44.272,67,-125.82,23.002,90.731,126.713,120.225,151.54,204.66,123.12,171.82,120.99
610,605225.244776,45.234,71,-126.685,23.129,89.916,127.683,118.423,150.38,204.82,122.05,173.02,119.2
611,605225.250376,45.9,78,-126.756,23.569,88.811,127.619,117.846,150.23,205.45,120.51,172.73,118.7
612,605225.253794,47.658,75,-127.374,24.146,86.175,127.941,117.11,149.44,206.22,116.96,173.28,117.85
613,605225.266969,51.614,61,-127.957,25.209,79.452,127.951,115.177,148.69,207.67,107.86,173.16,115.88
614,605225.270439,55.185,56,-128.609,26.212,74.912,131.21,113.019,147.76,209.02,101.79,177.33,113.55
615,605225.273195,56.088,52,-128.954,26.619,72.53,129.999,111.428,147.48,209.61,98.76,175.23,111.94
616,605225.278827,56.419,62,-129.085,27.108,71.517,129.3,110.966,147.2,210.27,97.19,174.8,111.5
617,605225.285548,57.722,76,-129.263,28.109,69.551,130.237,111.048,146.88,211.62,94.49,176.0,111.57
618,605225.289424,57.84,68,-129.578,28.703,69.378,130.34,112.152,146.53,212.4,94.38,176.09,112.65
619,605225.294554,59.157,55,-131.07,29.486,68.39,133.394,115.859,144.38,213.5,92.81,180.15,116.42
620,605225.296983,58.952,56,-132.504,29.205,67.222,130.336,118.701,142.54,213.09,91.31,175.95,119.17
621,605225.303466,60.605,70,-132.73,29.749,64.255,130.909,122.18,142.18,213.93,87.03,177.25,122.69
622,605225.30659,63.007,69,-133.771,29.406,59.839,131.839,124.059,140.78,213.49,81.01,178.64,124.53
623,605225.313441,65.401,66,-134.189,29.535,55.529,133.399,124.271,140.21,213.68,75.19,180.52,124.71
624,605225.317936,67.418,62,-134.493,29.755,51.984,135.373,123.667,139.59,213.85,70.44,182.53,124.1
625,605225.321396,66.971,55,-136.234,29.276,51.434,131.477,122.468,137.37,213.38,69.56,178.16,123.08
626,605225.326428,65.952,67,-136.175,29.909,55.039,135.062,122.045,137.52,214.16,74.5,182.83,122.51
627,605225.329423,63.266,64,-137.183,30.091,59.319,131.862,121.743,136.08,214.34,80.28,178.3,122.32
628,605225.337382,61.12,71,-137.614,29.998,63.777,132.048,121.418,135.73,214.27,86.42,178.57,121.89
629,605225.341818,59.013,69,-138.669,29.431,67.917,131.916,121.846,134.17,213.46,91.87,178.37,122.48
630,605225.354356,56.078,66,-140.3,27.982,73.056,130.91,125.16,132.04,211.53,98.77,176.99,125.79
631,605225.363546,56.793,76,-140.779,26.676,71.663,130.853,127.308,131.29,209.71,96.81,177.06,128.0
632,605225.366943,58.413,64,-141.08,26.105,68.831,131.411,128.124,130.91,208.94,93.06,177.81,128.73
633,605225.369428,61.175,57,-140.216,26.188,65.222,135.275,127.788,132.07,209.08,88.17,183.07,128.34
634,605225.373389,61.963,58,-139.777,25.753,63.147,134.342,126.699,132.66,208.49,85.4,181.78,127.23
635,605225.378561,62.068,66,-138.998,25.417,62.467,133.356,125.454,133.68,207.99,84.56,180.41,126.01
636,605225.381825,60.714,76,-138.15,25.207,63.855,130.537,124.48,134.86,207.75,86.42,176.61,125.02
637,605225.389949,58.962,75,-138.135,24.738,67.224,130.378,125.005,134.93,207.07,91.1,176.29,125.62
638,605225.393585,55.898,60,-137.235,23.795,72.171,128.721,126.429,136.09,205.77,97.72,174.26,127.04
639,605225.39734,55.121,59,-137.161,23.424,74.489,130.262,127.228,136.18,205.28,100.8,176.39,127.86
640,605225.402459,52.437,61,-137.252,21.728,78.057,128.039,127.483,136.12,203.02,105.67,173.2,128.22
641,605225.405653,51.868,74,-136.734,21.477,79.329,128.472,129.076,136.75,202.63,107.31,174.03,129.79
642,605225.413817,51.296,81,-136.084,20.805,80.435,128.634,130.039,137.62,201.71,108.81,174.28,130.75
643,605225.417574,51.601,80,-135.399,20.128,80.041,128.861,130.609,138.58,200.78,108.38,174.66,131.31
644,605225.421233,52.541,78,-134.583,19.509,78.18,128.545,130.577,139.63,199.95,105.82,174.2,131.24
645,605225.425269,53.026,67,-133.381,19.38,76.935,127.916,129.935,141.15,199.74,104.21,173.31,130.5
646,605225.437648,53.962,63,-131.805,19.591,76.287,129.668,125.374,143.43,200.1,103.42,175.51,125.96
647,605225.443077,51.732,75,-130.233,19.558,79.583,128.497,122.954,145.52,200.0,107.97,173.85,123.63
648,605225.445587,49.714,76,-129.03,20.045,82.552,127.671,120.359,147.21,200.66,112.04,172.95,120.99
649,605225.449499,47.794,77,-128.367,19.85,85.65,127.493,119.028,148.02,200.41,116.11,172.66,119.85
650,605225.454529,45.791,81,-127.805,19.913,88.662,127.155,118.301,148.84,200.45,120.36,172.19,119.09
651,605225.457295,44.377,73,-126.951,20.154,91.036,127.366,117.662,150.0,200.77,123.61,172.48,118.49
652,605225.466302,43.156,70,-126.232,20.245,92.986,127.467,117.449,150.98,200.89,126.26,172.63,118.33
653,605225.469421,42.046,77,-126.12,20.014,94.38,127.092,117.915,151.14,200.6,128.12,172.13,118.78
654,605225.474349,42.362,69,-125.964,20.216,94.172,127.448,119.141,151.3,200.81,127.83,172.82,120.12
655,605225.479398,43.913,77,-126.046,20.451,91.357,126.816,121.936,151.15,201.17,123.96,171.8,122.87
656,605225.482399,46.655,74,-126.426,20.577,87.322,127.22,123.252,150.68,201.37,118.46,172.48,124.0
657,605225.490013,49.002,70,-126.613,20.686,83.581,127.403,123.01,150.42,201.53,113.42,172.7,123.69
658,605225.493961,52.073,66,-127.256,21.15,78.516,127.74,122.209,149.47,202.18,106.47,173.06,122.9
659,605225.497152,54.622,58,-127.243,21.666,75.059,129.643,120.233,149.56,202.84,101.98,175.61,120.83
660,605225.502944,55.577,56,-127.32,22.222,73.236,129.553,117.936,149.38,203.59,99.54,174.64,118.4
661,605225.506426,56.183,61,-127.922,23.24,72.342,129.986,116.968,148.63,205.01,98.25,175.83,117.51
662,605225.513545,55.984,64,-128.427,23.96,72.981,130.455,115.965,148.11,205.98,99.31,176.24,116.54
663,605225.522409,53.91,76,-130.016,25.635,75.936,128.911,115.704,145.81,208.25,103.04,174.44,116.41
664,605225.526559,53.092,79,-130.995,26.084,77.601,129.22,116.588,144.54,208.84,105.34,174.91,117.27
665,605225.530221,52.367,65,-131.994,26.598,78.34,128.3,119.174,143.1,209.55,106.19,173.91,119.76
666,605225.534388,53.866,59,-133.204,26.949,77.561,131.531,122.096,141.62,210.08,105.06,177.98,122.81
667,605225.541838,54.312,55,-134.692,26.585,75.778,129.898,124.637,139.54,209.59,102.59,175.94,125.29
668,605225.546138,56.169,64,-135.489,26.902,72.217,129.713,126.847,138.48,210.11,97.75,175.58,127.5
669,605225.549431,59.045,68,-136.331,27.328,67.261,130.763,127.775,137.29,210.62,90.98,177.12,128.33
670,605225.554608,61.7,71,-136.919,27.604,62.423,131.672,127.379,136.49,211.01,84.43,178.32,127.89
671,605225.557765,63.594,59,-137.7,28.147,58.608,131.781,125.854,135.36,211.71,79.29,178.15,126.4
672,605225.566402,64.66,64,-136.945,29.131,57.75,134.935,123.003,136.5,213.1,78.16,182.63,123.49
673,605225.569498,63.92,61,-137.387,29.619,58.723,133.574,120.447,135.86,213.72,79.53,180.43,120.98
674,605225.573286,62.781,61,-136.947,30.509,61.039,133.447,117.975,136.56,215.02,82.6,180.05,118.41
675,605225.577375,60.859,64,-136.876,30.802,64.86,133.192,116.488,136.66,215.31,87.87,180.24,117.02
676,605225.582844,58.421,69,-136.659,31.295,68.717,131.222,116.385,136.99,215.97,93.18,177.33,116.96
677,605225.590984,55.946,70,-136.327,31.263,73.68,131.578,118.039,137.3,215.89,99.81,177.77,118.71
678,605225.593171,54.438,60,-136.016,30.881,76.088,130.827,121.08,137.76,215.43,103.03,177.0,121.65
679,605225.598107,54.481,59,-137.033,29.947,76.182,131.13,122.904,136.42,214.15,103.08,177.53,123.6
680,605225.610414,59.061,53,-136.394,29.53,67.488,131.269,125.616,137.27,213.61,91.2,177.89,126.2
681,605225.618039,61.078,60,-135.04,29.702,64.227,132.806,123.829,139.07,213.86,86.99,179.37,124.3
682,605225.621815,62.068,59,-134.257,29.277,62.673,133.796,121.599,140.1,213.23,85.05,180.31,122.14
683,605225.625164,61.306,68,-133.167,29.112,63.476,132.205,119.567,141.5,213.02,86.01,178.7,120.14
684,605225.631137,59.952,75,-132.367,28.608,65.66,131.128,117.987,142.71,212.38,89.0,177.41,118.48
685,605225.633818,57.761,63,-131.861,27.975,69.193,129.707,117.234,143.33,211.46,93.82,175.63,117.77
686,605225.641838,54.961,52,-131.058,27.249,73.581,128.161,119.677,144.46,210.45,99.86,173.49,120.18
687,605225.645782,54.586,65,-131.606,26.19,75.736,130.696,121.532,143.7,209.04,102.64,177.01,122.14
688,605225.649396,53.32,77,-131.701,24.949,77.0,128.903,124.481,143.55,207.36,104.31,174.64,125.12
689,605225.653305,53.417,75,-132.106,23.402,76.761,128.797,126.48,142.99,205.25,103.98,174.52,127.11
690,605225.657815,54.907,64,-132.033,22.433,75.231,130.857,127.474,143.1,203.98,101.87,177.28,128.03
691,605225.665928,55.44,65,-132.686,21.211,73.913,130.297,127.79,142.21,202.29,100.17,175.79,128.24
692,605225.669562,55.656,72,-132.91,20.211,72.983,129.365,127.041,141.92,200.95,98.89,175.16,127.62
693,605225.673708,55.613,80,-133.455,19.381,72.919,129.109,125.812,141.14,199.79,98.8,174.8,126.43
694,605225.677009,54.87,72,-134.13,18.89,74.476,129.427,124.459,140.3,199.12,100.95,175.13,125.1
695,605225.694563,50.091,77,-135.048,18.182,82.193,128.112,126.594,139.07,198.13,111.33,173.52,127.3
696,605225.698289,49.045,72,-135.624,17.594,83.937,128.058,129.119,138.35,197.32,113.75,173.52,129.78
697,605225.700991,49.59,63,-135.705,17.789,84.179,129.856,130.046,138.15,197.59,113.94,175.91,130.8
698,605225.707145,49.456,67,-135.909,17.782,83.919,129.101,130.807,137.79,197.54,113.48,174.78,131.65
699,605225.709843,49.572,78,-136.056,18.242,83.151,128.222,130.729,137.67,198.21,112.52,173.72,131.49
700,605225.718128,50.581,77,-136.256,18.651,81.449,128.268,130.327,137.39,198.77,110.22,173.77,131.07
701,605225.721463,52.016,62,-135.756,19.508,78.98,128.33,128.917,138.07,199.99,106.86,173.8,129.53
702,605225.726183,53.358,60,-135.9,20.303,77.682,130.163,126.45,137.8,201.0,105.28,175.44,127.21
703,605225.729022,52.875,68,-135.413,21.08,77.928,129.115,123.956,138.61,202.13,105.58,174.7,124.66
704,605225.733923,52.358,70,-134.863,22.197,78.755,128.954,121.753,139.4,203.61,106.74,174.64,122.35
705,605225.742803,52.345,79,-134.589,22.886,78.802,128.992,120.602,139.7,204.53,106.81,174.52,121.29
706,605225.746108,52.89,78,-134.034,23.74,78.189,129.591,119.89,140.39,205.66,106.02,175.13,120.58
707,605225.749604,52.508,62,-133.531,24.683,78.147,128.394,119.762,141.1,206.97,105.93,173.73,120.45
708,605225.753566,53.315,64,-133.261,25.366,78.14,130.798,118.377,141.62,207.9,105.96,176.49,119.19
709,605225.758775,53.237,72,-132.686,26.391,77.97,130.276,117.456,142.26,209.28,105.74,176.18,118.12
710,605225.761553,53.083,77,-132.652,27.007,77.877,129.653,117.641,142.31,210.12,105.58,175.5,118.3
711,605225.775054,54.385,65,-132.526,27.774,76.138,130.746,118.638,142.49,211.18,103.22,176.92,119.28
712,605225.778734,55.197,64,-132.182,28.297,74.415,130.38,118.829,142.97,211.9,100.98,175.99,119.48
713,605225.781476,56.282,69,-132.208,28.723,72.66,130.894,118.587,142.91,212.49,98.49,177.21,119.17
714,605225.786464,57.353,69,-131.777,29.286,70.101,129.946,119.128,143.46,213.28,94.94,175.94,119.72
715,605225.793897,59.141,71,-131.538,29.208,66.9,130.43,119.576,143.85,213.14,90.81,176.54,120.07
716,605225.797882,61.331,64,-132.16,29.515,62.976,131.27,119.927,142.93,213.6,85.34,177.7,120.44
717,605225.801562,62.977,57,-131.033,30.012,60.813,133.847,118.942,144.47,214.28,82.45,181.19,119.41
718,605225.805302,63.679,55,-130.287,30.656,59.662,134.554,117.818,145.49,215.16,80.91,182.14,118.27
719,605225.811105,61.737,60,-130.218,31.008,62.223,131.407,117.712,145.72,215.73,84.41,177.4,118.13
720,605225.813243,59.942,77,-130.615,30.688,65.36,130.492,118.536,145.05,215.22,88.55,176.58,119.06
721,605225.822003,58.924,77,-131.236,30.615,67.465,130.701,119.552,144.21,215.08,91.43,176.98,120.09
722,605225.825494,57.338,65,-131.744,29.853,70.228,130.13,120.987,143.65,214.08,95.27,176.05,121.42
723,605225.829923,57.618,61,-132.256,29.83,70.875,132.338,122.025,142.84,214.02,95.99,179.25,122.59
724,605225.834316,56.799,64,-133.23,28.812,71.671,130.888,124.48,141.52,212.74,97.31,176.9,125.07
725,605225.837622,57.094,68,-134.099,27.932,71.152,130.971,125.957,140.41,211.49,96.37,177.05,126.56
726,605225.845795,57.474,73,-134.993,27.3,69.981,130.155,126.981,139.1,210.58,94.69,176.32,127.55
727,605225.849483,58.551,72,-135.406,26.561,68.384,131.071,126.925,138.54,209.57,92.55,177.53,127.47
728,605225.857732,59.218,59,-137.116,24.935,66.613,130.162,124.838,136.25,207.36,90.19,176.14,125.38
729,605225.863513,59.921,62,-137.239,25.058,66.77,133.224,123.513,136.09,207.52,90.39,180.27,124.07
730,605225.870385,58.237,65,-137.407,24.675,69.134,131.333,121.985,135.9,206.97,93.71,177.49,122.63
731,605225.873512,56.597,74,-137.578,24.227,71.763,130.355,121.406,135.7,206.36,97.29,176.25,122.0
732,605225.877727,54.15,71,-137.742,23.536,76.156,130.035,122.928,135.36,205.38,103.13,175.78,123.66
733,605225.88157,52.964,64,-137.838,22.867,79.076,131.287,125.125,135.31,204.51,107.03,177.63,125.84
734,605225.886894,50.988,74,-137.943,22.119,81.378,129.278,127.677,135.23,203.51,110.08,174.87,128.53
735,605225.889405,50.653,77,-137.783,21.496,81.656,128.791,130.414,135.34,202.63,110.41,174.45,131.18
736,605225.897784,51.484,66,-137.939,20.932,80.371,129.062,131.925,135.25,201.87,108.84,174.95,132.51
737,605225.901626,53.505,65,-137.293,21.158,77.723,130.682,131.292,136.01,202.22,105.13,176.9,131.94
738,605225.905202,55.004,63,-136.937,21.329,74.865,130.534,130.011,136.46,202.43,101.29,176.8,130.64
739,605225.910862,55.651,71,-136.386,21.655,73.384,130.06,127.841,137.19,202.86,99.38,175.85,128.47
740,605225.913644,55.488,73,-135.65,22.092,73.306,129.384,125.012,138.22,203.47,99.28,175.15,125.64
741,605225.921767,53.494,62,-134.222,22.405,76.443,128.496,123.997,140.15,203.88,103.59,173.97,124.63
742,605225.925984,52.149,63,-134.335,22.195,78.822,128.455,123.169,140.08,203.66,106.85,173.84,123.96
743,605225.929293,50.516,82,-133.53,22.568,81.784,128.619,124.164,141.11,204.1,110.78,174.18,124.89
744,605225.93321,49.257,81,-132.91,22.292,83.974,128.664,124.829,141.94,203.71,113.76,174.27,125.58
745,605225.946533,50.083,66,-132.73,22.2,83.197,129.656,125.928,142.18,203.59,112.74,175.43,126.69
746,605225.950676,50.927,74,-132.456,22.752,81.172,128.781,124.395,142.55,204.35,110.01,174.3,125.05
747,605225.953407,51.757,76,-132.227,23.206,79.817,128.944,122.492,142.8,204.88,108.35,174.23,123.13
748,605225.957535,52.614,67,-132.029,23.69,78.98,130.077,120.414,143.0,205.53,107.2,175.49,121.1
749,605225.962635,52.608,70,-132.026,24.131,78.839,129.827,119.926,143.14,206.22,106.88,175.78,120.58
750,605225.970692,52.071,78,-131.631,24.312,79.18,128.813,120.142,143.68,206.47,107.35,174.39,120.81
751,605225.973731,52.352,65,-132.072,24.736,78.821,129.043,120.406,143.04,207.03,106.83,174.79,121.08
752,605225.977308,52.489,67,-130.841,25.157,79.532,130.611,119.058,144.75,207.61,107.87,176.79,119.72
753,605225.98143,51.878,76,-131.039,25.555,79.495,128.771,118.898,144.49,208.16,107.8,174.33,119.57
754,605225.98653,52.358,80,-131.415,25.302,78.787,129.007,120.131,143.97,207.82,106.82,174.67,120.8
755,605225.9898,52.753,63,-131.594,25.429,77.335,127.775,121.582,143.78,207.98,104.93,173.14,122.1
756,605225.997746,55.094,62,-132.106,25.723,74.923,130.93,120.596,143.03,208.4,101.56,177.26,121.2
757,605226.002299,55.787,76,-131.914,26.096,72.781,129.441,120.075,143.3,208.92,98.67,175.23,120.66
758,605226.006031,58.031,76,-132.247,26.289,69.068,130.449,120.271,142.87,209.18,93.7,176.57,120.79
759,605226.009216,60.665,59,-131.824,26.631,65.186,133.054,119.419,143.45,209.7,88.41,179.89,119.9
760,605226.014665,61.863,63,-132.295,26.902,62.92,133.425,118.258,142.68,210.01,85.37,179.96,118.75
761,605226.02212,61.102,75,-131.995,27.171,63.278,130.945,117.042,143.2,210.43,85.82,176.97,117.54
762,605226.034328,57.321,57,-134.093,26.761,70.41,130.406,118.846,140.47,209.91,95.51,176.39,119.53
763,605226.038116,55.724,74,-133.885,27.373,73.38,130.297,122.328,140.61,210.64,99.4,176.35,122.94
764,605226.04176,55.927,72,-134.426,27.268,72.821,129.981,124.531,139.9,210.51,98.61,176.03,125.14
765,605226.050148,57.985,62,-135.134,26.951,69.75,131.57,125.89,139.02,210.1,94.55,178.06,126.43
766,605226.054245,60.17,53,-136.466,26.875,65.875,132.432,127.01,137.24,210.12,89.17,179.08,127.43
767,605226.057379,61.397,62,-135.532,27.402,63.82,133.31,125.412,138.38,210.7,86.46,180.35,125.95
768,605226.062443,61.002,75,-135.825,27.365,63.739,131.483,124.743,137.96,210.66,86.29,177.93,125.27
769,605226.065559,60.507,74,-136.276,26.967,64.814,131.65,124.539,137.41,210.15,87.74,178.13,125.08
770,605226.074337,59.402,59,-136.09,27.417,66.338,130.327,124.194,137.64,210.76,89.77,176.44,124.71
771,605226.077536,58.696,61,-137.126,26.553,68.551,131.935,124.259,136.23,209.57,92.83,177.9,124.85
772,605226.081883,57.53,67,-137.545,26.223,70.4,131.134,125.044,135.68,209.1,95.25,177.52,125.64
773,605226.085619,56.738,70,-137.917,25.658,71.552,130.459,126.235,135.28,208.36,96.85,176.75,126.75
774,605226.090693,56.217,75,-138.263,25.214,72.511,130.404,126.95,134.78,207.74,98.19,176.34,127.55
775,605226.09862,56.611,63,-138.078,25.222,72.269,131.32,127.393,135.03,207.81,97.7,177.84,128.04
776,605226.101438,57.099,58,-138.7,24.615,72.255,133.018,127.454,134.14,206.92,97.79,179.74,128.11
777,605226.105844,56.763,69,-139.087,24.098,72.038,131.432,127.199,133.63,206.22,97.46,177.79,127.84
778,605226.118412,55.77,68,-139.532,23.45,73.89,131.358,125.06,133.02,205.31,99.99,177.68,125.72
779,605226.126027,54.094,59,-139.826,22.679,76.042,129.665,125.009,132.71,204.25,103.09,175.18,125.74
780,605226.129469,52.846,73,-139.39,22.854,77.964,129.086,126.097,133.18,204.38,105.64,174.49,126.88
781,605226.133626,52.403,75,-139.27,22.555,79.001,129.488,126.991,133.37,204.05,106.92,175.21,127.76
782,605226.138279,52.519,63,-139.355,22.397,79.135,130.05,127.768,133.22,203.84,107.05,175.9,128.51
783,605226.140974,52.63,65,-138.924,21.982,78.57,129.45,126.389,133.84,203.32,106.31,175.22,127.14
784,605226.149822,53.599,69,-138.65,22.572,77.183,130.063,126.668,134.21,204.0,104.67,175.59,127.36
785,605226.1539,53.882,83,-138.101,22.758,76.365,129.553,125.723,134.95,204.33,103.43,175.3,126.45
786,605226.158287,53.623,64,-137.388,22.778,76.751,129.406,125.615,135.89,204.33,104.1,175.24,126.14
787,605226.161328,54.294,64,-137.206,22.676,76.442,130.976,125.82,136.22,204.32,103.53,176.93,126.44
788,605226.166636,53.707,74,-136.403,23.036,76.702,129.583,125.51,137.22,204.75,103.83,175.43,126.18
789,605226.174607,53.522,78,-135.647,23.118,77.135,129.744,124.884,138.25,204.86,104.45,175.65,125.55
790,605226.177394,54.288,68,-134.963,23.736,76.474,131.014,124.197,139.15,205.69,103.57,177.19,124.78
791,605226.182464,54.824,66,-134.622,23.778,75.664,131.339,122.949,139.6,205.71,102.6,177.6,123.62
792,605226.184847,54.119,73,-134.13,24.291,75.977,129.629,121.862,140.36,206.48,102.93,175.62,122.46
793,605226.202456,51.616,76,-132.212,25.136,80.189,129.143,123.374,142.88,207.6,108.63,174.94,124.06
794,605226.205371,51.364,72,-131.953,25.434,80.446,128.844,124.807,143.25,207.99,109.01,174.57,125.47
795,605226.209932,52.466,65,-131.042,26.124,79.807,130.995,124.271,144.44,208.96,108.08,177.4,124.94
796,605226.215061,52.422,74,-131.319,26.323,78.905,129.386,124.246,144.09,209.21,106.93,175.16,124.92
797,605226.216966,53.097,81,-131.369,26.783,77.636,129.292,122.723,144.02,209.84,105.2,175.15,123.37
798,605226.225776,52.703,66,-130.856,27.175,77.918,128.589,121.569,144.71,210.31,105.87,174.16,121.98
799,605226.22986,54.159,66,-131.573,27.509,76.7,130.99,120.175,143.76,210.82,103.96,177.39,120.8
800,605226.233567,54.471,81,-131.792,27.654,75.631,130.148,120.366,143.45,211.01,102.52,176.15,120.98
801,605226.237485,55.72,67,-131.861,27.988,74.246,131.819,119.952,143.35,211.45,100.65,178.33,120.52
802,605226.242035,56.1,66,-132.148,28.079,73.272,131.371,119.046,142.87,211.55,99.4,177.34,119.71
803,605226.246318,56.21,73,-132.499,28.282,72.721,130.759,118.489,142.56,211.89,98.59,177.04,119.05
804,605226.25497,56.409,75,-132.86,27.951,72.462,130.972,118.258,142.04,211.43,98.24,177.21,118.85
805,605226.257423,56.704,66,-133.534,27.986,72.241,131.596,118.237,141.09,211.46,97.96,177.86,118.85
806,605226.261575,56.531,72,-133.925,27.961,72.147,130.825,118.57,140.6,211.44,97.83,176.73,119.19
807,605226.26696,57.364,68,-134.819,27.88,70.215,130.198,120.157,139.4,211.37,95.14,176.05,120.75
808,605226.269556,59.185,62,-134.579,27.952,68.15,133.036,120.392,139.7,211.44,92.39,179.62,120.9
809,605226.283766,60.014,78,-135.132,27.973,65.58,131.216,120.538,139.0,211.54,88.83,177.43,121.04
810,605226.28707,60.204,66,-135.652,27.564,65.534,131.881,121.65,138.33,211.02,88.75,178.19,122.14
811,605226.289346,61.128,62,-136.531,26.978,64.93,134.472,122.75,137.09,210.16,87.94,181.7,123.31
812,605226.294614,60.722,71,-136.916,26.781,64.644,132.182,123.408,136.52,209.88,87.5,178.94,123.94
813,605226.301495,61.648,78,-137.096,26.674,62.839,132.325,124.456,136.3,209.76,85.05,179.05,124.96
814,605226.30554,62.706,65,-137.061,26.352,61.297,133.675,124.754,136.25,209.26,82.98,180.65,125.26
815,605226.309459,63.282,64,-137.468,26.162,60.191,133.877,124.618,135.75,209.05,81.46,181.17,125.13
816,605226.313483,62.653,66,-137.423,26.085,60.907,132.588,124.212,135.88,208.94,82.56,179.04,124.71
817,605226.319059,61.172,71,-137.926,25.495,63.703,132.115,125.026,135.17,208.15,86.2,178.78,125.56
818,605226.322494,59.941,68,-138.64,24.975,66.314,132.393,126.225,134.22,207.43,89.76,178.8,126.84
819,605226.329778,58.13,72,-139.259,24.456,69.054,130.784,127.594,133.44,206.7,93.49,176.59,128.21
820,605226.334062,57.106,71,-139.65,23.843,70.776,130.323,129.672,132.84,205.88,95.68,176.52,130.25
821,605226.337331,56.678,68,-139.855,23.313,71.729,130.574,130.952,132.61,205.11,97.08,176.91,131.53
822,605226.345641,55.791,66,-140.289,22.539,73.146,130.102,131.344,131.95,204.06,98.91,175.93,131.97
823,605226.354339,55.621,79,-140.509,22.232,73.533,130.225,131.463,131.66,203.66,99.37,176.36,132.11
824,605226.357359,55.111,71,-140.753,22.054,74.051,129.463,130.848,131.35,203.36,100.23,175.27,131.54
825,605226.366254,54.284,72,-141.371,21.145,76.097,130.356,129.683,130.54,202.24,103.07,176.01,130.41
826,605226.371053,53.381,81,-141.169,20.769,77.329,129.639,129.236,130.82,201.67,104.54,175.51,129.93
827,605226.37802,52.628,77,-140.938,20.498,78.751,129.739,128.577,131.11,201.28,106.5,175.54,129.32
828,605226.381788,52.822,64,-140.867,20.415,78.556,129.997,128.422,131.21,201.18,106.3,175.24,129.31
829,605226.385383,53.622,72,-141.029,20.192,77.548,130.747,127.228,130.97,200.87,104.88,176.84,127.97
830,605226.389374,53.629,79,-140.779,20.574,77.097,130.01,125.499,131.35,201.39,104.33,175.82,126.21
831,605226.394403,53.409,76,-140.412,20.742,77.502,130.016,124.572,131.83,201.59,104.98,175.4,125.32
832,605226.398293,52.955,69,-140.235,20.773,78.52,130.337,124.892,132.12,201.68,106.29,176.12,125.65
833,605226.405599,51.737,81,-139.385,21.058,79.987,129.164,125.533,133.24,202.06,108.25,174.66,126.3
834,605226.410504,51.703,77,-138.828,21.359,80.261,129.508,126.202,134.02,202.43,108.73,175.21,126.89
835,605226.412927,52.749,69,-138.129,22.055,79.22,130.876,126.045,134.91,203.36,107.31,176.93,126.71
836,605226.418976,53.36,73,-137.356,22.652,77.59,130.012,125.573,135.97,204.24,105.04,175.88,126.26
837,605226.421612,53.526,79,-136.787,23.27,76.951,129.448,124.673,136.76,205.09,104.15,175.35,125.34
838,605226.430094,54.3,65,-136.039,24.027,76.478,131.058,124.287,137.73,206.09,103.61,177.08,124.9
839,605226.433901,53.614,74,-135.075,24.516,76.693,129.282,124.174,139.07,206.81,103.86,175.01,124.86
840,605226.437745,54.0,80,-134.276,25.25,76.451,130.066,124.054,140.07,207.74,103.58,175.9,124.73
841,605226.441075,54.393,68,-133.407,26.016,76.264,130.987,123.233,141.27,208.8,103.31,177.35,123.87
842,605226.459203,54.947,66,-131.79,28.167,75.637,131.694,119.508,143.47,211.72,102.53,178.26,120.12
843,605226.461579,54.263,73,-131.426,28.684,76.186,130.44,120.3,144.14,212.46,103.22,176.21,121.09
844,605226.465743,53.744,70,-130.428,29.054,76.855,129.956,120.527,145.3,212.91,104.18,176.08,121.14
845,605226.470344,54.473,66,-130.027,29.724,75.912,130.638,120.193,145.85,213.83,102.89,176.83,120.74
846,605226.477547,54.645,80,-129.789,30.273,75.266,130.074,120.514,146.2,214.61,102.02,176.14,121.12
847,605226.481581,54.858,77,-129.619,30.132,74.875,130.079,120.411,146.39,214.4,101.48,176.25,121.01
848,605226.485563,55.906,66,-129.954,30.345,73.943,131.911,119.573,145.91,214.65,100.21,178.61,120.09
849,605226.489144,56.15,75,-129.821,30.64,72.593,130.322,119.657,146.13,215.11,98.39,176.53,120.23
850,605226.49429,57.714,75,-129.984,30.47,70.08,131.198,119.663,145.87,214.85,95.02,177.57,120.19
851,605226.498244,59.295,64,-130.233,30.581,67.783,132.746,118.91,145.49,214.99,91.93,179.45,119.43
852,605226.505733,59.326,68,-130.421,30.54,67.122,131.571,117.825,145.34,214.99,91.02,178.03,118.36
853,605226.509961,58.709,74,-130.839,30.018,68.224,131.355,117.49,144.74,214.24,92.53,177.69,118.01
854,605226.513853,58.547,65,-131.577,29.693,69.058,132.346,117.654,143.76,213.81,93.63,179.13,118.2
855,605226.516772,57.816,70,-132.315,29.199,69.809,131.063,119.013,142.85,213.19,94.65,177.14,119.6
856,605226.523431,58.573,68,-133.493,28.532,68.144,130.69,121.456,141.1,212.23,92.31,176.79,122.06
857,605226.529588,60.013,63,-133.274,28.403,66.537,133.128,121.743,141.45,212.05,90.24,180.1,122.28
858,605226.534374,59.915,76,-133.971,28.12,65.579,130.821,122.304,140.53,211.73,88.83,177.03,122.81
859,605226.546619,60.294,68,-137.073,26.314,64.968,131.103,124.749,136.32,209.26,87.92,177.42,125.28
860,605226.549847,61.18,74,-138.404,25.235,63.74,132.224,126.209,134.46,207.75,86.26,178.79,126.75
861,605226.558725,62.322,65,-139.017,24.853,62.55,134.66,126.58,133.77,207.34,84.66,181.86,127.09
862,605226.561648,62.103,69,-140.185,24.388,62.385,133.336,126.561,132.09,206.63,84.36,180.45,127.1
863,605226.565502,60.855,74,-141.133,23.808,64.23,131.884,127.004,130.85,205.82,86.93,178.36,127.56
864,605226.570278,60.627,64,-142.212,23.111,65.64,133.826,127.909,129.34,204.86,88.79,180.54,128.52
865,605226.573616,58.963,70,-143.631,22.296,67.696,131.297,128.918,127.49,203.81,91.47,177.75,129.57
866,605226.582552,58.065,72,-144.299,21.89,69.179,130.786,130.68,126.56,203.21,93.43,176.93,131.32
867,605226.585572,58.182,63,-144.513,21.703,69.872,132.528,131.592,126.27,202.88,94.49,178.97,132.14
868,605226.589942,58.099,64,-144.859,21.743,70.346,133.117,131.98,125.76,202.97,95.0,179.91,132.64
869,605226.593179,57.176,78,-145.598,21.333,71.127,131.214,132.58,124.81,202.45,96.01,177.55,133.24
870,605226.59778,56.865,78,-146.072,20.803,71.503,130.813,132.523,124.25,201.77,96.56,176.75,133.23
871,605226.606213,57.703,59,-146.79,20.563,71.576,133.96,132.552,123.19,201.36,96.64,180.97,133.18
872,605226.610055,56.083,71,-146.701,20.379,72.631,130.165,131.907,123.38,201.18,98.08,175.82,132.57
873,605226.613886,56.092,78,-146.439,20.443,73.241,131.289,131.552,123.7,201.23,98.88,177.57,132.25
874,605226.617211,55.916,66,-146.097,20.663,74.059,132.152,130.822,124.18,201.54,100.02,178.57,131.52
875,605226.625128,55.3,74,-145.66,20.745,74.594,131.033,128.481,124.8,201.65,100.8,177.04,129.2
876,605226.634989,54.56,68,-145.033,21.23,75.73,130.601,127.828,125.67,202.31,102.38,176.34,128.6
877,605226.637568,53.998,72,-144.489,21.242,76.976,130.954,127.868,126.35,202.3,104.02,177.08,128.62
878,605226.64156,53.011,75,-143.45,21.551,78.132,129.86,128.527,127.74,202.72,105.58,175.63,129.3
879,605226.649498,53.472,71,-141.204,22.499,77.686,130.517,128.026,130.77,203.91,105.26,176.34,128.86
880,605226.658006,53.516,78,-140.065,22.986,77.233,129.891,127.387,132.32,204.69,104.43,175.86,128.08
881,605226.661505,53.971,61,-138.693,23.603,76.733,130.455,127.141,134.18,205.53,103.81,176.44,127.86
882,605226.665808,54.291,75,-137.552,23.939,76.075,130.339,126.379,135.68,205.98,102.93,176.46,127.05
883,605226.669212,54.292,75,-135.947,24.622,76.285,130.704,125.412,137.82,206.89,103.31,176.73,126.08
884,605226.673313,54.349,66,-134.934,25.157,76.471,131.203,124.258,139.31,207.66,103.61,177.04,125.02
885,605226.681743,53.704,77,-133.866,25.551,76.927,129.954,123.012,140.67,208.15,104.27,175.87,123.63
886,605226.685771,53.45,71,-132.941,26.255,77.834,130.697,121.795,141.93,209.13,105.48,176.82,122.44
887,605226.690341,52.734,77,-132.377,26.555,78.642,129.875,122.265,142.66,209.52,106.53,175.93,122.93
888,605226.692922,52.861,79,-131.298,26.88,78.275,129.649,123.215,144.12,209.97,106.04,175.66,123.87
889,605226.698467,53.75,66,-130.198,27.549,77.763,131.511,122.806,145.6,210.88,105.38,178.18,123.43
890,605226.701786,53.029,84,-129.762,27.891,77.802,129.365,122.455,146.21,211.37,105.43,175.26,123.06
891,605226.70961,53.085,72,-129.642,27.933,77.859,129.628,122.051,146.35,211.41,105.55,175.46,122.73
892,605226.717896,53.898,80,-129.836,28.437,76.525,129.875,121.55,146.13,212.12,103.74,175.82,122.15
893,605226.723417,55.201,67,-129.822,28.69,74.589,130.698,121.077,146.13,212.45,101.13,176.75,121.73
894,605226.725175,56.051,68,-130.356,29.054,73.291,131.237,119.649,145.4,212.94,99.35,177.76,120.22
895,605226.734746,55.913,77,-130.846,28.93,73.131,130.484,118.52,144.75,212.76,99.2,176.47,119.11
896,605226.737286,56.136,68,-131.624,28.873,73.228,131.418,117.581,143.71,212.68,99.35,177.55,118.14
897,605226.741859,55.486,76,-132.245,28.776,73.657,129.997,117.953,142.86,212.54,99.89,175.71,118.56
898,605226.745529,56.626,67,-132.67,28.563,72.23,131.304,118.832,142.28,212.24,97.96,177.54,119.39
899,605226.750922,57.072,64,-133.646,28.112,70.647,129.964,118.635,141.05,211.67,95.88,175.66,119.26
900,605226.753263,58.012,79,-134.213,28.374,69.476,131.153,119.943,140.18,212.03,94.1,177.48,120.54
901,605226.762317,58.888,68,-135.229,27.656,68.324,132.227,120.901,138.92,211.13,92.58,178.57,121.4
902,605226.765313,59.69,68,-136.336,27.42,67.002,132.765,121.27,137.29,210.71,90.76,179.46,121.84
903,605226.76978,60.485,81,-137.254,27.035,64.996,131.933,122.453,136.03,210.2,87.99,178.34,123.04
904,605226.775017,62.209,70,-137.599,26.73,62.371,133.772,122.821,135.63,209.83,84.42,181.03,123.35
905,605226.77731,62.78,69,-138.574,26.509,60.952,133.255,122.562,134.26,209.49,82.52,180.11,123.07
906,605226.786649,62.282,72,-139.389,25.814,61.741,132.742,123.143,133.22,208.59,83.56,179.45,123.66
907,605226.790156,62.019,68,-140.363,25.374,62.518,133.252,123.722,131.87,207.94,84.6,180.05,124.25
908,605226.793448,61.389,72,-141.448,24.944,63.343,132.278,125.36,130.42,207.38,85.66,178.94,125.92
909,605226.801824,62.235,60,-141.691,24.709,62.916,135.059,128.29,130.08,207.06,85.11,182.17,128.82
910,605226.809965,60.463,70,-142.573,24.051,64.647,131.134,129.408,128.91,206.22,87.33,177.39,129.95
911,605226.813467,60.136,75,-142.984,23.392,65.414,131.367,130.854,128.36,205.27,88.44,177.68,131.44
912,605226.817987,61.029,64,-143.889,22.977,65.238,134.685,131.87,127.03,204.65,88.11,182.06,132.43
913,605226.821365,60.034,69,-144.049,22.546,65.998,132.134,132.548,126.84,204.08,89.09,178.98,133.15
914,605226.826863,59.908,70,-143.909,22.587,66.525,132.682,132.627,127.06,204.15,89.86,179.31,133.18
915,605226.829784,59.546,67,-144.439,22.149,67.375,132.93,132.409,126.34,203.56,90.95,179.92,133.01
916,605226.838373,58.44,74,-144.541,21.831,68.841,131.531,131.596,126.26,203.14,92.99,178.03,132.18
917,605226.841755,57.574,67,-144.919,21.763,70.838,132.109,131.082,125.7,202.98,95.7,178.46,131.69
918,605226.845126,55.907,72,-144.87,21.333,73.405,130.955,131.459,125.78,202.43,99.19,176.79,132.15
919,605226.850387,54.768,76,-144.372,21.302,75.554,130.967,131.875,126.55,202.39,102.17,177.07,132.53
920,605226.854362,54.61,63,-143.944,21.36,76.731,132.49,132.106,127.02,202.42,103.65,179.09,132.8
921,605226.861729,53.451,85,-143.844,20.79,77.439,130.039,132.433,127.19,201.69,104.57,176.02,133.17
922,605226.865849,54.173,64,-143.847,20.639,77.183,131.859,132.36,127.14,201.45,104.24,178.27,133.07
923,605226.870217,53.63,75,-143.409,20.69,77.245,130.261,131.929,127.82,201.59,104.37,176.11,132.66
924,605226.873251,53.766,77,-142.749,20.511,77.139,130.504,130.795,128.7,201.34,104.27,176.43,131.52
925,605226.886619,53.844,76,-141.819,20.731,76.961,130.445,127.961,129.95,201.62,104.08,176.38,128.69
926,605226.89113,53.465,70,-141.163,21.014,77.748,130.602,126.041,130.82,201.98,105.19,176.61,126.78
927,605226.893427,52.517,80,-140.556,21.26,79.019,129.852,125.803,131.73,202.36,106.93,175.42,126.6
928,605226.902216,51.831,74,-138.282,21.875,80.605,130.434,126.07,134.77,203.2,109.13,176.19,126.82
929,605226.905403,51.693,85,-137.74,21.771,80.079,129.187,126.612,135.43,203.01,108.37,174.88,127.35
930,605226.914524,52.984,72,-137.132,21.944,78.738,130.786,126.382,136.24,203.26,106.56,177.07,127.08
931,605226.917273,52.966,83,-136.731,22.745,77.924,129.379,126.238,136.79,204.36,105.45,175.24,126.93
932,605226.921788,53.996,74,-135.872,23.17,76.714,130.503,125.475,137.94,204.9,104.02,176.16,126.09
933,605226.927432,54.27,67,-135.793,24.091,76.597,131.167,124.389,138.06,206.18,103.76,177.31,125.08
934,605226.930129,53.771,79,-135.441,24.688,76.763,129.885,123.323,138.54,206.99,103.97,175.8,123.99
935,605226.937801,53.621,72,-135.442,24.912,76.982,129.793,121.967,138.52,207.28,104.26,175.78,122.66
936,605226.941929,53.584,80,-135.229,26.115,77.0,129.708,122.269,138.83,208.93,104.28,175.56,122.94
937,605226.946154,54.758,70,-134.481,26.419,75.836,131.424,121.806,139.84,209.24,103.01,177.55,122.46
938,605226.948827,54.124,71,-134.119,27.215,75.867,129.46,120.682,140.36,210.46,102.76,175.16,121.29
939,605226.953867,54.148,81,-134.497,27.353,76.047,129.842,121.374,139.8,210.6,103.02,175.66,122.03
940,605226.962517,54.898,63,-134.189,27.351,75.148,130.683,120.83,140.33,210.7,101.88,176.23,121.41
941,605226.974451,58.541,70,-134.938,28.04,68.898,132.015,120.666,139.19,211.56,93.32,178.58,121.26
942,605226.977748,58.792,71,-135.682,28.11,67.757,130.767,120.472,138.22,211.67,91.78,176.91,121.05
943,605226.982827,59.564,68,-135.283,27.8,67.268,132.791,119.245,138.7,211.19,91.18,179.33,119.77
944,605226.989358,59.063,72,-135.88,28.21,67.415,131.133,120.165,138.05,211.85,91.33,177.26,120.74
945,605226.993417,59.129,65,-136.406,27.677,67.168,130.907,121.563,137.21,211.08,90.95,177.08,122.15
946,605226.99717,59.594,66,-135.642,28.257,67.367,133.103,121.307,138.3,211.88,91.26,179.93,121.89
947,605227.002026,58.772,80,-136.19,27.581,67.987,131.138,122.986,137.58,210.99,92.11,177.11,123.54
948,605227.005402,60.245,62,-136.45,27.156,66.483,133.959,123.977,137.09,210.35,90.03,180.96,124.54
949,605227.013409,59.905,74,-137.092,27.372,65.754,131.131,125.268,136.3,210.7,88.96,177.5,125.81
950,605227.017578,61.147,71,-137.219,26.506,64.037,132.703,125.824,136.12,209.54,86.63,179.61,126.34
951,605227.021076,61.851,64,-138.019,26.405,62.936,133.403,125.573,135.01,209.37,85.14,180.56,126.11
952,605227.025502,61.272,73,-138.192,25.792,63.584,132.287,124.902,134.8,208.54,86.04,179.0,125.44
953,605227.031007,60.372,64,-139.008,25.273,65.038,131.557,124.565,133.64,207.76,88.08,177.4,125.12
954,605227.038375,58.891,73,-139.318,25.194,67.572,130.783,126.298,133.3,207.73,91.41,176.88,126.9
955,605227.042201,58.524,64,-139.991,24.47,68.324,130.855,128.156,132.34,206.72,92.37,177.08,128.77
956,605227.045861,57.775,71,-139.679,24.628,69.976,131.224,128.736,132.91,207.05,94.67,177.1,129.31
957,605227.057693,58.6,76,-140.895,22.827,68.521,131.517,131.296,131.13,204.46,92.69,177.92,131.86
958,605227.065293,59.067,64,-141.198,22.695,68.149,132.577,130.67,130.81,204.32,92.19,178.67,131.38
959,605227.06998,58.383,75,-141.554,22.469,69.0,131.62,129.374,130.24,203.98,93.29,178.03,129.97
960,605227.073016,57.278,66,-141.753,22.081,70.848,131.064,128.29,129.96,203.43,95.86,176.92,128.94
961,605227.078045,55.784,73,-142.299,22.099,73.559,130.814,128.782,129.27,203.48,99.42,177.01,129.45
962,605227.081583,54.804,67,-141.889,21.404,75.919,131.718,129.382,129.81,202.47,102.74,177.99,130.07
963,605227.089579,53.539,78,-142.378,21.324,77.289,130.056,130.686,129.15,202.4,104.45,175.95,131.41
964,605227.093691,54.004,70,-142.8,20.328,76.831,130.725,131.502,128.62,201.09,103.85,176.62,132.22
965,605227.097653,54.614,75,-143.03,20.174,75.542,130.452,131.718,128.32,200.91,102.09,176.31,132.39
966,605227.101244,55.866,75,-143.125,20.374,73.524,131.029,131.091,128.09,201.08,99.39,177.06,131.75
967,605227.106879,56.267,70,-143.097,19.951,73.079,131.597,129.259,128.18,200.55,98.84,177.64,129.99
968,605227.114468,55.398,78,-143.143,20.193,74.077,130.445,127.739,128.12,200.87,100.18,176.28,128.44
969,605227.117618,54.761,72,-142.925,19.617,75.266,130.447,126.898,128.43,200.08,101.81,176.3,127.6
970,605227.121821,53.851,73,-142.914,20.102,76.417,129.544,127.787,128.47,200.76,103.33,175.1,128.54
971,605227.125308,53.968,67,-141.827,20.238,77.376,131.54,127.49,129.92,200.94,104.64,177.88,128.21
972,605227.142881,54.377,80,-141.279,20.193,75.712,129.99,129.226,130.7,200.94,102.4,175.69,129.88
973,605227.14609,56.033,70,-140.789,20.931,73.221,131.051,128.595,131.27,201.86,99.04,177.19,129.23
974,605227.149504,56.256,66,-139.767,21.329,72.395,130.327,126.307,132.73,202.48,97.98,176.14,126.93
975,605227.154062,55.679,78,-139.644,21.74,73.435,130.243,125.276,132.86,202.99,99.39,176.16,125.93
976,605227.157,55.082,74,-139.11,21.661,74.59,130.311,124.62,133.64,202.93,100.99,176.08,125.25
977,605227.166358,54.25,75,-138.737,22.389,75.728,129.615,125.633,134.14,203.88,102.53,175.35,126.28
978,605227.169569,54.037,67,-137.67,22.527,76.87,130.895,125.692,135.5,204.03,104.07,177.02,126.35
979,605227.173386,53.622,84,-137.303,23.21,76.796,129.479,126.591,136.01,204.98,103.92,175.3,127.27
980,605227.176913,54.866,64,-137.13,23.092,75.543,131.267,127.314,136.34,204.9,102.29,177.44,127.91
981,605227.182938,55.366,69,-136.86,23.55,74.325,130.777,127.041,136.54,205.41,100.63,176.86,127.68
982,605227.190676,56.164,73,-136.43,24.054,72.739,130.632,126.534,137.15,206.11,98.48,176.75,127.14
983,605227.193455,56.8,68,-136.127,24.321,72.108,131.688,125.227,137.53,206.47,97.67,178.01,125.85
984,605227.197773,56.16,78,-135.973,24.921,72.534,130.252,124.019,137.83,207.27,98.41,175.99,124.62
985,605227.200964,55.937,68,-135.684,25.026,73.373,131.0,123.02,138.15,207.42,99.4,177.08,123.63
986,605227.206094,54.52,78,-135.706,25.626,75.236,129.624,124.257,138.17,208.27,101.85,175.49,124.91
987,605227.209026,54.447,69,-135.131,25.603,76.363,131.33,124.761,138.94,208.12,103.65,177.15,125.33
988,605227.218112,54.224,77,-135.439,26.116,76.173,130.296,125.736,138.56,208.97,103.13,176.3,126.37
989,605227.23015,56.456,77,-135.713,26.253,72.272,130.793,125.162,138.15,209.1,97.92,176.95,125.76
990,605227.233567,56.971,65,-136.157,26.489,71.942,131.989,124.116,137.55,209.43,97.45,178.3,124.74
991,605227.241938,56.659,77,-135.986,26.557,71.959,130.923,122.746,137.8,209.55,97.44,177.18,123.36
992,605227.245511,56.005,71,-136.257,26.768,73.285,131.072,122.395,137.42,209.8,99.23,177.33,123.0
993,605227.249538,54.728,73,-136.561,26.621,75.09,130.036,123.627,137.08,209.65,101.64,176.01,124.26
994,605227.253157,54.391,64,-136.583,26.272,75.85,130.269,123.597,137.04,209.16,102.87,176.11,124.4
995,605227.258834,54.895,80,-136.934,26.438,74.991,130.402,125.166,136.5,209.36,101.5,176.46,125.82
996,605227.261544,56.399,62,-137.361,26.155,73.026,131.958,125.219,135.98,209.02,98.84,178.46,125.86
997,605227.269815,57.009,78,-137.86,26.254,71.395,131.117,125.416,135.27,209.14,96.6,177.48,126.03
998,605227.273825,57.779,59,-138.329,25.734,70.022,131.326,124.368,134.49,208.34,94.82,176.94,125.03
999,605227.277281,57.813,78,-138.304,25.987,70.023,131.453,123.364,134.68,208.78,94.77,177.83,123.97
1000,605227.28281,57.728,68,-138.587,25.443,70.448,131.939,122.673,134.24,207.99,95.42,178.15,123.29
1001,605227.286245,56.572,71,-138.708,25.487,71.945,130.598,123.381,134.2,208.11,97.46,176.46,124.0
1002,605227.294111,56.895,65,-138.835,25.2,72.3,132.377,123.978,133.99,207.72,97.88,178.9,124.6
1003,605227.297535,56.048,81,-139.588,24.816,72.86,130.459,125.599,132.95,207.18,98.6,176.36,126.24
1004,605227.30143,57.719,64,-139.832,24.086,70.649,132.285,126.628,132.63,206.22,95.59,178.83,127.23
1005,605227.309755,60.087,66,-140.489,23.53,66.248,132.844,125.873,131.73,205.47,89.64,179.52,126.47
1006,605227.318425,59.676,73,-140.771,23.4,66.466,131.646,125.007,131.29,205.24,89.99,177.64,125.59
1007,605227.321593,58.954,73,-141.051,22.733,67.783,131.432,125.045,130.99,204.39,91.73,177.62,125.64
1008,605227.325745,58.399,67,-141.239,22.769,68.514,130.752,126.266,130.78,204.45,92.71,176.79,126.82
1009,605227.329342,58.131,67,-140.881,22.612,69.772,132.15,126.61,131.1,204.13,94.43,178.41,127.23
1010,605227.335503,57.164,80,-141.423,22.134,70.721,130.426,128.571,130.44,203.54,95.61,176.51,129.21
1011,605227.337507,58.133,69,-141.67,21.277,69.421,131.493,129.798,130.15,202.43,93.86,177.75,130.4
1012,605227.34582,59.205,77,-142.0,21.215,67.072,131.008,130.446,129.66,202.33,90.67,177.19,131.03
1013,605227.349898,60.485,69,-141.693,20.995,65.641,133.241,129.617,130.07,202.02,88.8,179.73,130.19
1014,605227.353382,59.723,75,-141.728,21.084,66.302,131.505,128.576,130.02,202.13,89.65,177.91,129.16
1015,605227.358729,58.371,69,-141.98,20.53,68.543,130.702,128.262,129.67,201.35,92.7,176.74,128.88
1016,605227.361361,57.003,75,-141.592,20.929,70.954,130.288,129.208,130.22,201.9,95.94,176.29,129.84
1017,605227.370329,56.38,64,-141.349,20.853,73.111,132.046,129.916,130.53,201.79,98.84,178.68,130.57
1018,605227.373457,55.026,81,-141.656,20.626,74.441,129.87,131.675,130.16,201.51,100.62,175.67,132.35
1019,605227.378515,55.725,68,-141.75,19.986,73.819,131.079,132.661,129.97,200.61,99.75,177.3,133.27
1020,605227.381213,56.09,77,-141.972,20.112,72.666,130.252,133.156,129.69,200.8,98.18,176.29,133.8
1021,605227.39835,55.769,71,-141.363,20.332,73.529,130.712,129.092,130.51,201.07,99.47,176.61,129.79
1022,605227.401897,54.048,79,-141.257,20.748,76.179,129.753,129.212,130.7,201.65,103.01,175.52,129.93
1023,605227.405703,52.721,72,-140.57,20.656,79.24,130.825,129.185,131.58,201.45,107.25,176.85,129.95
1024,605227.409676,51.445,80,-140.758,20.788,80.753,129.566,130.474,131.38,201.71,109.17,175.28,131.22
1025,605227.413136,52.031,72,-140.614,20.348,79.989,130.015,131.263,131.54,201.08,108.16,175.8,131.98
1026,605227.421559,52.694,80,-140.839,20.673,78.724,129.893,131.824,131.2,201.51,106.39,175.83,132.54
1027,605227.425606,53.489,73,-140.406,20.762,77.681,130.563,130.559,131.85,201.66,105.11,176.6,131.24
1028,605227.429197,54.32,72,-140.519,21.308,76.358,130.918,128.848,131.67,202.39,103.25,177.21,129.53
1029,605227.434495,54.191,70,-139.851,21.762,76.395,130.571,126.496,132.58,203.01,103.36,176.64,127.2
1030,605227.437031,52.563,77,-139.4,22.354,78.747,129.54,126.057,133.2,203.81,106.54,175.28,126.8
1031,605227.44584,51.614,69,-138.46,22.53,81.258,130.858,125.785,134.41,203.98,110.02,176.78,126.53
1032,605227.449451,50.512,85,-138.527,22.732,82.301,129.422,126.691,134.38,204.31,111.34,175.18,127.48
1033,605227.453208,51.403,62,-138.173,22.491,81.291,130.308,127.239,134.87,203.88,110.28,175.59,127.89
1034,605227.458944,52.665,79,-138.418,22.993,78.853,130.02,127.791,134.51,204.68,106.65,176.04,128.5
1035,605227.462066,53.615,67,-138.019,23.054,77.29,130.291,126.443,135.2,204.69,105.04,176.01,127.07
1036,605227.469642,54.735,75,-137.867,23.731,75.28,130.386,124.289,135.22,205.67,101.9,176.29,124.98
1037,605227.478916,53.803,76,-136.47,24.591,76.951,130.3,121.889,137.21,206.89,104.28,175.92,122.51
1038,605227.482652,52.449,85,-136.046,24.704,78.947,129.534,122.17,137.74,207.0,106.92,175.29,122.88
1039,605227.485487,52.628,70,-136.229,24.512,79.032,130.202,123.649,137.53,206.81,106.99,176.04,124.29
1040,605227.490137,53.655,79,-136.431,24.289,76.907,129.768,124.948,137.22,206.46,104.13,175.59,125.63
1041,605227.497451,56.393,69,-136.602,24.493,72.714,131.374,124.954,136.95,206.74,98.43,177.84,125.57
1042,605227.501548,57.805,68,-136.622,24.604,69.781,130.97,123.218,136.93,206.9,94.5,177.21,123.81
1043,605227.505376,58.072,72,-136.35,24.62,69.35,131.132,121.46,137.28,206.9,93.97,177.29,122.03
1044,605227.510225,57.35,72,-136.293,24.864,70.219,130.152,121.355,137.49,207.26,95.19,176.25,121.88
1045,605227.514287,56.24,63,-135.564,24.787,71.76,129.131,120.251,138.39,207.16,97.25,174.71,120.88
1046,605227.521364,55.502,78,-135.954,24.773,73.672,130.076,122.92,137.85,207.12,99.78,176.04,123.55
1047,605227.52542,56.267,71,-136.613,24.277,72.688,130.892,124.873,137.0,206.46,98.49,176.76,125.52
1048,605227.530373,58.314,73,-136.996,24.219,68.837,131.05,126.389,136.44,206.39,93.17,177.49,126.94
1049,605227.533116,60.765,69,-137.271,23.913,64.855,132.794,125.637,136.02,205.98,87.77,179.79,126.17
1050,605227.539477,61.163,71,-137.454,23.954,63.749,132.17,124.381,135.75,206.02,86.33,178.69,124.93
1051,605227.546042,60.457,75,-137.76,23.967,64.832,131.484,123.764,135.38,206.05,87.77,177.94,124.31
1052,605227.549964,59.567,68,-137.546,24.321,67.138,132.544,123.917,135.66,206.48,90.99,178.84,124.4
1053,605227.553688,57.486,79,-138.003,24.294,70.15,130.51,125.317,135.1,206.51,94.95,176.5,125.91
1054,605227.562616,58.262,75,-139.498,23.185,68.897,130.974,129.792,133.0,204.96,93.18,177.24,130.37
1055,605227.567408,60.458,66,-140.218,22.881,65.545,132.934,130.279,132.06,204.6,88.61,179.82,130.85
1056,605227.57468,61.264,73,-140.606,22.849,63.652,132.395,129.297,131.59,204.6,86.07,179.13,129.78
1057,605227.57728,60.873,71,-141.058,22.823,64.346,132.198,127.85,130.97,204.51,87.08,178.21,128.46
1058,605227.581775,58.889,70,-141.505,23.21,67.516,130.669,128.028,130.31,205.01,91.27,176.77,128.65
1059,605227.586889,57.396,66,-141.221,23.489,71.322,132.364,128.122,130.71,205.36,96.48,178.79,128.79
1060,605227.589699,55.453,77,-141.856,22.766,74.131,130.723,130.438,129.86,204.39,100.15,176.96,131.11
1061,605227.599206,56.286,65,-142.623,21.995,73.391,132.226,132.544,128.8,203.34,99.12,179.05,133.18
1062,605227.602171,57.185,75,-143.047,21.878,71.219,131.417,133.345,128.21,203.15,96.29,177.56,133.96
1063,605227.605527,58.51,73,-143.587,21.881,69.065,132.218,132.485,127.44,203.14,93.31,178.6,133.18
1064,605227.609503,58.689,72,-143.706,21.92,68.565,131.936,130.424,127.34,203.25,92.67,178.24,131.05
1065,605227.613857,57.453,73,-143.425,22.521,70.64,131.304,129.342,127.79,204.11,95.48,177.45,129.97
1066,605227.621546,56.152,65,-142.251,22.75,73.739,132.386,128.78,129.3,204.32,99.7,178.91,129.43
1067,605227.625376,54.077,81,-142.051,22.292,76.366,130.163,130.355,129.62,203.75,103.19,176.11,131.06
1068,605227.629335,54.787,69,-141.752,21.556,75.792,131.443,131.85,129.98,202.73,102.38,178.0,132.52
1069,605227.633061,55.445,76,-141.024,21.562,74.112,130.663,132.416,130.97,202.77,100.14,176.66,133.15
1070,605227.641564,56.631,71,-139.928,21.566,72.024,130.944,129.995,132.44,202.76,97.39,177.27,130.62
1071,605227.651499,55.518,72,-139.077,22.089,73.721,130.214,129.069,133.67,203.44,99.91,176.03,129.65
1072,605227.653432,53.42,70,-138.056,22.062,77.471,129.997,127.967,134.96,203.38,104.83,175.71,128.6
1073,605227.657436,51.949,78,-137.564,21.694,79.756,129.399,129.729,135.66,202.93,107.89,175.18,130.44
1074,605227.665142,53.828,69,-137.102,20.881,76.95,130.376,131.814,136.24,201.82,104.06,176.66,132.47
1075,605227.673492,54.451,77,-137.074,20.945,75.545,129.937,130.277,136.28,201.91,102.2,176.02,130.92
1076,605227.677712,54.572,73,-137.033,21.003,75.32,129.934,128.261,136.41,202.01,101.94,175.8,128.96
1077,605227.68167,53.257,76,-136.564,21.366,77.478,129.512,126.709,137.0,202.47,104.9,175.34,127.38
1078,605227.685212,51.274,80,-136.395,21.297,80.732,129.049,126.192,137.24,202.36,109.33,174.56,126.94
1079,605227.68989,49.763,75,-136.733,20.629,83.2,128.801,127.415,136.81,201.46,112.66,174.31,128.19
1080,605227.697961,50.566,85,-137.486,20.061,81.878,128.904,129.331,135.75,200.69,110.76,174.58,130.09
1081,605227.702544,52.789,69,-138.394,19.929,78.485,129.781,129.766,134.42,200.45,106.27,175.03,130.63
1082,605227.705355,54.507,75,-138.915,20.192,75.513,130.06,127.973,133.85,200.9,102.2,175.93,128.65
1083,605227.709328,55.391,71,-139.191,20.188,73.931,130.166,125.373,133.47,200.86,100.09,175.87,125.96
1084,605227.714513,54.665,75,-138.939,20.867,75.222,130.062,123.482,133.86,201.81,101.9,175.78,124.14
1085,605227.717576,52.819,78,-138.715,21.103,78.503,129.9,122.949,134.13,202.11,106.3,175.68,123.67
1086,605227.731126,52.349,78,-139.993,20.649,79.125,129.531,127.33,132.4,201.49,107.04,175.27,128.07
1087,605227.734569,55.234,69,-140.65,20.833,74.624,130.868,128.487,131.48,201.69,101.08,176.66,129.17
1088,605227.737108,57.543,74,-141.035,21.394,70.176,130.763,126.902,131.0,202.56,94.95,176.75,127.52
1089,605227.743449,58.813,71,-140.896,21.894,68.123,131.555,124.291,131.21,203.24,92.22,177.73,124.88
1090,605227.75029,57.29,73,-140.109,23.065,70.749,130.922,122.353,132.32,204.78,95.97,176.73,122.98
1091,605227.753476,54.896,73,-139.858,23.704,74.637,129.79,122.493,132.68,205.71,101.08,175.22,123.15
1092,605227.757533,54.322,71,-139.894,23.739,76.402,130.997,125.366,132.52,205.68,103.39,177.09,126.07
1093,605227.761521,55.292,78,-140.3,23.998,74.384,130.637,128.29,131.97,206.06,100.57,176.82,128.96
1094,605227.766866,58.052,68,-140.379,24.197,69.939,132.172,129.09,131.9,206.4,94.59,178.63,129.67
1095,605227.769566,60.166,73,-140.18,25.013,65.744,132.152,127.227,132.12,207.47,88.95,178.55,127.79
1096,605227.777869,60.593,73,-139.634,26.0,65.06,132.504,124.688,132.86,208.81,88.01,179.3,125.25
1097,605227.781923,58.486,64,-138.276,27.331,69.512,132.987,122.916,134.71,210.54,94.23,179.56,123.47
1098,605227.785243,55.018,81,-138.135,27.364,74.829,130.519,124.559,134.92,210.64,101.23,176.65,125.23
1099,605227.790434,55.206,61,-138.246,26.714,75.512,132.331,127.634,134.74,209.75,102.1,179.2,128.29
1100,605227.793506,56.362,72,-138.267,26.575,72.652,131.154,130.004,134.75,209.6,98.29,177.46,130.6
1101,605227.801371,59.432,69,-138.626,27.009,67.564,132.852,129.461,134.16,210.07,91.47,179.8,130.05
1102,605227.805941,60.767,71,-138.405,27.116,65.003,133.106,126.987,134.47,210.31,87.97,179.76,127.52
1103,605227.818562,55.821,45,-137.722,26.903,74.976,133.461,126.625,135.55,209.95,101.75,180.05,127.27
1104,605227.82637,54.47,80,-138.125,25.662,75.853,130.526,130.16,134.86,208.32,102.49,176.82,130.84
1105,605227.829649,58.089,66,-138.764,24.917,70.058,132.536,131.319,134.02,207.36,94.71,179.41,131.88
1106,605227.833903,60.359,72,-139.288,24.75,65.366,132.166,129.027,133.29,207.11,88.38,178.94,129.58
1107,605227.837295,60.676,71,-139.056,24.468,64.696,132.098,125.668,133.62,206.73,87.52,178.76,126.22
1108,605227.84269,57.434,69,-138.555,24.401,70.612,131.183,123.496,134.31,206.58,95.67,177.08,124.13
1109,605227.845401,54.062,78,-138.828,23.596,76.345,130.079,125.581,134.0,205.54,103.34,175.76,126.24
1110,605227.854162,53.131,78,-139.684,21.811,77.768,129.618,129.744,132.77,203.06,105.14,175.42,130.42
1111,605227.8577,56.41,69,-140.77,20.664,72.618,131.258,133.399,131.26,201.52,98.13,177.67,134.04
1112,605227.86091,59.992,73,-141.542,19.777,65.754,131.477,132.094,130.23,200.36,88.86,177.99,132.65
1113,605227.866986,61.726,69,-141.677,19.229,62.837,132.657,128.251,130.14,199.67,85.06,178.83,128.79
1114,605227.86904,59.406,71,-141.07,19.508,67.035,131.711,124.854,130.93,199.98,90.74,178.06,125.44
1115,605227.877535,54.795,80,-141.278,19.364,74.667,129.516,125.654,130.67,199.76,101.04,175.13,126.34
1116,605227.881949,53.667,65,-141.848,18.291,77.747,131.225,129.701,129.88,198.3,105.11,177.56,130.42
1117,605227.885728,54.436,78,-142.879,16.817,75.562,129.918,134.907,128.45,196.3,102.05,175.93,135.58
1118,605227.889623,58.471,71,-143.584,16.083,68.623,131.227,136.029,127.44,195.3,92.69,177.58,136.61
1119,605227.905703,55.406,49,-142.653,18.558,72.861,128.331,127.699,128.78,198.67,98.53,173.5,128.38
1120,605227.910341,52.551,59,-143.482,17.575,79.072,130.042,130.908,127.67,197.25,106.96,175.92,131.75
1121,605227.913397,52.558,77,-143.401,17.39,79.004,129.95,135.504,127.77,197.08,106.68,175.9,136.23
1122,605227.917934,56.094,69,-143.708,17.255,73.303,131.408,138.267,127.3,196.89,98.93,178.03,138.89
1123,605227.925537,59.668,69,-144.172,17.572,66.618,131.915,136.165,126.67,197.35,89.94,178.62,136.73
1124,605227.930033,60.68,60,-143.301,19.958,64.445,131.604,130.101,127.95,200.63,87.19,177.7,130.7
1125,605227.934088,57.177,64,-141.318,22.256,71.041,131.062,128.251,130.57,203.7,96.07,177.33,128.88
1126,605227.937379,52.519,74,-141.443,22.275,79.34,130.386,128.179,130.43,203.69,107.27,176.32,128.93
1127,605227.942532,49.73,68,-141.131,21.188,83.042,128.471,132.345,130.87,202.27,112.16,174.12,133.21
1128,605227.945995,53.006,73,-141.416,20.987,78.857,131.049,138.12,130.43,201.98,106.44,177.54,138.77
1129,605227.954555,57.293,70,-141.758,21.269,71.179,131.73,136.922,129.91,202.33,96.11,178.4,137.51
1130,605227.95789,59.749,58,-140.79,25.053,66.072,131.149,129.715,131.21,207.47,89.34,177.2,130.29
1131,605227.962213,56.36,69,-140.311,25.869,71.989,129.951,126.347,132.04,208.62,97.37,175.62,127.07
1132,605227.964819,50.915,67,-138.542,25.769,81.766,129.69,125.241,134.41,208.41,110.72,175.49,126.0
1133,605227.970475,48.888,71,-137.565,24.329,84.91,129.134,128.818,135.66,206.51,114.83,175.0,129.64
1134,605227.978494,51.786,69,-137.5,23.485,81.003,130.946,134.644,135.82,205.35,109.65,177.37,135.24
1135,605227.990295,53.912,34,-135.724,25.858,75.921,128.892,123.428,138.16,208.79,102.89,174.15,123.9
1136,605227.99429,50.451,75,-133.933,25.591,82.225,129.133,122.395,140.59,208.21,111.36,174.82,123.13
1137,605227.99717,48.651,66,-133.508,24.268,85.298,129.113,126.428,141.13,206.4,115.48,174.9,127.21
1138,605228.005619,51.278,69,-134.226,22.646,81.535,130.342,133.376,140.11,204.2,110.27,176.75,134.05
1139,605228.00971,55.728,64,-135.215,22.188,73.13,129.866,133.456,138.64,203.56,98.86,176.11,133.93
1140,605228.01299,58.503,56,-135.921,24.608,67.797,129.767,125.718,137.81,206.9,91.8,175.52,126.28
1141,605228.017744,55.822,67,-136.321,24.408,73.527,130.887,122.429,137.32,206.59,99.63,176.94,123.07
1142,605228.021388,50.953,76,-136.769,23.821,81.513,129.394,122.581,136.74,205.72,110.45,175.17,123.44
1143,605228.029588,49.083,69,-137.836,22.119,84.859,129.563,127.177,135.31,203.48,114.8,175.36,127.98
1144,605228.033614,52.388,66,-139.4,21.05,80.216,131.436,132.373,133.16,202.04,108.42,178.03,133.08
1145,605228.037192,56.391,56,-141.515,20.834,72.136,130.322,132.12,130.38,201.69,97.76,176.26,132.81
1146,605228.041345,60.537,50,-141.884,22.808,64.927,132.004,124.648,129.87,204.52,87.81,178.34,125.19
1147,605228.047001,56.824,63,-142.118,21.587,71.767,131.15,119.618,129.63,202.85,97.21,176.67,120.21
1148,605228.054151,52.477,80,-142.956,21.398,79.422,130.396,120.876,128.48,202.5,107.51,176.1,121.65
1149,605228.05789,51.427,66,-143.551,20.342,81.487,130.69,126.415,127.65,201.08,110.19,176.51,127.24
1150,605228.062121,55.39,59,-144.464,19.775,74.758,131.618,131.651,126.4,200.33,101.06,177.91,132.33
1151,605228.074658,58.03,36,-142.87,20.665,68.953,130.229,119.76,128.5,201.57,93.4,175.39,120.45
1152,605228.082328,53.219,65,-142.589,21.212,77.639,129.668,123.32,128.94,202.27,105.05,175.21,124.06
1153,605228.08566,52.452,63,-142.994,20.494,78.337,128.543,128.218,128.36,201.25,106.0,173.76,129.01
1154,605228.089351,57.015,53,-143.011,20.108,70.861,130.158,133.951,128.28,200.74,95.8,176.1,134.56
1155,605228.094735,64.632,59,-142.897,20.871,57.974,135.319,131.756,128.4,201.89,78.39,182.86,132.24
1156,605228.097775,64.259,58,-141.978,22.274,57.449,132.281,125.006,129.76,203.85,77.73,178.37,125.53
1157,605228.106074,60.156,53,-139.736,23.825,64.314,129.236,125.521,132.69,205.84,87.01,174.81,126.1
1158,605228.109387,55.516,55,-139.963,23.659,76.064,134.346,127.839,132.45,205.61,102.85,181.85,128.49
1159,605228.113347,55.286,74,-139.905,22.528,74.71,131.188,133.02,132.47,204.05,100.99,177.46,133.66
1160,605228.117363,59.574,59,-139.033,22.348,66.514,131.34,136.1,133.61,203.82,89.89,178.03,136.64
1161,605228.122749,64.182,56,-138.659,24.217,57.719,132.531,131.681,134.1,206.45,78.03,179.21,132.1
1162,605228.130275,62.569,61,-139.219,26.083,60.499,131.327,128.006,133.38,208.95,81.8,177.66,128.56
1163,605228.134051,57.713,48,-137.523,27.442,70.019,131.08,126.58,135.79,210.82,94.92,177.21,127.17
1164,605228.138329,55.293,59,-137.595,25.439,76.178,133.79,131.13,135.62,208.08,102.99,180.74,131.79
1165,605228.141039,56.099,70,-137.072,24.683,73.452,131.69,135.608,136.31,207.06,99.28,178.3,136.14
1166,605228.158547,60.186,51,-137.916,27.532,66.132,133.014,127.816,135.12,210.69,89.82,179.75,128.48
1167,605228.161825,54.788,71,-138.147,26.771,75.545,131.018,128.111,134.94,209.92,102.14,177.2,128.69
1168,605228.1649,53.194,78,-138.501,25.089,78.184,130.501,131.119,134.43,207.53,105.78,176.52,131.84
1169,605228.171108,55.756,67,-138.598,23.157,74.153,131.778,134.718,134.23,204.94,100.2,178.49,135.33
1170,605228.173463,58.722,68,-139.585,22.315,68.231,131.418,134.238,132.85,203.79,92.18,178.07,134.79
1171,605228.181871,59.209,68,-140.961,22.88,67.183,131.241,131.198,131.01,204.55,90.78,177.67,131.79
1172,605228.185589,56.106,73,-140.574,22.972,72.865,130.664,128.256,131.62,204.68,98.55,176.73,128.9
1173,605228.189595,53.661,69,-141.054,21.683,77.883,131.433,129.946,130.92,202.87,105.34,177.49,130.62
1174,605228.193245,53.357,80,-142.095,19.865,77.78,130.324,134.26,129.52,200.43,105.03,176.52,134.96
1175,605228.197947,56.534,73,-142.86,18.907,72.31,131.13,135.619,128.43,199.11,97.66,177.44,136.23
1176,605228.201375,59.042,71,-144.394,19.144,67.87,131.936,133.123,126.42,199.51,91.7,178.26,133.71
1177,605228.209399,56.752,70,-144.428,20.251,71.844,131.039,129.104,126.37,200.98,97.04,177.13,129.76
1178,605228.213577,53.143,80,-144.902,19.886,78.023,130.077,129.495,125.79,200.46,105.4,175.92,130.27
1179,605228.217144,52.171,70,-145.311,19.01,79.811,130.132,132.135,125.23,199.28,107.75,176.03,132.91
1180,605228.221785,54.066,70,-146.112,18.292,76.911,131.056,135.626,124.15,198.31,103.79,177.45,136.31
1181,605228.225292,56.71,71,-147.048,18.923,71.579,130.409,134.862,122.86,199.18,96.59,176.4,135.52
1182,605228.233966,58.058,65,-148.02,20.005,69.713,131.766,130.521,121.59,200.67,94.13,177.98,131.2
1183,605228.24653,52.578,65,-146.291,19.913,79.371,130.612,132.474,123.96,200.47,107.27,176.57,133.25
1184,605228.250307,55.923,72,-146.334,20.292,73.664,131.47,134.441,123.86,201.09,99.37,177.77,135.06
1185,605228.2588,59.259,59,-146.802,21.295,68.359,133.734,131.675,123.18,202.4,92.27,180.87,132.31
1186,605228.261459,57.227,52,-144.943,23.628,70.841,130.87,125.246,125.81,205.46,96.08,176.74,125.96
1187,605228.266661,52.678,81,-143.265,23.735,78.915,130.159,125.452,128.03,205.68,106.68,175.97,126.24
1188,605228.269208,51.992,76,-143.051,22.917,80.898,131.376,129.134,128.34,204.59,109.3,177.66,129.95
1189,605228.274583,54.889,70,-142.086,22.952,75.894,131.952,133.121,129.52,204.61,102.5,178.61,133.78
1190,605228.278284,58.107,69,-140.92,24.176,68.789,130.2,132.633,131.08,206.26,93.07,176.43,133.12
1191,605228.285836,59.215,58,-140.334,25.769,67.551,131.983,126.54,132.01,208.56,91.39,178.33,127.07
1192,605228.290019,54.304,73,-138.001,26.794,75.746,129.818,122.795,135.12,209.84,102.56,175.62,123.47
1193,605228.293447,52.324,69,-137.323,25.924,80.457,131.638,125.16,136.01,208.66,108.85,178.2,125.88
1194,605228.299306,52.845,70,-136.847,24.559,79.19,131.115,131.18,136.64,206.83,107.08,177.57,131.85
1195,605228.302891,56.814,78,-136.506,24.557,71.309,130.279,132.559,137.04,206.86,96.38,176.69,133.12
1196,605228.309582,60.86,54,-136.883,25.196,65.051,133.589,129.303,136.67,207.86,88.04,180.59,129.72
1197,605228.313483,57.143,56,-134.888,27.899,70.523,129.984,123.861,139.32,211.43,95.5,175.77,124.43
1198,605228.317566,53.267,64,-134.292,27.866,78.039,130.48,123.909,140.12,211.17,105.96,176.17,124.64
1199,605228.326478,55.281,49,-134.747,25.168,73.567,129.167,131.635,139.38,207.67,99.38,175.17,132.31
1200,605228.333251,61.028,61,-136.01,25.85,64.427,133.009,130.852,137.78,208.75,87.12,179.91,131.28
1201,605228.338802,59.589,60,-135.53,27.516,66.941,132.243,125.367,138.42,210.84,90.72,179.02,125.9
1202,605228.341533,54.652,67,-135.114,27.878,75.193,129.968,123.26,139.04,211.23,102.06,175.86,123.83
1203,605228.345518,51.589,74,-136.302,26.43,80.712,129.909,126.629,137.36,209.35,109.19,175.84,127.33
1204,605228.350677,53.878,75,-137.096,24.297,76.784,130.251,132.404,136.23,206.4,103.88,176.4,133.06
1205,605228.354711,58.169,66,-137.963,23.975,68.298,129.494,132.952,135.04,206.04,92.34,175.52,133.48
1206,605228.362053,60.013,47,-138.264,25.518,65.367,130.784,127.836,134.69,208.14,88.48,177.07,128.37
1207,605228.365438,56.278,76,-139.512,26.585,72.572,130.722,123.17,133.05,209.56,98.22,176.74,123.83
1208,605228.369418,53.049,68,-140.014,25.683,78.324,130.296,125.689,132.36,208.32,105.94,176.14,126.42
1209,605228.374421,54.395,62,-141.181,23.788,76.591,131.556,132.471,130.75,205.76,103.51,177.72,133.13
1210,605228.377668,58.389,63,-142.237,23.263,68.097,129.918,133.99,129.26,205.06,91.93,175.98,134.58
1211,605228.386091,61.876,48,-143.048,24.168,62.868,133.369,128.822,128.36,206.33,84.97,180.27,129.46
1212,605228.390163,57.502,74,-143.07,25.592,70.512,131.241,123.097,128.3,208.29,95.27,177.38,123.69
1213,605228.393779,53.522,63,-143.513,24.6,77.863,130.97,125.834,127.69,206.83,105.31,176.87,126.65
1214,605228.397211,54.227,65,-144.317,22.791,76.703,131.21,132.705,126.53,204.41,103.6,177.19,133.42
1215,605228.414321,58.278,62,-144.614,24.815,69.156,131.525,124.576,126.19,207.17,93.51,177.61,125.21
1216,605228.417629,54.305,61,-144.538,23.992,75.508,129.412,125.613,126.32,206.07,102.07,174.94,126.39
1217,605228.421202,55.214,64,-144.502,22.79,74.961,131.393,133.628,126.27,204.4,101.23,177.39,134.26
1218,605228.425947,59.782,56,-144.686,21.962,65.77,130.68,136.396,126.02,203.31,88.69,177.03,136.96
1219,605228.435208,64.467,50,-146.521,18.081,61.932,143.681,133.798,123.76,198.36,83.56,193.75,134.19
1220,605228.437724,59.135,57,-142.714,25.61,67.2,130.989,125.222,128.75,208.29,90.85,177.06,125.82
1221,605228.441823,55.253,61,-141.996,25.516,74.838,131.306,127.166,129.63,208.02,101.22,177.27,127.82
1222,605228.445275,54.978,65,-141.875,23.438,75.104,130.868,134.169,129.83,205.33,101.37,177.22,134.79
1223,605228.450029,59.776,54,-141.176,21.788,65.835,130.784,137.72,130.72,203.06,88.72,177.37,138.26
1224,605228.453174,62.9,44,-138.927,22.502,59.892,131.474,134.097,133.77,204.07,81.05,178.03,134.58
1225,605228.46182,60.39,72,-139.134,26.998,64.884,131.321,127.609,133.51,210.17,87.72,177.8,128.15
1226,605228.464983,56.687,61,-138.439,26.855,72.174,131.415,128.061,134.53,209.91,97.85,177.58,128.68
1227,605228.470204,55.032,60,-137.625,24.812,75.183,131.182,133.321,135.5,207.15,101.61,177.62,133.93
1228,605228.472882,57.166,76,-138.097,22.588,70.534,130.087,138.003,134.86,204.17,95.28,176.37,138.52
1229,605228.477597,61.588,62,-137.211,22.879,63.037,132.485,135.373,136.03,204.58,85.19,179.64,135.83
1230,605228.48554,59.38,59,-136.875,26.186,66.287,130.142,130.122,136.52,209.06,89.65,176.19,130.62
1231,605228.489555,55.564,62,-137.102,25.865,74.213,131.238,129.971,136.25,208.6,100.34,177.79,130.58
1232,605228.498489,55.576,63,-137.622,22.703,73.649,130.281,137.24,135.55,204.26,99.7,176.45,137.73
1233,605228.503155,59.773,66,-138.586,21.836,66.985,133.058,136.323,134.25,203.24,90.53,179.88,136.81
1234,605228.505155,57.403,64,-138.436,24.795,70.178,130.268,132.238,134.4,207.13,94.85,176.59,132.84
1235,605228.514706,54.15,73,-139.747,24.308,76.68,130.929,131.386,132.78,206.5,103.76,177.02,132.06
1236,605228.517776,52.383,70,-140.303,22.182,80.133,131.284,132.397,131.93,203.55,108.28,177.7,133.1
1237,605228.521355,52.674,74,-141.704,21.212,79.251,130.701,134.987,130.06,202.27,107.02,176.96,135.69
1238,605228.526545,55.268,77,-143.387,21.415,74.735,131.175,135.375,127.77,202.55,100.86,177.69,136.03
1239,605228.529326,55.923,74,-144.273,22.632,73.77,131.659,131.297,126.62,204.2,99.66,177.94,132.0
1240,605228.537663,53.587,79,-144.453,21.579,77.769,131.01,129.154,126.43,202.76,105.18,176.92,129.86
1241,605228.541564,51.816,74,-144.965,20.33,81.19,131.336,130.371,125.72,201.02,109.8,177.27,131.15
1242,605228.545652,52.647,74,-146.146,19.811,79.312,130.72,132.397,124.13,200.34,107.08,176.66,133.23
1243,605228.548935,55.442,72,-146.873,20.486,74.642,131.588,131.642,123.18,201.24,100.94,177.89,132.34
1244,605228.554353,55.019,76,-146.542,21.279,75.204,131.178,127.843,123.52,202.32,101.61,177.06,128.65
1245,605228.563576,52.942,82,-146.292,20.595,78.841,130.829,127.915,123.97,201.43,106.52,176.74,128.72
1246,605228.565452,52.988,77,-146.245,20.293,78.87,131.017,129.617,123.95,200.89,106.71,176.8,130.42
1247,605228.570006,55.332,70,-146.927,20.778,75.038,131.92,130.775,123.06,201.68,101.31,178.4,131.5
1248,605228.573017,57.219,62,-145.763,22.48,71.844,132.695,127.49,124.55,203.9,97.17,179.05,128.21
1249,605228.581308,53.846,76,-144.163,22.325,77.374,131.153,127.332,126.83,203.79,104.58,177.23,128.07
1250,605228.590823,54.935,76,-143.59,22.577,75.368,131.189,129.231,127.55,204.13,101.82,177.48,129.94
1251,605228.594163,57.75,71,-143.279,23.489,70.538,132.19,128.78,127.99,205.4,95.33,178.72,129.44
1252,605228.596939,57.719,73,-141.385,25.171,70.45,131.911,125.048,130.53,207.66,95.28,178.38,125.68
1253,605228.60242,55.23,72,-140.422,24.866,75.041,131.585,125.21,131.79,207.18,101.51,177.76,125.83
1254,605228.605526,55.061,73,-139.535,24.699,75.233,131.364,127.806,132.95,206.93,101.9,177.23,128.52
1255,605228.614686,56.809,77,-138.878,24.98,71.596,130.787,129.189,133.87,207.41,96.8,177.11,129.8
1256,605228.617508,59.287,69,-138.363,25.828,67.342,131.853,127.642,134.54,208.57,91.06,178.53,128.21
1257,605228.622079,57.285,76,-136.879,26.998,70.731,130.87,124.473,136.56,210.13,95.74,177.07,125.07
1258,605228.624762,55.428,69,-136.517,26.142,74.89,131.979,125.923,137.07,208.98,101.32,178.74,126.55
1259,605228.630296,55.833,71,-136.002,25.533,73.899,131.586,129.082,137.8,208.2,100.0,178.04,129.69
1260,605228.637758,58.286,72,-136.123,25.514,68.912,131.092,129.756,137.58,208.17,93.23,177.51,130.3
1261,605228.641911,59.837,67,-135.904,26.465,66.589,132.527,126.845,137.89,209.47,90.09,179.62,127.39
1262,605228.645414,56.313,76,-135.561,27.044,72.354,130.447,125.252,138.35,210.18,97.95,176.69,125.89
1263,605228.649054,55.046,79,-136.074,25.777,74.923,130.773,127.948,137.65,208.49,101.35,177.17,128.57
1264,605228.655089,56.771,73,-136.489,24.853,71.956,131.309,130.7,137.04,207.22,97.32,177.83,131.29
1265,605228.657719,59.619,74,-137.748,24.922,66.733,131.948,130.334,135.27,207.3,90.28,178.16,130.95
1266,605228.669939,56.157,63,-138.161,25.494,73.214,131.461,127.448,134.84,208.1,99.0,178.02,128.08
1267,605228.674446,55.837,71,-139.513,24.248,74.152,132.05,130.359,132.99,206.39,100.22,178.75,131.01
1268,605228.678423,58.172,71,-140.855,23.525,69.443,131.679,131.923,131.17,205.43,93.82,178.32,132.52
1269,605228.681936,60.479,67,-142.602,23.967,65.225,132.37,129.741,128.74,205.98,88.16,178.75,130.36
1270,605228.689791,57.849,78,-142.599,24.468,69.723,131.02,126.4,128.88,206.71,94.25,177.21,127.04
1271,605228.693359,55.362,78,-143.613,23.139,74.52,131.108,128.461,127.57,204.93,100.72,177.16,129.15
1272,605228.698008,56.681,72,-144.632,21.766,72.385,131.777,132.012,126.05,202.91,97.78,177.79,132.56
1273,605228.701198,59.772,74,-146.112,21.505,66.551,132.191,132.443,124.11,202.7,89.82,178.86,133.05
1274,605228.705997,61.006,63,-146.708,22.366,64.739,133.562,128.234,123.3,203.84,87.46,180.33,128.84
1275,605228.709865,57.609,61,-146.933,21.692,71.152,132.823,127.497,123.12,203.0,96.1,179.16,128.12
1276,605228.718485,56.376,70,-147.433,20.653,73.339,132.442,131.251,122.38,201.48,99.12,178.69,131.92
1277,605228.721473,58.788,73,-148.23,19.844,68.571,132.325,133.85,121.26,200.43,92.5,178.99,134.49
1278,605228.725562,61.876,67,-149.226,19.743,62.873,133.379,132.298,119.84,200.26,84.85,179.99,132.93
1279,605228.730345,59.427,78,-148.264,20.778,66.816,131.364,128.055,121.25,201.66,90.36,177.31,128.73
1280,605228.734144,56.267,71,-148.174,20.237,72.706,130.926,129.805,121.46,201.03,98.2,176.64,130.48
1281,605228.743046,57.476,67,-148.213,19.009,71.301,132.616,134.232,121.22,199.25,96.18,179.19,134.95
1282,605228.745451,60.977,73,-148.465,18.933,64.405,132.748,135.522,120.94,199.25,86.86,179.48,136.1
1283,605228.754234,57.894,65,-147.22,20.321,69.648,131.043,130.508,122.71,201.1,94.12,177.06,131.14
1284,605228.758464,56.142,71,-145.986,19.837,73.278,131.526,133.423,124.27,200.37,98.95,177.8,134.08
1285,605228.767996,58.191,76,-145.414,18.97,69.269,131.418,136.776,125.0,199.22,93.47,177.86,137.37
1286,605228.769815,61.662,64,-145.28,19.441,62.905,132.525,135.795,125.14,199.88,84.88,179.35,136.36
1287,605228.7738,59.396,76,-144.04,21.434,66.588,130.794,131.354,126.84,202.54,89.91,177.21,131.98
1288,605228.777364,55.819,69,-142.543,21.897,73.09,130.098,131.829,128.93,203.23,98.72,176.07,132.46
1289,605228.781765,55.629,68,-141.931,20.073,74.009,131.096,136.038,129.72,200.74,99.91,177.58,136.65
1290,605228.785829,58.683,69,-141.728,19.786,68.51,131.808,138.241,129.92,200.29,92.52,178.61,138.8
1291,605228.793699,60.0,62,-140.476,22.439,65.766,131.532,133.791,131.63,204.0,88.84,177.84,134.3
1292,605228.797918,56.32,67,-140.127,22.561,72.482,130.703,132.188,132.17,204.12,97.99,176.81,132.82
1293,605228.801463,53.948,78,-139.416,21.757,76.82,130.531,134.607,133.09,202.99,103.78,176.82,135.24
1294,605228.807139,54.659,76,-139.307,20.61,75.461,130.457,137.191,133.18,201.43,101.88,176.8,137.85
1295,605228.810243,57.212,72,-139.545,21.071,71.183,131.448,137.035,132.92,202.11,96.15,178.1,137.61
1296,605228.818398,56.013,77,-139.657,22.795,72.965,130.527,133.565,132.78,204.43,98.57,176.88,134.18
1297,605228.821403,53.508,80,-139.255,22.17,77.545,130.391,132.945,133.34,203.57,104.77,176.68,133.62
1298,605228.825669,52.58,78,-139.645,21.272,79.249,130.417,134.729,132.81,202.33,107.09,176.55,135.39
1299,605228.828655,53.817,78,-140.505,20.748,76.923,130.297,135.659,131.64,201.63,103.88,176.59,136.31
1300,605228.846545,52.1,78,-141.706,20.164,80.033,130.285,132.37,130.08,200.85,108.14,176.31,133.13
1301,605228.849657,52.525,75,-142.873,19.918,79.065,129.952,132.842,128.49,200.49,106.83,175.75,133.59
1302,605228.853811,53.758,72,-143.186,20.02,77.397,130.914,131.109,128.05,200.62,104.59,177.04,131.84
1303,605228.858482,52.302,74,-143.482,19.731,79.583,130.145,129.687,127.72,200.26,107.56,175.95,130.45
1304,605228.862633,51.979,75,-143.761,18.855,80.349,130.448,130.52,127.3,199.02,108.64,176.14,131.29
1305,605228.869448,52.789,77,-144.689,18.575,78.783,130.275,130.878,126.06,198.67,106.43,176.22,131.65
1306,605228.873966,54.154,73,-145.221,18.764,76.617,130.834,129.484,125.38,198.96,103.55,176.8,130.22
1307,605228.877323,53.023,82,-145.01,18.904,78.13,129.893,127.386,125.68,199.13,105.63,175.48,128.18
1308,605228.882709,52.488,81,-145.11,18.356,79.308,130.242,128.423,125.52,198.37,107.18,176.07,129.22
1309,605228.88512,53.543,78,-145.647,18.187,77.498,130.421,129.555,124.79,198.15,104.71,176.33,130.32
1310,605228.894091,55.692,74,-145.925,18.687,73.888,131.09,128.623,124.39,198.82,99.87,177.09,129.34
1311,605228.897798,55.352,73,-144.963,19.531,74.497,131.034,125.722,125.72,199.98,100.74,177.04,126.44
1312,605228.901494,53.888,72,-144.672,19.255,77.166,130.93,126.626,126.11,199.6,104.33,176.97,127.38
1313,605228.905011,54.689,73,-144.472,19.426,75.83,131.191,128.831,126.42,199.88,102.53,177.15,129.56
1314,605228.910227,57.04,73,-144.606,20.15,71.474,131.371,128.788,126.13,200.81,96.62,177.47,129.48
1315,605228.919122,57.813,70,-143.094,21.428,70.363,132.09,125.377,128.22,202.57,95.18,178.53,126.02
1316,605228.930471,57.713,72,-142.153,22.43,70.184,131.393,129.746,129.46,203.95,94.9,177.57,130.35
1317,605228.933503,59.607,66,-140.739,23.941,67.21,132.845,126.311,131.31,205.95,90.95,179.38,126.87
1318,605228.937841,56.509,66,-139.843,24.843,72.397,131.2,125.284,132.57,207.17,97.99,177.09,125.86
1319,605228.946046,55.532,74,-139.623,24.197,74.389,131.442,128.617,132.88,206.34,100.6,177.77,129.3
1320,605228.949795,57.602,74,-139.831,24.052,70.331,131.266,130.499,132.55,206.12,95.08,177.64,131.09
1321,605228.953227,60.292,69,-139.486,24.998,65.721,132.615,128.225,133.01,207.38,89.06,179.02,128.82
1322,605228.958232,57.728,69,-138.582,26.019,70.182,131.44,125.65,134.36,208.87,95.0,177.56,126.26
1323,605228.961614,55.584,76,-138.629,25.135,74.012,130.948,128.299,134.21,207.61,100.07,177.32,128.94
1324,605228.970753,57.271,70,-139.218,24.096,70.848,131.039,131.145,133.32,206.16,95.78,177.25,131.77
1325,605228.973008,60.402,73,-139.838,24.347,65.468,132.548,130.231,132.54,206.57,88.47,179.52,130.78
1326,605228.977553,58.855,75,-139.225,25.073,67.954,131.386,126.528,133.46,207.58,91.95,177.59,127.11
1327,605228.981109,56.03,78,-139.581,24.231,73.083,130.795,128.655,132.96,206.37,98.96,176.64,129.27
1328,605228.986309,56.903,76,-140.325,22.698,71.706,131.316,131.776,131.9,204.31,96.89,177.85,132.39
1329,605228.994083,59.937,77,-141.516,22.289,66.029,131.805,132.199,130.27,203.77,89.2,178.5,132.76
1330,605228.997372,59.767,76,-141.458,22.71,66.299,131.67,128.11,130.41,204.36,89.65,178.07,128.69
1331,605229.002342,56.593,69,-141.944,22.195,71.97,130.717,129.316,129.79,203.63,97.37,176.67,130.0
1332,605229.00474,56.694,76,-142.755,20.481,72.077,131.261,132.599,128.65,201.31,97.38,177.6,133.23
1333,605229.022644,56.976,71,-144.866,19.793,71.566,131.317,130.49,125.76,200.32,96.69,177.48,131.17
1334,605229.025721,56.536,73,-145.33,18.312,72.44,131.371,133.415,125.19,198.36,97.83,177.65,134.09
1335,605229.029386,58.776,74,-146.426,17.562,68.126,131.418,134.67,123.72,197.39,92.0,177.58,135.29
1336,605229.034351,59.706,75,-146.256,18.259,66.512,131.852,131.559,123.94,198.31,89.84,178.22,132.18
1337,605229.037131,56.738,72,-146.632,18.092,71.757,130.834,131.662,123.48,198.09,96.92,176.73,132.32
1338,605229.045878,56.509,75,-146.668,17.105,72.468,131.331,134.37,123.39,196.73,97.88,177.31,135.06
1339,605229.050102,58.811,74,-147.094,16.788,68.184,131.664,135.343,122.82,196.35,92.02,177.94,135.94
1340,605229.053404,59.206,73,-146.123,17.882,67.253,131.366,132.091,124.15,197.84,90.85,177.41,132.69
1341,605229.057184,56.23,72,-145.952,17.982,72.601,130.61,132.398,124.36,197.91,98.05,176.57,133.09
1342,605229.062807,55.912,70,-145.635,17.128,73.603,131.325,135.054,124.8,196.77,99.4,177.48,135.74
1343,605229.070402,57.528,75,-145.75,17.112,70.368,131.064,136.118,124.52,196.69,94.99,177.08,136.79
1344,605229.073971,58.051,71,-144.861,18.575,69.287,130.935,133.151,125.81,198.74,93.63,176.84,133.77
1345,605229.077503,55.312,77,-144.566,18.931,74.205,130.388,133.045,126.17,199.15,100.22,176.38,133.74
1346,605229.081097,54.979,73,-144.03,18.305,75.193,131.026,135.181,126.9,198.32,101.51,177.42,135.86
1347,605229.086636,56.186,74,-144.141,18.385,72.784,130.788,136.067,126.76,198.46,98.26,177.01,136.7
1348,605229.090412,56.527,73,-143.543,19.982,72.133,130.784,133.466,127.56,200.61,97.45,176.85,134.08
1349,605229.097257,54.284,75,-143.128,20.119,76.221,130.567,133.079,128.13,200.78,102.93,176.78,133.78
1350,605229.106451,54.56,77,-143.052,19.76,75.608,130.392,135.169,128.24,200.31,102.16,176.19,135.84
1351,605229.110595,54.896,74,-142.679,20.986,75.095,130.586,132.845,128.75,201.98,101.43,176.73,133.51
1352,605229.113575,53.038,81,-142.428,20.83,78.257,130.151,132.32,129.11,201.76,105.71,176.14,133.06
1353,605229.122644,52.902,75,-142.27,20.323,78.768,130.586,133.292,129.27,201.03,106.4,176.73,134.02
1354,605229.125567,53.466,76,-142.838,20.382,77.583,130.326,133.535,128.52,201.11,104.84,176.2,134.24
1355,605229.129659,53.551,77,-142.64,21.114,77.497,130.442,131.575,128.83,202.15,104.7,176.47,132.31
1356,605229.13306,52.459,79,-142.645,20.745,79.331,130.194,131.205,128.83,201.64,107.19,176.13,131.97
1357,605229.138012,52.613,76,-142.705,20.298,79.178,130.398,131.861,128.74,201.02,107.03,176.23,132.62
1358,605229.146392,53.455,75,-143.322,20.365,77.701,130.492,131.564,127.92,201.13,104.99,176.49,132.31
1359,605229.15053,53.364,77,-142.947,20.866,77.824,130.417,129.518,128.45,201.78,105.29,176.29,130.27
1360,605229.153918,52.54,79,-142.933,20.292,79.245,130.294,129.821,128.48,201.04,107.12,176.1,130.59
1361,605229.156806,53.515,77,-142.865,19.965,77.548,130.417,130.349,128.49,200.54,104.81,176.37,131.07
1362,605229.162826,54.375,75,-142.743,20.21,75.89,130.289,129.263,128.69,200.9,102.64,176.07,129.96
1363,605229.166049,53.569,80,-141.964,20.659,77.152,129.918,127.491,129.74,201.51,104.33,175.73,128.22
1364,605229.173759,52.827,82,-141.809,20.127,78.52,129.952,128.897,129.92,200.77,106.17,175.74,129.64
1365,605229.177885,54.558,75,-141.999,19.828,75.706,130.554,129.715,129.67,200.39,102.34,176.66,130.41
1366,605229.180855,55.947,69,-141.949,20.151,73.12,130.581,128.406,129.73,200.83,98.9,176.44,129.13
1367,605229.189547,53.508,80,-140.899,20.371,77.191,129.797,128.501,131.14,201.03,104.58,175.36,129.23
1368,605229.198601,55.48,76,-141.283,20.165,73.839,130.298,129.457,130.68,200.89,99.88,176.12,130.13
1369,605229.20138,57.533,69,-140.916,20.856,70.625,131.565,127.495,131.16,201.82,95.56,177.84,128.13
1370,605229.205941,54.995,74,-140.384,21.453,74.685,130.193,125.983,131.87,202.6,101.09,175.89,126.66
1371,605229.209498,54.576,75,-140.566,20.934,75.729,130.652,128.69,131.6,201.89,102.4,176.82,129.37
1372,605229.214563,56.65,75,-141.233,20.745,71.688,130.401,129.909,130.71,201.66,96.94,176.4,130.56
1373,605229.218059,59.034,65,-140.74,21.712,68.195,132.54,126.816,131.4,202.99,92.27,179.13,127.43
1374,605229.225605,55.778,71,-140.449,22.194,73.622,130.908,126.197,131.84,203.65,99.64,176.84,126.86
1375,605229.229909,55.502,68,-140.948,21.355,74.412,131.382,129.408,131.08,202.47,100.6,177.8,130.07
1376,605229.233242,58.02,72,-141.742,21.384,69.363,130.968,130.564,129.97,202.51,93.76,177.17,131.18
1377,605229.237758,59.55,68,-141.275,22.279,67.075,132.354,126.638,130.61,203.72,90.75,178.88,127.24
1378,605229.242378,56.197,70,-141.426,22.486,73.098,131.39,127.038,130.46,204.01,98.85,177.76,127.7
1379,605229.250093,56.187,73,-141.849,21.537,73.101,131.364,130.24,129.87,202.72,98.79,177.79,130.89
1380,605229.253666,59.342,73,-142.825,21.461,67.243,131.872,131.053,128.53,202.64,90.84,178.49,131.64
1381,605229.258349,59.358,76,-142.446,22.526,66.932,131.325,126.966,129.07,204.08,90.5,177.62,127.57
1382,605229.261518,56.346,75,-142.758,22.309,72.518,130.857,128.47,128.7,203.83,98.06,176.58,129.09
1383,605229.266474,57.591,75,-143.01,21.225,70.429,131.407,131.493,128.32,202.33,95.16,177.76,132.12
1384,605229.282243,56.936,67,-142.885,21.744,71.876,131.744,130.345,128.48,203.0,97.16,178.04,130.98
1385,605229.285436,58.043,74,-143.441,20.707,69.517,131.343,133.208,127.69,201.61,93.88,177.81,133.82
1386,605229.288991,61.225,60,-143.537,21.186,63.896,132.737,131.395,127.54,202.29,86.32,179.14,131.94
1387,605229.293824,58.405,69,-143.33,21.935,68.839,131.394,129.367,127.9,203.3,93.05,177.47,129.96
1388,605229.301875,56.948,72,-143.493,20.688,71.943,131.908,132.087,127.67,201.59,97.19,178.42,132.74
1389,605229.305501,58.488,72,-144.177,19.66,68.806,131.64,134.557,126.67,200.16,92.91,178.12,135.16
1390,605229.309632,60.679,68,-144.047,20.593,64.977,132.689,131.839,126.87,201.47,87.76,179.55,132.41
1391,605229.314673,57.531,69,-144.23,20.593,70.585,131.481,131.194,126.64,201.43,95.39,177.6,131.87
1392,605229.317976,56.809,73,-144.239,19.436,72.071,131.651,133.915,126.67,199.92,97.35,177.98,134.56
1393,605229.325853,58.722,75,-144.959,18.841,68.337,131.623,135.143,125.63,199.07,92.23,178.21,135.74
1394,605229.329971,59.03,76,-144.893,19.737,67.683,131.529,132.219,125.71,200.27,91.44,177.67,132.87
1395,605229.33373,56.367,77,-144.808,19.36,72.471,130.843,132.756,125.85,199.75,97.87,176.99,133.44
1396,605229.336956,56.444,76,-145.032,18.184,72.447,131.066,135.091,125.56,198.1,98.01,176.95,135.73
1397,605229.342223,58.1,72,-145.519,18.058,69.503,131.523,135.025,124.9,197.95,94.04,177.48,135.63
1398,605229.350296,57.029,71,-145.628,18.699,71.259,130.939,132.913,124.76,198.87,96.26,176.95,133.57
1399,605229.353643,55.672,74,-145.611,17.955,73.969,131.167,134.25,124.74,197.8,99.89,177.29,134.93
1400,605229.361598,57.188,73,-145.855,18.004,71.12,131.245,134.142,124.45,197.92,96.01,177.6,134.79
1401,605229.367221,55.427,74,-145.941,18.107,74.255,130.856,133.349,124.37,198.07,100.26,176.96,134.06
1402,605229.369802,54.951,75,-145.703,17.411,75.134,130.834,134.799,124.66,197.1,101.41,177.07,135.5
1403,605229.37772,56.052,73,-146.001,17.437,73.152,130.994,135.159,124.25,197.14,98.73,177.31,135.83
1404,605229.381403,55.405,76,-145.532,18.429,74.03,130.387,133.071,124.9,198.49,99.95,176.43,133.77
1405,605229.385813,54.037,75,-145.324,18.11,76.697,130.599,133.816,125.23,198.09,103.58,176.54,134.54
1406,605229.390541,54.581,74,-145.245,17.79,75.682,130.586,134.809,125.3,197.63,102.18,176.65,135.52
1407,605229.392995,55.524,71,-145.259,18.55,74.301,131.258,133.738,125.27,198.65,100.36,177.38,134.45
1408,605229.401377,53.727,76,-144.757,19.056,77.049,130.231,132.399,125.93,199.31,104.1,175.93,133.13
1409,605229.405755,53.511,75,-144.44,18.654,77.761,130.763,133.812,126.35,198.76,105.01,176.89,134.55
1410,605229.408856,54.435,75,-144.669,18.839,75.999,130.667,133.827,126.09,199.07,102.67,176.53,134.55
1411,605229.414908,54.353,75,-144.252,19.916,76.198,130.746,131.796,126.66,200.52,102.93,176.83,132.53
1412,605229.417288,52.988,79,-143.859,19.752,78.569,130.517,131.946,127.17,200.27,106.1,176.65,132.69
1413,605229.427237,53.413,76,-143.744,19.496,77.849,130.61,132.822,127.34,199.95,105.15,176.69,133.56
1414,605229.430584,54.277,75,-143.824,20.164,76.319,130.713,132.091,127.24,200.86,103.1,176.8,132.82
1415,605229.433397,53.18,77,-143.184,20.878,77.985,130.128,130.188,128.07,201.78,105.44,175.78,130.94
1416,605229.436994,52.748,78,-143.012,20.385,78.987,130.488,131.309,128.34,201.15,106.71,176.52,132.07
1417,605229.454143,52.916,77,-142.748,21.064,78.644,130.424,129.162,128.64,202.02,106.32,176.28,129.91
1418,605229.45786,53.421,78,-142.918,20.618,77.818,130.582,130.334,128.47,201.47,105.17,176.59,131.08
1419,605229.461194,54.967,77,-143.477,20.963,75.168,130.942,129.996,127.69,201.93,101.55,177.18,130.7
1420,605229.466315,54.375,76,-142.872,21.552,76.032,130.531,127.658,128.52,202.72,102.83,176.34,128.38
1421,605229.469694,53.534,79,-142.936,20.958,77.601,130.567,128.93,128.43,201.91,104.91,176.45,129.68
1422,605229.477822,54.829,76,-143.551,20.689,75.228,130.6,129.747,127.59,201.56,101.65,176.69,130.46
1423,605229.481974,56.178,74,-143.348,21.347,72.993,131.139,127.65,127.89,202.48,98.67,177.29,128.3
1424,605229.485154,54.449,74,-143.169,21.092,75.972,130.663,127.215,128.13,202.1,102.71,176.69,127.94
1425,605229.489221,54.801,74,-143.512,20.475,75.451,130.897,129.278,127.65,201.27,101.97,177.05,129.99
1426,605229.49362,57.169,72,-144.188,20.619,71.298,131.508,129.248,126.76,201.5,96.37,177.74,129.9
1427,605229.50153,56.551,74,-143.487,21.253,72.16,130.916,126.424,127.72,202.34,97.6,176.88,127.11
1428,605229.50559,55.155,75,-143.538,20.743,74.873,131.044,128.281,127.62,201.63,101.25,177.0,129.0
1429,605229.509537,56.706,73,-144.211,20.256,71.91,131.0,130.137,126.72,201.0,97.18,177.09,130.81
1430,605229.513,58.944,69,-143.863,20.821,68.326,132.444,127.808,127.16,201.76,92.37,179.09,128.43
1431,605229.51809,56.379,72,-143.628,20.932,72.661,131.229,127.263,127.59,201.98,98.28,177.07,127.9
1432,605229.52127,56.502,72,-143.773,20.333,72.557,131.466,129.936,127.26,201.06,98.07,177.72,130.59
1433,605229.538291,56.757,72,-143.565,20.722,72.115,131.549,129.637,127.56,201.62,97.45,177.96,130.3
1434,605229.541949,58.127,73,-143.954,20.224,69.213,131.074,131.827,127.02,200.93,93.56,177.27,132.43
1435,605229.545434,60.427,69,-143.604,21.179,65.375,132.465,129.292,127.47,202.24,88.36,179.05,129.86
1436,605229.554195,57.736,69,-143.501,21.268,70.323,131.734,129.018,127.6,202.31,95.09,177.94,129.65
1437,605229.557945,57.529,74,-143.589,20.433,70.568,131.443,131.887,127.53,201.25,95.34,177.78,132.51
1438,605229.562292,60.21,73,-144.135,20.364,65.929,132.702,132.248,126.77,201.13,89.11,179.54,132.84
1439,605229.565163,59.109,71,-143.872,21.374,67.634,131.737,129.652,127.17,202.53,91.4,178.1,130.28
1440,605229.571012,57.709,69,-143.907,20.686,70.526,132.016,131.631,127.09,201.57,95.37,178.07,132.26
1441,605229.578594,58.761,73,-144.422,20.029,68.288,131.675,133.374,126.4,200.72,92.27,177.86,133.98
1442,605229.581563,59.922,73,-144.504,20.877,66.251,132.191,131.643,126.27,201.85,89.47,178.88,132.23
1443,605229.586104,57.815,74,-144.62,20.659,69.993,131.404,131.662,126.15,201.56,94.55,177.7,132.29
1444,605229.589173,58.009,72,-144.809,19.84,69.773,131.701,133.501,125.83,200.4,94.22,178.13,134.13
1445,605229.594656,59.308,71,-145.162,19.767,67.493,132.23,133.346,125.38,200.32,91.17,178.7,133.95
1446,605229.597393,58.057,72,-145.515,20.186,69.607,131.564,132.488,124.97,200.95,94.02,177.77,133.13
1447,605229.605794,57.585,73,-145.489,19.307,70.625,131.751,133.776,124.92,199.69,95.32,178.26,134.44
1448,605229.609687,58.5,74,-146.057,18.988,68.736,131.555,134.432,124.19,199.29,92.78,177.94,135.06
1449,605229.618833,56.781,74,-146.107,18.831,71.872,131.191,134.053,124.12,199.05,97.01,177.53,134.71
1450,605229.623011,57.453,75,-146.476,18.23,70.539,131.113,134.939,123.63,198.25,95.21,177.32,135.59
1451,605229.630376,57.773,74,-146.576,18.713,70.132,131.511,133.75,123.48,198.89,94.65,177.95,134.39
1452,605229.633583,56.262,75,-146.548,18.436,72.793,131.067,133.893,123.57,198.54,98.33,176.9,134.58
1453,605229.637477,56.461,76,-146.591,17.784,72.4,131.04,135.08,123.43,197.59,97.72,177.21,135.76
1454,605229.640839,57.306,73,-146.837,17.979,71.037,131.514,134.657,123.1,197.87,95.88,177.85,135.32
1455,605229.645278,55.879,74,-146.636,18.366,73.329,130.725,133.633,123.41,198.41,98.97,176.87,134.33
1456,605229.653717,55.574,76,-146.434,17.668,74.123,131.112,134.793,123.7,197.48,100.05,177.31,135.48
1457,605229.657862,56.51,72,-146.77,17.667,72.418,131.242,135.097,123.22,197.46,97.77,177.36,135.76
1458,605229.661851,55.864,76,-146.337,18.602,73.351,130.712,133.449,123.81,198.73,99.01,176.86,134.14
1459,605229.664859,54.93,74,-146.06,18.053,75.226,130.923,134.194,124.19,197.97,101.58,176.95,134.91
1460,605229.670887,55.471,76,-146.093,17.878,74.036,130.615,134.806,124.18,197.78,99.97,176.55,135.5
1461,605229.674185,55.827,75,-145.82,18.783,73.625,131.078,133.465,124.55,199.01,99.41,177.2,134.14
1462,605229.681923,54.458,74,-145.479,18.65,76.014,130.765,133.351,125.0,198.8,102.64,176.86,134.08
1463,605229.686092,54.922,73,-145.19,18.382,75.306,131.038,134.228,125.38,198.44,101.68,177.25,134.94
1464,605229.689285,55.744,74,-145.239,18.925,73.837,131.175,133.41,125.31,199.19,99.71,177.41,134.08
1465,605229.693255,54.233,75,-144.699,19.416,76.234,130.43,132.277,126.05,199.84,102.97,176.39,132.99
1466,605229.710516,54.713,76,-144.15,20.122,75.442,130.597,131.279,126.77,200.78,101.9,176.71,131.99
1467,605229.713219,53.826,74,-143.878,19.407,77.216,130.821,132.29,127.16,199.83,104.31,176.95,133.02
1468,605229.718218,54.698,78,-144.173,19.311,75.335,130.364,132.993,126.73,199.69,101.73,176.45,133.69
1469,605229.722416,55.384,76,-143.977,20.356,74.394,130.959,130.92,127.01,201.11,100.5,177.2,131.61
1470,605229.725349,53.786,75,-143.629,20.026,77.194,130.659,130.849,127.46,200.63,104.31,176.69,131.57
1471,605229.734375,54.496,76,-143.77,19.627,75.97,130.81,132.136,127.28,200.11,102.66,176.81,132.86
1472,605229.737548,56.117,70,-144.109,20.405,73.421,131.696,130.944,126.86,201.2,99.2,178.07,131.63
1473,605229.741241,54.352,75,-143.741,20.556,76.265,130.858,129.691,127.34,201.37,103.04,177.04,130.41
1474,605229.746421,54.459,76,-143.669,20.017,76.127,130.962,131.241,127.43,200.64,102.88,177.0,131.95
1475,605229.749442,56.189,73,-144.265,20.428,73.102,131.371,131.09,126.59,201.19,98.76,177.65,131.77
1476,605229.757902,54.911,77,-143.922,21.143,75.027,130.517,129.04,127.12,202.19,101.4,176.44,129.76
1477,605229.761826,54.764,75,-143.906,20.476,75.672,131.16,130.476,127.13,201.24,102.33,177.36,131.19
1478,605229.766202,56.142,77,-144.574,20.529,72.929,130.9,131.09,126.2,201.35,98.5,177.11,131.77
1479,605229.768854,56.064,75,-144.301,21.529,73.132,130.999,128.58,126.59,202.71,98.82,177.03,129.31
1480,605229.774672,55.222,73,-144.233,20.925,74.931,131.364,129.777,126.66,201.85,101.3,177.37,130.48
1481,605229.783342,56.511,74,-144.716,20.739,72.379,131.176,130.846,126.01,201.64,97.81,177.23,131.52
1482,605229.793413,56.816,75,-144.708,20.833,71.834,131.245,130.821,126.02,201.77,97.03,177.55,131.49
1483,605229.79808,58.217,72,-144.779,21.549,69.571,132.088,129.401,125.9,202.72,94.01,178.53,130.05
1484,605229.802771,56.521,69,-144.618,21.42,72.548,131.516,129.315,126.12,202.54,98.05,177.55,130.06
1485,605229.810134,57.178,72,-144.518,20.974,71.362,131.656,130.951,126.25,201.94,96.42,177.98,131.61
1486,605229.81384,58.808,74,-144.752,21.31,68.455,132.175,130.368,125.99,202.42,92.56,178.61,131.01
1487,605229.817616,57.118,74,-144.418,21.636,71.2,131.146,129.355,126.4,202.84,96.24,177.11,130.05
1488,605229.822485,57.306,72,-144.289,20.891,71.213,131.841,131.203,126.56,201.82,96.22,178.26,131.84
1489,605229.825204,58.92,75,-144.72,20.869,68.067,131.854,131.619,126.0,201.85,91.9,178.51,132.24
1490,605229.833866,58.052,73,-144.349,21.739,69.567,131.47,129.778,126.5,202.99,94.02,177.64,130.42
1491,605229.837848,57.494,74,-144.302,20.857,70.817,131.781,131.561,126.58,201.82,95.66,178.22,132.21
1492,605229.84144,58.917,74,-144.748,20.555,68.015,131.74,132.395,125.94,201.4,91.84,178.29,133.01
1493,605229.845324,58.502,77,-144.468,21.475,68.607,131.316,130.629,126.31,202.63,92.68,177.56,131.26
1494,605229.849849,57.573,73,-144.496,20.675,70.648,131.75,131.971,126.35,201.62,95.43,178.05,132.58
1495,605229.858318,58.592,77,-144.891,20.162,68.375,131.205,133.081,125.77,200.9,92.34,177.44,133.69
1496,605229.861481,58.837,75,-144.834,20.878,68.086,131.572,131.577,125.81,201.82,91.97,177.92,132.18
1497,605229.866149,57.633,73,-144.907,20.438,70.451,131.602,132.519,125.79,201.28,95.16,177.86,133.16
1498,605229.86896,58.65,74,-145.266,19.754,68.413,131.497,133.745,125.21,200.29,92.37,177.85,134.37
1499,605229.88653,58.285,73,-145.675,19.221,69.149,131.538,134.261,124.65,199.54,93.35,177.86,134.87
1500,605229.889344,58.994,73,-145.97,19.731,68.078,132.159,133.193,124.29,200.28,91.89,178.84,133.81
1501,605229.893707,57.309,71,-146.124,19.718,71.102,131.644,133.614,124.1,200.25,95.96,178.15,134.26
1502,605229.898809,57.925,72,-146.181,18.877,70.037,131.89,134.872,124.03,199.13,94.54,178.37,135.51
1503,605229.901401,58.985,70,-146.555,19.311,68.276,132.507,134.056,123.53,199.73,92.16,179.17,134.66
1504,605229.909888,57.088,70,-146.6,19.441,71.6,131.777,133.659,123.51,199.93,96.7,177.85,134.31
1505,605229.913342,57.306,70,-146.488,18.693,71.261,131.926,135.231,123.64,198.9,96.24,178.06,135.84
1506,605229.917143,58.44,72,-146.811,18.932,69.117,132.055,134.639,123.16,199.19,93.31,178.47,135.29
1507,605229.92228,56.609,72,-146.815,19.357,72.368,131.494,133.83,123.17,199.76,97.66,177.93,134.5
1508,605229.925514,56.502,71,-146.496,18.533,72.704,131.732,135.366,123.62,198.65,98.18,177.9,136.02
1509,605229.934398,57.992,72,-146.95,18.72,70.0,132.069,135.357,123.0,198.93,94.5,178.38,135.99
1510,605229.937407,56.191,74,-146.688,19.614,72.915,131.042,133.566,123.38,200.15,98.4,177.17,134.24
1511,605229.941858,55.719,75,-146.346,18.628,74.078,131.517,135.147,123.84,198.81,99.99,177.78,135.83
1512,605229.944872,57.311,72,-146.703,18.716,71.181,131.796,135.573,123.33,198.91,96.05,178.28,136.23
1513,605229.951164,55.937,75,-146.295,19.864,73.377,131.007,133.472,123.9,200.46,99.05,177.17,134.17
1514,605229.953741,55.184,72,-145.869,18.93,75.077,131.496,134.817,124.44,199.17,101.31,177.99,135.51
1515,605229.966536,55.595,75,-145.705,20.15,74.008,130.98,133.173,124.65,200.8,99.92,177.14,133.86
1516,605229.97037,54.532,74,-145.333,19.181,76.101,131.154,134.432,125.17,199.5,102.75,177.33,135.15
1517,605229.974192,56.06,73,-145.562,19.17,73.357,131.387,135.215,124.86,199.5,99.04,177.64,135.88
1518,605229.977354,55.316,75,-145.017,20.387,74.362,130.677,132.555,125.6,201.15,100.44,176.64,133.24
1519,605229.986426,53.989,76,-144.736,19.388,77.039,131.032,133.789,125.9,199.73,104.02,177.11,134.57
1520,605229.989456,55.368,77,-144.93,19.235,74.306,130.75,134.894,125.85,199.62,100.45,176.43,135.7
1521,605229.993497,55.402,73,-144.544,20.453,74.37,130.975,131.892,126.26,201.26,100.45,177.12,132.58
1522,605229.997157,53.755,75,-144.284,19.46,77.458,131.01,132.996,126.57,199.86,104.61,177.21,133.73
1523,605230.002375,55.042,78,-144.553,19.02,74.826,130.594,134.343,126.23,199.32,101.03,176.69,135.02
1524,605230.011131,55.591,72,-144.318,20.348,74.128,131.176,131.282,126.54,201.09,100.12,177.5,131.97
1525,605230.013489,53.591,77,-144.067,19.351,77.623,130.779,132.327,126.87,199.71,104.84,176.91,133.05
1526,605230.017871,54.996,77,-144.376,18.939,74.911,130.591,133.711,126.46,199.18,101.19,176.57,134.38
1527,605230.021282,55.629,74,-144.271,20.244,73.976,131.036,130.769,126.66,200.98,99.99,176.9,131.5
1528,605230.026204,53.705,76,-144.151,19.316,77.414,130.78,131.802,126.81,199.73,104.59,176.66,132.49
1529,605230.029013,55.206,77,-144.508,18.95,74.588,130.712,133.218,126.28,199.2,100.72,176.91,133.91
1530,605230.037391,55.744,76,-144.373,20.346,73.627,130.802,130.324,126.48,201.09,99.47,176.94,131.02
1531,605230.042186,54.175,73,-144.391,19.538,76.601,130.872,131.303,126.51,200.03,103.51,176.84,132.03
1532,605230.054911,54.536,75,-144.597,19.815,76.029,131.04,131.069,126.16,200.35,102.71,177.18,131.8
1533,605230.062255,55.923,74,-144.905,19.65,73.367,130.94,132.29,125.72,200.13,99.1,177.05,132.98
1534,605230.065854,56.521,73,-144.84,20.976,72.472,131.377,129.67,125.86,201.95,97.95,177.45,130.35
1535,605230.070101,55.052,75,-144.726,20.234,75.107,131.114,130.808,125.98,200.93,101.45,177.31,131.54
1536,605230.073415,56.434,76,-145.122,20.059,72.454,131.043,132.004,125.46,200.72,97.88,177.08,132.66
1537,605230.078441,56.602,75,-144.885,21.273,72.197,131.16,129.569,125.79,202.36,97.53,177.38,130.25
1538,605230.086766,55.462,76,-144.881,20.527,74.375,131.186,131.049,125.8,201.34,100.45,177.48,131.75
1539,605230.08985,57.09,75,-145.309,20.296,71.378,131.374,131.964,125.21,201.04,96.43,177.51,132.61
1540,605230.093294,56.812,75,-144.982,21.366,71.792,131.155,129.599,125.66,202.49,96.98,177.38,130.27
1541,605230.097062,55.992,74,-144.97,20.503,73.555,131.509,131.165,125.67,201.31,99.34,177.91,131.85
1542,605230.1027,57.564,74,-145.432,20.252,70.569,131.57,132.124,125.06,201.0,95.31,177.9,132.78
1543,605230.1054,57.216,74,-145.184,21.245,71.13,131.363,129.806,125.41,202.34,96.1,177.56,130.48
1544,605230.11378,56.416,72,-145.133,20.291,72.875,131.741,131.477,125.47,201.05,98.47,177.9,132.15
1545,605230.117607,58.248,70,-145.576,20.141,69.539,132.141,132.36,124.84,200.84,93.94,178.52,132.99
1546,605230.121265,57.464,73,-145.417,20.897,70.685,131.425,130.328,125.07,201.85,95.47,177.77,130.99
1547,605230.138242,57.535,74,-145.72,20.427,70.544,131.422,130.943,124.69,201.24,95.29,177.65,131.61
1548,605230.142553,57.116,73,-145.643,19.495,71.563,131.808,132.522,124.76,199.94,96.66,178.12,133.18
1549,605230.145489,58.721,71,-146.087,19.32,68.581,132.086,133.025,124.13,199.7,92.65,178.32,133.63
1550,605230.149495,57.427,74,-145.89,19.945,70.622,131.178,131.596,124.42,200.56,95.36,177.45,132.25
1551,605230.154342,57.392,71,-145.867,18.995,71.148,132.027,133.144,124.42,199.25,96.08,178.49,133.8
1552,605230.162953,58.833,70,-146.233,18.923,68.383,132.133,133.367,123.97,199.2,92.33,178.64,134.0
1553,605230.165514,57.348,73,-146.17,19.321,70.762,131.153,132.343,124.02,199.71,95.6,176.95,132.98
1554,605230.170575,57.309,73,-146.019,18.513,71.11,131.657,133.769,124.21,198.59,96.01,178.02,134.43
1555,605230.172854,58.764,70,-146.238,18.647,68.491,132.079,133.753,123.93,198.81,92.45,178.72,134.37
1556,605230.179013,57.2,72,-146.149,18.962,71.15,131.345,132.893,124.09,199.24,96.07,177.59,133.56
1557,605230.18185,57.106,75,-145.997,18.168,71.261,131.213,134.382,124.11,198.06,96.19,177.16,135.15
1558,605230.190121,58.584,70,-146.073,18.525,68.879,132.144,133.907,124.15,198.64,92.98,178.82,134.53
1559,605230.193495,56.783,73,-146.008,18.721,71.868,131.19,133.47,124.25,198.89,97.01,177.52,134.13
1560,605230.197777,56.867,75,-145.95,17.942,71.634,131.059,134.92,124.32,197.84,96.73,177.15,135.57
1561,605230.201127,58.214,72,-146.038,18.578,69.476,131.897,133.983,124.17,198.69,93.8,178.38,134.62
1562,605230.206978,56.374,72,-145.868,18.589,72.736,131.348,133.835,124.46,198.74,98.21,177.61,134.5
1563,605230.214199,56.586,75,-145.904,17.998,72.079,130.888,135.24,124.38,197.91,97.32,176.94,135.9
1564,605230.226198,56.401,75,-145.926,18.134,72.453,130.93,135.334,124.35,198.09,97.78,177.22,136.0
1565,605230.229763,56.685,72,-145.884,19.106,72.09,131.253,133.632,124.44,199.43,97.33,177.49,134.31
1566,605230.23496,55.319,75,-145.88,18.488,74.598,131.101,134.558,124.42,198.57,100.67,177.44,135.25
1567,605230.241606,56.449,74,-146.228,18.217,72.506,131.189,135.249,123.94,198.21,97.84,177.56,135.91
1568,605230.245992,55.846,73,-146.09,19.235,73.51,130.937,133.2,124.17,199.61,99.25,177.06,133.88
1569,605230.249244,54.963,76,-145.909,18.472,75.309,131.178,134.426,124.42,198.57,101.66,177.42,135.14
1570,605230.253852,56.294,73,-146.462,18.476,72.91,131.385,134.847,123.67,198.58,98.41,177.68,135.53
1571,605230.257296,55.301,74,-146.233,19.25,74.476,130.829,132.867,123.99,199.62,100.55,176.9,133.59
1572,605230.265555,54.678,74,-146.136,18.448,75.824,131.143,134.108,124.07,198.48,102.36,177.34,134.81
1573,605230.269917,56.244,71,-146.598,18.699,73.17,131.682,134.2,123.52,198.91,98.8,177.93,134.89
1574,605230.273866,54.683,76,-146.343,19.174,75.609,130.789,132.618,123.85,199.52,102.08,176.83,133.36
1575,605230.277179,54.835,72,-146.242,18.504,75.571,131.216,133.892,123.93,198.56,102.02,177.42,134.59
1576,605230.282664,55.949,74,-146.427,19.085,73.591,131.427,133.036,123.71,199.38,99.38,177.57,133.73
1577,605230.290492,54.373,73,-146.149,19.074,76.343,131.059,132.446,124.14,199.4,103.11,177.06,133.18
1578,605230.293386,54.881,76,-146.219,18.578,75.244,130.796,133.759,124.0,198.71,101.58,176.87,134.46
1579,605230.298378,55.916,72,-146.078,19.558,73.694,131.501,132.013,124.18,200.02,99.5,177.89,132.71
1580,605230.310426,55.642,73,-145.704,19.812,74.021,131.157,131.193,124.69,200.37,99.96,177.4,131.9
1581,605230.318255,54.307,77,-145.468,19.145,76.283,130.749,132.098,125.01,199.46,103.0,176.89,132.83
1582,605230.321466,55.689,75,-145.88,19.024,73.84,130.994,133.037,124.46,199.32,99.7,177.13,133.72
1583,605230.325718,55.365,76,-145.46,19.896,74.305,130.737,130.827,125.02,200.48,100.35,176.84,131.54
1584,605230.330437,54.822,74,-145.29,19.137,75.511,131.07,132.035,125.2,199.41,102.02,177.11,132.74
1585,605230.333009,56.529,71,-145.692,19.276,72.68,131.784,132.296,124.68,199.59,98.24,178.1,132.98
1586,605230.341357,55.243,75,-145.303,19.763,74.568,130.8,130.686,125.23,200.3,100.72,176.92,131.4
1587,605230.34651,55.348,73,-145.277,19.121,74.561,131.134,132.225,125.25,199.43,100.68,177.42,132.93
1588,605230.349044,56.87,74,-145.422,19.604,71.931,131.612,131.474,125.06,200.1,97.14,178.04,132.14
1589,605230.352997,55.254,74,-145.167,19.689,74.588,130.871,130.957,125.44,200.22,100.76,176.93,131.68
1590,605230.358381,55.738,76,-145.252,19.153,73.649,130.821,132.298,125.28,199.48,99.45,176.99,132.99
1591,605230.366795,56.911,74,-145.247,19.977,71.65,131.243,130.768,125.29,200.59,96.82,177.3,131.45
1592,605230.370394,55.597,73,-145.226,19.53,74.178,131.286,131.295,125.33,199.99,100.18,177.6,131.99
1593,605230.373547,56.675,75,-145.564,19.184,72.046,131.138,132.426,124.88,199.54,97.3,177.31,133.1
1594,605230.377573,56.673,74,-145.354,19.984,72.014,131.075,130.58,125.18,200.63,97.29,177.18,131.25
1595,605230.394158,56.343,76,-145.501,19.971,72.564,130.931,130.911,124.91,200.54,98.05,176.87,131.59
1596,605230.397721,56.506,72,-145.513,19.25,72.57,131.504,132.325,124.9,199.59,98.01,177.79,133.01
1597,605230.401545,57.789,74,-145.755,19.652,70.139,131.581,131.844,124.6,200.17,94.71,178.0,132.49
1598,605230.405958,56.278,72,-145.659,19.655,72.842,131.208,131.538,124.75,200.16,98.42,177.26,132.2
1599,605230.410018,56.906,74,-145.884,19.005,71.593,131.12,132.942,124.42,199.28,96.66,177.39,133.61
1600,605230.418534,57.769,72,-145.867,19.711,70.204,131.632,131.442,124.45,200.24,94.8,178.05,132.09
1601,605230.421749,56.397,74,-145.934,19.263,72.722,131.403,132.349,124.38,199.64,98.21,177.59,133.06
1602,605230.425948,57.647,74,-146.224,18.872,70.355,131.471,133.415,123.94,199.08,94.99,177.77,134.05
1603,605230.429353,57.202,74,-146.096,19.607,71.021,131.113,131.677,124.17,200.12,95.92,177.24,132.34
1604,605230.434707,56.569,74,-146.045,18.835,72.408,131.426,133.12,124.21,199.05,97.8,177.55,133.77
1605,605230.443089,58.163,71,-146.359,18.73,69.61,131.961,133.274,123.78,198.92,94.01,178.28,133.94
1606,605230.445876,56.773,72,-146.305,19.229,71.929,131.267,132.283,123.89,199.6,97.13,177.46,132.97
1607,605230.449416,56.813,73,-146.286,18.409,71.903,131.361,133.868,123.86,198.44,97.13,177.39,134.54
1608,605230.453782,58.049,72,-146.401,18.943,69.775,131.851,132.984,123.7,199.18,94.21,178.26,133.63
1609,605230.45834,56.455,73,-146.327,18.793,72.661,131.49,133.116,123.83,198.99,98.08,177.9,133.79
1610,605230.462329,57.026,76,-146.434,18.246,71.298,131.0,134.451,123.68,198.25,96.26,177.07,135.1
1611,605230.469388,57.317,72,-146.413,19.048,70.977,131.441,132.786,123.67,199.29,95.86,177.59,133.44
1612,605230.48222,56.342,75,-146.401,18.914,72.585,130.965,133.157,123.76,199.17,98.0,177.08,133.85
1613,605230.48544,56.275,72,-146.294,18.091,72.906,131.313,134.494,123.86,198.02,98.45,177.45,135.17
1614,605230.49536,57.312,74,-146.463,18.469,71.051,131.559,133.817,123.63,198.55,95.9,178.02,134.47
1615,605230.498829,55.736,72,-146.363,18.539,73.83,131.137,133.676,123.81,198.66,99.68,177.32,134.36
1616,605230.501572,56.22,78,-146.382,17.968,72.634,130.636,134.87,123.74,197.87,98.02,176.79,135.54
1617,605230.50506,56.472,72,-146.338,18.923,72.409,131.094,133.202,123.81,199.16,97.79,177.13,133.86
1618,605230.510275,55.361,76,-146.256,18.282,74.432,130.949,134.266,123.95,198.31,100.52,176.9,134.97
1619,605230.517908,56.919,71,-146.533,18.125,71.851,131.64,134.619,123.52,198.06,96.99,178.03,135.27
1620,605230.521963,55.402,75,-146.368,18.908,74.217,130.706,133.178,123.78,199.14,100.18,176.85,133.88
1621,605230.525885,55.421,74,-146.291,18.019,74.329,130.968,134.647,123.9,197.95,100.33,177.13,135.35
1622,605230.529226,56.427,74,-146.339,18.683,72.436,130.99,133.492,123.8,198.81,97.78,177.29,134.19
1623,605230.53491,55.069,72,-146.312,18.594,75.193,131.322,133.496,123.87,198.71,101.53,177.46,134.21
1624,605230.537668,55.609,77,-146.264,18.07,73.773,130.608,134.643,123.91,198.0,99.57,176.75,135.33
1625,605230.5459,55.819,76,-146.219,19.153,73.493,130.815,132.679,123.98,199.47,99.21,176.98,133.37
1626,605230.549769,54.775,77,-145.973,18.479,75.475,130.853,133.697,124.29,198.56,101.95,176.52,134.45
1627,605230.553199,56.227,72,-146.339,18.363,73.047,131.401,134.213,123.83,198.43,98.61,177.68,134.88
1628,605230.571072,56.201,73,-145.962,19.12,72.908,131.064,132.925,124.35,199.46,98.44,177.22,133.61
1629,605230.573518,54.622,76,-145.814,19.015,75.723,130.789,132.841,124.51,199.26,102.24,176.86,133.55
1630,605230.578163,55.418,77,-145.882,18.594,74.161,130.659,133.827,124.43,198.71,100.1,176.81,134.52
1631,605230.581621,55.601,76,-145.799,19.564,73.896,130.802,131.91,124.55,200.03,99.78,176.95,132.61
1632,605230.586655,54.793,75,-145.57,18.9,75.508,130.967,132.948,124.84,199.1,101.97,177.09,133.65
1633,605230.595444,56.298,72,-145.802,19.092,72.899,131.378,132.963,124.62,199.48,98.47,177.4,133.62
1634,605230.597701,54.793,76,-145.654,19.459,75.381,130.75,131.853,124.8,199.92,101.82,176.68,132.58
1635,605230.602015,55.339,76,-145.618,18.839,74.39,130.804,133.211,124.81,199.07,100.46,176.86,133.91
1636,605230.60467,56.214,74,-145.675,19.687,73.013,131.296,131.563,124.7,200.18,98.67,177.25,132.23
1637,605230.61091,54.738,74,-145.498,19.143,75.532,130.831,132.355,124.99,199.47,102.05,176.71,133.07
1638,605230.613515,56.379,71,-145.721,19.004,72.797,131.475,133.059,124.65,199.28,98.33,177.65,133.71
1639,605230.621302,55.528,75,-145.54,19.793,74.09,130.901,131.287,124.93,200.36,100.07,176.97,131.98
1640,605230.625777,55.452,74,-145.438,19.019,74.362,131.128,132.64,125.01,199.26,100.43,177.29,133.32
1641,605230.628831,56.805,74,-145.667,19.564,71.991,131.492,131.918,124.73,200.04,97.26,177.64,132.57
1642,605230.634358,55.468,71,-145.494,19.488,74.445,131.325,131.652,125.01,199.95,100.6,177.3,132.35
1643,605230.637449,56.113,76,-145.561,19.021,72.99,130.912,132.862,124.84,199.28,98.57,177.01,133.55
1644,605230.646079,56.439,72,-145.503,19.85,72.562,131.258,131.115,124.95,200.42,98.0,177.55,131.8
1645,605230.658474,55.911,73,-145.662,19.459,73.5,131.139,131.303,124.77,199.91,99.28,177.27,132.01
1646,605230.661088,56.25,74,-145.7,18.77,72.799,131.037,132.973,124.67,198.96,98.33,177.08,133.67
1647,605230.665418,57.099,74,-145.697,19.425,71.332,131.322,131.331,124.73,199.91,96.38,177.23,131.94
1648,605230.674713,55.81,73,-145.811,18.907,73.816,131.359,132.403,124.53,199.14,99.66,177.72,133.09
1649,605230.677359,57.61,71,-145.939,18.63,70.594,131.786,132.832,124.34,198.78,95.31,178.29,133.48
1650,605230.681777,56.218,77,-145.911,19.357,72.745,130.829,131.437,124.45,199.81,98.26,176.74,132.08
1651,605230.686223,56.473,73,-145.961,18.416,72.484,131.235,133.101,124.32,198.48,97.86,177.55,133.78
1652,605230.689786,57.788,74,-146.245,18.957,70.208,131.708,132.009,123.97,199.24,94.82,178.04,132.67
1653,605230.698184,56.112,74,-146.119,18.885,73.148,131.191,132.389,124.14,199.13,98.78,177.38,133.09
1654,605230.701715,57.256,76,-146.333,18.329,70.93,131.137,133.554,123.82,198.37,95.79,177.22,134.2
1655,605230.704977,57.029,74,-146.337,19.339,71.292,131.0,131.814,123.82,199.73,96.26,177.2,132.49
1656,605230.70944,56.503,72,-146.174,18.62,72.605,131.556,133.21,123.99,198.7,98.06,177.72,133.88
1657,605230.714508,57.94,73,-146.422,18.791,69.916,131.717,133.133,123.75,199.04,94.43,177.95,133.78
1658,605230.722364,56.368,74,-146.372,19.127,72.625,131.126,132.65,123.83,199.49,98.09,177.14,133.34
1659,605230.725087,57.133,75,-146.379,18.486,71.198,131.193,134.025,123.73,198.56,96.12,177.42,134.69
1660,605230.730015,57.03,73,-146.318,19.435,71.356,131.122,132.442,123.85,199.86,96.38,177.15,133.13
1661,605230.738214,57.883,73,-146.336,18.818,70.005,131.675,133.689,123.84,199.06,94.52,178.02,134.34
1662,605230.743144,56.353,70,-146.353,19.255,72.934,131.632,133.026,123.82,199.64,98.47,177.95,133.7
1663,605230.750412,56.874,76,-146.242,18.418,71.562,130.951,134.489,123.95,198.51,96.6,177.11,135.14
1664,605230.753435,57.001,71,-146.202,19.432,71.485,131.254,132.592,124.01,199.85,96.56,177.32,133.26
1665,605230.757625,55.751,77,-146.243,18.574,73.738,131.021,134.187,123.96,198.72,99.54,177.08,134.88
1666,605230.761981,57.979,68,-146.358,18.364,70.093,132.191,134.188,123.8,198.45,94.63,178.73,134.81
1667,605230.765297,56.028,69,-146.294,19.013,73.413,131.38,133.147,123.84,199.23,99.13,177.72,133.85
1668,605230.773404,56.44,74,-146.146,18.019,72.357,130.888,134.869,124.12,198.0,97.68,177.02,135.53
1669,605230.777437,57.096,71,-146.156,18.978,71.286,131.224,132.845,124.05,199.24,96.24,177.53,133.51
1670,605230.78159,55.526,75,-146.171,18.261,74.234,131.148,134.218,124.0,198.21,100.24,177.26,134.9
1671,605230.785124,57.614,72,-146.264,17.807,70.548,131.713,134.522,123.87,197.62,95.29,177.82,135.19
1672,605230.791177,55.82,73,-146.199,18.748,73.54,130.901,133.044,123.99,198.9,99.29,177.0,133.72
1673,605230.798502,56.136,75,-146.041,17.587,72.914,130.85,134.825,124.18,197.33,98.43,176.99,135.5
1674,605230.80161,56.929,73,-146.07,18.394,71.522,131.07,133.001,124.15,198.43,96.58,177.22,133.67
1675,605230.8058,55.431,72,-146.141,17.869,74.511,131.319,134.147,124.1,197.75,100.59,177.59,134.85
1676,605230.809339,57.391,70,-146.17,17.413,71.087,131.911,134.599,124.06,197.16,96.03,178.09,135.26
1677,605230.82645,56.764,71,-145.789,18.351,71.78,130.963,132.928,124.56,198.39,96.96,176.94,133.59
1678,605230.830013,55.209,73,-145.986,17.939,74.843,131.169,133.934,124.34,197.87,101.07,177.27,134.64
1679,605230.83345,57.094,70,-146.043,17.513,71.604,131.805,134.6,124.23,197.27,96.75,177.85,135.26
1680,605230.83881,55.666,73,-145.92,18.736,73.845,130.928,132.786,124.36,198.88,99.72,177.02,133.49
1681,605230.841204,55.607,78,-145.776,17.762,73.718,130.507,134.355,124.56,197.59,99.51,176.62,135.04
1682,605230.849779,56.637,70,-145.714,18.628,72.256,131.388,132.775,124.68,198.78,97.59,177.64,133.46
1683,605230.853691,55.067,75,-145.822,18.273,74.995,130.969,133.867,124.51,198.27,101.27,177.03,134.58
1684,605230.857425,57.105,72,-145.933,17.999,71.564,131.771,134.082,124.43,197.95,96.74,177.95,134.76
1685,605230.860877,55.512,74,-145.808,19.116,74.148,130.949,132.589,124.51,199.4,100.13,177.06,133.3
1686,605230.866745,55.938,75,-145.644,18.168,73.316,130.902,134.019,124.76,198.16,99.04,176.83,134.7
1687,605230.874938,56.261,73,-145.628,19.01,72.824,131.117,132.4,124.75,199.26,98.35,177.29,133.09
1688,605230.877231,55.311,74,-145.863,18.658,74.618,131.11,133.648,124.48,198.82,100.74,177.32,134.36
1689,605230.882676,56.862,74,-145.865,18.368,71.832,131.402,133.432,124.49,198.46,97.0,177.61,134.09
1690,605230.885195,55.617,71,-145.917,19.24,74.19,131.374,132.479,124.4,199.59,100.21,177.49,133.2
1691,605230.890351,56.016,77,-145.797,18.243,73.083,130.747,133.661,124.52,198.22,98.68,176.83,134.33
1692,605230.898004,56.088,72,-145.725,19.018,73.176,131.157,132.362,124.67,199.31,98.87,177.09,133.06
1693,605230.91043,55.553,73,-146.106,18.865,74.17,131.126,132.604,124.11,199.06,100.16,177.28,133.31
1694,605230.913975,56.34,75,-146.131,17.906,72.633,131.043,133.565,124.11,197.81,98.08,177.18,134.23
1695,605230.917542,56.037,76,-146.02,18.659,73.068,130.791,132.192,124.25,198.8,98.66,176.93,132.88
1696,605230.926778,55.625,73,-146.499,18.126,73.954,130.983,133.473,123.62,198.1,99.85,177.1,134.17
1697,605230.929191,57.012,76,-146.153,18.171,71.412,131.161,132.275,124.11,198.19,96.46,177.23,132.93
1698,605230.933901,55.367,72,-146.359,18.466,74.345,130.815,132.494,123.85,198.59,100.45,176.51,133.18
1699,605230.936853,56.874,73,-146.433,17.619,71.798,131.384,133.568,123.69,197.4,96.97,177.51,134.24
1700,605230.942621,55.937,75,-146.331,18.523,73.206,130.701,131.809,123.84,198.61,98.94,176.37,132.51
1701,605230.950471,55.841,74,-146.544,17.754,73.6,131.081,133.481,123.55,197.58,99.4,177.1,134.19
1702,605230.953371,57.272,70,-146.203,18.321,70.967,131.263,131.959,123.98,198.33,95.92,177.13,132.61
1703,605230.958243,55.636,74,-146.357,18.207,73.962,131.036,132.586,123.83,198.21,99.88,177.13,133.3
1704,605230.961834,57.502,71,-146.143,17.743,70.799,131.774,133.169,124.08,197.57,95.63,178.03,133.85
1705,605230.966526,55.842,75,-146.104,18.626,73.449,130.812,132.319,124.14,198.76,99.17,176.96,133.01
1706,605230.969697,56.422,77,-146.126,17.804,72.348,130.813,133.814,124.09,197.65,97.66,177.0,134.49
1707,605230.978122,57.207,71,-145.923,18.765,71.259,131.571,131.852,124.37,198.95,96.23,177.98,132.51
1708,605230.982031,55.952,74,-145.892,18.364,73.392,131.085,133.043,124.44,198.42,99.11,177.25,133.74
1709,605230.991187,56.048,72,-145.667,18.922,73.391,131.408,132.756,124.74,199.19,99.11,177.69,133.43
1710,605230.995084,56.943,74,-145.67,18.185,71.531,131.136,134.038,124.7,198.17,96.61,177.23,134.71
1711,605231.003218,56.608,77,-145.467,19.363,71.923,130.683,132.019,124.99,199.77,97.12,176.8,132.69
1712,605231.006442,56.202,74,-145.497,18.569,72.904,131.061,133.558,124.92,198.67,98.44,177.26,134.24
1713,605231.009545,57.663,72,-145.036,18.902,70.339,131.5,132.676,125.56,199.15,94.99,177.93,133.31
1714,605231.013038,55.898,75,-145.431,18.969,73.504,131.102,133.331,125.01,199.21,99.25,177.31,134.02
1715,605231.018054,57.524,71,-145.492,18.332,70.737,131.738,134.012,124.91,198.34,95.52,178.17,134.64
1716,605231.026046,56.369,74,-145.557,19.15,72.524,130.946,132.524,124.87,199.48,97.92,177.17,133.2
1717,605231.030294,56.558,75,-145.67,18.237,72.166,130.951,133.944,124.68,198.21,97.44,177.09,134.61
1718,605231.033462,57.038,72,-145.441,18.508,71.341,131.123,132.627,125.03,198.6,96.38,177.19,133.29
1719,605231.037054,56.08,71,-146.09,18.275,73.234,131.235,133.889,124.17,198.31,98.88,177.46,134.56
1720,605231.043052,57.493,75,-146.058,17.762,70.708,131.575,133.585,124.2,197.62,95.47,177.91,134.22
1721,605231.04611,56.152,71,-146.324,18.188,73.141,131.315,133.175,123.79,198.12,98.79,177.42,133.86
1722,605231.054349,56.979,71,-146.643,17.442,71.641,131.463,134.133,123.4,197.15,96.74,177.62,134.82
1723,605231.057734,56.154,77,-146.501,17.738,72.791,130.694,132.835,123.6,197.55,98.32,176.6,133.52
1724,605231.061667,56.084,77,-147.248,17.426,72.958,130.755,134.32,122.56,197.11,98.48,176.79,135.01
1725,605231.070243,55.587,74,-147.439,17.41,74.18,131.255,133.879,122.34,197.11,100.11,177.55,134.59
1726,605231.079333,57.375,71,-147.341,17.039,70.963,131.621,133.656,122.42,196.57,95.83,177.8,134.32
1727,605231.082165,55.438,69,-147.383,17.598,74.507,131.337,133.171,122.45,197.38,100.65,177.26,133.9
1728,605231.086138,56.463,73,-147.613,17.063,72.433,131.108,134.65,122.09,196.64,97.74,177.36,135.34
1729,605231.09339,55.36,76,-147.464,17.318,74.359,130.818,134.214,122.36,197.05,100.38,176.7,134.91
1730,605231.101932,57.17,73,-146.937,17.615,71.338,131.583,132.831,123.0,197.29,96.57,177.39,133.59
1731,605231.105691,55.382,73,-146.926,18.062,74.546,131.218,133.429,123.01,197.97,100.64,177.4,134.13
1732,605231.10945,56.993,73,-146.457,17.518,71.677,131.579,133.838,123.65,197.26,96.75,178.03,134.5
1733,605231.11294,55.503,73,-146.087,18.659,74.112,130.858,132.97,124.21,198.85,100.11,176.79,133.66
1734,605231.117805,56.114,75,-146.19,18.054,73.011,130.952,134.089,124.03,198.01,98.57,177.09,134.76
1735,605231.121433,56.132,77,-145.606,18.814,72.846,130.718,132.505,124.8,199.02,98.36,176.85,133.19
1736,605231.129465,55.781,72,-145.681,18.58,73.789,131.215,133.653,124.65,198.65,99.66,177.32,134.34
1737,605231.133163,56.618,76,-145.042,18.633,72.093,131.027,132.882,125.55,198.78,97.35,177.3,133.54
1738,605231.13685,55.399,76,-145.316,19.032,74.331,130.895,133.415,125.25,199.37,100.37,177.03,134.12
1739,605231.142343,56.736,73,-145.214,18.542,72.117,131.483,133.588,125.31,198.65,97.36,177.95,134.24
1740,605231.145585,55.65,72,-144.978,19.078,73.971,131.096,132.51,125.65,199.37,99.93,177.15,133.19
1741,605231.159306,55.942,75,-144.849,18.81,73.292,130.869,132.401,125.85,199.03,99.01,176.95,133.09
1742,605231.162713,55.699,73,-145.606,18.698,73.892,131.122,133.74,124.82,198.88,99.77,177.33,134.42
1743,605231.165179,56.468,76,-145.257,18.517,72.399,131.062,132.374,125.27,198.62,97.77,177.32,133.04
1744,605231.171306,55.193,76,-145.758,18.544,74.785,131.017,133.083,124.6,198.65,100.96,177.28,133.78
1745,605231.173456,56.632,73,-145.929,18.006,72.193,131.256,133.091,124.39,197.94,97.5,177.45,133.78
1746,605231.181451,55.022,74,-146.134,18.349,75.074,130.958,132.479,124.08,198.35,101.38,177.05,133.18
1747,605231.1856,55.934,77,-146.842,17.66,73.251,130.772,133.98,123.13,197.45,98.86,176.93,134.67
1748,605231.189141,55.775,75,-146.73,18.16,73.568,130.801,131.33,123.36,198.17,99.39,176.65,132.05
1749,605231.194679,55.382,73,-147.261,17.512,74.49,131.121,133.294,122.58,197.24,100.54,177.36,134.01
1750,605231.198688,56.775,73,-146.955,17.6,71.89,131.204,131.649,123.03,197.43,97.1,177.22,132.29
1751,605231.20581,55.378,75,-147.469,17.635,74.511,131.144,132.7,122.33,197.43,100.66,176.91,133.42
1752,605231.210276,56.966,68,-147.355,17.388,71.497,131.155,132.49,122.54,197.19,96.6,176.78,133.1
1753,605231.213668,55.894,69,-147.459,17.803,73.804,131.623,131.974,122.34,197.64,99.69,177.73,132.68
1754,605231.21723,56.737,73,-147.507,17.262,72.022,131.31,133.126,122.3,196.96,97.27,177.34,133.81
1755,605231.222171,56.158,74,-147.117,18.142,72.883,130.873,131.635,122.76,198.08,98.44,176.85,132.34
1756,605231.229999,56.374,74,-147.217,17.694,72.666,131.22,133.113,122.64,197.5,98.09,177.49,133.8
1757,605231.246312,56.169,74,-146.262,18.919,73.068,131.242,132.641,123.95,199.18,98.66,177.45,133.34
1758,605231.249343,57.293,72,-146.137,18.429,71.052,131.495,133.616,124.1,198.53,95.93,177.8,134.26
1759,605231.258323,56.532,75,-145.863,19.483,72.244,131.001,132.225,124.48,199.95,97.56,177.13,132.89
1760,605231.261349,56.692,75,-145.739,18.771,71.989,131.095,133.737,124.61,198.96,97.18,177.4,134.4
1761,605231.265766,57.204,73,-145.436,19.513,71.095,131.256,132.365,125.02,199.97,96.0,177.6,133.02
1762,605231.270222,56.213,73,-145.551,19.077,73.032,131.33,133.676,124.85,199.35,98.61,177.61,134.34
1763,605231.274168,57.94,71,-145.285,19.067,70.011,131.897,133.216,125.19,199.37,94.57,178.17,133.87
1764,605231.281803,56.145,73,-145.532,19.301,73.095,131.208,133.339,124.9,199.68,98.67,177.56,134.01
1765,605231.285788,57.604,70,-145.366,18.603,70.512,131.608,133.992,125.14,198.77,95.26,177.72,134.64
1766,605231.289331,56.156,67,-145.317,19.319,72.869,130.84,133.054,125.25,199.79,98.43,176.53,133.64
1767,605231.292953,56.815,74,-145.793,18.204,71.727,131.045,134.466,124.53,198.19,96.82,177.35,135.12
1768,605231.298377,56.607,74,-145.664,18.443,72.043,130.897,133.065,124.69,198.49,97.29,177.0,133.74
1769,605231.306759,56.39,74,-146.292,17.984,72.462,130.906,134.336,123.89,197.91,97.82,177.03,135.0
1770,605231.309758,56.915,72,-145.893,17.77,71.643,131.242,133.144,124.43,197.62,96.75,177.45,133.82
1771,605231.313783,55.937,73,-146.682,17.524,73.471,131.174,134.492,123.37,197.28,99.18,177.38,135.19
1772,605231.317071,57.193,76,-146.627,17.032,71.136,131.295,133.674,123.35,196.55,96.07,177.35,134.36
1773,605231.325146,56.864,70,-147.147,16.71,71.562,130.914,134.166,122.8,196.27,96.64,176.69,134.79
1774,605231.335398,55.419,70,-147.17,16.679,74.334,130.968,133.686,122.68,196.08,100.4,176.81,134.42
1775,605231.337128,56.38,75,-147.805,16.372,72.556,131.045,134.939,121.83,195.7,97.9,177.28,135.63
1776,605231.346465,55.49,74,-147.952,16.364,74.08,130.756,134.923,121.64,195.68,99.95,176.89,135.63
1777,605231.349827,56.196,74,-147.301,16.744,72.853,130.948,132.789,122.53,196.2,98.41,176.85,133.49
1778,605231.357992,54.918,76,-147.72,16.829,75.195,130.833,134.424,121.97,196.31,101.51,176.77,135.14
1779,605231.36105,56.815,73,-147.342,16.896,72.057,131.65,133.604,122.44,196.39,97.28,177.96,134.27
1780,605231.365913,54.939,73,-147.379,17.456,75.345,131.161,133.672,122.4,197.14,101.71,177.31,134.38
1781,605231.369208,56.627,70,-147.21,17.076,72.438,131.685,134.183,122.61,196.62,97.85,177.69,134.89
1782,605231.373972,55.075,72,-146.722,18.199,74.999,131.002,133.083,123.24,198.12,101.27,176.96,133.83
1783,605231.383164,55.797,75,-146.821,17.839,73.613,130.956,134.259,123.16,197.69,99.35,177.18,134.95
1784,605231.386094,55.352,77,-146.276,18.681,74.31,130.704,132.622,123.93,198.85,100.34,176.72,133.33
1785,605231.390189,55.31,78,-146.28,18.407,74.321,130.588,133.974,123.9,198.46,100.35,176.51,134.67
1786,605231.392774,55.734,72,-145.473,18.896,73.764,131.009,132.517,125.03,199.16,99.66,177.0,133.22
1787,605231.398368,55.043,73,-145.833,18.863,75.018,130.931,133.882,124.52,199.1,101.28,177.07,134.59
1788,605231.402011,56.362,75,-145.22,19.045,72.753,131.337,132.624,125.25,199.27,98.29,177.39,133.31
1789,605231.418235,54.783,74,-144.943,19.23,75.52,130.957,132.99,125.7,199.57,102.0,177.01,133.67
1790,605231.421482,56.08,72,-145.363,18.827,73.234,131.237,133.471,125.12,199.03,98.87,177.59,134.15
1791,605231.426946,54.928,75,-145.149,19.139,75.045,130.601,132.108,125.42,199.45,101.34,176.7,132.82
1792,605231.433814,55.452,77,-145.574,18.5,74.047,130.572,133.6,124.86,198.6,100.02,176.41,134.29
1793,605231.437861,55.324,78,-145.275,18.7,74.278,130.558,131.524,125.28,198.88,100.34,176.51,132.24
1794,605231.441953,55.046,73,-146.118,18.143,75.022,130.948,133.524,124.11,198.1,101.27,177.18,134.23
1795,605231.445775,56.478,71,-145.842,18.191,72.552,131.374,131.315,124.49,198.17,98.05,177.41,132.0
1796,605231.450966,54.959,74,-146.434,17.891,75.169,130.918,132.753,123.68,197.73,101.51,176.98,133.46
1797,605231.459378,56.661,76,-146.273,17.444,72.037,131.073,131.998,123.89,197.14,97.31,177.16,132.69
1798,605231.462107,55.122,74,-146.74,17.582,74.871,130.933,132.332,123.31,197.36,101.11,176.97,133.05
1799,605231.465981,57.019,69,-147.159,17.298,71.769,131.842,132.289,122.76,196.98,96.99,177.87,132.97
1800,605231.468762,55.273,70,-147.297,17.385,74.64,131.025,132.097,122.51,197.07,100.78,176.93,132.88
1801,605231.474321,56.976,69,-147.612,17.12,71.854,131.843,132.829,122.11,196.72,97.05,178.02,133.49
1802,605231.477356,55.592,73,-147.465,17.616,74.091,131.118,131.639,122.35,197.4,100.06,177.18,132.37
1803,605231.48589,56.332,77,-147.796,17.189,72.48,130.739,133.123,121.86,196.81,97.83,176.81,133.82
1804,605231.489775,56.175,74,-147.396,17.929,72.935,131.024,131.192,122.44,197.83,98.56,176.82,131.91
1805,605231.50266,56.165,73,-147.168,18.123,73.192,131.452,132.734,122.67,198.01,98.94,177.29,133.45
1806,605231.510728,57.623,75,-146.596,18.264,70.531,131.713,132.095,123.45,198.27,95.24,178.07,132.77
1807,605231.514145,56.194,75,-146.501,18.834,73.007,131.217,132.572,123.65,199.08,98.6,177.28,133.27
1808,605231.518774,57.663,73,-146.055,18.585,70.511,131.822,132.75,124.19,198.72,95.2,178.34,133.4
1809,605231.521063,56.547,70,-145.83,19.416,72.548,131.606,132.467,124.5,199.84,98.0,177.8,133.14
1810,605231.526192,57.263,74,-145.577,18.919,71.022,131.33,133.327,124.89,199.22,95.94,177.43,133.98
1811,605231.53368,56.617,73,-145.22,19.756,72.233,131.276,132.476,125.33,200.29,97.58,177.4,133.14
1812,605231.537823,56.818,74,-145.463,19.113,71.781,131.154,133.833,125.01,199.45,96.96,177.16,134.5
1813,605231.541664,56.908,75,-145.072,19.619,71.584,131.109,132.399,125.52,200.12,96.66,177.41,133.06
1814,605231.545231,56.601,74,-145.43,19.169,72.185,131.134,133.831,125.03,199.5,97.44,177.48,134.49
1815,605231.550457,57.132,72,-144.896,19.104,71.28,131.342,132.774,125.77,199.43,96.28,177.62,133.44
1816,605231.553499,56.513,71,-145.649,18.828,72.528,131.449,134.125,124.71,199.01,97.92,177.79,134.77
1817,605231.561731,57.363,72,-145.489,18.493,71.011,131.668,133.297,124.97,198.62,95.9,178.03,133.94
1818,605231.565729,56.364,74,-145.989,18.252,72.715,131.274,133.971,124.3,198.27,98.17,177.54,134.65
1819,605231.569396,57.304,73,-145.984,18.031,71.019,131.473,133.364,124.31,197.98,95.9,177.77,134.03
1820,605231.586465,55.46,71,-147.119,17.093,74.463,131.332,133.812,122.77,196.67,100.55,177.43,134.54
1821,605231.589534,57.137,71,-147.593,16.669,71.481,131.729,134.846,122.11,196.1,96.51,177.94,135.49
1822,605231.593783,55.303,72,-147.521,16.691,74.652,131.143,133.444,122.24,196.09,100.87,177.2,134.13
1823,605231.596918,56.238,75,-148.286,16.244,72.794,130.983,135.2,121.19,195.53,98.21,177.19,135.89
1824,605231.602191,55.272,78,-148.034,16.457,74.296,130.418,133.075,121.57,195.83,100.3,176.27,133.8
1825,605231.6111,55.633,77,-148.584,16.048,73.773,130.689,134.996,120.8,195.26,99.57,176.57,135.71
1826,605231.61405,55.759,76,-148.054,16.403,73.582,130.772,132.808,121.54,195.75,99.35,176.73,133.54
1827,605231.617367,55.265,76,-148.358,16.39,74.457,130.677,134.654,121.1,195.72,100.46,176.76,135.38
1828,605231.620832,56.212,72,-147.786,16.789,73.035,131.329,132.917,121.86,196.24,98.62,177.47,133.61
1829,605231.626802,55.021,75,-147.806,17.005,74.937,130.717,134.19,121.82,196.52,101.19,176.48,134.91
1830,605231.629335,56.243,75,-147.108,17.221,72.882,131.16,133.169,122.83,196.9,98.44,177.17,133.87
1831,605231.638335,54.997,77,-147.05,17.741,75.019,130.784,134.041,122.88,197.57,101.26,176.84,134.75
1832,605231.641033,56.187,76,-146.504,18.047,73.048,131.266,133.539,123.59,197.98,98.6,177.59,134.22
1833,605231.645268,54.965,75,-146.153,18.632,75.143,130.892,133.689,124.1,198.78,101.45,176.99,134.41
1834,605231.650271,56.197,71,-145.612,18.631,73.157,131.495,133.63,124.79,198.77,98.76,177.95,134.3
1835,605231.654106,54.964,71,-145.277,19.275,75.341,131.234,133.489,125.25,199.64,101.76,177.37,134.19
1836,605231.66329,55.841,72,-145.322,19.065,73.717,131.288,134.014,125.18,199.36,99.51,177.68,134.69
1837,605231.673914,54.654,76,-144.354,19.677,75.599,130.676,132.808,126.51,200.2,102.1,176.76,133.5
1838,605231.678006,55.242,77,-145.043,19.18,74.49,130.659,134.156,125.55,199.51,100.55,176.86,134.84
1839,605231.681648,55.05,78,-144.644,19.277,74.799,130.571,132.13,126.11,199.64,101.06,176.48,132.83
1840,605231.690684,54.979,75,-145.239,18.955,74.975,130.647,133.9,125.29,199.2,101.21,176.82,134.6
1841,605231.693683,55.175,75,-145.038,18.766,74.674,130.762,131.875,125.57,198.95,100.85,176.91,132.58
1842,605231.697064,54.713,75,-145.855,18.354,75.562,130.805,133.638,124.47,198.38,102.0,176.99,134.35
1843,605231.70246,55.692,73,-145.944,18.213,73.84,131.005,131.388,124.39,198.22,99.75,177.05,132.08
1844,605231.705117,54.384,75,-146.512,17.724,76.271,130.971,133.12,123.57,197.49,103.03,176.84,133.85
1845,605231.713855,56.412,70,-146.623,17.455,72.686,131.387,131.651,123.51,197.27,98.17,177.36,132.28
1846,605231.717846,54.411,76,-147.245,17.232,76.183,130.906,132.493,122.59,196.83,102.91,176.7,133.23
1847,605231.72142,56.641,72,-147.457,16.863,72.349,131.572,131.942,122.35,196.39,97.72,177.76,132.65
1848,605231.725434,54.742,76,-147.656,16.967,75.496,130.783,131.941,122.07,196.5,101.97,176.61,132.7
1849,605231.730143,56.694,72,-147.888,16.54,72.212,131.508,132.474,121.76,195.95,97.51,177.69,133.16
1850,605231.737857,55.33,70,-147.907,16.946,74.577,131.102,131.782,121.69,196.46,100.67,177.2,132.55
1851,605231.741312,56.815,73,-147.769,16.725,71.94,131.434,132.351,121.87,196.17,97.11,177.67,133.07
1852,605231.745309,55.666,70,-147.476,17.363,74.153,131.473,131.68,122.31,197.04,100.12,177.76,132.4
1853,605231.748906,56.788,74,-147.425,17.103,71.791,131.068,132.618,122.3,196.65,96.95,177.0,133.33
1854,605231.75773,56.746,76,-146.818,17.749,71.838,131.009,132.831,123.21,197.62,97.06,176.8,133.5
1855,605231.766912,56.064,76,-146.194,18.796,73.008,130.777,131.58,124.02,198.99,98.59,176.87,132.28
1856,605231.769725,56.621,77,-146.112,18.537,72.014,130.893,132.958,124.12,198.65,97.22,177.09,133.63
1857,605231.773449,56.493,74,-145.544,19.329,72.289,130.95,131.69,124.94,199.76,97.67,176.93,132.37
1858,605231.781034,56.912,74,-144.87,19.604,71.648,131.243,132.003,125.81,200.12,96.78,177.47,132.65
1859,605231.79019,56.559,72,-145.244,19.562,72.351,131.292,133.306,125.31,200.06,97.7,177.57,133.98
1860,605231.793979,57.121,74,-144.708,19.702,71.253,131.252,132.127,126.01,200.23,96.23,177.61,132.78
1861,605231.79713,56.321,73,-145.1,19.629,72.752,131.193,133.492,125.5,200.15,98.29,177.2,134.17
1862,605231.800966,57.263,73,-144.573,19.413,71.125,131.524,132.303,126.24,199.89,96.11,177.69,132.96
1863,605231.805477,56.207,70,-145.277,19.354,73.236,131.672,133.955,125.26,199.77,98.88,178.08,134.62
1864,605231.814985,57.501,72,-145.105,18.964,70.821,131.813,132.557,125.41,199.18,95.68,178.08,133.2
1865,605231.818218,55.995,70,-145.7,18.662,73.659,131.706,133.769,124.67,198.81,99.43,178.23,134.45
1866,605231.821318,57.477,70,-145.722,18.282,70.772,131.636,132.677,124.61,198.28,95.59,177.94,133.34
1867,605231.825444,55.402,74,-146.433,17.766,74.295,130.842,133.946,123.69,197.61,100.35,176.59,134.67
1868,605231.829323,57.383,72,-146.852,17.463,70.933,131.597,133.274,123.13,197.21,95.82,177.67,133.92
1869,605231.834296,55.67,74,-147.34,17.076,74.014,131.24,133.818,122.45,196.63,99.92,177.42,134.51
1870,605231.845932,55.564,73,-147.913,16.443,74.234,131.275,133.83,121.7,195.79,100.19,177.54,134.54
1871,605231.850248,57.212,72,-148.352,16.195,71.236,131.546,133.732,121.08,195.43,96.22,177.5,134.42
1872,605231.853245,55.699,69,-148.379,16.135,74.216,131.697,133.869,121.09,195.36,100.2,177.86,134.59
1873,605231.858514,57.173,71,-148.652,15.956,71.416,131.74,134.118,120.7,195.14,96.42,177.9,134.78
1874,605231.866574,55.503,71,-148.386,16.246,74.425,131.41,133.776,121.11,195.57,100.46,177.52,134.47
1875,605231.869474,56.849,71,-148.622,16.021,71.912,131.502,134.602,120.74,195.23,97.03,177.86,135.29
1876,605231.873335,55.595,70,-147.994,16.605,74.298,131.49,133.551,121.57,195.98,100.3,177.69,134.25
1877,605231.878313,56.521,72,-147.94,16.522,72.473,131.38,134.804,121.63,195.88,97.81,177.6,135.5
1878,605231.881083,55.344,71,-147.21,17.282,74.529,131.065,133.563,122.65,196.92,100.64,177.06,134.25
1879,605231.89049,56.065,76,-147.271,17.256,73.123,130.985,134.962,122.64,196.97,98.72,176.88,135.69
1880,605231.893363,55.26,73,-146.496,18.037,74.531,130.789,133.413,123.65,197.99,100.65,176.74,134.13
1881,605231.897207,55.891,73,-146.342,18.013,73.498,131.067,134.771,123.8,197.93,99.19,177.37,135.45
1882,605231.901151,54.975,77,-145.458,18.659,74.942,130.575,133.537,125.02,198.82,101.19,176.59,134.25
1883,605231.906384,55.651,77,-145.706,18.757,73.87,130.921,134.844,124.65,198.94,99.69,177.21,135.52
1884,605231.909684,55.145,76,-145.03,19.336,74.745,130.787,133.359,125.6,199.73,100.93,176.91,134.06
1885,605231.917656,55.519,76,-145.155,19.13,74.136,130.951,134.724,125.42,199.47,100.08,177.17,135.39
1886,605231.921695,54.702,77,-144.526,19.574,75.448,130.574,133.318,126.27,200.06,101.89,176.63,134.01
1887,605231.934482,54.908,77,-145.085,19.07,75.149,130.719,134.51,125.49,199.36,101.43,176.95,135.2
1888,605231.942156,54.766,76,-144.72,19.082,75.361,130.628,132.717,126.0,199.37,101.76,176.78,133.42
1889,605231.945403,54.727,77,-145.598,18.624,75.464,130.68,134.531,124.79,198.73,101.87,176.77,135.24
1890,605231.949637,54.994,76,-145.52,18.722,74.982,130.709,132.4,124.95,198.9,101.27,176.72,133.12
1891,605231.953104,54.526,74,-146.078,18.091,75.914,130.812,134.017,124.14,198.01,102.53,176.68,134.75
1892,605231.958273,55.073,75,-145.96,18.075,74.95,130.908,132.146,124.33,198.01,101.2,177.08,132.86
1893,605231.965821,54.478,75,-146.781,17.616,75.944,130.709,133.915,123.21,197.36,102.53,176.6,134.67
1894,605231.969582,55.19,74,-146.759,17.626,74.683,130.826,131.842,123.26,197.4,100.84,176.91,132.56
1895,605231.973562,54.457,75,-147.284,17.163,75.988,130.718,133.424,122.55,196.76,102.6,176.63,134.14
1896,605231.977064,55.279,75,-147.157,17.142,74.51,130.814,131.759,122.73,196.74,100.66,176.65,132.51
1897,605231.982198,54.86,73,-147.741,16.904,75.371,130.95,133.317,121.92,196.39,101.75,176.98,134.06
1898,605231.985313,55.596,75,-147.46,17.158,74.022,131.006,131.513,122.35,196.8,100.01,176.75,132.21
1899,605231.994031,54.903,75,-147.676,16.939,75.188,130.77,132.978,122.03,196.46,101.49,176.84,133.71
1900,605231.99734,55.809,74,-147.283,17.184,73.678,131.11,131.494,122.58,196.82,99.5,177.18,132.19
1901,605232.000793,55.281,71,-147.379,17.194,74.716,131.184,132.9,122.43,196.81,100.86,177.41,133.62
1902,605232.009193,55.314,73,-146.827,17.747,74.57,131.036,132.654,123.19,197.58,100.7,177.11,133.36
1903,605232.01925,56.451,74,-146.134,18.174,72.513,131.209,131.567,124.12,198.17,97.95,177.33,132.25
1904,605232.021953,55.401,75,-146.258,18.303,74.296,130.843,132.663,123.92,198.3,100.33,176.91,133.36
1905,605232.025687,56.615,74,-145.618,18.545,72.246,131.295,131.914,124.83,198.71,97.61,177.22,132.52
1906,605232.029398,55.585,76,-145.644,18.882,73.926,130.799,132.649,124.8,199.15,99.86,176.76,133.35
1907,605232.034064,56.827,72,-144.925,19.051,71.94,131.477,131.827,125.74,199.37,97.19,177.74,132.48
1908,605232.042027,55.663,74,-145.071,19.242,73.919,131.049,132.832,125.53,199.59,99.85,177.11,133.53
1909,605232.045274,57.004,73,-144.788,19.304,71.611,131.498,132.175,125.85,199.64,96.76,177.69,132.83
1910,605232.050502,55.746,75,-144.87,19.336,73.723,130.978,132.837,125.82,199.75,99.62,176.92,133.53
1911,605232.052853,56.796,73,-144.54,19.317,71.834,131.173,132.123,126.26,199.72,97.05,177.38,132.79
1912,605232.058608,56.027,72,-144.901,19.282,73.418,131.385,133.324,125.75,199.66,99.12,177.81,134.0
1913,605232.061573,56.651,73,-144.929,19.317,72.149,131.244,132.048,125.73,199.73,97.46,177.45,132.71
1914,605232.069717,55.904,74,-145.394,18.976,73.505,131.122,133.414,125.1,199.26,99.26,177.33,134.09
1915,605232.073715,56.603,77,-145.386,18.92,72.061,130.915,132.04,125.1,199.16,97.32,177.11,132.71
1916,605232.077334,55.85,74,-145.962,18.657,73.675,131.243,133.464,124.38,198.86,99.54,177.09,134.1
1917,605232.082362,56.843,74,-146.219,18.349,71.789,131.259,132.278,123.98,198.39,96.94,177.55,132.95
1918,605232.086637,55.752,75,-146.674,18.102,73.787,131.113,133.325,123.37,198.0,99.74,177.16,134.03
1919,605232.098408,55.884,73,-147.355,17.649,73.615,131.253,133.44,122.45,197.42,99.41,177.3,134.13
1920,605232.102956,56.738,74,-147.37,17.571,72.058,131.382,132.176,122.44,197.33,97.33,177.43,132.85
1921,605232.105302,55.879,72,-147.847,17.313,73.665,131.323,133.549,121.77,196.95,99.44,177.49,134.27
1922,605232.110739,56.678,72,-147.657,17.265,72.146,131.331,132.242,122.08,196.93,97.43,177.45,132.95
1923,605232.118292,55.808,71,-147.956,17.207,73.899,131.498,133.594,121.7,196.87,99.78,177.59,134.31
1924,605232.121193,56.873,73,-147.619,17.345,71.885,131.54,132.333,122.14,197.02,97.18,177.44,133.03
1925,605232.125488,55.796,71,-147.651,17.463,73.852,131.377,133.453,122.03,197.15,99.75,177.32,134.15
1926,605232.128785,56.826,71,-146.931,17.657,71.89,131.384,132.222,123.0,197.42,97.15,177.29,132.89
1927,605232.134707,55.76,72,-147.019,17.828,73.945,131.419,133.59,122.91,197.67,99.87,177.37,134.3
1928,605232.13812,56.661,74,-146.442,18.187,72.097,131.184,132.402,123.7,198.19,97.37,177.31,133.07
1929,605232.14583,55.674,76,-146.368,18.306,73.806,130.883,133.573,123.82,198.37,99.66,176.88,134.27
1930,605232.148975,56.524,72,-145.437,18.728,72.457,131.361,132.305,125.03,198.9,97.85,177.71,132.98
1931,605232.153441,55.684,76,-145.489,18.841,73.777,130.866,133.823,124.96,199.04,99.69,176.63,134.5
1932,605232.157653,56.334,74,-145.021,19.286,72.73,131.199,132.384,125.61,199.68,98.28,177.18,133.07
1933,605232.162108,55.757,74,-145.015,19.244,73.734,131.033,133.806,125.61,199.61,99.56,177.25,134.49
1934,605232.170448,56.161,73,-144.374,19.519,72.985,131.066,132.283,126.46,199.97,98.62,177.13,132.95
1935,605232.173511,55.752,73,-144.711,19.41,73.794,131.125,133.97,126.02,199.85,99.69,177.14,134.65
1936,605232.182453,55.622,75,-144.69,19.369,73.889,130.86,133.871,126.02,199.77,99.75,177.13,134.55
1937,605232.187071,55.724,74,-144.303,19.523,73.685,130.838,132.229,126.55,199.98,99.52,177.05,132.91
1938,605232.189419,55.73,73,-144.954,19.165,73.846,131.143,133.967,125.7,199.51,99.71,177.39,134.65
1939,605232.198409,55.888,74,-144.94,19.239,73.479,131.022,132.274,125.7,199.59,99.23,177.28,132.95
1940,605232.202051,55.589,75,-145.51,18.751,73.944,130.844,133.844,124.93,198.93,99.86,176.86,134.51
1941,605232.205085,55.574,75,-145.43,18.766,73.975,130.85,132.23,125.07,198.97,99.92,176.92,132.92
1942,605232.210792,55.728,75,-146.214,18.378,73.729,130.93,133.86,123.98,198.42,99.56,176.94,134.53
1943,605232.214899,55.409,77,-146.166,18.444,74.124,130.565,132.16,124.08,198.53,100.11,176.5,132.87
1944,605232.222043,55.709,75,-146.763,17.995,73.76,130.919,133.601,123.22,197.88,99.58,177.01,134.31
1945,605232.225311,55.364,76,-146.727,18.053,74.306,130.738,132.061,123.29,197.95,100.39,176.52,132.78
1946,605232.230157,55.797,76,-147.333,17.671,73.589,130.912,133.545,122.46,197.44,99.34,176.98,134.24
1947,605232.233406,55.448,77,-147.057,17.91,74.119,130.687,131.834,122.89,197.8,100.1,176.62,132.55
1948,605232.238455,55.864,76,-147.473,17.549,73.451,130.893,133.377,122.3,197.3,99.18,176.83,134.07
1949,605232.246914,55.331,76,-147.066,17.827,74.274,130.571,131.776,122.85,197.67,100.29,176.56,132.5
1950,605232.249459,56.202,75,-147.344,17.68,72.905,131.061,133.226,122.44,197.46,98.43,177.15,133.93
1951,605232.253493,55.406,73,-146.808,17.977,74.442,131.115,131.936,123.23,197.89,100.54,177.2,132.66
1952,605232.256888,56.542,73,-146.981,17.918,72.338,131.206,133.007,122.9,197.75,97.7,177.21,133.69
1953,605232.274286,55.711,71,-145.957,18.846,74.066,131.468,131.906,124.37,199.08,100.09,177.45,132.62
1954,605232.277494,56.707,71,-145.904,18.794,72.165,131.468,132.902,124.39,198.99,97.43,177.87,133.57
1955,605232.281064,55.713,71,-145.309,19.361,74.124,131.578,131.992,125.21,199.76,100.09,178.02,132.68
1956,605232.286208,56.95,72,-145.267,19.39,71.838,131.721,132.545,125.23,199.78,97.02,178.11,133.19
1957,605232.289541,55.665,69,-145.009,19.705,74.21,131.569,132.238,125.58,200.2,100.23,177.88,132.94
1958,605232.298013,57.035,73,-144.888,19.723,71.568,131.529,132.144,125.81,200.3,96.67,177.79,132.79
1959,605232.301894,55.79,69,-144.796,19.815,74.136,131.863,132.397,125.91,200.37,100.16,178.18,133.08
1960,605232.305277,57.142,71,-145.04,19.777,71.535,131.846,132.152,125.57,200.33,96.65,178.15,132.83
1961,605232.309204,55.695,74,-144.958,19.775,73.884,131.094,132.3,125.68,200.32,99.77,177.38,132.99
1962,605232.314646,57.118,72,-145.03,19.598,71.495,131.689,132.021,125.55,200.07,96.58,178.05,132.68
1963,605232.322615,55.834,74,-145.317,19.502,73.731,131.288,132.591,125.17,199.92,99.58,177.52,133.26
1964,605232.325423,57.087,73,-145.572,19.32,71.513,131.613,131.812,124.9,199.75,96.62,177.79,132.48
1965,605232.329857,55.909,74,-145.956,18.98,73.553,131.227,132.713,124.31,199.21,99.33,177.42,133.39
1966,605232.333249,57.062,72,-145.982,18.798,71.562,131.611,131.622,124.3,199.0,96.65,178.0,132.29
1967,605232.338574,56.023,74,-146.569,18.453,73.325,131.205,132.834,123.51,198.54,98.99,177.33,133.56
1968,605232.342138,56.931,72,-146.571,18.356,71.712,131.426,131.53,123.56,198.44,96.89,177.49,132.21
1969,605232.358341,56.285,73,-147.382,17.634,72.759,131.083,133.288,122.42,197.41,98.25,177.06,134.0
1970,605232.361296,56.509,72,-147.042,17.745,72.352,131.117,131.598,122.88,197.56,97.75,177.06,132.31
1971,605232.36688,56.476,77,-147.461,17.547,72.277,130.868,133.452,122.28,197.28,97.58,176.9,134.15
1972,605232.375022,56.19,76,-146.951,17.753,72.779,130.795,131.816,123.0,197.58,98.27,176.87,132.52
1973,605232.377636,56.833,77,-147.32,17.684,71.676,131.013,133.625,122.53,197.54,96.76,177.04,134.28
1974,605232.38157,56.136,75,-146.74,18.085,72.998,131.002,132.129,123.31,198.04,98.58,177.06,132.84
1975,605232.386481,57.097,73,-146.983,17.998,71.387,131.414,133.723,122.92,197.89,96.37,177.67,134.4
1976,605232.389412,56.017,72,-146.262,18.532,73.312,131.161,132.231,123.91,198.6,99.06,177.08,132.92
1977,605232.397238,57.12,71,-146.587,18.448,71.45,131.61,133.752,123.5,198.54,96.46,177.96,134.43
1978,605232.402059,56.008,70,-146.111,18.901,73.265,131.048,132.566,124.02,199.06,98.97,176.87,133.31
1979,605232.405939,57.222,70,-146.004,18.91,71.37,131.827,133.611,124.28,199.17,96.37,178.24,134.28
1980,605232.409277,56.132,70,-145.451,19.306,73.404,131.719,132.779,125.05,199.7,99.18,177.84,133.45
1981,605232.414383,57.261,72,-145.524,19.378,71.28,131.8,133.388,124.92,199.79,96.28,178.1,134.04
1982,605232.417945,55.91,73,-145.246,19.622,73.642,131.388,133.143,125.31,200.13,99.47,177.52,133.8
1983,605232.425977,57.234,73,-145.034,19.775,71.21,131.577,132.81,125.56,200.33,96.15,178.06,133.46
1984,605232.429347,55.785,72,-144.96,19.74,73.925,131.47,133.328,125.69,200.3,99.82,177.82,134.0
1985,605232.438771,55.883,74,-144.988,19.897,73.617,131.252,133.355,125.61,200.46,99.4,177.53,134.02
1986,605232.442291,56.915,72,-144.654,19.902,71.818,131.564,132.534,126.06,200.47,97.0,177.92,133.17
1987,605232.450393,55.815,75,-145.026,19.725,73.667,131.11,133.761,125.59,200.28,99.49,177.16,134.41
1988,605232.453193,56.579,73,-145.098,19.838,72.356,131.368,132.405,125.53,200.45,97.75,177.52,133.08
1989,605232.457476,56.066,72,-145.51,19.345,73.325,131.35,133.739,124.9,199.71,99.01,177.63,134.4
1990,605232.461099,56.219,73,-145.482,19.384,72.918,131.142,132.311,124.97,199.79,98.46,177.44,132.99
1991,605232.465588,55.927,76,-146.042,18.926,73.31,130.851,134.03,124.24,199.19,98.97,176.96,134.72
1992,605232.474638,55.973,75,-146.081,19.024,73.263,130.925,132.382,124.17,199.3,98.92,177.12,133.07
1993,605232.477477,56.32,73,-146.575,18.522,72.731,131.152,133.815,123.51,198.64,98.19,177.34,134.49
1994,605232.481934,55.733,75,-146.467,18.451,73.784,131.044,132.558,123.65,198.52,99.61,177.27,133.26
1995,605232.485007,56.758,73,-147.114,18.133,72.044,131.425,133.736,122.79,198.12,97.25,177.68,134.4
1996,605232.48956,55.87,71,-146.985,18.076,73.87,131.658,132.571,122.97,198.03,99.8,177.63,133.31
1997,605232.49372,56.929,72,-147.344,17.809,71.719,131.432,133.54,122.46,197.65,96.86,177.52,134.2
1998,605232.501582,55.771,69,-147.148,17.847,74.027,131.603,132.856,122.73,197.7,99.97,177.61,133.54
1999,605232.506058,57.272,70,-147.327,17.784,71.336,131.945,133.027,122.49,197.62,96.3,178.45,133.7
2000,605232.508881,55.626,74,-147.232,17.846,74.057,131.17,132.983,122.65,197.72,99.98,177.3,133.71
2001,605232.526399,56.854,77,-146.627,18.274,71.754,131.233,132.381,123.43,198.29,96.88,177.5,133.06
2002,605232.5299,55.671,78,-146.573,18.377,73.788,130.843,133.283,123.47,198.4,99.6,176.91,134.02
2003,605232.533698,56.545,75,-145.881,18.757,72.275,131.105,132.121,124.41,198.92,97.62,177.23,132.81
2004,605232.537413,55.804,75,-145.961,18.735,73.641,131.028,133.735,124.32,198.91,99.44,177.08,134.4
2005,605232.542349,56.427,74,-145.562,19.309,72.58,131.246,132.233,124.87,199.69,98.05,177.33,132.93
2006,605232.549625,56.293,72,-145.559,19.234,72.907,131.376,133.656,124.86,199.58,98.46,177.57,134.33
2007,605232.553337,55.874,75,-144.814,19.752,73.43,130.886,132.303,125.89,200.31,99.18,177.01,132.98
2008,605232.557322,56.39,75,-145.099,19.606,72.591,131.139,133.961,125.53,200.14,98.04,177.26,134.62
2009,605232.560807,55.818,74,-144.619,20.078,73.688,131.157,132.452,126.13,200.73,99.5,177.49,133.13
2010,605232.566311,56.631,72,-144.805,19.876,72.075,131.04,133.786,125.78,200.4,97.34,177.05,134.47
2011,605232.56987,55.669,72,-144.316,20.141,74.16,131.497,132.763,126.47,200.76,100.2,177.66,133.45
2012,605232.578304,56.985,73,-144.793,19.92,71.733,131.656,133.445,125.86,200.52,96.82,178.18,134.11
2013,605232.581338,55.631,74,-144.613,20.069,74.098,131.259,132.886,126.14,200.72,100.09,177.42,133.57
2014,605232.585392,57.137,74,-144.814,19.843,71.479,131.728,132.971,125.95,200.5,96.58,177.87,133.63
2015,605232.591092,55.512,75,-144.932,19.676,74.276,131.175,133.174,125.71,200.19,100.28,177.53,133.86
2016,605232.594157,56.911,73,-145.223,19.637,71.848,131.603,132.434,125.29,200.12,97.04,177.95,133.1
2017,605232.610315,55.846,73,-146.163,18.696,73.649,131.185,133.734,124.08,198.87,99.43,177.4,134.43
2018,605232.612859,56.284,72,-146.3,18.777,72.861,131.262,131.939,123.91,198.99,98.46,177.2,132.64
2019,605232.618782,56.352,73,-146.754,18.336,72.734,131.269,133.601,123.28,198.39,98.19,177.47,134.28
2020,605232.627121,55.667,76,-146.516,18.341,73.726,130.72,132.164,123.57,198.35,99.56,176.72,132.86
2021,605232.630079,56.659,74,-147.174,18.012,71.957,130.923,133.807,122.63,197.89,97.14,176.9,134.52
2022,605232.63421,55.876,71,-146.814,18.173,73.728,131.425,132.358,123.19,198.15,99.59,177.49,133.03
2023,605232.636841,57.085,72,-147.186,17.937,71.453,131.496,133.472,122.68,197.86,96.41,177.85,134.12
2024,605232.642555,55.851,70,-146.874,18.033,73.912,131.671,132.532,123.11,197.95,99.79,178.09,133.23
2025,605232.645313,57.323,72,-147.096,18.009,71.081,131.655,133.065,122.79,197.93,95.95,178.08,133.73
2026,605232.6538,55.848,74,-146.853,18.185,73.642,131.179,132.774,123.13,198.16,99.41,177.44,133.47
2027,605232.657851,57.171,73,-146.565,18.31,71.286,131.493,132.471,123.54,198.36,96.27,177.75,133.15
2028,605232.661237,55.977,73,-146.468,18.462,73.438,131.249,133.128,123.6,198.49,99.18,177.31,133.82
2029,605232.665185,56.919,73,-146.163,18.825,71.759,131.47,131.973,124.03,199.01,96.92,177.7,132.64
2030,605232.670601,56.282,72,-146.295,18.76,72.911,131.344,133.578,123.89,198.97,98.43,177.6,134.25
2031,605232.6791,56.294,77,-145.682,19.275,72.589,130.805,131.961,124.69,199.62,98.04,176.86,132.64
2032,605232.682402,56.529,74,-145.936,19.04,72.33,131.147,133.816,124.38,199.35,97.71,177.11,134.49
2033,605232.695128,56.043,71,-145.164,19.676,73.312,131.249,132.688,125.42,200.21,99.01,177.48,133.36
2034,605232.697659,57.42,69,-145.325,19.702,71.088,132.018,133.433,125.17,200.23,95.97,178.67,134.08
2035,605232.706275,56.101,70,-145.122,19.87,73.439,131.674,132.945,125.43,200.43,99.17,178.08,133.62
2036,605232.710116,57.522,71,-145.038,19.907,70.889,132.017,132.833,125.54,200.48,95.79,178.27,133.46
2037,605232.713171,55.938,73,-145.062,19.779,73.627,131.455,133.269,125.51,200.3,99.42,177.8,133.93
2038,605232.71886,57.316,71,-145.193,19.854,71.241,131.926,132.678,125.33,200.41,96.26,178.13,133.31
2039,605232.721623,56.211,74,-145.372,19.657,73.047,131.349,133.367,125.12,200.16,98.65,177.54,134.04
2040,605232.729778,56.687,74,-145.214,19.617,72.019,131.133,132.194,125.33,200.11,97.25,177.42,132.86
2041,605232.73364,56.34,72,-145.662,19.217,72.842,131.422,133.918,124.67,199.52,98.37,177.61,134.59
2042,605232.737728,56.495,75,-145.729,19.373,72.443,131.235,132.296,124.62,199.76,97.83,177.44,132.98
2043,605232.741488,56.784,73,-146.152,18.905,72.018,131.467,133.825,124.09,199.16,97.28,177.54,134.48
2044,605232.746089,55.929,71,-146.045,18.812,73.333,130.899,132.751,124.17,198.99,99.04,176.77,133.51
2045,605232.75427,57.233,72,-146.437,18.6,71.258,131.66,133.765,123.62,198.68,96.23,177.85,134.42
2046,605232.757273,56.034,71,-146.366,18.477,73.61,131.75,132.956,123.81,198.58,99.39,178.11,133.66
2047,605232.76294,57.618,70,-146.673,18.367,70.708,132.028,133.237,123.31,198.37,95.5,178.34,133.89
2048,605232.764775,55.644,76,-146.597,18.2,73.993,131.115,133.274,123.47,198.18,99.87,177.38,133.97
2049,605232.773368,56.134,71,-146.784,18.207,73.285,131.511,133.565,123.21,198.19,98.91,177.92,134.25
2050,605232.783447,56.648,74,-146.366,18.385,72.083,131.113,132.247,123.78,198.44,97.33,177.34,132.93
2051,605232.786422,56.221,75,-146.544,18.2,72.869,131.061,134.065,123.57,198.21,98.42,176.99,134.74
2052,605232.789836,56.216,76,-146.149,18.792,72.815,130.946,132.397,124.07,198.99,98.31,177.14,133.08
2053,605232.796922,55.931,74,-145.653,18.969,73.47,131.153,132.765,124.72,199.22,99.24,177.15,133.46
2054,605232.805679,57.205,73,-145.787,18.994,71.268,131.579,133.895,124.5,199.22,96.25,177.82,134.54
2055,605232.809895,55.842,73,-145.4,19.343,73.643,131.16,133.103,125.09,199.73,99.47,177.26,133.79
2056,605232.813234,57.408,71,-145.139,19.499,71.01,131.83,133.156,125.4,199.93,95.9,178.29,133.79
2057,605232.816864,55.85,73,-145.024,19.521,73.711,131.307,133.422,125.59,199.97,99.55,177.51,134.1
2058,605232.822306,57.102,74,-144.906,19.768,71.483,131.609,132.829,125.81,200.39,96.61,177.58,133.44
2059,605232.830299,56.044,75,-144.948,19.737,73.173,131.004,133.713,125.66,200.25,98.8,177.23,134.37
2060,605232.833908,56.512,74,-144.539,19.982,72.305,131.044,132.425,126.23,200.6,97.64,177.34,133.09
2061,605232.837977,56.167,75,-144.871,19.573,72.966,131.05,134.299,125.78,200.05,98.49,177.41,134.96
2062,605232.8414,56.273,75,-144.705,19.976,72.715,130.964,132.513,126.01,200.59,98.19,177.23,133.18
2063,605232.84644,56.557,77,-144.982,19.612,72.133,130.889,134.12,125.59,200.06,97.41,176.97,134.77
2064,605232.853712,55.893,69,-144.696,19.756,73.778,131.574,132.927,126.03,200.3,99.66,177.82,133.62
2065,605232.865974,57.258,74,-145.171,19.54,71.122,131.497,132.864,125.4,200.03,96.05,177.83,133.52
2066,605232.86982,55.677,74,-145.329,19.226,73.998,131.234,133.674,125.17,199.57,99.89,177.61,134.36
2067,605232.874113,56.984,73,-145.656,19.323,71.675,131.545,132.499,124.71,199.69,96.8,177.85,133.15
2068,605232.882437,56.202,72,-145.887,19.001,73.012,131.254,133.821,124.39,199.24,98.62,177.27,134.53
2069,605232.885704,56.158,74,-145.646,19.013,72.918,130.936,132.438,124.79,199.33,98.49,176.96,133.1
2070,605232.890177,56.566,74,-146.226,18.643,72.28,131.183,134.314,123.93,198.76,97.57,177.4,134.99
2071,605232.89292,56.153,71,-146.274,18.717,73.274,131.557,132.78,123.91,198.9,98.95,177.76,133.47
2072,605232.898384,57.083,71,-146.517,18.504,71.291,131.189,133.946,123.56,198.6,96.22,177.5,134.61
2073,605232.906787,55.777,70,-146.304,18.539,73.949,131.484,133.262,123.89,198.66,99.85,177.77,133.95
2074,605232.90951,57.426,71,-146.458,18.631,70.98,131.837,133.082,123.67,198.8,95.85,178.22,133.73
2075,605232.914587,55.888,74,-146.419,18.653,73.624,131.282,133.475,123.67,198.76,99.4,177.46,134.18
2076,605232.917264,56.973,72,-146.082,18.873,71.709,131.569,132.284,124.18,199.12,96.85,177.86,132.95
2077,605232.92229,56.07,73,-146.294,18.648,73.211,131.159,134.036,123.93,198.85,98.91,176.96,134.7
2078,605232.925058,56.399,75,-146.072,19.198,72.544,131.088,132.41,124.2,199.56,97.96,177.24,133.08
2079,605232.933384,56.629,72,-146.114,18.932,72.23,131.312,134.054,124.07,199.13,97.54,177.47,134.72
2080,605232.93739,55.977,71,-145.606,19.258,73.385,131.157,132.894,124.78,199.59,99.1,177.35,133.57
2081,605232.949847,57.493,71,-145.263,19.469,70.895,131.921,132.984,125.3,199.96,95.73,178.34,133.62
2082,605232.958143,55.777,74,-145.128,19.543,73.724,131.086,133.566,125.42,199.98,99.55,177.31,134.23
2083,605232.961806,56.999,75,-145.122,19.686,71.524,131.321,132.556,125.48,200.23,96.65,177.32,133.22
2084,605232.965336,56.207,72,-145.234,19.498,73.0,131.249,133.845,125.32,199.97,98.56,177.52,134.52
2085,605232.969186,56.42,73,-144.904,19.665,72.507,131.094,132.4,125.72,200.16,97.91,177.34,133.09
2086,605232.975073,56.712,73,-145.232,19.31,72.12,131.404,134.336,125.34,199.74,97.4,177.6,134.99
2087,605232.981814,56.013,74,-145.105,19.561,73.297,131.122,132.83,125.38,199.96,99.06,176.82,133.6
2088,605232.985309,57.401,71,-145.339,19.289,71.05,131.877,133.834,125.2,199.72,95.96,178.22,134.48
2089,605232.989766,55.957,68,-145.073,19.335,73.759,131.756,133.296,125.57,199.77,99.63,178.06,133.98
2090,605232.992984,57.472,70,-145.439,19.272,70.923,131.896,133.259,125.03,199.66,95.77,178.29,133.94
2091,605232.998417,56.101,72,-145.451,19.289,73.348,131.511,133.531,125.04,199.68,99.04,177.86,134.22
2092,605233.001532,56.951,72,-145.254,19.471,71.679,131.437,132.38,125.25,199.89,96.82,177.72,133.05
2093,605233.009817,56.156,72,-145.552,19.13,73.173,131.385,134.131,124.84,199.42,98.79,177.7,134.81
2094,605233.013663,56.462,76,-145.661,19.544,72.388,131.022,132.442,124.73,200.01,97.73,177.27,133.12
2095,605233.016909,56.839,73,-145.917,19.206,71.883,131.413,134.009,124.37,199.55,97.02,177.84,134.67
2096,605233.035805,55.994,72,-145.964,19.437,73.596,131.592,133.318,124.29,199.84,99.36,177.94,134.01
2097,605233.037841,57.497,71,-145.87,19.682,70.893,131.932,132.815,124.47,200.25,95.7,178.38,133.43
2098,605233.042194,55.7,77,-146.008,19.456,73.825,131.007,133.901,124.31,199.96,99.67,176.94,134.56
2099,605233.044867,56.952,72,-146.009,19.79,71.84,131.735,132.41,124.24,200.33,97.01,178.11,133.08
2100,605233.049918,56.365,75,-146.251,19.521,72.678,131.211,134.125,123.93,199.98,98.08,177.57,134.8
2101,605233.057934,56.008,74,-145.752,19.905,73.35,131.198,132.624,124.61,200.5,99.03,177.51,133.31
2102,605233.061325,57.071,74,-146.239,19.551,71.506,131.543,134.405,123.94,200.02,96.49,178.03,135.06
2103,605233.065642,56.185,71,-146.024,19.937,73.317,131.743,133.122,124.22,200.51,98.98,178.15,133.79
2104,605233.069011,57.602,71,-145.831,19.862,70.844,132.221,133.386,124.47,200.42,95.65,178.79,134.02
2105,605233.075111,55.896,72,-145.821,19.694,73.807,131.636,133.758,124.54,200.23,99.64,178.04,134.45
2106,605233.076994,57.193,74,-145.952,19.888,71.418,131.813,133.002,124.33,200.48,96.4,178.36,133.66
2107,605233.085977,56.173,72,-145.9,19.71,73.173,131.442,133.989,124.41,200.23,98.86,177.42,134.66
2108,605233.089823,56.354,75,-145.459,19.98,72.658,131.138,132.647,125.01,200.58,98.16,177.41,133.34
2109,605233.092873,56.462,76,-145.84,19.478,72.47,131.169,134.543,124.51,199.92,97.9,177.37,135.21
2110,605233.098255,56.245,75,-145.585,19.764,73.004,131.386,133.027,124.72,200.24,98.57,177.44,133.78
2111,605233.101414,57.297,73,-145.583,19.551,71.111,131.617,133.944,124.84,200.04,96.0,178.02,134.6
2112,605233.109726,55.828,74,-145.248,19.456,73.823,131.433,133.536,125.28,199.89,99.7,177.65,134.23
2113,605233.122764,56.754,74,-145.126,19.399,71.907,131.161,132.588,125.51,199.87,97.15,177.18,133.25
2114,605233.125287,56.203,75,-145.427,18.916,72.913,131.078,134.61,125.01,199.13,98.43,177.32,135.26
2115,605233.12993,56.257,75,-145.304,19.259,72.744,130.96,132.945,125.2,199.62,98.22,177.21,133.62
2116,605233.138043,57.142,72,-145.476,19.004,71.342,131.492,134.219,124.96,199.28,96.3,177.97,134.86
2117,605233.142618,55.82,74,-145.017,19.086,73.762,131.295,133.404,125.59,199.39,99.58,177.7,134.08
2118,605233.145033,57.407,72,-145.317,18.972,71.016,131.837,133.718,125.17,199.24,95.87,178.43,134.36
2119,605233.150312,56.027,74,-145.289,19.134,73.279,131.134,133.783,125.2,199.43,98.94,177.37,134.46
2120,605233.153005,56.838,73,-144.897,19.435,71.783,131.227,132.553,125.78,199.88,97.01,177.23,133.22
2121,605233.162194,56.071,75,-145.122,19.134,73.108,130.979,134.468,125.44,199.45,98.68,177.3,135.13
2122,605233.165786,56.274,76,-145.104,19.589,72.733,130.997,132.822,125.5,200.09,98.22,177.17,133.5
2123,605233.169798,56.904,75,-145.359,19.407,71.621,131.164,134.331,125.12,199.82,96.71,177.33,134.98
2124,605233.173165,55.761,73,-144.995,19.602,73.924,131.385,133.222,125.65,200.1,99.82,177.72,133.91
2125,605233.177473,57.409,75,-145.385,19.46,70.993,131.802,133.998,125.12,199.95,95.86,178.09,134.66
2126,605233.186423,55.962,75,-145.293,19.752,73.439,131.2,133.577,125.22,200.28,99.18,177.34,134.24
2127,605233.189658,57.138,71,-145.089,19.952,71.486,131.742,132.705,125.49,200.56,96.57,178.03,133.38
2128,605233.194039,55.877,74,-145.241,19.609,73.581,131.167,134.341,125.28,200.08,99.42,177.06,135.01
2129,605233.206673,55.894,74,-145.247,20.046,73.647,131.342,133.12,125.34,200.76,99.48,177.3,133.75
2130,605233.214913,57.352,70,-145.728,19.803,71.239,132.054,134.177,124.65,200.4,96.19,178.4,134.82
2131,605233.217585,56.007,75,-145.668,19.981,73.438,131.353,133.544,124.74,200.62,99.14,177.65,134.22
2132,605233.221753,57.159,71,-145.304,20.187,71.33,131.529,132.772,125.21,200.89,96.35,177.71,133.4
2133,605233.227069,56.026,73,-145.494,19.806,73.485,131.5,134.178,124.97,200.39,99.2,177.87,134.84
2134,605233.229823,56.625,74,-145.55,20.176,72.264,131.361,132.87,124.88,200.87,97.59,177.55,133.52
2135,605233.238247,56.917,73,-145.77,19.833,71.807,131.551,134.266,124.57,200.41,96.91,178.05,134.92
2136,605233.241407,56.17,70,-145.286,19.972,73.468,131.962,133.27,125.27,200.61,99.25,178.2,133.93
2137,605233.245937,57.435,73,-145.59,19.775,71.004,131.915,134.281,124.8,200.32,95.86,178.3,134.94
2138,605233.248735,56.13,73,-145.509,19.896,73.298,131.521,133.647,124.9,200.46,98.96,177.89,134.33
2139,605233.254814,57.316,71,-145.125,20.087,71.22,131.887,132.713,125.45,200.72,96.29,178.14,133.4
2140,605233.261767,56.096,72,-145.233,19.65,73.346,131.488,134.358,125.26,200.13,99.02,177.85,135.03
2141,605233.266364,56.566,74,-145.185,20.004,72.199,131.039,132.799,125.37,200.63,97.53,177.11,133.47
2142,605233.269713,56.834,74,-145.337,19.637,71.825,131.29,134.315,125.14,200.14,96.99,177.48,134.96
2143,605233.273235,55.94,72,-144.833,19.676,73.536,131.298,133.297,125.82,200.16,99.31,177.59,133.96
2144,605233.290331,57.242,72,-144.723,19.741,71.201,131.589,132.774,125.98,200.28,96.15,178.07,133.42
2145,605233.294288,56.061,73,-144.973,19.302,73.242,131.184,134.497,125.66,199.7,98.88,177.48,135.17
2146,605233.297023,56.487,76,-144.884,19.604,72.371,131.076,132.994,125.79,200.11,97.74,177.28,133.67
2147,605233.302561,56.93,75,-145.075,19.354,71.595,131.205,134.424,125.5,199.75,96.68,177.4,135.07
2148,605233.305952,55.922,70,-144.738,19.43,73.783,131.679,133.394,125.96,199.85,99.62,178.23,134.06
2149,605233.314356,57.535,68,-144.934,19.301,70.723,131.751,134.214,125.75,199.81,95.45,178.03,134.75
2150,605233.317789,56.211,72,-145.014,19.454,73.171,131.569,133.791,125.56,199.86,98.8,177.95,134.46
2151,605233.321346,57.069,73,-144.771,19.6,71.49,131.505,132.657,125.89,200.07,96.56,177.86,133.31
2152,605233.325591,56.04,75,-144.88,19.242,73.194,131.029,134.521,125.76,199.6,98.8,177.37,135.18
2153,605233.330966,56.5,74,-145.13,19.75,72.471,131.303,132.952,125.44,200.29,97.84,177.69,133.62
2154,605233.338632,57.363,71,-145.349,19.484,71.111,131.856,134.273,125.13,199.94,95.98,178.48,134.91
2155,605233.341278,55.905,73,-145.016,19.539,73.708,131.489,133.572,125.59,200.0,99.5,177.96,134.24
2156,605233.346559,57.784,66,-145.585,19.337,70.774,132.758,134.004,124.82,199.7,95.6,179.64,134.66
2157,605233.34873,56.289,72,-145.483,19.638,73.002,131.535,133.865,124.96,200.14,98.54,178.02,134.53
2158,605233.354477,56.861,74,-145.202,19.899,71.81,131.361,132.763,125.41,200.56,97.03,177.27,133.38
2159,605233.362818,56.427,73,-145.551,19.463,72.629,131.336,134.702,124.86,199.9,98.02,177.78,135.36
2160,605233.374355,55.847,73,-145.263,19.882,73.935,131.695,133.732,125.29,200.44,99.92,178.13,134.39
2161,605233.377729,57.603,71,-145.552,19.841,70.835,132.208,133.561,124.89,200.45,95.63,178.8,134.19
2162,605233.381044,56.347,71,-145.54,19.976,72.995,131.721,134.068,124.88,200.59,98.52,178.28,134.73
2163,605233.389868,56.315,75,-145.017,20.388,72.611,130.92,132.647,125.57,201.14,98.09,176.88,133.32
2164,605233.393651,56.317,77,-145.293,19.828,72.615,130.932,134.868,125.16,200.39,97.98,177.02,135.58
2165,605233.397712,56.376,72,-145.208,20.434,72.95,131.739,133.122,125.32,201.19,98.55,177.94,133.8
2166,605233.401564,57.631,70,-145.112,20.293,70.648,131.963,133.868,125.39,201.0,95.38,178.41,134.53
2167,605233.405546,55.775,74,-144.871,20.187,73.884,131.364,133.969,125.82,200.92,99.76,177.66,134.64
2168,605233.414314,57.371,73,-144.978,20.507,71.132,131.923,133.168,125.7,201.37,96.08,178.29,133.84
2169,605233.417506,56.362,74,-145.133,20.259,72.694,131.229,134.295,125.4,200.96,98.13,177.54,134.96
2170,605233.422884,56.136,74,-144.589,20.606,73.058,131.112,132.822,126.22,201.49,98.68,177.23,133.49
2171,605233.424999,56.934,75,-144.967,20.007,71.628,131.281,134.848,125.64,200.64,96.68,177.73,135.49
2172,605233.430344,56.296,73,-144.912,20.345,72.994,131.545,133.368,125.73,201.1,98.54,178.04,134.03
2173,605233.43395,57.572,72,-144.711,20.402,70.712,131.867,133.314,125.97,201.15,95.49,178.36,133.94
2174,605233.442117,56.03,73,-144.865,19.909,73.371,131.312,134.408,125.77,200.48,99.06,177.65,135.06
2175,605233.4461,56.741,76,-144.906,20.388,71.899,131.1,132.937,125.73,201.16,97.07,177.43,133.59
2176,605233.448958,56.807,74,-145.162,19.894,71.849,131.239,134.445,125.41,200.51,97.04,177.34,135.08
2177,605233.457166,57.831,70,-145.218,19.694,70.392,132.212,134.398,125.28,200.21,95.01,178.9,135.04
2178,605233.466536,56.247,74,-145.064,19.964,73.006,131.398,133.78,125.57,200.62,98.6,177.62,134.45
2179,605233.469386,57.349,72,-144.705,20.118,71.042,131.677,132.826,126.0,200.79,95.92,178.21,133.47
2180,605233.474431,56.315,74,-144.993,19.57,72.696,131.073,134.853,125.56,200.01,98.13,177.29,135.52
2181,605233.477349,56.788,71,-144.943,20.128,72.063,131.564,133.149,125.71,200.82,97.31,177.94,133.81
2182,605233.482188,57.586,72,-145.153,19.698,70.58,131.67,134.317,125.37,200.22,95.3,177.96,134.99
2183,605233.490524,56.073,68,-144.728,19.807,73.232,131.207,133.703,126.08,200.46,98.98,177.15,134.3
2184,605233.493225,57.808,68,-145.285,19.616,70.348,132.044,133.937,125.29,200.04,95.34,177.99,134.65
2185,605233.497857,56.616,71,-145.124,19.793,72.47,131.705,134.234,125.42,200.32,97.89,177.91,134.88
2186,605233.501037,56.757,72,-144.688,20.053,71.967,131.28,132.952,126.03,200.7,97.17,177.68,133.6
2187,605233.505288,57.095,71,-145.055,19.556,71.481,131.581,135.113,125.45,199.99,96.46,177.96,135.8
2188,605233.509336,56.532,72,-144.955,20.086,72.673,131.782,133.599,125.6,200.69,98.14,178.09,134.27
2189,605233.518043,57.998,70,-144.924,19.93,70.083,132.246,134.123,125.71,200.54,94.65,178.77,134.75
2190,605233.521882,56.148,73,-144.657,20.028,73.237,131.473,134.362,126.04,200.64,98.88,177.87,135.03
2191,605233.524952,57.505,73,-144.92,20.411,70.762,131.716,133.274,125.74,201.22,95.55,178.15,133.92
2192,605233.530771,56.739,73,-144.985,20.109,72.054,131.377,134.542,125.58,200.73,97.29,177.64,135.18
2193,605233.534303,56.413,74,-144.562,20.357,72.689,131.395,133.47,126.2,201.12,98.13,177.87,134.12
2194,605233.546563,56.351,75,-144.805,20.495,72.815,131.41,133.87,125.85,201.28,98.31,177.78,134.53
2195,605233.549805,57.595,72,-144.443,20.441,70.681,131.893,133.359,126.37,201.26,95.45,178.4,133.98
2196,605233.553151,56.242,73,-144.651,20.053,72.91,131.205,134.932,126.0,200.67,98.43,177.27,135.64
2197,605233.557983,56.731,73,-144.706,20.811,71.902,131.073,133.405,125.95,201.71,97.06,177.29,134.1
2198,605233.56571,57.257,74,-144.819,20.258,71.104,131.461,134.684,125.84,200.98,96.01,177.75,135.33
2199,605233.56949,56.214,72,-144.492,20.114,73.31,131.832,134.171,126.27,200.76,98.98,178.36,134.81
2200,605233.573565,58.317,66,-145.081,20.124,70.023,133.321,134.215,125.53,200.84,94.53,180.33,134.85
2201,605233.577031,56.332,73,-144.912,20.111,72.821,131.354,134.391,125.77,200.82,98.33,177.59,135.05
2202,605233.582018,56.674,74,-144.417,20.183,71.958,130.974,133.324,126.41,200.9,97.18,177.17,133.97
2203,605233.585261,57.092,74,-144.83,19.609,71.455,131.524,135.44,125.82,200.1,96.43,178.09,136.07
2204,605233.593469,56.683,68,-144.764,20.226,72.543,132.073,133.692,125.96,200.97,97.95,178.63,134.35
2205,605233.598239,57.842,71,-144.561,19.803,70.271,132.026,134.215,126.22,200.39,94.89,178.61,134.85
2206,605233.601096,56.197,74,-144.332,19.704,73.083,131.364,134.675,126.53,200.24,98.72,177.52,135.32
2207,605233.606343,57.332,72,-144.698,20.38,71.06,131.651,133.427,126.0,201.15,95.93,178.22,134.06
2208,605233.609741,56.66,73,-144.646,19.878,72.139,131.256,134.789,126.07,200.47,97.37,177.71,135.43
2209,605233.618017,56.382,72,-144.081,19.864,72.84,131.563,133.944,126.84,200.45,98.34,178.11,134.59
2210,605233.621715,57.778,69,-144.618,19.749,70.361,131.961,135.09,126.12,200.31,95.01,178.42,135.68
2211,605233.634401,56.505,74,-144.182,19.842,72.363,131.124,135.352,126.66,200.37,97.74,177.18,135.98
2212,605233.638128,56.393,73,-144.076,20.864,72.496,130.978,133.428,126.85,201.8,97.88,177.31,134.08
2213,605233.646767,57.214,74,-144.051,20.074,71.163,131.42,134.856,126.89,200.76,96.08,177.84,135.49
2214,605233.649269,56.091,72,-143.674,20.072,73.367,131.513,134.465,127.41,200.74,99.07,177.96,135.13
2215,605233.653839,57.536,71,-144.102,20.814,70.634,131.592,133.755,126.87,201.83,95.41,177.64,134.31
2216,605233.658923,56.342,72,-144.119,20.467,72.878,131.493,134.561,126.77,201.24,98.39,177.94,135.19
2217,605233.661083,56.32,75,-143.495,20.359,72.634,130.977,133.613,127.63,201.12,98.07,177.33,134.26
2218,605233.669827,57.259,72,-144.079,20.048,71.164,131.578,135.338,126.85,200.73,96.07,178.06,135.94
2219,605233.673704,56.104,68,-144.056,21.005,73.113,131.099,133.699,126.88,202.06,98.68,177.23,134.27
2220,605233.677321,57.574,70,-143.745,20.259,70.708,131.868,133.841,127.28,200.99,95.47,178.53,134.46
2221,605233.681179,56.201,74,-143.85,19.966,73.149,131.495,134.884,127.15,200.59,98.74,178.06,135.53
2222,605233.686674,56.626,74,-144.533,21.078,72.156,131.17,133.258,126.27,202.09,97.51,177.4,133.94
2223,605233.695179,56.805,74,-144.589,20.004,71.931,131.384,134.729,126.15,200.64,97.14,177.64,135.38
2224,605233.697822,56.434,69,-144.251,19.709,73.083,132.181,134.159,126.68,200.31,98.7,178.64,134.79
2225,605233.7013,58.135,69,-145.273,20.001,70.149,132.879,134.304,125.26,200.66,94.69,179.77,134.94
2226,605233.705249,55.699,71,-145.157,20.325,73.718,130.813,134.235,125.4,201.09,99.55,176.63,134.85
2227,605233.713572,56.658,74,-145.063,19.226,72.147,131.263,135.61,125.51,199.58,97.37,177.72,136.25
2228,605233.723132,56.261,73,-145.534,20.501,73.248,131.88,133.532,124.89,201.26,98.95,178.34,134.21
2229,605233.72613,57.649,73,-144.78,19.496,70.51,131.767,134.154,125.9,199.95,95.23,178.13,134.78
2230,605233.729371,56.268,72,-144.487,19.317,73.163,131.752,134.502,126.27,199.67,98.79,178.24,135.14
2231,605233.73488,56.762,70,-145.255,21.244,71.539,130.518,132.892,125.3,202.37,96.58,176.48,133.53
2232,605233.737802,56.336,74,-145.347,20.272,72.794,131.323,134.748,125.13,201.0,98.23,177.79,135.4
2233,605233.74545,56.404,72,-144.118,19.637,72.936,131.811,133.523,126.79,200.14,98.48,178.43,134.17
2234,605233.749434,58.164,66,-145.203,19.578,70.238,133.157,135.308,125.31,200.07,94.78,180.32,135.91
2235,605233.753906,56.214,72,-145.124,21.042,73.197,131.628,134.193,125.44,202.04,98.78,178.2,134.85
2236,605233.75702,57.281,75,-143.607,20.087,71.119,131.576,133.081,127.45,200.73,96.07,177.98,133.72
2237,605233.763132,56.719,71,-143.995,19.947,72.205,131.581,135.034,126.91,200.54,97.49,178.05,135.68
2238,605233.770225,56.649,74,-144.472,21.66,72.268,131.451,133.258,126.32,202.88,97.55,177.96,133.91
2239,605233.774113,57.176,73,-144.012,20.471,71.42,131.756,134.634,126.95,201.3,96.42,178.3,135.27
2240,605233.77821,56.593,72,-143.533,20.25,72.566,131.798,133.999,127.58,200.96,98.03,178.21,134.63
2241,605233.786343,56.143,70,-144.361,20.518,73.459,131.852,134.531,126.52,201.38,99.2,178.28,135.19
2242,605233.789361,56.62,76,-143.684,20.351,72.129,131.099,133.291,127.37,201.11,97.4,177.48,133.93
2243,605233.806541,57.525,72,-144.243,19.725,70.779,131.823,133.517,126.69,200.31,95.67,177.92,134.15
2244,605233.809797,56.104,73,-144.506,19.677,73.327,131.484,134.491,126.29,200.21,99.01,177.88,135.15
2245,605233.813643,55.875,74,-145.031,20.117,73.515,131.043,133.094,125.6,200.81,99.27,177.25,133.76
2246,605233.822294,57.305,72,-145.119,19.247,71.197,131.804,134.711,125.47,199.66,96.11,178.25,135.33
2247,605233.825763,55.83,71,-144.979,19.086,73.968,131.698,133.982,125.64,199.37,99.9,178.02,134.65
2248,605233.830374,57.347,68,-145.563,19.389,71.245,132.044,132.825,124.87,199.81,96.24,178.38,133.5
2249,605233.833417,55.968,74,-145.694,18.961,73.323,131.013,134.377,124.73,199.3,98.99,177.04,135.0
2250,605233.838672,55.593,70,-145.502,18.8,73.745,130.506,133.616,124.95,199.02,99.62,176.24,134.31
2251,605233.846613,57.344,73,-145.782,18.653,71.033,131.644,134.905,124.58,198.81,95.98,177.89,135.51
2252,605233.849489,56.006,73,-145.606,19.339,73.479,131.424,133.582,124.82,199.75,99.2,177.75,134.27
2253,605233.853893,57.206,73,-145.127,19.504,71.201,131.461,133.066,125.41,199.94,96.15,177.78,133.72
2254,605233.85692,56.153,76,-145.117,19.269,73.005,131.073,134.622,125.46,199.66,98.55,177.33,135.28
2255,605233.861927,56.337,73,-144.967,20.392,72.806,131.346,133.142,125.66,201.16,98.29,177.76,133.81
2256,605233.865576,57.519,72,-144.775,20.111,70.885,131.996,134.343,125.91,200.78,95.72,178.46,134.97
2257,605233.873865,56.076,73,-144.368,20.255,73.498,131.695,134.077,126.48,201.0,99.2,178.39,134.72
2258,605233.87781,57.78,67,-144.762,20.967,70.861,132.904,133.137,125.94,201.97,95.65,179.85,133.74
2259,605233.886294,56.189,70,-143.575,21.075,73.086,131.344,133.45,127.52,202.09,98.73,177.59,134.09
2260,605233.891146,57.623,73,-143.845,21.104,70.591,131.825,134.819,127.19,202.21,95.31,178.06,135.47
2261,605233.897909,56.37,73,-143.742,21.703,72.928,131.682,133.852,127.31,202.94,98.49,178.1,134.5
2262,605233.902743,57.452,71,-142.986,21.601,71.003,131.974,133.062,128.34,202.83,95.9,178.57,133.69
2263,605233.905417,56.523,75,-143.129,21.309,72.469,131.377,134.93,128.13,202.43,97.89,177.62,135.55
2264,605233.909305,56.748,74,-143.271,22.181,72.087,131.467,133.39,127.93,203.6,97.32,178.02,134.02
2265,605233.914189,57.699,73,-143.14,21.59,70.448,131.835,134.27,128.09,202.8,95.11,178.54,134.88
2266,605233.922548,56.267,73,-143.083,21.259,73.032,131.511,134.392,128.01,202.23,98.63,177.55,135.14
2267,605233.925656,57.572,72,-143.51,21.585,70.716,131.872,133.397,127.61,202.79,95.52,178.34,134.02
2268,605233.929953,56.822,75,-143.68,21.086,71.932,131.445,134.677,127.39,202.13,97.11,177.9,135.3
2269,605233.933394,56.472,70,-143.376,20.767,72.822,131.84,133.671,127.8,201.67,98.37,178.28,134.31
2270,605233.93845,57.999,70,-144.056,20.234,70.115,132.308,135.213,126.84,200.93,94.66,179.06,135.8
2271,605233.942063,56.623,70,-144.142,20.238,72.463,131.718,134.12,126.75,200.95,97.83,178.33,134.76
2272,605233.950242,57.542,74,-144.083,20.114,70.542,131.442,133.256,126.84,200.79,95.3,177.69,133.9
2273,605233.953653,56.562,73,-144.563,19.316,72.118,130.876,135.361,126.09,199.63,97.38,176.86,136.04
2274,605233.95718,57.0,73,-144.722,19.603,71.702,131.651,133.75,125.97,200.09,96.79,178.21,134.39
2275,605233.974612,57.54,74,-145.324,19.18,70.541,131.431,133.631,125.14,199.5,95.24,177.78,134.26
2276,605233.977421,57.09,72,-145.809,18.748,71.134,130.925,135.224,124.52,198.9,96.17,176.66,135.84
2277,605233.982577,56.424,71,-145.504,18.913,72.792,131.623,133.921,124.93,199.15,98.26,178.15,134.58
2278,605233.984878,58.001,68,-146.018,18.516,69.841,131.798,135.273,124.2,198.62,94.24,178.38,135.91
2279,605233.990663,56.91,69,-145.889,19.193,72.121,132.102,134.522,124.4,199.53,97.33,178.8,135.18
2280,605233.998329,57.208,73,-145.856,19.651,71.173,131.415,133.313,124.48,200.18,96.09,177.73,133.98
2281,605234.001625,56.876,74,-145.977,19.177,71.692,131.195,135.549,124.28,199.52,96.73,177.6,136.2
2282,605234.006033,56.666,74,-145.764,20.02,72.285,131.542,134.135,124.55,200.63,97.57,177.92,134.8
2283,605234.009286,58.006,66,-145.908,20.163,69.761,131.668,134.428,124.35,200.85,94.18,177.88,135.08
2284,605234.014892,56.377,71,-145.392,20.265,73.07,131.96,134.897,125.05,200.97,98.6,178.58,135.57
2285,605234.017604,57.327,73,-145.203,20.826,71.095,131.693,133.872,125.36,201.77,95.97,178.16,134.52
2286,605234.026353,56.93,74,-145.22,20.75,71.601,131.217,135.474,125.28,201.63,96.64,177.56,136.11
2287,605234.029434,56.135,72,-144.691,21.187,73.389,131.702,134.355,126.02,202.24,99.04,178.32,135.01
2288,605234.032949,57.856,72,-144.551,20.943,70.372,132.267,135.035,126.19,201.92,94.97,179.11,135.65
2289,605234.038781,56.623,71,-144.625,21.235,72.568,131.907,134.965,126.13,202.32,97.95,178.51,135.62
2290,605234.041264,56.587,72,-144.145,22.168,72.26,131.222,133.478,126.76,203.58,97.54,177.65,134.12
2291,605234.050689,56.621,75,-144.26,21.034,72.213,131.254,135.782,126.57,202.01,97.46,177.67,136.4
2292,605234.061695,55.906,74,-144.222,20.83,73.68,131.442,135.043,126.67,201.77,99.46,177.89,135.71
2293,605234.066756,56.731,75,-143.192,19.922,71.999,131.249,134.102,128.0,200.51,97.24,177.61,134.74
2294,605234.074283,57.082,73,-144.151,19.822,71.416,131.416,136.108,126.75,200.43,96.4,177.86,136.71
2295,605234.078043,55.99,72,-144.286,20.265,73.661,131.694,134.517,126.59,201.01,99.45,178.2,135.19
2296,605234.082031,57.463,72,-143.263,19.486,70.871,131.77,134.363,127.9,199.91,95.73,178.28,134.99
2297,605234.085224,56.255,69,-143.87,19.056,72.641,130.767,135.692,127.02,199.3,98.07,176.69,136.41
2298,605234.090586,55.935,72,-144.23,20.032,73.395,131.033,134.135,126.64,200.67,99.08,177.4,134.79
2299,605234.094087,57.315,73,-143.615,19.072,71.142,131.741,135.257,127.39,199.32,96.09,178.12,135.86
2300,605234.103143,55.969,71,-143.374,18.682,73.579,131.476,134.882,127.76,198.81,99.37,177.9,135.51
2301,605234.105759,56.644,74,-144.315,19.855,71.855,130.684,133.549,126.5,200.41,97.03,176.81,134.18
2302,605234.109532,55.998,75,-144.305,18.877,73.059,130.642,135.488,126.51,199.06,98.7,176.77,136.16
2303,605234.114258,55.989,74,-143.536,18.577,73.376,131.18,134.208,127.59,198.72,99.11,177.5,134.85
2304,605234.118246,57.834,67,-144.72,18.902,70.733,132.864,134.892,126.02,199.2,95.56,179.4,135.52
2305,605234.125923,55.517,71,-144.726,19.147,74.269,131.18,134.906,125.99,199.49,100.27,177.49,135.57
2306,605234.129391,56.094,76,-143.779,18.78,72.833,130.565,133.325,127.24,198.97,98.37,176.73,133.98
2307,605234.134482,56.041,76,-144.543,18.755,73.011,130.703,135.585,126.21,198.94,98.55,176.98,136.24
2308,605234.14702,55.795,66,-144.8,19.185,74.059,131.741,134.826,125.9,199.54,100.0,178.21,135.48
2309,605234.154931,55.24,78,-145.658,20.434,74.532,130.726,133.371,124.71,201.2,100.59,176.87,134.09
2310,605234.157705,56.552,73,-145.4,19.547,72.643,131.796,135.105,125.04,199.99,98.05,178.29,135.74
2311,605234.161439,55.4,70,-144.932,19.788,75.015,132.105,134.149,125.7,200.31,101.3,178.56,134.82
2312,605234.166264,56.749,62,-146.627,20.652,72.706,132.601,132.809,123.39,201.46,98.11,179.6,133.49
2313,605234.169903,55.457,76,-146.19,20.151,74.359,131.139,134.704,124.01,200.83,100.32,177.5,135.39
2314,605234.177415,55.499,72,-145.251,19.859,74.599,131.703,133.391,125.27,200.4,100.77,177.89,134.08
2315,605234.181494,57.308,61,-146.499,20.077,71.664,132.681,134.593,123.62,200.7,96.8,179.59,135.26
2316,605234.185561,55.082,69,-146.222,20.446,75.43,131.777,133.881,123.96,201.2,101.8,178.24,134.57
2317,605234.189205,56.253,75,-144.564,19.716,72.994,131.396,132.588,126.28,200.32,98.64,177.42,133.23
2318,605234.193398,55.665,75,-145.076,19.582,73.844,130.923,135.092,125.48,200.02,99.71,176.93,135.72
2319,605234.202207,55.263,74,-145.496,20.68,74.896,131.442,133.354,124.98,201.57,101.11,177.78,134.04
2320,605234.205322,57.023,72,-144.075,19.875,71.729,131.783,133.432,126.85,200.47,96.85,178.37,134.07
2321,605234.210127,55.842,70,-143.89,19.499,74.072,131.923,134.053,127.1,199.95,100.01,178.58,134.72
2322,605234.212916,55.978,77,-144.77,21.143,73.16,130.757,132.535,125.91,202.16,98.79,176.88,133.2
2323,605234.230304,57.103,70,-144.102,20.917,70.864,130.473,132.837,126.73,201.8,95.69,176.39,133.45
2324,605234.233987,55.549,74,-144.027,19.87,74.114,131.013,133.87,126.97,200.49,100.11,177.13,134.54
2325,605234.236942,56.262,75,-142.902,19.368,72.8,131.078,132.828,128.4,199.75,98.36,177.32,133.48
2326,605234.242625,57.157,73,-143.934,19.331,71.485,131.81,134.866,127.04,199.75,96.53,178.28,135.49
2327,605234.246015,55.681,74,-143.768,19.927,73.975,131.209,133.361,127.27,200.53,99.89,177.64,134.02
2328,605234.254292,56.901,76,-142.858,19.299,71.551,131.023,132.914,128.48,199.68,96.66,177.37,133.55
2329,605234.257475,56.269,74,-143.48,19.175,72.57,130.689,134.513,127.63,199.51,97.99,176.96,135.16
2330,605234.261135,55.479,70,-144.053,19.714,74.04,130.648,133.491,126.84,200.21,99.99,176.73,134.18
2331,605234.264983,57.968,68,-143.332,19.352,70.359,132.654,133.563,127.83,199.76,95.01,179.61,134.17
2332,605234.270484,55.808,70,-143.54,19.289,73.692,131.133,134.007,127.6,199.7,99.56,177.3,134.68
2333,605234.277598,55.939,72,-144.118,20.166,73.145,130.597,132.594,126.79,200.85,98.83,176.53,133.26
2334,605234.281617,56.891,73,-144.352,19.432,71.694,131.252,134.614,126.47,199.86,96.87,177.26,135.26
2335,605234.286225,55.855,74,-144.168,19.245,73.685,131.278,133.578,126.73,199.6,99.5,177.69,134.24
2336,605234.289381,56.973,70,-145.312,19.812,71.722,131.592,132.691,125.17,200.32,97.11,177.5,133.44
2337,605234.293803,56.196,76,-145.443,19.565,72.9,131.031,134.439,124.98,200.02,98.4,177.26,135.11
2338,605234.298219,55.868,69,-145.104,19.278,73.684,131.318,133.249,125.46,199.64,99.5,177.52,133.9
2339,605234.313427,56.366,76,-145.744,19.548,72.638,131.142,132.404,124.58,199.97,98.11,177.22,133.07
2340,605234.318094,56.783,68,-146.522,19.364,71.965,131.369,134.866,123.54,199.65,97.31,177.5,135.57
2341,605234.321227,55.922,70,-146.733,19.777,74.082,132.213,133.516,123.29,200.32,99.97,178.91,134.2
2342,605234.33128,57.826,65,-146.204,19.656,70.709,132.789,132.669,123.97,200.13,95.47,179.73,133.34
2343,605234.333669,55.969,75,-146.463,19.536,73.483,131.304,134.471,123.65,199.97,99.24,177.56,135.14
2344,605234.337662,56.185,72,-146.529,20.296,73.358,131.816,133.16,123.59,201.05,99.02,178.22,133.84
2345,605234.342419,58.219,62,-146.128,20.13,70.223,133.334,134.048,124.1,200.86,94.78,180.05,134.66
2346,605234.345594,56.028,69,-145.947,19.878,73.822,132.111,133.914,124.37,200.47,99.71,178.39,134.61
2347,605234.354399,56.802,77,-145.871,20.361,71.888,131.294,132.74,124.42,201.1,97.06,177.54,133.41
2348,605234.357429,56.91,75,-145.908,20.027,71.772,131.46,134.856,124.4,200.69,96.86,177.85,135.5
2349,605234.361402,56.266,70,-145.103,20.252,73.375,132.127,133.425,125.47,200.97,99.05,178.83,134.09
2350,605234.365184,58.234,66,-145.089,19.948,70.143,133.239,134.064,125.48,200.57,94.68,180.38,134.68
2351,605234.370535,56.485,73,-144.859,20.067,72.685,131.637,134.241,125.81,200.75,98.12,178.09,134.89
2352,605234.374348,56.436,76,-144.194,20.563,72.296,130.764,132.966,126.69,201.4,97.62,177.0,133.62
2353,605234.381828,57.335,72,-144.112,19.841,71.052,131.645,135.1,126.78,200.42,95.91,178.26,135.72
2354,605234.385659,56.653,68,-143.701,19.929,72.531,131.943,134.035,127.37,200.55,97.95,178.52,134.68
2355,605234.393602,56.453,71,-143.71,19.782,72.613,131.395,134.782,127.37,200.36,98.1,177.56,135.42
2356,605234.39922,56.842,75,-142.753,19.265,71.757,131.194,133.614,128.67,199.72,96.92,177.4,134.18
2357,605234.4061,58.218,67,-143.682,19.355,69.757,132.443,135.169,127.31,199.73,94.21,179.14,135.77
2358,605234.410292,56.506,69,-143.434,19.801,72.738,131.807,134.157,127.64,200.3,98.26,178.16,134.81
2359,605234.414291,57.497,72,-142.301,18.979,70.654,131.489,133.759,129.23,199.25,95.49,177.8,134.37
2360,605234.417426,57.032,75,-142.847,18.705,71.19,130.822,135.605,128.53,198.87,96.24,177.14,136.17
2361,605234.422329,56.534,73,-143.331,20.137,72.387,131.27,134.024,127.86,200.84,97.76,177.65,134.65
2362,605234.430281,58.109,70,-142.365,19.214,69.737,132.002,134.276,129.15,199.59,94.22,178.63,134.88
2363,605234.433122,56.786,72,-142.363,18.916,72.066,131.564,134.945,129.18,199.2,97.38,177.93,135.57
2364,605234.43796,56.99,73,-143.512,20.692,71.458,131.167,133.637,127.63,201.57,96.58,177.44,134.28
2365,605234.441371,57.388,71,-143.12,19.675,70.957,131.658,135.033,128.09,200.17,95.83,178.18,135.65
2366,605234.446148,56.872,71,-142.827,18.927,71.981,131.709,134.653,128.43,199.13,97.25,177.9,135.32
2367,605234.450033,57.157,70,-144.448,20.564,70.799,130.542,134.12,126.29,201.38,95.56,176.66,134.78
2368,605234.45828,56.602,74,-144.297,19.809,72.167,131.106,135.066,126.56,200.39,97.43,177.41,135.71
2369,605234.461603,56.655,74,-143.654,19.065,72.246,131.433,134.371,127.42,199.38,97.56,177.88,134.99
2370,605234.46525,58.308,60,-144.903,20.253,69.316,131.942,134.436,125.74,201.07,93.55,178.42,134.95
2371,605234.482638,57.332,69,-145.481,18.951,71.193,131.895,135.976,124.94,199.21,96.07,178.58,136.6
2372,605234.485605,56.215,74,-146.088,20.29,73.119,131.492,134.449,124.13,201.0,98.68,177.89,135.11
2373,605234.4901,57.133,73,-145.32,19.119,71.526,131.799,134.372,125.15,199.41,96.57,178.27,135.01
2374,605234.493186,56.514,72,-145.735,18.739,72.499,131.404,135.583,124.58,198.89,97.85,177.76,136.23
2375,605234.498676,56.367,73,-146.727,20.464,72.825,131.486,134.134,123.29,201.25,98.3,177.73,134.81
2376,605234.505941,57.002,74,-145.904,19.346,71.713,131.676,134.64,124.37,199.73,96.86,177.78,135.26
2377,605234.509082,56.319,71,-145.704,18.696,73.14,131.887,135.177,124.67,198.88,98.73,178.39,135.83
2378,605234.513297,56.38,75,-146.624,20.335,72.689,131.284,134.214,123.43,201.08,98.11,177.47,134.89
2379,605234.517135,56.804,72,-145.985,19.404,72.179,131.833,135.115,124.28,199.84,97.45,178.11,135.75
2380,605234.521871,56.089,72,-145.22,18.408,73.597,131.918,134.979,125.31,198.47,99.34,178.57,135.64
2381,605234.526455,57.188,72,-146.035,19.745,71.292,131.564,133.97,124.26,200.34,96.24,177.83,134.62
2382,605234.533503,55.961,73,-145.766,19.388,73.427,131.174,135.039,124.58,199.79,99.12,177.36,135.72
2383,605234.537793,56.1,73,-144.195,18.298,73.313,131.445,134.412,126.71,198.33,99.01,177.83,135.08
2384,605234.541404,57.624,64,-144.531,19.246,70.543,131.739,134.989,126.27,199.72,95.22,178.07,135.53
2385,605234.547221,55.934,73,-144.666,19.654,73.496,131.21,134.858,126.03,200.13,99.27,177.29,135.5
2386,605234.549812,56.338,73,-143.166,18.71,72.714,131.184,134.269,128.07,198.88,98.29,177.17,134.91
2387,605234.562511,55.869,72,-143.591,19.986,73.595,131.164,134.36,127.49,200.61,99.36,177.62,135.01
2388,605234.566876,56.653,75,-142.048,19.008,72.047,131.064,134.082,129.58,199.31,97.34,177.37,134.7
2389,605234.56905,56.248,76,-142.243,18.728,72.584,130.64,135.474,129.3,198.88,98.1,176.83,136.06
2390,605234.574608,55.934,75,-142.738,20.353,73.287,130.836,134.162,128.66,201.15,98.95,177.08,134.77
2391,605234.581838,56.77,73,-141.789,19.427,71.864,131.138,134.307,129.93,199.88,97.1,177.5,134.91
2392,605234.585913,56.047,73,-141.57,18.769,73.384,131.392,134.851,130.2,198.96,99.13,177.96,135.48
2393,605234.589664,56.126,77,-142.634,20.715,72.772,130.562,133.617,128.78,201.6,98.27,176.82,134.26
2394,605234.593219,56.409,74,-142.219,19.978,72.51,131.059,134.577,129.33,200.6,97.97,177.28,135.18
2395,605234.601,56.463,74,-142.623,20.44,72.273,130.817,133.698,128.81,201.25,97.62,177.05,134.32
2396,605234.610487,56.267,75,-142.898,20.393,72.696,130.907,134.56,128.39,201.14,98.18,177.16,135.2
2397,605234.614192,55.927,73,-142.441,19.576,73.626,131.418,134.217,129.06,200.08,99.46,177.86,134.85
2398,605234.617455,57.615,63,-143.77,20.32,71.245,133.016,133.871,127.23,200.95,96.43,179.7,134.55
2399,605234.621187,55.725,72,-143.646,20.517,73.795,131.037,134.416,127.44,201.29,99.84,176.86,135.08
2400,605234.627096,56.138,72,-142.778,19.662,73.313,131.576,133.599,128.59,200.17,99.01,178.16,134.24
2401,605234.634631,57.34,66,-144.169,19.796,71.541,132.57,134.982,126.71,200.36,96.56,179.54,135.6
2402,605234.637312,55.729,73,-144.643,20.81,73.999,131.414,134.082,126.09,201.72,99.88,177.92,134.75
2403,605234.646127,56.14,75,-144.717,19.355,73.077,131.158,134.877,125.98,199.75,98.64,177.56,135.54
2404,605234.651126,55.939,73,-145.823,20.985,73.73,131.645,133.406,124.54,201.98,99.57,177.84,134.08
2405,605234.654103,56.739,73,-145.139,19.902,72.255,131.743,133.411,125.44,200.52,97.57,178.18,134.06
2406,605234.662189,55.993,74,-145.414,19.393,73.574,131.547,134.458,124.95,199.73,99.34,177.69,135.18
2407,605234.666374,55.997,74,-146.457,20.906,73.518,131.461,132.981,123.69,201.87,99.28,177.56,133.68
2408,605234.669075,56.938,70,-145.885,19.766,71.972,131.928,133.903,124.42,200.31,97.14,178.53,134.56
2409,605234.674365,55.99,71,-145.637,19.087,73.836,132.006,134.048,124.7,199.33,99.71,178.39,134.72
2410,605234.677379,56.399,74,-146.71,20.702,72.544,131.088,132.562,123.32,201.58,97.93,177.17,133.23
2411,605234.68619,56.31,74,-146.301,19.56,72.836,131.308,134.115,123.84,200.01,98.32,177.58,134.79
2412,605234.689663,56.215,71,-145.26,18.708,73.361,131.926,133.661,125.24,198.85,99.07,178.4,134.34
2413,605234.693648,57.695,65,-146.369,19.925,70.723,132.335,132.991,123.77,200.6,95.61,178.79,133.6
2414,605234.697101,55.771,74,-145.969,19.485,73.585,130.817,134.101,124.35,199.88,99.51,176.83,134.74
2415,605234.702426,56.34,74,-144.401,18.597,72.792,131.33,133.23,126.44,198.75,98.32,177.62,133.9
2416,605234.710255,57.807,61,-145.233,18.922,70.407,132.151,134.629,125.37,199.25,95.09,178.36,135.33
2417,605234.71336,56.35,69,-145.285,19.777,73.074,131.874,133.581,125.2,200.3,98.66,178.38,134.23
2418,605234.717003,56.983,71,-143.289,18.864,71.701,131.59,132.978,127.88,199.07,96.88,177.98,133.6
2419,605234.721237,57.497,73,-143.913,18.564,70.819,131.796,135.074,127.08,198.72,95.64,178.33,135.7
2420,605234.738223,57.011,74,-142.827,18.804,71.456,131.239,134.663,128.51,199.01,96.5,177.71,135.28
2421,605234.741499,56.656,75,-143.396,20.771,72.001,130.99,133.297,127.78,201.7,97.25,177.24,133.93
2422,605234.745597,57.492,71,-142.359,19.928,70.647,131.459,133.558,129.16,200.52,95.55,177.68,134.16
2423,605234.750666,56.792,73,-142.298,19.087,71.923,131.324,134.445,129.22,199.39,97.19,177.59,135.08
2424,605234.753798,57.023,70,-143.072,20.96,71.57,131.49,133.441,128.16,201.91,96.67,177.92,134.07
2425,605234.761482,57.613,71,-142.684,20.184,70.581,131.771,134.041,128.73,200.91,95.39,178.05,134.64
2426,605234.765362,56.825,71,-142.395,19.226,72.12,131.797,134.369,129.12,199.61,97.43,178.34,134.98
2427,605234.769329,57.191,73,-143.71,20.694,71.058,131.14,133.178,127.33,201.58,95.94,177.57,133.8
2428,605234.772903,57.104,74,-143.527,20.249,71.322,131.32,134.531,127.57,200.97,96.33,177.61,135.13
2429,605234.778426,56.734,72,-142.841,18.99,72.22,131.663,134.143,128.47,199.25,97.54,178.19,134.79
2430,605234.785859,57.821,69,-144.121,20.15,69.836,131.13,133.298,126.86,200.87,94.47,177.03,133.92
2431,605234.789394,56.906,73,-144.637,20.109,71.725,131.36,134.685,126.08,200.78,96.85,177.63,135.32
2432,605234.793744,56.731,70,-143.859,18.915,72.047,131.335,133.903,127.2,199.24,97.36,177.27,134.49
2433,605234.797136,58.152,60,-144.63,19.986,69.058,130.874,134.279,126.09,200.65,93.21,177.12,134.86
2434,605234.802125,56.457,73,-145.701,19.849,72.514,131.232,134.473,124.69,200.44,97.93,177.26,135.14
2435,605234.810371,57.084,74,-144.625,18.679,71.535,131.642,133.724,126.13,198.87,96.62,178.04,134.36
2436,605234.822133,57.375,73,-145.499,18.901,71.096,131.871,133.939,124.93,199.14,95.97,178.48,134.58
2437,605234.825531,57.025,75,-146.118,18.339,71.452,131.278,135.61,124.11,198.4,96.44,177.58,136.25
2438,605234.83,56.626,71,-146.802,19.927,72.48,131.757,134.266,123.21,200.55,97.81,178.19,134.93
2439,605234.838611,57.625,72,-145.866,18.954,70.681,132.003,134.224,124.48,199.26,95.44,178.39,134.87
2440,605234.841306,56.895,69,-145.794,18.336,72.207,132.207,135.265,124.53,198.37,97.45,178.93,135.92
2441,605234.845441,56.632,74,-146.788,19.964,72.237,131.337,134.276,123.23,200.6,97.49,177.62,134.94
2442,605234.850251,57.484,70,-145.97,19.103,71.117,132.302,134.67,124.29,199.42,95.98,179.05,135.31
2443,605234.854014,56.74,71,-145.711,18.198,72.469,132.138,135.22,124.61,198.16,97.83,178.71,135.88
2444,605234.863274,56.729,74,-146.513,19.949,71.919,131.095,134.191,123.58,200.57,97.09,177.14,134.85
2445,605234.865735,56.687,70,-146.12,19.08,71.928,130.967,135.409,124.08,199.37,97.05,177.25,136.07
2446,605234.870446,56.411,73,-144.975,18.144,72.877,131.729,135.082,125.61,198.08,98.4,178.19,135.72
2447,605234.873208,57.438,74,-145.721,19.481,70.778,131.506,134.235,124.64,199.96,95.62,177.74,134.88
2448,605234.878431,56.412,73,-145.443,19.167,72.517,131.083,135.355,124.99,199.5,97.86,177.46,136.01
2449,605234.881204,56.482,73,-144.034,18.011,72.657,131.579,134.883,126.89,197.93,98.1,178.14,135.52
2450,605234.889433,57.901,65,-144.461,19.305,69.845,131.441,134.654,126.35,199.77,94.3,177.72,135.23
2451,605234.894739,56.293,72,-144.687,19.214,72.933,131.422,135.128,125.99,199.54,98.46,177.83,135.78
2452,605234.906506,56.25,72,-143.67,19.583,72.933,131.276,134.994,127.36,200.04,98.48,177.66,135.64
2453,605234.915357,56.528,74,-142.196,18.464,72.286,131.065,134.491,129.36,198.55,97.64,177.49,135.12
2454,605234.918041,56.908,73,-142.578,18.012,71.639,131.21,136.278,128.83,197.94,96.73,177.75,136.88
2455,605234.92242,56.182,72,-142.919,19.855,73.028,131.213,134.894,128.34,200.38,98.65,177.47,135.52
2456,605234.925626,56.526,75,-141.999,18.912,72.227,130.951,134.63,129.62,199.16,97.56,177.35,135.25
2457,605234.929924,56.314,75,-142.247,18.268,72.548,130.8,136.041,129.28,198.28,97.97,177.19,136.66
2458,605234.937614,56.017,73,-142.794,20.237,73.239,131.029,134.595,128.56,200.94,98.93,177.25,135.21
2459,605234.941606,56.626,72,-142.045,19.333,72.113,131.09,134.663,129.56,199.72,97.45,177.32,135.26
2460,605234.94608,55.981,75,-142.022,18.548,73.241,130.913,135.592,129.56,198.63,98.93,177.22,136.23
2461,605234.949331,55.954,74,-142.93,20.283,73.351,131.018,134.679,128.31,200.95,99.08,177.15,135.33
2462,605234.954668,56.682,72,-142.728,19.686,72.267,131.567,134.777,128.7,200.26,97.64,177.9,135.4
2463,605234.95776,55.838,73,-142.711,18.868,73.768,131.367,135.4,128.61,199.05,99.63,177.72,136.07
2464,605234.965602,55.843,76,-143.756,20.587,73.352,130.643,134.147,127.25,201.4,99.04,176.8,134.81
2465,605234.969994,56.332,73,-143.537,19.969,72.769,131.262,135.117,127.56,200.58,98.27,177.55,135.75
2466,605234.972833,55.702,70,-143.083,18.943,74.156,131.601,135.038,128.21,199.2,100.17,178.23,135.65
2467,605234.978453,56.135,74,-144.421,20.271,72.911,130.845,134.072,126.37,200.98,98.46,176.91,134.76
2468,605234.990452,55.617,71,-143.893,19.061,74.341,131.643,134.603,127.07,199.33,100.44,177.87,135.25
2469,605234.994856,56.907,64,-144.594,20.294,71.541,131.026,134.199,126.18,201.1,96.57,177.17,134.79
2470,605234.99782,55.487,74,-145.356,20.482,74.303,131.141,134.898,125.13,201.28,100.26,177.55,135.57
2471,605235.001595,55.449,72,-144.295,19.438,74.591,131.523,134.385,126.54,199.84,100.72,177.95,135.04
2472,605235.007083,57.097,66,-145.364,19.358,72.185,132.882,135.477,125.11,199.76,97.4,179.93,136.1
2473,605235.014058,55.234,75,-145.503,20.547,74.654,130.921,135.008,124.84,201.31,100.77,176.78,135.8
2474,605235.017885,55.807,72,-144.624,19.693,74.016,131.707,134.103,126.09,200.18,99.94,178.18,134.76
2475,605235.022045,56.574,70,-145.365,19.587,72.697,131.971,135.532,125.15,200.13,98.11,178.48,136.16
2476,605235.030465,56.055,74,-144.319,19.533,73.374,131.402,133.754,126.54,200.02,99.09,177.76,134.41
2477,605235.033865,55.802,75,-144.72,19.022,73.673,131.08,135.599,125.95,199.28,99.45,177.39,136.26
2478,605235.041366,55.442,72,-145.403,20.586,74.582,131.481,134.138,125.07,201.41,100.69,177.76,134.8
2479,605235.046193,56.219,74,-144.291,19.643,73.068,131.413,133.8,126.58,200.17,98.67,177.77,134.45
2480,605235.048931,55.683,74,-144.545,18.911,74.009,131.276,135.072,126.21,199.15,99.9,177.73,135.73
2481,605235.054352,55.577,73,-145.11,20.745,74.167,131.199,133.622,125.51,201.67,100.15,177.38,134.31
2482,605235.05743,56.348,72,-144.205,19.726,72.927,131.6,134.074,126.7,200.28,98.48,178.03,134.73
2483,605235.066486,55.587,72,-143.994,18.877,74.343,131.545,134.721,126.93,199.07,100.39,177.98,135.37
2484,605235.078191,55.591,72,-143.573,18.967,74.318,131.514,134.436,127.55,199.24,100.42,177.71,135.11
2485,605235.081562,56.307,74,-144.446,20.663,72.652,130.965,133.248,126.33,201.51,98.1,177.2,133.89
2486,605235.090118,55.907,73,-144.144,20.24,73.564,131.239,134.468,126.75,200.95,99.3,177.7,135.12
2487,605235.094149,55.743,74,-142.949,19.134,74.027,131.507,134.071,128.32,199.42,99.99,177.89,134.73
2488,605235.097944,57.171,70,-143.838,20.34,71.46,131.814,133.46,127.23,201.15,96.54,178.16,134.11
2489,605235.101089,55.934,73,-144.03,20.636,73.451,131.129,134.48,126.93,201.51,99.17,177.46,135.14
2490,605235.106296,55.944,72,-142.993,19.613,73.733,131.666,133.923,128.3,200.1,99.57,178.28,134.57
2491,605235.109505,57.118,66,-143.436,20.929,70.83,130.462,133.566,127.69,201.91,95.65,176.48,134.17
2492,605235.117876,55.946,71,-144.132,20.857,73.642,131.508,134.361,126.77,201.79,99.4,178.08,135.01
2493,605235.122052,56.151,72,-143.056,19.506,73.365,131.712,133.793,128.22,199.96,99.08,178.34,134.44
2494,605235.125181,57.428,61,-143.553,20.622,70.44,130.842,134.09,127.61,201.66,95.02,176.79,134.56
2495,605235.12949,55.947,73,-144.447,20.798,73.573,131.39,134.439,126.36,201.7,99.35,177.68,135.1
2496,605235.133833,56.383,73,-143.585,19.752,72.821,131.53,133.732,127.51,200.3,98.33,178.07,134.38
2497,605235.14341,57.044,71,-144.447,19.472,71.649,131.707,135.3,126.36,199.95,96.73,178.2,135.91
2498,605235.14518,55.999,74,-144.993,20.759,73.497,131.43,134.07,125.64,201.68,99.22,177.81,134.75
2499,605235.149857,56.706,73,-144.075,19.616,72.212,131.549,133.642,126.85,200.11,97.51,178.07,134.29
2500,605235.162367,56.829,73,-144.829,19.666,72.003,131.6,133.834,125.81,200.16,97.23,178.0,134.49
2501,605235.170463,56.377,73,-145.288,18.999,72.817,131.502,135.188,125.19,199.24,98.3,177.9,135.83
2502,605235.17344,56.139,73,-146.035,20.315,73.222,131.416,133.828,124.23,201.05,98.85,177.64,134.5
2503,605235.178082,57.212,73,-145.299,19.284,71.386,131.822,134.262,125.22,199.68,96.38,178.29,134.91
2504,605235.182935,56.308,70,-145.154,18.585,73.289,132.115,134.878,125.38,198.7,98.97,178.55,135.54
2505,605235.185918,56.318,75,-146.494,20.149,72.809,131.288,133.576,123.67,200.89,98.3,177.39,134.23
2506,605235.193437,56.794,68,-146.124,19.171,71.68,130.885,134.855,124.07,199.51,96.79,176.71,135.55
2507,605235.197737,56.022,71,-145.467,18.236,73.378,131.297,134.853,124.96,198.24,99.07,177.52,135.54
2508,605235.201376,56.066,70,-146.159,20.322,72.563,129.986,133.347,124.06,201.08,97.92,175.85,134.01
2509,605235.20508,56.908,71,-146.049,19.7,72.04,131.945,135.096,124.19,200.21,97.25,178.33,135.73
2510,605235.209835,56.231,72,-145.384,18.606,73.26,131.798,134.645,125.08,198.72,98.93,178.09,135.33
2511,605235.218254,56.969,71,-146.153,20.001,71.498,131.167,133.723,124.09,200.66,96.51,177.36,134.39
2512,605235.222445,56.252,73,-145.876,19.729,72.964,131.339,134.982,124.4,200.24,98.47,177.67,135.65
2513,605235.226063,56.13,73,-144.549,18.644,73.357,131.627,134.517,126.21,198.79,99.03,178.18,135.17
2514,605235.229417,57.598,66,-145.055,20.148,70.309,131.208,133.93,125.59,200.95,94.91,177.26,134.5
2515,605235.246489,57.567,67,-144.241,19.977,70.391,131.25,134.839,126.61,200.61,95.05,177.24,135.35
2516,605235.249427,56.195,71,-144.517,20.72,73.237,131.633,134.836,126.28,201.63,98.86,178.12,135.5
2517,605235.253478,56.425,73,-142.984,19.731,72.701,131.46,134.165,128.29,200.24,98.2,177.9,134.79
2518,605235.258651,57.783,66,-143.747,19.52,70.899,132.986,135.934,127.25,199.96,95.71,180.02,136.51
2519,605235.262669,56.058,73,-143.823,21.134,73.333,131.338,134.711,127.23,202.21,99.02,177.64,135.36
2520,605235.269809,56.459,72,-142.549,20.156,72.537,131.283,133.989,128.88,200.81,97.99,177.81,134.65
2521,605235.273951,56.74,73,-143.051,19.725,72.002,131.286,135.959,128.2,200.26,97.2,177.84,136.57
2522,605235.277343,55.966,72,-143.533,21.329,73.489,131.304,134.584,127.57,202.43,99.19,177.83,135.23
2523,605235.281261,56.798,72,-142.326,20.27,72.016,131.513,134.098,129.17,200.97,97.29,177.97,134.71
2524,605235.286532,56.196,75,-142.63,19.566,72.767,130.792,135.89,128.77,200.04,98.24,177.18,136.51
2525,605235.294499,55.928,71,-143.49,21.237,73.332,130.894,134.525,127.58,202.28,99.01,176.97,135.21
2526,605235.297573,56.719,74,-142.689,20.247,72.086,131.366,134.456,128.7,200.96,97.39,177.67,135.06
2527,605235.301512,55.998,73,-143.052,19.259,73.174,130.851,135.813,128.21,199.62,98.83,177.04,136.43
2528,605235.304827,56.095,72,-143.889,20.949,73.235,131.286,134.292,127.09,201.92,98.86,177.78,134.94
2529,605235.310668,56.825,71,-143.444,19.954,71.925,131.444,134.652,127.71,200.59,97.18,177.62,135.27
2530,605235.318313,55.898,68,-143.604,18.85,73.466,131.031,135.545,127.49,199.0,99.4,177.05,136.2
2531,605235.330023,55.898,73,-144.36,18.956,73.782,131.596,135.17,126.43,199.18,99.67,177.82,135.81
2532,605235.333465,55.949,73,-145.446,20.518,73.367,131.029,134.016,125.03,201.35,99.04,177.26,134.7
2533,605235.337939,56.474,72,-144.961,19.698,72.668,131.569,135.097,125.67,200.24,98.09,178.02,135.75
2534,605235.346133,55.656,73,-144.298,18.982,74.349,131.786,134.933,126.55,199.25,100.36,178.43,135.6
2535,605235.349731,56.162,75,-145.577,20.683,72.986,131.068,133.843,124.83,201.55,98.49,177.42,134.51
2536,605235.353644,55.856,75,-145.269,20.082,73.632,131.187,135.121,125.25,200.73,99.4,177.4,135.78
2537,605235.357276,55.649,75,-144.287,18.935,74.253,131.594,134.637,126.59,199.21,100.3,177.82,135.31
2538,605235.362578,56.318,72,-145.238,20.602,72.358,130.472,133.749,125.3,201.46,97.69,176.39,134.4
2539,605235.369689,55.668,74,-145.456,20.42,73.995,131.201,134.858,124.99,201.19,99.84,177.64,135.53
2540,605235.37353,55.565,73,-144.278,19.255,74.238,131.284,134.301,126.62,199.67,100.25,177.51,134.93
2541,605235.37776,57.07,64,-144.955,20.245,71.409,131.359,134.043,125.67,200.99,96.37,177.76,134.66
2542,605235.381139,55.619,74,-145.445,20.434,74.094,131.212,134.653,125.06,201.26,100.03,177.4,135.33
2543,605235.385829,55.785,72,-144.241,19.105,74.108,131.796,134.244,126.61,199.39,100.07,178.32,134.91
2544,605235.390044,57.406,62,-145.122,19.056,71.825,133.336,135.195,125.47,199.4,96.96,180.35,135.8
2545,605235.39839,55.537,77,-145.13,20.141,74.091,130.933,134.839,125.41,200.82,100.01,177.05,135.54
2546,605235.401252,55.832,73,-144.087,19.121,73.856,131.504,134.068,126.81,199.41,99.74,177.92,134.72
2547,605235.405706,56.978,69,-144.765,18.892,72.087,132.279,135.329,125.91,199.13,97.3,179.12,135.96
2548,605235.422412,56.66,67,-143.768,18.359,72.293,131.536,135.792,127.25,198.42,97.64,177.9,136.41
2549,605235.426163,55.521,73,-144.004,19.906,74.257,131.173,134.295,126.96,200.52,100.27,177.5,134.95
2550,605235.429273,56.159,74,-142.509,18.986,73.036,131.151,133.43,128.93,199.23,98.69,177.44,134.06
2551,605235.433768,56.185,71,-142.877,18.504,72.883,130.964,135.588,128.44,198.6,98.42,177.38,136.22
2552,605235.438602,55.538,73,-143.068,20.24,74.074,130.905,133.868,128.2,200.95,100.02,177.27,134.52
2553,605235.446343,56.328,76,-141.697,19.244,72.641,131.018,133.543,130.01,199.56,98.21,177.03,134.16
2554,605235.449432,55.811,76,-141.838,18.611,73.391,130.605,135.139,129.89,198.77,99.19,176.8,135.75
2555,605235.453926,55.751,74,-142.329,20.564,73.689,130.934,133.61,129.22,201.41,99.54,177.21,134.27
2556,605235.456752,56.524,75,-141.295,19.632,72.268,131.019,133.693,130.57,200.13,97.68,177.21,134.33
2557,605235.462647,55.784,73,-141.192,18.835,73.656,130.987,134.654,130.65,198.97,99.55,177.13,135.26
2558,605235.466488,55.747,71,-142.075,20.719,73.42,130.446,133.647,129.54,201.61,99.18,176.55,134.31
2559,605235.473443,56.575,75,-141.486,20.117,72.223,131.113,133.905,130.27,200.76,97.58,177.4,134.55
2560,605235.47771,55.786,74,-141.337,19.244,73.739,131.14,134.472,130.47,199.55,99.66,177.38,135.1
2561,605235.480922,55.946,76,-142.387,21.034,73.143,130.619,133.174,129.14,202.05,98.8,176.8,133.83
2562,605235.48638,56.69,70,-142.006,20.532,72.177,131.428,134.187,129.66,201.39,97.52,177.76,134.81
2563,605235.489156,55.963,72,-141.613,19.625,73.668,131.614,134.261,130.12,200.08,99.58,177.88,134.9
2564,605235.497418,56.193,72,-142.778,21.258,72.897,131.016,133.367,128.57,202.31,98.46,177.32,133.99
2565,605235.506907,55.902,68,-142.439,20.11,73.58,131.25,134.024,129.07,200.82,99.42,177.36,134.61
2566,605235.510232,56.364,72,-143.912,21.38,72.533,130.947,133.192,127.07,202.5,97.93,177.3,133.84
2567,605235.513456,56.27,72,-144.116,20.901,72.736,130.99,134.525,126.76,201.85,98.21,177.11,135.21
2568,605235.521598,55.903,74,-143.497,19.877,73.786,131.621,133.99,127.63,200.47,99.66,178.02,134.67
2569,605235.52659,56.396,64,-144.824,21.625,71.951,130.007,132.646,125.86,202.86,97.1,175.92,133.28
2570,605235.529409,56.19,76,-145.265,20.871,73.021,131.228,134.411,125.25,201.81,98.54,177.66,135.07
2571,605235.533262,56.12,72,-144.573,19.739,73.63,132.082,133.788,126.24,200.32,99.45,178.55,134.45
2572,605235.538334,57.773,58,-145.734,20.965,70.631,132.446,133.124,124.59,201.96,95.41,178.99,133.69
2573,605235.542249,55.937,72,-145.926,20.986,73.679,131.545,134.323,124.37,201.96,99.41,178.07,135.0
2574,605235.549937,56.153,72,-144.744,19.845,73.475,131.918,133.686,125.99,200.43,99.26,178.21,134.34
2575,605235.553414,57.745,59,-145.316,21.061,70.391,131.894,133.943,125.22,202.15,95.02,178.28,134.53
2576,605235.557239,55.939,72,-145.783,21.191,73.76,131.697,134.358,124.58,202.27,99.54,178.15,135.02
2577,605235.562992,56.058,75,-144.211,19.949,73.427,131.508,133.69,126.74,200.63,99.19,177.71,134.33
2578,605235.565486,57.534,62,-144.42,21.142,70.276,130.918,134.089,126.39,202.24,94.83,177.16,134.67
2579,605235.573629,55.88,68,-144.986,21.404,73.56,131.141,134.121,125.69,202.65,99.3,177.02,134.71
2580,605235.578698,56.235,73,-143.515,19.943,73.081,131.492,133.781,127.58,200.53,98.7,177.91,134.43
2581,605235.581781,57.467,70,-144.091,19.637,71.153,132.306,135.424,126.84,200.17,96.06,179.04,136.05
2582,605235.590882,56.369,72,-142.814,19.639,72.784,131.416,133.884,128.59,200.19,98.35,177.7,134.52
2583,605235.594905,56.965,75,-143.167,19.231,71.63,131.393,135.605,128.06,199.6,96.79,177.5,136.22
2584,605235.602273,56.065,75,-143.414,20.621,73.2,131.124,134.338,127.74,201.49,98.81,177.53,134.96
2585,605235.605485,56.757,73,-142.012,19.483,71.995,131.332,133.728,129.66,199.98,97.3,177.6,134.35
2586,605235.609354,56.625,70,-142.292,18.751,71.954,130.796,135.727,129.28,198.93,97.29,177.12,136.28
2587,605235.614736,56.258,73,-142.511,20.235,72.891,131.23,134.408,128.89,200.89,98.48,177.48,135.03
2588,605235.61738,56.902,74,-141.585,19.289,71.664,131.235,134.126,130.18,199.66,96.86,177.51,134.74
2589,605235.62635,56.517,72,-141.818,18.558,72.138,130.76,135.6,129.88,198.7,97.45,177.03,136.22
2590,605235.629528,56.221,73,-142.264,20.264,72.831,130.993,134.282,129.25,200.96,98.38,177.3,134.9
2591,605235.633681,56.997,72,-141.367,19.274,71.532,131.328,134.252,130.44,199.63,96.66,177.75,134.87
2592,605235.637316,56.305,72,-141.455,18.482,72.677,131.005,135.495,130.33,198.54,98.19,177.35,136.1
2593,605235.642494,56.171,74,-142.462,20.489,72.958,131.05,134.431,128.98,201.26,98.54,177.38,135.04
2594,605235.649899,57.115,72,-142.252,19.859,71.415,131.529,134.469,129.28,200.43,96.49,177.91,135.08
2595,605235.653269,56.053,73,-142.402,18.985,73.252,131.174,135.4,129.03,199.2,98.96,177.43,136.03
2596,605235.65789,56.146,74,-143.45,20.916,73.102,131.225,134.179,127.68,201.87,98.69,177.71,134.82
2597,605235.661311,57.171,69,-143.169,20.202,71.555,131.987,134.533,128.02,200.88,96.64,178.6,135.16
2598,605235.677544,56.996,69,-144.371,20.434,71.872,131.949,134.743,126.49,201.27,97.06,178.38,135.38
2599,605235.681676,56.16,70,-144.235,19.705,73.574,132.119,135.1,126.6,200.2,99.36,178.54,135.75
2600,605235.685091,56.193,75,-145.476,21.35,73.017,131.232,133.88,124.97,202.46,98.53,177.65,134.54
2601,605235.690644,56.628,72,-145.126,20.727,72.54,131.875,135.162,125.43,201.61,97.93,178.3,135.78
2602,605235.693311,56.111,70,-144.667,19.665,73.764,132.29,134.964,126.07,200.19,99.64,178.7,135.63
2603,605235.701624,56.341,75,-145.816,21.285,72.707,131.182,133.847,124.54,202.37,98.19,177.42,134.53
2604,605235.705823,56.177,72,-145.577,20.678,73.146,131.408,135.297,124.75,201.47,98.75,177.55,135.97
2605,605235.709795,55.958,72,-144.665,19.248,73.88,131.974,134.695,126.05,199.6,99.72,178.67,135.35
2606,605235.713113,56.524,71,-145.58,20.711,72.035,130.595,133.773,124.85,201.63,97.23,176.63,134.41
2607,605235.71813,55.915,72,-145.744,20.558,73.427,131.022,135.13,124.67,201.47,99.12,177.03,135.75
2608,605235.725689,55.941,73,-144.746,19.025,73.78,131.739,134.7,125.92,199.28,99.62,178.22,135.35
2609,605235.730452,57.218,67,-145.349,20.123,71.139,131.386,134.068,125.12,200.8,96.03,177.7,134.7
2610,605235.733166,55.976,73,-145.739,20.087,73.373,131.132,135.104,124.62,200.75,99.03,177.35,135.8
2611,605235.737201,55.961,71,-144.341,18.851,73.765,131.779,134.654,126.49,199.07,99.58,178.41,135.31
2612,605235.741983,57.311,66,-144.76,19.796,70.943,131.356,134.306,125.96,200.41,95.78,177.65,134.93
2613,605235.745876,56.025,75,-144.912,19.807,73.218,131.02,135.339,125.69,200.34,98.82,177.31,135.98
2614,605235.753786,56.07,74,-143.677,18.774,73.332,131.377,134.681,127.4,198.99,99.04,177.76,135.32
2615,605235.761956,55.972,71,-144.246,19.809,73.541,131.42,135.145,126.62,200.37,99.3,177.74,135.82
2616,605235.767078,56.214,72,-142.567,18.614,73.172,131.583,134.493,128.92,198.8,98.88,177.93,135.13
2617,605235.769625,56.734,65,-142.67,18.652,72.086,131.419,135.665,128.84,198.79,97.65,177.62,136.2
2618,605235.778338,56.007,72,-143.233,20.28,73.435,131.349,135.101,127.97,201.01,99.13,177.91,135.74
2619,605235.781689,56.079,73,-141.923,19.255,73.279,131.313,134.568,129.74,199.62,99.02,177.62,135.22
2620,605235.784889,56.951,64,-142.545,18.984,71.678,131.434,136.319,128.87,199.26,96.81,177.75,136.93
2621,605235.789557,56.052,71,-142.411,20.905,73.461,131.548,134.969,129.07,201.85,99.23,177.95,135.6
2622,605235.794051,56.148,72,-141.198,19.702,73.193,131.393,134.459,130.71,200.23,98.92,177.75,135.1
2623,605235.802356,57.059,68,-141.739,19.272,71.893,132.211,136.332,130.01,199.69,97.11,178.96,136.93
2624,605235.80539,55.842,74,-141.895,21.031,73.643,131.16,135.128,129.77,202.03,99.45,177.54,135.79
2625,605235.809833,56.13,74,-141.291,20.409,73.091,131.149,134.571,130.58,201.19,98.76,177.45,135.19
2626,605235.813138,56.593,74,-141.97,20.009,72.347,131.402,136.119,129.63,200.63,97.69,177.95,136.73
2627,605235.818649,55.711,73,-142.241,21.254,73.916,131.203,134.907,129.31,202.33,99.84,177.53,135.53
2628,605235.826456,56.375,72,-141.337,20.248,72.714,131.312,134.284,130.52,200.97,98.22,177.87,134.9
2629,605235.829699,56.184,74,-142.005,19.682,72.842,130.888,136.204,129.61,200.2,98.39,177.14,136.83
2630,605235.834164,55.868,70,-142.765,21.319,73.884,131.678,134.88,128.58,202.39,99.76,178.24,135.5
2631,605235.837105,56.328,73,-142.26,20.298,72.829,131.356,134.485,129.28,201.03,98.4,177.68,135.09
2632,605235.854203,56.334,75,-143.305,20.22,72.751,131.236,134.371,127.9,200.95,98.25,177.61,135.0
2633,605235.857252,55.797,75,-143.682,19.462,73.705,131.119,135.739,127.34,199.87,99.51,177.45,136.39
2634,605235.862759,55.563,73,-144.737,20.885,74.272,131.339,134.645,125.93,201.81,100.23,177.76,135.34
2635,605235.864836,56.54,74,-144.468,20.058,72.528,131.547,134.442,126.38,200.77,97.96,177.78,135.08
2636,605235.870099,55.89,71,-144.75,19.34,73.967,131.9,135.505,125.9,199.71,99.87,178.27,136.21
2637,605235.879745,55.629,74,-145.846,20.774,74.151,131.345,134.377,124.47,201.67,100.05,177.8,135.06
2638,605235.881349,56.569,72,-145.348,19.731,72.582,131.744,134.613,125.11,200.24,97.98,178.21,135.25
2639,605235.886317,55.659,71,-145.348,18.963,74.317,131.739,135.395,125.15,199.23,100.32,178.21,136.08
2640,605235.888799,55.592,75,-146.366,20.702,74.172,131.258,134.177,123.78,201.58,100.07,177.65,134.87
2641,605235.893494,56.426,69,-145.868,19.747,72.819,131.678,134.977,124.45,200.29,98.33,177.84,135.64
2642,605235.897367,55.693,70,-145.431,18.999,74.396,131.993,135.21,125.07,199.31,100.45,178.41,135.89
2643,605235.905526,55.725,75,-146.273,20.82,73.814,131.068,134.048,123.9,201.73,99.63,177.2,134.72
2644,605235.909206,56.388,70,-145.596,20.14,73.075,132.009,135.003,124.78,200.78,98.63,178.55,135.64
2645,605235.91311,55.546,70,-144.936,19.164,74.596,131.855,135.065,125.68,199.49,100.73,178.25,135.74
2646,605235.9188,55.97,75,-145.581,20.859,73.353,131.075,133.855,124.83,201.79,98.99,177.44,134.52
2647,605235.921385,55.666,70,-145.2,20.528,73.585,130.466,135.257,125.27,201.3,99.31,176.45,135.96
2648,605235.934235,55.684,74,-144.342,21.17,73.443,130.275,133.98,126.51,202.2,99.21,176.32,134.63
2649,605235.938807,55.916,74,-143.813,21.016,73.547,131.239,135.255,127.2,202.02,99.3,177.45,135.85
2650,605235.946422,56.37,73,-143.279,21.281,72.598,131.084,133.821,127.91,202.37,98.01,177.53,134.45
2651,605235.954463,55.659,77,-142.836,21.199,73.761,130.755,135.088,128.5,202.26,99.57,177.12,135.73
2652,605235.957514,55.497,75,-141.532,19.961,74.353,131.26,134.709,130.26,200.57,100.41,177.81,135.34
2653,605235.961883,56.911,68,-142.029,21.21,71.789,131.494,133.871,129.59,202.28,96.94,178.11,134.47
2654,605235.965159,56.005,75,-141.968,21.368,73.272,131.047,135.09,129.67,202.49,98.92,177.54,135.71
2655,605235.970041,55.644,76,-141.113,20.257,73.993,131.114,134.695,130.8,200.97,100.0,177.24,135.34
2656,605235.973119,56.908,68,-141.617,21.416,71.643,131.219,133.835,130.14,202.57,96.75,177.73,134.43
2657,605235.981507,55.782,74,-141.721,21.502,73.615,130.907,135.052,130.03,202.69,99.42,177.24,135.69
2658,605235.985731,55.635,74,-140.598,20.198,74.061,131.206,134.533,131.52,200.9,100.08,177.54,135.14
2659,605235.989263,57.157,69,-141.404,20.987,71.345,131.55,134.135,130.45,201.99,96.33,178.18,134.76
2660,605235.994174,55.891,74,-141.808,21.496,73.484,131.041,135.277,129.89,202.63,99.33,177.27,135.93
2661,605235.9973,55.648,74,-141.077,20.32,74.09,131.3,134.408,130.8,201.0,100.11,177.6,135.06
2662,605236.005911,57.114,65,-141.882,21.374,70.88,130.541,133.885,129.74,202.63,95.93,176.42,134.3
2663,605236.009697,55.885,71,-142.695,21.257,73.719,131.44,134.922,128.68,202.31,99.54,177.94,135.54
2664,605236.01761,57.778,59,-143.693,19.574,71.321,133.759,135.07,127.34,200.05,96.28,181.18,135.66
2665,605236.022914,55.675,69,-143.851,20.98,73.831,130.933,134.834,127.19,202.06,99.63,177.06,135.4
2666,605236.030394,55.828,72,-143.347,19.56,73.844,131.471,134.125,127.83,200.04,99.75,177.78,134.77
2667,605236.033438,57.442,63,-144.663,19.14,71.521,132.9,135.497,126.01,199.44,96.65,179.27,136.14
2668,605236.03838,55.78,70,-145.1,20.615,74.002,131.59,134.691,125.47,201.46,99.86,178.16,135.36
2669,605236.040809,55.812,73,-144.357,19.414,73.799,131.336,133.94,126.5,199.86,99.65,177.68,134.59
2670,605236.046714,57.436,64,-145.452,19.102,71.462,132.767,135.677,124.98,199.41,96.43,179.78,136.3
2671,605236.049429,55.628,71,-145.791,20.457,74.338,131.674,134.687,124.52,201.22,100.33,178.12,135.37
2672,605236.057301,55.951,70,-144.966,19.494,73.468,131.217,133.786,125.64,199.93,99.2,177.49,134.46
2673,605236.061925,56.825,67,-145.956,18.989,72.261,132.057,135.936,124.39,199.32,97.58,178.46,136.57
2674,605236.065294,55.641,73,-146.38,20.458,74.274,131.603,134.668,123.78,201.26,100.23,178.02,135.36
2675,605236.070772,56.166,73,-145.378,19.335,73.4,131.828,134.021,125.1,199.72,99.07,178.42,134.69
2676,605236.073301,56.25,67,-145.787,19.034,72.957,131.319,135.997,124.55,199.31,98.46,177.78,136.65
2677,605236.083346,55.725,72,-146.348,20.564,74.224,131.797,134.572,123.83,201.41,100.16,178.29,135.27
2678,605236.08676,56.222,74,-144.82,19.458,73.039,131.371,133.813,125.85,199.89,98.61,177.8,134.48
2679,605236.089417,56.416,72,-145.215,18.777,72.621,131.284,136.15,125.29,198.94,98.03,177.66,136.79
2680,605236.093405,55.76,69,-145.675,20.428,73.936,131.403,134.834,124.62,201.14,99.83,177.38,135.57
2681,605236.10157,56.082,75,-144.507,18.644,72.996,130.815,136.203,126.21,198.74,98.56,176.95,136.85
2682,605236.11072,55.996,72,-144.849,20.36,73.611,131.626,134.638,125.83,201.13,99.37,178.1,135.31
2683,605236.113372,56.32,75,-143.64,19.265,72.62,130.952,134.189,127.4,199.61,98.09,177.17,134.84
2684,605236.11722,55.96,78,-143.827,18.445,73.055,130.507,136.196,127.19,198.5,98.73,176.49,136.88
2685,605236.125292,56.694,74,-142.917,19.224,72.104,131.312,134.167,128.34,199.52,97.43,177.54,134.8
2686,605236.133802,56.018,75,-143.069,18.378,73.022,130.647,136.05,128.18,198.43,98.59,176.96,136.68
2687,605236.138336,56.096,72,-143.463,20.338,73.247,131.312,134.684,127.66,201.09,98.88,177.83,135.33
2688,605236.14167,56.597,75,-142.214,19.416,72.152,131.063,134.392,129.36,199.86,97.47,177.39,135.02
2689,605236.145126,56.055,74,-142.099,18.587,73.125,130.955,135.865,129.52,198.75,98.79,177.17,136.49
2690,605236.150167,56.07,71,-142.509,20.755,73.343,131.397,134.656,128.94,201.64,99.07,177.74,135.26
2691,605236.157625,56.65,74,-141.67,20.096,72.121,131.19,134.476,130.09,200.78,97.48,177.34,135.08
2692,605236.161638,55.948,73,-141.606,19.208,73.344,130.985,135.836,130.16,199.58,99.07,177.34,136.45
2693,605236.166028,55.996,72,-142.125,21.381,73.386,131.223,134.709,129.46,202.51,99.08,177.78,135.34
2694,605236.168871,56.502,75,-141.404,20.713,72.381,131.147,134.672,130.45,201.62,97.83,177.3,135.28
2695,605236.174396,55.781,74,-141.306,19.987,73.657,130.978,135.784,130.52,200.59,99.49,177.35,136.42
2696,605236.177616,55.949,74,-141.959,22.043,73.402,131.093,134.71,129.7,203.42,99.12,177.5,135.33
2697,605236.185759,56.57,71,-141.174,21.41,72.444,131.498,134.894,130.72,202.54,97.88,177.9,135.52
2698,605236.19845,56.593,71,-141.331,21.691,72.491,131.663,135.033,130.54,202.95,97.91,178.28,135.65
2699,605236.201311,55.711,71,-141.145,20.643,74.075,131.487,135.534,130.74,201.47,100.05,178.02,136.17
2700,605236.209526,55.674,73,-142.37,22.209,73.59,130.503,134.633,129.09,203.61,99.38,176.5,135.33
2701,605236.213519,56.678,69,-142.152,21.637,72.53,132.032,135.139,129.36,202.79,97.97,178.56,135.75
2702,605236.217008,55.664,73,-142.132,20.506,74.214,131.577,135.398,129.37,201.25,100.24,177.94,136.06
2703,605236.220893,55.882,76,-143.43,21.743,73.479,131.003,134.295,127.76,203.04,99.23,177.21,134.95
2704,605236.226259,56.217,72,-143.471,21.132,72.87,131.05,135.164,127.57,202.11,98.39,177.21,135.84
2705,605236.234872,55.58,73,-143.15,20.139,74.426,131.669,135.263,128.03,200.76,100.51,178.08,135.91
2706,605236.237355,55.467,74,-144.335,21.301,73.929,130.415,134.424,126.41,202.34,99.83,176.18,135.14
2707,605236.242514,56.554,72,-144.115,20.682,72.634,131.788,135.21,126.75,201.51,98.11,178.05,135.85
2708,605236.245095,55.447,73,-143.872,19.59,74.715,131.733,135.22,127.06,200.01,100.93,177.94,135.91
2709,605236.250415,55.84,75,-145.162,20.921,73.599,131.073,134.045,125.4,201.87,99.37,177.22,134.72
2710,605236.253786,56.136,70,-144.984,20.144,73.164,131.3,135.312,125.56,200.81,98.78,177.56,136.05
2711,605236.261525,55.36,70,-144.667,18.835,74.657,131.342,135.216,125.92,198.96,100.79,177.42,135.98
2712,605236.265847,55.839,76,-145.798,20.359,73.415,130.744,133.908,124.58,201.17,99.15,176.43,134.57
2713,605236.269149,55.89,74,-145.754,19.885,73.625,131.288,135.28,124.63,200.51,99.42,177.26,135.89
2714,605236.286151,55.877,73,-146.211,19.66,73.66,131.308,135.332,123.98,200.15,99.42,177.53,135.99
2715,605236.289359,55.584,71,-145.304,18.372,74.535,131.875,134.806,125.23,198.43,100.63,178.37,135.49
2716,605236.294436,55.921,73,-145.908,20.002,72.961,130.209,133.574,124.42,200.66,98.49,176.08,134.24
2717,605236.296806,55.699,75,-146.039,19.686,73.906,131.146,135.209,124.19,200.18,99.75,177.27,135.89
2718,605236.302488,55.54,71,-144.909,18.602,74.545,131.742,134.764,125.73,198.72,100.67,178.11,135.43
2719,605236.310783,56.347,71,-145.342,20.126,72.45,130.738,133.614,125.15,200.8,97.79,176.94,134.27
2720,605236.313488,55.392,76,-145.457,19.956,74.232,130.698,135.213,124.99,200.56,100.16,176.95,135.89
2721,605236.317839,55.519,73,-144.075,18.761,74.513,131.617,134.634,126.88,198.96,100.66,177.83,135.29
2722,605236.320925,57.072,69,-144.553,19.919,71.535,131.597,133.932,126.24,200.56,96.59,178.02,134.57
2723,605236.326997,55.346,76,-144.577,20.317,74.294,130.657,135.117,126.23,201.16,100.26,176.62,135.69
2724,605236.32979,55.564,72,-143.188,19.123,74.399,131.567,134.6,128.02,199.41,100.48,178.05,135.24
2725,605236.338797,57.365,61,-143.597,20.246,71.105,131.849,134.172,127.49,200.99,95.99,178.5,134.77
2726,605236.342085,55.463,74,-143.725,20.674,74.192,130.866,134.982,127.34,201.56,100.21,176.91,135.65
2727,605236.344969,55.6,71,-142.255,19.644,74.325,131.557,134.51,129.31,200.16,100.4,178.05,135.17
2728,605236.350096,57.19,63,-142.62,20.793,71.172,131.348,134.284,128.83,201.78,96.14,177.46,134.86
2729,605236.353586,55.527,74,-142.92,21.087,74.118,130.945,135.072,128.4,202.1,100.09,177.17,135.73
2730,605236.362745,55.512,73,-141.634,20.085,74.323,131.257,134.504,130.14,200.76,100.4,177.69,135.13
2731,605236.374453,55.468,75,-141.393,20.444,74.385,131.22,134.322,130.43,201.22,100.46,177.7,134.98
2732,605236.377596,57.303,66,-141.991,21.557,71.019,131.469,134.258,129.62,202.74,95.92,177.92,134.84
2733,605236.3862,55.5,74,-142.564,21.724,74.27,131.125,134.873,128.86,202.97,100.3,177.31,135.54
2734,605236.389487,55.622,75,-141.553,20.553,74.135,131.295,134.171,130.25,201.43,100.11,177.75,134.76
2735,605236.393481,57.082,67,-142.227,21.467,71.014,130.674,134.377,129.35,202.7,95.88,176.83,134.93
2736,605236.396894,55.623,72,-143.165,21.591,74.119,131.269,134.807,128.02,202.75,100.09,177.43,135.53
2737,605236.402018,55.687,74,-142.446,20.281,74.025,131.318,134.054,129.06,201.03,99.99,177.73,134.69
2738,605236.405481,57.167,66,-143.277,20.9,71.108,131.149,134.574,127.95,201.98,95.92,177.4,135.08
2739,605236.413448,55.567,73,-144.068,21.138,74.328,131.45,134.674,126.86,202.16,100.36,177.78,135.33
2740,605236.417666,55.812,73,-143.389,19.812,73.912,131.536,134.02,127.77,200.37,99.8,178.1,134.67
2741,605236.421003,57.134,63,-144.083,20.682,70.97,130.777,134.561,126.84,201.59,95.79,177.01,135.16
2742,605236.425873,55.496,73,-144.995,20.692,74.457,131.441,134.743,125.62,201.56,100.52,177.72,135.4
2743,605236.429682,55.684,73,-144.294,19.644,73.936,131.148,133.843,126.62,200.2,99.86,177.28,134.5
2744,605236.437475,57.077,65,-145.324,19.219,72.016,132.503,135.661,125.13,199.54,97.23,179.21,136.3
2745,605236.441571,55.424,74,-145.705,20.421,74.546,131.358,134.688,124.69,201.21,100.6,177.73,135.38
2746,605236.445542,55.616,76,-144.852,19.351,74.049,131.12,133.851,125.79,199.7,100.03,177.37,134.56
2747,605236.449084,57.301,60,-145.523,20.002,71.12,131.65,134.863,124.88,200.65,95.99,178.01,135.48
2748,605236.463212,55.676,73,-144.961,19.303,73.879,131.02,133.625,125.68,199.69,99.78,177.1,134.29
2749,605236.467339,57.157,61,-145.556,19.96,71.157,131.205,134.733,124.86,200.63,96.07,177.08,135.29
2750,605236.469431,55.609,71,-146.027,20.346,74.525,131.941,134.337,124.23,201.09,100.55,178.59,135.02
2751,605236.478075,56.58,71,-145.471,18.973,72.597,131.811,135.74,124.98,199.25,98.02,178.18,136.36
2752,605236.482176,55.668,73,-145.708,20.498,74.283,131.711,134.222,124.64,201.27,100.32,177.9,134.92
2753,605236.490116,56.133,71,-144.229,19.604,73.188,131.335,133.472,126.62,200.07,98.85,177.63,134.14
2754,605236.493432,56.009,73,-144.6,18.906,73.271,131.061,135.62,126.12,199.12,98.91,177.37,136.27
2755,605236.496879,55.78,71,-145.092,20.758,74.095,131.755,134.398,125.46,201.62,100.01,178.24,135.05
2756,605236.501723,56.179,71,-143.736,20.122,72.921,131.011,133.443,127.36,200.87,98.49,177.1,134.05
2757,605236.505212,56.391,72,-144.197,19.204,72.809,131.536,136.035,126.7,199.58,98.3,178.01,136.68
2758,605236.513892,55.675,72,-144.24,21.082,74.187,131.564,134.419,126.6,202.07,100.18,177.82,135.13
2759,605236.517389,56.426,72,-143.093,20.302,72.775,131.599,133.668,128.17,201.04,98.28,178.17,134.31
2760,605236.521792,56.428,72,-143.464,19.629,72.699,131.466,135.973,127.67,200.2,98.06,177.98,136.56
2761,605236.525325,55.621,73,-143.562,21.243,74.21,131.422,134.531,127.5,202.28,100.22,177.61,135.23
2762,605236.530724,56.444,73,-142.408,20.5,72.734,131.584,133.757,129.11,201.33,98.25,178.07,134.38
2763,605236.537751,56.477,74,-142.833,19.925,72.577,131.417,135.905,128.52,200.55,97.99,177.93,136.53
2764,605236.541333,55.717,72,-142.975,21.392,74.055,131.472,134.362,128.32,202.52,99.97,178.07,135.01
2765,605236.555026,55.738,73,-142.597,21.278,73.956,131.365,134.478,128.83,202.36,99.85,177.93,135.12
2766,605236.557105,56.564,73,-141.865,20.219,72.454,131.494,133.99,129.83,200.96,97.89,177.96,134.6
2767,605236.566501,55.938,75,-142.143,19.493,73.183,130.663,135.772,129.37,199.87,98.86,176.75,136.38
2768,605236.56952,55.926,72,-142.741,21.177,73.656,131.467,134.336,128.61,202.2,99.49,177.75,135.02
2769,605236.573896,56.538,75,-142.053,20.166,72.37,131.253,134.206,129.56,200.86,97.79,177.51,134.81
2770,605236.576642,55.827,75,-142.297,19.428,73.499,130.851,135.648,129.19,199.79,99.25,177.08,136.22
2771,605236.582893,55.784,73,-142.923,21.255,73.849,131.33,134.461,128.36,202.3,99.72,177.74,135.11
2772,605236.590462,56.69,73,-142.291,20.403,72.225,131.516,134.246,129.22,201.16,97.56,178.0,134.85
2773,605236.593464,55.828,72,-142.439,19.678,73.666,131.152,135.651,129.03,200.19,99.46,177.66,136.28
2774,605236.598511,55.671,73,-143.135,21.384,74.037,131.285,134.482,128.06,202.46,99.96,177.64,135.14
2775,605236.600991,56.717,73,-142.477,20.63,72.277,131.706,134.373,128.99,201.49,97.6,178.38,134.99
2776,605236.606393,55.673,74,-142.748,19.804,73.799,130.871,135.856,128.58,200.34,99.67,177.0,136.52
2777,605236.609341,55.677,72,-143.386,21.566,74.109,131.432,134.384,127.74,202.71,100.11,177.63,135.02
2778,605236.617933,56.634,73,-142.871,20.692,72.379,131.601,134.267,128.46,201.57,97.73,178.21,134.9
2779,605236.621797,55.88,73,-143.131,19.963,73.772,131.52,135.601,128.13,200.59,99.61,178.03,136.25
2780,605236.625162,55.514,74,-143.981,21.494,74.281,131.192,134.264,126.98,202.65,100.26,177.65,134.93
2781,605236.643177,55.639,74,-144.637,21.308,74.06,131.218,134.229,126.06,202.34,100.0,177.42,134.86
2782,605236.645736,56.988,69,-144.08,20.443,72.126,132.388,134.366,126.77,201.17,97.42,178.91,135.0
2783,605236.649525,56.001,69,-144.21,19.487,73.867,132.099,135.219,126.66,199.93,99.71,178.85,135.87
2784,605236.653522,55.795,74,-145.242,21.073,73.794,131.27,134.149,125.29,202.08,99.58,177.71,134.82
2785,605236.658619,56.666,72,-144.677,20.123,72.381,131.716,134.511,126.03,200.8,97.7,178.32,135.16
2786,605236.665663,55.828,72,-144.544,19.251,74.033,131.805,135.303,126.18,199.58,99.95,178.31,135.98
2787,605236.669883,55.575,72,-145.551,20.793,73.927,130.766,134.322,124.87,201.71,99.8,176.72,134.99
2788,605236.673292,56.696,74,-144.781,20.041,72.347,131.758,134.681,125.87,200.66,97.67,178.24,135.31
2789,605236.677302,55.872,70,-144.55,19.157,74.073,132.028,135.348,126.19,199.47,100.03,178.47,136.02
2790,605236.682342,55.696,74,-145.314,20.803,73.923,131.166,134.291,125.16,201.68,99.78,177.44,134.95
2791,605236.687211,56.587,68,-144.688,20.036,72.416,131.504,134.852,126.01,200.67,97.74,178.01,135.51
2792,605236.693735,55.703,72,-144.292,19.086,74.206,131.693,135.384,126.55,199.38,100.16,178.31,136.04
2793,605236.698314,55.687,74,-144.958,20.811,73.928,131.145,134.233,125.66,201.73,99.77,177.55,134.9
2794,605236.701572,56.387,69,-144.465,19.936,72.422,130.824,135.087,126.22,200.49,97.76,176.86,135.8
2795,605236.707047,55.714,70,-143.881,19.078,74.234,131.777,135.367,127.05,199.32,100.26,178.17,136.02
2796,605236.709233,55.776,74,-144.524,20.806,73.74,131.109,134.183,126.22,201.69,99.55,177.39,134.83
2797,605236.718684,56.456,67,-143.91,20.063,72.506,131.215,135.044,127.04,200.71,97.87,177.65,135.69
2798,605236.730322,56.591,68,-143.228,20.445,72.688,132.015,134.919,127.95,201.2,98.15,178.63,135.53
2799,605236.733645,55.635,71,-142.822,19.158,74.287,131.606,135.236,128.52,199.48,100.3,178.24,135.88
2800,605236.742424,55.586,73,-143.582,20.83,73.639,130.296,134.308,127.5,201.77,99.43,176.17,135.03
2801,605236.746416,56.456,68,-142.879,20.484,72.886,131.903,135.006,128.46,201.31,98.48,178.16,135.64
2802,605236.749355,55.628,71,-142.302,19.268,74.329,131.658,135.24,129.2,199.6,100.4,178.19,135.86
2803,605236.753699,55.766,75,-143.004,21.04,73.513,130.673,134.13,128.32,202.09,99.29,176.92,134.82
2804,605236.758773,56.097,69,-142.756,20.559,73.013,130.898,135.204,128.53,201.35,98.55,176.99,135.88
2805,605236.766346,55.568,71,-142.034,19.487,74.432,131.639,135.255,129.58,199.93,100.51,178.31,135.89
2806,605236.769401,55.607,72,-142.998,21.069,73.611,130.315,134.353,128.28,202.07,99.38,176.47,135.01
2807,605236.774198,56.152,68,-142.768,20.732,72.97,131.009,135.166,128.51,201.56,98.55,177.14,135.85
2808,605236.776986,55.498,71,-142.19,19.718,74.625,131.745,135.22,129.39,200.26,100.79,178.34,135.85
2809,605236.782527,55.71,74,-143.214,21.324,73.796,130.987,134.047,128.01,202.42,99.72,176.95,134.7
2810,605236.786208,56.391,68,-142.853,21.038,73.206,132.253,135.244,128.42,201.97,98.87,178.82,135.86
2811,605236.79328,55.438,71,-142.548,19.736,74.816,131.88,135.071,128.89,200.26,101.06,178.36,135.74
2812,605236.797855,55.641,73,-143.727,21.25,73.873,130.892,133.969,127.37,202.36,99.76,177.04,134.64
2813,605236.801222,56.06,71,-143.655,20.857,73.489,131.623,135.238,127.4,201.75,99.23,177.94,135.85
2814,605236.809252,55.691,75,-144.385,20.832,73.76,130.859,133.784,126.42,201.74,99.58,177.08,134.45
2815,605236.818797,55.48,70,-144.716,20.672,74.021,130.618,135.502,125.92,201.49,99.93,176.5,136.22
2816,605236.821374,55.012,74,-143.962,19.624,75.467,131.612,134.987,126.96,200.07,101.89,178.04,135.67
2817,605236.826617,55.614,71,-144.898,20.991,74.118,131.238,133.739,125.74,201.94,100.1,177.33,134.42
2818,605236.829582,55.72,72,-144.734,20.806,74.116,131.59,135.369,126.01,201.7,100.13,177.96,135.97
2819,605236.837582,55.258,69,-145.198,21.13,74.33,130.43,133.723,125.36,202.18,100.37,176.23,134.46
2820,605236.846554,55.476,70,-144.847,20.785,74.401,131.277,135.233,125.8,201.67,100.44,177.47,135.9
2821,605236.84922,54.864,75,-143.972,19.62,75.724,131.574,134.672,127.02,200.13,102.24,178.03,135.36
2822,605236.853619,55.426,74,-144.945,21.15,74.311,130.95,133.61,125.69,202.18,100.3,177.28,134.29
2823,605236.858915,55.36,76,-144.719,20.783,74.548,131.148,135.003,125.92,201.63,100.64,177.33,135.69
2824,605236.861479,54.954,72,-143.802,19.499,75.658,131.756,134.568,127.2,199.91,102.21,178.03,135.26
2825,605236.869712,55.486,76,-144.708,20.889,74.071,130.727,133.581,126.05,201.87,100.05,176.62,134.25
2826,605236.873934,55.244,77,-144.523,20.708,74.649,130.945,134.937,126.18,201.53,100.78,177.05,135.63
2827,605236.877937,55.012,73,-143.681,19.274,75.436,131.557,134.391,127.41,199.66,101.87,178.0,135.08
2828,605236.880676,55.745,75,-144.456,20.476,73.603,130.762,133.438,126.32,201.25,99.38,176.93,134.11
2829,605236.886505,55.229,75,-144.415,20.549,74.623,130.85,134.888,126.4,201.36,100.76,176.96,135.55
2830,605236.897928,55.789,72,-144.066,20.5,73.403,130.555,133.366,126.87,201.32,99.13,176.54,133.99
2831,605236.902106,55.221,77,-144.217,20.414,74.543,130.683,134.902,126.71,201.25,100.66,176.68,135.55
2832,605236.905013,55.139,71,-143.099,19.359,75.152,131.478,134.321,128.14,199.73,101.5,177.92,134.97
2833,605236.910258,55.959,73,-143.819,20.561,73.124,130.628,133.482,127.24,201.44,98.77,176.63,134.13
2834,605236.913335,55.254,77,-143.876,20.644,74.473,130.669,134.931,127.11,201.5,100.52,176.96,135.59
2835,605236.921911,55.064,74,-142.764,19.563,75.135,131.204,134.251,128.67,200.1,101.5,177.39,134.89
2836,605236.925488,55.83,71,-143.366,21.135,72.98,129.937,133.06,127.81,202.19,98.54,175.88,133.7
2837,605236.929042,55.267,77,-143.606,20.953,74.388,130.561,134.977,127.47,201.92,100.4,176.83,135.63
2838,605236.934353,55.231,73,-142.532,19.762,74.922,131.38,134.236,128.95,200.33,101.2,177.79,134.9
2839,605236.937411,56.21,72,-143.405,21.105,72.516,130.388,133.272,127.73,202.12,97.93,176.43,133.92
2840,605236.945896,55.373,76,-143.693,21.104,74.305,130.764,134.916,127.34,202.1,100.31,176.99,135.56
2841,605236.950079,55.438,72,-142.779,19.805,74.682,131.647,134.124,128.62,200.38,100.87,178.16,134.79
2842,605236.953651,56.275,71,-143.622,21.223,72.426,130.448,133.296,127.52,202.34,97.81,176.53,133.9
2843,605236.957132,55.475,75,-143.992,21.257,74.219,130.952,134.682,126.96,202.33,100.21,177.15,135.34
2844,605236.96185,55.401,73,-142.997,19.949,74.72,131.591,134.227,128.23,200.5,100.92,177.94,134.92
2845,605236.969604,56.374,72,-143.85,21.169,72.298,130.554,133.427,127.24,202.29,97.66,176.55,134.03
2846,605236.973585,55.481,74,-144.232,21.368,74.296,131.106,134.805,126.62,202.46,100.28,177.45,135.45
2847,605236.986102,55.408,74,-144.332,21.427,74.492,131.211,134.942,126.48,202.54,100.56,177.41,135.61
2848,605236.989429,55.345,72,-143.316,20.164,74.852,131.634,134.341,127.85,200.82,101.08,178.13,134.99
2849,605236.998083,56.79,69,-144.045,21.123,71.872,131.224,133.732,126.93,202.2,97.04,177.51,134.36
2850,605237.00157,55.163,75,-144.31,21.239,74.691,130.753,135.077,126.53,202.3,100.8,177.07,135.74
2851,605237.005937,55.168,73,-143.435,19.952,74.941,131.208,134.335,127.71,200.56,101.24,177.1,135.09
2852,605237.011117,56.474,68,-143.917,21.215,71.962,130.293,133.433,127.07,202.31,97.14,176.34,134.05
2853,605237.014001,55.312,76,-144.484,20.929,74.482,130.875,135.1,126.28,201.86,100.53,177.13,135.75
2854,605237.02177,55.51,71,-143.647,19.554,74.583,131.713,134.225,127.43,200.02,100.69,178.34,134.89
2855,605237.026466,56.779,71,-144.347,20.539,71.663,130.803,133.65,126.51,201.47,96.82,176.61,134.2
2856,605237.02975,55.301,76,-144.856,20.446,74.499,130.868,134.819,125.8,201.23,100.53,177.2,135.49
2857,605237.033696,55.383,75,-143.795,19.139,74.66,131.425,134.095,127.23,199.46,100.8,177.93,134.76
2858,605237.038506,56.924,66,-144.518,20.333,71.444,130.91,133.701,126.35,201.23,96.47,176.74,134.26
2859,605237.046679,55.482,74,-144.957,20.25,74.314,131.145,134.712,125.64,200.94,100.31,177.45,135.39
2860,605237.04987,55.498,72,-143.771,19.009,74.503,131.53,134.07,127.26,199.28,100.6,178.07,134.73
2861,605237.054572,57.151,65,-144.304,20.098,71.137,131.148,133.881,126.61,200.88,96.06,177.15,134.45
2862,605237.057912,55.437,74,-144.785,20.365,74.342,131.042,134.717,125.89,201.12,100.37,177.21,135.39
2863,605237.074251,55.507,75,-144.456,20.574,74.215,131.05,134.847,126.33,201.4,100.16,177.45,135.51
2864,605237.078499,55.407,75,-143.299,19.484,74.534,131.282,134.215,127.89,199.93,100.64,177.76,134.88
2865,605237.081271,56.96,67,-143.565,20.723,71.196,130.58,133.886,127.53,201.66,96.13,176.54,134.46
2866,605237.085149,55.624,71,-144.168,20.745,74.214,131.44,134.738,126.75,201.66,100.19,177.87,135.41
2867,605237.091727,55.503,73,-142.918,19.645,74.454,131.459,134.176,128.38,200.12,100.57,177.89,134.82
2868,605237.098649,57.112,63,-143.198,20.791,71.065,130.877,133.987,128.05,201.78,95.95,177.03,134.56
2869,605237.101608,55.489,73,-143.813,20.76,74.314,131.167,134.863,127.2,201.66,100.3,177.63,135.52
2870,605237.106329,55.496,75,-142.73,19.543,74.362,131.275,134.11,128.68,200.03,100.44,177.65,134.75
2871,605237.109074,57.042,65,-143.17,20.736,71.036,130.575,133.982,128.09,201.71,95.91,176.62,134.56
2872,605237.11498,55.406,75,-143.784,20.665,74.343,130.942,134.647,127.24,201.53,100.35,177.32,135.31
2873,605237.117478,55.624,73,-142.748,19.361,74.208,131.431,134.022,128.63,199.76,100.22,177.98,134.67
2874,605237.12608,57.108,64,-143.119,20.605,70.894,130.545,133.91,128.16,201.5,95.71,176.67,134.53
2875,605237.129324,55.493,73,-143.919,20.493,74.29,131.137,134.527,127.06,201.31,100.34,177.2,135.23
2876,605237.133222,55.682,73,-142.805,19.299,74.119,131.468,133.865,128.61,199.72,100.15,177.77,134.52
2877,605237.138717,57.256,61,-143.21,20.329,70.778,130.857,134.26,127.96,201.09,95.62,176.8,134.79
2878,605237.141348,55.51,73,-143.947,20.481,74.282,131.18,134.516,127.0,201.25,100.29,177.53,135.17
2879,605237.150591,55.696,73,-142.977,19.318,74.084,131.452,133.789,128.32,199.7,100.05,177.99,134.44
2880,605237.161266,55.753,73,-143.157,19.385,74.009,131.509,133.782,128.08,199.79,99.94,178.06,134.44
2881,605237.165336,57.653,61,-144.14,19.44,71.315,133.288,134.941,126.79,199.86,96.37,180.48,135.54
2882,605237.174894,55.516,72,-144.349,20.674,74.327,131.279,134.337,126.51,201.56,100.34,177.64,135.02
2883,605237.177371,55.742,72,-143.487,19.475,74.072,131.586,133.712,127.64,199.91,100.03,178.15,134.37
2884,605237.181554,57.225,62,-143.919,20.796,70.672,130.55,133.801,127.03,201.73,95.41,176.58,134.4
2885,605237.185113,55.461,75,-144.703,20.687,74.362,131.159,134.27,126.01,201.56,100.36,177.57,134.94
2886,605237.190501,55.737,73,-143.897,19.505,74.044,131.518,133.55,127.13,199.98,100.06,177.7,134.21
2887,605237.193599,57.418,59,-144.639,20.193,70.975,131.802,134.302,126.12,200.8,96.0,178.3,135.09
2888,605237.202568,55.611,71,-145.103,20.631,74.352,131.64,134.077,125.5,201.5,100.37,178.09,134.77
2889,605237.205994,55.829,72,-144.173,19.428,73.916,131.602,133.408,126.72,199.83,99.88,177.79,134.09
2890,605237.20974,57.144,63,-144.963,19.378,71.896,132.521,134.941,125.88,199.82,97.43,178.69,135.64
2891,605237.214768,55.587,73,-145.284,20.762,74.323,131.508,134.176,125.24,201.65,100.34,177.8,134.85
2892,605237.218082,55.879,72,-144.222,19.564,73.794,131.555,133.489,126.67,200.04,99.69,177.85,134.17
2893,605237.226436,57.203,61,-145.174,19.451,71.541,132.078,135.352,125.31,199.87,96.62,178.23,136.02
2894,605237.230039,55.684,71,-145.028,20.923,74.226,131.663,134.2,125.6,201.9,100.2,178.12,134.89
2895,605237.233334,55.737,74,-143.768,19.929,73.856,131.186,133.51,127.26,200.53,99.73,177.59,134.18
2896,605237.237345,57.211,64,-144.062,20.964,70.767,130.674,134.088,126.84,201.95,95.54,176.74,134.69
2897,605237.254371,57.522,64,-143.835,19.606,71.409,132.985,135.371,127.23,200.19,96.45,179.71,135.93
2898,605237.257567,55.834,72,-143.959,21.221,73.797,131.405,134.199,126.94,202.24,99.65,177.54,134.92
2899,605237.2621,56.035,69,-142.783,19.863,73.433,131.437,133.783,128.59,200.45,99.22,177.73,134.43
2900,605237.267093,57.625,67,-143.512,19.645,71.141,132.859,135.309,127.58,200.16,96.03,179.97,135.91
2901,605237.274376,55.888,73,-143.544,21.21,73.679,131.379,134.279,127.54,202.24,99.53,177.57,134.92
2902,605237.277237,56.144,69,-142.587,19.865,73.326,131.619,133.805,128.85,200.46,99.09,177.97,134.44
2903,605237.282516,57.499,67,-143.229,19.604,71.188,132.488,135.537,127.97,200.1,96.1,179.46,136.14
2904,605237.284858,55.946,72,-143.261,21.155,73.595,131.426,134.288,127.94,202.19,99.35,177.99,134.93
2905,605237.290507,56.117,69,-142.141,19.927,73.119,131.156,133.716,129.44,200.53,98.77,177.6,134.35
2906,605237.293883,57.637,67,-142.925,19.634,70.936,132.521,135.609,128.37,200.15,95.77,179.51,136.2
2907,605237.301927,55.955,73,-143.027,21.106,73.491,131.272,134.496,128.26,202.12,99.26,177.59,135.14
2908,605237.305335,56.197,73,-142.055,20.017,72.825,130.901,133.859,129.56,200.63,98.43,177.24,134.51
2909,605237.309583,57.667,67,-142.997,19.419,70.961,132.679,135.845,128.26,199.83,95.82,179.6,136.43
2910,605237.312885,56.09,72,-143.101,21.008,73.305,131.398,134.523,128.15,202.0,98.96,177.96,135.16
2911,605237.318288,56.248,72,-142.274,19.957,72.689,130.829,133.744,129.32,200.63,98.22,176.9,134.36
2912,605237.325722,57.697,66,-143.241,19.249,70.921,132.713,136.018,127.95,199.58,95.81,179.75,136.64
2913,605237.338067,57.66,66,-143.879,18.969,70.991,132.709,136.16,127.09,199.24,95.82,179.76,136.76
2914,605237.341736,56.007,74,-144.205,20.421,73.404,131.292,134.736,126.67,201.19,99.12,177.57,135.39
2915,605237.346841,56.388,72,-143.419,19.422,72.611,131.171,134.005,127.73,199.88,98.03,177.54,134.61
2916,605237.354017,57.193,68,-144.247,18.88,71.453,131.878,136.082,126.75,199.15,96.69,178.37,136.6
2917,605237.358043,56.118,72,-144.655,20.442,73.387,131.639,134.734,126.02,201.17,99.09,178.0,135.38
2918,605237.361391,56.338,73,-143.798,19.343,72.695,131.149,134.178,127.22,199.74,98.2,177.34,134.84
2919,605237.366042,57.239,68,-144.692,18.852,71.455,132.046,136.268,126.03,199.11,96.46,178.68,136.87
2920,605237.370104,55.975,74,-145.003,20.47,73.514,131.38,134.825,125.6,201.26,99.2,177.89,135.48
2921,605237.377928,56.329,74,-143.967,19.547,72.696,131.121,134.108,127.01,200.04,98.18,177.39,134.75
2922,605237.382093,56.971,70,-144.758,18.98,71.777,131.684,136.441,125.85,199.2,96.89,178.09,137.1
2923,605237.385363,55.914,68,-145.075,20.669,73.737,131.57,135.096,125.49,201.51,99.54,177.87,135.77
2924,605237.389476,56.175,72,-143.876,19.579,73.051,131.23,134.369,127.13,200.08,98.65,177.55,135.01
2925,605237.394668,56.982,66,-144.66,18.999,71.989,132.115,136.704,126.0,199.24,97.18,178.73,137.34
2926,605237.402329,56.045,70,-144.813,20.875,73.76,132.056,135.104,125.8,201.75,99.58,178.53,135.75
2927,605237.406338,56.459,68,-143.841,19.929,72.803,131.762,134.361,127.18,200.56,98.31,178.27,134.99
2928,605237.40931,56.613,72,-144.396,19.148,72.374,131.521,136.678,126.42,199.49,97.67,178.08,137.32
2929,605237.42231,56.748,72,-144.476,19.144,72.232,131.734,136.751,126.29,199.46,97.48,178.4,137.36
2930,605237.430269,55.721,72,-144.536,20.757,74.187,131.717,135.191,126.2,201.62,100.14,178.24,135.83
2931,605237.43351,56.083,75,-143.395,19.845,73.226,131.231,134.403,127.78,200.44,98.89,177.58,135.06
2932,605237.436904,56.521,71,-143.956,19.321,72.544,131.509,136.625,127.07,199.74,98.06,177.73,137.2
2933,605237.442799,55.667,71,-144.107,20.817,74.258,131.663,135.109,126.84,201.75,100.29,177.95,135.76
2934,605237.44521,56.059,73,-142.73,19.918,73.274,131.235,134.378,128.63,200.49,99.0,177.55,135.07
2935,605237.453414,56.307,73,-143.247,19.38,72.865,131.348,136.595,128.0,199.84,98.4,177.69,137.21
2936,605237.457644,55.571,72,-143.44,21.039,74.33,131.466,135.119,127.68,202.0,100.4,177.71,135.78
2937,605237.461908,55.812,75,-142.086,19.83,73.635,131.042,134.654,129.55,200.45,99.46,177.31,135.26
2938,605237.465289,56.021,72,-142.44,19.312,73.258,131.079,136.48,129.06,199.7,98.96,177.58,137.06
2939,605237.470468,55.706,71,-142.789,21.224,74.189,131.672,135.073,128.57,202.29,100.14,178.37,135.71
2940,605237.478349,55.925,71,-141.824,20.439,73.583,131.333,134.274,129.84,201.2,99.45,177.52,134.9
2941,605237.481874,56.056,74,-142.324,19.765,73.163,131.025,136.486,129.28,200.35,98.95,177.14,137.03
2942,605237.485954,55.439,71,-142.511,21.111,74.628,131.555,135.169,128.94,202.13,100.74,178.22,135.81
2943,605237.489047,55.819,71,-141.766,20.454,73.674,131.136,134.326,129.94,201.25,99.5,177.62,134.96
2944,605237.506598,55.854,70,-141.654,20.059,73.701,131.305,134.18,130.1,200.71,99.55,177.84,134.81
2945,605237.509569,55.96,74,-142.39,19.383,73.452,131.218,136.255,129.12,199.81,99.18,177.67,136.89
2946,605237.513967,55.155,74,-143.1,21.02,74.986,131.242,134.784,128.16,202.01,101.22,177.77,135.44
2947,605237.518238,55.854,73,-142.306,20.057,73.747,131.385,133.961,129.22,200.71,99.6,177.91,134.6
2948,605237.521549,55.553,75,-142.897,19.316,74.05,130.912,135.938,128.45,199.72,100.04,177.01,136.59
2949,605237.529802,55.102,73,-143.628,20.942,75.097,131.261,134.528,127.34,201.79,101.48,177.08,135.23
2950,605237.533959,55.639,75,-143.002,20.065,74.05,131.201,133.78,128.27,200.66,100.09,177.48,134.47
2951,605237.537896,55.534,73,-143.637,19.321,74.052,130.854,135.826,127.4,199.68,99.97,177.13,136.48
2952,605237.541196,55.104,71,-144.266,20.749,75.342,131.696,134.404,126.58,201.61,101.71,178.2,135.06
2953,605237.545586,55.647,75,-143.666,19.829,74.071,131.264,133.643,127.41,200.39,100.07,177.47,134.33
2954,605237.549495,55.352,75,-144.301,19.292,74.305,130.697,135.68,126.54,199.66,100.33,176.81,136.35
2955,605237.55839,55.038,72,-144.879,20.833,75.345,131.486,134.144,125.73,201.71,101.71,177.82,134.84
2956,605237.561297,55.771,74,-144.02,20.01,73.926,131.423,133.423,126.88,200.59,99.87,177.67,134.09
2957,605237.565342,55.444,74,-144.67,19.49,74.314,131.016,135.493,126.04,199.93,100.29,177.41,136.16
2958,605237.570058,55.087,72,-145.151,21.116,75.321,131.603,133.917,125.41,202.13,101.65,178.15,134.61
2959,605237.573482,55.843,73,-144.073,20.245,73.849,131.532,133.228,126.84,200.93,99.74,177.92,133.88
2960,605237.582103,55.374,75,-144.504,19.71,74.483,131.081,135.26,126.25,200.21,100.54,177.4,135.93
2961,605237.594004,55.349,76,-144.498,19.962,74.459,130.956,135.27,126.3,200.59,100.51,177.23,135.93
2962,605237.597325,55.308,71,-144.825,21.666,75.014,131.796,133.694,125.85,202.88,101.24,178.43,134.38
2963,605237.607887,55.935,72,-143.797,20.699,73.702,131.58,133.153,127.21,201.55,99.55,177.98,133.81
2964,605237.609799,55.515,76,-144.233,19.98,74.184,131.024,135.09,126.62,200.58,100.15,177.32,135.75
2965,605237.613473,55.426,71,-144.603,21.566,74.797,131.808,133.579,126.15,202.75,101.0,178.19,134.26
2966,605237.617407,56.193,73,-143.47,20.602,73.276,131.698,133.037,127.65,201.42,98.98,178.14,133.68
2967,605237.621599,55.389,78,-143.795,19.874,74.219,130.668,135.02,127.2,200.44,100.2,176.86,135.69
2968,605237.625403,55.382,73,-144.21,21.457,74.707,131.502,133.524,126.63,202.56,100.88,177.83,134.2
2969,605237.633731,56.317,74,-143.138,20.538,72.955,131.544,132.966,128.11,201.36,98.53,178.08,133.61
2970,605237.637821,55.462,75,-143.378,19.832,74.092,130.685,134.977,127.8,200.42,100.05,176.88,135.64
2971,605237.641526,55.576,71,-143.644,21.483,74.42,131.644,133.519,127.44,202.62,100.52,178.0,134.18
2972,605237.646239,56.266,75,-142.547,20.558,72.921,131.308,133.156,128.94,201.43,98.56,177.39,133.77
2973,605237.650366,55.601,78,-142.872,19.716,73.745,130.531,134.995,128.5,200.27,99.58,176.65,135.68
2974,605237.657824,55.737,71,-143.192,21.404,74.099,131.616,133.567,128.07,202.55,100.07,178.11,134.24
2975,605237.661901,56.587,72,-142.248,20.467,72.408,131.49,133.119,129.35,201.31,97.86,177.78,133.75
2976,605237.665817,55.696,77,-142.48,19.516,73.576,130.549,134.931,128.98,199.97,99.36,176.81,135.57
2977,605237.675039,56.626,74,-142.27,20.164,72.218,131.281,133.163,129.27,200.85,97.6,177.53,133.79
2978,605237.681457,55.79,75,-142.782,19.185,73.292,130.359,135.03,128.52,199.47,98.98,176.37,135.69
2979,605237.686496,56.005,71,-143.383,20.834,73.522,131.494,133.632,127.76,201.76,99.34,177.52,134.21
2980,605237.689453,56.941,74,-142.672,19.946,71.691,131.42,133.327,128.71,200.53,96.86,177.8,133.94
2981,605237.693394,55.883,74,-143.154,18.812,73.185,130.48,135.187,128.07,199.02,98.81,176.71,135.83
2982,605237.698521,56.149,70,-143.741,20.654,73.348,131.676,133.787,127.26,201.47,99.13,177.6,134.35
2983,605237.702977,57.032,72,-143.057,19.683,71.637,131.643,133.507,128.2,200.2,96.8,177.97,134.14
2984,605237.710313,56.048,73,-143.443,18.602,73.074,130.839,135.145,127.66,198.71,98.68,177.07,135.8
2985,605237.713453,56.23,71,-144.17,20.453,73.18,131.653,133.851,126.71,201.23,98.84,177.97,134.51
2986,605237.717493,56.916,75,-143.659,19.513,71.705,131.361,133.744,127.44,200.02,96.85,177.66,134.36
2987,605237.722108,56.142,71,-143.9,18.621,73.006,131.037,135.221,127.07,198.75,98.61,177.2,135.87
2988,605237.726693,56.101,72,-144.743,20.342,73.28,131.39,134.008,125.93,201.06,98.94,177.75,134.65
2989,605237.733423,57.074,74,-144.239,19.547,71.531,131.599,133.837,126.65,200.04,96.6,178.03,134.48
2990,605237.737489,56.201,69,-144.373,18.845,73.224,131.63,135.21,126.4,199.04,98.84,178.11,135.89
2991,605237.74175,56.064,71,-145.258,20.53,73.477,131.615,134.141,125.28,201.37,99.18,178.05,134.81
2992,605237.745528,56.906,73,-144.53,19.681,71.8,131.498,133.901,126.23,200.2,96.94,177.98,134.54
2993,605237.763503,56.831,72,-144.704,19.868,72.081,131.747,134.223,126.0,200.45,97.31,178.33,134.87
2994,605237.765573,56.16,70,-144.819,19.085,73.341,131.703,135.514,125.86,199.4,99.01,178.19,136.18
2995,605237.769397,55.785,72,-145.86,20.727,73.579,130.856,134.558,124.45,201.62,99.31,176.85,135.26
2996,605237.775011,56.901,72,-144.857,20.011,72.042,131.925,134.285,125.79,200.65,97.25,178.56,134.93
2997,605237.782047,55.978,71,-144.951,19.19,73.66,131.65,135.674,125.68,199.54,99.43,178.13,136.34
2998,605237.786036,55.902,73,-145.645,20.769,73.725,131.507,134.466,124.72,201.64,99.5,177.91,135.12
2999,605237.789688,56.872,71,-144.637,19.911,72.113,131.949,134.368,126.07,200.45,97.47,178.39,135.05
3000,605237.792996,55.77,72,-144.629,18.99,73.93,131.426,135.766,126.07,199.22,99.8,177.83,136.42
3001,605237.798759,55.443,72,-145.457,20.464,74.106,130.646,134.796,125.02,201.26,100.01,176.92,135.44
3002,605237.801766,56.802,70,-144.365,19.721,72.296,132.041,134.831,126.43,200.22,97.61,178.48,135.45
3003,605237.809981,55.8,72,-144.24,18.693,73.852,131.388,135.791,126.63,198.88,99.72,177.64,136.47
3004,605237.813651,55.698,73,-144.799,20.415,74.01,131.327,134.865,125.87,201.19,99.87,177.82,135.53
3005,605237.817306,56.966,66,-143.849,19.688,72.275,132.581,134.855,127.14,200.21,97.57,179.5,135.49
3006,605237.821457,55.724,71,-143.832,18.51,73.955,131.317,135.923,127.13,198.58,99.85,177.7,136.59
3007,605237.826627,55.628,73,-144.431,20.155,74.029,131.127,134.881,126.38,200.85,99.93,177.46,135.54
3008,605237.834503,56.604,70,-143.561,19.434,72.563,131.832,134.847,127.52,199.85,98.02,178.23,135.5
3009,605237.846475,56.27,74,-143.047,19.233,72.88,131.249,134.983,128.22,199.6,98.46,177.43,135.62
3010,605237.849609,55.463,73,-142.956,18.145,74.34,131.124,135.869,128.38,198.15,100.42,177.34,136.52
3011,605237.853454,55.456,75,-143.555,19.921,74.184,130.828,134.603,127.57,200.53,100.17,177.06,135.27
3012,605237.862003,56.228,73,-142.803,19.295,72.97,131.268,134.921,128.59,199.72,98.59,177.51,135.56
3013,605237.865445,55.535,70,-142.692,18.349,74.288,131.271,135.737,128.71,198.41,100.34,177.66,136.37
3014,605237.868896,55.233,75,-143.373,19.999,74.498,130.645,134.606,127.79,200.62,100.66,176.54,135.31
3015,605237.87451,56.229,72,-142.803,19.333,73.062,131.436,134.92,128.52,199.7,98.68,177.88,135.54
3016,605237.878021,55.287,73,-142.681,18.565,74.657,131.099,135.631,128.76,198.72,100.86,177.32,136.29
3017,605237.885681,55.22,75,-143.478,20.334,74.582,130.748,134.523,127.67,201.08,100.75,176.73,135.18
3018,605237.889932,56.093,71,-142.917,19.564,73.241,131.292,134.784,128.42,200.06,98.92,177.68,135.43
3019,605237.893522,55.243,71,-142.734,18.776,74.921,131.417,135.497,128.66,198.98,101.24,177.61,136.16
3020,605237.897468,54.971,72,-143.768,20.541,74.929,130.541,134.473,127.21,201.33,101.2,176.32,135.17
3021,605237.902156,55.764,76,-143.185,19.803,73.692,130.983,134.685,128.05,200.38,99.54,177.08,135.3
3022,605237.910208,55.012,74,-143.107,19.015,75.24,131.216,135.42,128.17,199.3,101.66,177.33,136.07
3023,605237.913506,54.938,74,-144.017,20.822,75.183,130.875,134.15,126.91,201.71,101.51,177.1,134.82
3024,605237.917927,55.92,70,-143.584,20.237,73.772,131.653,134.464,127.48,200.92,99.62,178.11,135.12
3025,605237.926506,54.771,76,-144.531,21.164,75.521,130.922,133.897,126.22,202.18,101.95,177.14,134.59
3026,605237.931247,55.995,68,-144.142,20.314,73.806,131.97,134.308,126.76,201.04,99.68,178.41,134.96
3027,605237.938593,54.75,72,-144.151,19.493,75.83,131.386,135.017,126.75,199.91,102.41,177.66,135.7
3028,605237.941349,54.729,75,-145.075,21.214,75.683,131.065,133.701,125.52,202.27,102.14,177.42,134.4
3029,605237.945605,55.843,71,-144.681,20.386,74.017,131.829,134.222,126.14,201.23,99.99,178.16,134.83
3030,605237.950857,54.65,74,-144.564,19.55,76.021,131.396,134.757,126.2,200.01,102.61,177.89,135.45
3031,605237.95334,54.745,75,-145.441,21.244,75.654,131.067,133.377,125.05,202.32,102.12,177.3,134.09
3032,605237.962048,55.839,70,-144.91,20.471,74.098,131.96,134.006,125.74,201.26,100.06,178.37,134.65
3033,605237.966619,54.626,73,-144.669,19.567,76.167,131.568,134.336,126.05,200.02,102.85,177.88,135.05
3034,605237.969211,54.673,77,-145.543,21.174,75.662,130.849,133.218,124.9,202.21,102.11,177.1,133.93
3035,605237.973583,55.704,73,-144.992,20.442,74.019,131.365,133.937,125.65,201.23,100.02,177.4,134.59
3036,605237.978647,54.768,71,-144.582,19.652,75.999,131.74,134.112,126.15,200.12,102.62,178.19,134.82
3037,605237.986936,54.882,74,-145.31,21.171,75.476,131.202,132.924,125.19,202.18,101.9,177.46,133.61
3038,605237.989692,56.033,69,-144.653,20.496,73.717,131.939,133.6,126.13,201.34,99.56,178.34,134.27
3039,605237.993598,54.852,71,-144.317,19.571,75.816,131.694,134.049,126.5,200.01,102.38,178.14,134.75
3040,605237.996839,54.806,74,-144.919,21.055,75.43,130.877,132.766,125.79,202.05,101.99,176.77,133.45
3041,605238.006134,54.985,73,-143.849,19.377,75.499,131.579,133.835,127.14,199.75,101.97,178.0,134.5
3042,605238.015435,54.968,78,-144.419,21.046,75.019,130.689,132.617,126.44,202.04,101.4,176.55,133.3
3043,605238.018824,56.047,69,-144.072,20.185,73.195,131.055,133.766,126.77,200.79,98.86,177.05,134.42
3044,605238.021471,54.994,74,-143.391,19.269,75.365,131.375,133.596,127.85,199.58,102.1,177.33,134.28
3045,605238.026187,55.43,74,-144.213,20.923,74.34,131.018,132.423,126.66,201.85,100.4,177.22,133.09
3046,605238.02982,56.168,67,-143.862,20.124,72.956,131.036,133.605,127.02,200.69,98.56,176.93,134.27
3047,605238.037603,55.397,71,-143.099,19.265,74.791,131.701,133.496,128.19,199.64,101.04,178.17,134.17
3048,605238.041697,55.375,76,-143.974,20.965,74.234,130.648,132.48,127.03,201.95,100.26,176.63,133.12
3049,605238.045478,56.868,65,-143.371,20.675,72.558,132.75,133.661,127.82,201.57,97.99,179.62,134.31
3050,605238.054155,55.807,75,-143.83,21.257,73.545,130.866,132.444,127.21,202.34,99.38,176.84,133.11
3051,605238.057447,56.659,70,-143.277,20.759,72.382,131.694,133.44,127.92,201.67,97.74,178.31,134.08
3052,605238.066887,55.794,72,-142.691,19.83,74.024,131.677,133.501,128.65,200.34,100.04,178.0,134.15
3053,605238.069255,56.109,74,-143.576,21.671,73.162,131.204,132.506,127.51,202.86,98.86,177.29,133.17
3054,605238.073833,56.992,68,-143.249,21.318,71.949,132.075,133.837,127.89,202.36,97.19,178.52,134.46
3055,605238.078308,55.94,71,-142.686,20.241,73.852,131.865,133.481,128.66,200.9,99.8,178.25,134.13
3056,605238.08119,56.102,76,-143.633,21.778,72.987,130.866,132.566,127.45,203.04,98.55,177.17,133.22
3057,605238.090331,57.124,70,-143.22,21.612,71.666,132.027,133.835,127.94,202.78,96.79,178.54,134.48
3058,605238.102259,57.355,69,-143.532,21.573,71.411,132.38,134.152,127.58,202.78,96.4,179.26,134.77
3059,605238.10561,56.533,68,-143.169,20.255,73.019,132.411,133.922,128.03,200.93,98.68,178.84,134.57
3060,605238.114951,56.743,72,-144.202,21.743,72.041,131.368,132.994,126.68,203.0,97.26,177.84,133.64
3061,605238.117322,57.444,69,-144.012,21.536,71.243,132.392,134.449,126.93,202.73,96.15,179.28,135.07
3062,605238.122381,56.451,71,-143.551,20.152,73.038,132.161,134.134,127.55,200.84,98.61,178.93,134.77
3063,605238.124702,56.718,76,-144.552,21.559,71.904,131.031,133.075,126.19,202.73,97.08,177.28,133.71
3064,605238.129822,57.212,69,-144.588,21.194,71.285,131.635,134.683,126.12,202.25,96.22,177.99,135.34
3065,605238.133282,56.429,71,-143.953,19.813,73.015,132.044,134.348,127.01,200.37,98.63,178.51,134.97
3066,605238.142417,56.928,72,-144.897,21.266,71.705,131.402,133.333,125.75,202.34,96.88,177.39,133.98
3067,605238.145502,57.408,69,-144.761,20.958,71.174,132.133,134.922,125.86,201.87,96.09,178.62,135.54
3068,605238.149372,56.546,72,-144.341,19.464,72.799,132.056,134.624,126.47,199.87,98.35,178.39,135.28
3069,605238.154748,56.865,75,-145.378,20.935,71.607,131.002,133.548,125.04,201.85,96.72,176.87,134.21
3070,605238.157398,57.401,70,-145.12,20.532,71.121,132.008,135.176,125.38,201.3,96.0,178.48,135.8
3071,605238.165408,56.675,69,-144.54,18.972,72.7,132.33,134.797,126.18,199.21,98.16,178.99,135.45
3072,605238.168983,56.897,70,-145.734,20.286,71.342,130.63,133.97,124.54,200.97,96.31,176.55,134.66
3073,605238.173724,57.305,69,-145.336,20.339,71.236,131.878,135.352,125.11,201.05,96.15,178.4,135.96
3074,605238.177062,56.593,70,-144.631,18.767,72.756,132.142,134.986,126.12,198.97,98.23,178.77,135.64
3075,605238.194414,56.627,70,-144.513,18.712,72.679,132.121,135.306,126.25,198.88,98.1,178.89,135.94
3076,605238.197333,56.876,74,-145.069,20.225,71.613,131.051,134.349,125.54,201.01,96.7,176.97,134.93
3077,605238.201368,57.113,68,-144.702,20.141,71.741,132.123,135.907,125.96,200.78,96.83,178.76,136.5
3078,605238.206161,56.426,70,-143.906,18.689,72.99,131.986,135.577,127.09,198.87,98.55,178.61,136.22
3079,605238.209607,56.546,67,-144.25,20.586,71.651,129.976,134.114,126.59,201.39,96.77,176.0,134.81
3080,605238.217637,56.738,70,-144.163,20.072,72.143,131.536,136.045,126.73,200.75,97.38,178.02,136.66
3081,605238.221541,56.21,71,-143.296,18.575,73.263,131.734,135.683,127.88,198.69,98.91,178.41,136.31
3082,605238.225315,56.591,74,-143.821,20.142,72.09,130.926,134.748,127.21,200.86,97.39,176.93,135.36
3083,605238.229927,56.743,67,-143.611,20.062,72.301,131.843,136.223,127.47,200.73,97.64,178.12,136.8
3084,605238.233361,55.881,71,-142.98,18.408,73.473,130.988,135.94,128.22,198.43,99.21,177.04,136.66
3085,605238.242296,56.337,71,-143.612,19.913,72.317,130.461,134.908,127.44,200.51,97.65,176.48,135.57
3086,605238.245206,56.398,72,-143.441,19.989,72.655,131.283,136.084,127.66,200.56,98.19,177.41,136.73
3087,605238.249348,55.762,74,-142.759,18.497,73.854,131.265,135.87,128.62,198.62,99.76,177.45,136.46
3088,605238.253375,56.235,73,-143.573,19.941,72.671,130.752,134.751,127.47,200.47,98.09,176.92,135.31
3089,605238.257943,56.204,70,-143.507,19.625,72.889,131.039,136.014,127.51,200.08,98.49,176.96,136.73
3090,605238.266809,55.77,72,-142.977,18.416,74.022,131.589,135.807,128.33,198.5,99.96,178.11,136.44
3091,605238.278162,55.423,74,-143.161,18.435,74.407,131.11,135.7,128.09,198.53,100.48,177.45,136.34
3092,605238.281862,55.731,77,-143.988,19.993,73.466,130.473,134.598,126.92,200.58,99.2,176.5,135.26
3093,605238.285526,55.666,77,-144.016,19.606,73.744,130.747,135.836,126.92,200.08,99.57,176.87,136.48
3094,605238.294214,55.304,73,-143.411,18.624,74.768,131.35,135.439,127.66,198.7,100.97,177.62,136.13
3095,605238.297904,55.652,74,-144.424,20.048,73.733,130.68,134.415,126.37,200.69,99.52,176.95,135.08
3096,605238.301541,55.51,77,-144.345,19.696,74.119,130.893,135.427,126.55,200.33,100.05,176.89,136.02
3097,605238.306733,55.147,73,-143.781,18.782,75.131,131.471,135.306,127.26,198.99,101.45,177.91,135.96
3098,605238.310241,55.473,75,-144.739,20.303,74.143,130.811,134.223,125.95,201.03,100.07,177.11,134.89
3099,605238.319105,55.409,75,-144.676,19.871,74.39,131.036,135.332,126.04,200.45,100.43,177.23,135.98
3100,605238.322017,55.027,74,-144.077,19.051,75.298,131.367,135.02,126.87,199.35,101.67,177.75,135.69
3101,605238.325503,55.508,73,-144.993,20.476,74.136,130.913,133.79,125.62,201.22,100.16,177.06,134.47
3102,605238.329011,55.191,76,-144.848,20.031,74.771,130.985,135.062,125.81,200.66,100.95,177.15,135.73
3103,605238.334247,54.97,74,-144.192,19.13,75.428,131.407,134.704,126.69,199.44,101.82,177.91,135.38
3104,605238.342117,55.525,75,-145.125,20.591,74.133,130.967,133.594,125.44,201.43,100.06,177.29,134.27
3105,605238.346372,55.033,77,-145.009,20.172,74.967,130.81,134.763,125.62,200.88,101.18,177.0,135.44
3106,605238.349726,54.976,74,-144.231,19.183,75.433,131.436,134.312,126.65,199.51,101.89,177.69,135.0
3107,605238.353163,55.655,75,-145.143,20.498,73.835,130.871,133.252,125.43,201.3,99.71,176.92,133.95
3108,605238.370673,55.625,74,-144.97,20.627,73.829,130.764,133.012,125.66,201.48,99.66,176.99,133.69
3109,605238.37435,55.061,77,-144.918,20.449,74.906,130.792,134.415,125.74,201.25,101.11,176.97,135.1
3110,605238.376888,55.055,72,-144.176,19.51,75.32,131.497,133.891,126.72,199.96,101.69,178.01,134.57
3111,605238.382119,55.683,71,-144.814,20.975,73.685,130.699,132.786,125.88,201.99,99.56,176.65,133.47
3112,605238.384912,55.136,77,-144.655,20.514,74.776,130.811,134.083,126.1,201.34,100.95,176.99,134.77
3113,605238.394011,55.218,73,-143.668,19.447,75.054,131.57,133.782,127.38,199.85,101.37,178.0,134.44
3114,605238.397312,55.793,72,-144.336,20.983,73.346,130.466,132.623,126.5,201.97,99.08,176.2,133.31
3115,605238.401929,55.339,76,-144.417,20.616,74.415,130.848,133.947,126.41,201.48,100.47,177.04,134.61
3116,605238.404776,55.36,73,-143.381,19.567,74.762,131.526,133.544,127.77,200.01,100.99,177.94,134.2
3117,605238.409785,55.87,70,-143.818,21.157,72.887,129.906,132.268,127.21,202.22,98.42,175.79,132.91
3118,605238.41889,55.326,77,-144.032,20.617,74.353,130.694,133.917,126.91,201.46,100.42,176.74,134.6
3119,605238.421361,55.54,71,-143.002,19.531,74.493,131.652,133.377,128.29,199.99,100.61,178.24,134.04
3120,605238.426371,56.351,71,-143.687,20.808,72.477,130.799,132.517,127.39,201.75,97.9,176.87,133.19
3121,605238.428862,55.53,75,-143.65,20.638,74.021,130.783,133.743,127.43,201.49,99.98,176.88,134.41
3122,605238.434952,55.68,72,-142.64,19.397,74.142,131.501,133.281,128.78,199.81,100.15,178.05,133.93
3123,605238.437149,56.491,73,-143.181,20.745,72.016,130.446,132.45,128.08,201.68,97.28,176.47,133.09
3124,605238.446264,55.632,74,-143.453,20.605,73.674,130.512,133.791,127.61,201.41,99.5,176.35,134.54
3125,605238.454085,56.536,71,-143.011,20.985,71.69,130.012,132.132,128.29,201.99,96.83,175.95,132.76
3126,605238.459313,55.899,77,-143.389,20.728,73.288,130.718,133.688,127.78,201.6,99.04,176.76,134.37
3127,605238.461543,56.008,71,-142.536,19.535,73.55,131.556,133.249,128.87,199.96,99.41,177.7,133.93
3128,605238.469778,56.664,71,-143.134,21.117,71.458,130.028,132.142,128.12,202.17,96.51,175.97,132.76
3129,605238.473506,56.061,76,-143.594,20.802,73.044,130.832,133.826,127.49,201.72,98.62,177.15,134.47
3130,605238.478043,56.125,73,-142.724,19.622,73.315,131.534,133.117,128.69,200.14,99.05,177.96,133.75
3131,605238.481141,57.166,68,-143.648,20.891,70.947,130.848,132.346,127.47,201.9,95.84,176.92,132.97
3132,605238.486632,56.132,76,-144.082,20.829,72.909,130.83,133.82,126.84,201.76,98.42,177.13,134.47
3133,605238.49385,56.124,74,-143.354,19.48,73.29,131.486,133.269,127.85,199.95,99.01,177.88,133.91
3134,605238.497761,57.19,72,-144.18,20.84,70.679,130.438,132.323,126.72,201.79,95.44,176.51,132.95
3135,605238.501642,56.277,76,-144.708,20.781,72.698,130.944,133.91,126.0,201.69,98.12,177.27,134.57
3136,605238.505212,56.214,74,-143.908,19.516,73.145,131.535,133.281,127.06,199.95,98.8,177.93,133.93
3137,605238.510706,57.744,67,-144.909,20.663,70.032,131.221,132.577,125.77,201.6,94.62,177.02,133.19
3138,605238.513977,56.382,75,-145.312,20.621,72.57,131.075,134.016,125.19,201.47,97.94,177.43,134.67
3139,605238.521603,56.424,72,-144.458,19.255,72.9,131.814,133.456,126.32,199.59,98.46,178.3,134.1
3140,605238.525208,57.706,68,-145.247,20.544,69.909,130.849,132.667,125.23,201.32,94.4,176.7,133.2
3141,605238.529081,56.527,74,-145.898,20.41,72.474,131.4,134.159,124.45,201.19,97.94,177.46,134.82
3142,605238.538386,57.905,69,-145.496,20.326,69.706,131.194,133.013,125.02,201.18,94.13,177.18,133.6
3143,605238.546286,56.534,73,-146.076,20.292,72.437,131.358,134.449,124.17,201.02,97.78,177.6,135.11
3144,605238.549705,56.449,73,-144.87,18.987,72.889,131.882,133.984,125.84,199.31,98.48,178.04,134.61
3145,605238.554634,57.868,68,-145.168,20.449,69.561,130.786,132.988,125.39,201.28,93.9,176.94,133.6
3146,605238.55703,56.558,72,-145.859,20.224,72.471,131.505,134.669,124.45,200.93,97.83,177.8,135.34
3147,605238.562558,56.568,72,-144.729,18.919,72.698,131.952,134.074,126.0,199.18,98.17,178.48,134.74
3148,605238.566104,57.993,65,-145.059,20.231,69.507,131.141,133.312,125.53,200.98,93.83,177.42,133.91
3149,605238.574447,56.532,74,-145.582,20.089,72.399,131.284,134.867,124.87,200.81,97.74,177.32,135.49
3150,605238.578125,56.552,72,-144.278,18.647,72.687,131.876,134.28,126.58,198.79,98.19,178.27,134.93
3151,605238.580934,57.945,68,-144.507,20.016,69.409,130.778,133.643,126.29,200.72,93.7,176.86,134.21
3152,605238.5867,56.434,72,-145.075,19.735,72.572,131.259,135.094,125.51,200.27,98.03,177.23,135.75
3153,605238.589081,56.597,72,-143.713,18.353,72.507,131.704,134.515,127.32,198.4,97.91,178.32,135.15
3154,605238.598919,57.792,68,-143.969,19.681,69.483,130.362,133.867,126.96,200.21,93.83,176.33,134.47
3155,605238.601758,56.17,70,-144.465,19.712,72.575,130.36,134.861,126.3,200.23,97.98,176.36,135.5
3156,605238.605801,56.464,74,-143.252,18.132,72.573,131.365,134.693,127.92,198.07,98.03,177.76,135.33
3157,605238.609436,57.923,66,-143.496,19.306,69.462,130.798,134.412,127.62,199.74,93.82,176.8,134.99
3158,605238.614284,56.447,70,-143.968,19.418,72.518,131.204,135.36,126.98,199.84,97.88,177.69,135.99
3159,605238.626451,57.771,67,-143.193,19.492,69.736,130.761,134.572,128.07,200.04,94.18,176.77,135.12
3160,605238.63034,56.325,73,-143.715,19.733,72.708,131.128,135.419,127.32,200.26,98.19,177.37,136.07
3161,605238.633187,56.203,74,-142.667,18.513,72.993,131.222,134.892,128.71,198.6,98.62,177.43,135.53
3162,605238.638494,57.648,67,-143.063,19.818,70.005,130.821,134.753,128.19,200.41,94.52,177.12,135.34
3163,605238.641787,56.24,72,-143.731,20.138,72.95,131.27,135.409,127.32,200.84,98.48,177.68,136.04
3164,605238.649473,56.131,72,-142.82,18.976,73.282,131.495,134.989,128.55,199.26,98.98,177.97,135.63
3165,605238.653582,57.502,64,-143.536,20.021,70.528,131.271,134.854,127.6,200.73,95.22,177.58,135.44
3166,605238.657132,56.007,73,-144.042,20.462,73.382,131.252,135.409,126.85,201.24,99.03,177.7,136.08
3167,605238.662037,55.834,74,-143.258,19.32,73.807,131.424,134.982,127.96,199.72,99.67,177.88,135.64
3168,605238.665147,57.241,63,-143.808,20.604,70.795,130.832,134.745,127.2,201.49,95.55,177.1,135.33
3169,605238.674066,55.842,71,-144.516,20.614,73.845,131.52,135.376,126.26,201.45,99.69,177.9,136.03
3170,605238.677355,55.626,76,-143.677,19.384,74.133,131.302,135.021,127.42,199.84,100.1,177.63,135.66
3171,605238.681265,57.225,62,-144.405,20.422,71.136,131.406,134.806,126.4,201.24,96.0,177.87,135.41
3172,605238.685124,55.614,73,-145.079,20.448,74.195,131.373,135.393,125.52,201.25,100.13,177.78,136.07
3173,605238.689952,55.608,73,-144.345,19.139,74.275,131.493,134.919,126.53,199.5,100.3,177.81,135.59
3174,605238.699243,56.924,66,-144.864,20.266,71.275,130.601,134.609,125.79,201.03,96.18,176.74,135.22
3175,605238.701537,55.474,74,-145.63,20.153,74.445,131.349,135.281,124.76,200.83,100.44,177.83,135.96
3176,605238.710046,56.97,62,-145.48,19.609,71.57,131.303,134.644,124.96,200.13,96.58,177.67,135.26
3177,605238.714939,55.205,74,-146.095,19.689,74.821,131.119,135.251,124.07,200.14,100.99,177.22,135.96
3178,605238.718189,55.336,72,-145.256,18.336,74.869,131.636,134.609,125.29,198.38,101.08,178.06,135.3
3179,605238.725408,56.501,58,-145.953,18.36,72.875,132.038,135.478,124.31,198.36,98.44,178.56,136.14
3180,605238.729404,55.12,74,-146.308,19.32,75.016,131.181,134.993,123.83,199.68,101.25,177.3,135.71
3181,605238.732959,55.057,74,-145.138,18.062,75.156,131.219,134.494,125.45,198.05,101.43,177.48,135.12
3182,605238.737823,56.713,63,-145.449,19.456,71.609,130.477,134.137,124.98,199.95,96.64,176.51,134.7
3183,605238.741687,54.996,74,-146.022,19.238,75.195,131.086,134.877,124.23,199.58,101.46,177.44,135.57
3184,605238.749391,55.238,74,-144.706,18.004,74.895,131.356,134.222,126.03,197.94,101.14,177.68,134.9
3185,605238.753798,56.652,64,-144.909,19.377,71.758,130.534,134.209,125.73,199.82,96.85,176.62,134.83
3186,605238.75734,55.03,74,-145.427,19.38,75.127,131.079,134.718,125.07,199.82,101.41,177.27,135.4
3187,605238.762476,55.169,75,-143.997,18.298,74.895,131.131,134.041,126.94,198.29,101.15,177.42,134.71
3188,605238.765968,56.79,64,-144.063,19.467,71.703,130.913,134.306,126.89,199.97,96.81,177.04,134.91
3189,605238.773609,55.014,74,-144.44,19.817,75.074,130.933,134.418,126.36,200.37,101.33,177.28,135.1
3190,605238.778429,55.186,73,-142.996,18.708,74.908,131.205,133.824,128.3,198.87,101.17,177.65,134.49
3191,605238.781302,56.821,62,-143.182,19.784,71.671,130.966,134.221,128.09,200.44,96.77,177.07,134.78
3192,605238.785255,55.02,71,-143.57,20.196,75.087,130.974,134.466,127.52,200.89,101.36,177.36,135.14
3193,605238.793891,56.76,65,-142.5,20.106,71.727,130.853,134.22,128.88,200.72,96.91,176.88,134.87
3194,605238.802973,55.116,73,-142.955,20.493,74.956,131.059,134.155,128.37,201.29,101.26,177.25,134.82
3195,605238.80532,55.198,74,-141.798,19.513,74.652,130.797,133.314,129.91,199.97,100.85,177.12,133.97
3196,605238.808886,56.857,61,-142.239,20.349,71.507,130.792,133.83,129.32,201.15,96.56,177.04,134.41
3197,605238.817314,55.219,73,-142.078,19.343,74.768,131.07,133.377,129.54,199.73,101.0,177.49,134.03
3198,605238.825754,56.832,63,-142.548,20.565,71.313,130.347,133.571,128.9,201.44,96.29,176.43,134.16
3199,605238.829634,54.838,77,-143.349,20.435,75.241,130.652,133.815,127.8,201.18,101.65,176.59,134.54
3200,605238.833014,55.348,72,-142.584,19.343,74.533,131.085,133.011,128.92,199.78,100.73,177.22,133.67
3201,605238.836918,56.851,63,-143.258,20.281,71.356,130.493,133.648,127.9,200.98,96.41,176.41,134.26
3202,605238.842441,55.328,72,-144.115,20.39,74.76,131.418,133.626,126.83,201.17,100.96,177.79,134.31
3203,605238.849412,55.566,73,-143.455,19.023,74.306,131.411,132.974,127.72,199.32,100.39,177.76,133.66
3204,605238.853461,57.273,62,-144.745,18.658,72.011,133.196,134.804,125.94,198.81,97.2,180.36,135.43
3205,605238.858459,55.461,71,-145.057,20.121,74.58,131.544,133.632,125.56,200.81,100.69,177.94,134.31
3206,605238.861023,55.581,74,-144.528,18.834,74.283,131.418,132.924,126.23,199.02,100.33,177.76,133.6
3207,605238.865956,56.582,65,-145.513,18.465,72.594,131.81,134.628,124.98,198.54,98.13,177.93,135.31
3208,605238.869667,55.641,71,-146.098,19.9,74.373,131.78,133.354,124.12,200.46,100.4,178.19,134.06
3209,605238.877652,55.729,71,-145.344,18.764,73.825,131.104,132.55,125.14,198.93,99.71,177.26,133.24
3210,605238.886191,55.676,70,-147.023,19.526,74.226,131.634,133.456,122.93,200.0,100.23,177.72,134.18
3211,605238.890918,55.813,70,-145.99,18.472,73.678,131.122,132.479,124.3,198.56,99.48,177.35,133.17
3212,605238.893455,56.818,65,-146.873,17.925,72.137,131.807,134.622,123.21,197.88,97.46,177.97,135.3
3213,605238.902192,55.879,67,-147.351,19.364,73.977,131.882,133.456,122.43,199.74,99.84,178.1,134.21
3214,605238.905891,56.12,69,-145.954,18.583,73.046,131.033,132.455,124.38,198.77,98.63,177.05,133.09
3215,605238.910115,57.086,65,-146.623,17.983,71.727,132.002,134.726,123.56,197.96,97.0,178.24,135.32
3216,605238.913473,56.009,70,-146.694,19.617,73.805,132.016,133.591,123.34,200.1,99.6,178.64,134.28
3217,605238.919017,56.069,73,-145.154,18.559,73.187,131.116,132.731,125.39,198.65,98.86,177.29,133.42
3218,605238.927225,56.999,64,-145.498,18.274,71.789,131.806,135.143,125.03,198.32,97.06,178.2,135.71
3219,605238.929802,56.205,71,-145.616,20.073,73.345,131.863,133.637,124.81,200.75,99.06,178.1,134.33
3220,605238.934043,56.415,72,-144.04,19.055,72.604,131.251,133.134,126.94,199.4,98.12,177.21,133.77
3221,605238.936645,57.201,64,-144.298,18.703,71.407,131.822,135.107,126.64,198.9,96.54,178.31,135.69
3222,605238.942636,56.35,70,-144.455,20.421,73.09,131.903,134.035,126.36,201.22,98.68,178.46,134.7
3223,605238.945421,56.407,73,-142.877,19.252,72.542,131.111,133.315,128.48,199.64,98.01,177.38,133.95
3224,605238.953746,57.315,67,-143.313,18.813,71.132,131.719,135.468,127.84,199.0,96.09,178.27,136.08
3225,605238.957826,56.558,70,-143.543,20.434,72.677,131.879,134.307,127.59,201.24,98.14,178.46,134.96
3226,605238.960821,56.439,73,-142.101,19.15,72.512,131.165,133.727,129.49,199.48,97.95,177.61,134.36
3227,605238.968871,56.478,71,-142.818,20.296,72.661,131.572,134.494,128.53,201.04,98.11,178.2,135.12
3228,605238.979093,56.513,72,-141.758,18.963,72.308,131.053,133.846,129.98,199.29,97.65,177.37,134.41
3229,605238.982271,57.205,69,-142.303,18.37,71.045,131.168,135.914,129.19,198.41,95.96,177.62,136.52
3230,605238.985588,56.412,73,-142.649,19.902,72.618,131.266,134.725,128.7,200.44,98.1,177.55,135.35
3231,605238.989448,56.663,72,-142.039,18.734,72.126,131.242,134.286,129.55,198.89,97.45,177.63,134.91
3232,605238.994128,57.471,64,-142.945,18.167,70.748,131.567,136.262,128.3,198.15,95.55,177.83,136.88
3233,605239.001731,56.284,74,-143.18,19.762,72.724,131.016,134.916,128.08,200.37,98.21,177.2,135.52
3234,605239.005542,56.724,71,-142.335,18.622,71.992,131.21,134.335,129.2,198.79,97.27,177.53,134.96
3235,605239.010377,57.295,65,-143.243,17.898,71.256,131.879,136.37,127.98,197.83,96.24,178.43,136.94
3236,605239.012913,56.457,70,-143.819,19.722,72.718,131.601,134.997,127.18,200.25,98.22,177.96,135.64
3237,605239.018327,56.483,74,-143.279,18.671,72.446,131.2,134.591,127.91,198.84,97.88,177.39,135.22
3238,605239.022292,57.055,70,-144.099,18.118,71.49,131.455,136.439,126.77,198.07,96.5,177.98,137.07
3239,605239.029997,56.098,72,-144.743,19.819,73.236,131.301,135.074,125.94,200.38,98.87,177.6,135.76
3240,605239.033952,56.439,71,-144.134,18.916,72.625,131.37,134.463,126.79,199.23,98.08,177.46,135.05
3241,605239.037364,56.942,68,-145.071,18.283,71.888,131.785,136.614,125.53,198.29,97.13,178.34,137.22
3242,605239.041021,56.014,67,-145.687,19.952,73.543,131.566,135.366,124.67,200.54,99.28,177.85,136.05
3243,605239.046505,56.348,71,-144.956,19.242,72.829,131.425,134.578,125.64,199.6,98.35,177.53,135.19
3244,605239.066259,56.295,73,-146.136,18.699,72.962,131.482,136.778,124.13,198.9,98.52,177.72,137.4
3245,605239.069369,55.665,72,-146.58,20.396,74.406,131.919,135.385,123.54,201.22,100.44,178.06,136.01
3246,605239.074366,56.172,72,-145.553,19.41,73.338,131.738,134.591,124.86,199.83,98.98,178.31,135.26
3247,605239.083188,56.11,71,-146.084,18.763,73.357,131.56,136.898,124.19,199.01,99.0,177.89,137.54
3248,605239.086083,55.629,71,-146.233,20.417,74.523,132.006,135.348,123.95,201.19,100.53,178.71,136.02
3249,605239.089373,56.132,72,-144.738,19.505,73.394,131.702,134.56,125.98,199.98,99.09,178.16,135.21
3250,605239.094546,55.688,76,-144.989,18.762,73.844,130.997,136.953,125.63,198.97,99.66,177.18,137.64
3251,605239.097341,55.421,73,-145.057,20.34,74.69,131.605,135.425,125.5,201.06,100.8,178.09,136.1
3252,605239.105708,55.894,73,-143.642,19.435,73.671,131.386,134.803,127.44,199.88,99.48,177.79,135.45
3253,605239.110138,55.7,75,-143.719,18.844,73.74,130.855,136.743,127.31,199.03,99.58,177.23,137.41
3254,605239.113417,55.417,71,-143.839,20.402,74.63,131.483,135.399,127.18,201.19,100.74,177.96,136.05
3255,605239.117028,55.52,75,-142.369,19.43,74.065,130.828,134.67,129.11,199.81,100.15,176.61,135.32
3256,605239.122212,55.61,74,-142.583,18.796,73.843,130.738,136.69,128.83,198.99,99.69,177.13,137.32
3257,605239.131179,55.209,72,-142.811,20.312,74.873,131.223,135.309,128.56,201.07,101.1,177.65,135.95
3258,605239.133976,55.507,75,-141.515,19.315,74.057,130.772,134.531,130.28,199.7,100.03,177.13,135.17
3259,605239.137745,55.405,76,-141.857,18.616,74.096,130.504,136.561,129.8,198.75,100.05,176.83,137.19
3260,605239.15043,55.27,77,-141.581,18.319,74.3,130.419,136.332,130.17,198.34,100.34,176.71,136.97
3261,605239.158336,54.925,70,-142.323,20.037,75.068,130.633,135.0,129.18,200.66,101.4,176.73,135.66
3262,605239.161634,55.327,75,-141.495,19.186,74.362,130.713,134.187,130.31,199.52,100.45,177.03,134.83
3263,605239.16547,55.127,75,-142.124,18.432,74.53,130.351,136.176,129.48,198.52,100.66,176.48,136.83
3264,605239.17036,54.804,72,-142.879,20.153,75.532,131.045,134.641,128.48,200.84,102.0,177.38,135.32
3265,605239.173072,55.341,75,-142.282,19.366,74.415,130.854,133.831,129.28,199.79,100.59,176.85,134.5
3266,605239.181858,54.929,71,-142.959,18.694,75.006,130.539,135.931,128.33,198.85,101.26,176.82,136.59
3267,605239.186584,54.801,71,-143.742,20.485,75.767,131.445,134.358,127.3,201.28,102.28,177.99,135.04
3268,605239.189183,55.391,75,-143.387,19.59,74.435,131.054,133.585,127.8,200.09,100.55,177.3,134.26
3269,605239.193374,54.834,75,-144.16,18.901,75.181,130.533,135.644,126.73,199.13,101.48,176.77,136.32
3270,605239.198195,54.608,74,-145.084,20.544,76.035,131.284,134.009,125.51,201.35,102.67,177.49,134.69
3271,605239.20705,55.522,74,-144.652,19.83,74.437,131.493,133.186,126.09,200.39,100.5,177.96,133.87
3272,605239.209386,54.74,72,-145.406,19.089,75.455,130.707,135.247,125.09,199.35,101.95,176.87,135.96
3273,605239.213975,54.651,73,-146.39,20.58,76.047,131.442,133.639,123.67,201.33,102.67,177.51,134.4
3274,605239.216803,55.544,75,-145.731,19.739,74.435,131.563,132.92,124.64,200.26,100.54,177.76,133.63
3275,605239.234595,55.918,73,-145.759,19.69,73.796,131.689,132.601,124.64,200.24,99.72,177.73,133.28
3276,605239.237365,54.935,73,-146.005,19.087,75.148,130.806,134.715,124.23,199.37,101.4,176.99,135.45
3277,605239.241366,54.916,73,-146.174,20.389,75.662,131.636,133.266,124.1,201.19,102.15,177.9,133.98
3278,605239.246765,56.147,72,-144.439,19.645,73.378,131.722,132.473,126.37,200.15,99.1,178.23,133.14
3279,605239.249404,55.07,76,-144.591,18.806,74.773,130.589,134.771,126.16,199.0,100.97,176.62,135.46
3280,605239.257867,55.088,73,-144.604,20.586,75.228,131.443,133.27,126.16,201.4,101.6,177.7,133.96
3281,605239.261508,56.189,73,-143.067,19.833,73.234,131.607,132.429,128.18,200.34,99.07,177.74,133.09
3282,605239.265326,55.281,77,-143.251,18.9,74.251,130.367,134.833,127.98,199.13,100.31,176.53,135.47
3283,605239.269681,55.404,71,-143.141,20.705,74.643,131.464,133.194,128.11,201.56,100.84,177.76,133.85
3284,605239.273984,56.184,73,-141.753,19.776,73.017,131.201,132.514,129.92,200.27,98.72,177.37,133.16
3285,605239.28275,55.423,75,-142.049,18.854,73.956,130.317,134.718,129.54,199.05,99.91,176.41,135.37
3286,605239.285284,55.528,73,-142.143,20.495,74.231,131.148,133.127,129.4,201.24,100.32,177.34,133.77
3287,605239.289863,56.527,74,-140.938,19.619,72.333,131.146,132.474,131.06,200.12,97.76,177.57,133.1
3288,605239.293226,55.428,76,-141.219,18.587,73.809,130.074,134.492,130.62,198.68,99.71,176.04,135.17
3289,605239.298378,55.505,71,-141.83,20.327,74.076,130.798,133.241,129.81,201.02,100.09,176.91,133.91
3290,605239.30148,56.64,74,-141.171,19.604,72.062,131.046,132.874,130.75,200.1,97.38,177.44,133.49
3291,605239.309658,55.961,73,-141.673,19.017,73.217,130.799,134.521,130.06,199.3,98.9,177.16,135.15
3292,605239.31721,56.761,73,-142.042,20.155,72.073,131.488,132.878,129.56,200.82,97.39,177.92,133.49
3293,605239.322854,55.886,72,-142.692,19.344,73.347,130.781,134.666,128.7,199.74,99.04,177.12,135.31
3294,605239.326314,55.833,73,-143.498,21.432,73.817,131.44,133.191,127.6,202.55,99.69,177.83,133.86
3295,605239.335056,56.756,74,-143.308,20.59,72.078,131.481,132.865,127.91,201.45,97.42,177.62,133.52
3296,605239.33801,56.011,74,-143.754,19.871,73.427,131.347,134.497,127.28,200.45,99.13,177.84,135.15
3297,605239.340898,55.74,74,-144.893,21.526,74.052,131.544,133.262,125.81,202.74,100.02,177.62,133.9
3298,605239.345591,56.752,74,-144.72,20.606,72.228,131.738,132.963,126.01,201.47,97.54,178.18,133.63
3299,605239.350445,55.903,73,-145.331,19.901,73.634,131.348,134.544,125.16,200.48,99.42,177.55,135.22
3300,605239.358243,55.806,73,-146.35,21.372,74.103,131.858,133.217,123.81,202.48,100.04,178.2,133.88
3301,605239.361081,56.75,75,-145.893,20.399,72.238,131.751,132.999,124.42,201.17,97.51,178.26,133.66
3302,605239.366256,55.905,71,-146.472,19.608,73.606,131.306,134.748,123.62,200.09,99.31,177.69,135.44
3303,605239.368682,55.809,73,-147.108,21.062,74.046,131.767,133.32,122.77,202.04,99.93,178.17,134.01
3304,605239.375003,57.001,72,-146.206,20.196,71.952,132.113,133.03,124.0,200.9,97.13,178.72,133.7
3305,605239.377427,55.925,74,-146.42,19.368,73.69,131.524,134.611,123.72,199.78,99.46,177.88,135.3
3306,605239.385391,55.695,71,-147.133,20.562,73.939,131.193,133.539,122.7,201.35,99.78,177.32,134.29
3307,605239.390274,57.016,73,-145.638,19.71,71.835,131.953,133.182,124.75,200.24,96.98,178.52,133.84
3308,605239.393129,56.108,72,-145.544,18.863,73.43,131.681,134.737,124.87,199.08,99.15,177.97,135.41
3309,605239.410217,56.216,74,-144.326,18.682,73.013,131.302,134.869,126.45,198.82,98.6,177.35,135.5
3310,605239.413913,56.148,73,-144.418,20.154,73.062,131.156,133.761,126.39,200.84,98.63,177.55,134.42
3311,605239.41799,57.058,70,-143.117,19.24,71.378,131.261,133.656,128.12,199.59,96.46,177.46,134.27
3312,605239.421369,56.319,73,-142.89,18.402,72.732,131.15,134.984,128.4,198.44,98.24,177.48,135.63
3313,605239.426241,56.218,72,-143.002,20.146,72.85,131.017,133.944,128.31,200.84,98.4,177.31,134.6
3314,605239.434281,57.136,73,-141.904,19.383,71.294,131.382,134.137,129.72,199.73,96.35,177.52,134.69
3315,605239.438026,56.304,74,-141.796,18.563,72.623,130.903,135.171,129.89,198.68,98.09,177.31,135.79
3316,605239.441701,56.323,71,-142.229,20.502,72.665,131.042,134.134,129.32,201.3,98.18,177.26,134.75
3317,605239.444983,57.201,71,-141.605,19.683,71.239,131.512,134.396,130.18,200.22,96.31,177.77,134.99
3318,605239.449461,56.462,72,-141.564,19.08,72.547,131.309,135.273,130.22,199.4,98.01,177.75,135.88
3319,605239.452989,56.392,72,-142.478,21.058,72.602,131.167,134.279,129.01,202.1,98.01,177.79,134.9
3320,605239.462125,57.108,72,-142.02,20.221,71.435,131.541,134.406,129.6,200.94,96.48,178.16,135.01
3321,605239.465956,56.42,71,-142.164,19.423,72.727,131.489,135.401,129.39,199.84,98.25,177.87,136.04
3322,605239.469402,56.103,74,-143.25,21.247,73.077,131.033,134.389,127.95,202.31,98.75,177.02,135.03
3323,605239.47409,57.002,74,-142.996,20.541,71.655,131.573,134.436,128.31,201.39,96.77,178.07,135.06
3324,605239.477524,56.042,74,-143.215,19.627,73.364,131.339,135.51,127.97,200.1,99.06,177.76,136.15
3325,605239.494367,55.907,74,-144.216,19.625,73.638,131.372,135.588,126.65,200.12,99.39,177.9,136.24
3326,605239.497312,55.788,73,-145.072,21.169,73.952,131.528,134.512,125.51,202.21,99.79,178.08,135.18
3327,605239.502531,56.816,73,-144.781,20.381,72.167,131.852,134.49,125.9,201.15,97.4,178.5,135.13
3328,605239.509881,55.714,73,-144.941,19.575,74.078,131.5,135.52,125.68,200.04,99.97,178.03,136.18
3329,605239.51381,55.602,76,-145.806,20.96,74.102,131.17,134.326,124.53,201.92,100.03,177.35,135.02
3330,605239.517966,56.672,71,-145.138,19.922,72.532,132.014,134.546,125.39,200.49,97.97,178.3,135.19
3331,605239.521007,55.569,74,-145.126,19.026,74.353,131.503,135.471,125.43,199.29,100.39,177.77,136.14
3332,605239.526322,55.606,74,-145.957,20.602,74.177,131.315,134.363,124.34,201.46,100.11,177.65,135.04
3333,605239.53037,56.456,73,-145.128,19.61,72.804,131.753,134.565,125.38,200.04,98.32,178.07,135.22
3334,605239.537794,55.527,73,-144.959,18.671,74.467,131.563,135.394,125.65,198.82,100.5,178.1,136.07
3335,605239.541932,55.44,77,-145.61,20.221,74.239,130.871,134.249,124.75,200.87,100.23,176.93,134.93
3336,605239.545486,56.338,73,-144.73,19.285,72.906,131.53,134.576,125.98,199.68,98.44,177.93,135.22
3337,605239.549169,55.352,76,-144.338,18.27,74.592,131.202,135.357,126.43,198.2,100.74,177.34,136.01
3338,605239.553563,55.564,74,-144.773,20.011,74.075,130.995,134.295,125.93,200.65,100.05,177.03,134.96
3339,605239.561565,56.186,73,-143.796,19.381,73.047,131.262,134.56,127.22,199.79,98.68,177.4,135.18
3340,605239.565631,55.211,77,-143.318,18.419,74.645,130.827,135.396,127.85,198.48,100.78,177.17,136.06
3341,605239.574356,56.234,72,-142.49,19.579,73.047,131.426,134.483,128.99,200.08,98.68,177.84,135.11
3342,605239.578955,55.314,74,-142.135,18.763,74.625,131.133,135.174,129.41,198.92,100.8,177.49,135.83
3343,605239.582054,55.284,77,-142.559,20.452,74.314,130.487,134.081,128.88,201.24,100.35,176.73,134.74
3344,605239.590316,56.264,71,-141.687,19.909,73.065,131.561,134.55,130.01,200.46,98.76,177.8,135.18
3345,605239.594283,55.404,71,-141.316,19.024,74.586,131.363,135.011,130.48,199.23,100.84,177.4,135.68
3346,605239.597211,55.441,75,-141.942,20.813,74.106,130.639,134.0,129.69,201.69,100.14,176.64,134.65
3347,605239.602388,56.093,70,-141.531,20.058,73.174,131.173,134.59,130.27,200.73,98.85,177.56,135.21
3348,605239.605118,55.392,73,-141.225,19.286,74.539,131.242,134.866,130.64,199.63,100.7,177.65,135.51
3349,605239.613456,55.439,74,-142.113,21.006,74.19,130.78,133.837,129.46,201.96,100.21,177.02,134.47
3350,605239.617561,56.078,71,-141.885,20.219,73.118,131.021,134.331,129.77,200.93,98.77,177.26,134.98
3351,605239.621593,55.254,74,-141.739,19.304,74.738,131.135,134.669,130.0,199.7,100.97,177.51,135.32
3352,605239.625103,55.396,74,-142.952,21.011,74.34,130.903,133.726,128.34,201.97,100.4,177.17,134.37
3353,605239.629923,56.401,70,-142.725,20.321,72.949,131.826,134.137,128.68,201.09,98.54,178.37,134.76
3354,605239.638005,55.27,74,-142.824,19.303,74.826,131.34,134.464,128.5,199.66,101.08,177.57,135.13
3355,605239.641828,55.192,74,-144.226,20.781,74.368,130.282,133.438,126.69,201.71,100.44,176.16,134.14
3356,605239.645283,56.301,71,-143.99,20.206,73.068,131.695,134.01,126.94,200.88,98.67,178.17,134.64
3357,605239.649115,55.139,74,-144.002,19.109,75.059,131.316,134.454,126.93,199.38,101.36,177.66,135.12
3358,605239.666348,55.264,72,-144.988,18.949,75.083,131.773,134.22,125.57,199.13,101.41,178.08,134.9
3359,605239.670094,55.353,77,-146.23,20.375,74.439,130.936,133.078,123.99,201.17,100.47,177.06,133.74
3360,605239.673549,56.403,69,-145.983,19.65,73.083,132.076,134.103,124.33,200.16,98.69,178.54,134.73
3361,605239.678976,55.407,71,-145.718,18.653,74.894,131.915,134.135,124.65,198.78,101.14,178.27,134.82
3362,605239.681382,55.414,76,-146.775,20.125,74.372,131.021,133.051,123.26,200.81,100.38,177.17,133.75
3363,605239.689966,56.72,68,-146.176,19.76,72.804,132.679,134.01,124.0,200.26,98.28,179.37,134.65
3364,605239.694175,55.479,70,-145.851,18.624,74.86,132.095,134.036,124.47,198.75,101.05,178.74,134.73
3365,605239.697573,55.489,76,-146.736,20.061,74.194,130.955,132.976,123.31,200.72,100.15,177.08,133.68
3366,605239.701036,56.326,68,-146.394,19.447,72.737,131.182,134.553,123.68,199.84,98.17,177.34,135.24
3367,605239.706414,55.476,72,-145.435,18.635,74.722,131.843,134.091,125.01,198.74,100.89,178.29,134.76
3368,605239.713847,55.631,76,-146.01,20.291,73.841,130.802,132.94,124.26,201.02,99.67,177.0,133.63
3369,605239.717176,56.362,66,-145.642,19.579,72.521,130.917,134.684,124.62,199.97,97.91,176.8,135.41
3370,605239.72164,55.671,72,-144.399,18.795,74.348,131.837,134.132,126.42,198.99,100.38,178.45,134.8
3371,605239.725182,55.966,74,-144.855,20.497,73.286,130.944,133.157,125.78,201.28,98.96,177.13,133.83
3372,605239.730245,56.628,66,-144.283,20.196,72.407,131.633,134.685,126.55,200.89,97.74,178.19,135.34
3373,605239.738137,55.732,73,-143.398,19.052,74.034,131.486,134.345,127.75,199.34,99.97,178.02,135.0
3374,605239.750277,55.91,71,-142.375,19.384,73.861,131.777,134.443,129.15,199.81,99.77,178.35,135.1
3375,605239.754179,56.161,75,-142.943,20.865,72.599,130.372,133.501,128.29,201.75,98.07,176.26,134.19
3376,605239.757282,56.36,69,-142.517,20.687,72.348,130.598,134.889,128.8,201.44,97.74,176.39,135.54
3377,605239.766176,56.095,70,-141.356,19.611,73.483,131.731,134.501,130.49,200.1,99.26,178.42,135.13
3378,605239.76933,56.461,73,-142.069,21.16,72.316,130.888,133.632,129.54,202.2,97.71,177.06,134.28
3379,605239.774769,57.084,66,-141.622,21.301,71.882,132.282,134.89,130.09,202.37,97.09,179.03,135.5
3380,605239.777342,56.177,70,-141.048,19.908,73.379,131.829,134.642,130.92,200.53,99.14,178.45,135.25
3381,605239.782053,56.51,73,-142.004,21.442,72.257,130.95,133.735,129.6,202.57,97.6,177.26,134.36
3382,605239.79045,56.798,66,-141.947,21.275,71.984,131.455,135.01,129.67,202.34,97.24,177.77,135.61
3383,605239.794308,56.133,72,-141.302,20.13,73.385,131.687,134.79,130.51,200.75,99.2,177.93,135.43
3384,605239.797366,56.491,73,-142.486,21.452,72.285,130.935,133.837,129.01,202.62,97.63,177.22,134.48
3385,605239.801082,56.896,66,-142.377,21.222,71.99,131.811,135.122,129.0,202.19,97.26,178.06,135.76
3386,605239.806676,56.253,72,-141.977,19.964,73.186,131.743,134.862,129.63,200.54,98.91,178.04,135.49
3387,605239.810202,56.582,74,-143.194,21.341,72.171,131.044,133.973,128.02,202.45,97.43,177.47,134.6
3388,605239.818306,56.577,70,-143.367,21.107,72.22,131.117,135.262,127.74,202.1,97.54,177.23,135.9
3389,605239.82141,56.115,72,-142.729,20.01,73.485,131.806,135.012,128.67,200.66,99.24,178.4,135.65
3390,605239.830007,56.468,73,-144.101,21.054,72.503,131.251,135.373,126.75,202.02,97.85,177.58,136.02
3391,605239.835057,55.995,71,-143.608,19.779,73.748,131.867,135.214,127.49,200.35,99.58,178.46,135.85
3392,605239.842466,56.561,73,-144.843,21.081,72.451,131.477,134.107,125.75,202.03,97.84,177.7,134.77
3393,605239.845849,56.553,70,-144.929,20.889,72.619,131.757,135.442,125.69,201.84,98.02,178.21,136.11
3394,605239.849364,55.953,70,-144.443,19.552,74.023,132.214,135.257,126.35,200.01,99.96,178.76,135.91
3395,605239.853336,56.236,74,-145.687,20.854,72.92,131.204,134.19,124.64,201.75,98.42,177.45,134.86
3396,605239.858627,56.381,71,-145.605,20.693,72.932,131.727,135.614,124.75,201.54,98.42,178.2,136.28
3397,605239.866278,55.823,70,-145.118,19.052,74.271,132.214,135.329,125.47,199.36,100.26,178.87,136.0
3398,605239.869353,56.156,75,-146.295,20.313,73.011,131.094,134.255,123.81,201.01,98.54,177.22,134.96
3399,605239.874083,56.336,70,-146.229,20.284,73.165,131.99,135.671,123.93,200.98,98.74,178.37,136.33
3400,605239.877035,55.708,70,-145.524,18.794,74.511,132.251,135.314,124.9,198.99,100.55,179.03,135.98
3401,605239.88266,56.226,74,-146.471,20.025,73.011,131.332,134.239,123.63,200.66,98.51,177.75,134.91
3402,605239.885794,56.249,69,-146.247,19.98,73.402,132.117,135.828,123.9,200.56,99.03,178.72,136.46
3403,605239.893409,55.518,69,-145.594,18.374,74.792,132.105,135.322,124.78,198.38,100.96,178.69,135.98
3404,605239.899129,56.14,73,-146.249,19.67,73.068,131.14,134.189,123.94,200.18,98.64,177.26,134.88
3405,605239.901192,56.116,68,-146.074,19.649,73.641,132.088,135.941,124.18,200.17,99.36,178.72,136.62
3406,605239.919161,55.838,71,-145.37,19.351,73.842,131.501,135.833,125.1,199.75,99.63,178.06,136.49
3407,605239.921127,55.348,72,-144.358,17.842,74.772,131.504,135.37,126.49,197.71,100.96,177.93,136.05
3408,605239.926229,55.984,72,-144.724,19.225,73.206,130.86,134.326,125.97,199.57,98.82,177.16,134.98
3409,605239.929352,55.607,74,-144.444,19.388,74.019,131.037,135.772,126.34,199.79,99.89,177.45,136.43
3410,605239.934373,55.189,73,-143.401,17.999,74.927,131.251,135.399,127.75,197.9,101.21,177.52,136.04
3411,605239.942706,55.988,74,-143.877,19.234,73.188,130.841,134.379,127.11,199.59,98.85,176.96,135.01
3412,605239.94501,55.672,71,-143.553,19.613,74.061,131.331,135.778,127.52,200.07,99.98,177.75,136.4
3413,605239.949853,55.068,72,-142.685,18.24,75.051,131.071,135.28,128.69,198.2,101.5,176.94,136.01
3414,605239.953027,55.715,73,-143.095,19.685,73.461,130.41,134.287,128.18,200.23,99.21,176.5,134.92
3415,605239.958238,55.442,74,-142.886,19.752,74.277,130.943,135.568,128.43,200.29,100.27,177.37,136.21
3416,605239.960947,55.048,72,-141.986,18.539,75.191,131.249,135.049,129.63,198.63,101.61,177.31,135.75
3417,605239.969885,55.629,74,-142.635,19.904,73.602,130.374,134.16,128.83,200.55,99.47,176.15,134.8
3418,605239.973295,55.322,74,-142.567,20.213,74.481,130.906,135.347,128.84,200.89,100.58,177.21,135.98
3419,605239.977037,54.97,71,-141.675,18.989,75.443,131.432,134.892,130.04,199.22,101.92,177.9,135.55
3420,605239.983057,55.663,76,-142.509,20.269,73.7,130.659,133.913,128.94,200.99,99.52,176.97,134.56
3421,605239.985017,55.212,75,-142.582,20.608,74.731,130.982,135.219,128.82,201.43,100.91,177.32,135.87
3422,605239.993835,54.886,70,-141.791,19.486,75.679,131.57,134.752,129.96,199.97,102.26,177.96,135.41
3423,605240.005691,54.778,70,-142.298,19.964,75.921,131.635,134.519,129.26,200.59,102.55,178.18,135.2
3424,605240.009772,55.506,74,-143.361,21.168,74.059,130.772,133.518,127.83,202.24,100.0,176.98,134.16
3425,605240.01384,54.962,76,-143.594,21.208,75.136,130.871,134.916,127.48,202.24,101.43,177.15,135.57
3426,605240.022458,54.665,73,-142.953,20.2,76.114,131.603,134.204,128.33,200.85,102.85,177.8,134.91
3427,605240.025362,55.48,71,-144.122,21.445,74.212,130.957,133.134,126.79,202.59,100.18,177.3,133.8
3428,605240.030021,54.816,78,-144.379,21.336,75.395,130.849,134.693,126.49,202.47,101.78,176.99,135.38
3429,605240.034714,54.645,72,-143.767,20.21,76.222,131.726,134.09,127.3,200.92,102.92,178.25,134.79
3430,605240.037487,55.501,74,-145.037,21.283,74.209,131.02,133.05,125.57,202.37,100.16,177.35,133.73
3431,605240.046025,54.681,77,-145.406,21.069,75.625,130.812,134.595,125.01,202.05,102.05,176.83,135.32
3432,605240.050234,54.723,72,-144.71,19.854,76.109,131.782,133.765,125.96,200.37,102.79,178.13,134.46
3433,605240.054235,55.801,72,-145.981,20.725,73.924,131.523,132.783,124.3,201.61,99.77,178.01,133.46
3434,605240.056883,54.797,76,-146.058,20.383,75.468,130.912,134.312,124.2,201.13,101.86,177.0,135.01
3435,605240.061845,54.873,73,-145.079,18.855,75.789,131.716,133.66,125.59,199.16,102.33,177.94,134.31
3436,605240.070386,55.899,73,-145.973,19.917,73.465,131.036,132.716,124.34,200.54,99.19,177.19,133.41
3437,605240.07371,54.863,77,-146.157,19.705,75.22,130.697,134.36,124.07,200.24,101.48,176.98,135.08
3438,605240.078172,55.046,71,-144.932,18.242,75.413,131.631,133.467,125.69,198.21,101.85,178.03,134.15
3439,605240.086375,55.17,74,-145.789,19.358,74.739,130.857,134.162,124.55,199.75,100.86,177.12,134.85
3440,605240.091538,55.158,72,-144.471,18.046,75.097,131.446,133.579,126.31,197.97,101.41,177.76,134.22
3441,605240.098184,56.204,72,-144.791,19.279,72.592,130.505,132.576,125.9,199.66,98.02,176.59,133.24
3442,605240.101531,55.186,74,-145.094,19.387,74.591,130.654,134.259,125.49,199.78,100.73,176.66,134.94
3443,605240.104892,55.273,71,-143.691,18.412,74.967,131.6,133.486,127.37,198.47,101.24,178.15,134.16
3444,605240.11043,56.383,68,-144.14,19.605,72.322,130.632,132.707,126.81,200.16,97.72,176.44,133.36
3445,605240.114182,55.369,77,-144.249,19.799,74.244,130.644,134.115,126.63,200.34,100.31,176.69,134.83
3446,605240.122062,55.455,72,-142.875,18.579,74.534,131.44,133.528,128.48,198.69,100.73,177.71,134.19
3447,605240.125481,56.498,69,-143.167,20.009,71.973,130.395,132.652,128.08,200.66,97.2,176.48,133.28
3448,605240.130006,55.442,73,-143.633,20.197,74.119,130.665,134.371,127.43,200.89,100.06,176.94,135.03
3449,605240.13309,55.503,72,-142.365,19.047,74.445,131.443,133.478,129.15,199.33,100.56,177.98,134.13
3450,605240.13822,56.774,67,-142.767,20.406,71.359,130.229,132.682,128.65,201.26,96.38,176.11,133.26
3451,605240.147276,55.617,73,-143.387,20.596,73.791,130.669,134.202,127.8,201.46,99.69,176.62,134.87
3452,605240.149812,55.57,70,-142.24,19.545,74.286,131.387,133.558,129.35,200.03,100.37,177.78,134.22
3453,605240.153743,56.922,66,-142.682,20.876,71.218,130.487,132.719,128.76,201.9,96.19,176.46,133.29
3454,605240.15717,55.721,74,-143.33,20.921,73.674,130.809,134.432,127.8,201.84,99.52,176.76,135.09
3455,605240.175328,55.749,73,-143.638,21.102,73.729,130.999,134.474,127.45,202.14,99.54,177.3,135.14
3456,605240.177499,55.782,73,-142.698,19.858,74.012,131.614,133.817,128.7,200.44,99.95,178.23,134.46
3457,605240.181238,57.041,66,-143.438,20.95,71.034,130.567,133.379,127.71,201.95,95.9,176.73,133.98
3458,605240.187097,55.873,74,-144.137,21.099,73.602,131.192,134.511,126.76,202.12,99.34,177.65,135.16
3459,605240.189448,55.774,72,-143.419,19.727,74.036,131.631,133.897,127.76,200.28,100.0,178.1,134.56
3460,605240.197786,57.426,67,-144.31,20.448,70.931,131.748,133.684,126.58,201.29,95.78,178.15,134.31
3461,605240.202206,55.768,73,-145.07,20.609,73.683,130.981,134.804,125.43,201.41,99.42,177.15,135.53
3462,605240.205304,55.819,73,-144.311,19.376,73.951,131.632,133.978,126.53,199.78,99.84,178.2,134.64
3463,605240.20948,57.358,64,-145.16,20.066,70.942,131.524,133.947,125.41,200.77,95.8,177.69,134.55
3464,605240.214923,55.921,72,-145.866,20.134,73.606,131.361,134.81,124.47,200.83,99.34,177.71,135.49
3465,605240.222628,55.871,73,-145.1,18.728,73.897,131.709,134.149,125.47,198.9,99.75,178.27,134.82
3466,605240.225236,57.266,66,-145.681,19.969,70.654,130.663,133.48,124.7,200.63,95.34,176.76,134.09
3467,605240.23058,55.73,74,-146.543,19.716,73.797,131.056,134.865,123.53,200.24,99.56,177.39,135.55
3468,605240.232661,55.703,72,-145.373,18.553,73.978,131.285,134.081,125.2,198.78,99.91,177.25,134.69
3469,605240.238189,57.979,61,-146.384,18.924,70.668,133.277,134.415,123.79,199.22,95.38,180.19,135.06
3470,605240.245851,55.596,69,-146.658,19.56,73.793,130.599,135.204,123.3,199.97,99.57,176.54,135.94
3471,605240.249353,55.869,72,-145.299,18.38,73.922,131.747,134.305,125.26,198.48,99.84,178.06,134.98
3472,605240.257091,55.716,72,-146.185,19.694,73.873,131.143,135.143,124.03,200.22,99.68,177.43,135.84
3473,605240.262709,55.686,73,-144.902,18.504,74.168,131.566,134.431,125.75,198.6,100.17,177.84,135.12
3474,605240.26546,57.155,65,-145.094,19.917,70.802,130.545,134.028,125.48,200.49,95.64,176.78,134.74
3475,605240.273415,55.664,72,-145.703,19.808,74.037,131.261,135.139,124.67,200.36,99.94,177.47,135.81
3476,605240.277751,55.681,73,-144.325,18.446,74.172,131.556,134.508,126.54,198.54,100.16,177.97,135.19
3477,605240.281761,57.104,66,-144.53,19.777,70.855,130.459,134.26,126.24,200.37,95.63,176.54,134.86
3478,605240.285501,55.697,71,-145.173,19.817,74.002,131.312,135.211,125.39,200.39,99.88,177.68,135.89
3479,605240.290793,55.546,73,-143.839,18.396,74.34,131.402,134.669,127.16,198.45,100.37,177.91,135.33
3480,605240.298361,56.982,69,-144.034,19.616,71.118,130.517,134.421,126.89,200.15,96.03,176.45,135.01
3481,605240.301266,55.54,73,-144.622,19.787,74.14,131.027,135.223,126.11,200.33,100.1,177.19,135.87
3482,605240.305825,55.467,74,-143.416,18.432,74.389,131.224,134.685,127.73,198.49,100.45,177.68,135.34
3483,605240.309303,57.032,64,-143.829,19.431,71.2,130.841,134.627,127.15,199.87,96.14,176.98,135.23
3484,605240.314772,55.515,72,-144.295,19.734,74.214,131.075,135.167,126.55,200.26,100.26,177.03,135.83
3485,605240.318133,55.345,75,-142.985,18.509,74.559,131.119,134.588,128.19,198.51,100.73,177.12,135.32
3486,605240.32593,56.951,65,-143.367,19.581,71.31,130.759,134.66,127.83,200.16,96.28,176.82,135.22
3487,605240.330032,55.325,74,-143.767,19.986,74.538,131.017,135.089,127.28,200.62,100.64,177.31,135.76
3488,605240.333222,55.323,73,-142.476,18.939,74.662,131.228,134.485,128.99,199.18,100.83,177.72,135.14
3489,605240.341288,55.347,71,-143.243,20.505,74.628,131.245,134.999,127.96,201.31,100.73,177.77,135.65
3490,605240.351285,55.203,75,-142.167,19.39,74.819,131.107,134.513,129.44,199.84,101.1,177.25,135.19
3491,605240.354541,56.705,65,-142.454,20.513,71.706,130.625,134.66,129.07,201.36,96.76,176.89,135.33
3492,605240.357254,55.192,72,-143.233,20.786,74.84,131.108,134.986,127.97,201.69,101.02,177.58,135.64
3493,605240.360916,55.209,74,-142.397,19.685,74.858,131.196,134.37,129.16,200.24,101.14,177.45,135.03
3494,605240.366653,56.51,69,-142.95,20.81,71.974,130.435,134.43,128.38,201.8,97.16,176.49,135.0
3495,605240.374574,55.089,75,-143.779,20.854,74.964,130.986,134.937,127.14,201.69,101.24,176.98,135.65
3496,605240.377329,55.172,75,-143.08,19.781,75.017,131.354,134.227,128.25,200.37,101.34,177.63,134.92
3497,605240.381826,56.818,64,-143.916,20.755,71.813,131.215,134.367,127.07,201.69,96.93,177.6,134.97
3498,605240.384725,55.148,72,-144.72,20.803,75.044,131.321,134.728,126.01,201.73,101.29,177.7,135.42
3499,605240.390243,55.174,75,-144.043,19.752,75.004,131.334,134.044,126.92,200.31,101.28,177.7,134.71
3500,605240.393537,57.079,61,-145.239,19.719,72.484,133.369,135.157,125.27,200.25,97.82,180.6,135.79
3501,605240.402039,55.294,69,-145.389,20.902,75.143,131.978,134.561,125.12,201.86,101.42,178.53,135.26
3502,605240.406659,55.122,77,-144.567,19.78,75.017,131.189,133.678,126.12,200.28,101.32,177.14,134.46
3503,605240.408896,56.834,64,-145.502,19.658,72.679,132.853,135.442,124.93,200.19,98.09,179.67,136.09
3504,605240.41418,55.206,70,-145.939,20.984,75.14,131.679,134.333,124.39,201.95,101.51,177.85,135.04
3505,605240.417358,55.336,73,-145.011,20.06,74.68,131.304,133.422,125.63,200.7,100.92,177.39,134.13
3506,605240.425301,56.955,67,-146.041,19.649,72.642,133.215,135.144,124.16,200.13,97.98,180.51,135.76
3507,605240.438052,56.743,61,-145.667,19.625,72.454,132.12,135.262,124.68,200.08,97.84,178.62,135.9
3508,605240.44118,55.336,70,-145.323,20.693,74.919,131.724,134.085,125.18,201.57,101.15,178.07,134.77
3509,605240.450286,55.619,74,-143.609,19.46,74.208,131.412,133.341,127.47,199.85,100.32,177.73,134.03
3510,605240.453658,56.998,62,-144.268,19.111,72.058,132.297,135.263,126.68,199.46,97.4,178.96,135.87
3511,605240.457638,55.552,73,-144.083,20.695,74.3,131.351,134.212,126.86,201.59,100.32,177.74,134.87
3512,605240.461192,55.697,72,-142.866,19.688,74.007,131.317,133.519,128.45,200.19,99.97,177.69,134.18
3513,605240.465692,57.159,63,-142.829,20.896,70.785,130.526,133.579,128.49,201.86,95.6,176.55,134.18
3514,605240.469869,55.394,72,-143.281,20.766,74.262,130.758,133.997,127.99,201.78,100.27,176.72,134.57
3515,605240.478022,55.822,74,-142.177,19.456,73.616,131.044,133.483,129.41,199.92,99.43,177.38,134.1
3516,605240.481913,57.161,66,-143.052,19.077,71.641,132.113,135.306,128.23,199.38,96.81,178.86,135.9
3517,605240.484885,55.794,71,-142.991,20.412,73.906,131.467,134.088,128.23,201.12,99.84,177.72,134.75
3518,605240.490324,55.977,74,-141.813,19.155,73.279,130.967,133.344,129.87,199.46,99.02,177.25,133.97
3519,605240.493559,57.342,62,-142.885,18.512,71.349,132.22,135.5,128.41,198.61,96.34,179.08,136.11
3520,605240.501439,55.865,71,-142.825,20.263,73.716,131.368,134.104,128.55,201.01,99.56,177.79,134.74
3521,605240.505708,56.065,74,-141.883,19.195,73.105,130.954,133.302,129.8,199.54,98.82,177.1,133.96
3522,605240.509646,57.306,67,-142.893,18.549,71.492,132.356,135.348,128.42,198.67,96.54,179.28,135.95
3523,605240.522248,57.428,66,-143.827,18.806,71.403,132.632,135.48,127.15,198.97,96.48,179.51,136.14
3524,605240.530294,55.885,71,-144.051,20.368,73.805,131.592,134.15,126.88,201.13,99.63,178.17,134.81
3525,605240.533398,56.046,70,-143.429,19.129,73.468,131.54,133.737,127.73,199.46,99.19,178.19,134.38
3526,605240.537097,57.13,66,-144.427,18.787,71.737,132.176,135.493,126.41,198.98,97.0,178.56,136.13
3527,605240.542266,55.844,73,-144.939,20.392,73.904,131.631,134.195,125.73,201.15,99.87,177.8,134.87
3528,605240.546187,56.127,70,-144.483,19.201,73.357,131.616,133.685,126.34,199.55,99.14,177.99,134.35
3529,605240.553359,57.278,64,-145.526,18.767,71.673,132.591,135.571,124.93,199.0,96.77,179.3,136.18
3530,605240.557567,55.919,71,-145.906,20.34,73.921,131.914,134.215,124.37,201.05,99.77,178.42,134.87
3531,605240.561416,56.077,69,-145.378,19.38,73.347,131.426,133.426,125.11,199.79,99.02,177.84,134.1
3532,605240.565178,57.125,65,-146.414,18.744,71.84,132.347,135.606,123.85,198.98,97.21,178.6,136.22
3533,605240.569346,55.955,69,-146.817,20.06,74.099,132.356,134.446,123.18,200.69,100.02,178.87,135.13
3534,605240.577587,56.034,72,-146.077,18.989,73.527,131.603,133.73,124.15,199.23,99.27,177.98,134.4
3535,605240.581481,57.13,65,-146.913,18.547,71.901,132.48,135.921,123.11,198.7,97.14,179.07,136.51
3536,605240.585588,55.893,70,-147.082,19.989,74.104,132.154,134.466,122.85,200.63,99.99,178.71,135.17
3537,605240.589155,56.106,73,-146.01,19.193,73.278,131.404,133.572,124.26,199.53,98.91,177.8,134.25
3538,605240.597381,55.736,74,-146.885,20.03,74.128,131.665,134.537,123.1,200.67,100.05,177.91,135.21
3539,605240.606898,56.23,69,-145.462,19.063,73.144,131.588,133.657,125.02,199.39,98.77,177.93,134.31
3540,605240.610106,57.342,64,-145.695,19.828,70.65,130.924,134.887,124.6,200.37,95.35,176.95,135.54
3541,605240.613164,55.974,71,-145.998,20.371,73.825,131.932,134.527,124.3,201.15,99.64,178.45,135.22
3542,605240.618327,56.099,74,-144.537,19.442,73.249,131.327,133.75,126.23,199.87,98.9,177.75,134.41
3543,605240.621405,57.227,63,-145.043,18.967,71.749,132.546,135.994,125.57,199.27,96.88,179.29,136.59
3544,605240.629729,55.882,71,-144.842,20.646,73.923,131.792,134.658,125.79,201.47,99.79,178.3,135.31
3545,605240.634001,56.308,70,-143.448,19.748,73.001,131.599,133.974,127.69,200.29,98.58,178.16,134.62
3546,605240.638153,57.157,65,-143.978,19.265,71.664,132.14,136.338,126.97,199.67,96.75,178.72,136.95
3547,605240.641174,55.953,70,-143.64,20.947,73.779,131.777,134.703,127.48,201.95,99.63,178.22,135.36
3548,605240.646248,56.153,73,-142.278,19.774,73.088,131.222,134.129,129.32,200.38,98.77,177.42,134.79
3549,605240.654399,57.006,70,-142.713,19.394,71.716,131.698,136.098,128.69,199.84,96.86,178.28,136.71
3550,605240.657328,55.878,74,-142.767,21.022,73.639,131.275,134.748,128.53,201.97,99.48,177.34,135.44
3551,605240.661676,56.17,72,-141.633,19.831,73.019,131.156,134.207,130.12,200.4,98.63,177.64,134.83
3552,605240.664936,56.511,69,-142.093,19.256,72.357,131.134,136.148,129.49,199.62,97.71,177.66,136.76
3553,605240.673404,56.11,71,-141.642,19.83,73.077,131.055,134.32,130.1,200.36,98.76,177.51,134.98
3554,605240.681987,56.844,65,-142.372,19.24,72.092,131.813,136.296,129.12,199.6,97.35,178.57,136.89
3555,605240.694529,56.582,66,-142.741,19.136,72.392,131.444,136.211,128.72,199.48,97.93,177.82,136.76
3556,605240.697506,55.721,72,-143.222,20.792,74.113,131.586,134.678,127.96,201.67,100.07,178.09,135.33
3557,605240.705883,56.014,72,-142.616,19.606,73.376,131.265,134.114,128.81,200.09,99.14,177.54,134.74
3558,605240.709841,56.52,71,-143.569,18.994,72.599,131.606,136.15,127.51,199.27,97.99,178.27,136.77
3559,605240.713423,55.663,72,-144.049,20.841,74.271,131.672,134.557,126.9,201.79,100.27,178.19,135.21
3560,605240.717338,55.92,73,-143.673,19.727,73.49,131.151,133.954,127.37,200.24,99.25,177.46,134.6
3561,605240.72194,56.392,71,-144.591,19.083,72.836,131.591,136.116,126.17,199.42,98.32,178.07,136.74
3562,605240.72995,55.608,72,-145.097,20.658,74.483,131.862,134.539,125.51,201.54,100.54,178.4,135.23
3563,605240.733935,56.029,73,-144.682,19.684,73.455,131.457,133.881,126.03,200.14,99.32,177.54,134.57
3564,605240.737751,56.102,72,-145.592,19.039,73.287,131.404,136.039,124.9,199.35,99.05,177.73,136.62
3565,605240.74092,55.38,74,-146.21,20.426,74.742,131.558,134.324,123.99,201.2,100.84,178.07,135.01
3566,605240.74626,55.8,72,-145.531,19.29,73.786,131.272,133.956,124.92,199.68,99.62,177.54,134.63
3567,605240.750534,56.104,72,-146.265,18.758,73.352,131.529,135.968,123.9,198.94,98.97,178.06,136.63
3568,605240.757983,55.338,75,-146.694,20.279,74.79,131.503,134.43,123.34,201.0,100.9,177.98,135.13
3569,605240.761873,56.072,73,-145.72,19.407,73.433,131.565,133.645,124.65,199.82,99.13,178.03,134.32
3570,605240.765283,55.822,72,-146.198,18.744,73.702,131.197,135.856,123.96,198.95,99.33,177.61,136.54
3571,605240.773505,55.872,74,-145.33,19.277,73.65,131.275,133.775,125.2,199.66,99.5,177.32,134.46
3572,605240.783222,55.926,74,-145.714,18.691,73.54,131.258,135.941,124.64,198.85,99.23,177.71,136.6
3573,605240.785848,55.491,73,-145.968,20.48,74.594,131.666,134.297,124.29,201.25,100.67,178.11,134.99
3574,605240.790268,56.082,74,-144.745,19.604,73.413,131.562,133.602,125.93,200.06,99.14,177.94,134.26
3575,605240.793333,55.882,73,-145.008,18.884,73.543,131.116,135.808,125.55,199.11,99.17,177.57,136.5
3576,605240.798528,55.387,74,-145.216,20.5,74.653,131.424,134.283,125.32,201.3,100.74,177.92,134.96
3577,605240.805885,56.003,73,-143.86,19.638,73.469,131.394,133.564,127.15,200.09,99.34,177.57,134.24
3578,605240.810356,55.925,75,-144.206,18.907,73.436,131.07,135.787,126.66,199.11,99.16,177.51,136.47
3579,605240.813213,55.43,73,-144.347,20.614,74.57,131.421,134.142,126.53,201.48,100.73,177.53,134.85
3580,605240.817156,56.127,73,-143.07,19.753,73.284,131.485,133.435,128.21,200.31,99.02,177.71,134.08
3581,605240.821545,55.695,75,-143.366,18.933,73.686,130.741,135.646,127.73,199.15,99.44,176.97,136.33
3582,605240.826034,55.451,71,-143.591,20.596,74.555,131.466,134.135,127.48,201.4,100.67,177.9,134.78
3583,605240.833672,56.173,72,-142.445,19.703,73.072,131.262,133.407,129.03,200.22,98.75,177.48,134.06
3584,605240.837896,55.589,76,-142.743,18.861,73.774,130.545,135.572,128.61,199.1,99.59,176.72,136.24
3585,605240.841482,55.42,73,-143.121,20.482,74.433,131.145,134.05,128.17,201.33,100.57,177.16,134.69
3586,605240.846363,56.156,75,-142.087,19.662,73.04,131.146,133.456,129.52,200.17,98.67,177.58,134.09
3587,605240.849325,55.622,75,-142.547,18.808,73.724,130.566,135.544,128.93,199.05,99.59,176.65,136.19
3588,605240.86609,55.542,77,-142.623,18.923,73.764,130.371,135.594,128.76,199.15,99.59,176.54,136.26
3589,605240.868975,55.525,72,-143.057,20.575,74.402,131.442,133.943,128.2,201.37,100.54,177.61,134.61
3590,605240.873876,56.41,72,-142.329,19.656,72.759,131.511,133.455,129.23,200.21,98.3,177.89,134.05
3591,605240.882278,55.607,76,-142.835,18.859,73.799,130.649,135.295,128.52,199.08,99.73,176.57,135.94
3592,605240.885434,55.509,73,-143.66,20.464,74.283,131.178,133.867,127.45,201.29,100.33,177.39,134.54
3593,605240.889721,56.313,73,-142.986,19.524,72.817,131.282,133.429,128.29,199.95,98.43,177.38,134.08
3594,605240.89293,55.586,75,-143.504,18.69,73.826,130.627,135.151,127.6,198.85,99.68,176.89,135.81
3595,605240.898113,55.457,75,-144.392,20.264,74.385,131.184,133.808,126.42,200.97,100.47,177.25,134.49
3596,605240.901813,56.508,74,-143.921,19.429,72.539,131.455,133.31,127.03,199.82,98.04,177.55,133.96
3597,605240.90992,55.423,75,-144.306,18.613,74.127,130.617,135.029,126.53,198.74,100.11,176.64,135.7
3598,605240.913794,55.48,73,-145.169,20.123,74.49,131.447,133.629,125.36,200.77,100.57,177.79,134.32
3599,605240.917042,56.564,74,-144.649,19.333,72.517,131.609,133.296,126.1,199.75,97.94,178.0,133.94
3600,605240.921976,55.455,74,-145.029,18.562,74.136,130.738,134.976,125.56,198.67,100.07,176.98,135.65
3601,605240.925106,55.523,71,-145.783,20.081,74.57,131.73,133.624,124.56,200.73,100.64,178.28,134.31
3602,605240.933593,56.681,73,-145.101,19.308,72.415,131.831,133.185,125.51,199.73,97.85,177.95,133.84
3603,605240.937531,55.509,76,-145.455,18.502,74.051,130.768,135.069,124.99,198.59,99.94,177.01,135.75
3604,605240.945796,56.555,73,-145.266,19.465,72.657,131.832,133.213,125.28,199.89,98.24,177.96,133.91
3605,605240.950596,55.416,75,-145.371,18.795,74.306,130.911,134.913,125.11,198.99,100.34,176.99,135.6
3606,605240.9597,55.569,71,-145.994,20.432,74.464,131.697,133.762,124.33,201.25,100.54,178.0,134.46
3607,605240.962225,56.545,72,-144.734,19.804,72.639,131.765,133.24,125.96,200.35,98.13,178.07,133.92
3608,605240.965807,55.328,76,-144.688,19.142,74.398,130.78,135.016,126.0,199.45,100.45,176.81,135.72
3609,605240.968706,55.523,73,-145.071,20.9,74.418,131.462,133.766,125.5,201.82,100.48,177.65,134.47
3610,605240.974396,56.537,71,-143.752,20.191,72.634,131.728,133.382,127.26,200.86,98.11,178.17,134.02
3611,605240.977304,55.342,74,-143.787,19.384,74.287,130.633,135.094,127.23,199.79,100.29,176.89,135.76
3612,605240.985344,55.549,73,-144.134,21.001,74.239,131.235,133.886,126.8,202.0,100.23,177.58,134.57
3613,605240.989897,56.648,70,-142.928,20.166,72.389,131.668,133.756,128.39,200.86,97.77,178.26,134.39
3614,605240.992896,55.437,75,-142.956,19.129,74.054,130.535,135.106,128.33,199.4,100.05,176.48,135.73
3615,605240.998477,55.588,75,-143.344,20.834,73.976,130.898,134.01,127.83,201.74,99.92,177.04,134.66
3616,605241.001296,56.589,74,-142.258,19.906,72.374,131.434,133.754,129.25,200.42,97.9,177.75,134.44
3617,605241.009973,55.643,73,-142.221,18.829,73.913,130.97,134.976,129.29,199.02,99.86,177.1,135.67
3618,605241.014335,55.807,73,-142.983,20.376,73.672,131.095,133.924,128.31,201.14,99.48,177.53,134.57
3619,605241.017692,56.588,74,-142.052,19.458,72.243,131.194,133.754,129.53,199.87,97.62,177.52,134.37
3620,605241.021341,55.716,72,-142.203,18.267,73.676,130.796,135.09,129.37,198.29,99.57,176.82,135.74
3621,605241.030605,56.286,75,-142.403,19.019,72.473,130.57,133.937,129.03,199.28,97.94,176.32,134.66
3622,605241.038974,55.903,72,-142.456,18.19,73.458,131.037,135.049,128.92,198.08,99.28,177.06,135.71
3623,605241.041384,55.72,74,-143.542,19.805,73.625,130.717,133.999,127.58,200.38,99.43,176.88,134.67
3624,605241.05041,55.881,71,-143.416,18.295,73.582,131.183,135.143,127.74,198.33,99.38,177.51,135.78
3625,605241.05383,55.88,72,-144.61,20.024,73.645,131.292,133.957,126.15,200.68,99.43,177.63,134.62
3626,605241.062353,56.733,73,-144.14,19.22,72.082,131.407,133.885,126.79,199.59,97.36,177.75,134.54
3627,605241.065494,55.703,73,-144.42,18.491,73.948,131.232,135.072,126.3,198.51,99.86,177.38,135.76
3628,605241.069949,55.912,69,-145.573,20.611,73.889,131.835,133.999,124.86,201.48,99.73,178.35,134.67
3629,605241.072822,56.701,74,-145.212,19.842,72.204,131.516,133.931,125.32,200.42,97.47,177.99,134.58
3630,605241.078011,55.598,71,-145.323,19.227,74.281,131.47,135.064,125.11,199.51,100.29,177.7,135.75
3631,605241.086713,55.681,73,-146.272,21.236,74.227,131.656,134.001,123.93,202.3,100.22,177.82,134.67
3632,605241.089391,56.614,72,-145.771,20.548,72.472,131.702,134.077,124.62,201.45,97.86,177.77,134.68
3633,605241.093916,55.671,73,-145.7,19.984,74.246,131.655,135.041,124.66,200.6,100.18,178.2,135.72
3634,605241.097072,55.666,74,-146.165,21.454,74.185,131.53,133.934,124.05,202.59,100.14,177.8,134.6
3635,605241.102079,56.784,72,-144.957,20.72,72.274,131.935,134.039,125.63,201.56,97.64,178.18,134.69
3636,605241.105976,55.712,73,-144.742,19.945,74.131,131.587,135.102,125.97,200.57,100.07,178.02,135.78
3637,605241.11296,55.39,72,-145.161,21.307,74.126,130.506,134.256,125.35,202.37,100.08,176.36,134.97
3638,605241.122104,55.661,72,-143.331,19.152,73.964,131.12,135.349,127.82,199.47,99.86,177.38,136.05
3639,605241.12637,55.973,73,-143.69,20.966,73.412,131.191,134.216,127.34,201.91,99.12,177.54,134.85
3640,605241.129347,56.612,72,-142.875,20.368,72.406,131.575,134.465,128.5,201.17,97.83,177.91,135.09
3641,605241.138575,55.697,75,-142.813,18.967,73.729,130.827,135.493,128.55,199.24,99.57,177.09,136.13
3642,605241.141982,55.766,74,-143.149,20.406,73.645,130.907,134.355,128.09,201.17,99.5,176.88,135.01
3643,605241.1457,56.596,69,-142.616,19.585,72.186,131.12,134.685,128.77,200.05,97.53,177.29,135.34
3644,605241.149175,55.695,73,-142.39,18.537,73.757,130.869,135.473,129.1,198.63,99.65,177.01,136.11
3645,605241.15395,55.75,76,-142.829,19.887,73.496,130.59,134.305,128.49,200.45,99.26,176.75,134.94
3646,605241.162769,56.516,73,-141.946,18.906,72.268,130.991,134.819,129.69,199.13,97.67,177.18,135.43
3647,605241.165186,55.855,72,-141.821,17.753,73.537,131.015,135.493,129.87,197.6,99.35,177.34,136.12
3648,605241.169529,55.841,71,-142.589,19.464,73.49,130.885,134.507,128.83,199.89,99.28,177.05,135.12
3649,605241.173064,56.705,72,-142.333,18.834,72.079,131.305,134.85,129.07,198.96,97.4,177.43,135.51
3650,605241.177619,55.654,73,-142.319,17.814,73.897,130.98,135.488,129.16,197.63,99.82,177.27,136.14
3651,605241.181282,55.732,74,-143.451,19.675,73.679,130.854,134.374,127.65,200.14,99.55,176.86,135.02
3652,605241.189818,56.6,73,-143.362,19.277,72.29,131.321,134.734,127.8,199.64,97.66,177.57,135.36
3653,605241.193979,55.668,73,-143.331,18.528,74.129,131.438,135.405,127.81,198.62,100.06,177.95,136.08
3654,605241.19696,55.509,73,-144.471,20.318,74.161,130.964,134.202,126.24,200.98,100.16,176.99,134.88
3655,605241.215436,55.328,75,-145.507,20.987,74.597,131.131,134.087,124.91,201.94,100.69,177.38,134.78
3656,605241.218449,56.336,71,-145.223,20.308,73.112,131.896,134.657,125.32,201.07,98.69,178.44,135.31
3657,605241.22133,55.316,72,-145.182,19.609,75.009,131.814,135.207,125.38,200.11,101.25,178.34,135.9
3658,605241.226195,55.286,75,-146.261,21.364,74.787,131.326,134.135,123.95,202.48,100.97,177.41,134.84
3659,605241.229789,56.343,70,-145.796,20.609,73.261,132.186,134.617,124.56,201.48,98.88,178.8,135.27
3660,605241.237878,55.44,70,-145.526,19.885,74.963,132.146,134.999,124.92,200.48,101.18,178.75,135.67
3661,605241.241991,55.296,77,-145.978,21.246,74.612,131.052,133.869,124.28,202.28,100.74,177.05,134.56
3662,605241.245286,56.333,70,-145.049,20.44,73.288,132.203,134.683,125.54,201.23,98.9,178.97,135.34
3663,605241.24922,55.315,71,-144.616,19.178,74.952,131.71,135.024,126.11,199.5,101.21,178.06,135.71
3664,605241.254152,55.273,74,-145.018,20.584,74.637,131.021,134.179,125.54,201.36,100.78,177.14,134.85
3665,605241.258187,56.695,67,-144.239,20.157,72.836,132.648,134.682,126.58,200.81,98.34,179.41,135.33
3666,605241.265743,55.175,73,-143.91,18.675,74.968,131.278,134.946,127.09,198.85,101.24,177.63,135.61
3667,605241.269437,55.283,78,-144.125,20.091,74.276,130.417,133.781,126.76,200.73,100.3,176.46,134.46
3668,605241.273403,56.08,69,-143.553,19.448,73.018,130.847,134.789,127.42,199.78,98.63,176.74,135.5
3669,605241.278438,55.034,76,-142.904,18.327,75.014,130.892,135.024,128.39,198.32,101.32,177.14,135.68
3670,605241.282171,55.445,76,-143.188,19.748,74.009,130.482,133.652,128.04,200.28,99.98,176.48,134.33
3671,605241.2901,56.477,69,-142.341,19.131,72.733,131.698,134.541,129.23,199.48,98.36,178.03,135.16
3672,605241.301512,56.548,69,-142.139,19.233,72.585,131.677,134.74,129.43,199.59,98.03,178.34,135.36
3673,605241.30555,55.353,72,-141.965,18.332,74.541,131.115,134.759,129.64,198.31,100.76,177.18,135.38
3674,605241.31416,55.585,76,-143.01,20.101,73.81,130.596,133.703,128.3,200.78,99.69,176.75,134.35
3675,605241.317547,56.477,69,-142.766,19.81,72.676,131.594,134.569,128.52,200.31,98.17,177.91,135.23
3676,605241.322309,55.297,71,-142.353,19.149,74.772,131.335,134.68,129.13,199.44,101.0,177.73,135.35
3677,605241.325237,55.268,72,-143.342,21.13,74.166,130.174,133.266,127.86,202.2,100.15,176.13,133.9
3678,605241.330058,56.477,67,-143.225,20.616,72.843,131.898,134.633,127.97,201.46,98.37,178.37,135.31
3679,605241.333069,55.234,72,-142.949,19.719,74.906,131.363,134.504,128.31,200.22,101.18,177.57,135.24
3680,605241.341767,55.419,74,-144.066,21.432,74.191,130.715,133.34,126.87,202.57,100.16,176.97,134.01
3681,605241.345861,56.423,69,-144.104,21.141,73.056,132.094,134.635,126.74,202.13,98.64,178.59,135.31
3682,605241.348981,55.238,74,-144.027,20.32,75.045,131.621,134.448,126.91,201.05,101.34,177.99,135.14
3683,605241.354288,55.268,73,-145.153,21.859,74.412,130.609,133.279,125.44,203.21,100.41,176.67,133.9
3684,605241.35697,56.201,68,-145.224,21.11,73.229,131.641,134.598,125.32,202.16,98.84,178.06,135.26
3685,605241.366445,55.291,74,-145.004,20.204,75.064,131.828,134.565,125.63,200.92,101.32,178.35,135.25
3686,605241.369223,55.512,73,-146.108,21.636,74.408,131.408,133.339,124.11,202.82,100.42,177.75,134.03
3687,605241.374122,56.621,68,-145.749,21.037,72.967,132.625,134.47,124.58,202.0,98.47,179.4,135.1
3688,605241.381854,55.492,75,-146.301,21.306,74.217,131.003,133.196,123.86,202.38,100.17,177.19,133.9
3689,605241.388898,56.604,67,-145.852,20.79,72.976,132.583,134.686,124.46,201.71,98.46,179.47,135.34
3690,605241.394887,55.549,72,-145.387,19.372,74.678,132.008,134.459,125.08,199.74,100.87,178.3,135.15
3691,605241.397599,55.811,75,-146.15,20.716,73.589,130.958,133.299,124.11,201.59,99.44,176.88,134.0
3692,605241.401309,56.37,69,-145.83,20.119,72.891,131.613,134.865,124.45,200.75,98.38,177.97,135.52
3693,605241.406847,55.849,70,-145.15,18.806,74.141,132.071,134.537,125.4,199.0,100.07,178.77,135.21
3694,605241.409502,56.147,74,-145.649,20.068,73.011,131.063,133.34,124.74,200.72,98.55,177.38,134.01
3695,605241.417518,56.424,70,-145.266,19.675,72.626,131.32,134.966,125.11,200.1,98.04,177.34,135.71
3696,605241.422468,55.887,71,-144.303,18.302,73.929,131.822,134.609,126.51,198.3,99.84,178.33,135.28
3697,605241.425191,56.17,76,-144.596,19.668,72.743,130.661,133.494,126.22,200.18,98.38,176.56,134.19
3698,605241.430034,56.673,68,-144.247,19.464,72.385,131.749,135.186,126.66,199.97,97.75,178.07,135.81
3699,605241.433071,55.9,70,-143.378,18.104,73.671,131.406,134.853,127.77,198.05,99.53,177.67,135.49
3700,605241.44172,56.347,76,-143.624,19.536,72.367,130.586,133.628,127.45,200.0,97.72,176.8,134.27
3701,605241.445756,56.666,70,-143.398,19.478,72.119,131.238,135.356,127.75,199.95,97.35,177.66,135.96
3702,605241.449074,56.074,70,-142.477,18.367,73.554,131.789,134.79,128.99,198.4,99.44,177.95,135.43
3703,605241.453449,56.265,75,-143.144,19.897,72.454,130.466,133.7,128.1,200.46,97.91,176.62,134.36
3704,605241.469822,56.392,75,-142.81,20.525,72.358,130.726,133.868,128.56,201.36,97.72,176.96,134.49
3705,605241.474181,56.578,72,-142.678,20.555,72.35,131.353,135.497,128.71,201.38,97.72,177.69,136.09
3706,605241.477333,55.954,71,-142.087,19.392,73.746,131.722,135.115,129.51,199.8,99.63,178.18,135.72
3707,605241.482796,56.531,72,-143.033,20.825,72.328,131.152,134.009,128.25,201.75,97.71,177.39,134.66
3708,605241.485065,56.457,72,-143.179,20.951,72.587,131.364,135.486,128.01,201.88,98.05,177.55,136.11
3709,605241.49349,55.88,72,-142.72,19.793,73.95,131.836,135.191,128.68,200.37,99.86,178.44,135.82
3710,605241.497534,56.033,73,-143.881,21.084,73.023,130.697,134.072,127.15,202.15,98.61,176.78,134.69
3711,605241.501568,56.409,74,-144.058,20.886,72.74,131.476,135.517,126.83,201.79,98.2,177.9,136.13
3712,605241.505069,55.672,73,-143.818,19.726,74.346,131.834,135.227,127.22,200.26,100.43,178.16,135.87
3713,605241.510078,55.985,76,-145.168,21.037,73.357,131.132,134.08,125.44,202.11,99.03,177.24,134.69
3714,605241.517492,56.414,70,-145.142,20.563,72.962,131.893,135.357,125.39,201.36,98.47,178.44,135.98
3715,605241.521897,55.595,72,-144.792,19.262,74.603,132.03,135.118,125.88,199.61,100.8,178.21,135.79
3716,605241.525762,55.974,74,-146.139,20.592,73.495,131.342,133.908,124.16,201.45,99.3,177.47,134.63
3717,605241.52934,56.081,70,-146.024,20.389,73.596,131.889,135.536,124.23,201.16,99.28,178.56,136.2
3718,605241.534357,55.521,73,-145.64,18.843,74.741,132.026,135.029,124.72,199.01,100.94,178.32,135.71
3719,605241.537435,55.847,74,-146.825,20.059,73.547,131.006,133.88,123.14,200.69,99.21,177.38,134.56
3720,605241.554262,55.873,75,-147.175,19.794,73.475,130.964,133.755,122.69,200.34,99.14,177.2,134.45
3721,605241.558395,55.699,75,-147.127,19.556,73.955,131.233,135.314,122.77,200.04,99.84,177.11,135.93
3722,605241.563332,55.458,70,-146.11,18.506,74.847,132.004,134.721,124.12,198.59,101.06,178.38,135.38
3723,605241.570001,55.856,76,-146.763,19.921,73.486,130.927,133.675,123.22,200.5,99.14,177.27,134.35
3724,605241.57358,55.579,73,-146.565,19.665,74.1,131.088,135.298,123.47,200.13,99.99,177.3,135.98
3725,605241.577551,55.373,71,-145.26,18.671,74.938,131.879,134.685,125.23,198.79,101.17,178.38,135.38
3726,605241.581338,55.87,77,-145.519,20.286,73.297,130.638,133.674,124.93,201.03,98.99,176.52,134.36
3727,605241.586079,55.738,73,-145.21,20.238,74.013,131.467,135.263,125.32,200.95,99.87,178.0,135.93
3728,605241.594511,55.396,72,-143.983,18.984,74.784,131.685,134.725,127.0,199.26,100.98,178.18,135.4
3729,605241.597452,56.035,72,-144.277,20.506,73.05,130.752,133.687,126.61,201.35,98.67,176.72,134.37
3730,605241.602972,55.637,72,-143.931,20.664,74.109,131.297,135.189,127.02,201.49,100.04,177.7,135.82
3731,605241.605154,55.38,71,-142.737,19.357,74.773,131.611,134.627,128.62,199.73,100.99,178.11,135.29
3732,605241.610327,56.069,73,-143.126,20.643,72.933,130.658,133.605,128.12,201.5,98.48,176.93,134.25
3733,605241.613549,55.555,76,-143.012,20.677,73.968,130.775,135.004,128.24,201.53,99.85,177.08,135.67
3734,605241.622271,55.357,73,-141.903,19.411,74.678,131.37,134.564,129.78,199.85,100.88,177.81,135.2
3735,605241.625043,56.211,73,-142.463,20.666,72.61,130.561,133.474,129.01,201.54,98.06,176.81,134.11
3736,605241.635064,55.526,72,-141.632,19.367,74.442,131.517,134.308,130.08,199.71,100.6,177.88,134.94
3737,605241.639145,56.107,74,-142.409,20.695,72.613,130.215,133.445,129.11,201.6,98.09,176.22,134.08
3738,605241.646425,55.571,77,-142.66,20.635,73.883,130.678,134.78,128.76,201.51,99.77,176.9,135.42
3739,605241.649782,55.531,71,-141.871,19.522,74.481,131.6,134.31,129.79,199.95,100.62,178.13,134.94
3740,605241.653469,56.038,73,-142.722,20.822,72.797,130.31,133.363,128.67,201.75,98.31,176.46,134.0
3741,605241.656914,55.536,76,-143.121,20.814,74.02,130.802,134.849,128.11,201.71,99.94,177.06,135.49
3742,605241.662985,55.401,72,-142.481,19.614,74.693,131.54,134.254,129.01,200.12,100.89,178.02,134.9
3743,605241.670411,55.965,72,-143.53,20.882,72.954,130.343,133.234,127.58,201.83,98.56,176.17,133.9
3744,605241.673831,55.59,77,-144.088,20.668,73.919,130.806,134.852,126.83,201.53,99.77,177.13,135.51
3745,605241.677856,55.283,75,-143.709,19.611,74.881,131.48,134.104,127.34,200.1,101.1,178.02,134.77
3746,605241.681333,56.096,71,-145.0,20.751,72.881,130.658,132.95,125.61,201.65,98.38,176.83,133.61
3747,605241.68551,55.515,76,-145.405,20.331,74.171,131.001,134.665,125.07,201.07,100.13,177.15,135.34
3748,605241.693714,55.307,75,-144.981,19.117,74.954,131.686,134.045,125.66,199.45,101.2,178.13,134.74
3749,605241.697432,56.096,73,-146.284,20.305,72.976,130.828,132.957,123.94,201.09,98.52,176.82,133.63
3750,605241.70234,55.35,76,-146.692,19.978,74.441,130.927,134.556,123.34,200.59,100.43,177.19,135.25
3751,605241.705333,55.194,76,-145.877,18.721,75.115,131.594,133.967,124.41,198.87,101.37,178.03,134.69
3752,605241.713102,55.301,77,-147.113,19.731,74.495,130.861,134.727,122.78,200.25,100.53,176.9,135.41
3753,605241.723101,55.424,73,-146.064,18.409,74.789,131.787,133.899,124.19,198.45,100.99,178.1,134.59
3754,605241.726028,56.797,62,-146.335,20.372,71.389,130.364,132.174,123.84,201.2,96.32,176.27,132.79
3755,605241.72941,55.395,73,-146.751,19.662,74.411,131.026,134.639,123.26,200.16,100.39,177.34,135.33
3756,605241.734837,55.304,72,-145.408,18.53,74.945,131.662,134.015,125.03,198.59,101.2,178.0,134.71
3757,605241.737263,56.805,68,-145.595,19.86,71.816,131.172,133.125,124.91,200.55,97.02,177.04,133.75
3758,605241.746113,55.349,73,-145.731,19.856,74.474,130.984,134.651,124.64,200.45,100.47,177.41,135.33
3759,605241.749504,55.426,72,-144.228,18.783,74.705,131.645,134.017,126.63,198.94,100.89,178.09,134.68
3760,605241.753529,56.808,69,-144.49,19.976,71.776,131.109,133.124,126.25,200.59,96.89,177.37,133.81
3761,605241.75714,55.358,76,-144.57,20.201,74.309,130.724,134.733,126.18,200.9,100.29,177.01,135.4
3762,605241.763018,55.281,72,-143.124,19.052,74.679,131.118,134.099,128.02,199.27,100.86,177.19,134.84
3763,605241.765961,57.089,67,-143.314,20.284,71.374,131.363,133.272,127.87,201.03,96.38,177.82,133.89
3764,605241.773814,55.592,71,-143.411,20.508,74.103,131.137,134.647,127.74,201.31,100.08,177.37,135.3
3765,605241.777335,55.579,71,-142.094,19.219,74.295,131.434,134.033,129.54,199.59,100.37,177.87,134.69
3766,605241.781234,56.923,71,-142.481,20.339,71.331,130.697,133.312,129.04,201.17,96.37,176.7,133.9
3767,605241.785692,55.619,74,-142.9,20.306,73.85,130.778,134.547,128.44,201.07,99.73,177.02,135.19
3768,605241.789615,55.664,71,-141.804,18.984,74.122,131.41,134.017,129.92,199.27,100.15,177.85,134.67
3769,605241.801948,55.625,72,-143.056,20.272,73.631,130.41,134.501,128.24,201.06,99.45,176.24,135.1
3770,605241.806561,55.549,74,-142.395,18.804,74.162,131.098,134.027,129.1,198.97,100.29,177.16,134.72
3771,605241.809357,57.082,69,-143.239,19.886,71.041,130.725,133.377,128.05,200.54,95.93,176.76,134.04
3772,605241.815104,55.685,76,-143.964,19.897,73.666,130.672,134.613,127.01,200.46,99.56,176.67,135.3
3773,605241.822407,55.676,73,-143.161,18.653,74.161,131.521,133.988,128.1,198.82,100.18,177.97,134.66
3774,605241.826414,57.126,63,-143.947,20.282,70.673,130.205,132.857,127.03,201.07,95.4,176.16,133.45
3775,605241.82977,55.557,75,-144.85,19.902,73.928,130.709,134.621,125.78,200.47,99.8,176.86,135.28
3776,605241.832998,55.577,74,-144.118,18.788,74.262,131.366,134.011,126.8,199.0,100.26,177.78,134.65
3777,605241.83807,57.185,67,-145.133,19.894,71.054,131.113,133.395,125.5,200.54,96.06,176.96,133.98
3778,605241.841362,55.603,74,-145.778,20.032,74.035,131.055,134.575,124.59,200.68,99.92,177.3,135.27
3779,605241.849851,55.656,73,-145.139,19.001,74.305,131.71,133.857,125.45,199.29,100.33,178.15,134.55
3780,605241.853753,56.915,69,-145.935,20.293,71.215,130.458,133.112,124.34,201.14,96.21,176.33,133.67
3781,605241.85716,55.589,75,-146.644,20.23,74.113,131.144,134.492,123.35,200.92,99.96,177.41,135.23
3782,605241.862694,55.669,71,-145.799,19.356,74.455,132.019,133.802,124.57,199.77,100.52,178.54,134.48
3783,605241.864858,57.091,66,-146.404,20.644,71.132,130.924,133.347,123.74,201.54,95.98,177.1,133.98
3784,605241.874207,55.469,74,-147.031,20.497,74.328,131.125,134.57,122.88,201.3,100.26,177.46,135.27
3785,605241.877429,55.689,73,-145.934,19.416,74.352,131.905,133.898,124.37,199.83,100.4,178.27,134.56
3786,605241.890428,55.747,73,-145.557,19.32,74.164,131.764,133.986,124.89,199.73,100.12,178.22,134.66
3787,605241.898502,57.391,65,-145.725,20.541,70.698,131.191,133.667,124.67,201.45,95.4,177.35,134.24
3788,605241.901422,55.556,76,-146.14,20.408,74.114,131.035,134.637,124.12,201.23,100.04,177.04,135.35
3789,605241.906317,55.885,71,-144.707,18.986,73.945,131.844,134.132,126.03,199.28,99.85,178.34,134.79
3790,605241.908753,57.35,66,-144.595,20.299,70.516,130.704,133.795,126.15,201.08,95.18,176.86,134.4
3791,605241.914497,55.68,74,-145.036,20.225,73.885,131.047,134.856,125.59,200.95,99.77,177.1,135.52
3792,605241.917094,55.899,73,-143.601,18.849,73.714,131.477,134.168,127.47,199.04,99.61,177.67,134.83
3793,605241.925466,57.502,64,-143.596,19.986,70.276,130.803,133.966,127.49,200.66,94.87,177.03,134.55
3794,605241.93082,55.768,73,-144.072,19.935,73.708,131.026,134.742,126.81,200.49,99.54,177.21,135.39
3795,605241.932918,55.823,76,-142.737,18.536,73.624,131.061,134.292,128.55,198.6,99.43,177.25,135.03
3796,605241.938789,57.77,65,-143.423,18.68,70.72,132.603,134.92,127.7,198.84,95.48,179.6,135.52
3797,605241.941487,55.678,75,-143.354,19.584,73.704,130.717,134.945,127.83,200.08,99.52,176.94,135.61
3798,605241.950533,55.782,75,-142.145,18.383,73.625,130.924,134.371,129.41,198.44,99.47,177.09,135.05
3799,605241.953852,57.502,65,-142.65,18.965,70.699,131.592,134.758,128.81,199.36,95.49,177.68,135.28
3800,605241.95754,55.663,75,-143.025,19.643,73.742,130.736,135.007,128.3,200.21,99.62,176.61,135.59
3801,605241.961313,55.794,74,-142.012,18.546,73.647,131.002,134.351,129.6,198.63,99.54,177.24,135.02
3802,605241.978346,55.749,73,-142.353,19.013,73.888,131.281,134.377,129.18,199.31,99.86,177.46,135.03
3803,605241.982001,57.652,62,-143.421,19.086,71.188,133.047,135.436,127.79,199.48,96.16,179.84,136.04
3804,605241.985404,55.633,74,-143.616,20.633,74.007,131.104,134.88,127.49,201.5,99.92,177.44,135.54
3805,605241.990051,55.519,76,-142.856,19.685,74.229,131.117,134.243,128.47,200.18,100.26,177.47,134.89
3806,605241.993684,57.188,61,-143.375,20.947,70.943,130.919,134.288,127.79,201.96,95.75,177.21,134.87
3807,605242.001859,55.502,73,-144.155,21.092,74.353,131.277,134.745,126.72,202.07,100.42,177.43,135.41
3808,605242.00558,55.505,76,-143.447,19.987,74.436,131.435,134.251,127.68,200.61,100.53,177.75,134.96
3809,605242.009401,57.063,63,-144.669,19.917,72.006,132.431,135.428,126.13,200.57,97.19,179.2,136.09
3810,605242.013121,55.285,74,-144.862,21.224,74.706,131.18,134.735,125.84,202.32,100.86,177.39,135.42
3811,605242.017994,55.522,75,-144.257,19.952,74.615,131.806,134.095,126.63,200.59,100.75,178.33,134.75
3812,605242.025972,56.622,60,-145.008,19.781,72.737,132.209,135.136,125.67,200.35,98.31,178.77,135.78
3813,605242.029918,55.139,76,-145.639,20.96,74.942,131.114,134.622,124.75,201.92,101.11,177.5,135.31
3814,605242.033233,55.455,75,-144.945,19.54,74.629,131.608,133.962,125.7,200.0,100.78,177.91,134.65
3815,605242.037124,57.141,63,-145.631,20.274,71.38,131.557,134.387,124.74,201.01,96.34,177.9,135.02
3816,605242.041691,55.291,73,-146.331,20.397,74.865,131.477,134.421,123.81,201.13,101.03,177.84,135.1
3817,605242.045285,55.479,75,-145.411,19.012,74.52,131.496,133.865,125.11,199.28,100.74,177.59,134.56
3818,605242.053499,57.54,61,-146.479,18.751,71.811,133.796,135.219,123.56,198.89,96.86,181.35,135.86
3819,605242.061775,55.423,74,-145.447,18.601,74.476,131.234,133.808,125.01,198.72,100.54,177.61,134.5
3820,605242.066656,57.531,60,-146.268,18.449,71.672,133.504,135.224,123.87,198.5,96.74,180.58,135.84
3821,605242.069222,55.441,72,-146.254,19.54,74.565,131.451,134.432,123.93,200.0,100.66,177.67,135.15
3822,605242.078499,55.699,73,-145.03,18.398,74.131,131.545,133.741,125.57,198.45,100.08,178.03,134.42
3823,605242.081368,57.236,64,-145.062,19.611,70.837,130.894,134.056,125.52,200.13,95.61,177.11,134.67
3824,605242.08616,55.325,75,-145.551,19.544,74.571,131.073,134.403,124.9,200.02,100.66,177.3,135.1
3825,605242.088945,55.759,73,-144.263,18.575,73.914,131.361,133.614,126.6,198.69,99.85,177.58,134.3
3826,605242.09385,57.243,65,-144.305,19.836,70.705,130.676,134.039,126.49,200.41,95.5,176.44,134.63
3827,605242.102183,55.622,71,-144.747,19.927,74.287,131.562,134.309,125.98,200.55,100.34,177.74,134.97
3828,605242.105279,55.802,74,-143.428,18.997,73.772,131.256,133.554,127.7,199.24,99.65,177.59,134.2
3829,605242.109763,57.344,62,-143.438,20.125,70.688,131.002,134.248,127.66,200.79,95.48,177.07,134.83
3830,605242.113201,55.535,72,-143.735,20.56,74.278,131.255,134.25,127.29,201.36,100.29,177.62,134.9
3831,605242.11864,55.852,74,-142.466,19.674,73.662,131.229,133.616,129.01,200.19,99.49,177.7,134.26
3832,605242.121221,56.713,64,-142.698,19.687,72.277,131.694,135.212,128.68,200.19,97.65,178.26,135.83
3833,605242.129666,55.675,73,-143.023,21.151,74.041,131.303,134.322,128.26,202.2,99.97,177.67,134.99
3834,605242.133827,56.054,72,-141.772,20.094,73.428,131.493,133.738,129.94,200.76,99.18,178.09,134.37
3835,605242.136835,56.928,65,-142.531,19.795,71.887,131.736,135.713,128.85,200.31,97.1,178.21,136.35
3836,605242.154432,56.744,64,-142.474,19.756,72.289,131.823,135.41,129.0,200.3,97.7,178.2,136.05
3837,605242.157744,55.687,68,-142.945,21.505,73.996,131.266,134.153,128.43,202.78,99.92,177.4,134.71
3838,605242.161902,55.938,75,-142.544,20.071,73.61,131.425,133.669,128.9,200.73,99.41,177.98,134.31
3839,605242.165061,56.789,64,-143.254,19.649,72.188,131.797,135.437,127.95,200.16,97.48,178.49,136.05
3840,605242.170975,55.835,71,-143.768,20.995,74.068,131.892,134.292,127.26,201.98,99.98,178.61,134.95
3841,605242.179357,55.842,70,-143.039,19.85,73.465,130.844,133.471,128.26,200.45,99.25,176.88,134.1
3842,605242.1816,57.349,64,-144.195,19.185,71.556,132.627,135.601,126.67,199.53,96.59,179.62,136.22
3843,605242.185836,55.845,71,-144.515,20.381,74.014,131.831,134.399,126.31,201.19,99.95,178.24,135.07
3844,605242.188817,56.07,72,-143.937,19.111,73.344,131.398,133.548,127.04,199.42,99.09,177.64,134.23
3845,605242.194964,57.127,66,-144.912,18.529,71.811,132.301,135.658,125.66,198.59,96.96,178.89,136.33
3846,605242.202354,55.989,69,-145.249,19.76,73.857,132.041,134.34,125.3,200.32,99.7,178.62,135.02
3847,605242.205337,56.142,72,-144.493,18.594,73.058,131.131,133.623,126.26,198.71,98.69,177.17,134.25
3848,605242.210311,56.78,64,-145.36,17.937,72.149,131.695,135.553,125.25,197.89,97.58,177.92,136.13
3849,605242.213203,55.967,70,-145.846,19.276,73.835,131.927,134.403,124.45,199.61,99.67,178.42,135.06
3850,605242.218726,56.135,75,-145.039,18.056,73.089,131.163,133.638,125.53,197.97,98.7,177.4,134.31
3851,605242.221644,57.111,70,-145.947,17.509,71.763,132.156,135.704,124.34,197.28,96.9,178.61,136.32
3852,605242.230732,56.02,70,-146.206,19.162,73.674,131.82,134.268,124.04,199.53,99.47,178.15,134.96
3853,605242.242267,55.878,72,-145.798,19.555,73.883,131.709,134.407,124.58,200.07,99.78,177.77,135.03
3854,605242.245442,56.138,75,-144.715,18.709,73.103,131.198,133.658,125.96,198.85,98.73,177.45,134.33
3855,605242.254772,56.725,68,-145.039,18.508,72.194,131.584,135.68,125.57,198.61,97.51,177.92,136.32
3856,605242.257372,55.866,72,-145.222,20.295,73.902,131.703,134.451,125.31,201.02,99.78,178.08,135.1
3857,605242.262098,56.081,74,-143.758,19.646,73.18,131.141,133.62,127.25,200.13,98.84,177.42,134.28
3858,605242.26524,56.927,70,-144.142,19.3,72.092,132.105,135.941,126.81,199.73,97.39,178.69,136.51
3859,605242.27096,55.884,71,-144.076,21.271,73.878,131.721,134.381,126.84,202.35,99.76,178.13,135.04
3860,605242.273385,56.183,73,-142.581,20.484,73.086,131.321,133.826,128.85,201.29,98.7,177.82,134.46
3861,605242.281508,56.742,68,-143.087,19.97,72.175,131.609,136.085,128.18,200.63,97.44,178.11,136.69
3862,605242.285695,55.941,71,-142.974,22.0,73.809,131.792,134.547,128.32,203.34,99.68,178.27,135.19
3863,605242.289122,56.233,73,-141.691,20.973,73.035,131.402,133.8,130.08,201.94,98.73,177.91,134.41
3864,605242.294679,56.852,70,-142.137,20.447,72.189,132.021,135.948,129.53,201.38,97.47,178.43,136.5
3865,605242.297085,55.899,73,-142.33,22.27,73.718,131.484,134.513,129.17,203.68,99.54,178.01,135.13
3866,605242.305722,56.117,73,-141.211,21.172,73.163,131.234,133.96,130.72,202.25,98.85,177.64,134.57
3867,605242.30963,56.783,71,-141.805,20.507,72.095,131.606,135.972,129.89,201.39,97.27,178.25,136.53
3868,605242.313555,55.99,70,-142.068,22.028,73.75,131.853,134.515,129.54,203.38,99.57,178.63,135.14
3869,605242.317108,56.082,75,-141.196,20.883,73.12,131.037,133.94,130.73,201.85,98.79,177.38,134.56
3870,605242.334346,56.224,72,-141.487,20.267,72.921,131.165,134.135,130.3,200.98,98.57,177.3,134.74
3871,605242.337578,56.427,72,-142.116,19.566,72.567,131.223,136.027,129.46,200.04,97.98,177.79,136.64
3872,605242.341348,55.92,71,-142.757,21.038,73.676,131.482,134.561,128.61,202.03,99.52,177.84,135.22
3873,605242.346539,56.171,74,-142.09,19.684,72.933,131.005,134.025,129.51,200.21,98.55,177.2,134.66
3874,605242.350039,56.317,71,-142.776,18.895,72.607,130.917,135.929,128.56,199.11,98.06,177.24,136.56
3875,605242.358385,55.903,72,-143.682,20.373,73.762,131.577,134.684,127.35,201.1,99.59,178.08,135.32
3876,605242.361445,56.065,74,-143.283,19.111,73.064,130.88,134.022,127.93,199.44,98.69,177.1,134.68
3877,605242.365044,56.383,75,-144.129,18.376,72.523,130.994,136.014,126.76,198.43,97.89,177.4,136.65
3878,605242.37033,55.806,72,-145.011,19.798,73.911,131.515,134.505,125.59,200.35,99.76,178.05,135.17
3879,605242.373153,56.21,75,-144.751,18.663,72.942,131.156,133.877,125.97,198.86,98.5,177.35,134.51
3880,605242.383395,56.133,70,-145.476,17.933,73.049,131.086,135.877,124.96,197.82,98.59,177.46,136.53
3881,605242.385039,55.744,72,-146.338,19.47,74.201,131.82,134.513,123.85,199.95,100.12,178.41,135.2
3882,605242.389928,56.234,74,-145.647,18.632,72.96,131.269,133.653,124.76,198.79,98.56,177.3,134.33
3883,605242.393353,56.113,72,-146.359,17.992,73.144,131.187,136.079,123.72,197.88,98.66,177.49,136.77
3884,605242.398023,55.607,71,-146.821,19.751,74.41,131.731,134.466,123.17,200.27,100.43,178.05,135.16
3885,605242.406348,56.211,76,-145.654,18.962,73.011,131.284,133.576,124.73,199.22,98.56,177.64,134.25
3886,605242.418071,56.172,74,-145.138,19.675,73.221,131.526,133.8,125.45,200.21,98.87,177.89,134.48
3887,605242.421099,56.075,76,-145.433,19.344,73.268,131.28,136.117,125.01,199.74,98.86,177.76,136.77
3888,605242.426053,55.638,72,-145.479,21.189,74.395,131.806,134.509,124.92,202.18,100.43,178.17,135.18
3889,605242.4343,56.098,73,-144.067,20.391,73.275,131.369,133.943,126.86,201.16,98.93,177.84,134.6
3890,605242.438086,55.991,75,-144.238,19.964,73.376,131.187,136.179,126.62,200.58,99.02,177.68,136.82
3891,605242.441469,55.593,72,-144.293,21.781,74.398,131.663,134.663,126.58,203.06,100.42,178.18,135.32
3892,605242.446951,56.099,75,-142.787,21.033,73.279,131.382,133.95,128.62,202.09,98.96,177.72,134.55
3893,605242.449353,55.912,75,-142.911,20.495,73.392,130.95,136.118,128.42,201.32,99.08,177.3,136.75
3894,605242.458257,55.556,73,-143.032,22.133,74.241,131.262,134.574,128.25,203.54,100.22,177.57,135.18
3895,605242.46124,56.206,73,-141.745,21.078,73.13,131.481,134.03,130.0,202.11,98.79,177.97,134.67
3896,605242.466031,56.035,76,-142.028,20.322,73.238,131.091,136.007,129.58,201.07,98.87,177.63,136.62
3897,605242.469007,55.541,73,-142.238,21.963,74.122,131.001,134.611,129.33,203.31,100.09,177.36,135.25
3898,605242.474102,56.043,74,-141.208,20.867,73.208,131.064,134.18,130.67,201.78,98.9,177.42,134.79
3899,605242.477425,56.037,75,-141.549,20.029,73.144,130.928,136.005,130.22,200.67,98.76,177.41,136.62
3900,605242.486292,55.808,72,-141.858,21.606,73.817,131.355,134.448,129.85,202.83,99.7,177.82,135.09
3901,605242.489371,56.191,74,-141.037,20.57,72.948,131.103,134.085,130.9,201.38,98.57,177.47,134.69
3902,605242.493481,56.032,75,-141.473,19.755,73.084,130.805,136.068,130.32,200.3,98.68,177.25,136.68
3903,605242.511148,55.942,73,-141.747,19.375,73.252,130.799,135.96,129.96,199.78,98.96,177.0,136.6
3904,605242.513644,55.467,73,-142.403,20.718,74.188,130.87,134.394,129.11,201.61,100.25,176.89,135.04
3905,605242.517477,56.202,73,-141.859,19.685,72.888,131.031,134.061,129.82,200.2,98.5,177.23,134.69
3906,605242.520866,55.807,76,-142.652,18.808,73.448,130.694,135.956,128.72,199.0,99.16,176.99,136.61
3907,605242.526498,55.439,72,-143.482,20.412,74.424,131.194,134.393,127.64,201.18,100.47,177.66,135.06
3908,605242.53393,56.212,76,-143.104,19.387,72.877,131.046,133.809,128.18,199.84,98.44,177.28,134.43
3909,605242.537384,55.678,75,-143.924,18.532,73.729,130.763,135.815,127.04,198.63,99.52,177.09,136.47
3910,605242.541319,55.437,73,-144.652,20.33,74.498,131.316,134.078,126.0,201.0,100.6,177.44,134.77
3911,605242.544807,56.281,74,-144.151,19.377,72.863,131.257,133.504,126.75,199.78,98.39,177.66,134.16
3912,605242.55015,55.5,76,-144.464,18.52,74.12,130.862,134.841,126.34,198.64,100.08,177.07,135.5
3913,605242.553775,55.273,70,-144.689,20.68,74.943,131.555,132.63,126.01,201.51,101.2,177.91,133.3
3914,605242.561997,56.401,66,-144.67,22.054,72.636,131.261,131.189,126.08,203.43,98.08,177.57,131.85
3915,605242.565804,54.885,77,-144.448,21.908,75.352,130.996,132.258,126.42,203.25,101.77,177.1,132.96
3916,605242.569199,54.793,74,-142.806,23.159,75.91,131.668,130.472,128.59,204.9,102.58,177.98,131.15
3917,605242.574686,56.754,65,-141.848,25.191,72.115,131.54,128.986,129.92,207.74,97.44,177.88,129.59
3918,605242.57838,54.865,73,-141.362,25.909,75.812,131.731,130.006,130.58,208.67,102.48,178.04,130.69
3919,605242.594313,56.391,52,-135.041,28.857,74.078,133.831,127.663,138.84,212.6,100.13,180.86,128.41
3920,605242.596862,55.859,72,-131.324,30.624,73.982,131.821,126.465,144.03,215.06,100.16,178.57,127.05
3921,605242.601839,57.107,60,-129.62,31.211,71.455,131.577,127.671,146.28,215.84,96.78,178.21,128.23
3922,605242.610204,55.876,71,-127.784,32.161,73.969,131.857,126.705,148.89,217.22,100.2,178.66,127.25
3923,605242.613467,56.16,80,-124.597,32.938,72.987,131.067,125.465,153.1,218.23,98.91,177.79,125.98
3924,605242.617501,57.907,70,-122.394,33.861,69.916,131.595,125.483,156.12,219.47,94.92,178.44,125.88
3925,605242.621041,56.377,74,-121.548,34.01,72.623,131.153,126.036,157.24,219.71,98.46,177.92,126.52
3926,605242.625912,56.629,72,-119.682,34.547,72.337,131.508,124.688,159.79,220.47,98.1,178.53,125.14
3927,605242.629257,58.504,64,-118.448,35.23,68.896,131.876,124.589,161.41,221.38,93.44,178.97,124.97
3928,605242.637312,57.24,70,-118.76,34.463,71.319,131.798,125.104,161.0,220.34,96.7,179.08,125.54
3929,605242.642526,57.159,67,-118.942,35.265,71.075,131.062,124.076,160.68,221.38,96.4,177.78,124.56
3930,605242.644916,59.101,62,-119.18,35.973,67.704,131.842,123.126,160.43,222.41,91.82,178.88,123.54
3931,605242.650315,57.479,68,-120.508,35.194,70.765,131.629,124.242,158.58,221.3,95.94,178.57,124.73
3932,605242.65426,57.502,69,-122.376,35.219,70.423,131.076,122.845,156.08,221.33,95.47,177.76,123.36
3933,605242.662374,59.865,63,-123.913,35.184,66.679,132.815,122.094,154.11,221.35,90.37,180.11,122.57
3934,605242.665399,58.549,70,-125.523,34.305,69.351,132.914,122.657,151.81,220.05,94.03,179.94,123.14
3935,605242.674292,60.436,58,-129.498,33.846,65.36,132.469,121.374,146.58,219.51,88.53,179.39,121.89
3936,605242.678962,59.017,76,-132.777,31.853,68.391,132.853,121.525,142.1,216.7,92.73,179.63,122.03
3937,605242.686029,59.351,74,-136.128,30.512,67.721,132.845,120.373,137.63,214.93,91.69,179.75,120.94
3938,605242.689999,61.49,53,-137.753,29.911,63.766,133.594,121.942,135.41,214.12,86.32,180.78,122.47
3939,605242.693724,60.009,64,-139.832,28.601,66.478,132.991,120.303,132.67,212.34,89.99,179.69,120.88
3940,605242.697127,60.971,69,-142.314,26.453,64.621,133.17,119.3,129.32,209.41,87.48,179.86,119.89
3941,605242.702082,63.279,55,-142.873,25.669,60.572,134.713,120.991,128.57,208.41,81.92,181.97,121.49
3942,605242.710048,61.684,62,-143.774,24.515,62.973,132.76,119.3,127.35,206.79,85.25,178.97,119.83
3943,605242.713779,62.695,66,-145.478,22.609,61.441,133.941,118.887,125.07,204.14,83.3,180.51,119.45
3944,605242.718021,64.454,52,-145.763,22.092,58.015,134.534,121.12,124.61,203.41,78.7,181.15,121.67
3945,605242.720917,63.895,61,-146.794,21.207,59.394,134.978,119.657,123.23,202.28,80.39,181.9,120.25
3946,605242.726391,64.38,63,-146.7,20.727,57.786,133.641,118.971,123.43,201.64,78.29,179.74,119.56
3947,605242.730183,66.85,52,-148.653,20.375,53.091,135.043,121.582,120.75,201.18,71.82,182.05,122.13
3948,605242.737976,65.941,59,-146.912,21.219,55.98,137.314,119.567,123.07,202.3,75.77,185.07,120.11
3949,605242.740917,66.362,61,-145.851,22.052,54.321,135.477,119.287,124.59,203.47,73.57,182.48,119.77
3950,605242.745375,68.786,58,-143.731,24.208,49.09,135.664,119.675,127.46,206.46,66.45,183.04,120.13
3951,605242.748634,67.388,61,-144.157,23.545,52.968,137.761,120.003,126.82,205.5,71.78,185.1,120.51
3952,605242.762021,68.916,54,-142.756,25.852,48.104,133.718,121.652,128.61,208.63,65.11,180.68,122.11
3953,605242.766869,68.811,55,-140.725,27.199,49.899,138.054,120.729,131.54,210.56,67.57,185.95,121.18
3954,605242.769308,69.432,58,-137.635,29.537,48.482,138.003,119.844,135.55,213.63,65.63,186.92,120.31
3955,605242.777894,70.306,54,-136.04,31.356,47.343,140.483,121.141,137.61,216.1,64.1,189.73,121.6
3956,605242.781699,70.682,54,-132.831,32.594,46.137,139.463,120.761,142.08,217.88,62.49,188.63,121.15
3957,605242.789303,71.836,45,-133.508,32.234,42.375,135.936,123.536,141.01,217.28,57.48,183.66,123.92
3958,605242.793322,70.223,51,-129.497,35.241,45.519,134.527,121.68,146.51,221.47,61.64,182.28,122.03
3959,605242.796875,71.874,60,-129.059,34.312,43.565,140.034,121.853,147.13,220.21,59.0,189.91,122.22
3960,605242.801737,72.605,46,-129.172,33.629,40.391,135.104,124.472,146.77,219.22,54.71,183.44,124.78
3961,605242.806282,72.808,55,-126.915,34.411,42.62,144.193,122.372,149.99,220.34,57.74,195.59,122.72
3962,605242.813876,72.743,55,-126.53,35.194,40.84,137.665,121.924,150.51,221.44,55.26,186.92,122.25
3963,605242.817567,73.489,60,-126.205,34.425,39.67,139.583,123.933,150.95,220.39,53.74,189.51,124.26
3964,605242.821944,73.787,56,-126.17,32.746,39.327,140.855,124.136,150.99,218.09,53.3,191.1,124.49
3965,605242.825214,74.113,60,-125.918,32.043,38.267,139.793,123.302,151.42,217.19,51.89,189.57,123.62
3966,605242.830253,75.071,54,-127.411,31.477,36.305,140.925,124.723,149.28,216.37,49.15,191.65,125.06
3967,605242.837744,74.615,52,-127.686,32.458,37.406,140.99,124.537,148.99,217.74,50.72,190.84,124.86
3968,605242.849471,75.644,53,-130.855,30.338,35.757,144.208,125.799,144.67,214.85,48.41,195.66,126.15
3969,605242.853564,75.458,51,-133.14,29.513,35.709,142.215,125.913,141.61,213.74,48.32,192.85,126.27
3970,605242.857616,76.655,54,-135.584,28.029,33.392,144.671,126.801,138.28,211.69,45.16,196.12,127.16
3971,605242.866739,76.033,48,-136.721,27.627,34.717,143.838,127.105,136.58,211.03,46.99,194.06,127.48
3972,605242.869312,75.304,56,-140.73,26.35,34.534,136.131,127.381,131.27,209.35,46.66,184.19,127.8
3973,605242.873631,77.067,58,-140.93,26.558,32.588,145.608,127.85,131.07,209.68,44.02,197.44,128.22
3974,605242.878843,76.82,47,-140.941,26.492,33.523,147.022,128.142,131.09,209.62,45.32,199.43,128.56
3975,605242.88136,76.568,42,-143.551,26.05,33.219,143.007,127.946,127.27,208.76,44.85,193.58,128.37
3976,605242.890231,77.157,47,-145.945,24.901,31.516,141.783,129.148,123.84,207.1,42.57,189.86,129.66
3977,605242.893486,77.174,49,-145.446,24.623,32.378,145.858,129.378,124.94,207.01,43.7,197.31,129.77
3978,605242.89778,76.23,49,-147.898,23.82,32.365,135.968,129.099,121.54,205.91,43.56,184.14,129.61
3979,605242.901029,78.311,50,-146.58,25.283,30.364,149.865,129.897,123.5,207.98,40.94,203.45,130.3
3980,605242.90671,77.252,48,-146.169,24.801,31.723,143.759,130.262,124.15,207.43,42.83,193.81,130.64
3981,605242.914333,78.045,49,-145.781,25.657,30.866,149.01,129.9,124.61,208.53,41.64,202.28,130.31
3982,605242.917428,78.464,48,-146.168,25.406,29.691,148.461,131.12,124.02,208.14,40.03,201.46,131.52
3983,605242.92137,77.757,41,-145.013,25.276,30.559,144.104,131.258,125.85,208.25,41.25,194.14,131.57
3984,605242.931202,77.843,47,-141.385,28.229,29.115,138.254,131.746,130.42,212.0,39.29,187.15,132.07
3985,605242.934949,78.292,46,-143.251,24.265,30.023,147.949,132.554,127.93,206.6,40.53,200.61,132.91
3986,605242.942108,77.804,47,-143.075,23.755,28.919,136.89,132.668,128.07,205.86,39.01,185.63,133.09
3987,605242.946166,78.972,50,-138.549,26.851,28.334,148.124,133.144,134.28,210.16,38.25,200.75,133.45
3988,605242.948832,78.388,46,-137.35,26.045,29.178,144.957,133.694,135.89,209.09,39.4,196.47,134.0
3989,605242.954242,77.207,43,-135.67,26.628,28.971,130.838,133.591,137.96,209.73,39.16,177.5,133.99
3990,605242.957505,78.437,54,-132.735,28.327,28.844,143.901,134.166,142.19,212.29,38.96,195.15,134.43
3991,605242.965516,78.283,46,-131.884,27.067,29.296,144.266,134.679,143.35,210.62,39.61,195.05,134.92
3992,605242.969839,78.543,43,-130.698,27.291,28.825,145.125,134.194,144.69,210.65,38.96,197.06,134.5
3993,605242.973222,78.507,45,-128.618,28.511,29.06,145.853,134.935,147.72,212.49,39.38,197.49,135.19
3994,605242.977348,77.493,47,-126.478,29.645,29.922,138.174,135.005,150.65,214.31,40.28,188.01,135.1
3995,605242.98266,77.184,48,-129.797,25.42,30.288,136.54,135.777,145.84,208.17,40.98,185.3,136.19
3996,605242.986678,77.245,52,-124.791,29.574,30.177,136.685,135.484,152.7,213.83,40.83,185.71,135.69
3997,605242.993954,77.703,50,-127.056,26.223,31.513,147.96,136.423,149.59,209.2,42.62,201.6,136.68
3998,605242.997299,77.317,48,-126.753,26.678,31.998,145.739,135.797,150.07,209.88,43.28,198.37,136.06
3999,605243.001037,77.691,45,-127.771,25.602,31.313,146.881,136.697,148.67,208.41,42.35,199.91,136.96
4000,605243.010124,76.565,51,-128.816,25.839,33.486,144.125,136.513,147.16,208.62,45.28,195.58,136.82
4001,605243.018415,76.603,54,-130.491,24.719,33.097,142.842,137.404,144.85,207.04,44.77,193.4,137.69
4002,605243.021393,75.976,52,-131.194,24.262,34.65,142.988,137.864,144.08,206.58,46.87,194.43,138.15
4003,605243.026599,75.175,48,-134.435,23.38,34.876,136.303,137.566,139.61,205.29,47.11,185.03,137.9
4004,605243.029033,75.875,55,-134.66,23.937,34.743,142.368,138.117,139.4,206.14,46.95,192.98,138.43
4005,605243.034558,75.004,49,-135.084,24.0,36.431,140.79,138.28,138.97,206.39,49.24,190.61,138.54
4006,605243.042255,74.197,60,-138.479,22.881,36.629,134.504,138.03,134.1,204.61,49.37,182.64,138.46
4007,605243.046414,75.034,63,-138.256,23.974,36.471,141.226,138.528,134.54,206.15,49.23,191.69,138.85
4008,605243.049549,74.468,52,-138.769,23.898,38.184,142.597,138.625,133.81,206.0,51.54,193.82,138.97
4009,605243.052979,73.413,56,-141.712,23.161,38.41,134.552,138.689,130.04,205.12,51.99,182.21,138.97
4010,605243.058476,74.441,62,-140.737,24.269,38.022,141.75,138.835,131.28,206.64,51.32,191.88,139.18
4011,605243.061632,73.584,52,-141.132,23.837,39.996,141.525,138.883,130.62,205.91,53.95,192.09,139.23
4012,605243.069722,72.582,55,-142.879,23.943,40.231,134.396,138.592,128.31,206.1,54.24,182.11,139.03
4013,605243.073749,73.422,60,-141.584,25.119,40.284,141.19,138.821,130.08,207.72,54.34,191.33,139.17
4014,605243.077233,72.516,57,-141.808,24.187,42.355,140.973,138.873,129.75,206.4,57.13,191.27,139.23
4015,605243.082296,71.66,61,-142.682,24.39,42.369,134.65,138.513,128.54,206.65,57.13,182.5,138.91
4016,605243.085991,72.851,57,-141.009,25.815,41.87,142.003,138.867,130.86,208.67,56.49,192.27,139.24
4017,605243.0984,70.751,55,-140.712,25.199,44.722,135.656,137.795,131.17,207.72,60.33,183.75,138.2
4018,605243.102458,71.873,56,-139.582,25.998,44.003,141.434,138.582,132.79,208.89,59.39,191.36,138.92
4019,605243.1048,70.197,51,-139.641,24.955,47.107,139.049,138.47,132.6,207.36,63.57,188.27,138.84
4020,605243.109748,69.82,58,-138.037,25.53,46.861,135.838,137.273,134.92,208.33,63.28,183.87,137.61
4021,605243.118092,70.776,51,-136.966,26.18,45.651,138.645,138.562,136.45,209.36,61.66,187.12,138.83
4022,605243.121765,69.397,59,-136.57,25.542,48.778,138.617,138.082,136.72,208.14,65.92,187.53,138.46
4023,605243.126088,68.929,62,-135.188,25.147,48.843,135.851,137.208,138.73,207.76,65.99,184.16,137.57
4024,605243.129309,69.656,55,-134.285,25.527,47.527,136.708,138.497,139.95,208.31,64.18,185.48,138.81
4025,605243.13389,68.506,57,-133.782,25.421,50.256,137.159,137.671,140.61,208.1,68.0,185.32,138.02
4026,605243.13726,68.227,61,-132.383,24.826,50.124,135.133,137.23,142.47,207.28,67.78,183.16,137.54
4027,605243.146939,68.542,57,-132.427,23.859,49.274,134.694,138.821,142.33,205.91,66.6,182.68,139.18
4028,605243.149475,67.515,60,-130.593,25.647,51.132,133.699,137.142,144.93,208.49,69.14,181.24,137.43
4029,605243.153029,67.775,65,-130.892,24.999,51.02,134.885,136.798,144.46,207.4,69.15,182.78,137.19
4030,605243.158488,67.644,65,-130.693,24.675,51.472,135.323,137.848,144.76,207.1,69.6,183.7,138.17
4031,605243.16199,67.067,65,-130.449,23.847,52.629,135.065,137.526,145.04,205.9,71.19,183.26,137.88
4032,605243.169875,67.028,62,-130.017,25.154,51.774,132.661,135.993,145.68,207.76,70.05,179.73,136.32
4033,605243.173634,66.908,66,-130.798,24.886,52.758,134.516,137.279,144.57,207.33,71.37,182.21,137.66
4034,605243.181996,66.031,67,-131.703,24.787,54.506,134.169,136.099,143.4,207.21,73.74,181.86,136.48
4035,605243.187071,66.268,69,-132.42,24.761,54.072,134.356,137.029,142.5,207.21,73.2,181.78,137.4
4036,605243.195487,64.924,65,-132.884,25.626,56.788,133.991,136.551,141.72,208.26,76.79,181.33,136.94
4037,605243.197545,64.513,67,-133.897,25.287,57.263,133.076,135.309,140.39,207.83,77.39,180.44,135.76
4038,605243.202245,64.854,62,-135.164,24.482,56.772,133.602,137.113,138.84,206.91,76.76,180.28,137.55
4039,605243.205287,64.145,66,-135.04,26.813,59.05,135.406,135.627,138.97,209.98,79.8,183.6,136.06
4040,605243.210744,64.033,68,-135.946,26.58,58.768,134.217,134.371,137.74,209.63,79.44,181.78,134.8
4041,605243.213407,64.202,67,-136.644,26.409,58.551,134.541,135.821,136.73,209.34,79.13,182.23,136.24
4042,605243.221747,63.06,64,-137.077,27.996,60.984,134.606,134.663,136.11,211.47,82.39,182.17,135.16
4043,605243.225497,63.486,69,-138.276,28.308,60.086,134.597,133.071,134.6,211.96,81.14,182.56,133.53
4044,605243.229783,63.04,72,-138.571,28.085,60.759,134.019,134.724,134.14,211.58,82.1,181.44,135.2
4045,605243.235193,62.391,68,-138.479,28.039,62.533,134.931,133.665,134.34,211.59,84.48,182.62,134.17
4046,605243.236961,62.612,67,-138.589,29.534,60.7,131.951,131.329,134.23,213.68,81.96,178.74,131.78
4047,605243.246805,62.357,71,-139.713,28.955,62.236,134.139,133.553,132.69,212.84,84.01,181.83,134.04
4048,605243.249991,61.944,67,-139.982,29.367,63.558,135.136,132.308,132.35,213.41,85.8,183.18,132.81
4049,605243.25337,62.255,72,-140.15,28.268,62.45,134.146,131.334,132.13,211.88,84.43,181.43,131.86
4050,605243.257134,61.832,71,-140.557,27.354,62.978,133.409,133.07,131.56,210.64,85.09,180.62,133.57
4051,605243.275241,61.489,69,-141.332,27.491,63.262,132.533,132.399,130.49,210.83,85.4,179.47,132.95
4052,605243.277493,60.912,62,-141.294,26.94,64.597,132.875,131.216,130.44,210.02,87.22,179.6,131.86
4053,605243.281947,62.194,62,-139.526,28.28,61.653,132.165,128.339,132.96,211.93,83.33,178.73,128.85
4054,605243.286844,61.106,74,-140.153,27.341,64.265,133.001,130.92,132.13,210.65,86.8,180.19,131.45
4055,605243.290029,61.431,64,-139.236,26.661,64.52,134.919,129.709,133.42,209.73,87.28,182.49,130.25
4056,605243.297453,62.116,62,-138.032,27.837,61.611,131.734,127.375,134.97,211.33,83.32,178.18,127.88
4057,605243.301755,60.952,76,-138.489,27.096,64.258,132.341,130.192,134.34,210.29,86.85,179.2,130.7
4058,605243.304955,60.813,61,-137.063,27.743,64.754,132.785,128.386,136.38,211.29,87.58,179.3,128.83
4059,605243.310444,62.44,63,-136.37,27.418,61.461,132.837,127.648,137.28,210.76,83.25,179.66,128.15
4060,605243.313541,61.205,74,-136.371,26.907,63.722,132.29,129.531,137.19,210.04,86.18,179.18,130.03
4061,605243.321763,61.508,63,-135.512,28.642,64.045,134.258,128.075,138.4,212.4,86.69,181.82,128.58
4062,605243.325484,62.871,58,-134.911,29.478,60.615,132.928,126.678,139.15,213.5,82.1,179.75,127.22
4063,605243.329577,61.085,74,-135.05,28.703,63.932,132.224,128.608,139.04,212.49,86.55,179.11,129.04
4064,605243.333061,61.959,64,-133.845,29.167,63.517,135.115,127.404,140.71,213.21,86.01,182.42,127.89
4065,605243.337797,62.915,58,-133.328,31.099,59.878,131.509,125.369,141.33,215.74,81.1,177.9,125.76
4066,605243.346087,61.325,72,-134.078,30.776,63.571,132.484,127.629,140.35,215.34,85.99,179.64,128.1
4067,605243.357872,61.846,73,-133.327,29.993,62.571,132.611,126.909,141.32,214.26,84.66,179.74,127.4
4068,605243.361711,61.87,65,-133.972,31.094,62.234,131.999,125.492,140.43,215.74,84.2,178.78,126.01
4069,605243.36498,64.503,61,-133.701,31.34,58.689,136.339,125.743,140.87,216.11,79.54,183.65,126.22
4070,605243.374699,62.271,68,-134.846,29.408,61.639,132.475,126.473,139.37,213.49,83.5,179.13,127.0
4071,605243.377945,62.74,68,-134.558,28.343,61.0,133.18,125.337,139.74,212.02,82.63,180.44,125.8
4072,605243.381517,64.576,53,-134.315,29.638,56.725,132.13,125.438,139.99,213.81,76.78,178.94,125.87
4073,605243.386967,63.42,69,-135.558,29.928,60.235,134.618,125.378,138.33,214.17,81.51,182.11,125.83
4074,605243.389739,62.884,64,-137.582,29.525,60.301,132.299,125.237,135.6,213.62,81.56,179.06,125.76
4075,605243.398147,65.413,64,-136.863,29.082,56.598,136.027,125.122,136.59,213.04,76.7,183.35,125.6
4076,605243.401718,63.62,68,-137.965,27.578,58.721,132.157,125.937,135.05,210.96,79.42,178.84,126.44
4077,605243.405246,64.313,67,-137.898,28.928,58.466,134.881,123.997,135.21,212.82,79.11,182.57,124.49
4078,605243.409359,66.545,53,-139.535,29.415,54.557,137.066,123.933,133.11,213.59,73.81,184.98,124.37
4079,605243.414513,64.334,64,-140.184,28.84,58.074,134.084,124.931,132.13,212.69,78.57,181.1,125.47
4080,605243.42228,65.412,65,-139.433,27.364,56.529,135.858,124.221,133.11,210.64,76.55,183.57,124.74
4081,605243.425601,67.814,54,-139.389,27.785,52.299,138.498,123.874,133.25,211.35,70.78,186.73,124.3
4082,605243.430065,65.034,64,-140.475,27.497,56.115,132.948,124.662,131.75,210.88,75.92,179.82,125.14
4083,605243.438752,67.504,70,-140.168,28.643,52.282,136.644,124.46,132.18,212.43,70.83,184.65,124.92
4084,605243.443182,67.188,68,-139.963,27.721,52.665,135.838,124.703,132.47,211.21,71.31,183.51,125.18
4085,605243.450548,67.538,64,-139.509,28.844,52.272,136.814,123.451,133.0,212.69,70.72,184.96,123.9
4086,605243.45303,68.898,56,-140.6,29.327,49.73,138.128,124.0,131.59,213.39,67.27,186.43,124.45
4087,605243.45692,67.581,63,-140.596,29.869,52.098,136.605,124.372,131.59,214.09,70.55,184.6,124.84
4088,605243.462569,68.111,60,-139.451,28.688,50.806,136.278,124.179,133.07,212.5,68.72,184.27,124.65
4089,605243.46595,70.122,56,-138.819,28.958,47.525,139.768,124.466,133.96,212.91,64.27,189.23,124.89
4090,605243.47366,68.651,58,-138.387,29.481,49.98,137.291,124.38,134.52,213.59,67.6,185.84,124.83
4091,605243.477383,68.818,61,-138.208,30.943,49.295,136.425,123.826,134.92,215.63,66.75,184.84,124.22
4092,605243.482126,69.37,58,-139.173,29.843,47.025,133.471,126.068,133.37,214.15,63.83,180.22,126.54
4093,605243.48509,69.649,67,-137.327,28.919,47.625,136.943,125.28,136.0,212.86,64.52,184.84,125.69
4094,605243.491062,70.154,59,-136.179,29.46,46.571,137.175,124.124,137.61,213.6,63.13,185.51,124.5
4095,605243.493649,71.635,58,-136.268,29.801,43.908,139.36,125.057,137.3,214.0,59.42,188.33,125.44
4096,605243.502497,70.425,59,-136.586,30.208,46.464,138.681,124.986,136.94,214.6,62.85,187.84,125.4
4097,605243.505637,71.071,59,-135.411,28.845,44.73,137.889,125.456,138.48,212.73,60.53,186.59,125.85
4098,605243.509395,72.34,61,-134.336,28.624,42.231,139.206,125.78,139.96,212.47,57.14,188.7,126.16
4099,605243.526706,72.037,60,-133.858,30.425,42.801,138.782,126.683,140.57,214.9,57.92,187.78,127.03
4100,605243.530345,72.659,55,-133.512,28.416,41.772,140.15,126.883,141.0,212.14,56.53,189.79,127.23
4101,605243.534468,72.579,54,-133.448,28.46,41.187,137.572,126.299,140.95,212.14,55.8,185.29,126.71
4102,605243.537254,73.522,59,-133.895,29.585,39.625,139.698,126.476,140.56,213.81,53.62,189.26,126.82
4103,605243.542223,72.606,55,-134.55,30.167,41.814,139.871,127.002,139.66,214.59,56.58,189.14,127.38
4104,605243.549928,73.23,58,-133.804,28.546,40.389,139.983,127.332,140.64,212.34,54.69,189.33,127.69
4105,605243.553791,73.997,58,-133.899,28.055,38.704,140.388,127.533,140.57,211.71,52.45,190.09,127.9
4106,605243.557957,73.587,60,-134.136,28.854,40.006,141.587,127.536,140.19,212.78,54.13,191.91,127.9
4107,605243.560908,73.525,58,-135.072,30.618,39.987,141.0,127.643,138.99,215.23,54.07,191.33,128.02
4108,605243.566145,74.068,54,-135.281,29.763,38.935,141.84,128.633,138.75,214.11,52.67,192.06,128.99
4109,605243.569252,73.638,58,-136.067,27.617,39.575,140.487,128.647,137.57,211.09,53.54,189.88,129.0
4110,605243.578017,73.764,56,-136.64,28.334,38.872,139.026,128.126,136.97,212.17,52.57,188.85,128.47
4111,605243.581735,74.71,60,-137.593,29.035,37.519,142.28,128.799,135.49,213.0,50.73,192.59,129.18
4112,605243.585286,73.858,56,-138.059,28.82,39.163,140.869,129.565,135.01,212.83,52.96,190.39,129.95
4113,605243.5903,73.875,59,-137.918,28.216,39.126,140.875,129.019,135.07,211.89,52.89,190.81,129.39
4114,605243.594005,75.485,50,-138.767,27.93,36.137,144.189,129.579,133.97,211.55,48.81,195.57,129.95
4115,605243.602051,72.773,54,-139.443,27.946,38.603,130.345,128.419,133.17,211.57,51.97,176.66,128.61
4116,605243.614481,74.304,63,-139.593,27.173,38.222,141.28,130.472,132.78,210.45,51.67,190.83,130.85
4117,605243.617413,74.288,60,-140.291,26.515,38.096,140.675,130.45,131.91,209.63,51.47,190.62,130.84
4118,605243.626531,75.892,52,-140.522,26.091,35.339,144.977,131.207,131.61,209.08,47.72,196.5,131.58
4119,605243.629466,73.746,52,-138.909,27.73,37.818,135.113,131.26,133.66,211.21,51.1,182.78,131.59
4120,605243.634762,74.685,55,-140.337,26.523,37.679,142.653,131.276,131.9,209.69,50.89,193.22,131.66
4121,605243.636944,76.074,49,-140.35,26.455,35.124,145.943,131.76,131.91,209.65,47.47,196.72,132.08
4122,605243.642818,73.602,50,-138.94,27.314,38.0,134.608,132.16,133.67,210.7,51.34,182.31,132.49
4123,605243.644959,74.905,53,-139.943,26.191,37.394,143.588,132.099,132.34,209.18,50.47,194.8,132.49
4124,605243.65363,75.085,46,-137.893,28.267,34.967,135.852,132.195,134.93,211.89,47.26,183.63,132.54
4125,605243.657313,74.689,54,-139.745,26.388,37.797,143.143,132.963,132.61,209.42,51.08,193.7,133.33
4126,605243.661144,74.397,51,-139.25,26.037,37.919,140.983,132.767,133.22,208.92,51.23,190.81,133.12
4127,605243.666035,75.046,49,-137.031,28.207,35.039,135.782,132.965,136.22,211.98,47.34,183.95,133.21
4128,605243.66922,74.491,55,-138.782,26.543,37.973,142.01,133.566,133.93,209.68,51.29,192.33,133.94
4129,605243.677366,74.262,57,-138.147,26.199,38.003,140.109,133.631,134.83,209.24,51.37,189.85,133.95
4130,605243.681512,75.982,52,-138.224,25.773,35.417,146.212,134.258,134.62,208.61,47.81,198.59,134.59
4131,605243.684983,74.421,49,-137.215,27.401,38.273,142.51,134.214,136.0,210.83,51.7,193.27,134.55
4132,605243.702684,72.59,45,-136.147,26.745,38.834,129.788,135.278,137.36,209.88,52.46,176.08,135.69
4133,605243.705402,73.841,61,-135.189,26.639,39.06,140.345,134.705,138.68,209.74,52.82,189.91,135.03
4134,605243.709672,75.381,53,-134.809,26.609,36.759,145.639,135.499,139.18,209.72,49.64,197.93,135.82
4135,605243.713437,73.675,48,-134.233,27.364,39.825,141.681,135.206,139.99,210.77,53.8,192.27,135.53
4136,605243.718701,73.351,53,-134.267,26.045,40.09,139.927,135.183,139.95,208.98,54.17,189.9,135.5
4137,605243.721421,74.052,49,-136.449,23.944,37.562,136.708,136.742,136.93,206.12,50.72,185.6,137.16
4138,605243.730316,72.957,54,-133.936,26.912,40.879,139.48,135.681,140.44,210.21,55.24,189.03,135.98
4139,605243.733219,72.897,56,-134.306,25.674,40.837,138.861,135.882,139.83,208.41,55.23,187.73,136.22
4140,605243.737444,74.223,58,-134.768,25.289,38.792,142.669,136.353,139.26,207.96,52.41,193.85,136.67
4141,605243.74268,72.819,55,-134.361,26.723,41.599,140.826,136.083,139.73,209.8,56.29,189.85,136.43
4142,605243.745278,71.388,55,-133.975,26.926,42.631,133.571,135.596,140.29,210.16,57.59,181.38,135.88
4143,605243.754175,73.343,64,-135.866,25.04,40.476,141.206,136.518,137.75,207.56,54.69,191.41,136.83
4144,605243.75822,71.647,53,-136.261,25.692,43.469,138.056,136.61,137.14,208.4,58.77,186.07,137.03
4145,605243.762446,71.499,61,-136.365,25.562,43.761,137.907,136.12,137.06,208.23,59.12,186.82,136.46
4146,605243.765129,72.929,57,-137.169,25.186,41.714,142.096,136.8,135.99,207.76,56.35,192.52,137.14
4147,605243.770532,70.821,53,-137.631,26.035,45.127,137.363,136.672,135.32,208.86,60.93,186.1,137.06
4148,605243.778438,70.817,59,-137.783,25.389,45.417,138.219,136.118,135.22,208.06,61.31,187.6,136.48
4149,605243.790371,70.152,63,-138.737,25.843,46.709,137.574,136.064,133.9,208.64,63.03,186.87,136.43
4150,605243.793229,70.996,57,-139.187,25.646,45.288,139.075,136.826,133.31,208.37,61.12,188.9,137.22
4151,605243.797777,69.594,60,-139.279,26.214,48.273,138.45,136.399,133.2,209.16,65.15,187.84,136.78
4152,605243.805348,69.247,61,-139.329,26.187,48.548,137.008,135.62,133.1,209.08,65.54,185.72,136.0
4153,605243.809343,69.436,55,-140.332,24.86,47.155,134.248,137.199,131.68,207.24,63.63,181.75,137.62
4154,605243.813087,69.178,61,-139.107,25.573,49.335,138.791,136.466,133.44,208.29,66.58,188.33,136.85
4155,605243.818117,68.876,61,-138.807,27.106,49.316,136.841,135.183,133.88,210.38,66.6,185.43,135.54
4156,605243.821035,69.201,63,-138.564,26.708,48.984,137.949,136.614,134.16,209.82,66.15,186.68,136.96
4157,605243.830225,67.755,62,-138.921,24.439,51.243,135.36,136.221,133.63,206.71,69.23,182.84,136.69
4158,605243.833456,67.884,65,-137.318,25.917,50.227,133.413,134.521,135.93,208.84,67.86,180.59,134.9
4159,605243.837784,69.197,60,-137.48,26.019,48.533,136.653,136.52,135.7,209.0,65.52,185.37,136.86
4160,605243.841164,67.912,61,-137.153,26.432,51.541,137.064,135.697,136.07,209.45,69.6,185.99,136.08
4161,605243.846548,67.573,66,-136.32,25.422,51.552,135.126,134.882,137.23,208.08,69.73,183.06,135.3
4162,605243.854067,68.835,60,-136.158,24.978,49.78,137.87,136.478,137.46,207.56,67.26,186.9,136.84
4163,605243.858179,67.786,61,-135.546,25.754,52.231,138.152,135.357,138.27,208.58,70.59,187.23,135.72
4164,605243.861753,67.619,64,-134.834,26.716,51.292,134.706,134.624,139.2,209.81,69.38,182.69,135.02
4165,605243.865079,67.851,66,-134.47,26.828,51.285,136.03,135.545,139.68,209.99,69.3,184.41,135.88
4166,605243.87431,66.416,68,-133.477,27.894,53.027,132.535,133.753,141.05,211.47,71.67,179.77,134.12
4167,605243.882526,67.11,69,-133.481,27.393,52.776,135.685,135.405,141.03,210.77,71.32,184.21,135.78
4168,605243.885831,66.302,62,-133.151,26.634,54.333,135.183,134.999,141.28,209.58,73.47,182.77,135.44
4169,605243.89406,66.621,67,-133.303,28.431,53.648,135.2,134.656,141.33,212.24,72.52,183.21,135.02
4170,605243.897946,65.504,65,-133.524,28.021,56.154,135.431,134.256,140.91,211.53,75.93,183.45,134.64
4171,605243.905861,65.745,70,-133.584,27.641,55.25,134.494,133.379,140.94,211.12,74.7,182.34,133.79
4172,605243.91036,66.417,64,-134.216,27.377,54.356,135.862,134.751,140.09,210.78,73.47,184.19,135.14
4173,605243.913824,64.485,60,-135.133,27.889,57.177,132.742,133.826,138.63,211.29,77.27,179.5,134.35
4174,605243.917417,65.184,70,-135.134,27.697,56.34,134.238,132.328,138.82,211.16,76.19,181.57,132.76
4175,605243.922414,64.975,66,-135.955,26.603,56.416,133.366,134.228,137.67,209.66,76.27,180.29,134.65
4176,605243.929759,64.825,68,-135.661,26.68,57.59,135.383,133.16,138.11,209.78,77.83,183.63,133.59
4177,605243.934341,65.147,61,-136.868,27.776,56.249,133.833,131.552,136.48,211.24,75.98,181.4,131.96
4178,605243.937454,64.967,70,-137.047,27.86,57.024,134.762,133.078,136.23,211.35,77.05,182.57,133.5
4179,605243.940881,64.199,65,-137.49,26.572,58.78,135.049,132.287,135.65,209.62,79.44,182.76,132.79
4180,605243.945702,64.931,67,-137.217,26.345,56.876,134.234,130.946,136.07,209.34,76.89,181.77,131.41
4181,605243.950222,64.728,70,-137.619,25.867,57.161,133.896,133.34,135.5,208.68,77.27,181.27,133.8
4182,605243.959206,64.411,64,-137.391,28.269,58.729,135.974,131.19,135.82,211.93,79.36,184.33,131.65
4183,605243.970146,64.584,64,-136.791,27.109,58.656,136.668,131.038,136.61,210.36,79.33,184.78,131.49
4184,605243.974112,65.039,59,-137.212,28.147,56.282,133.371,129.778,136.02,211.75,76.08,180.64,130.25
4185,605243.982029,64.102,73,-137.029,28.589,58.411,133.736,131.199,136.31,212.37,78.93,181.29,131.66
4186,605243.985764,63.994,64,-136.836,29.904,59.535,135.783,130.092,136.57,214.14,80.52,183.59,130.56
4187,605243.989998,64.667,61,-136.102,30.053,57.211,133.707,128.685,137.64,214.44,77.38,180.84,129.1
4188,605243.993365,64.18,72,-136.752,29.011,58.217,133.662,131.166,136.64,212.91,78.69,181.01,131.62
4189,605243.998193,64.121,64,-136.14,30.148,59.459,136.226,129.325,137.53,214.49,80.37,184.68,129.79
4190,605244.002277,64.973,60,-136.849,30.518,57.173,135.144,127.767,136.63,215.01,77.32,182.9,128.24
4191,605244.009865,63.711,67,-136.523,30.728,58.412,131.885,129.471,137.03,215.33,78.92,178.65,129.9
4192,605244.013486,64.551,68,-135.749,29.007,58.35,135.789,128.977,138.05,212.94,78.89,184.05,129.43
4193,605244.01769,65.812,59,-135.851,29.269,55.625,135.757,127.874,137.96,213.34,75.24,183.71,128.33
4194,605244.022872,64.325,69,-136.27,29.217,57.822,133.454,129.364,137.35,213.22,78.18,180.87,129.82
4195,605244.025151,64.156,62,-136.443,30.444,58.362,133.88,128.024,137.07,214.85,78.92,181.17,128.5
4196,605244.034252,65.704,62,-135.97,29.011,55.482,134.844,128.343,137.77,212.98,75.04,182.55,128.79
4197,605244.037316,65.301,71,-135.803,28.101,56.16,134.4,128.996,137.87,211.65,75.97,181.76,129.46
4198,605244.041944,65.442,66,-135.311,28.824,56.411,135.729,127.563,138.68,212.72,76.31,183.8,128.03
4199,605244.044858,66.5,59,-136.473,29.493,53.941,135.274,127.37,136.94,213.51,72.98,182.63,127.82
4200,605244.059586,65.777,69,-135.497,27.934,55.5,135.27,127.807,138.39,211.49,75.07,183.29,128.25
4201,605244.063252,66.946,66,-135.18,28.199,53.08,135.545,127.432,138.82,211.88,71.83,183.35,127.86
4202,605244.065849,65.898,68,-135.41,28.98,54.89,134.417,128.014,138.51,212.9,74.26,181.88,128.45
4203,605244.06906,65.982,63,-135.696,30.325,55.38,136.06,127.279,138.21,214.8,74.94,183.98,127.73
4204,605244.074452,67.377,64,-134.761,29.482,52.901,137.525,127.26,139.37,213.6,71.56,186.33,127.69
4205,605244.077584,66.251,65,-135.585,28.153,53.913,133.867,128.403,138.24,211.78,72.91,181.4,128.85
4206,605244.085898,66.555,66,-134.673,30.011,54.164,136.136,126.88,139.5,214.3,73.3,184.16,127.29
4207,605244.090352,67.705,62,-135.282,30.684,51.764,136.444,126.352,138.76,215.26,70.04,184.36,126.79
4208,605244.093279,65.932,66,-135.645,30.405,54.169,132.824,127.462,138.36,215.05,73.25,179.33,127.8
4209,605244.098365,67.048,69,-134.902,29.193,53.067,136.087,127.037,139.22,213.24,71.81,184.22,127.46
4210,605244.102195,68.557,61,-135.22,29.675,50.209,137.342,126.525,138.83,213.91,67.92,185.94,126.95
4211,605244.110257,66.948,66,-135.691,30.192,52.595,134.319,127.533,138.1,214.54,71.18,181.47,127.97
4212,605244.113179,67.157,61,-135.248,30.982,52.874,136.197,126.361,138.72,215.62,71.53,184.32,126.77
4213,605244.117556,68.783,61,-135.336,30.12,49.59,137.026,127.144,138.54,214.43,67.08,185.4,127.56
4214,605244.120851,67.795,66,-135.747,29.351,51.069,135.13,127.797,138.1,213.44,69.14,182.83,128.23
4215,605244.126113,68.017,64,-134.955,30.781,51.298,137.04,126.374,139.14,215.39,69.39,185.7,126.8
4216,605244.134341,69.482,52,-136.191,30.544,48.221,137.576,126.498,137.49,215.05,65.26,185.89,126.84
4217,605244.145742,69.477,48,-134.632,30.268,46.754,133.361,126.676,139.5,214.69,63.25,180.44,127.02
4218,605244.150037,68.645,65,-135.93,29.42,49.524,136.0,127.417,137.9,213.6,66.98,184.15,127.82
4219,605244.153636,68.782,61,-135.742,30.725,49.381,136.444,126.379,138.11,215.34,66.79,184.73,126.78
4220,605244.162372,69.541,60,-137.027,28.783,46.663,133.501,127.742,136.28,212.65,63.1,180.77,128.18
4221,605244.165458,69.822,65,-135.973,28.5,47.211,136.865,127.776,137.76,212.31,63.86,185.25,128.17
4222,605244.169051,69.812,58,-136.028,29.162,47.181,136.713,126.937,137.69,213.2,63.83,185.0,127.35
4223,605244.174424,71.254,55,-136.37,30.003,44.674,139.01,127.04,137.24,214.35,60.4,188.33,127.42
4224,605244.177534,69.093,60,-136.301,30.33,47.381,132.771,127.369,137.22,214.75,64.06,179.81,127.74
4225,605244.185868,70.62,62,-136.282,28.571,45.744,137.853,127.645,137.3,212.37,61.87,186.49,128.02
4226,605244.190409,71.85,56,-136.537,28.763,43.713,140.33,127.417,136.98,212.65,59.1,190.29,127.8
4227,605244.193072,70.638,58,-137.182,29.265,45.304,136.65,128.17,135.98,213.24,61.27,184.67,128.62
4228,605244.19923,70.63,59,-136.957,29.096,45.833,138.187,127.659,136.48,213.16,62.0,186.74,128.04
4229,605244.201677,72.22,57,-136.595,28.841,42.904,140.506,127.937,136.95,212.79,58.07,189.5,128.32
4230,605244.210336,71.017,61,-136.848,28.355,44.525,136.879,128.832,136.52,212.08,60.2,185.39,129.23
4231,605244.213598,71.249,63,-136.528,29.915,44.783,139.316,127.845,136.9,214.14,60.57,188.43,128.24
4232,605244.217577,72.749,52,-136.122,29.784,42.329,142.735,128.318,137.53,214.02,57.29,193.24,128.71
4233,605244.230243,71.729,51,-137.033,29.432,40.783,130.082,126.944,136.31,213.59,55.15,176.17,127.36
4234,605244.238481,71.587,65,-137.197,29.334,43.814,138.714,129.217,136.03,213.39,59.22,187.87,129.61
4235,605244.241216,71.844,56,-136.195,27.882,43.194,138.614,128.612,137.5,211.51,58.42,187.52,129.0
4236,605244.245554,73.076,55,-135.306,28.141,40.267,138.326,129.06,138.81,212.0,54.47,186.63,129.41
4237,605244.250703,72.479,61,-135.925,27.517,41.779,138.771,129.866,137.75,210.95,56.49,188.12,130.24
4238,605244.253224,72.503,62,-135.335,30.457,42.093,140.007,128.997,138.53,214.92,56.93,189.53,129.39
4239,605244.26203,73.17,56,-134.936,29.398,40.992,141.583,129.954,139.12,213.55,55.42,192.03,130.32
4240,605244.266115,72.715,55,-135.641,26.763,41.59,139.976,130.152,138.12,209.92,56.23,189.85,130.52
4241,605244.26955,73.229,59,-134.53,27.167,40.563,140.573,129.709,139.68,210.52,54.86,190.66,130.07
4242,605244.272774,74.786,54,-135.99,27.168,37.987,144.755,129.537,137.65,210.48,51.35,196.53,129.88
4243,605244.2785,72.992,58,-135.204,29.593,40.807,139.51,130.403,138.78,213.81,55.19,189.24,130.75
4244,605244.286142,72.643,57,-135.113,27.596,41.83,140.214,130.304,138.8,211.02,56.54,190.48,130.67
4245,605244.290175,74.381,51,-134.446,27.499,38.348,142.432,130.332,139.82,211.01,51.88,192.47,130.66
4246,605244.293762,73.104,51,-134.506,27.902,40.846,140.537,130.773,139.74,211.55,55.27,189.98,131.14
4247,605244.296943,72.939,56,-134.36,30.256,41.323,140.845,130.501,139.9,214.71,55.85,191.17,130.86
4248,605244.31492,73.513,54,-134.249,27.913,40.18,141.579,130.758,140.08,211.57,54.35,191.72,131.1
4249,605244.318158,74.759,53,-136.485,27.851,38.042,144.714,131.058,137.01,211.44,51.41,196.4,131.4
4250,605244.321481,71.823,51,-134.694,30.257,41.969,134.535,131.241,139.42,214.73,56.7,182.44,131.55
4251,605244.327442,73.169,58,-135.75,26.456,40.605,140.235,131.75,137.98,209.52,54.88,190.21,132.11
4252,605244.329032,74.461,53,-136.169,25.699,38.583,144.023,132.154,137.42,208.52,52.15,195.5,132.5
4253,605244.337766,72.521,48,-134.568,28.193,40.538,134.965,131.734,139.45,211.77,54.85,182.78,132.14
4254,605244.341815,73.249,55,-136.75,28.29,40.778,141.485,132.072,136.73,212.09,55.13,191.44,132.44
4255,605244.345357,73.668,56,-136.733,27.419,39.784,141.481,132.931,136.73,210.92,53.79,191.33,133.27
4256,605244.349332,73.188,58,-137.01,25.886,40.637,140.5,133.075,136.3,208.78,54.94,190.21,133.43
4257,605244.353819,73.238,59,-136.692,27.545,40.488,140.388,132.094,136.69,210.97,54.72,190.23,132.44
4258,605244.36213,73.535,52,-137.614,27.956,39.63,139.823,132.666,135.42,211.53,53.56,189.04,133.01
4259,605244.365372,72.846,56,-137.781,27.421,41.306,140.047,133.644,135.23,210.83,55.83,189.37,134.01
4260,605244.369883,72.622,60,-137.456,27.849,42.004,140.632,132.847,135.65,211.38,56.75,190.58,133.2
4261,605244.372932,73.713,57,-138.031,27.573,39.785,141.864,133.023,134.86,210.99,53.77,191.93,133.44
4262,605244.378275,72.236,58,-138.029,27.443,42.622,139.699,133.682,134.82,210.79,57.59,189.06,134.07
4263,605244.381465,72.248,59,-137.688,27.517,42.737,140.167,133.151,135.39,210.98,57.73,190.25,133.53
4264,605244.389525,73.751,54,-138.354,27.084,40.057,143.16,133.297,134.44,210.36,54.1,194.3,133.65
4265,605244.39843,71.762,55,-137.312,27.265,43.698,139.627,133.405,135.73,210.45,59.09,188.41,133.74
4266,605244.402492,73.724,50,-137.933,26.887,40.468,144.39,133.78,135.1,210.18,54.66,195.62,134.12
4267,605244.405214,70.714,50,-136.246,29.044,44.21,133.852,133.704,137.3,213.06,59.7,181.53,134.03
4268,605244.415303,71.526,61,-136.913,26.713,44.109,139.199,133.628,136.38,209.83,59.56,189.1,134.0
4269,605244.418505,73.206,50,-137.13,26.511,41.223,142.671,133.923,136.11,209.61,55.68,193.68,134.27
4270,605244.421463,70.354,49,-138.362,26.188,44.646,132.792,134.494,134.52,209.17,60.4,180.05,134.84
4271,605244.424943,70.966,63,-136.659,26.448,45.078,138.224,133.899,136.79,209.53,60.92,187.28,134.28
4272,605244.430301,72.79,52,-136.738,26.389,42.02,142.024,134.088,136.81,209.61,56.79,191.89,134.43
4273,605244.43795,70.903,55,-136.588,27.124,45.446,138.906,134.288,136.83,210.41,61.39,188.43,134.66
4274,605244.441888,70.382,57,-136.626,25.926,45.807,136.434,134.135,136.6,208.64,61.93,184.3,134.57
4275,605244.445723,72.361,54,-136.869,25.644,42.956,141.759,134.403,136.45,208.41,58.02,192.45,134.76
4276,605244.448853,70.519,57,-136.454,26.84,46.127,138.311,134.442,136.9,209.93,62.36,187.02,134.85
4277,605244.454082,70.111,61,-136.323,26.326,46.669,137.179,133.99,137.12,209.26,63.07,185.77,134.38
4278,605244.457903,71.743,57,-137.106,25.716,44.029,140.537,134.33,136.34,208.71,59.53,189.88,134.66
4279,605244.465549,69.961,57,-136.883,26.68,47.18,137.685,134.661,136.33,209.75,63.65,186.81,135.08
4280,605244.470051,69.069,62,-137.605,25.677,47.683,133.477,134.663,135.41,208.4,64.39,180.96,135.08
4281,605244.474049,71.743,56,-137.229,26.083,44.649,142.521,134.485,136.06,209.08,60.32,193.1,134.86
4282,605244.48195,69.093,58,-136.862,26.539,48.77,136.669,133.913,136.48,209.62,65.89,185.34,134.29
4283,605244.489466,70.926,52,-137.386,26.215,45.936,140.568,134.521,135.74,209.17,62.1,189.77,134.86
4284,605244.493672,68.925,54,-137.504,27.069,49.242,136.938,134.648,135.44,210.19,66.54,185.0,135.08
4285,605244.497341,68.573,63,-136.728,27.328,49.726,136.12,133.778,136.66,210.67,67.2,184.27,134.16
4286,605244.50181,70.166,53,-137.003,27.166,47.15,138.962,134.408,136.44,210.64,63.74,187.63,134.75
4287,605244.507089,68.399,60,-137.005,27.802,50.636,137.543,134.251,136.28,211.32,68.39,186.62,134.64
4288,605244.509703,67.573,66,-137.292,27.074,51.06,133.836,133.705,135.79,210.25,69.02,180.81,134.16
4289,605244.517905,69.43,57,-136.848,27.272,48.351,137.614,134.177,136.57,210.68,65.39,186.12,134.53
4290,605244.522115,68.088,61,-136.432,27.728,51.355,137.618,134.13,137.07,211.22,69.46,186.11,134.51
4291,605244.525176,67.175,62,-136.201,28.443,51.949,133.919,132.892,137.39,212.19,70.21,181.32,133.27
4292,605244.530244,69.059,61,-135.808,28.521,49.785,139.294,134.015,137.93,212.34,67.25,189.11,134.4
4293,605244.533875,67.325,61,-135.876,27.658,52.84,137.066,133.621,137.72,211.02,71.44,185.41,134.02
4294,605244.541946,66.746,59,-136.219,27.78,52.37,132.648,132.872,137.23,211.24,70.83,179.05,133.4
4295,605244.545592,68.676,62,-135.465,28.387,50.277,138.258,133.826,138.43,212.18,67.91,187.82,134.2
4296,605244.549903,66.581,63,-134.611,29.003,53.146,133.719,132.817,139.55,212.99,71.81,181.29,133.19
4297,605244.553083,66.686,62,-134.973,28.682,53.423,134.986,132.399,138.87,212.34,72.25,182.34,132.77
4298,605244.566214,66.551,65,-134.993,27.9,54.059,135.851,133.037,139.05,211.48,73.08,184.07,133.45
4299,605244.570874,66.644,65,-134.659,28.739,53.702,135.46,132.132,139.48,212.6,72.58,183.81,132.55
4300,605244.573415,68.029,58,-134.715,28.817,51.826,138.521,133.181,139.38,212.7,70.08,187.4,133.54
4301,605244.582411,65.503,65,-134.913,28.83,54.904,132.413,131.099,139.22,212.8,74.27,179.19,131.51
4302,605244.585261,67.543,61,-134.808,29.01,52.754,138.102,132.97,139.25,212.94,71.3,187.12,133.34
4303,605244.593964,65.822,62,-135.225,27.845,55.593,135.736,132.278,138.65,211.32,75.2,183.45,132.69
4304,605244.597579,65.355,61,-135.357,29.117,55.236,132.465,130.574,138.56,213.07,74.82,179.1,131.05
4305,605244.600816,67.128,64,-135.541,29.012,53.594,137.892,132.465,138.3,212.98,72.42,187.02,132.88
4306,605244.606648,65.3,62,-136.093,27.561,56.585,135.416,131.786,137.57,210.99,76.49,183.44,132.24
4307,605244.610842,65.799,64,-136.2,28.953,55.498,135.383,130.397,137.45,212.9,75.03,183.43,130.83
4308,605244.617332,66.698,65,-136.503,28.886,54.279,137.213,132.12,137.01,212.81,73.33,186.1,132.54
4309,605244.621699,64.974,63,-137.104,27.394,56.771,134.202,131.492,136.12,210.71,76.72,181.72,131.98
4310,605244.625796,64.963,65,-137.852,28.246,55.759,131.757,130.409,135.15,211.88,75.35,178.48,130.89
4311,605244.629226,66.231,60,-136.938,29.385,54.643,135.572,131.517,136.48,213.52,73.88,182.75,131.95
4312,605244.634713,64.564,63,-138.003,27.358,57.437,133.73,130.984,134.86,210.62,77.65,180.53,131.55
4313,605244.641906,64.751,67,-137.103,28.917,56.377,132.169,128.76,136.29,212.88,76.26,178.73,129.2
4314,605244.653791,64.754,65,-137.395,29.001,56.352,132.126,128.365,135.82,212.93,76.22,178.58,128.82
4315,605244.65728,65.349,63,-138.725,27.91,55.591,133.281,131.592,133.92,211.39,75.11,180.31,132.1
4316,605244.662379,65.17,68,-137.504,27.89,57.1,135.977,129.72,135.67,211.42,77.17,184.29,130.17
4317,605244.670542,65.01,66,-136.969,28.973,55.959,132.461,127.989,136.42,212.89,75.71,179.31,128.48
4318,605244.673959,65.978,62,-137.752,28.553,55.215,135.634,130.862,135.36,212.36,74.63,183.59,131.3
4319,605244.67728,64.971,58,-137.7,28.433,57.291,135.415,129.567,135.26,212.06,77.44,182.98,130.09
4320,605244.683227,65.043,68,-136.407,29.414,55.885,132.45,127.597,137.14,213.48,75.59,179.23,128.04
4321,605244.685003,65.857,64,-137.154,28.575,55.283,135.162,130.477,136.1,212.32,74.74,182.98,130.91
4322,605244.694447,65.41,64,-136.384,29.06,56.885,136.701,128.779,137.15,212.99,76.91,185.12,129.25
4323,605244.697367,64.967,71,-135.745,29.939,55.904,132.119,126.971,138.08,214.23,75.61,178.92,127.41
4324,605244.702226,65.985,64,-136.567,29.202,55.064,135.302,130.051,137.0,213.3,74.42,183.11,130.45
4325,605244.704902,65.084,60,-135.235,29.854,56.618,134.392,127.979,138.86,214.21,76.57,181.66,128.39
4326,605244.710843,65.651,67,-135.484,29.749,55.279,134.079,127.092,138.38,213.92,74.78,181.55,127.53
4327,605244.718701,66.175,65,-135.792,29.648,54.596,135.158,129.471,137.99,213.83,73.81,183.22,129.91
4328,605244.722203,65.958,61,-135.039,29.866,56.101,137.701,128.043,139.05,214.17,75.88,186.37,128.46
4329,605244.725637,65.707,66,-134.625,30.579,54.519,132.52,126.392,139.59,215.1,73.76,179.47,126.82
4330,605244.737743,66.349,67,-134.882,30.37,53.87,134.285,126.563,139.24,214.81,72.9,181.62,126.99
4331,605244.745807,66.632,67,-135.6,29.846,53.57,135.064,129.005,138.25,214.1,72.43,183.07,129.44
4332,605244.749463,66.393,61,-135.151,30.214,54.88,137.041,127.643,138.8,214.56,74.21,185.56,128.11
4333,605244.753678,66.491,66,-134.926,30.717,53.207,133.385,126.158,139.21,215.28,72.08,180.39,126.58
4334,605244.758934,66.724,67,-136.01,29.845,53.19,134.601,128.877,137.67,214.07,71.93,182.29,129.3
4335,605244.761298,66.568,58,-135.115,30.651,54.12,136.099,127.118,139.04,215.32,73.19,183.94,127.49
4336,605244.769936,66.985,63,-135.412,30.776,52.149,133.385,126.008,138.6,215.46,70.49,180.48,126.37
4337,605244.773857,67.135,68,-136.503,29.932,52.364,134.761,128.721,137.09,214.27,70.78,182.63,129.11
4338,605244.777234,67.332,62,-136.035,30.188,53.297,138.293,127.299,137.83,214.7,72.13,186.55,127.7
4339,605244.781164,67.278,65,-136.929,30.172,51.213,132.588,126.437,136.44,214.53,69.25,179.51,126.9
4340,605244.785926,67.373,69,-136.973,29.737,51.902,134.908,128.572,136.4,213.95,70.16,182.81,129.01
4341,605244.794165,67.811,61,-136.464,30.129,52.41,138.773,127.19,137.06,214.45,70.88,187.81,127.6
4342,605244.798232,67.79,61,-136.213,30.807,50.302,133.075,125.711,137.46,215.43,68.03,180.14,126.13
4343,605244.80173,67.897,68,-137.266,29.798,50.725,134.812,128.396,136.01,214.04,68.57,182.64,128.82
4344,605244.805008,67.508,56,-138.103,29.19,51.508,134.643,127.872,134.66,213.09,69.6,181.61,128.45
4345,605244.822239,68.518,64,-136.875,29.703,50.772,138.642,127.218,136.5,213.88,68.66,187.69,127.63
4346,605244.825277,68.768,61,-136.227,30.489,48.515,133.968,125.716,137.43,215.0,65.61,181.34,126.13
4347,605244.829805,68.78,67,-137.374,29.4,49.096,135.643,128.493,135.89,213.53,66.37,183.67,128.92
4348,605244.833968,69.176,57,-136.594,29.758,49.549,139.378,127.172,136.97,214.03,67.01,188.61,127.6
4349,605244.83748,69.221,62,-136.189,30.422,47.467,133.8,125.924,137.42,214.88,64.23,180.73,126.33
4350,605244.846072,69.31,65,-137.239,29.44,48.077,136.075,128.565,136.02,213.53,65.0,184.26,128.97
4351,605244.84952,69.646,55,-136.503,29.574,48.732,140.106,127.43,137.1,213.8,65.91,189.54,127.82
4352,605244.85389,69.856,58,-136.14,30.255,46.407,134.754,126.16,137.56,214.7,62.76,182.4,126.55
4353,605244.857086,69.631,66,-137.127,29.286,47.31,135.921,128.727,136.19,213.36,63.94,184.21,129.14
4354,605244.862922,70.146,56,-136.422,29.291,47.779,140.683,127.751,137.11,213.34,64.6,190.49,128.17
4355,605244.870535,70.704,57,-136.68,29.535,45.364,137.282,126.72,137.02,213.81,61.55,184.96,127.1
4356,605244.873725,70.118,64,-137.001,29.286,46.521,136.793,128.955,136.44,213.37,63.03,184.92,129.35
4357,605244.878282,70.505,56,-136.315,28.846,46.873,140.456,127.994,137.32,212.79,63.39,190.15,128.41
4358,605244.88099,70.677,53,-137.266,28.828,44.488,134.447,127.314,135.99,212.72,60.26,181.77,127.7
4359,605244.886697,70.466,56,-136.511,29.589,45.581,136.322,129.075,136.98,213.76,61.61,184.61,129.48
4360,605244.889264,70.912,53,-136.274,28.5,46.353,141.745,128.307,137.33,212.29,62.67,192.19,128.7
4361,605244.897416,71.856,45,-136.263,29.21,43.139,138.532,127.195,137.36,213.28,58.33,187.61,127.57
4362,605244.906026,71.195,53,-136.094,28.362,45.533,141.253,128.659,137.64,212.16,61.56,191.3,129.06
4363,605244.910287,71.437,51,-137.669,27.603,42.704,134.146,128.079,135.36,211.12,57.7,181.87,128.63
4364,605244.914297,70.79,59,-136.567,28.328,44.914,136.506,129.918,136.95,212.08,60.78,184.65,130.28
4365,605244.92259,71.295,51,-136.387,28.855,45.382,141.51,129.135,137.14,212.76,61.34,191.8,129.53
4366,605244.925395,72.451,50,-133.536,31.611,41.392,137.277,127.042,141.02,216.54,56.0,185.88,127.41
4367,605244.930616,71.306,56,-136.514,28.451,44.239,138.023,129.961,136.97,212.21,59.79,187.23,130.34
4368,605244.932899,71.295,50,-134.863,29.946,44.238,137.944,128.951,139.26,214.33,59.86,185.68,129.28
4369,605244.938852,71.798,56,-135.578,29.991,42.307,135.437,128.224,138.32,214.39,57.2,183.32,128.57
4370,605244.941332,71.642,64,-136.444,29.29,43.335,137.592,130.256,137.08,213.37,58.57,186.53,130.64
4371,605244.949671,71.885,54,-136.265,29.028,44.158,142.022,129.589,137.4,213.07,59.7,192.29,129.99
4372,605244.953555,72.291,51,-136.098,29.6,41.82,137.48,128.604,137.65,213.9,56.58,185.38,128.92
4373,605244.957245,71.553,60,-136.933,28.884,43.513,137.513,130.677,136.55,212.94,58.84,185.79,131.04
4374,605244.962266,71.777,57,-136.383,28.729,43.901,140.384,130.013,137.16,212.61,59.33,190.43,130.39
4375,605244.965519,72.927,48,-136.916,28.892,41.271,140.571,129.022,136.85,213.2,55.85,188.44,129.36
4376,605244.97335,71.334,51,-137.93,28.393,43.322,135.358,131.367,134.91,212.03,58.52,183.0,131.79
4377,605244.977472,71.398,54,-136.934,27.551,44.168,138.463,130.426,136.34,210.96,59.72,187.1,130.86
4378,605244.981865,72.964,52,-136.066,28.708,40.667,138.811,129.355,138.02,212.98,55.11,186.33,129.58
4379,605244.990364,71.123,52,-134.848,29.425,43.528,134.539,130.0,139.13,213.5,58.8,182.15,130.26
4380,605244.99805,73.272,55,-136.424,27.992,40.808,141.779,129.986,137.32,211.8,55.22,191.09,130.34
4381,605245.001845,71.677,56,-136.06,28.662,43.222,137.488,131.43,137.51,212.4,58.5,186.53,131.84
4382,605245.00574,71.884,53,-135.692,27.91,43.838,140.985,130.955,138.08,211.5,59.24,191.37,131.32
4383,605245.009105,72.656,50,-134.174,30.111,40.379,135.451,129.329,140.07,214.45,54.62,183.3,129.7
4384,605245.014266,71.574,54,-135.991,28.676,43.522,137.696,131.677,137.67,212.54,58.81,186.73,132.04
4385,605245.018102,71.678,55,-135.537,27.634,43.921,139.718,131.252,138.23,211.08,59.37,189.35,131.64
4386,605245.025794,72.348,48,-136.919,26.863,40.951,135.045,130.894,136.55,210.3,55.52,182.44,131.37
4387,605245.029692,71.435,55,-135.548,28.554,43.681,137.198,131.879,138.18,212.3,59.06,185.61,132.25
4388,605245.03303,71.663,57,-135.101,28.204,44.147,140.321,131.56,138.87,211.9,59.66,190.44,131.92
4389,605245.037754,73.276,51,-135.942,27.873,41.195,143.153,130.747,137.76,211.46,55.68,193.8,131.13
4390,605245.042078,71.429,54,-134.999,29.007,43.967,138.055,132.157,139.04,213.01,59.46,187.19,132.5
4391,605245.050044,71.483,57,-134.892,28.037,44.52,140.185,131.786,139.29,211.8,60.22,189.44,132.14
4392,605245.054031,72.918,53,-135.438,28.029,41.484,141.23,131.051,138.51,211.77,56.14,190.18,131.43
4393,605245.057797,71.309,54,-134.84,28.869,44.334,138.341,132.411,139.25,212.83,59.98,186.87,132.76
4394,605245.061112,71.254,57,-134.476,28.265,44.91,139.741,131.981,139.76,212.03,60.72,189.31,132.33
4395,605245.078525,71.036,56,-134.611,28.108,45.364,139.594,132.115,139.58,211.8,61.36,188.69,132.46
4396,605245.081504,73.142,47,-135.783,27.237,42.209,145.55,131.613,137.88,210.54,57.04,197.85,131.95
4397,605245.085734,70.88,55,-134.998,28.107,44.95,137.234,132.962,139.03,211.78,60.73,186.37,133.31
4398,605245.090432,70.011,55,-135.946,27.589,45.56,133.278,132.763,137.76,211.14,61.58,180.54,133.28
4399,605245.094007,72.32,57,-135.073,28.058,43.049,141.751,131.824,138.84,211.63,58.19,192.13,132.17
4400,605245.102633,70.642,56,-135.285,27.845,45.61,137.599,132.967,138.65,211.44,61.65,186.42,133.34
4401,605245.105456,69.738,57,-136.51,27.303,46.335,133.794,132.777,136.96,210.7,62.63,181.26,133.22
4402,605245.109333,71.532,52,-136.415,27.16,43.626,137.718,132.559,136.98,210.39,58.94,186.56,132.96
4403,605245.114715,70.372,60,-135.695,27.54,46.036,137.046,133.217,138.05,210.98,62.2,185.95,133.59
4404,605245.117222,70.391,61,-135.738,28.591,46.727,139.237,132.366,138.05,212.45,63.16,188.63,132.73
4405,605245.125401,71.007,51,-136.663,27.582,44.782,137.597,132.405,136.71,211.03,60.52,185.77,132.78
4406,605245.129359,69.96,59,-136.412,27.114,47.075,137.374,133.197,137.14,210.46,63.63,185.97,133.56
4407,605245.134322,70.017,60,-136.426,28.28,47.394,138.684,132.349,137.09,211.99,64.03,188.12,132.74
4408,605245.136982,71.403,55,-136.949,27.904,44.891,140.766,132.246,136.23,211.35,60.69,190.17,132.63
4409,605245.141949,69.767,59,-137.052,27.56,47.386,137.021,133.156,136.25,211.03,64.0,185.75,133.53
4410,605245.149822,69.638,59,-137.027,28.674,48.151,138.381,132.207,136.29,212.53,65.03,187.75,132.61
4411,605245.153618,70.842,57,-137.442,28.16,45.955,140.03,132.075,135.62,211.73,62.11,189.36,132.46
4412,605245.162193,69.357,59,-137.575,28.69,48.809,138.448,132.149,135.51,212.51,65.95,187.51,132.56
4413,605245.16726,70.831,56,-137.816,28.573,45.999,140.086,131.901,135.29,212.45,62.27,188.77,132.27
4414,605245.174501,68.78,57,-138.361,27.926,49.332,136.294,132.987,134.45,211.47,66.66,184.31,133.38
4415,605245.177438,68.874,66,-137.932,29.09,49.688,137.862,131.79,135.04,213.06,67.11,186.85,132.21
4416,605245.183459,70.662,57,-138.259,28.644,46.697,141.017,132.109,134.64,212.45,63.22,190.19,132.53
4417,605245.185072,68.414,58,-138.116,28.296,49.769,135.28,132.454,135.0,212.19,67.27,182.5,132.83
4418,605245.190829,68.861,65,-137.876,29.276,49.735,137.914,131.756,135.15,213.33,67.17,187.03,132.16
4419,605245.19357,70.468,53,-137.936,29.041,47.008,140.599,132.08,135.04,213.01,63.48,190.67,132.48
4420,605245.20143,68.615,57,-137.957,28.301,50.288,137.917,132.55,135.05,212.03,67.94,186.79,132.94
4421,605245.205489,68.429,64,-137.186,29.781,50.356,136.968,131.454,136.16,214.07,68.03,185.68,131.86
4422,605245.209363,70.03,57,-136.666,29.707,47.796,139.948,132.28,136.81,213.97,64.58,189.57,132.67
4423,605245.213029,68.619,59,-136.915,28.311,50.034,137.242,132.221,136.38,211.97,67.62,185.86,132.61
4424,605245.218302,68.61,65,-136.266,29.364,49.898,136.814,131.411,137.43,213.56,67.48,184.88,131.79
4425,605245.226726,70.194,57,-136.343,29.435,47.435,139.993,131.9,137.09,213.48,64.07,189.6,132.33
4426,605245.229847,68.097,60,-136.309,28.981,51.055,136.862,132.143,137.14,212.85,69.01,185.18,132.58
4427,605245.233824,67.632,62,-135.07,29.615,51.028,134.09,130.738,138.88,213.72,68.98,181.09,131.03
4428,605245.23713,70.27,60,-135.409,29.235,47.536,140.812,131.875,138.5,213.33,64.23,190.91,132.24
4429,605245.254147,70.137,53,-135.167,28.911,47.858,140.853,131.518,138.79,212.85,64.68,191.07,131.89
4430,605245.257499,68.082,61,-134.963,29.261,51.268,137.343,131.713,138.97,213.24,69.32,185.89,132.14
4431,605245.261345,67.392,60,-135.362,28.367,51.618,134.27,131.212,138.26,211.9,69.84,180.97,131.72
4432,605245.267172,70.136,57,-135.165,28.876,47.809,140.698,131.656,138.77,212.77,64.62,190.6,132.01
4433,605245.268891,67.957,58,-135.234,29.262,51.689,137.725,131.473,138.51,213.15,69.92,185.9,131.91
4434,605245.277905,67.625,64,-135.164,28.561,51.612,135.58,130.733,138.74,212.32,69.82,183.24,131.13
4435,605245.28242,69.021,52,-134.724,29.619,48.253,134.777,130.96,139.46,213.9,65.27,181.77,131.33
4436,605245.285394,67.694,63,-135.596,29.471,52.165,137.438,131.157,138.22,213.59,70.51,186.35,131.57
4437,605245.289643,66.926,66,-136.608,28.347,52.255,133.333,130.839,136.82,212.04,70.62,180.68,131.29
4438,605245.294373,69.544,55,-136.056,29.225,48.609,139.09,131.267,137.71,213.43,65.65,187.78,131.54
4439,605245.301343,67.724,59,-136.139,29.762,52.593,138.739,130.804,137.57,214.05,71.12,187.59,131.23
4440,605245.306386,67.02,60,-136.373,29.156,52.672,134.915,130.05,137.19,213.16,71.3,181.93,130.39
4441,605245.309254,69.393,54,-136.62,29.551,49.01,139.25,131.077,136.89,213.77,66.22,188.71,131.46
4442,605245.313493,67.603,59,-136.587,29.881,52.799,138.574,130.614,136.93,214.18,71.37,187.61,131.03
4443,605245.31821,66.713,63,-137.222,29.209,53.064,134.227,130.017,135.96,213.18,71.73,181.61,130.49
4444,605245.322113,69.55,54,-137.124,29.859,49.316,141.149,131.143,136.21,214.18,66.62,191.45,131.54
4445,605245.329601,67.29,57,-137.13,30.005,53.159,137.691,130.357,136.17,214.33,71.89,185.8,130.78
4446,605245.337733,68.341,51,-138.519,28.547,49.892,135.179,131.567,134.26,212.32,67.51,182.78,132.03
4447,605245.343006,67.322,63,-137.018,30.122,53.152,137.862,130.072,136.26,214.42,71.85,186.61,130.51
4448,605245.345817,66.57,63,-136.074,30.55,52.964,133.202,128.724,137.56,215.03,71.57,180.35,129.06
4449,605245.353678,69.346,51,-136.437,30.6,49.107,139.219,130.626,137.16,215.21,66.35,188.64,131.01
4450,605245.357819,67.497,59,-136.643,30.349,53.082,138.693,129.771,136.87,214.82,71.76,187.77,130.18
4451,605245.361582,66.707,68,-135.776,30.212,52.47,132.691,128.842,138.0,214.6,70.94,179.77,129.26
4452,605245.365261,68.48,50,-135.497,30.743,49.488,134.908,130.03,138.53,215.51,66.87,182.52,130.34
4453,605245.369769,67.931,59,-135.855,29.998,52.329,139.275,129.855,137.83,214.25,70.76,188.51,130.25
4454,605245.37781,66.896,64,-135.878,30.444,52.414,133.573,128.614,137.8,214.85,70.89,180.85,129.06
4455,605245.381675,68.065,56,-137.124,29.659,50.166,134.292,131.364,136.01,213.73,67.77,181.81,131.83
4456,605245.385937,67.583,66,-135.976,29.141,52.356,137.294,129.686,137.71,213.13,70.77,186.14,130.1
4457,605245.388844,67.202,67,-135.105,29.984,51.622,133.225,128.378,138.84,214.23,69.81,180.14,128.76
4458,605245.394267,69.544,52,-135.597,30.003,48.797,139.629,130.513,138.21,214.29,65.99,189.38,130.94
4459,605245.397659,68.016,59,-135.333,29.828,51.868,138.554,129.388,138.62,214.11,70.15,187.58,129.79
4460,605245.407186,67.486,67,-134.816,30.029,51.158,133.602,128.255,139.21,214.28,69.22,180.86,128.71
4461,605245.409121,69.56,52,-135.449,29.614,48.738,139.557,130.533,138.45,213.83,65.86,189.35,130.93
4462,605245.413643,68.21,61,-135.145,29.595,51.24,138.035,129.433,138.83,213.75,69.31,186.72,129.82
4463,605245.430903,67.549,57,-136.261,29.053,51.307,134.349,129.93,137.16,212.92,69.35,181.64,130.42
4464,605245.433341,67.58,68,-134.578,30.324,50.692,132.912,128.018,139.65,214.81,68.58,179.89,128.39
4465,605245.437586,69.303,58,-135.827,29.395,48.493,137.208,130.519,137.83,213.41,65.57,186.09,130.97
4466,605245.441027,68.43,62,-135.043,30.206,51.03,138.803,129.214,138.96,214.58,69.01,187.87,129.59
4467,605245.445752,67.662,65,-134.643,30.517,50.454,132.751,128.057,139.53,215.02,68.24,179.87,128.46
4468,605245.449565,69.254,50,-137.296,28.635,48.113,135.826,131.198,135.94,212.5,65.04,183.57,131.59
4469,605245.457425,68.074,59,-135.925,29.995,50.907,136.33,129.427,137.66,214.25,68.78,184.31,129.93
4470,605245.461516,68.451,63,-135.319,30.185,49.754,135.46,128.368,138.56,214.52,67.29,183.37,128.79
4471,605245.464979,69.469,57,-136.01,29.635,48.291,137.695,130.425,137.66,213.8,65.3,186.47,130.8
4472,605245.470064,68.64,60,-135.475,30.777,50.597,138.916,129.024,138.44,215.39,68.42,188.12,129.45
4473,605245.473667,67.9,64,-134.9,30.734,49.885,132.592,127.962,139.13,215.29,67.48,179.57,128.33
4474,605245.481777,69.346,58,-136.039,29.427,48.217,136.7,130.386,137.73,213.65,65.18,184.91,130.75
4475,605245.486467,68.827,63,-135.522,30.87,50.311,139.297,128.941,138.34,215.47,68.08,188.68,129.35
4476,605245.489479,68.309,61,-136.113,30.009,49.669,134.387,128.391,137.52,214.3,67.16,182.06,128.82
4477,605245.492772,69.92,52,-136.735,29.441,47.554,138.508,130.639,136.82,213.65,64.49,187.15,131.03
4478,605245.498418,69.065,57,-135.74,30.823,49.819,139.432,128.91,138.11,215.46,67.45,188.36,129.33
4479,605245.506796,69.09,61,-136.114,30.241,48.623,136.239,127.931,137.54,214.63,65.75,184.55,128.35
4480,605245.518507,69.665,60,-136.051,30.021,47.676,137.195,128.187,137.59,214.31,64.5,185.33,128.6
4481,605245.521755,69.671,56,-137.955,28.478,46.835,134.816,130.725,135.04,212.26,63.29,182.46,131.16
4482,605245.525784,69.707,57,-136.522,29.551,48.58,140.071,129.33,136.98,213.72,65.68,189.44,129.74
4483,605245.533943,69.494,57,-136.324,30.538,47.419,135.364,127.728,137.28,215.07,64.11,183.35,128.13
4484,605245.537526,69.826,59,-137.059,29.869,47.369,137.354,130.552,136.28,214.17,64.0,186.27,130.95
4485,605245.541146,68.873,54,-137.737,28.08,48.618,134.888,129.738,135.15,211.65,65.63,182.59,130.3
4486,605245.54741,69.528,60,-135.643,29.827,46.846,133.946,127.977,138.2,214.12,63.34,181.38,128.36
4487,605245.549001,70.471,61,-136.883,28.879,46.103,137.918,130.81,136.53,212.82,62.37,186.86,131.19
4488,605245.557856,69.839,57,-136.294,29.877,48.299,140.136,129.493,137.34,214.2,65.31,189.35,129.84
4489,605245.561688,70.319,58,-135.742,29.062,46.314,137.521,128.608,138.1,213.03,62.79,185.7,128.99
4490,605245.56497,70.101,59,-136.481,27.961,46.461,136.504,130.93,137.03,211.56,62.8,185.07,131.32
4491,605245.568911,70.199,54,-135.177,29.671,47.433,140.024,129.376,138.86,213.94,64.15,189.48,129.76
4492,605245.574488,69.834,56,-135.174,30.4,46.111,133.758,128.323,138.74,214.76,62.46,180.68,128.82
4493,605245.581043,69.901,61,-136.872,28.838,46.221,134.502,131.277,136.38,212.67,62.46,181.98,131.71
4494,605245.585781,70.064,54,-135.342,29.487,47.196,138.415,129.6,138.53,213.62,63.79,187.46,130.0
4495,605245.58977,70.217,59,-134.758,30.412,45.474,134.355,128.325,139.44,214.97,61.49,181.82,128.68
4496,605245.593457,70.628,61,-135.772,29.466,45.61,137.502,130.914,138.01,213.63,61.64,186.54,131.3
4497,605245.610446,70.06,57,-136.944,28.807,45.618,133.759,131.478,136.42,212.69,61.66,181.36,131.82
4498,605245.613452,70.577,58,-135.27,29.454,46.85,140.883,130.078,138.65,213.58,63.32,191.11,130.46
4499,605245.617314,70.859,49,-135.038,30.282,44.704,136.334,128.776,138.83,214.56,60.5,184.78,129.23
4500,605245.622917,70.588,58,-135.738,29.782,45.593,137.177,131.135,138.02,214.03,61.6,186.09,131.52
4501,605245.626297,70.564,55,-135.33,29.195,46.465,139.639,130.25,138.62,213.28,62.84,188.97,130.62
4502,605245.633445,70.879,55,-134.906,30.117,44.432,135.642,129.013,139.09,214.42,60.12,183.43,129.43
4503,605245.63774,70.349,57,-136.226,29.208,45.27,134.615,131.64,137.17,213.11,61.22,181.63,132.08
4504,605245.641504,70.673,60,-135.267,28.852,46.317,139.945,130.52,138.61,212.72,62.62,189.69,130.88
4505,605245.645265,71.163,51,-134.986,29.909,43.936,136.075,128.979,139.31,214.45,59.45,183.6,129.27
4506,605245.64921,70.645,64,-135.519,29.681,45.385,136.941,131.31,138.36,213.91,61.38,185.65,131.67
4507,605245.658029,69.955,54,-136.729,27.349,46.246,134.925,131.089,136.68,210.74,62.52,182.63,131.48
4508,605245.661539,71.059,58,-134.682,29.462,43.702,134.634,129.064,139.64,213.77,59.11,181.97,129.38
4509,605245.665599,70.927,64,-135.883,28.45,44.829,137.189,131.797,137.87,212.26,60.65,185.6,132.13
4510,605245.669251,70.029,49,-134.417,30.087,45.953,134.546,130.434,139.8,214.48,62.11,182.42,130.77
4511,605245.674229,71.535,59,-135.559,28.85,43.849,138.442,129.942,138.31,212.78,59.34,187.36,130.34
4512,605245.676918,71.153,60,-135.901,28.497,44.45,137.596,131.672,137.88,212.36,60.1,186.2,132.04
4513,605245.685564,71.253,54,-135.744,29.033,45.512,141.61,130.959,137.91,212.95,61.52,191.67,131.37
4514,605245.697742,70.845,48,-136.318,29.086,45.735,139.38,130.991,136.96,212.89,61.86,187.7,131.46
4515,605245.70101,71.31,57,-136.272,28.474,44.17,137.841,130.446,137.37,212.28,59.79,186.3,130.85
4516,605245.709555,70.583,60,-137.1,27.365,44.862,134.95,132.386,136.05,210.65,60.64,182.47,132.81
4517,605245.713059,71.372,56,-136.1,28.704,45.419,142.193,131.128,137.59,212.61,61.4,192.54,131.52
4518,605245.716958,71.762,52,-136.761,28.766,43.453,138.84,130.127,136.67,212.67,58.73,188.02,130.52
4519,605245.721843,70.295,57,-137.459,28.119,45.048,133.602,132.605,135.62,211.73,60.85,181.0,133.03
4520,605245.725048,70.962,58,-136.228,28.435,45.862,140.594,131.198,137.43,212.25,62.08,189.42,131.56
4521,605245.734567,72.119,51,-136.949,28.282,42.922,139.792,130.546,136.33,211.96,57.98,189.75,130.91
4522,605245.737853,70.677,55,-136.881,28.26,44.9,135.696,132.38,136.43,211.93,60.66,183.94,132.77
4523,605245.742289,70.786,52,-135.161,29.398,45.029,136.826,131.015,138.99,213.76,60.91,184.08,131.29
4524,605245.745668,71.988,61,-136.019,28.789,42.993,139.038,130.639,137.71,212.72,58.2,187.83,131.03
4525,605245.750313,71.253,61,-136.15,28.778,44.36,138.028,132.143,137.41,212.63,59.96,187.02,132.52
4526,605245.753703,70.824,49,-135.344,28.866,45.364,138.105,131.136,138.71,212.99,61.36,185.92,131.39
4527,605245.762058,72.408,52,-136.711,27.907,42.759,141.476,130.495,136.67,211.46,57.76,192.46,130.83
4528,605245.765441,70.781,53,-136.643,28.168,44.84,136.216,132.567,136.74,211.8,60.58,184.61,132.96
4529,605245.768875,71.129,58,-135.723,28.023,45.35,140.211,131.583,138.05,211.66,61.33,189.51,131.97
4530,605245.786264,70.115,53,-135.095,28.704,45.72,134.417,131.353,138.8,212.58,61.82,182.28,131.62
4531,605245.789733,72.654,55,-137.214,27.099,42.557,142.745,130.803,135.93,210.32,57.53,193.4,131.17
4532,605245.794147,70.713,59,-136.992,27.838,45.137,136.657,132.647,136.36,211.42,61.04,184.94,133.02
4533,605245.797225,70.991,59,-136.449,27.845,45.667,140.202,131.93,136.99,211.35,61.73,189.83,132.32
4534,605245.802567,72.505,52,-137.091,27.637,42.738,142.164,131.059,136.31,211.2,57.75,192.69,131.44
4535,605245.810229,69.944,58,-137.89,27.25,45.591,132.944,132.819,135.09,210.59,61.58,180.31,133.24
4536,605245.813411,70.759,59,-136.594,27.719,46.005,139.601,131.942,136.94,211.33,62.14,189.09,132.28
4537,605245.818579,72.078,51,-136.89,27.952,42.904,139.421,131.07,136.53,211.63,57.98,188.74,131.41
4538,605245.820781,70.718,55,-137.262,27.786,45.523,137.857,132.844,135.94,211.3,61.48,187.03,133.22
4539,605245.826169,69.837,51,-136.018,28.45,46.082,133.69,131.847,137.56,212.19,62.25,181.22,132.16
4540,605245.829682,72.218,56,-137.645,27.23,43.022,140.871,131.414,135.37,210.52,58.16,190.32,131.81
4541,605245.837885,70.528,61,-137.415,27.837,45.681,137.035,132.834,135.78,211.42,61.72,185.61,133.21
4542,605245.841696,69.645,52,-137.885,26.677,46.23,132.907,133.064,135.05,209.79,62.45,180.23,133.5
4543,605245.845284,72.342,57,-137.917,27.047,43.106,142.102,131.507,135.12,210.35,58.29,191.7,131.89
4544,605245.850352,70.505,58,-137.354,27.897,45.843,137.367,132.943,135.83,211.47,61.97,185.85,133.3
4545,605245.854082,70.504,57,-136.947,27.354,46.588,139.591,132.325,136.39,210.74,62.94,189.4,132.71
4546,605245.86707,70.237,58,-137.394,28.201,46.457,137.393,132.8,135.78,211.87,62.76,186.03,133.19
4547,605245.870594,70.005,57,-137.115,27.188,47.067,137.647,132.223,136.18,210.54,63.6,186.39,132.6
4548,605245.873065,71.172,49,-136.091,28.629,43.625,135.175,131.381,137.6,212.56,58.95,182.98,131.71
4549,605245.878857,69.802,62,-137.413,27.827,46.957,136.002,132.985,135.72,211.35,63.42,184.37,133.38
4550,605245.886057,70.102,60,-136.783,28.265,47.317,139.027,132.287,136.56,211.93,63.94,188.35,132.68
4551,605245.890527,71.567,50,-136.958,28.348,44.312,140.143,131.56,136.36,212.08,59.9,189.7,131.94
4552,605245.89393,69.86,57,-136.985,28.332,47.293,137.357,132.94,136.27,211.99,63.89,186.06,133.32
4553,605245.897471,69.695,58,-136.549,28.311,47.92,138.09,132.174,137.01,212.14,64.77,186.8,132.52
4554,605245.902715,71.485,49,-136.551,28.579,44.512,140.173,131.599,136.94,212.41,60.18,189.78,131.92
4555,605245.906064,69.39,59,-136.966,28.346,47.767,135.699,133.066,136.32,212.06,64.54,183.66,133.48
4556,605245.914305,69.478,61,-136.083,28.52,48.346,137.906,132.141,137.56,212.32,65.32,187.07,132.53
4557,605245.918288,71.643,51,-136.645,28.354,44.646,141.76,131.89,136.66,212.0,60.36,191.52,132.29
4558,605245.921495,69.161,57,-136.599,28.643,48.31,135.799,132.883,136.74,212.39,65.29,183.78,133.31
4559,605245.925054,69.352,60,-135.678,28.329,48.6,137.823,132.075,138.18,212.15,65.69,186.56,132.43
4560,605245.930483,71.298,52,-135.925,28.298,45.155,140.824,131.983,137.94,212.22,61.07,190.0,132.29
4561,605245.938506,69.393,60,-135.81,28.79,48.315,137.274,132.766,137.86,212.64,65.28,186.11,133.16
4562,605245.94963,69.271,59,-135.408,28.828,48.723,137.653,132.584,138.46,212.75,65.83,186.61,132.95
4563,605245.954438,68.8,61,-134.955,27.839,49.23,136.135,131.881,139.07,211.39,66.54,184.62,132.26
4564,605245.957772,71.317,51,-135.579,27.418,45.46,141.913,132.096,138.36,210.95,61.46,191.9,132.46
4565,605245.965563,68.918,60,-135.285,28.08,49.215,136.823,132.554,138.61,211.7,66.57,184.8,132.95
4566,605245.968977,68.596,63,-135.116,28.067,49.642,136.026,131.858,138.74,211.61,67.13,184.03,132.28
4567,605245.973778,70.794,54,-135.529,27.982,46.156,140.31,131.945,138.27,211.56,62.39,190.06,132.29
4568,605245.978148,68.519,57,-135.82,27.829,49.769,135.911,132.695,137.72,211.23,67.32,183.24,133.16
4569,605245.982425,68.553,63,-135.609,27.533,50.066,136.927,131.917,138.27,211.04,67.7,185.28,132.31
4570,605245.99083,70.214,49,-136.936,26.87,46.723,138.028,132.214,136.03,209.79,63.18,185.62,132.69
4571,605245.993185,68.317,62,-136.048,27.87,50.269,136.058,132.469,137.52,211.37,67.95,184.24,132.88
4572,605245.998294,68.216,60,-135.949,27.706,50.62,136.402,131.871,137.88,211.33,68.45,184.55,132.24
4573,605246.000999,70.369,55,-136.702,27.638,47.099,140.192,131.839,136.69,211.09,63.65,189.84,132.2
4574,605246.00634,68.219,62,-136.425,28.336,50.937,137.274,132.193,137.09,212.05,68.82,186.21,132.59
4575,605246.0144,68.022,64,-136.27,27.784,51.087,136.502,131.583,137.27,211.28,69.06,184.87,132.0
4576,605246.01748,70.13,50,-136.93,27.862,47.409,139.488,131.818,136.45,211.47,64.05,189.04,132.19
4577,605246.021899,67.747,62,-137.054,28.427,51.307,135.483,132.293,136.19,212.13,69.36,183.18,132.74
4578,605246.025239,67.775,66,-136.529,28.158,51.591,136.398,131.371,136.97,211.81,69.72,184.95,131.78
4579,605246.034457,67.74,64,-136.758,29.202,51.799,136.742,131.801,136.68,213.26,69.98,185.34,132.19
4580,605246.042587,67.529,64,-136.765,28.133,51.954,135.928,131.09,136.65,211.79,70.26,183.66,131.53
4581,605246.045565,68.851,50,-135.676,29.574,48.313,133.907,131.426,138.11,213.78,65.28,181.5,131.77
4582,605246.049507,67.705,61,-136.732,28.885,52.073,137.26,131.702,136.68,212.79,70.35,186.14,132.12
4583,605246.054777,67.601,60,-136.615,29.006,52.129,136.803,131.015,136.89,213.0,70.46,185.25,131.42
4584,605246.057275,69.852,52,-136.947,29.058,48.53,140.891,131.696,136.37,213.02,65.53,191.44,132.1
4585,605246.065283,67.347,56,-136.923,29.038,52.499,136.309,131.408,136.42,213.0,70.93,184.75,131.83
4586,605246.070161,67.413,64,-136.477,28.933,52.292,136.15,130.655,137.07,212.89,70.68,184.46,131.06
4587,605246.072969,69.598,54,-136.699,28.947,48.893,140.256,131.503,136.8,212.95,66.05,190.12,131.91
4588,605246.081963,67.415,61,-136.277,29.099,52.348,136.304,130.551,137.31,213.09,70.75,184.82,130.97
4589,605246.090652,69.315,53,-136.107,29.564,49.012,138.757,131.37,137.63,213.85,66.23,187.7,131.71
4590,605246.094218,67.071,58,-136.253,29.01,52.553,134.896,131.014,137.45,213.06,71.07,182.07,131.41
4591,605246.097431,67.74,64,-136.228,28.792,51.565,136.12,130.511,137.38,212.69,69.72,184.19,130.92
4592,605246.1013,69.35,55,-136.758,28.545,49.087,139.19,131.233,136.58,212.25,66.35,188.75,131.63
4593,605246.106599,66.903,60,-137.313,28.258,52.133,132.894,131.353,135.93,211.97,70.46,180.02,131.8
4594,605246.114401,67.511,64,-136.263,28.751,52.128,136.278,130.302,137.29,212.58,70.48,184.52,130.73
4595,605246.126278,67.568,63,-136.167,28.631,51.966,136.184,130.15,137.5,212.47,70.26,184.48,130.58
4596,605246.12958,69.012,55,-136.138,29.128,49.092,137.064,130.942,137.77,213.44,66.39,184.45,131.24
4597,605246.133515,66.584,52,-136.268,28.993,52.58,132.309,129.995,137.23,212.83,71.07,178.42,130.3
4598,605246.141472,67.333,69,-136.14,28.233,52.084,135.151,129.962,137.49,211.9,70.42,183.18,130.38
4599,605246.14582,68.863,52,-137.87,27.317,48.9,135.607,131.955,134.95,210.54,66.07,183.19,132.44
4600,605246.149049,67.581,62,-136.29,29.098,52.372,137.322,130.461,137.15,212.97,70.81,185.59,130.9
4601,605246.154735,67.383,69,-136.106,28.075,52.016,135.259,129.847,137.52,211.66,70.36,183.32,130.28
4602,605246.157465,68.693,57,-137.562,27.095,49.36,135.842,131.706,135.34,210.22,66.73,183.28,132.2
4603,605246.165542,67.835,60,-136.181,29.093,52.304,138.635,130.213,137.43,213.07,70.7,187.96,130.63
4604,605246.169726,67.189,66,-136.345,28.568,52.201,134.643,129.429,137.23,212.36,70.57,182.47,129.85
4605,605246.173494,68.479,54,-138.127,27.265,49.787,135.717,131.926,134.69,210.57,67.2,183.39,132.38
4606,605246.177014,67.569,64,-136.636,29.116,52.515,137.632,130.154,136.79,213.08,71.01,186.01,130.62
4607,605246.182417,67.271,66,-136.667,28.423,52.176,135.041,129.3,136.79,212.16,70.57,182.69,129.71
4608,605246.185916,69.009,60,-137.356,28.086,49.709,138.77,131.298,135.97,211.86,67.16,187.68,131.64
4609,605246.193934,67.268,57,-136.371,29.618,52.55,135.995,129.664,137.2,213.82,71.07,183.65,130.1
4610,605246.197984,67.323,69,-136.84,28.552,52.046,134.997,129.258,136.56,212.33,70.36,182.93,129.69
4611,605246.200899,68.629,56,-138.091,27.768,49.679,136.328,131.378,134.83,211.28,67.12,184.47,131.8
4612,605246.218594,69.329,55,-137.876,28.096,49.497,140.217,131.48,135.26,211.83,66.9,189.4,131.8
4613,605246.221488,67.713,56,-136.648,29.559,52.23,137.717,129.546,136.83,213.72,70.6,186.51,129.97
4614,605246.224962,67.628,68,-136.927,28.658,51.304,134.792,128.95,136.47,212.51,69.37,182.51,129.36
4615,605246.229549,68.405,58,-138.472,27.435,49.607,134.785,131.503,134.18,210.71,67.05,182.03,131.96
4616,605246.234923,68.169,62,-136.876,28.955,51.685,138.985,129.823,136.55,212.94,69.84,188.61,130.26
4617,605246.243059,67.28,68,-136.438,29.165,51.297,132.818,128.509,137.07,213.14,69.36,179.87,128.92
4618,605246.245311,68.844,58,-137.869,28.007,49.381,136.826,131.436,135.27,211.71,66.72,185.38,131.82
4619,605246.249573,67.708,59,-136.395,29.438,51.502,135.773,129.283,137.24,213.64,69.62,183.67,129.66
4620,605246.253201,68.336,67,-136.896,28.592,50.08,135.656,128.945,136.48,212.4,67.7,183.84,129.36
4621,605246.258004,69.111,60,-137.136,28.541,48.813,136.9,130.669,136.19,212.38,66.01,184.74,131.03
4622,605246.26233,68.026,59,-136.808,28.99,51.082,136.512,129.669,136.71,213.06,69.05,184.53,130.05
4623,605246.269926,68.043,64,-136.755,29.363,50.164,134.162,128.397,136.73,213.5,67.83,181.54,128.79
4624,605246.274314,68.536,61,-138.508,28.046,49.148,134.318,131.485,134.11,211.58,66.58,181.19,131.95
4625,605246.27714,68.222,59,-137.655,28.4,50.856,137.076,129.935,135.42,212.11,68.72,185.74,130.37
4626,605246.282715,68.085,67,-136.549,29.444,49.695,133.15,128.448,136.94,213.56,67.19,180.18,128.84
4627,605246.285465,69.538,57,-137.937,28.332,48.242,137.998,131.122,135.12,212.08,65.18,187.15,131.51
4628,605246.293467,67.753,56,-138.604,28.223,50.522,133.446,130.243,134.14,211.89,68.26,180.82,130.72
4629,605246.30578,68.866,63,-136.649,29.323,50.15,139.092,129.747,136.81,213.39,67.78,188.57,130.16
4630,605246.309397,69.0,58,-136.687,29.133,48.669,135.809,129.039,136.75,213.13,65.79,184.05,129.45
4631,605246.318909,69.78,59,-136.802,28.896,47.797,138.294,130.863,136.61,212.84,64.58,187.58,131.26
4632,605246.321274,68.166,55,-137.674,28.577,49.61,133.391,130.533,135.52,212.45,67.02,180.33,131.06
4633,605246.326533,69.236,65,-136.092,29.079,48.467,136.711,129.0,137.62,213.12,65.57,184.62,129.4
4634,605246.329169,69.448,58,-137.61,27.948,47.367,134.93,131.572,135.45,211.51,63.99,182.78,131.99
4635,605246.334229,69.256,59,-136.021,29.433,49.404,139.482,129.763,137.65,213.53,66.82,188.58,130.2
4636,605246.337423,69.008,63,-136.224,28.421,48.271,134.745,129.305,137.31,212.15,65.24,182.25,129.79
4637,605246.34586,69.466,59,-137.611,27.237,47.078,134.212,131.823,135.58,210.64,63.62,181.36,132.27
4638,605246.349394,69.334,59,-135.664,29.252,49.197,139.402,129.892,137.99,213.22,66.47,188.71,130.35
4639,605246.353351,68.742,67,-135.264,29.084,48.343,133.335,128.847,138.66,213.06,65.39,180.18,129.19
4640,605246.359144,69.525,58,-136.943,27.479,47.307,135.238,131.663,136.32,210.85,63.93,183.13,132.09
4641,605246.362276,69.591,56,-135.397,29.441,48.976,140.441,129.879,138.5,213.57,66.2,190.5,130.27
4642,605246.369806,69.621,60,-135.495,28.719,47.81,137.294,129.332,138.32,212.54,64.66,185.94,129.72
4643,605246.373412,69.427,61,-136.873,27.443,47.346,134.738,131.713,136.52,210.83,64.14,182.02,132.1
4644,605246.377269,69.669,59,-135.299,29.093,48.746,140.301,130.165,138.63,213.09,65.89,190.29,130.56
4645,605246.385824,69.694,51,-137.139,27.603,47.091,135.692,132.039,136.08,211.02,63.7,183.44,132.43
4646,605246.393214,69.627,57,-135.653,28.99,48.861,140.352,130.242,138.09,212.91,66.07,190.05,130.65
4647,605246.397337,69.6,58,-136.774,27.961,47.051,134.98,130.117,136.57,211.51,63.59,182.85,130.54
4648,605246.401967,69.918,57,-136.307,28.097,46.89,136.562,131.32,137.29,211.78,63.36,185.13,131.7
4649,605246.405211,69.739,58,-136.208,28.61,48.574,140.268,130.439,137.39,212.42,65.69,189.67,130.81
4650,605246.410012,70.044,58,-136.948,28.593,47.107,138.026,129.424,136.39,212.4,63.66,187.22,129.82
4651,605246.413241,69.638,60,-137.479,28.303,47.365,136.123,131.696,135.68,212.03,63.99,184.39,132.09
4652,605246.422419,68.735,52,-136.194,29.454,49.096,135.368,130.067,137.49,213.71,66.3,182.97,130.35
4653,605246.425433,69.823,61,-137.69,28.391,47.17,136.758,129.524,135.41,212.13,63.75,185.37,129.93
4654,605246.430723,69.875,61,-138.365,27.965,47.231,137.268,131.682,134.52,211.59,63.82,185.94,132.07
4655,605246.432883,69.83,58,-137.848,28.62,48.517,140.711,130.61,135.15,212.4,65.57,190.49,131.0
4656,605246.438337,69.56,54,-138.089,28.88,47.411,135.763,129.315,134.84,212.75,64.07,184.08,129.75
4657,605246.447194,69.942,59,-138.843,28.297,47.377,138.138,131.777,133.87,212.03,63.98,187.36,132.19
4658,605246.450102,69.48,59,-138.346,28.342,49.029,139.867,130.586,134.52,212.06,66.23,189.68,130.99
4659,605246.453231,70.18,58,-138.557,28.524,46.885,138.28,129.378,134.19,212.27,63.36,187.24,129.79
4660,605246.456804,69.556,56,-138.63,28.621,47.733,136.657,131.591,134.08,212.38,64.48,185.26,132.0
4661,605246.465516,69.588,58,-137.305,29.459,46.879,134.415,128.925,135.98,213.65,63.36,181.84,129.31
4662,605246.475132,69.086,62,-139.188,27.848,47.795,133.891,132.212,133.32,211.38,64.56,181.11,132.65
4663,605246.477536,69.102,62,-137.636,27.922,49.157,137.812,130.848,135.51,211.4,66.72,185.87,131.28
4664,605246.481652,69.775,57,-136.377,29.631,46.534,134.606,128.924,137.21,213.87,62.89,182.29,129.3
4665,605246.489249,69.118,64,-136.239,28.012,48.746,136.756,130.528,137.28,211.57,65.91,185.07,130.95
4666,605246.497503,70.571,54,-136.656,27.881,46.273,139.111,129.643,136.74,211.41,62.54,188.82,130.01
4667,605246.502194,69.364,54,-137.239,27.711,47.495,134.763,132.287,135.95,211.19,64.17,182.64,132.7
4668,605246.505343,69.323,57,-135.643,28.133,49.093,139.038,130.825,138.06,211.72,66.37,188.15,131.25
4669,605246.50941,69.821,56,-134.672,29.395,46.18,133.872,129.292,139.52,213.57,62.43,181.26,129.64
4670,605246.514057,69.178,66,-135.66,28.418,48.168,135.509,131.749,138.1,212.14,65.1,183.67,132.13
4671,605246.521698,69.637,58,-134.956,28.009,48.435,139.194,130.987,139.07,211.62,65.47,188.83,131.37
4672,605246.525791,69.802,57,-134.542,28.757,46.555,134.835,129.946,139.67,212.68,62.94,182.68,130.31
4673,605246.530262,69.759,63,-135.123,28.385,47.406,137.026,131.949,138.89,212.17,64.08,185.78,132.34
4674,605246.533588,69.186,58,-134.546,28.787,48.945,137.746,130.964,139.68,212.73,66.19,186.52,131.33
4675,605246.538892,70.205,57,-135.241,28.548,46.71,137.926,130.053,138.66,212.32,63.16,186.77,130.42
4676,605246.541749,68.659,61,-135.663,28.293,48.622,133.606,132.193,138.13,212.02,65.79,180.24,132.64
4677,605246.558319,68.761,64,-135.869,29.095,48.904,134.997,132.07,137.79,213.06,66.11,182.69,132.48
4678,605246.562403,68.168,52,-136.353,28.251,49.986,134.413,131.317,136.97,211.79,67.57,181.49,131.8
4679,605246.565694,69.385,59,-135.444,29.891,47.372,134.546,129.553,138.66,214.44,64.13,181.22,129.82
4680,605246.573765,68.752,65,-136.232,29.402,49.32,136.087,131.809,137.43,213.58,66.67,184.17,132.2
4681,605246.577274,68.821,61,-135.826,29.005,49.653,137.435,130.896,137.97,213.01,67.17,185.66,131.27
4682,605246.582458,70.21,58,-136.914,28.895,47.214,139.448,130.069,136.46,212.84,63.8,189.05,130.44
4683,605246.584875,68.872,62,-136.761,29.536,49.218,136.545,131.707,136.68,213.71,66.51,185.01,132.12
4684,605246.590433,68.681,63,-136.616,28.696,50.343,138.469,130.879,136.88,212.57,68.1,186.71,131.27
4685,605246.599175,69.924,56,-137.414,28.882,47.301,137.795,129.85,135.83,212.84,63.95,186.19,130.24
4686,605246.601808,68.451,62,-137.461,29.316,49.896,135.847,131.45,135.73,213.4,67.45,183.57,131.85
4687,605246.605558,68.645,59,-136.972,28.121,50.241,137.97,130.678,136.38,211.78,67.89,187.07,131.08
4688,605246.608868,70.001,58,-137.624,27.931,47.35,138.453,129.856,135.58,211.57,64.0,187.38,130.26
4689,605246.61426,68.356,60,-137.966,27.974,49.838,135.121,131.769,135.01,211.55,67.33,183.15,132.19
4690,605246.622793,68.458,60,-137.42,28.489,50.818,138.397,130.723,135.78,212.27,68.66,187.71,131.14
4691,605246.625684,69.113,53,-138.391,27.57,47.666,133.692,129.946,134.43,211.01,64.41,181.13,130.39
4692,605246.629651,68.031,65,-137.791,27.521,50.512,135.023,131.568,135.24,210.93,68.25,183.02,131.99
4693,605246.638387,69.923,61,-137.155,27.918,47.475,138.301,130.187,136.18,211.52,64.21,187.3,130.59
4694,605246.643047,68.487,64,-137.573,27.438,49.622,135.316,131.498,135.54,210.82,67.05,183.41,131.91
4695,605246.649653,68.577,62,-136.857,28.527,50.273,137.638,130.586,136.54,212.33,67.94,186.67,131.0
4696,605246.653405,69.592,61,-136.739,27.911,47.966,137.555,130.325,136.61,211.43,64.85,186.16,130.74
4697,605246.657753,68.062,65,-137.328,26.983,49.909,133.587,131.853,135.8,210.16,67.45,180.89,132.29
4698,605246.661391,68.484,64,-136.083,28.879,50.51,137.718,130.428,137.57,212.8,68.26,186.82,130.84
4699,605246.666292,69.764,59,-135.649,28.608,48.064,138.956,130.37,138.01,212.31,65.05,187.79,130.82
4700,605246.673572,68.251,60,-136.172,27.264,50.306,135.764,131.451,137.54,210.68,68.03,183.8,131.84
4701,605246.677508,68.306,64,-135.319,28.448,50.584,136.845,130.542,138.61,212.23,68.38,185.61,130.95
4702,605246.681433,70.093,54,-135.954,28.327,47.344,139.046,130.31,137.75,212.06,63.97,188.81,130.69
4703,605246.685102,67.663,66,-136.153,27.972,50.707,133.423,131.766,137.36,211.5,68.52,180.73,132.23
4704,605246.690893,68.184,64,-134.838,28.687,50.913,137.001,130.48,139.29,212.56,68.85,185.78,130.86
4705,605246.693446,70.205,54,-135.331,28.424,47.378,139.901,130.486,138.58,212.2,64.05,189.56,130.86
4706,605246.702652,67.961,59,-135.508,28.199,50.578,134.786,131.542,138.24,211.8,68.38,182.48,131.97
4707,605246.70616,68.362,66,-134.682,28.934,50.419,136.732,130.588,139.37,212.81,68.19,185.04,131.01
4708,605246.709281,69.307,57,-133.911,30.354,47.383,134.093,129.453,140.53,214.86,64.05,181.69,129.81
4709,605246.717811,68.299,65,-134.939,28.906,50.737,137.217,130.424,139.12,212.84,68.59,186.16,130.83
4710,605246.726483,69.407,48,-136.515,27.948,47.584,135.287,130.652,136.8,211.4,64.34,183.1,131.13
4711,605246.729926,67.549,57,-134.985,29.379,51.05,133.675,130.81,139.22,213.66,69.04,180.3,131.19
4712,605246.733386,68.181,61,-135.34,28.626,50.955,137.096,130.367,138.5,212.39,68.9,185.57,130.77
4713,605246.73735,70.013,48,-136.071,28.734,47.369,138.586,130.111,137.84,212.8,64.05,186.84,130.42
4714,605246.742756,68.01,62,-136.459,28.856,50.782,135.621,131.08,137.03,212.74,68.62,183.86,131.5
4715,605246.750426,68.176,62,-136.261,28.084,50.991,137.165,130.401,137.41,211.79,68.95,185.6,130.78
4716,605246.753706,69.211,48,-135.516,29.349,47.279,133.208,130.237,138.34,213.49,63.89,180.69,130.6
4717,605246.757937,68.176,64,-137.038,28.736,50.86,136.812,130.892,136.31,212.62,68.71,185.64,131.29
4718,605246.761064,67.389,62,-137.904,27.34,51.292,133.411,130.698,135.03,210.62,69.32,180.81,131.18
4719,605246.765529,70.55,52,-138.155,27.567,47.16,141.626,130.253,134.68,210.94,63.75,191.37,130.65
4720,605246.76911,68.129,60,-137.69,28.509,50.944,136.755,130.771,135.4,212.28,68.83,185.4,131.19
4721,605246.777898,68.1,62,-137.67,27.827,51.124,137.065,130.154,135.44,211.37,69.09,185.79,130.58
4722,605246.782351,70.794,49,-138.549,27.619,46.995,142.86,130.256,134.21,211.07,63.57,192.35,130.63
4723,605246.784855,68.069,59,-138.386,28.248,51.02,136.602,130.746,134.42,211.88,68.94,184.96,131.16
4724,605246.790263,67.651,61,-138.73,27.05,50.992,134.104,130.459,133.84,210.21,68.97,180.55,130.99
4725,605246.79435,70.456,58,-138.619,27.166,47.148,140.937,130.645,134.17,210.49,63.69,191.12,131.04
4726,605246.806437,68.032,60,-137.762,27.844,51.007,136.351,129.874,135.39,211.46,68.96,184.4,130.27
4727,605246.810239,70.808,51,-137.711,28.07,46.84,142.487,130.874,135.41,211.75,63.27,193.28,131.26
4728,605246.813415,68.345,55,-138.102,27.68,50.819,137.712,130.63,134.75,211.08,68.7,186.18,131.08
4729,605246.818392,68.251,61,-137.157,27.868,50.056,135.091,129.946,136.26,211.57,67.66,182.25,130.28
4730,605246.826297,70.17,58,-137.458,27.297,47.345,139.565,130.717,135.68,210.62,63.99,189.0,131.12
4731,605246.829725,68.484,60,-137.214,27.626,50.015,136.367,130.948,135.96,211.03,67.61,184.51,131.39
4732,605246.83331,68.422,61,-136.465,28.959,50.386,137.003,129.975,137.09,212.94,68.1,185.61,130.37
4733,605246.836828,69.856,57,-136.312,28.672,47.734,138.611,131.179,137.25,212.53,64.56,187.09,131.6
4734,605246.842851,68.35,61,-136.374,27.249,50.453,136.756,130.846,137.14,210.56,68.2,185.39,131.25
4735,605246.846448,68.685,63,-135.458,28.676,49.877,137.216,129.985,138.44,212.55,67.44,185.92,130.38
4736,605246.853885,70.33,53,-135.723,28.807,47.086,139.885,131.187,138.02,212.69,63.62,189.77,131.58
4737,605246.857431,67.931,60,-134.217,29.639,50.285,133.835,130.008,140.13,213.9,67.96,181.49,130.39
4738,605246.861489,68.524,60,-134.602,29.503,49.985,136.527,129.939,139.41,213.51,67.63,184.43,130.35
4739,605246.866137,70.508,50,-134.713,29.405,47.264,141.645,131.184,139.61,213.67,63.89,192.87,131.5
4740,605246.869203,67.636,58,-135.921,27.589,50.277,132.138,131.266,137.74,211.03,67.95,179.18,131.72
4741,605246.877494,68.568,68,-134.061,29.695,49.883,136.515,130.032,140.3,213.91,67.44,185.18,130.43
4742,605246.882503,70.198,55,-134.872,29.366,47.167,139.228,131.347,139.17,213.46,63.74,188.86,131.74
4743,605246.894892,70.142,57,-134.818,29.672,47.427,139.617,131.261,139.3,213.92,64.12,189.16,131.63
4744,605246.897538,67.841,64,-134.34,29.434,50.334,133.447,130.503,139.93,213.58,68.04,180.85,130.88
4745,605246.906333,68.091,62,-135.799,28.761,49.803,133.471,130.481,137.75,212.5,67.35,180.29,130.96
4746,605246.909753,69.783,52,-137.293,28.303,46.943,135.838,131.949,135.74,211.91,63.41,183.7,132.42
4747,605246.913046,68.61,61,-135.993,29.3,50.512,138.497,130.916,137.62,213.3,68.28,187.55,131.3
4748,605246.917697,67.807,62,-135.383,29.545,50.429,133.51,129.885,138.52,213.73,68.19,180.86,130.24
4749,605246.920883,70.23,56,-136.629,28.864,47.146,139.382,131.451,136.78,212.73,63.81,188.37,131.85
4750,605246.929199,68.654,60,-136.569,29.238,50.321,138.243,130.828,136.96,213.31,68.02,187.19,131.25
4751,605246.934146,68.199,63,-137.721,28.363,49.699,133.821,130.725,135.25,212.04,67.09,181.33,131.2
4752,605246.937247,70.857,48,-137.762,28.504,46.735,142.517,131.414,135.27,212.27,63.11,193.26,131.82
4753,605246.941777,67.971,59,-136.482,30.127,50.321,134.162,130.409,137.0,214.49,67.99,181.91,130.75
4754,605246.946343,67.941,68,-138.328,27.768,50.194,133.651,130.682,134.5,211.25,67.82,181.05,131.13
4755,605246.953761,70.375,49,-137.591,28.841,46.729,139.129,131.423,135.47,212.69,63.17,187.96,131.79
4756,605246.957265,67.711,55,-139.443,27.696,50.365,132.789,131.227,133.01,211.18,68.03,179.95,131.71
4757,605246.96253,68.503,64,-138.055,27.723,50.028,136.52,130.289,134.84,211.14,67.64,184.66,130.69
4758,605246.964983,69.494,49,-137.011,29.196,46.992,134.144,130.821,136.34,213.29,63.46,181.75,131.18
4759,605246.973428,68.479,61,-138.134,27.962,49.981,136.245,130.206,134.8,211.53,67.54,184.62,130.63
4760,605246.982511,69.036,46,-138.935,27.359,47.628,133.124,132.805,133.61,210.65,64.54,180.16,133.21
4761,605246.985319,68.61,60,-138.439,27.985,50.282,137.867,131.109,134.44,211.6,67.95,187.02,131.5
4762,605246.99017,68.679,63,-137.7,27.825,49.564,136.314,130.372,135.36,211.32,66.99,184.61,130.78
4763,605246.994432,69.321,50,-137.481,27.657,48.338,136.886,131.519,135.75,211.17,65.42,185.23,131.9
4764,605246.997693,68.675,58,-137.166,28.53,50.039,137.601,130.968,136.1,212.31,67.67,185.95,131.4
4765,605247.006442,68.28,59,-137.452,27.837,49.743,134.413,130.427,135.53,211.23,67.31,181.12,130.93
4766,605247.009749,70.239,52,-136.854,28.471,47.119,139.363,131.971,136.63,212.37,63.69,188.47,132.32
4767,605247.013387,68.277,54,-135.52,29.794,50.036,135.189,130.185,138.46,214.25,67.49,183.08,130.48
4768,605247.017459,68.37,64,-136.644,27.9,49.138,133.307,130.576,136.73,211.42,66.42,180.5,131.02
4769,605247.022098,69.556,52,-137.482,27.03,47.338,135.523,132.482,135.47,210.15,63.98,182.76,132.97
4770,605247.029345,69.089,59,-135.605,28.703,49.627,139.044,131.119,138.23,212.58,67.1,188.27,131.51
4771,605247.033399,67.965,66,-136.232,28.715,49.782,132.689,130.457,137.34,212.52,67.35,179.79,130.9
4772,605247.037685,69.855,53,-135.641,29.378,47.351,137.491,131.979,138.12,213.47,63.99,186.15,132.37
4773,605247.040934,68.83,57,-135.581,28.745,50.268,139.193,131.027,138.28,212.64,67.96,188.52,131.44
4774,605247.045968,68.331,62,-136.556,28.658,49.134,133.07,130.893,136.88,212.44,66.38,180.37,131.29
4775,605247.050647,69.009,54,-135.026,29.971,47.633,132.968,131.608,138.89,214.28,64.4,180.37,131.88
4776,605247.06149,68.597,62,-135.663,29.831,49.447,135.498,130.287,138.03,213.97,66.87,183.08,130.63
4777,605247.066096,69.772,58,-135.769,29.884,47.686,137.915,131.717,137.99,214.18,64.45,186.63,132.06
4778,605247.069937,68.643,60,-135.892,29.077,50.379,138.338,131.089,137.88,213.11,68.11,187.23,131.49
4779,605247.074549,68.413,61,-135.544,30.274,49.407,134.289,129.768,138.29,214.67,66.81,182.04,130.19
4780,605247.082985,69.127,56,-137.236,28.977,48.039,134.828,132.374,135.69,212.74,64.84,182.05,132.9
4781,605247.085305,68.503,63,-135.913,29.244,50.271,137.181,130.923,137.71,213.22,68.02,185.14,131.34
4782,605247.090702,68.415,60,-137.518,29.183,48.855,132.802,130.836,135.58,213.17,66.01,179.96,131.27
4783,605247.093238,69.663,61,-136.295,29.959,48.174,138.616,131.855,137.29,214.29,65.07,188.07,132.25
4784,605247.098599,68.032,56,-135.027,30.252,50.273,134.388,130.324,139.0,214.69,67.94,182.12,130.69
4785,605247.10586,68.383,64,-137.45,29.319,48.951,132.873,130.427,135.71,213.39,66.15,179.95,130.85
4786,605247.110304,69.607,55,-136.322,30.296,48.544,139.31,131.901,137.25,214.74,65.63,188.33,132.31
4787,605247.113912,68.748,57,-136.321,28.728,50.456,139.2,130.894,137.24,212.61,68.23,188.05,131.29
4788,605247.11705,68.239,56,-136.993,28.832,49.269,132.894,130.212,136.34,212.73,66.62,179.94,130.64
4789,605247.121295,69.367,59,-136.632,29.814,48.287,137.034,131.669,136.79,214.03,65.22,186.12,132.09
4790,605247.129854,68.0,61,-137.601,28.185,50.256,134.155,131.473,135.38,211.82,67.79,181.92,132.02
4791,605247.133547,69.088,63,-136.285,29.431,48.494,135.862,129.776,137.3,213.54,65.55,184.14,130.17
4792,605247.137747,69.449,56,-136.629,29.375,48.066,136.921,131.76,136.89,213.54,64.95,185.45,132.15
4793,605247.150727,68.962,62,-137.851,28.269,47.973,133.636,132.471,135.25,212.0,64.93,180.82,132.83
4794,605247.158021,68.758,61,-136.368,28.308,49.967,137.911,131.091,137.18,212.02,67.54,186.92,131.49
4795,605247.161551,68.376,63,-136.824,28.734,48.669,132.066,130.12,136.6,212.6,65.88,178.51,130.51
4796,605247.165741,69.402,64,-136.361,28.936,48.279,137.231,131.952,137.18,212.86,65.25,185.78,132.34
4797,605247.169541,68.786,61,-135.977,27.752,49.797,137.613,131.118,137.71,211.25,67.36,186.02,131.51
4798,605247.175306,68.651,63,-135.521,28.998,48.532,133.314,129.626,138.35,212.99,65.61,180.61,130.01
4799,605247.182916,69.479,61,-136.13,28.691,48.08,137.154,132.016,137.52,212.56,65.1,185.12,132.41
4800,605247.185663,68.061,57,-136.843,26.938,50.311,134.66,131.546,136.38,210.08,68.02,182.08,132.05
4801,605247.189388,69.019,58,-135.602,29.107,48.104,134.347,129.461,138.21,213.07,65.1,181.75,129.87
4802,605247.192776,69.142,63,-136.612,28.625,48.638,136.604,132.027,136.86,212.47,65.71,185.29,132.43
4803,605247.198476,68.528,62,-136.445,27.369,50.267,137.321,131.174,137.06,210.73,67.94,186.19,131.58
4804,605247.201766,68.441,63,-137.649,27.396,48.765,132.709,130.479,135.38,210.72,65.88,179.9,130.92
4805,605247.210749,69.125,60,-137.783,27.632,48.62,136.444,132.414,135.27,211.1,65.68,184.98,132.82
4806,605247.212998,68.378,56,-137.728,28.583,50.873,138.06,131.164,135.36,212.4,68.76,186.8,131.58
4807,605247.217438,69.015,58,-137.785,28.077,48.63,135.793,130.111,135.24,211.67,65.72,183.98,130.53
4808,605247.234355,68.452,56,-137.601,29.91,49.033,133.503,129.402,135.56,214.22,66.26,180.74,129.8
4809,605247.237327,68.221,64,-138.563,28.574,50.097,135.024,132.1,134.24,212.37,67.69,182.99,132.52
4810,605247.24211,68.568,60,-138.276,28.396,50.791,139.003,130.939,134.62,212.13,68.62,188.38,131.36
4811,605247.245365,68.758,62,-139.331,28.077,48.432,133.678,130.476,133.14,211.66,65.41,181.1,130.92
4812,605247.250695,68.345,61,-138.277,28.279,49.855,135.1,132.025,134.56,211.92,67.43,182.55,132.47
4813,605247.258939,68.673,61,-137.784,28.823,50.402,138.585,130.878,135.36,212.8,68.12,187.4,131.26
4814,605247.261202,68.725,60,-138.888,28.305,48.529,133.745,130.263,133.74,211.97,65.55,181.19,130.71
4815,605247.266173,68.723,65,-137.971,28.635,49.372,136.059,131.908,135.04,212.43,66.82,184.22,132.31
4816,605247.268673,68.656,56,-137.597,27.812,50.279,138.14,131.145,135.53,211.35,67.96,186.85,131.58
4817,605247.274539,69.058,58,-136.747,28.842,48.221,134.911,129.586,136.73,212.81,65.19,182.55,129.96
4818,605247.277166,69.095,64,-137.176,28.578,48.911,137.075,132.039,136.18,212.39,66.32,185.19,132.41
4819,605247.28702,68.695,60,-136.612,27.831,50.415,138.761,130.879,136.77,211.3,68.15,187.76,131.28
4820,605247.289556,69.58,56,-136.437,28.431,47.782,136.953,129.723,137.07,212.17,64.59,185.65,130.12
4821,605247.293593,68.734,62,-136.768,28.375,49.166,135.557,131.771,136.74,212.19,66.43,183.96,132.15
4822,605247.298609,68.886,61,-136.11,27.544,49.785,138.208,131.042,137.48,210.94,67.31,187.24,131.42
4823,605247.301582,69.14,60,-135.704,28.443,47.767,134.145,129.643,138.06,212.22,64.6,181.26,130.02
4824,605247.309992,69.014,65,-136.617,27.946,48.789,136.23,132.035,136.81,211.47,66.04,184.23,132.41
4825,605247.321202,68.478,68,-136.791,27.948,49.523,134.992,131.953,136.61,211.5,67.0,182.9,132.36
4826,605247.325404,68.471,59,-136.925,27.966,50.118,136.574,131.138,136.09,211.28,67.83,183.33,131.62
4827,605247.33445,69.614,59,-137.206,27.945,47.799,137.22,130.254,136.06,211.54,64.61,185.8,130.65
4828,605247.338114,68.99,60,-137.366,28.082,48.927,136.468,131.993,135.83,211.71,66.11,185.03,132.4
4829,605247.341628,68.724,61,-137.296,28.309,50.094,138.051,131.067,136.02,212.08,67.71,187.1,131.48
4830,605247.344907,69.193,60,-138.792,27.648,47.845,134.694,130.623,133.86,211.08,64.63,182.52,131.05
4831,605247.350069,68.573,66,-137.855,28.186,49.443,135.341,131.999,135.17,211.85,66.79,183.49,132.41
4832,605247.353631,68.704,60,-137.539,28.409,50.235,138.319,130.939,135.73,212.25,68.0,186.42,131.32
4833,605247.361902,69.376,56,-139.413,27.528,47.487,134.813,130.87,133.01,210.91,64.13,182.67,131.3
4834,605247.365355,68.658,64,-138.177,28.305,49.416,135.781,131.982,134.74,212.01,66.76,183.86,132.36
4835,605247.369143,68.542,58,-138.081,28.07,50.345,137.623,131.121,134.9,211.73,68.04,186.23,131.53
4836,605247.374387,69.822,59,-138.293,28.15,47.51,137.733,130.216,134.51,211.74,64.22,186.35,130.65
4837,605247.377811,68.532,62,-138.007,28.303,49.646,135.65,131.913,135.01,212.04,67.11,183.67,132.31
4838,605247.385536,68.847,58,-137.448,28.188,50.216,139.158,131.015,135.77,211.88,67.87,188.44,131.44
4839,605247.389561,70.044,56,-137.807,28.099,47.46,139.058,130.143,135.21,211.69,64.16,187.94,130.56
4840,605247.39355,68.704,61,-137.508,28.416,49.524,136.358,131.885,135.7,212.2,66.97,184.26,132.28
4841,605247.406276,68.037,64,-136.041,29.526,49.833,133.242,131.318,137.61,213.68,67.34,180.43,131.68
4842,605247.414553,68.699,60,-135.968,27.909,50.078,137.854,131.091,137.66,211.44,67.76,186.02,131.48
4843,605247.417495,69.595,55,-135.062,29.495,46.805,134.245,129.417,139.04,213.78,63.28,181.75,129.77
4844,605247.421842,68.416,64,-136.342,28.509,49.593,134.816,132.003,137.19,212.28,67.0,182.78,132.41
4845,605247.426716,68.409,60,-135.483,28.375,50.389,136.932,131.139,138.37,212.15,68.14,184.99,131.52
4846,605247.429799,70.21,54,-135.908,28.575,46.928,138.602,130.263,137.92,212.44,63.34,187.8,130.69
4847,605247.437429,68.167,62,-136.092,28.707,49.885,134.135,131.906,137.47,212.51,67.46,181.17,132.34
4848,605247.441433,68.582,63,-135.22,28.378,50.245,137.591,130.995,138.77,212.16,67.94,186.36,131.38
4849,605247.445339,69.431,53,-136.963,27.577,47.288,134.595,130.751,136.33,211.01,63.9,182.49,131.17
4850,605247.44894,68.291,66,-135.989,28.58,49.841,134.747,132.042,137.68,212.39,67.38,182.45,132.46
4851,605247.454854,68.452,63,-135.422,29.142,50.618,137.819,130.978,138.47,213.16,68.41,186.95,131.38
4852,605247.462117,69.684,49,-134.633,30.566,47.049,135.511,129.39,139.56,215.15,63.59,183.54,129.75
4853,605247.465778,67.775,66,-136.738,28.505,50.592,133.754,131.947,136.58,212.2,68.4,180.71,132.36
4854,605247.469828,67.934,57,-137.097,28.338,50.425,134.227,131.356,135.95,211.9,68.14,181.24,131.87
4855,605247.473093,69.65,58,-136.917,28.471,47.666,137.071,130.738,136.36,212.19,64.42,185.62,131.16
4856,605247.490827,69.079,56,-135.688,30.046,48.071,134.623,129.813,138.18,214.46,64.97,182.2,130.2
4857,605247.493543,68.121,65,-136.667,28.658,50.692,136.03,131.571,136.84,212.51,68.57,184.22,131.97
4858,605247.497488,68.365,63,-136.314,29.201,50.748,137.642,130.735,137.35,213.31,68.63,186.12,131.12
4859,605247.50261,69.734,55,-136.445,29.021,47.764,137.896,130.696,137.16,213.06,64.56,187.01,131.05
4860,605247.506152,67.953,62,-137.311,28.099,50.148,133.596,131.902,135.9,211.75,67.76,180.95,132.32
4861,605247.514524,68.554,63,-136.02,29.205,50.515,138.163,130.686,137.67,213.25,68.27,187.39,131.09
4862,605247.516882,69.127,57,-137.231,28.077,47.863,134.333,130.844,135.97,211.69,64.67,182.09,131.28
4863,605247.521232,68.286,62,-135.939,28.477,50.296,135.947,131.384,137.7,212.2,68.01,184.08,131.8
4864,605247.525588,68.405,62,-135.528,29.338,50.545,137.336,130.433,138.33,213.43,68.32,186.28,130.84
4865,605247.529344,70.036,57,-135.34,29.122,47.768,139.905,130.583,138.61,213.17,64.57,189.67,130.99
4866,605247.538066,68.248,61,-135.565,28.073,50.31,135.758,131.345,138.3,211.75,68.07,183.32,131.71
4867,605247.541416,68.331,61,-135.129,29.34,50.445,136.618,130.375,138.96,213.53,68.21,184.82,130.74
4868,605247.546085,70.333,56,-135.381,29.118,47.277,140.471,130.529,138.55,213.15,63.91,190.33,130.93
4869,605247.548922,67.745,60,-135.033,28.98,50.576,133.542,130.94,138.96,212.97,68.31,180.95,131.34
4870,605247.554632,68.579,61,-135.381,29.387,50.29,137.695,130.383,138.57,213.52,67.99,186.55,130.8
4871,605247.557935,69.324,56,-136.885,28.143,47.494,134.516,131.397,136.34,211.75,64.08,182.42,131.88
4872,605247.566104,68.419,61,-135.783,28.215,50.041,136.048,131.337,137.97,211.9,67.65,184.3,131.76
4873,605247.578631,68.097,65,-136.191,28.622,50.794,136.163,131.303,137.55,212.54,68.75,183.97,131.69
4874,605247.581234,68.383,62,-136.092,29.463,50.568,137.267,130.35,137.57,213.59,68.34,186.17,130.76
4875,605247.589852,70.045,59,-136.611,28.958,47.471,139.096,130.876,136.84,212.9,64.14,188.68,131.27
4876,605247.593822,67.885,64,-136.134,29.206,50.253,133.487,130.631,137.49,213.25,67.91,180.79,131.04
4877,605247.597789,68.413,64,-136.747,28.846,50.008,135.925,130.48,136.73,212.79,67.6,184.03,130.89
4878,605247.601486,70.86,51,-137.526,29.012,46.691,142.406,130.173,135.64,213.0,63.08,193.17,130.56
4879,605247.606223,68.433,51,-137.38,29.29,50.649,137.791,130.827,135.73,213.28,68.5,185.84,131.23
4880,605247.614494,68.082,60,-137.444,27.995,50.739,135.929,130.283,135.78,211.62,68.57,184.35,130.68
4881,605247.617325,71.293,49,-138.282,27.575,46.497,144.974,130.556,134.7,211.1,62.82,196.29,130.96
4882,605247.622476,66.985,57,-138.082,28.292,50.779,129.881,129.899,134.88,212.03,68.63,175.97,130.36
4883,605247.624931,68.087,62,-137.473,28.333,51.179,137.134,130.169,135.8,212.15,69.19,185.42,130.55
4884,605247.629918,69.826,47,-136.782,29.266,46.958,136.161,130.791,136.71,213.4,63.44,183.93,131.22
4885,605247.633858,67.989,59,-137.768,28.446,51.163,136.514,130.673,135.08,212.05,69.17,184.2,131.18
4886,605247.641862,67.719,60,-138.243,27.372,50.736,133.817,130.468,134.52,210.66,68.6,180.61,130.97
4887,605247.645899,70.508,54,-137.73,27.521,47.097,141.146,130.743,135.34,210.93,63.64,190.58,131.22
4888,605247.648775,68.074,55,-137.145,28.07,50.661,135.671,130.694,136.28,211.83,68.53,183.02,131.09
4889,605247.667152,68.213,61,-137.41,27.198,50.605,136.346,130.799,135.77,210.52,68.42,184.19,131.18
4890,605247.670569,67.774,58,-138.223,27.21,50.322,133.037,130.456,134.6,210.49,68.02,180.04,130.96
4891,605247.673276,70.688,54,-137.506,28.354,46.742,141.337,131.152,135.64,212.08,63.15,191.47,131.52
4892,605247.67676,68.493,56,-137.307,28.006,50.858,138.721,130.642,135.92,211.6,68.72,188.12,131.06
4893,605247.682503,67.88,65,-136.597,28.625,50.412,133.876,129.548,136.95,212.51,68.16,181.18,129.96
4894,605247.689978,70.15,59,-137.436,27.819,47.394,139.575,131.222,135.75,211.35,64.09,189.17,131.63
4895,605247.693404,68.533,60,-137.234,27.818,50.051,136.766,130.833,135.97,211.3,67.65,185.2,131.24
4896,605247.697646,68.54,62,-136.917,29.009,50.03,136.749,130.078,136.52,213.03,67.62,185.15,130.49
4897,605247.700884,70.295,56,-136.928,28.877,47.365,140.474,130.841,136.45,212.83,64.02,190.19,131.22
4898,605247.706132,68.457,59,-137.07,27.886,50.459,137.414,130.831,136.27,211.46,68.27,185.86,131.23
4899,605247.709766,68.604,62,-136.688,29.245,49.937,136.885,129.953,136.67,213.21,67.53,185.1,130.36
4900,605247.717752,69.235,47,-136.467,29.488,47.685,134.499,130.935,137.15,213.77,64.49,181.6,131.24
4901,605247.722198,68.27,66,-136.954,28.151,50.532,136.488,130.839,136.38,211.79,68.29,185.02,131.25
4902,605247.725665,68.531,63,-136.494,29.542,50.074,136.813,129.754,136.98,213.66,67.7,185.23,130.18
4903,605247.729629,70.041,56,-136.58,29.512,47.749,139.888,130.945,136.75,213.56,64.55,189.01,131.38
4904,605247.734099,68.66,56,-136.68,28.236,50.595,139.035,130.542,136.74,211.88,68.43,187.9,130.96
4905,605247.746203,70.48,52,-136.493,29.517,47.299,141.554,131.094,136.94,213.59,63.93,191.52,131.47
4906,605247.751122,67.781,54,-135.596,29.781,50.676,134.011,129.826,138.23,214.04,68.49,181.54,130.21
4907,605247.758051,69.992,56,-136.464,29.579,47.794,139.687,131.029,137.07,213.77,64.57,189.4,131.42
4908,605247.766714,68.594,60,-136.67,28.261,50.422,138.149,130.478,136.76,211.93,68.2,186.75,130.87
4909,605247.76939,67.519,62,-136.859,28.809,50.096,131.014,129.759,136.44,212.64,67.7,177.71,130.17
4910,605247.774048,70.228,56,-136.594,29.185,47.374,140.042,131.062,136.89,213.23,64.0,189.88,131.45
4911,605247.776808,67.992,58,-135.706,29.68,50.522,134.819,129.704,138.1,213.91,68.29,182.62,130.09
4912,605247.782445,67.662,63,-137.226,28.401,50.327,132.415,129.95,136.12,212.14,68.13,179.26,130.4
4913,605247.78513,70.215,55,-136.5,29.017,47.523,140.4,131.197,137.11,213.13,64.17,190.18,131.54
4914,605247.793261,68.742,58,-136.435,28.323,50.173,138.38,130.529,137.04,211.98,67.84,187.35,130.92
4915,605247.797765,68.768,59,-135.934,29.068,49.522,136.742,129.754,137.79,213.06,66.94,185.43,130.16
4916,605247.801328,69.905,51,-136.884,28.556,47.492,138.227,131.351,136.39,212.3,64.2,186.67,131.74
4917,605247.806348,68.805,57,-136.193,28.601,50.225,138.918,130.45,137.41,212.4,67.89,188.38,130.85
4918,605247.809814,68.449,58,-135.708,29.179,49.887,135.81,129.501,138.1,213.22,67.44,184.09,129.91
4919,605247.818373,69.942,54,-135.912,29.286,47.412,138.237,131.147,137.93,213.51,64.09,186.85,131.5
4920,605247.821387,68.715,59,-136.127,28.479,50.336,138.666,130.4,137.49,212.24,68.04,188.08,130.8
4921,605247.830199,69.824,56,-135.965,29.09,47.583,137.958,131.052,137.84,213.25,64.26,186.73,131.37
4922,605247.83424,68.748,61,-135.909,28.548,50.007,137.962,130.462,137.71,212.26,67.62,186.69,130.86
4923,605247.842173,67.98,63,-136.78,28.606,49.597,132.285,130.114,136.59,212.4,67.04,179.24,130.56
4924,605247.845693,70.143,56,-135.901,29.202,47.526,139.917,131.25,137.76,213.17,64.29,189.35,131.63
4925,605247.849415,68.023,61,-135.289,29.026,50.345,134.529,130.055,138.69,213.06,68.07,182.1,130.43
4926,605247.853069,68.796,63,-135.637,29.492,49.392,136.558,129.445,138.14,213.59,66.79,184.93,129.84
4927,605247.858121,69.785,60,-136.113,29.241,47.966,138.814,131.312,137.49,213.27,64.84,187.97,131.71
4928,605247.861531,68.839,59,-136.193,28.034,49.966,138.414,130.398,137.51,211.71,67.58,187.18,130.81
4929,605247.869679,68.034,61,-137.01,28.572,49.352,131.936,129.581,136.47,212.44,66.86,178.55,129.92
4930,605247.873123,70.064,57,-136.722,29.008,47.717,139.944,131.395,136.73,213.0,64.46,189.81,131.79
4931,605247.877078,68.195,55,-135.713,29.203,50.215,135.186,129.816,138.04,213.15,68.02,182.87,130.28
4932,605247.881698,68.097,64,-137.561,28.631,49.397,132.417,129.628,135.45,212.37,66.72,179.36,130.15
4933,605247.885424,69.739,57,-136.961,29.267,48.087,138.862,131.415,136.44,213.38,64.94,188.58,131.81
4934,605247.893496,68.696,60,-136.959,27.983,50.361,138.615,130.422,136.3,211.49,68.09,187.51,130.83
4935,605247.897626,68.696,56,-136.65,29.315,48.911,134.623,128.969,136.69,213.27,66.16,181.72,129.33
4936,605247.901484,69.204,55,-138.587,28.166,48.121,135.536,132.086,134.13,211.79,64.99,183.53,132.52
4937,605247.905047,68.521,64,-137.287,28.221,50.481,137.865,130.422,135.9,211.85,68.25,186.63,130.84
4938,605247.922554,68.221,57,-136.226,29.173,49.749,134.086,129.911,137.35,213.12,67.35,181.61,130.36
4939,605247.925706,68.594,61,-136.326,29.514,48.581,133.11,128.797,137.29,213.7,65.66,180.24,129.18
4940,605247.929657,69.969,57,-136.881,29.143,47.38,138.322,131.286,136.53,213.21,64.01,187.52,131.68
4941,605247.933776,69.022,58,-136.982,28.376,50.101,139.941,130.392,136.37,212.13,67.72,189.59,130.79
4942,605247.937645,68.834,59,-136.355,29.063,48.724,134.941,129.147,137.15,212.93,65.96,182.97,129.62
4943,605247.945665,69.697,58,-137.262,28.142,47.925,138.12,131.789,136.0,211.79,64.83,187.14,132.19
4944,605247.949409,69.007,60,-136.551,28.369,49.658,138.612,130.417,136.88,212.04,67.14,187.68,130.81
4945,605247.953382,68.689,62,-137.487,28.094,48.352,133.044,130.115,135.63,211.7,65.34,180.26,130.55
4946,605247.95706,69.295,52,-137.539,28.053,47.65,134.774,131.94,135.47,211.58,64.39,181.91,132.43
4947,605247.962438,69.0,61,-136.36,28.381,49.687,138.65,130.568,137.19,212.11,67.15,188.04,130.97
4948,605247.970171,68.525,63,-137.036,28.096,48.703,133.037,129.931,136.27,211.72,65.84,180.16,130.36
4949,605247.973643,69.774,56,-136.533,28.42,47.711,138.004,131.74,136.87,212.09,64.45,187.44,132.18
4950,605247.977718,68.1,55,-137.186,27.265,49.898,133.78,130.797,136.04,210.59,67.44,181.33,131.25
4951,605247.981186,68.885,56,-136.117,28.625,48.278,134.017,129.584,137.55,212.5,65.32,181.03,129.98
4952,605247.985766,69.316,62,-136.172,28.559,48.226,136.535,131.695,137.45,212.31,65.33,184.52,132.07
4953,605247.990274,68.748,57,-135.996,27.778,49.613,136.876,130.781,137.5,211.18,67.09,184.91,131.25
4954,605247.998236,69.031,56,-135.275,29.134,47.974,134.058,129.216,138.71,213.12,65.09,180.81,129.58
4955,605248.006076,68.889,65,-135.532,27.964,49.573,137.635,130.642,138.3,211.55,67.01,186.65,131.04
4956,605248.011173,69.039,61,-136.396,28.271,47.798,133.612,129.869,137.08,211.84,64.83,180.62,130.33
4957,605248.013443,69.475,59,-135.82,29.174,47.943,136.74,131.43,137.98,213.28,64.81,185.08,131.79
4958,605248.022222,69.209,58,-135.596,28.124,49.356,139.051,130.635,138.2,211.76,66.75,188.16,131.0
4959,605248.025171,68.986,61,-136.602,28.342,47.714,133.059,129.782,136.87,212.03,64.59,179.96,130.17
4960,605248.030301,69.47,57,-135.836,29.37,47.949,136.724,131.369,137.83,213.38,64.78,185.88,131.81
4961,605248.032745,69.069,58,-135.554,28.291,49.557,138.722,130.659,138.33,212.03,67.01,187.86,131.07
4962,605248.038046,69.134,58,-136.658,28.381,47.459,133.241,130.019,136.75,212.1,64.15,180.53,130.44
4963,605248.046811,69.072,58,-135.207,30.296,47.863,133.998,130.829,138.82,214.85,64.69,180.93,131.12
4964,605248.049352,69.022,61,-135.522,28.384,49.621,138.605,130.69,138.28,212.08,67.09,187.76,131.07
4965,605248.05486,69.05,60,-136.604,28.404,47.623,133.193,130.004,136.82,212.13,64.37,180.46,130.43
4966,605248.056835,69.283,57,-136.371,28.685,48.084,135.927,131.857,137.14,212.52,64.98,184.22,132.26
4967,605248.06225,69.107,61,-135.602,28.2,49.617,139.132,130.696,138.2,211.87,67.06,188.78,131.08
4968,605248.065853,69.189,58,-136.842,28.34,47.413,133.452,129.95,136.5,212.03,64.08,180.84,130.37
4969,605248.073693,69.322,60,-136.079,28.976,48.339,136.895,131.55,137.56,212.93,65.32,185.64,131.94
4970,605248.078008,69.129,61,-135.666,28.085,49.539,139.05,130.65,138.13,211.72,66.96,188.65,131.04
4971,605248.081046,69.169,61,-136.841,28.178,47.472,133.496,129.844,136.5,211.84,64.19,180.84,130.29
4972,605248.098407,69.39,57,-135.795,29.433,47.094,133.79,128.95,138.05,213.65,63.68,180.75,129.28
4973,605248.101851,69.119,64,-136.763,28.776,48.475,136.002,131.558,136.62,212.62,65.51,184.26,131.94
4974,605248.10553,69.165,60,-136.301,28.148,49.382,138.838,130.661,137.27,211.8,66.79,187.78,131.03
4975,605248.110921,69.325,59,-137.681,27.956,47.237,133.788,129.948,135.48,211.62,63.86,180.99,130.39
4976,605248.114087,68.961,60,-137.175,28.372,48.756,135.811,131.721,136.09,212.1,65.9,184.12,132.12
4977,605248.121374,69.255,57,-136.74,28.223,49.561,139.921,130.697,136.68,211.9,66.98,189.76,131.1
4978,605248.126441,69.585,58,-137.898,28.265,46.949,134.596,129.816,135.13,211.95,63.52,182.08,130.26
4979,605248.129271,68.976,63,-137.734,28.417,48.751,135.886,131.68,135.33,212.16,65.86,184.23,132.09
4980,605248.133235,69.105,55,-136.969,28.191,49.226,138.02,130.56,136.6,212.09,66.6,185.88,130.9
4981,605248.138513,69.488,59,-138.631,27.236,47.074,134.34,130.134,134.09,210.53,63.6,182.03,130.57
4982,605248.141382,69.226,63,-138.059,27.663,48.219,135.95,131.955,134.93,211.16,65.15,184.13,132.37
4983,605248.150068,69.364,54,-137.418,29.159,49.403,140.178,130.554,135.78,213.18,66.74,190.07,130.96
4984,605248.153675,70.396,55,-136.849,28.615,46.953,139.938,129.957,136.56,212.45,63.48,189.41,130.38
4985,605248.157236,68.918,62,-137.875,27.077,48.744,135.514,131.866,135.18,210.38,65.87,183.54,132.28
4986,605248.162822,69.47,56,-137.233,28.346,49.127,140.079,130.676,136.13,212.17,66.43,189.32,131.07
4987,605248.16598,70.044,48,-139.342,27.593,46.224,135.433,130.444,133.11,211.01,62.43,183.55,130.88
4988,605248.177467,69.225,55,-137.187,28.251,49.387,139.238,130.641,136.22,212.1,66.76,188.04,130.98
4989,605248.182805,69.788,56,-138.693,27.4,46.55,134.731,130.591,133.99,210.75,62.88,182.55,131.03
4990,605248.189704,69.305,59,-136.958,28.284,48.944,138.499,130.774,136.46,212.05,66.17,187.42,131.16
4991,605248.198257,69.687,54,-138.578,27.456,46.741,134.641,130.382,134.34,210.97,63.24,182.36,130.83
4992,605248.201279,69.134,60,-137.472,28.066,48.398,135.881,131.775,135.78,211.78,65.4,184.06,132.14
4993,605248.205471,69.267,61,-136.69,28.084,49.147,138.83,130.825,136.65,211.66,66.46,187.43,131.27
4994,605248.208827,69.88,55,-135.942,29.4,46.383,134.84,129.258,137.8,213.52,62.8,182.27,129.66
4995,605248.214444,69.17,61,-136.969,28.364,48.609,136.699,131.737,136.46,212.12,65.87,184.43,132.1
4996,605248.217604,69.196,56,-136.388,27.612,49.201,138.529,130.939,137.17,211.08,66.54,187.25,131.33
4997,605248.22588,71.316,46,-137.408,27.399,45.662,142.542,130.061,135.65,210.7,61.75,192.63,130.47
4998,605248.229389,69.034,56,-136.469,28.546,48.778,136.321,131.586,136.99,212.29,65.93,184.65,131.97
4999,605248.232898,69.137,59,-135.583,27.863,49.117,137.916,130.845,138.25,211.44,66.45,186.43,131.23
5000,605248.238589,70.031,50,-134.679,29.242,45.845,134.241,129.701,139.51,213.37,61.98,181.78,130.04
5001,605248.241154,68.643,58,-136.011,28.414,48.88,134.222,131.549,137.7,212.22,66.1,181.27,131.9
5002,605248.249342,68.954,61,-135.267,28.505,49.406,137.578,130.798,138.68,212.3,66.79,186.55,131.19
5003,605248.253684,70.723,53,-135.576,28.67,45.93,139.126,130.066,138.32,212.56,62.23,187.58,130.41
5004,605248.2617,68.387,51,-134.143,29.499,49.13,133.381,130.467,140.09,213.66,66.45,180.83,130.72
5005,605248.267075,70.717,56,-136.187,28.189,46.057,139.47,130.038,137.32,211.79,62.26,188.87,130.43
5006,605248.275149,68.675,56,-136.496,28.401,48.725,133.983,132.016,136.96,212.12,65.85,181.61,132.43
5007,605248.277494,68.697,59,-135.216,28.732,49.619,136.578,130.642,138.83,212.71,67.1,184.69,130.99
5008,605248.282222,69.861,51,-134.999,29.885,45.963,133.501,129.125,138.98,214.18,62.21,180.59,129.5
5009,605248.285128,68.534,62,-136.527,28.555,49.23,134.526,131.726,136.8,212.24,66.56,181.78,132.22
5010,605248.290873,68.758,62,-135.522,28.407,49.415,136.388,130.684,138.18,212.06,66.82,184.4,131.13
5011,605248.293134,69.771,50,-134.885,29.733,46.352,134.056,129.451,139.17,214.01,62.66,181.64,129.76
5012,605248.301373,68.603,62,-136.681,28.248,49.196,134.844,131.889,136.72,211.92,66.47,182.78,132.3
5013,605248.306528,68.58,60,-135.727,28.732,49.944,136.758,130.591,138.05,212.6,67.53,185.04,130.96
5014,605248.309005,71.101,51,-136.99,28.17,46.01,142.053,130.222,136.32,211.83,62.17,192.76,130.59
5015,605248.314184,67.536,56,-137.032,28.352,49.595,129.796,130.618,136.33,212.12,67.07,175.9,131.01
5016,605248.318207,68.822,64,-136.331,28.116,49.311,136.495,130.627,137.25,211.78,66.65,185.0,131.02
5017,605248.325797,69.826,50,-138.184,26.778,46.361,134.433,131.155,134.69,209.95,62.64,182.26,131.62
5018,605248.330389,68.969,61,-136.783,27.961,48.912,136.294,131.544,136.54,211.5,66.08,184.6,131.98
5019,605248.333641,68.639,58,-136.584,29.479,49.846,136.847,130.418,136.95,213.66,67.37,185.34,130.83
5020,605248.337367,70.514,57,-136.4,28.788,46.928,140.68,130.978,137.23,212.77,63.44,190.26,131.36
5021,605248.354534,70.956,50,-137.253,28.717,45.738,140.171,130.563,136.02,212.61,61.79,190.02,130.94
5022,605248.357446,68.606,54,-137.463,28.602,49.462,135.591,131.545,135.55,212.31,66.88,182.94,132.04
5023,605248.36108,69.004,61,-136.586,28.177,49.289,137.56,130.574,136.89,211.84,66.61,186.51,130.98
5024,605248.36605,71.079,49,-136.675,28.476,45.753,141.098,130.442,136.91,212.42,61.9,189.36,130.76
5025,605248.369606,68.843,61,-136.568,28.709,49.278,136.532,131.355,136.92,212.58,66.6,185.0,131.75
5026,605248.37769,68.397,54,-137.118,28.198,49.54,134.556,131.074,136.09,211.83,66.97,181.87,131.5
5027,605248.381803,71.267,55,-136.559,28.539,45.883,142.867,130.5,136.98,212.4,62.04,193.29,130.87
5028,605248.385996,68.875,58,-136.239,28.807,49.496,137.331,131.16,137.39,212.72,66.9,186.05,131.58
5029,605248.388851,68.149,57,-135.076,29.589,49.705,133.547,130.242,138.93,213.79,67.18,181.03,130.61
5030,605248.393955,71.151,53,-136.038,28.544,45.792,141.736,130.74,137.58,212.31,61.9,191.92,131.1
5031,605248.40254,69.032,56,-135.725,28.686,49.172,137.41,131.217,138.0,212.51,66.51,185.76,131.62
5032,605248.405203,69.018,59,-135.188,28.906,49.008,136.864,130.505,138.74,212.82,66.24,185.55,130.91
5033,605248.410222,71.158,50,-135.514,28.553,45.834,141.917,130.833,138.21,212.27,61.99,191.79,131.2
5034,605248.412739,68.779,53,-134.935,28.938,49.065,135.553,131.213,139.26,213.02,66.38,183.32,131.54
5035,605248.417998,68.999,63,-134.627,28.689,48.892,136.424,130.638,139.53,212.55,66.1,185.03,131.03
5036,605248.421836,71.201,50,-135.352,28.227,45.643,141.64,130.979,138.43,211.84,61.63,192.66,131.39
5037,605248.429567,69.018,56,-135.059,28.63,48.853,136.432,131.374,138.93,212.46,66.04,185.02,131.75
5038,605248.43747,70.856,49,-134.782,28.365,45.502,138.749,131.065,139.54,212.28,61.59,186.9,131.46
5039,605248.442542,69.191,58,-135.169,28.604,48.851,137.512,131.346,138.77,212.41,66.03,186.51,131.74
5040,605248.445106,69.008,63,-134.893,27.964,48.961,136.669,130.852,139.14,211.52,66.21,185.18,131.23
5041,605248.454127,71.045,53,-135.397,28.024,45.568,140.287,131.071,138.48,211.65,61.58,190.37,131.44
5042,605248.457505,69.281,55,-135.593,28.723,48.881,138.163,131.331,138.35,212.68,66.05,187.65,131.7
5043,605248.461321,68.672,60,-135.694,27.82,49.176,135.207,130.778,138.0,211.31,66.55,182.38,131.23
5044,605248.464903,70.979,55,-135.957,27.851,45.76,140.403,131.172,137.7,211.38,61.85,190.27,131.53
5045,605248.470162,69.009,57,-135.84,28.743,49.338,137.735,131.087,137.84,212.56,66.71,186.48,131.47
5046,605248.478955,68.965,61,-136.151,28.401,49.174,136.997,130.662,137.51,212.18,66.48,185.57,131.05
5047,605248.481977,70.942,50,-136.63,28.417,45.979,140.811,130.97,136.82,212.17,62.13,190.67,131.32
5048,605248.486165,68.966,59,-136.729,28.857,49.493,137.894,131.151,136.73,212.79,66.85,187.22,131.54
5049,605248.489339,67.553,61,-136.699,28.702,50.068,131.125,130.635,136.67,212.53,67.69,177.77,131.0
5050,605248.494638,71.107,51,-137.572,28.392,45.925,141.833,131.062,135.59,212.18,62.03,192.38,131.44
5051,605248.497839,68.451,53,-137.275,29.245,49.986,136.091,130.735,136.14,213.48,67.59,183.56,131.09
5052,605248.506171,68.746,64,-137.369,28.178,49.533,136.645,130.235,135.84,211.84,66.94,185.25,130.65
5053,605248.509774,70.846,53,-137.845,28.014,46.207,140.831,131.125,135.31,211.75,62.46,190.3,131.48
5054,605248.513468,68.893,57,-137.854,28.685,49.79,138.262,130.917,135.21,212.56,67.29,187.2,131.32
5055,605248.521295,70.803,51,-138.211,28.213,46.319,140.87,131.345,134.67,211.86,62.63,190.05,131.73
5056,605248.531363,68.872,57,-138.128,28.632,49.892,138.414,130.713,134.81,212.43,67.44,187.15,131.13
5057,605248.534185,67.744,57,-137.712,28.254,49.649,131.09,131.043,135.27,211.85,67.1,177.74,131.51
5058,605248.53819,70.848,55,-137.964,28.078,46.329,141.219,131.27,135.05,211.74,62.58,191.56,131.67
5059,605248.541263,69.038,56,-137.563,28.674,49.652,138.79,130.826,135.53,212.46,67.1,187.92,131.22
5060,605248.546932,68.178,60,-138.23,27.817,49.683,133.654,130.585,134.63,211.32,67.13,181.06,131.04
5061,605248.554197,70.662,56,-137.462,28.136,46.623,140.797,131.65,135.75,211.8,63.08,190.66,132.03
5062,605248.55795,68.881,55,-137.209,28.517,49.824,138.283,130.774,136.06,212.32,67.38,186.62,131.22
5063,605248.562212,69.136,62,-136.343,28.519,48.598,136.452,130.108,137.21,212.3,65.69,185.01,130.51
5064,605248.570269,69.304,60,-135.943,28.771,48.97,138.563,130.924,137.75,212.65,66.19,187.88,131.32
5065,605248.577757,68.651,57,-135.124,29.83,49.318,135.469,129.846,138.84,214.07,66.7,183.24,130.26
5066,605248.581714,70.731,55,-135.526,29.235,46.619,141.266,131.548,138.26,213.26,63.02,191.24,131.94
5067,605248.585415,69.065,57,-135.331,28.553,49.557,138.695,130.858,138.47,212.26,67.02,187.61,131.25
5068,605248.589173,68.952,57,-134.683,29.699,48.881,136.105,129.921,139.5,213.96,66.11,184.28,130.3
5069,605248.593812,70.425,52,-134.924,29.639,46.537,138.899,131.296,139.15,213.88,62.89,188.39,131.67
5070,605248.597676,69.271,56,-135.179,28.589,49.104,138.729,130.83,138.76,212.39,66.37,188.2,131.22
5071,605248.605558,69.139,60,-134.818,29.677,48.698,136.753,129.973,139.18,213.81,65.91,184.67,130.4
5072,605248.613953,69.03,61,-135.335,28.141,49.23,137.56,130.94,138.55,211.78,66.55,186.54,131.33
5073,605248.618868,68.08,55,-135.872,28.749,48.933,131.08,130.523,137.8,212.61,66.15,177.75,130.96
5074,605248.621675,70.094,55,-136.041,28.96,46.847,137.595,131.58,137.22,212.64,63.38,184.69,132.1
5075,605248.630863,69.199,59,-135.99,28.019,49.268,138.739,130.871,137.67,211.61,66.59,188.21,131.26
5076,605248.633456,69.129,58,-135.625,29.485,48.342,135.694,129.628,138.16,213.6,65.37,183.69,130.03
5077,605248.638942,70.315,58,-136.484,29.03,46.903,139.24,131.601,137.01,213.0,63.35,189.14,132.01
5078,605248.640612,68.467,61,-135.64,28.853,49.272,134.244,130.257,138.18,212.8,66.6,181.86,130.64
5079,605248.646517,69.527,57,-136.566,28.937,48.08,137.465,129.823,136.94,212.89,64.99,186.34,130.23
5080,605248.649302,70.376,55,-137.371,28.764,46.667,138.955,131.709,135.81,212.63,63.06,188.18,132.08
5081,605248.657297,68.912,55,-137.78,27.749,49.389,137.269,131.006,135.13,211.15,66.76,185.51,131.47
5082,605248.661334,69.402,60,-137.382,28.915,48.169,136.918,129.897,135.75,212.8,65.1,185.37,130.34
5083,605248.665441,70.447,56,-137.832,28.825,46.655,139.404,131.713,135.24,212.76,63.06,188.38,132.07
5084,605248.670107,69.395,59,-137.727,28.013,49.075,139.45,130.833,135.36,211.59,66.39,188.8,131.24
5085,605248.673407,68.595,59,-138.366,28.357,48.357,132.498,130.038,134.44,212.05,65.33,179.54,130.48
5086,605248.682897,70.66,56,-138.053,28.822,46.335,139.911,131.735,134.94,212.76,62.58,189.74,132.13
5087,605248.685325,68.634,55,-136.85,29.27,49.17,134.959,130.267,136.54,213.35,66.44,182.81,130.65
5088,605248.689377,68.749,58,-138.828,28.187,48.197,132.971,130.4,133.83,211.84,65.11,180.14,130.87
5089,605248.698338,69.442,63,-137.529,28.205,48.786,138.926,130.828,135.68,211.94,65.95,187.9,131.21
5090,605248.705175,68.717,61,-138.137,28.762,48.004,132.251,130.208,134.77,212.62,64.86,179.12,130.64
5091,605248.71035,70.468,59,-137.224,29.364,46.621,139.444,131.628,136.03,213.46,62.95,189.45,132.04
5092,605248.713283,69.197,56,-137.334,28.073,48.987,137.927,130.983,135.9,211.71,66.21,186.7,131.41
5093,605248.717753,69.064,59,-138.065,28.466,47.487,132.896,130.36,134.83,212.19,64.15,180.04,130.8
5094,605248.722419,70.23,58,-136.467,29.569,47.011,138.985,131.561,137.05,213.72,63.57,188.4,131.97
5095,605248.72616,69.283,58,-136.461,27.735,48.66,137.551,130.945,136.97,211.19,65.78,186.24,131.37
5096,605248.733772,69.178,60,-137.255,27.862,47.21,132.811,130.434,135.92,211.38,63.8,179.93,130.87
5097,605248.738797,70.593,60,-136.238,28.887,46.256,139.207,131.879,137.33,212.78,62.59,188.41,132.27
5098,605248.740724,68.657,54,-137.095,27.605,48.88,134.304,131.338,136.15,211.04,66.04,182.06,131.78
5099,605248.746696,69.177,62,-134.742,29.599,47.525,133.69,129.531,139.41,213.74,64.42,181.07,129.91
5100,605248.748877,69.999,57,-135.413,28.984,46.859,136.999,131.853,138.53,213.04,63.34,185.4,132.2
5101,605248.757782,69.608,60,-135.165,28.621,48.272,138.539,130.969,138.84,212.49,65.27,187.68,131.34
5102,605248.761689,69.389,59,-134.394,29.464,47.189,134.052,129.913,139.86,213.63,63.8,181.65,130.28
5103,605248.765541,70.377,62,-135.152,28.866,46.327,137.945,131.847,138.83,212.83,62.65,186.26,132.17
5104,605248.76918,69.804,57,-134.754,28.812,48.182,139.564,131.039,139.24,212.63,65.17,188.79,131.44
5105,605248.78631,68.928,59,-133.984,29.614,48.465,134.798,130.538,140.41,213.84,65.51,182.68,130.9
5106,605248.789819,69.697,63,-135.29,28.639,47.379,136.546,130.132,138.62,212.46,64.05,185.22,130.52
5107,605248.792961,70.051,60,-135.516,28.734,46.795,137.151,132.144,138.34,212.63,63.23,186.06,132.52
5108,605248.797709,68.776,59,-136.816,27.198,48.481,133.918,131.942,136.53,210.51,65.5,181.62,132.39
5109,605248.801017,69.108,60,-135.514,29.227,47.523,133.262,130.06,138.45,213.4,64.25,180.15,130.42
5110,605248.809788,69.993,58,-136.649,28.399,46.798,136.783,132.342,136.74,212.11,63.26,184.83,132.74
5111,605248.813347,69.23,57,-136.694,28.036,48.998,138.174,131.499,136.71,211.64,66.21,187.36,131.9
5112,605248.817128,69.02,59,-136.222,29.677,47.759,133.393,129.562,137.45,213.95,64.54,180.58,129.94
5113,605248.821818,69.646,62,-137.549,28.487,47.576,136.783,132.315,135.52,212.21,64.3,185.1,132.71
5114,605248.825714,68.557,59,-138.726,26.841,49.078,134.251,131.95,133.93,209.98,66.29,181.86,132.4
5115,605248.833596,69.183,59,-138.595,27.701,47.943,134.908,130.408,134.13,211.15,64.78,182.69,130.84
5116,605248.837845,69.578,58,-138.763,27.932,47.683,136.653,132.522,133.98,211.55,64.39,185.13,132.9
5117,605248.841167,69.037,55,-138.464,27.973,49.79,139.17,131.288,134.55,211.65,67.51,187.5,131.59
5118,605248.845192,69.125,59,-140.055,27.756,47.654,133.738,130.781,132.22,211.28,64.38,181.01,131.21
5119,605248.850704,69.087,62,-139.531,27.883,48.604,136.165,132.402,132.91,211.43,65.64,184.53,132.82
5120,605248.85865,68.586,53,-139.923,27.155,49.297,135.023,131.678,132.13,210.3,66.52,182.43,132.22
5121,605248.870202,69.274,56,-138.74,28.514,49.704,140.448,131.266,134.05,212.34,67.15,190.14,131.69
5122,605248.873795,69.907,55,-138.321,28.114,47.528,138.347,130.389,134.57,211.71,64.31,187.26,130.77
5123,605248.877704,69.219,62,-138.823,27.101,48.466,136.605,132.577,133.87,210.38,65.45,185.23,132.98
5124,605248.886928,68.887,50,-137.622,28.552,49.431,137.231,131.157,135.61,212.53,66.89,184.03,131.46
5125,605248.889389,69.329,60,-137.424,28.123,48.026,136.052,130.301,135.74,211.73,64.9,184.53,130.72
5126,605248.893559,69.006,59,-137.932,27.571,48.426,135.166,132.569,135.0,210.92,65.51,182.98,133.02
5127,605248.896869,69.411,57,-136.9,28.441,49.323,140.255,131.271,136.46,212.2,66.64,190.24,131.67
5128,605248.902162,69.801,57,-136.579,28.096,47.429,137.364,130.641,136.9,211.71,64.11,186.2,131.05
5129,605248.910432,68.966,60,-137.509,27.0,48.147,134.143,132.856,135.79,210.34,65.23,181.28,133.17
5130,605248.913893,69.03,55,-136.485,28.045,49.181,137.421,131.568,137.03,211.67,66.47,186.09,131.99
5131,605248.91734,69.543,61,-135.862,28.106,47.825,136.835,130.457,137.88,211.77,64.67,185.34,130.85
5132,605248.921107,68.849,60,-136.75,27.12,48.473,134.343,132.806,136.71,210.45,65.54,181.97,133.17
5133,605248.926546,69.255,56,-135.658,28.446,49.662,140.203,131.297,138.22,212.29,67.17,189.54,131.69
5134,605248.92976,69.435,56,-135.872,27.779,47.658,135.674,131.027,137.76,211.25,64.44,183.48,131.43
5135,605248.937783,68.877,58,-136.286,26.851,48.55,134.721,132.6,137.19,209.99,65.62,182.42,133.02
5136,605248.94254,69.054,60,-135.08,28.817,49.702,139.029,131.302,138.73,212.55,67.22,187.95,131.72
5137,605248.953906,68.732,61,-135.346,29.242,50.303,138.681,131.092,138.58,213.31,68.0,187.99,131.48
5138,605248.96226,69.434,60,-135.62,28.417,48.166,137.115,130.769,138.23,212.21,65.17,185.4,131.14
5139,605248.96554,68.504,65,-136.145,27.544,49.498,135.078,132.292,137.49,211.01,66.9,183.02,132.67
5140,605248.969679,68.802,63,-135.762,28.792,50.182,138.782,131.255,138.0,212.68,67.82,188.23,131.66
5141,605248.973522,69.772,59,-136.105,28.576,47.973,138.749,130.292,137.51,212.37,64.84,188.19,130.68
5142,605248.978972,68.091,65,-136.847,27.657,50.26,134.698,132.506,136.55,211.14,67.93,182.67,132.89
5143,605248.986287,68.704,60,-136.289,28.728,50.555,139.197,131.035,137.38,212.66,68.36,188.25,131.44
5144,605248.989368,69.751,60,-136.612,28.347,47.828,138.189,130.694,136.76,212.01,64.67,186.99,131.11
5145,605248.994225,68.454,61,-137.226,27.644,49.758,135.487,132.091,136.04,211.13,67.24,183.52,132.51
5146,605248.997359,68.719,60,-136.738,28.347,50.184,138.273,131.216,136.69,212.08,67.82,187.49,131.62
5147,605249.001933,68.792,55,-136.978,28.815,48.138,133.069,129.735,136.37,212.79,65.2,179.59,130.17
5148,605249.005916,68.186,67,-137.858,27.969,50.247,135.22,132.236,135.22,211.59,67.92,183.14,132.62
5149,605249.014131,68.529,59,-137.344,27.759,50.805,138.803,131.165,135.87,211.27,68.65,188.24,131.58
5150,605249.017374,69.217,53,-137.378,28.391,47.924,135.062,130.046,136.02,212.33,64.78,182.46,130.38
5151,605249.021391,68.406,64,-138.262,27.644,49.961,135.754,132.193,134.66,211.15,67.51,183.82,132.59
5152,605249.025973,68.436,61,-137.577,27.979,50.683,137.898,131.153,135.65,211.68,68.5,186.5,131.51
5153,605249.037943,68.442,62,-138.378,27.907,50.091,136.324,131.965,134.44,211.44,67.71,184.52,132.39
5154,605249.043188,68.379,61,-137.835,27.53,50.851,138.006,131.138,135.21,210.96,68.71,187.15,131.55
5155,605249.045412,69.207,56,-139.767,26.857,47.981,135.163,130.841,132.53,210.0,64.8,183.15,131.28
5156,605249.049465,68.066,64,-138.483,27.935,50.678,135.67,131.899,134.37,211.53,68.48,183.74,132.32
5157,605249.054302,67.543,57,-138.646,26.488,51.35,134.43,131.394,133.95,209.42,69.38,181.68,131.87
5158,605249.062292,69.672,53,-138.602,26.972,47.754,137.462,130.313,134.31,210.32,64.57,185.17,130.77
5159,605249.06537,67.853,64,-138.397,27.563,50.879,134.967,131.724,134.42,210.98,68.73,182.93,132.15
5160,605249.069514,68.205,62,-137.458,27.644,51.101,137.631,130.813,135.76,211.15,69.08,186.36,131.22
5161,605249.072982,69.719,56,-137.772,27.6,48.169,138.967,130.177,135.29,211.06,65.09,188.45,130.58
5162,605249.078758,67.629,64,-138.008,27.647,50.79,133.445,131.915,134.98,211.13,68.66,180.41,132.37
5163,605249.082106,68.25,62,-136.964,28.142,51.304,138.45,130.744,136.39,211.8,69.33,187.82,131.16
5164,605249.090141,69.636,53,-137.153,28.276,48.007,137.961,130.004,136.12,211.98,64.87,187.02,130.4
5165,605249.093727,67.682,66,-137.248,28.072,51.324,135.154,131.466,135.99,211.69,69.35,183.23,131.88
5166,605249.09703,68.065,64,-136.485,28.118,51.243,137.175,130.693,137.04,211.76,69.26,186.0,131.11
5167,605249.102413,69.618,53,-136.679,28.127,47.997,137.814,130.1,136.77,211.79,64.87,186.76,130.49
5168,605249.104936,67.889,65,-136.81,28.08,50.91,135.251,131.525,136.57,211.69,68.8,183.36,131.94
5169,605249.113802,68.031,64,-136.259,28.568,51.319,137.177,130.661,137.41,212.44,69.39,185.29,131.03
5170,605249.126277,68.142,63,-136.221,28.539,51.249,137.652,130.615,137.39,212.33,69.27,186.68,131.03
5171,605249.130029,69.466,54,-136.899,28.259,48.202,137.419,130.354,136.4,211.9,65.18,185.65,130.79
5172,605249.138673,67.816,66,-137.029,28.272,50.918,134.855,131.385,136.25,211.92,68.82,182.66,131.79
5173,605249.142221,67.699,61,-136.942,28.285,51.428,135.523,130.546,136.12,211.76,69.56,182.57,131.03
5174,605249.145262,69.601,57,-137.242,28.18,48.264,138.471,130.052,136.14,211.93,65.21,187.15,130.52
5175,605249.14937,67.666,64,-137.601,28.054,51.086,134.438,131.356,135.52,211.67,69.05,182.0,131.8
5176,605249.154154,68.191,62,-137.017,28.445,51.227,137.886,130.317,136.31,212.19,69.27,186.44,130.71
5177,605249.156979,70.0,56,-137.813,28.172,47.986,140.303,129.917,135.14,211.76,64.87,189.75,130.35
5178,605249.165336,67.754,67,-137.721,28.405,51.233,135.329,130.928,135.4,212.17,69.25,183.21,131.36
5179,605249.16981,68.179,62,-137.407,28.443,51.254,137.89,130.202,135.83,212.23,69.29,186.66,130.61
5180,605249.173333,69.59,50,-139.133,27.607,47.766,136.965,130.319,133.16,210.83,64.58,184.81,130.85
5181,605249.178417,67.773,65,-137.992,28.6,51.295,135.6,130.616,134.95,212.37,69.33,183.58,131.05
5182,605249.18104,68.141,61,-137.681,28.189,51.143,137.364,130.028,135.48,211.9,69.14,185.9,130.44
5183,605249.190676,70.363,57,-138.451,27.957,47.463,141.233,129.802,134.44,211.59,64.18,190.74,130.16
5184,605249.193769,67.998,62,-138.241,28.518,51.088,136.365,130.587,134.67,212.29,69.07,184.41,131.04
5185,605249.198587,67.31,57,-138.923,27.435,51.26,132.888,130.607,133.69,210.79,69.25,180.01,131.07
5186,605249.205286,68.023,67,-138.247,28.53,51.141,136.657,130.489,134.66,212.31,69.13,184.86,130.89
5187,605249.213689,68.105,57,-137.677,28.075,50.855,136.372,129.774,135.44,211.68,68.77,184.64,130.16
5188,605249.218125,71.191,47,-138.245,27.88,46.682,144.785,130.195,134.65,211.45,63.05,196.59,130.58
5189,605249.222258,68.256,56,-137.658,28.57,50.717,136.9,130.351,135.52,212.43,68.54,185.23,130.76
5190,605249.225045,67.771,58,-137.497,28.15,50.854,134.425,129.752,135.42,211.63,68.78,181.26,130.27
5191,605249.230409,69.785,48,-136.28,29.444,46.837,135.545,130.012,137.38,213.66,63.32,183.28,130.38
5192,605249.233198,68.314,62,-137.251,28.435,50.591,136.908,130.409,135.99,212.18,68.37,185.6,130.82
5193,605249.241957,68.216,58,-136.328,28.712,50.25,135.407,129.617,137.31,212.64,67.95,182.92,129.96
5194,605249.2457,70.559,49,-136.293,28.909,46.532,139.809,129.879,137.34,212.88,62.88,189.68,130.29
5195,605249.248858,68.466,59,-136.494,28.471,50.174,136.694,130.481,137.05,212.27,67.84,185.04,130.88
5196,605249.254885,68.261,63,-135.777,29.107,50.243,135.656,129.623,138.0,213.12,67.93,183.85,130.03
5197,605249.25788,70.972,51,-136.145,28.899,46.325,142.088,130.159,137.59,212.91,62.68,191.53,130.58
5198,605249.266011,68.378,60,-136.126,28.611,50.271,136.428,130.444,137.49,212.41,67.95,184.97,130.85
5199,605249.26944,68.536,62,-135.445,29.093,49.991,136.621,129.757,138.43,213.08,67.63,184.76,130.18
5200,605249.274025,71.291,50,-136.242,28.632,46.23,144.127,130.421,137.42,212.54,62.5,195.12,130.78
5201,605249.277076,68.688,57,-135.954,28.824,49.755,136.898,130.514,137.77,212.73,67.25,185.81,130.89
5202,605249.282589,68.916,59,-135.358,29.283,49.427,137.397,129.785,138.45,213.26,66.87,185.75,130.18
5203,605249.298604,68.881,59,-135.486,29.111,49.474,137.312,129.8,138.42,213.13,66.93,185.81,130.16
5204,605249.301035,71.045,48,-135.943,29.059,46.066,141.821,130.543,137.69,212.99,62.27,192.42,130.96
5205,605249.307088,68.811,58,-135.967,28.746,49.744,137.623,130.355,137.68,212.59,67.22,186.54,130.77
5206,605249.309293,68.931,60,-135.944,28.603,49.257,137.019,129.861,137.77,212.43,66.58,185.79,130.26
5207,605249.317328,70.492,51,-135.909,29.06,46.18,138.285,130.306,137.98,213.24,62.46,186.16,130.62
5208,605249.321755,68.989,58,-136.505,28.558,49.295,137.486,130.579,136.97,212.35,66.69,185.45,131.03
5209,605249.324956,68.419,57,-137.018,28.072,49.372,134.23,130.194,136.16,211.55,66.83,180.88,130.6
5210,605249.330891,71.391,49,-137.315,28.075,45.759,143.393,130.665,135.92,211.72,61.87,193.71,131.08
5211,605249.333955,68.996,57,-137.016,28.638,49.528,138.177,130.541,136.43,212.56,66.99,186.63,130.95
5212,605249.341754,68.256,65,-137.835,27.468,49.544,133.74,130.39,135.17,210.85,66.95,181.18,130.83
5213,605249.346504,70.162,49,-136.164,29.379,45.716,134.71,130.495,137.42,213.51,61.83,182.12,130.78
5214,605249.349431,68.895,60,-137.406,28.701,49.577,137.686,130.436,135.67,212.44,67.09,185.99,130.9
5215,605249.353251,68.949,60,-137.263,27.971,49.192,136.951,129.9,135.96,211.56,66.48,185.34,130.36
5216,605249.357549,71.303,51,-137.738,27.844,45.612,142.288,130.983,135.31,211.37,61.62,193.24,131.4
5217,605249.361603,69.108,57,-137.742,28.478,49.294,138.234,130.573,135.33,212.24,66.6,187.43,130.98
5218,605249.370048,68.351,65,-136.926,28.819,49.126,133.161,129.59,136.41,212.71,66.41,180.44,129.97
5219,605249.377683,69.248,60,-137.716,28.509,49.166,138.762,130.565,135.37,212.29,66.43,188.15,130.97
5220,605249.383189,68.421,64,-136.98,28.789,49.107,133.524,129.576,136.37,212.67,66.4,180.64,129.97
5221,605249.385455,71.175,50,-137.604,28.546,45.353,140.552,130.867,135.57,212.42,61.27,190.38,131.24
5222,605249.394026,68.984,57,-138.355,28.171,49.22,137.247,130.787,134.42,211.76,66.53,185.63,131.23
5223,605249.397741,68.443,62,-136.87,28.407,48.822,132.876,129.729,136.5,212.15,65.99,180.03,130.12
5224,605249.401781,71.099,55,-137.826,27.557,45.575,140.694,131.192,135.25,211.04,61.57,190.76,131.58
5225,605249.404829,69.491,56,-137.511,28.321,48.896,139.558,130.645,135.58,211.97,66.09,188.86,131.04
5226,605249.40949,68.556,63,-136.912,28.668,48.752,133.352,129.731,136.39,212.49,65.92,180.75,130.08
5227,605249.41749,71.257,54,-137.911,27.758,45.548,141.747,131.469,135.15,211.34,61.52,192.23,131.85
5228,605249.421452,69.401,57,-137.525,28.447,48.942,139.106,130.745,135.57,212.15,66.15,188.28,131.14
5229,605249.42541,69.329,58,-137.384,27.683,48.393,137.088,130.219,135.75,211.1,65.45,185.31,130.61
5230,605249.429063,71.336,49,-137.678,27.589,45.489,142.145,131.53,135.3,210.92,61.54,191.79,131.95
5231,605249.434314,69.455,57,-137.228,28.501,48.848,139.19,130.791,136.02,212.25,66.08,188.47,131.21
5232,605249.437524,69.162,59,-137.051,27.684,48.553,136.489,130.017,136.16,211.08,65.69,184.56,130.47
5233,605249.446452,70.224,51,-138.388,26.667,46.038,136.069,132.238,134.4,209.77,62.19,184.16,132.68
5234,605249.449355,69.675,55,-136.897,28.447,48.794,140.478,130.78,136.48,212.22,65.93,190.55,131.18
5235,605249.45346,69.172,58,-137.025,27.793,48.291,135.812,130.301,136.27,211.29,65.31,183.63,130.72
5236,605249.469846,68.714,62,-136.192,29.08,48.627,133.948,129.616,137.57,213.22,65.78,180.86,129.97
5237,605249.473886,70.009,54,-137.431,28.097,46.626,136.384,132.273,135.44,211.52,63.03,183.81,132.75
5238,605249.478036,69.172,58,-136.301,28.139,49.263,138.546,130.865,137.35,211.88,66.62,187.26,131.23
5239,605249.48101,68.858,61,-135.904,28.936,48.36,134.08,129.823,137.85,212.93,65.37,181.32,130.16
5240,605249.486995,69.748,57,-137.85,27.596,46.598,134.614,132.488,135.06,211.0,62.97,181.89,132.93
5241,605249.494602,69.399,60,-136.295,28.25,48.825,138.762,131.073,137.28,211.97,66.03,187.47,131.46
5242,605249.497633,69.024,60,-135.645,29.362,48.01,134.117,129.936,138.21,213.52,64.94,181.12,130.27
5243,605249.501605,70.497,58,-136.194,28.907,46.449,139.127,131.905,137.44,212.88,62.75,188.75,132.29
5244,605249.504792,69.517,57,-135.972,28.268,48.809,139.483,131.132,137.75,211.99,65.99,188.88,131.54
5245,605249.510654,69.003,60,-137.015,28.306,47.698,133.117,130.808,136.3,212.03,64.47,180.27,131.22
5246,605249.512983,70.13,55,-135.728,29.18,46.859,137.869,131.954,138.13,213.32,63.38,185.89,132.26
5247,605249.522473,68.77,58,-136.756,27.292,48.845,134.89,131.682,136.34,210.47,65.92,182.31,132.23
5248,605249.525289,69.132,62,-135.383,29.232,47.84,134.299,129.838,138.46,213.22,64.72,181.89,130.24
5249,605249.529649,70.238,60,-135.661,29.163,46.994,138.986,132.12,138.1,213.16,63.49,188.43,132.49
5250,605249.53485,69.489,56,-135.76,27.482,48.793,139.255,131.292,138.05,210.98,65.96,188.5,131.65
5251,605249.537336,69.12,59,-136.748,27.751,47.516,133.32,130.571,136.59,211.17,64.29,180.7,131.04
5252,605249.546034,70.176,59,-136.072,28.783,46.957,138.461,132.018,137.59,212.69,63.44,187.88,132.41
5253,605249.558206,70.2,57,-136.469,28.546,47.001,138.754,132.097,137.01,212.34,63.51,188.08,132.5
5254,605249.561313,69.345,56,-136.266,27.949,48.902,138.636,131.184,137.36,211.59,66.09,187.81,131.55
5255,605249.570178,68.936,59,-137.827,27.903,47.869,133.189,130.9,135.16,211.43,64.68,180.44,131.34
5256,605249.57402,70.188,59,-137.097,28.422,47.082,138.912,132.062,136.15,212.09,63.75,187.63,132.45
5257,605249.577784,68.889,55,-137.586,27.08,49.066,136.227,131.568,135.5,210.38,66.36,183.41,132.02
5258,605249.581005,68.985,59,-136.831,28.928,47.974,133.774,129.68,136.59,212.92,64.87,180.81,130.05
5259,605249.585767,69.941,59,-137.724,28.493,47.466,138.389,132.064,135.37,212.3,64.11,187.69,132.46
5260,605249.589779,69.469,55,-137.739,27.313,49.356,140.731,131.242,135.23,210.58,66.71,190.32,131.65
5261,605249.597501,69.015,56,-138.785,27.666,47.808,133.496,130.527,133.87,211.11,64.59,180.77,130.97
5262,605249.601536,69.667,59,-138.487,28.069,47.805,137.579,132.257,134.36,211.73,64.57,186.33,132.67
5263,605249.605035,68.564,54,-139.706,26.24,49.277,134.837,132.037,132.62,209.17,66.54,182.73,132.49
5264,605249.610269,68.92,55,-138.522,27.737,48.118,133.784,130.474,134.05,211.11,65.06,180.26,130.99
5265,605249.613514,69.873,53,-137.884,28.556,47.506,138.056,132.188,135.13,212.34,64.23,186.86,132.63
5266,605249.621712,69.4,54,-137.672,27.563,49.606,140.988,131.29,135.46,211.01,67.11,190.19,131.7
5267,605249.625466,69.209,55,-138.705,27.63,47.553,133.964,130.769,133.97,211.06,64.24,181.45,131.21
5268,605249.62931,69.706,57,-137.636,28.404,47.954,138.26,132.275,135.5,212.14,64.87,186.89,132.64
5269,605249.632933,68.933,52,-137.581,27.075,49.372,137.35,131.539,135.54,210.35,66.73,185.81,131.98
5270,605249.650158,69.283,57,-136.429,27.639,49.704,140.503,131.329,137.1,211.12,67.17,190.59,131.72
5271,605249.653273,69.494,52,-136.432,28.226,47.567,135.785,130.273,137.03,211.86,64.3,183.91,130.69
5272,605249.657057,68.885,58,-137.43,27.696,48.253,133.945,132.853,135.66,211.14,65.17,181.49,133.28
5273,605249.662149,69.065,59,-135.97,27.615,49.403,138.263,131.366,137.71,211.08,66.81,186.99,131.73
5274,605249.664885,69.154,53,-136.477,27.589,47.711,134.073,130.745,136.98,211.02,64.5,181.36,131.19
5275,605249.67355,69.468,58,-136.082,28.048,47.89,136.545,132.44,137.61,211.68,64.84,184.79,132.81
5276,605249.677868,68.761,52,-135.384,28.664,49.886,137.706,131.19,138.58,212.58,67.45,186.24,131.58
5277,605249.681094,68.956,54,-135.379,28.407,48.569,135.257,130.234,138.45,212.09,65.74,182.93,130.62
5278,605249.686229,69.203,61,-136.34,27.618,48.469,136.509,132.723,137.21,211.09,65.49,185.15,133.11
5279,605249.689433,68.955,59,-135.608,28.625,49.687,138.361,131.341,138.12,212.35,67.27,186.81,131.74
5280,605249.698465,68.953,57,-135.765,28.591,48.359,134.651,130.437,138.2,212.66,65.38,181.65,130.73
5281,605249.701147,69.204,59,-136.629,27.765,48.403,136.332,132.53,136.85,211.27,65.54,184.6,132.91
5282,605249.706133,69.01,57,-136.228,28.616,49.82,139.083,131.35,137.32,212.41,67.33,188.45,131.76
5283,605249.709295,68.827,58,-135.97,28.762,48.543,134.402,130.223,137.83,212.76,65.64,181.65,130.58
5284,605249.714622,69.001,62,-137.232,27.409,48.721,135.959,132.684,135.97,210.76,65.85,184.12,133.07
5285,605249.722412,68.776,59,-136.666,28.751,50.221,138.725,131.316,136.84,212.68,67.87,187.78,131.72
5286,605249.734129,68.917,56,-137.085,28.555,50.117,139.324,131.305,136.25,212.39,67.74,188.59,131.7
5287,605249.737398,69.133,62,-137.151,28.184,48.721,136.778,130.527,136.12,211.84,65.85,185.4,130.94
5288,605249.741672,68.629,61,-137.804,27.201,49.531,135.924,132.467,135.24,210.49,67.0,183.66,132.87
5289,605249.750317,68.777,60,-137.27,28.56,50.452,139.372,131.229,135.9,212.23,68.37,187.7,131.64
5290,605249.754056,68.93,62,-137.49,28.07,48.94,136.127,130.452,135.7,211.71,66.18,184.05,130.85
5291,605249.756663,67.903,66,-138.539,26.847,50.038,133.016,132.82,134.2,210.01,67.61,180.0,133.27
5292,605249.763027,68.53,63,-137.203,28.763,50.704,138.528,131.093,136.04,212.62,68.51,187.57,131.47
5293,605249.764991,68.915,59,-137.135,28.291,48.77,135.565,130.341,136.23,212.07,65.94,183.33,130.72
5294,605249.774326,68.438,63,-137.716,27.274,49.851,135.644,132.287,135.39,210.62,67.39,183.88,132.68
5295,605249.777268,68.349,57,-137.388,28.214,50.824,137.754,131.298,135.77,211.87,68.68,186.63,131.73
5296,605249.78251,68.873,55,-136.628,28.418,49.076,136.16,130.081,136.79,212.13,66.37,184.19,130.5
5297,605249.784755,68.055,63,-137.902,27.107,50.093,134.037,132.623,135.1,210.38,67.66,181.79,133.03
5298,605249.790918,68.476,60,-136.621,28.719,50.965,138.913,131.013,136.9,212.62,68.9,188.1,131.44
5299,605249.798537,68.441,58,-135.967,28.916,48.973,133.272,129.917,137.78,212.87,66.26,180.51,130.29
5300,605249.801349,68.177,65,-137.213,27.183,49.994,134.485,132.283,136.01,210.47,67.55,182.31,132.7
5301,605249.80552,68.558,60,-136.211,28.696,50.806,138.984,131.045,137.48,212.62,68.71,187.97,131.45
5302,605249.808712,68.642,55,-136.993,27.899,48.936,134.367,130.451,136.38,211.49,66.23,181.68,130.86
5303,605249.826165,69.265,57,-136.039,28.357,48.776,137.766,130.413,137.64,212.06,66.04,186.47,130.81
5304,605249.829132,67.807,64,-136.994,27.135,50.478,133.635,132.121,136.31,210.41,68.24,180.85,132.56
5305,605249.833721,68.407,58,-136.048,28.478,50.956,138.463,130.802,137.62,212.26,68.87,187.77,131.21
5306,605249.839194,68.744,58,-135.371,29.799,48.677,134.265,129.229,138.55,214.08,65.82,181.56,129.58
5307,605249.840935,67.593,73,-136.588,28.412,51.158,134.207,131.741,136.88,212.15,69.13,181.95,132.15
5308,605249.850131,67.947,64,-136.229,28.536,51.574,137.361,130.722,137.36,212.31,69.75,185.79,131.11
5309,605249.853465,68.789,58,-135.594,29.566,48.562,134.223,129.455,138.29,213.79,65.66,181.79,129.81
5310,605249.857365,67.999,69,-136.851,28.293,50.619,135.12,131.679,136.56,212.02,68.41,183.04,132.1
5311,605249.861006,68.182,63,-136.504,28.829,51.247,137.888,130.802,137.01,212.73,69.26,187.0,131.21
5312,605249.866671,69.167,53,-137.658,28.221,48.642,136.774,130.253,135.29,211.8,65.75,184.81,130.72
5313,605249.87004,67.953,65,-137.06,28.476,50.811,135.363,131.592,136.18,212.17,68.72,182.88,132.0
5314,605249.877831,68.279,61,-136.717,28.704,51.34,138.724,130.674,136.76,212.59,69.42,187.74,131.08
5315,605249.881851,68.857,52,-138.252,27.917,48.426,134.258,130.143,134.62,211.48,65.43,181.96,130.59
5316,605249.88516,67.733,67,-137.232,28.478,51.171,135.046,131.322,136.01,212.23,69.15,183.07,131.73
5317,605249.890846,68.338,60,-136.738,28.685,51.319,139.026,130.55,136.71,212.55,69.36,188.51,130.97
5318,605249.894217,68.979,53,-136.311,29.422,48.377,134.867,129.254,137.27,213.5,65.5,182.43,129.69
5319,605249.901608,67.997,66,-137.159,28.42,50.85,135.722,131.312,136.07,212.13,68.73,183.78,131.74
5320,605249.914249,67.77,65,-137.278,28.253,51.051,134.942,131.263,135.96,211.95,69.0,182.73,131.68
5321,605249.91721,68.207,63,-136.601,28.531,51.15,137.776,130.224,136.88,212.3,69.16,186.43,130.63
5322,605249.926242,69.063,55,-138.143,27.748,48.19,134.855,130.339,134.72,211.22,65.11,182.68,130.79
5323,605249.929411,68.019,68,-136.885,28.531,50.677,135.395,131.051,136.49,212.28,68.6,183.24,131.45
5324,605249.93471,67.799,58,-137.543,28.183,50.739,134.28,130.725,135.48,211.77,68.58,181.34,131.23
5325,605249.937588,69.798,61,-136.828,28.615,47.946,138.84,129.682,136.52,212.39,64.82,188.04,130.06
5326,605249.942609,67.687,65,-136.389,29.085,50.679,133.48,130.722,137.17,213.12,68.5,180.6,131.11
5327,605249.945431,68.227,64,-136.512,28.636,50.982,137.443,130.198,136.96,212.43,68.92,186.09,130.59
5328,605249.953397,69.312,57,-135.919,29.754,47.643,134.859,128.975,137.92,214.13,64.41,182.23,129.32
5329,605249.958063,68.057,66,-137.073,28.551,50.695,135.662,130.942,136.27,212.37,68.52,183.74,131.37
5330,605249.960877,68.295,56,-136.869,28.225,50.771,137.282,130.202,136.43,211.79,68.74,185.64,130.66
5331,605249.966397,70.165,56,-137.024,28.428,47.332,139.494,129.635,136.46,212.29,63.96,188.93,130.05
5332,605249.969694,67.922,65,-137.293,28.365,50.694,134.871,130.914,135.88,212.04,68.52,182.6,131.35
5333,605249.977302,68.554,60,-136.756,28.13,50.437,137.951,130.164,136.66,211.73,68.28,186.49,130.56
5334,605249.98189,70.152,52,-137.634,27.832,47.091,138.697,129.897,135.43,211.34,63.64,187.92,130.31
5335,605249.985375,68.385,61,-137.285,28.411,50.128,136.078,131.009,135.94,212.15,67.73,184.49,131.42
5336,605249.994074,70.631,55,-136.943,28.145,46.551,140.361,129.708,136.42,211.73,63.06,189.17,130.0
5337,605250.002597,68.394,59,-136.732,28.747,50.298,136.595,130.536,136.7,212.61,67.98,185.18,130.95
5338,605250.005972,68.705,59,-136.438,28.081,49.985,137.634,130.015,137.05,211.68,67.59,186.34,130.43
5339,605250.010403,70.398,54,-136.526,28.373,46.572,138.821,129.717,137.03,212.15,62.94,188.05,130.12
5340,605250.01341,68.416,59,-136.433,28.7,50.126,136.262,130.564,137.13,212.54,67.82,184.6,130.95
5341,605250.017843,68.606,59,-136.267,28.725,50.242,137.733,129.925,137.41,212.65,67.95,186.25,130.34
5342,605250.021554,70.007,41,-135.405,30.011,46.275,135.346,129.494,138.4,214.35,62.59,182.98,129.73
5343,605250.029881,68.399,62,-136.432,28.954,50.37,136.827,130.319,137.1,212.84,68.21,184.95,130.74
5344,605250.033655,68.817,58,-136.468,28.59,49.707,137.559,129.888,137.01,212.37,67.21,186.25,130.31
5345,605250.03692,69.84,49,-135.262,30.007,46.371,134.552,129.608,138.62,214.37,62.71,182.29,129.9
5346,605250.041933,68.493,62,-136.493,28.874,50.066,136.562,130.4,137.01,212.78,67.67,185.1,130.81
5347,605250.045152,68.638,62,-136.628,29.112,49.892,136.966,129.81,136.83,213.07,67.5,185.35,130.19
5348,605250.05338,71.315,51,-137.039,29.068,45.903,143.284,130.107,136.42,213.16,62.08,193.42,130.45
5349,605250.05805,68.661,59,-136.894,28.821,49.896,137.123,130.419,136.47,212.71,67.43,185.92,130.83
5350,605250.061628,69.02,62,-136.831,28.875,49.163,137.309,129.899,136.58,212.8,66.44,186.12,130.31
5351,605250.065583,70.905,51,-137.043,28.985,45.9,140.306,130.026,136.32,212.99,62.02,190.16,130.41
5352,605250.082479,70.094,45,-136.113,29.777,45.716,134.273,129.946,137.32,213.86,61.87,181.36,130.23
5353,605250.085446,69.051,60,-137.289,28.806,49.188,137.575,130.531,135.87,212.63,66.48,186.2,130.93
5354,605250.089678,69.079,61,-136.99,28.13,48.92,136.999,129.933,136.31,211.76,66.1,185.69,130.36
5355,605250.094711,70.427,48,-135.717,29.787,45.034,134.431,130.023,138.06,214.07,60.86,182.17,130.36
5356,605250.097941,69.337,56,-137.05,28.872,48.759,138.178,130.501,136.26,212.78,65.92,186.87,130.93
5357,605250.106006,68.973,64,-136.793,28.227,49.009,136.587,129.814,136.62,211.91,66.24,185.15,130.22
5358,605250.109765,71.526,48,-136.82,28.752,44.756,141.239,130.405,136.58,212.65,60.5,190.95,130.75
5359,605250.112952,69.416,55,-136.878,28.949,48.74,138.628,130.474,136.59,212.98,65.88,187.53,130.87
5360,605250.118475,69.179,65,-136.659,28.327,48.511,136.48,129.931,136.8,212.05,65.57,185.02,130.34
5361,605250.121571,71.271,47,-136.452,28.763,45.031,140.241,130.597,136.99,212.61,60.89,189.78,130.91
5362,605250.129786,69.42,59,-136.783,28.668,48.592,138.232,130.7,136.61,212.49,65.7,186.97,131.1
5363,605250.133646,69.232,61,-136.337,28.819,48.633,137.154,129.996,137.23,212.72,65.73,185.99,130.4
5364,605250.137079,71.38,49,-136.371,29.016,45.029,141.031,130.931,137.31,213.12,60.83,190.88,131.3
5365,605250.141514,68.531,55,-135.296,30.032,48.907,133.628,130.091,138.59,214.31,66.16,181.08,130.52
5366,605250.146555,69.49,59,-136.166,28.538,48.108,137.304,130.263,137.46,212.34,65.02,186.2,130.66
5367,605250.154693,70.961,56,-136.452,28.193,45.492,139.455,131.179,137.15,211.97,61.5,188.71,131.53
5368,605250.165948,71.358,52,-135.969,28.96,45.412,142.064,131.382,137.73,212.92,61.39,192.15,131.75
5369,605250.169919,68.636,54,-135.001,29.355,48.522,133.197,130.695,138.97,213.46,65.61,180.56,131.0
5370,605250.173039,69.564,62,-135.757,29.135,48.056,137.63,130.222,138.0,213.14,64.95,186.63,130.62
5371,605250.182122,71.017,57,-135.963,29.003,45.684,140.445,131.493,137.69,212.94,61.74,190.31,131.85
5372,605250.185542,69.455,57,-136.221,27.971,48.132,137.152,131.167,137.28,211.49,65.05,185.9,131.58
5373,605250.188943,69.764,60,-135.906,29.096,47.727,137.981,130.414,137.81,213.1,64.51,187.12,130.81
5374,605250.194174,71.055,56,-135.897,29.15,45.699,140.763,131.443,137.83,213.2,61.75,190.99,131.83
5375,605250.197258,69.435,60,-136.231,27.937,48.485,138.032,131.243,137.35,211.51,65.52,187.24,131.64
5376,605250.20559,69.508,63,-136.063,29.081,47.84,136.656,130.166,137.6,213.08,64.65,185.35,130.57
5377,605250.20986,70.909,55,-136.142,29.306,45.927,140.423,131.552,137.46,213.38,62.06,190.33,131.95
5378,605250.213608,69.528,57,-136.714,27.718,48.439,138.5,131.295,136.69,211.2,65.45,187.89,131.69
5379,605250.217294,69.581,62,-136.226,29.091,47.839,137.123,130.294,137.38,213.09,64.65,185.95,130.7
5380,605250.22159,70.504,54,-136.945,28.78,46.008,137.854,131.838,136.17,212.51,62.21,185.76,132.32
5381,605250.229482,69.335,59,-136.745,27.828,48.808,138.304,131.287,136.66,211.36,65.95,187.55,131.68
5382,605250.233953,69.424,63,-136.304,29.05,48.032,136.668,130.251,137.27,213.03,64.91,185.36,130.65
5383,605250.23743,70.492,53,-136.266,29.398,46.275,138.574,131.705,137.35,213.56,62.52,187.84,132.08
5384,605250.250185,70.882,56,-136.084,28.986,45.94,140.269,132.016,137.56,212.97,62.13,189.42,132.42
5385,605250.258125,68.512,58,-135.386,28.849,48.978,133.708,131.21,138.35,212.64,66.21,181.02,131.5
5386,605250.261609,69.571,61,-135.716,28.936,47.843,137.068,130.567,137.99,212.81,64.67,185.81,130.98
5387,605250.265294,69.972,54,-137.225,27.918,46.223,134.969,132.817,135.79,211.32,62.46,182.5,133.29
5388,605250.270572,69.396,64,-135.769,27.83,48.309,137.276,131.571,137.96,211.36,65.28,186.21,131.95
5389,605250.272947,69.658,60,-135.248,28.938,47.689,137.189,130.709,138.62,212.81,64.49,185.92,131.13
5390,605250.28187,70.746,57,-135.487,28.861,46.049,139.647,132.122,138.35,212.76,62.26,189.41,132.52
5391,605250.285293,69.348,55,-135.561,27.977,48.753,138.234,131.625,138.24,211.57,65.94,186.94,132.02
5392,605250.289784,69.553,56,-135.108,29.153,47.958,137.284,130.431,138.74,213.06,64.84,185.93,130.87
5393,605250.293109,70.123,55,-135.145,29.322,46.673,137.272,132.017,138.82,213.42,63.08,185.75,132.35
5394,605250.298126,69.453,58,-135.354,27.702,48.55,138.326,131.555,138.46,211.1,65.74,187.19,131.96
5395,605250.307936,68.417,60,-135.836,28.155,48.16,130.923,131.094,137.82,211.77,65.09,177.55,131.48
5396,605250.309883,70.59,56,-135.675,28.841,46.056,138.585,132.176,138.25,212.93,62.29,186.66,132.46
5397,605250.31375,69.025,54,-136.296,27.95,49.191,137.418,131.752,137.19,211.44,66.6,185.7,132.18
5398,605250.317438,68.795,59,-135.858,28.685,48.479,134.029,130.469,137.74,212.45,65.6,180.55,130.88
5399,605250.32494,69.196,58,-136.396,28.172,48.878,137.619,131.557,137.13,211.86,66.08,186.05,131.94
5400,605250.335255,68.925,65,-137.822,27.6,47.923,133.267,131.465,135.2,211.05,64.75,180.47,131.91
5401,605250.337202,70.251,61,-137.313,28.022,46.718,138.26,132.291,135.9,211.64,63.12,187.49,132.68
5402,605250.341078,68.462,59,-138.389,27.121,49.166,133.923,132.376,134.4,210.38,66.41,181.51,132.81
5403,605250.349174,70.045,57,-137.566,27.99,47.221,138.366,132.709,135.56,211.61,63.78,187.68,133.1
5404,605250.357681,69.142,56,-137.36,27.836,49.519,139.079,131.703,135.83,211.38,66.96,187.9,132.11
5405,605250.361902,68.735,62,-138.481,27.616,48.268,133.089,131.433,134.27,211.04,65.2,180.32,131.87
5406,605250.365368,69.892,58,-137.685,27.881,47.492,138.144,132.733,135.4,211.46,64.14,187.33,133.13
5407,605250.369369,68.276,55,-136.503,28.668,49.61,134.033,131.596,136.98,212.52,67.04,181.66,131.97
5408,605250.374043,68.964,66,-137.242,28.104,48.655,135.544,130.865,136.01,211.64,66.03,183.16,131.3
5409,605250.377369,70.153,57,-137.192,28.354,47.349,139.461,132.639,136.07,212.09,63.96,189.41,133.06
5410,605250.386055,68.203,56,-136.262,28.656,49.875,134.317,131.455,137.27,212.42,67.5,181.81,131.87
5411,605250.389796,68.402,62,-138.112,27.678,48.778,132.519,131.449,134.81,211.16,65.92,179.42,131.88
5412,605250.393141,69.546,55,-136.693,28.67,47.901,137.074,132.496,136.71,212.5,64.73,185.48,132.86
5413,605250.398201,68.908,58,-136.571,27.7,50.095,139.205,131.757,136.88,211.18,67.69,188.85,132.15
5414,605250.401715,68.49,61,-137.527,27.994,48.757,132.974,131.179,135.56,211.56,65.87,180.22,131.61
5415,605250.409495,69.282,63,-136.519,28.613,48.615,137.421,132.493,136.94,212.38,65.76,186.01,132.86
5416,605250.421843,69.345,61,-136.169,28.861,48.669,137.975,132.371,137.46,212.8,65.75,187.23,132.77
5417,605250.425435,68.513,59,-136.081,27.526,50.593,138.121,131.716,137.61,210.99,68.4,187.08,132.13
5418,605250.433284,68.253,54,-136.225,28.554,49.227,132.865,130.219,137.35,212.41,66.65,179.6,130.65
5419,605250.4377,69.232,61,-136.404,28.814,48.982,138.138,132.329,137.12,212.66,66.28,186.89,132.73
5420,605250.44169,67.822,57,-135.768,28.408,51.128,135.443,131.071,138.16,212.35,69.16,182.44,131.41
5421,605250.445161,68.323,60,-137.421,27.889,49.206,133.212,131.003,135.69,211.4,66.48,180.46,131.45
5422,605250.450329,68.2,60,-137.607,27.939,49.547,133.415,132.891,135.45,211.44,67.06,180.38,133.3
5423,605250.453248,68.042,66,-136.295,28.006,51.326,137.262,131.421,137.2,211.53,69.41,185.71,131.82
5424,605250.46129,68.043,62,-135.863,29.168,49.879,133.398,129.768,137.81,213.15,67.43,180.73,130.18
5425,605250.466118,68.503,59,-136.831,28.465,49.866,136.074,132.356,136.51,212.21,67.37,184.41,132.77
5426,605250.469051,68.178,62,-136.138,27.818,51.336,138.101,131.241,137.5,211.37,69.39,187.17,131.63
5427,605250.473761,67.997,61,-135.976,28.981,49.798,132.917,129.652,137.7,212.92,67.31,180.15,130.06
5428,605250.477396,68.379,64,-136.383,28.812,50.083,135.925,132.014,137.22,212.69,67.87,183.82,132.42
5429,605250.486205,68.067,58,-136.024,27.507,51.566,138.055,131.135,137.69,210.96,69.72,186.97,131.55
5430,605250.48892,68.152,59,-135.744,28.68,49.553,133.158,129.554,138.04,212.54,66.99,180.36,129.95
5431,605250.493886,68.074,66,-136.443,28.453,50.538,135.341,132.011,137.08,212.23,68.29,183.49,132.41
5432,605250.502995,68.048,62,-135.262,29.398,49.719,132.998,129.295,138.7,213.54,67.21,180.14,129.67
5433,605250.510306,67.893,65,-136.349,28.342,50.855,135.132,132.05,137.19,212.02,68.79,182.98,132.44
5434,605250.514141,67.911,59,-135.747,28.352,51.709,137.51,130.936,137.97,212.04,69.92,186.15,131.35
5435,605250.517799,67.886,61,-135.509,29.482,50.102,133.089,129.23,138.37,213.65,67.73,180.28,129.61
5436,605250.521436,68.111,67,-136.322,28.843,50.488,135.423,131.747,137.25,212.76,68.24,183.29,132.11
5437,605250.526255,68.028,63,-136.105,28.206,51.571,137.831,130.918,137.57,211.9,69.72,186.73,131.34
5438,605250.528899,67.882,63,-137.528,28.274,50.03,132.874,130.245,135.56,211.93,67.6,180.04,130.69
5439,605250.538413,68.083,64,-136.798,28.903,50.694,135.816,131.811,136.62,212.84,68.51,183.98,132.23
5440,605250.540862,67.737,60,-136.455,28.131,52.231,137.861,130.709,137.08,211.78,70.59,186.91,131.12
5441,605250.544855,68.119,63,-138.112,28.116,49.672,133.287,130.083,134.78,211.71,67.11,180.58,130.53
5442,605250.550698,67.632,63,-137.397,28.865,51.255,134.683,131.483,135.81,212.78,69.25,182.51,131.89
5443,605250.552875,67.709,63,-137.124,28.017,52.084,137.316,130.505,136.18,211.62,70.39,186.16,130.92
5444,605250.562158,67.801,62,-136.837,28.987,50.187,132.832,128.863,136.58,212.95,67.86,179.67,129.26
5445,605250.566197,67.953,67,-137.925,28.181,50.803,135.344,131.7,135.09,211.85,68.67,183.13,132.11
5446,605250.568808,67.845,55,-138.015,28.507,52.403,138.959,130.53,134.92,212.25,70.8,188.2,130.98
5447,605250.574259,68.767,58,-137.568,28.485,49.767,137.415,129.363,135.59,212.2,67.41,185.95,129.79
5448,605250.577317,67.444,65,-138.333,27.53,51.652,134.657,131.441,134.57,210.99,69.83,182.11,131.86
5449,605250.591155,68.636,58,-138.659,28.109,49.525,135.946,129.475,134.04,211.69,66.92,184.1,129.91
5450,605250.595096,67.348,64,-138.789,28.015,51.441,133.567,131.589,133.81,211.53,69.5,180.65,132.07
5451,605250.602302,68.464,62,-136.783,29.015,49.138,133.859,128.761,136.75,213.1,66.44,180.88,129.12
5452,605250.605559,67.787,68,-137.771,28.027,50.922,134.699,131.164,135.3,211.63,68.81,182.56,131.58
5453,605250.613307,67.882,57,-136.822,29.064,51.387,136.484,129.954,136.59,213.05,69.46,184.65,130.33
5454,605250.617862,68.889,59,-137.098,28.565,49.151,136.466,129.344,136.24,212.38,66.43,185.12,129.74
5455,605250.620833,67.756,64,-137.831,27.81,50.592,133.645,131.556,135.13,211.29,68.35,180.97,132.01
5456,605250.626363,68.077,58,-136.579,28.444,51.174,137.06,130.278,136.89,212.18,69.2,185.57,130.71
5457,605250.629788,68.79,57,-135.643,29.524,48.649,134.469,128.911,138.19,213.7,65.77,182.14,129.3
5458,605250.637387,67.914,64,-136.864,28.525,50.307,133.798,131.347,136.46,212.28,67.98,181.27,131.78
5459,605250.641444,68.326,61,-135.687,28.702,50.955,137.968,130.154,138.09,212.54,68.88,187.07,130.56
5460,605250.646076,69.407,59,-135.805,28.72,48.285,137.276,129.398,137.91,212.55,65.27,186.15,129.8
5461,605250.64914,68.33,63,-135.544,28.975,49.951,135.275,131.053,138.34,212.95,67.61,182.67,131.4
5462,605250.654415,68.393,63,-134.928,29.163,50.849,138.089,130.162,139.08,213.15,68.78,186.66,130.55
5463,605250.66184,69.645,55,-135.096,29.202,47.918,137.761,129.125,138.89,213.16,64.92,186.59,129.53
5464,605250.665661,68.072,62,-135.363,28.863,50.468,135.141,130.89,138.6,212.82,68.26,182.9,131.29
5465,605250.673905,69.707,58,-135.238,28.69,47.773,137.744,129.186,138.68,212.52,64.58,186.88,129.57
5466,605250.678671,68.35,62,-135.416,28.8,50.001,135.524,130.934,138.54,212.7,67.73,183.4,131.3
5467,605250.681343,67.696,58,-135.797,27.743,50.647,133.451,130.633,137.75,211.15,68.41,180.6,131.14
5468,605250.68993,69.975,56,-135.884,28.322,47.184,137.791,129.39,137.79,212.01,63.79,186.89,129.77
5469,605250.694511,68.36,60,-135.901,28.714,49.961,135.475,130.869,137.91,212.64,67.61,183.28,131.25
5470,605250.696659,68.511,63,-135.415,28.017,50.276,137.243,130.061,138.5,211.64,68.03,185.42,130.45
5471,605250.702006,70.316,55,-136.089,28.282,46.871,139.155,129.231,137.66,212.06,63.46,187.79,129.57
5472,605250.705291,68.261,62,-136.746,28.422,49.71,134.212,130.99,136.61,212.15,67.21,181.49,131.43
5473,605250.714226,68.676,65,-136.044,28.396,50.096,137.765,130.017,137.6,212.13,67.74,186.45,130.42
5474,605250.718245,70.644,52,-137.244,28.14,46.682,140.849,129.211,135.99,211.78,63.08,191.05,129.59
5475,605250.721214,68.323,61,-137.406,28.452,49.628,134.357,131.013,135.67,212.13,67.08,181.73,131.47
5476,605250.725588,68.687,57,-136.844,28.289,49.953,137.434,130.037,136.52,211.97,67.56,185.64,130.46
5477,605250.730545,70.558,59,-137.763,28.358,46.466,139.597,129.076,135.36,212.15,62.79,189.02,129.44
5478,605250.738652,68.694,56,-137.649,28.832,49.726,136.856,130.631,135.38,212.67,67.2,185.23,131.06
5479,605250.741363,68.059,57,-138.701,27.147,50.024,133.876,130.489,134.18,210.52,67.69,181.11,130.86
5480,605250.745366,70.571,57,-138.515,27.87,46.254,139.05,129.302,134.37,211.49,62.53,188.02,129.69
5481,605250.74929,68.445,62,-138.494,28.433,49.765,135.458,130.693,134.31,212.17,67.23,183.55,131.12
5482,605250.766859,68.671,61,-138.848,28.08,49.308,135.562,130.947,133.89,211.77,66.74,183.12,131.39
5483,605250.77034,69.061,58,-138.129,28.304,49.818,139.4,129.825,134.84,212.03,67.3,189.06,130.25
5484,605250.773217,70.255,49,-138.901,28.128,46.036,136.271,129.367,133.69,211.71,62.24,184.15,129.78
5485,605250.777363,68.757,57,-138.332,28.219,49.537,136.718,130.487,134.58,211.92,66.96,185.03,130.9
5486,605250.781238,69.272,61,-137.578,28.355,48.86,138.051,129.884,135.69,212.19,66.12,186.47,130.24
5487,605250.79024,70.577,55,-138.137,27.904,45.797,137.716,129.913,134.64,211.36,61.9,186.07,130.35
5488,605250.793526,69.138,60,-137.373,28.368,48.553,136.338,130.674,135.87,212.16,65.64,184.14,131.07
5489,605250.797253,69.391,60,-136.866,29.035,48.814,138.678,129.887,136.58,213.05,65.98,187.85,130.3
5490,605250.801013,69.984,52,-137.66,27.878,45.878,134.036,130.044,135.59,211.46,62.22,181.47,130.39
5491,605250.805824,69.171,64,-136.468,27.978,48.481,136.344,130.851,137.1,211.61,65.55,184.75,131.22
5492,605250.813885,69.622,60,-135.309,29.173,48.112,138.167,129.914,138.63,213.21,65.03,187.41,130.31
5493,605250.817361,70.962,56,-134.912,29.041,45.493,139.467,130.278,139.28,213.12,61.62,188.26,130.64
5494,605250.822187,69.653,60,-134.834,28.27,47.613,136.935,130.907,139.22,211.96,64.36,185.77,131.29
5495,605250.824866,69.908,59,-133.843,29.455,47.53,138.361,130.207,140.59,213.59,64.27,187.64,130.58
5496,605250.830247,70.926,57,-133.0,29.509,45.525,139.31,130.385,141.62,213.59,61.6,188.49,130.77
5497,605250.833657,69.682,60,-133.489,28.336,47.405,136.52,131.243,141.09,212.1,64.11,184.97,131.62
5498,605250.84227,69.886,62,-132.554,29.753,47.349,137.687,130.115,142.35,214.03,64.03,186.69,130.47
5499,605250.853965,69.872,61,-132.267,29.418,47.388,137.71,130.286,142.74,213.58,64.12,186.6,130.65
5500,605250.8573,71.642,49,-133.058,29.041,44.405,140.99,130.889,141.68,213.08,60.05,191.01,131.26
5501,605250.866278,69.783,56,-132.827,28.965,47.17,136.494,131.327,141.94,212.94,63.84,184.47,131.73
5502,605250.869308,69.94,55,-132.457,29.915,47.138,137.428,130.317,142.53,214.33,63.8,185.41,130.63
5503,605250.873708,71.423,55,-133.231,29.493,44.817,140.68,130.668,141.4,213.65,60.58,190.98,131.03
5504,605250.876987,69.737,59,-133.63,29.028,47.37,136.777,131.363,140.85,213.0,64.04,185.59,131.74
5505,605250.882412,69.809,62,-133.788,29.835,47.47,137.536,130.465,140.7,214.13,64.19,186.41,130.85
5506,605250.885156,71.254,54,-134.878,29.18,44.988,139.987,130.928,139.25,213.25,60.84,189.83,131.31
5507,605250.893697,69.591,57,-135.181,28.817,47.591,136.471,131.463,138.67,212.65,64.35,184.7,131.88
5508,605250.897419,69.891,61,-135.426,29.869,47.59,138.42,130.471,138.43,214.12,64.32,187.59,130.84
5509,605250.901063,71.197,56,-135.94,29.431,45.215,140.283,131.08,137.66,213.49,61.12,189.81,131.48
5510,605250.905958,69.487,55,-136.061,28.697,47.596,135.824,131.082,137.81,212.8,64.38,183.0,131.4
5511,605250.90949,70.155,61,-136.797,29.642,47.137,138.85,130.305,136.6,213.81,63.73,188.28,130.72
5512,605250.917519,71.324,57,-137.284,29.444,45.18,141.093,131.12,135.95,213.58,61.03,191.33,131.51
5513,605250.92155,69.009,57,-137.156,28.871,47.929,133.795,130.87,135.98,212.69,64.77,180.99,131.16
5514,605250.925571,70.129,62,-137.803,29.258,47.067,138.473,130.267,135.24,213.3,63.57,187.96,130.67
5515,605250.929056,71.434,53,-138.359,29.089,44.872,140.93,131.405,134.5,213.1,60.6,191.06,131.8
5516,605250.942204,68.742,53,-138.701,28.41,47.113,129.942,131.169,133.99,212.17,63.66,176.09,131.64
5517,605250.947103,72.093,56,-138.007,29.245,44.015,143.152,131.388,135.03,213.37,59.45,194.03,131.77
5518,605250.949483,69.484,52,-137.947,28.662,47.629,135.901,130.979,135.18,212.62,64.36,183.87,131.34
5519,605250.958477,71.956,56,-137.717,28.607,43.942,141.861,131.626,135.3,212.4,59.38,192.01,132.02
5520,605250.961329,70.143,55,-137.832,27.954,46.721,137.547,131.422,135.1,211.47,63.14,186.09,131.85
5521,605250.970078,70.605,58,-136.781,28.999,46.212,139.159,130.714,136.63,212.98,62.44,188.72,131.11
5522,605250.97368,71.79,54,-136.864,28.707,43.945,140.628,131.491,136.49,212.56,59.36,190.47,131.84
5523,605250.976793,70.494,55,-136.647,28.169,46.469,139.169,131.568,136.72,211.78,62.8,188.45,131.97
5524,605250.981913,70.312,55,-135.397,29.504,46.312,137.468,130.658,138.51,213.67,62.63,185.89,131.02
5525,605250.985126,71.628,52,-135.047,29.407,44.197,140.228,131.839,138.97,213.57,59.74,189.89,132.21
5526,605250.993422,70.128,56,-135.129,28.119,46.742,137.512,131.575,138.91,211.86,63.23,185.55,131.96
5527,605250.997459,70.537,59,-134.174,29.523,45.945,137.894,130.729,140.07,213.64,62.13,186.74,131.12
5528,605251.001044,71.419,53,-133.894,29.494,44.476,139.576,131.877,140.44,213.6,60.12,189.09,132.23
5529,605251.005167,70.347,58,-134.074,28.012,46.428,138.049,131.794,140.34,211.73,62.8,186.75,132.13
5530,605251.009965,70.633,59,-133.125,29.651,45.746,137.948,130.808,141.45,213.78,61.89,186.52,131.15
5531,605251.017724,71.513,59,-133.066,29.836,44.401,140.029,131.797,141.61,214.12,60.02,190.07,132.16
5532,605251.030155,71.099,53,-132.826,30.036,44.905,138.622,131.974,142.11,214.51,60.74,188.19,132.29
5533,605251.032993,70.049,61,-133.138,28.447,46.888,137.414,131.849,141.49,212.2,63.43,185.98,132.24
5534,605251.042068,70.175,59,-132.485,30.086,46.074,135.853,130.789,142.47,214.52,62.32,183.76,131.09
5535,605251.045238,71.456,59,-133.254,29.588,44.483,139.867,132.119,141.37,213.79,60.12,189.85,132.47
5536,605251.050749,69.548,54,-132.538,29.981,46.858,134.099,131.727,142.33,214.33,63.34,181.89,132.05
5537,605251.052937,69.579,59,-134.582,29.133,46.437,133.092,131.313,139.47,213.09,62.79,179.95,131.75
5538,605251.059037,71.4,58,-134.18,29.684,44.76,140.333,132.361,140.07,213.87,60.49,190.24,132.7
5539,605251.061638,69.829,53,-134.826,28.557,47.247,137.016,132.044,139.16,212.31,63.85,185.66,132.45
5540,605251.070247,70.34,56,-134.609,29.408,46.301,137.619,131.178,139.56,213.53,62.61,186.2,131.54
5541,605251.073319,71.414,59,-135.823,28.706,44.482,139.562,132.375,137.94,212.63,60.1,189.2,132.73
5542,605251.07812,70.131,56,-135.924,28.859,47.26,139.055,131.872,137.9,212.86,63.88,188.77,132.23
5543,605251.082259,69.531,58,-136.558,28.453,47.373,135.468,131.039,136.79,212.1,64.04,183.18,131.44
5544,605251.086333,71.238,60,-137.095,28.324,45.029,140.003,132.609,136.22,212.1,60.82,189.86,132.98
5545,605251.094322,70.04,57,-137.12,28.169,47.442,138.975,131.885,136.15,211.83,64.09,188.45,132.28
5546,605251.09737,70.018,57,-137.429,28.53,47.091,137.805,131.213,135.79,212.36,63.64,186.7,131.61
5547,605251.101115,71.142,54,-137.854,28.392,45.173,139.757,132.343,135.2,212.18,61.0,189.49,132.72
5548,605251.110877,69.856,58,-138.116,28.201,47.417,137.691,131.029,134.71,211.76,64.09,186.15,131.42
5549,605251.115754,70.919,60,-138.736,27.868,45.565,139.384,132.68,133.93,211.4,61.55,188.72,133.08
5550,605251.122343,69.132,58,-137.891,28.289,48.034,134.843,131.292,135.11,211.99,64.9,182.42,131.66
5551,605251.125863,69.844,60,-138.685,27.93,47.386,137.516,131.118,134.08,211.52,64.07,185.78,131.54
5552,605251.129257,70.873,58,-139.079,27.674,45.854,139.941,132.653,133.54,211.19,61.91,189.83,133.05
5553,605251.134435,69.665,56,-139.078,26.869,48.079,138.355,132.032,133.62,210.1,65.03,187.3,132.43
5554,605251.137708,69.917,57,-138.528,28.169,47.348,137.89,131.025,134.22,211.83,64.03,185.77,131.4
5555,605251.145948,70.777,59,-138.606,28.13,46.182,140.267,132.584,134.17,211.8,62.36,190.23,132.99
5556,605251.149858,69.521,56,-138.608,26.872,48.677,139.127,131.888,134.15,210.06,65.77,188.24,132.33
5557,605251.15363,69.922,59,-137.921,28.448,47.443,138.196,130.816,135.1,212.23,64.09,187.45,131.23
5558,605251.157065,70.267,59,-138.118,28.449,46.932,139.004,132.591,134.83,212.23,63.38,188.55,132.99
5559,605251.162387,69.346,58,-137.897,26.928,48.782,138.298,131.907,135.14,210.16,65.93,187.24,132.33
5560,605251.169853,69.059,61,-138.346,27.473,47.589,133.149,131.227,134.39,210.82,64.32,179.9,131.7
5561,605251.173853,70.361,57,-137.039,28.747,46.901,139.549,132.587,136.23,212.59,63.36,188.99,132.95
5562,605251.177671,69.31,60,-136.796,27.594,49.101,138.974,131.828,136.6,211.03,66.42,188.28,132.22
5563,605251.18102,69.005,61,-137.539,27.868,47.667,133.042,131.433,135.59,211.43,64.42,180.17,131.85
5564,605251.190301,69.004,62,-135.871,27.466,49.513,138.186,131.877,137.76,210.81,66.93,187.13,132.27
5565,605251.199096,68.983,56,-134.737,29.379,47.879,133.498,130.144,139.4,213.52,64.73,180.61,130.47
5566,605251.201725,69.548,65,-135.49,28.673,47.918,137.136,132.58,138.32,212.5,64.76,185.72,132.94
5567,605251.204895,69.035,61,-135.064,27.666,49.313,137.823,131.949,138.83,211.08,66.66,186.63,132.34
5568,605251.210214,68.913,59,-136.187,27.695,47.83,132.94,131.691,137.34,211.15,64.63,180.22,132.11
5569,605251.213303,69.542,61,-134.557,28.893,47.956,137.206,132.487,139.56,212.79,64.83,185.87,132.87
5570,605251.221573,68.612,58,-134.642,27.539,50.034,137.198,131.976,139.38,210.88,67.7,185.24,132.41
5571,605251.22587,68.796,60,-133.877,29.104,48.431,133.903,130.375,140.54,213.12,65.5,181.25,130.76
5572,605251.229529,69.258,64,-134.457,28.724,48.489,136.914,132.618,139.69,212.56,65.56,185.27,132.97
5573,605251.23315,68.095,59,-135.067,26.877,50.168,134.474,132.195,138.75,209.98,67.85,181.56,132.71
5574,605251.23864,69.527,58,-134.238,28.476,48.277,138.023,130.749,139.94,212.09,65.39,186.25,131.1
5575,605251.245835,69.267,62,-134.759,28.543,48.591,137.255,132.499,139.3,212.31,65.67,186.06,132.86
5576,605251.250077,68.42,64,-134.677,27.746,50.355,136.911,131.839,139.44,211.25,68.07,185.74,132.23
5577,605251.253047,68.429,63,-134.456,29.187,49.041,133.389,130.236,139.74,213.22,66.31,180.62,130.6
5578,605251.257199,69.169,62,-135.285,28.656,48.963,137.684,132.478,138.59,212.47,66.19,186.54,132.87
5579,605251.261979,68.318,62,-135.12,27.903,50.868,137.687,131.593,138.72,211.36,68.81,186.1,132.03
5580,605251.265196,68.285,64,-136.685,28.026,49.105,132.721,131.078,136.69,211.6,66.35,179.86,131.51
5581,605251.278221,68.263,64,-135.599,28.004,51.092,137.957,131.441,138.17,211.58,69.06,186.99,131.86
5582,605251.282351,68.218,62,-137.066,28.147,49.299,132.855,130.994,136.18,211.76,66.61,180.03,131.43
5583,605251.286223,68.736,61,-136.044,29.074,49.531,136.577,132.145,137.62,213.08,66.92,185.23,132.54
5584,605251.289362,68.247,59,-135.766,28.18,51.363,138.594,131.253,137.98,211.84,69.42,187.97,131.65
5585,605251.298293,67.992,62,-136.519,28.558,49.669,132.542,130.391,137.03,212.31,67.33,179.57,130.8
5586,605251.302008,68.367,64,-136.031,29.172,50.097,135.891,131.887,137.65,213.19,67.77,184.15,132.27
5587,605251.305194,68.325,59,-135.501,28.405,51.244,138.746,130.979,138.34,212.13,69.36,187.02,131.38
5588,605251.309305,68.144,62,-135.009,29.641,49.653,133.376,129.442,138.97,213.8,67.14,180.67,129.84
5589,605251.314219,68.043,61,-136.868,28.452,49.819,133.241,132.587,136.55,212.22,67.38,180.62,132.95
5590,605251.323575,67.997,63,-135.327,28.636,51.578,137.666,130.973,138.5,212.39,69.76,186.27,131.37
5591,605251.326007,68.174,61,-134.545,30.184,49.565,133.317,129.021,139.64,214.52,67.13,180.61,129.44
5592,605251.329391,67.798,62,-136.477,28.729,50.315,133.156,132.255,137.01,212.56,68.05,180.32,132.65
5593,605251.3338,68.066,63,-135.156,28.422,51.389,137.574,130.753,138.81,212.16,69.51,186.11,131.18
5594,605251.338851,68.146,64,-136.256,28.357,49.47,132.895,130.276,137.43,212.13,66.96,179.93,130.64
5595,605251.341265,68.589,66,-135.664,28.808,49.751,136.287,131.852,138.12,212.7,67.23,184.89,132.24
5596,605251.349904,68.066,60,-135.187,28.841,51.524,137.938,130.585,138.83,212.81,69.72,186.15,130.95
5597,605251.353292,68.307,64,-136.573,28.311,49.346,133.498,129.995,136.82,211.95,66.67,181.06,130.44
5598,605251.362197,68.114,64,-135.832,28.429,51.099,137.082,130.549,137.82,212.12,69.08,185.57,130.99
5599,605251.367141,68.881,61,-136.376,28.458,49.047,136.125,129.675,137.16,212.21,66.3,184.51,130.08
5600,605251.375106,68.524,60,-136.697,28.478,49.737,135.85,131.54,136.71,212.18,67.36,183.48,131.94
5601,605251.378216,68.074,61,-136.563,28.451,51.295,137.368,130.423,136.88,212.18,69.33,186.1,130.85
5602,605251.381499,68.637,58,-136.211,29.462,48.786,133.928,128.783,137.41,213.61,65.96,181.2,129.15
5603,605251.385254,68.087,64,-137.661,28.131,50.239,134.615,131.62,135.41,211.71,68.02,181.81,132.03
5604,605251.390652,68.376,63,-137.143,28.339,50.833,137.939,130.393,136.16,212.06,68.73,186.83,130.82
5605,605251.393407,68.752,59,-136.697,29.46,48.412,133.585,128.74,136.85,213.66,65.47,180.73,129.1
5606,605251.401455,68.307,64,-137.77,28.474,49.971,135.19,131.335,135.35,212.15,67.84,182.54,131.74
5607,605251.405567,68.383,63,-137.598,28.368,50.92,138.219,130.43,135.48,212.04,68.83,187.12,130.83
5608,605251.408851,68.677,55,-137.197,29.2,48.837,134.304,128.768,136.24,213.32,66.15,181.4,129.13
5609,605251.414402,68.357,66,-138.27,28.521,50.089,135.806,131.391,134.69,212.29,67.82,183.55,131.78
5610,605251.417795,68.499,62,-137.628,28.374,50.864,138.78,130.272,135.57,212.15,68.79,187.7,130.71
5611,605251.425549,69.278,57,-139.391,27.985,47.755,134.963,129.844,132.93,211.49,64.39,182.94,130.33
5612,605251.429504,67.86,63,-137.494,29.578,50.208,133.226,130.817,135.7,213.77,67.84,180.47,131.21
5613,605251.433693,68.676,62,-137.441,28.254,50.64,139.259,130.277,135.81,211.97,68.53,188.33,130.68
5614,605251.43711,69.237,53,-136.403,30.105,47.465,133.892,128.139,137.2,214.51,64.23,181.18,128.54
5615,605251.45447,69.262,58,-136.001,29.683,47.266,133.483,128.366,137.78,214.1,63.65,180.89,128.7
5616,605251.457562,68.209,68,-137.179,28.721,50.032,134.778,131.006,136.12,212.61,67.63,182.52,131.41
5617,605251.462005,68.592,55,-136.548,28.474,50.182,137.482,130.069,136.95,212.23,67.83,186.4,130.51
5618,605251.467185,69.722,56,-136.623,28.323,47.347,136.614,129.443,136.83,212.08,64.16,184.22,129.86
5619,605251.46947,68.54,61,-136.978,28.176,49.473,135.226,131.309,136.48,211.9,66.92,183.3,131.67
5620,605251.477729,68.715,57,-136.014,28.816,50.123,138.079,130.226,137.7,212.74,67.75,187.15,130.62
5621,605251.481338,69.561,57,-134.806,29.927,47.01,134.62,128.779,139.17,214.13,63.61,181.75,129.24
5622,605251.485357,68.375,67,-136.233,28.278,49.645,134.711,131.149,137.35,211.97,67.09,182.67,131.56
5623,605251.490323,68.516,58,-134.98,29.508,49.443,135.003,129.795,139.23,213.87,66.83,182.28,130.08
5624,605251.493843,70.176,56,-135.936,28.385,46.961,138.477,129.847,137.68,212.07,63.47,188.1,130.21
5625,605251.502519,68.643,60,-136.452,28.122,48.925,134.343,131.419,136.96,211.71,66.13,181.61,131.89
5626,605251.505258,69.134,61,-135.737,28.781,49.416,138.733,130.556,138.05,212.64,66.89,187.53,130.95
5627,605251.509434,70.1,54,-136.008,28.598,46.913,137.823,129.987,137.86,212.56,63.46,186.93,130.29
5628,605251.512834,68.786,61,-136.037,28.407,49.133,135.785,131.501,137.66,212.19,66.43,183.93,131.88
5629,605251.518758,68.731,56,-135.414,29.355,49.78,137.231,130.376,138.42,213.42,67.3,185.8,130.79
5630,605251.527129,69.768,54,-137.334,27.991,46.68,134.984,130.823,135.82,211.6,63.16,182.72,131.25
5631,605251.537556,70.196,55,-135.902,28.988,47.219,139.368,129.987,137.85,212.98,63.86,188.61,130.37
5632,605251.542372,68.546,64,-136.644,27.976,49.402,135.069,131.603,136.79,211.55,66.75,183.16,132.01
5633,605251.545229,68.219,52,-137.491,28.693,49.846,134.337,130.818,135.49,212.42,67.36,181.5,131.3
5634,605251.554354,70.087,56,-136.66,28.78,47.263,138.764,130.282,136.69,212.59,63.89,187.45,130.72
5635,605251.557738,68.305,62,-137.337,27.379,49.9,134.987,131.505,135.85,210.73,67.43,182.98,131.92
5636,605251.561489,68.905,62,-136.919,28.804,49.712,138.124,130.291,136.51,212.74,67.2,187.03,130.72
5637,605251.566669,69.514,50,-136.613,29.447,46.933,134.103,129.611,136.86,213.62,63.45,181.02,129.9
5638,605251.569571,68.369,63,-137.973,27.536,49.565,134.459,131.391,134.86,210.86,66.98,181.76,131.87
5639,605251.577536,69.1,60,-137.567,28.255,49.446,138.609,130.51,135.45,211.85,66.82,187.45,130.93
5640,605251.582211,70.582,55,-138.285,28.111,46.716,140.518,130.07,134.58,211.7,63.21,189.97,130.45
5641,605251.585226,68.629,60,-138.612,27.718,49.621,136.167,131.463,134.21,211.25,67.09,183.91,131.87
5642,605251.58918,68.305,52,-137.227,29.095,49.794,134.699,129.754,136.12,213.2,67.27,182.15,130.11
5643,605251.593366,70.327,56,-138.706,27.794,46.685,138.672,130.289,133.99,211.3,63.07,187.83,130.71
5644,605251.602601,68.08,63,-138.178,28.338,49.763,133.302,130.916,134.81,212.12,67.23,180.6,131.28
5645,605251.605392,68.289,56,-139.458,27.11,49.684,134.309,131.088,132.8,210.25,67.11,181.33,131.62
5646,605251.610203,70.795,57,-138.891,27.612,46.608,141.684,130.295,133.77,211.07,62.96,192.18,130.69
5647,605251.613436,68.588,61,-138.855,27.811,49.594,135.846,131.374,133.82,211.33,66.99,184.13,131.79
5648,605251.630713,68.543,62,-138.77,27.898,49.78,136.082,131.297,133.92,211.43,67.24,184.42,131.72
5649,605251.633732,68.972,57,-138.031,27.404,49.684,138.462,130.526,134.96,210.8,67.13,187.77,130.94
5650,605251.637825,70.339,47,-137.233,28.813,45.981,136.664,129.794,136.06,212.77,62.16,184.62,130.18
5651,605251.64321,68.579,61,-138.203,28.151,49.807,136.377,131.183,134.69,211.79,67.28,184.89,131.6
5652,605251.645893,68.258,57,-138.188,26.978,50.021,135.032,130.845,134.61,210.12,67.61,182.54,131.31
5653,605251.653744,69.899,55,-136.171,28.877,46.064,134.034,130.503,137.44,212.82,62.26,181.61,130.86
5654,605251.657359,68.67,59,-137.555,28.239,49.69,136.612,130.96,135.58,211.92,67.16,184.92,131.4
5655,605251.661355,68.158,60,-137.538,27.447,49.866,134.029,130.814,135.54,210.81,67.43,180.55,131.36
5656,605251.664878,70.641,54,-136.702,28.054,46.21,139.402,130.347,136.81,211.76,62.49,188.15,130.69
5657,605251.670179,68.772,57,-136.87,28.013,49.576,136.917,131.088,136.53,211.63,67.0,185.78,131.47
5658,605251.67843,68.702,61,-136.392,28.575,49.994,137.64,130.349,137.16,212.38,67.61,186.18,130.73
5659,605251.681973,71.201,46,-136.262,28.686,46.18,143.302,130.961,137.43,212.6,62.45,194.31,131.37
5660,605251.685641,68.544,57,-136.478,27.724,49.881,136.366,131.096,137.09,211.28,67.44,184.53,131.51
5661,605251.689138,68.916,60,-135.72,28.627,49.268,136.955,130.374,138.07,212.46,66.59,185.7,130.78
5662,605251.694511,70.72,53,-136.566,28.099,46.112,139.653,130.942,136.75,211.61,62.36,188.91,131.39
5663,605251.697745,68.866,60,-136.214,28.198,49.16,136.346,131.316,137.41,211.89,66.42,185.07,131.71
5664,605251.705713,68.955,61,-135.801,28.689,49.128,136.808,130.591,138.0,212.57,66.4,185.65,130.98
5665,605251.713998,69.025,60,-135.97,28.172,48.957,136.768,131.243,137.74,211.85,66.18,185.28,131.65
5666,605251.718707,68.889,60,-135.905,28.702,49.19,136.57,130.524,137.84,212.58,66.5,185.05,130.94
5667,605251.721509,70.125,54,-136.308,28.334,46.64,137.191,131.203,136.99,211.88,63.02,185.22,131.67
5668,605251.730359,68.848,61,-136.291,27.711,49.234,136.444,131.375,137.21,211.16,66.54,184.85,131.79
5669,605251.733358,68.894,64,-135.978,29.08,49.238,136.738,130.398,137.71,213.07,66.55,185.46,130.8
5670,605251.737829,70.302,60,-136.134,28.73,46.835,138.95,131.285,137.37,212.52,63.32,187.88,131.71
5671,605251.7409,68.922,59,-136.302,27.588,49.198,136.797,131.26,137.25,211.03,66.49,185.46,131.66
5672,605251.745867,69.032,63,-136.281,28.916,49.023,136.992,130.367,137.33,212.87,66.27,185.59,130.79
5673,605251.754772,70.465,58,-136.622,28.846,46.805,139.972,131.36,136.87,212.8,63.26,189.6,131.74
5674,605251.757411,68.639,54,-137.179,27.437,49.671,136.366,131.392,136.01,210.78,67.17,184.21,131.81
5675,605251.761864,68.981,61,-136.809,28.801,49.109,136.914,130.275,136.56,212.65,66.37,185.49,130.67
5676,605251.764686,70.493,57,-137.006,28.758,46.862,140.337,131.426,136.34,212.66,63.31,190.41,131.82
5677,605251.770917,68.186,61,-136.589,28.298,49.702,133.752,130.745,136.87,212.02,67.18,181.21,131.11
5678,605251.773697,69.044,64,-137.243,28.615,49.067,137.191,130.308,136.03,212.42,66.43,185.3,130.72
5679,605251.781466,70.578,57,-137.394,28.795,46.731,140.535,131.468,135.81,212.71,63.13,190.64,131.87
5680,605251.786444,68.066,64,-137.079,28.323,49.97,133.772,130.798,136.19,212.03,67.54,181.04,131.21
5681,605251.789314,69.043,64,-137.55,28.622,49.021,137.059,130.381,135.63,212.47,66.26,185.62,130.79
5682,605251.806449,69.053,62,-137.376,28.213,48.918,136.828,130.478,135.87,211.93,66.12,185.3,130.88
5683,605251.809661,71.08,51,-137.742,28.298,46.017,141.917,131.645,135.46,212.14,62.15,192.46,131.99
5684,605251.814555,68.795,54,-137.74,27.854,49.891,137.934,131.337,135.25,211.32,67.43,186.63,131.75
5685,605251.817078,68.824,62,-136.915,28.236,49.13,136.004,130.368,136.46,211.93,66.39,184.41,130.78
5686,605251.822232,70.718,54,-137.162,28.103,46.257,140.079,131.952,136.13,211.78,62.48,189.99,132.33
5687,605251.826303,69.057,58,-137.149,27.716,49.116,137.411,131.448,136.15,211.23,66.37,186.43,131.83
5688,605251.833866,69.205,60,-136.567,28.244,48.521,136.668,130.813,136.91,211.91,65.61,184.94,131.21
5689,605251.837934,70.584,58,-136.651,28.349,46.23,139.072,131.699,136.89,212.14,62.59,187.86,132.08
5690,605251.840699,68.503,55,-135.475,29.287,49.191,134.237,130.986,138.36,213.37,66.47,182.01,131.33
5691,605251.847104,68.946,61,-135.798,28.169,49.026,136.467,130.791,137.92,211.8,66.28,184.85,131.17
5692,605251.849516,70.824,50,-136.234,28.023,46.104,140.358,132.147,137.27,211.55,62.37,189.95,132.55
5693,605251.858383,69.153,56,-135.785,28.452,49.38,138.756,131.313,137.9,212.17,66.8,187.38,131.69
5694,605251.861313,68.944,65,-135.326,27.884,48.814,135.867,130.834,138.57,211.44,65.99,184.24,131.23
5695,605251.865701,70.512,54,-135.766,27.524,46.411,139.116,131.801,137.92,210.87,62.89,187.71,132.17
5696,605251.868807,69.318,57,-135.143,28.608,49.132,139.112,131.389,138.84,212.46,66.44,188.35,131.77
5697,605251.874451,68.147,54,-134.578,28.855,49.404,132.725,130.637,139.4,212.51,66.99,179.66,131.12
5698,605251.881418,70.895,55,-135.195,28.438,46.18,141.093,132.24,138.66,212.13,62.44,190.75,132.59
5699,605251.893963,70.58,54,-135.42,28.056,46.731,140.55,132.072,138.4,211.65,63.16,190.39,132.42
5700,605251.898121,69.013,58,-135.089,29.001,49.802,139.052,131.252,138.93,212.99,67.35,188.27,131.64
5701,605251.902279,68.446,62,-135.313,29.252,49.823,135.617,130.308,138.5,213.19,67.39,183.37,130.68
5702,605251.910131,70.293,57,-135.928,28.957,47.278,140.202,132.359,137.7,212.86,63.89,189.81,132.73
5703,605251.913665,68.681,57,-135.78,29.093,50.394,138.609,131.054,137.96,213.07,68.11,187.95,131.46
5704,605251.917319,68.269,60,-135.728,29.453,49.592,133.945,130.102,138.11,213.64,67.05,181.3,130.48
5705,605251.921974,70.066,55,-136.712,28.597,47.631,139.707,132.043,136.73,212.44,64.35,189.52,132.43
5706,605251.925537,68.401,57,-135.895,29.51,50.027,135.904,130.839,137.88,213.72,67.62,183.86,131.24
5707,605251.933518,68.773,59,-136.676,29.49,49.598,136.986,130.26,136.79,213.64,67.03,185.78,130.68
5708,605251.937614,69.895,55,-137.389,28.965,47.916,139.396,132.125,135.7,212.82,64.78,188.33,132.51
5709,605251.941535,68.311,59,-137.434,28.435,50.689,137.16,131.217,135.68,212.14,68.49,185.75,131.66
5710,605251.945031,68.645,61,-137.208,29.397,49.726,136.552,130.182,136.03,213.46,67.19,185.01,130.58
5711,605251.949845,69.035,53,-139.077,28.093,48.256,134.87,132.497,133.33,211.62,65.09,182.53,133.0
5712,605251.957789,68.358,58,-138.064,28.204,50.575,137.128,131.196,134.76,211.74,68.43,185.12,131.65
5713,605251.961502,68.24,63,-137.378,29.658,49.819,134.388,129.725,135.79,213.82,67.32,181.85,130.13
5714,605251.965508,69.757,60,-137.769,29.266,48.285,139.55,131.86,135.32,213.35,65.21,189.29,132.27
5715,605251.974244,68.432,59,-137.153,29.593,49.7,135.202,129.645,136.21,213.83,67.2,182.87,130.03
5716,605251.978441,69.807,57,-137.431,29.557,48.301,139.929,131.876,135.68,213.65,65.26,189.33,132.26
5717,605251.987068,68.638,58,-137.249,28.282,50.701,139.192,130.712,135.93,211.89,68.61,188.21,131.12
5718,605251.990364,68.292,60,-138.081,28.69,49.08,132.691,130.256,134.83,212.5,66.3,179.75,130.7
5719,605251.993061,68.955,58,-136.692,29.87,48.764,135.794,131.399,136.8,214.23,65.91,183.39,131.75
5720,605251.997786,68.677,61,-136.514,28.254,50.236,138.153,130.702,137.02,211.97,67.91,187.09,131.12
5721,605252.001414,68.625,61,-135.59,29.019,48.948,134.3,129.452,138.25,213.0,66.18,181.92,129.84
5722,605252.009363,69.744,61,-136.322,28.767,47.799,138.062,131.821,137.22,212.62,64.58,187.45,132.23
5723,605252.013796,68.553,60,-135.729,29.256,50.397,137.829,130.723,138.04,213.3,68.11,186.9,131.12
5724,605252.018035,68.724,59,-134.552,29.152,49.04,135.149,129.451,139.63,213.21,66.39,182.16,129.82
5725,605252.021299,69.575,59,-135.347,28.292,47.963,137.436,132.012,138.57,212.01,64.85,186.35,132.42
5726,605252.026563,69.028,59,-134.672,29.293,49.768,139.053,130.731,139.46,213.36,67.27,188.67,131.12
5727,605252.033986,68.879,61,-134.248,28.926,48.694,135.134,130.15,140.04,212.87,65.85,183.2,130.54
5728,605252.037624,69.546,56,-133.839,29.552,47.196,135.055,131.191,140.65,213.82,63.78,182.97,131.52
5729,605252.041857,68.768,58,-134.496,29.071,49.61,136.988,131.111,139.67,213.04,67.06,185.75,131.51
5730,605252.04503,68.733,61,-134.078,29.015,48.92,134.873,129.859,140.32,213.03,66.19,182.58,130.23
5731,605252.062714,69.297,60,-134.626,28.639,48.362,136.8,130.138,139.59,212.49,65.48,185.18,130.53
5732,605252.065283,69.057,57,-135.771,27.825,48.095,134.554,132.229,137.88,211.33,64.99,182.05,132.67
5733,605252.069908,68.629,56,-134.679,29.037,50.108,137.505,130.839,139.52,213.09,67.79,185.62,131.16
5734,605252.074948,69.084,62,-135.233,28.295,48.691,136.394,130.249,138.66,211.96,65.85,184.69,130.66
5735,605252.077358,69.507,60,-135.975,27.831,47.86,136.705,131.982,137.74,211.39,64.76,185.13,132.36
5736,605252.085649,68.41,57,-136.432,28.533,50.272,136.623,131.141,137.02,212.27,67.98,184.68,131.55
5737,605252.088958,68.924,63,-136.142,27.876,49.164,136.713,130.136,137.47,211.42,66.46,185.33,130.54
5738,605252.093137,69.021,57,-137.057,26.843,48.704,136.033,132.254,136.28,210.08,65.84,184.18,132.63
5739,605252.097068,68.564,56,-137.014,28.495,50.373,137.834,130.914,136.31,212.28,68.09,186.52,131.33
5740,605252.101951,68.69,61,-137.546,27.996,49.116,135.154,130.241,135.56,211.56,66.38,183.1,130.67
5741,605252.110867,68.592,61,-138.625,26.876,49.077,134.458,132.429,134.07,210.03,66.29,182.12,132.86
5742,605252.11337,68.743,61,-137.526,28.429,50.612,139.601,130.806,135.63,212.18,68.39,189.26,131.22
5743,605252.11755,68.578,58,-138.97,27.851,49.085,134.393,130.147,133.63,211.35,66.32,181.99,130.59
5744,605252.120994,68.198,62,-138.943,27.503,49.974,134.555,132.179,133.67,210.89,67.55,181.94,132.63
5745,605252.125978,68.458,64,-138.269,28.23,51.034,138.988,130.764,134.6,211.84,69.03,188.06,131.17
5746,605252.130065,68.512,65,-139.188,27.604,49.028,133.842,130.244,133.35,211.03,66.24,181.27,130.69
5747,605252.141838,68.759,62,-138.471,28.141,50.469,139.304,130.804,134.32,211.75,68.2,188.58,131.21
5748,605252.146276,68.61,60,-139.496,27.545,48.945,134.2,130.207,132.93,210.94,66.12,181.75,130.66
5749,605252.150122,68.396,61,-139.442,27.306,49.479,134.385,132.2,132.9,210.54,66.87,181.54,132.65
5750,605252.153991,68.536,60,-138.475,27.897,50.927,139.174,130.702,134.4,211.49,68.82,188.41,131.14
5751,605252.16169,68.716,61,-137.775,28.154,48.924,134.782,129.552,135.42,211.93,66.17,182.0,129.93
5752,605252.165666,68.811,63,-138.486,27.374,49.237,136.223,131.886,134.33,210.76,66.51,184.67,132.3
5753,605252.169709,68.649,61,-137.753,28.187,50.688,139.221,130.713,135.33,211.86,68.49,188.76,131.13
5754,605252.173174,68.92,61,-137.351,28.055,48.879,135.902,129.774,135.91,211.71,66.08,183.97,130.17
5755,605252.178149,68.636,59,-138.051,27.22,49.242,135.172,131.965,134.91,210.56,66.55,182.92,132.37
5756,605252.18672,68.622,62,-136.96,28.45,50.537,138.642,130.602,136.37,212.2,68.34,187.39,131.02
5757,605252.190457,69.121,61,-136.707,28.029,48.769,136.842,129.926,136.72,211.63,65.92,185.51,130.33
5758,605252.193723,68.41,63,-137.404,27.221,49.222,133.768,132.071,135.67,210.47,66.52,180.98,132.52
5759,605252.196733,68.595,64,-136.021,29.04,50.502,138.38,130.585,137.69,213.05,68.28,187.38,130.98
5760,605252.202587,69.108,62,-135.84,28.325,48.873,137.048,129.948,137.8,211.96,66.11,185.34,130.35
5761,605252.205328,68.682,63,-136.233,27.514,49.247,135.464,131.821,137.35,210.94,66.55,183.7,132.22
5762,605252.213401,68.59,61,-135.137,29.309,50.474,138.269,130.447,138.93,213.48,68.27,186.86,130.81
5763,605252.217441,68.915,57,-135.231,28.764,48.851,135.794,129.739,138.69,212.63,66.09,183.58,130.14
5764,605252.226166,68.603,61,-134.954,29.259,50.56,138.586,130.485,139.1,213.32,68.35,187.91,130.89
5765,605252.230872,69.168,64,-135.213,28.71,48.522,136.438,129.968,138.7,212.5,65.68,184.59,130.35
5766,605252.237622,68.48,65,-135.72,27.93,49.672,135.411,131.591,138.1,211.55,67.15,183.38,131.98
5767,605252.241768,68.439,59,-135.076,29.162,50.482,137.369,130.532,138.98,213.23,68.28,185.63,130.89
5768,605252.245538,69.037,64,-135.255,28.603,48.738,136.228,129.901,138.62,212.37,65.91,184.46,130.3
5769,605252.24922,68.1,63,-136.236,27.518,49.825,133.585,132.032,137.23,210.88,67.43,180.67,132.45
5770,605252.253717,68.566,61,-135.189,29.282,50.567,138.38,130.492,138.72,213.28,68.37,187.3,130.91
5771,605252.26193,69.285,59,-135.367,28.488,48.543,137.239,130.006,138.38,212.16,65.69,185.33,130.44
5772,605252.265462,68.323,63,-135.917,27.432,49.965,135.272,131.689,137.79,210.86,67.65,183.12,132.09
5773,605252.270111,68.548,61,-135.268,29.085,50.485,138.043,130.417,138.7,213.11,68.25,187.08,130.8
5774,605252.273191,69.354,61,-135.668,28.707,48.419,137.322,129.914,137.96,212.33,65.78,184.81,130.36
5775,605252.27796,68.14,64,-136.323,27.771,50.186,134.782,131.696,137.32,211.37,67.84,182.4,132.08
5776,605252.280943,68.481,61,-135.899,28.9,50.657,138.102,130.524,137.87,212.87,68.49,187.04,130.91
5777,605252.28976,68.879,59,-135.638,29.423,48.301,134.042,129.254,138.21,213.58,65.29,181.13,129.57
5778,605252.293629,68.18,65,-136.727,27.931,50.108,134.809,131.504,136.69,211.5,67.72,182.77,131.91
5779,605252.29681,68.571,59,-136.481,28.828,50.602,138.508,130.441,137.03,212.73,68.39,187.79,130.85
5780,605252.314679,68.541,58,-137.103,28.976,50.751,138.723,130.363,136.25,212.97,68.61,187.76,130.76
5781,605252.317243,69.353,56,-137.36,28.265,48.451,137.408,129.905,135.82,211.95,65.51,185.77,130.32
5782,605252.322558,67.868,61,-138.521,27.014,50.239,133.354,131.915,134.21,210.21,67.87,180.58,132.36
5783,605252.325399,68.382,62,-137.306,28.939,50.784,137.841,130.244,135.98,212.91,68.64,186.63,130.67
5784,605252.329964,69.719,55,-137.35,28.588,48.225,139.13,129.832,135.74,212.31,65.18,188.14,130.26
5785,605252.333978,67.646,62,-137.214,28.28,50.592,133.022,130.751,136.14,212.11,68.37,179.84,131.1
5786,605252.341525,68.206,66,-137.414,28.717,50.933,137.187,130.16,135.79,212.57,68.83,185.97,130.58
5787,605252.345588,70.379,53,-137.068,28.906,47.578,141.684,130.078,136.29,212.87,64.3,191.88,130.5
5788,605252.348839,68.234,60,-137.62,27.71,50.349,135.777,131.095,135.39,211.13,68.04,183.71,131.55
5789,605252.353796,68.297,64,-136.962,28.794,50.663,137.001,130.153,136.4,212.69,68.47,185.71,130.57
5790,605252.357385,70.818,53,-136.974,28.93,47.16,143.533,129.927,136.5,212.91,63.94,193.7,130.28
5791,605252.365325,68.166,58,-137.285,28.169,50.739,136.427,131.094,135.97,211.85,68.57,184.8,131.49
5792,605252.369738,68.412,60,-136.7,28.885,50.619,137.577,130.141,136.8,212.83,68.43,186.58,130.53
5793,605252.374305,70.4,57,-136.311,28.956,47.247,140.85,130.303,137.41,212.98,63.83,190.04,130.82
5794,605252.377145,68.523,60,-136.75,27.976,50.136,136.939,131.057,136.63,211.52,67.77,185.48,131.45
5795,605252.38245,68.811,59,-136.417,28.214,49.999,138.331,130.491,137.12,211.9,67.57,187.64,130.9
5796,605252.390444,69.782,53,-138.055,27.692,46.794,135.4,130.551,134.8,211.12,63.22,183.32,130.99
5797,605252.401778,69.215,49,-135.326,28.994,46.934,132.262,130.26,138.48,212.9,63.48,179.02,130.63
5798,605252.406136,68.459,63,-136.362,28.397,49.93,135.989,131.257,137.2,212.15,67.49,184.2,131.68
5799,605252.410193,68.356,59,-135.856,28.583,50.543,137.029,130.373,137.88,212.4,68.32,185.8,130.78
5800,605252.418618,70.717,50,-135.983,28.711,46.515,140.855,129.982,137.85,212.69,62.95,190.05,130.35
5801,605252.421785,68.342,59,-136.111,28.678,50.343,136.405,130.954,137.46,212.47,68.11,184.25,131.35
5802,605252.425323,68.489,57,-136.032,28.362,50.005,136.372,130.463,137.58,212.02,67.66,184.63,130.89
5803,605252.430917,70.385,56,-136.517,28.005,46.843,139.538,130.296,137.09,211.7,63.34,188.98,130.65
5804,605252.433439,68.516,59,-136.297,28.375,49.691,135.678,131.165,137.23,212.08,67.18,183.52,131.61
5805,605252.441952,68.543,60,-136.247,29.103,50.209,137.256,130.344,137.43,213.16,67.88,186.01,130.72
5806,605252.445521,70.577,54,-136.386,28.824,46.97,141.247,130.411,137.2,212.76,63.49,191.31,130.82
5807,605252.450556,68.007,60,-136.037,28.782,50.234,134.139,130.659,137.66,212.71,67.89,181.71,131.04
5808,605252.45266,68.698,58,-136.759,28.945,49.937,137.458,130.332,136.76,212.95,67.49,186.35,130.73
5809,605252.458279,70.598,56,-136.815,28.833,46.872,141.099,130.606,136.58,212.72,63.34,191.31,130.97
5810,605252.465793,68.711,60,-137.032,28.117,49.747,137.016,131.045,136.27,211.74,67.23,185.76,131.45
5811,605252.469353,68.085,59,-138.279,28.178,49.754,133.304,130.741,134.56,211.83,67.24,180.3,131.25
5812,605252.473289,70.761,59,-137.157,28.907,46.728,141.812,130.469,136.05,212.79,63.16,191.96,130.87
5813,605252.47734,68.645,58,-137.504,27.985,49.987,137.274,130.974,135.62,211.55,67.54,186.12,131.38
5814,605252.494736,68.509,60,-137.863,27.652,49.79,135.906,131.149,135.13,211.1,67.27,184.17,131.57
5815,605252.497596,68.767,57,-136.923,28.981,49.675,137.164,130.093,136.53,213.04,67.12,185.62,130.45
5816,605252.501374,69.404,48,-137.31,28.999,46.013,130.804,128.982,136.03,213.15,62.32,177.45,129.49
5817,605252.505976,68.519,67,-137.383,28.287,50.056,136.695,130.966,135.8,211.98,67.64,185.32,131.38
5818,605252.509283,68.777,60,-136.726,28.997,49.68,137.234,130.088,136.73,212.96,67.21,185.51,130.53
5819,605252.517956,70.489,51,-136.282,29.489,46.143,138.158,130.384,137.47,213.84,62.4,185.89,130.64
5820,605252.521427,68.864,62,-136.879,28.217,49.424,137.067,130.945,136.48,211.88,66.79,185.87,131.35
5821,605252.525624,69.096,59,-136.029,28.898,49.005,137.344,130.206,137.62,212.79,66.23,186.41,130.63
5822,605252.529051,71.226,50,-136.694,28.72,45.677,141.928,130.474,136.96,212.73,61.75,191.9,130.89
5823,605252.534085,68.13,55,-137.656,27.964,49.353,132.492,131.238,135.43,211.59,66.7,179.65,131.74
5824,605252.542497,68.912,64,-135.748,28.373,49.268,136.933,130.19,138.07,212.16,66.63,185.34,130.57
5825,605252.545623,71.185,51,-135.942,28.592,45.341,140.584,130.64,137.73,212.36,61.35,190.51,131.04
5826,605252.54953,69.118,60,-135.944,28.856,49.027,137.544,130.803,137.75,212.76,66.26,186.56,131.2
5827,605252.553092,68.599,60,-136.362,27.611,48.877,133.945,130.698,137.08,211.01,66.09,181.03,131.18
5828,605252.557752,71.448,52,-135.613,28.254,45.105,141.765,130.791,138.15,211.92,60.97,192.07,131.14
5829,605252.562426,69.247,58,-135.618,28.67,48.754,137.589,130.892,138.17,212.5,65.89,186.65,131.28
5830,605252.57006,69.159,60,-135.329,28.603,48.915,137.485,130.296,138.59,212.42,66.12,186.46,130.69
5831,605252.582574,69.44,63,-135.364,28.411,48.103,136.973,130.572,138.54,212.17,65.02,185.78,130.97
5832,605252.585139,71.216,52,-135.795,28.162,45.299,140.677,131.349,137.89,211.78,61.23,190.56,131.71
5833,605252.593686,68.625,50,-134.917,29.069,48.251,132.385,131.375,139.06,212.98,65.28,179.44,131.8
5834,605252.597484,69.345,61,-135.738,28.326,48.321,136.99,130.704,138.03,212.05,65.31,185.79,131.1
5835,605252.600964,71.146,54,-136.278,28.073,45.329,140.27,131.553,137.24,211.58,61.49,189.42,131.96
5836,605252.605179,69.512,54,-136.311,27.902,48.344,138.124,131.44,137.26,211.49,65.35,187.06,131.83
5837,605252.609173,68.699,61,-137.321,27.39,48.357,133.117,131.181,135.85,210.76,65.35,180.36,131.62
5838,605252.617901,71.236,53,-137.048,27.791,45.209,140.546,131.575,136.08,211.18,61.11,190.16,132.01
5839,605252.621514,68.676,50,-138.432,26.705,48.2,132.549,131.96,134.25,209.85,65.0,179.84,132.54
5840,605252.625344,69.512,63,-136.882,28.205,48.065,137.323,130.905,136.43,211.83,64.97,185.93,131.32
5841,605252.629017,70.293,51,-139.092,26.661,45.542,135.057,131.871,133.46,209.77,61.51,183.08,132.31
5842,605252.633983,68.86,52,-136.941,28.579,48.461,134.369,131.329,136.52,212.53,65.5,181.54,131.67
5843,605252.637023,69.178,62,-137.536,28.059,48.67,136.918,131.011,135.62,211.69,65.76,185.64,131.43
5844,605252.645598,69.899,52,-137.932,28.049,44.903,130.657,129.664,135.11,211.74,60.68,176.99,130.07
5845,605252.649676,68.816,54,-137.364,28.833,48.896,135.313,131.096,135.99,212.93,66.07,182.64,131.42
5846,605252.653059,69.14,61,-137.726,28.028,48.797,137.035,130.924,135.32,211.59,65.95,185.5,131.32
5847,605252.669906,68.875,65,-138.091,27.562,48.85,135.542,130.961,134.88,211.0,66.04,183.67,131.36
5848,605252.673706,71.117,47,-138.844,27.123,45.712,141.247,132.209,133.76,210.38,61.7,191.48,132.63
5849,605252.677529,69.12,54,-138.112,28.288,49.091,137.739,131.581,134.68,211.9,66.29,186.33,132.06
5850,605252.681326,68.938,62,-137.555,27.666,48.975,136.279,130.718,135.57,211.14,66.21,184.37,131.12
5851,605252.686159,70.498,58,-137.819,27.324,46.463,139.176,132.576,135.22,210.69,62.77,188.48,132.93
5852,605252.693994,69.369,59,-137.163,28.631,49.207,139.657,131.334,136.03,212.34,66.59,188.97,131.74
5853,605252.69725,68.411,59,-136.387,28.246,48.928,132.978,130.595,137.12,211.92,66.15,180.06,130.96
5854,605252.701124,70.568,59,-137.156,27.208,46.596,140.062,132.461,136.02,210.45,62.99,189.41,132.83
5855,605252.704688,69.291,60,-136.756,27.677,49.261,139.302,131.543,136.65,211.16,66.57,188.91,131.94
5856,605252.709832,69.001,58,-136.299,28.614,48.989,136.707,130.67,137.31,212.47,66.27,184.67,131.08
5857,605252.713371,70.346,58,-136.465,28.362,47.062,139.925,132.65,137.02,212.09,63.55,190.19,133.05
5858,605252.722237,69.219,55,-136.173,27.488,49.612,139.828,131.556,137.38,210.85,67.07,189.34,131.93
5859,605252.725583,68.182,59,-136.455,27.685,49.279,132.592,131.193,137.08,211.12,66.73,179.7,131.6
5860,605252.728897,70.35,59,-136.025,28.341,46.973,139.684,132.491,137.64,212.09,63.45,189.6,132.87
5861,605252.734672,69.063,57,-135.735,28.142,49.488,138.488,131.692,137.94,211.71,66.93,187.1,132.11
5862,605252.737739,68.194,63,-136.287,28.114,49.415,133.03,131.053,137.12,211.6,66.92,179.75,131.55
5863,605252.747548,69.959,63,-135.768,28.664,47.384,138.272,132.337,137.98,212.52,64.02,187.59,132.72
5864,605252.75756,69.563,61,-135.94,28.882,48.1,137.754,132.293,137.75,212.81,64.99,186.84,132.68
5865,605252.761679,68.651,63,-135.997,27.582,50.108,137.64,131.544,137.51,210.86,67.88,185.78,132.02
5866,605252.769763,69.112,59,-135.997,28.843,49.019,137.483,130.479,137.69,212.76,66.25,186.49,130.89
5867,605252.774289,69.447,56,-136.405,29.0,48.364,137.759,132.091,137.1,212.95,65.36,186.54,132.49
5868,605252.77804,68.301,59,-136.739,27.469,50.775,137.332,131.521,136.65,210.86,68.62,186.15,131.93
5869,605252.78111,68.334,61,-138.02,27.783,49.025,132.788,130.935,134.9,211.26,66.23,179.9,131.38
5870,605252.786037,69.337,59,-137.475,28.424,48.752,138.156,132.359,135.63,212.12,65.9,186.9,132.73
5871,605252.789345,67.663,59,-138.195,26.898,50.834,133.755,131.723,134.61,210.11,68.57,181.32,132.25
5872,605252.797236,68.243,62,-136.989,28.674,49.671,134.0,129.889,136.42,212.59,67.15,181.25,130.27
5873,605252.802717,69.33,62,-137.762,28.328,48.731,138.054,132.414,135.22,211.92,65.94,186.18,132.77
5874,605252.805332,68.36,62,-137.702,27.727,51.156,138.719,131.164,135.45,211.28,69.13,187.8,131.58
5875,605252.809473,67.892,61,-138.361,28.088,49.788,132.294,130.252,134.53,211.7,67.39,179.21,130.7
5876,605252.813989,68.442,62,-138.833,27.72,49.387,134.408,132.572,133.79,211.18,66.7,182.02,133.01
5877,605252.821907,68.301,61,-137.856,27.503,50.992,137.915,131.142,135.12,210.84,68.97,186.57,131.62
5878,605252.825979,67.903,65,-137.199,28.433,50.016,132.959,129.906,136.04,212.18,67.61,179.94,130.32
5879,605252.82983,69.502,60,-138.154,27.763,48.532,138.591,132.302,134.71,211.22,65.58,187.55,132.69
5880,605252.833231,68.323,59,-137.623,28.257,51.272,138.808,131.065,135.37,211.84,69.37,187.06,131.49
5881,605252.85023,68.315,60,-137.138,28.287,51.012,138.058,130.974,135.96,211.85,68.98,186.37,131.46
5882,605252.853625,68.043,64,-136.271,28.835,49.821,133.243,129.668,137.29,212.71,67.36,180.32,130.06
5883,605252.857149,68.936,62,-137.325,27.678,49.149,136.748,132.197,135.9,211.18,66.4,185.45,132.6
5884,605252.862467,68.443,61,-136.629,28.508,50.923,138.597,130.891,136.83,212.28,68.82,187.94,131.3
5885,605252.865137,68.332,62,-136.322,28.439,49.923,135.211,129.905,137.2,212.13,67.53,183.12,130.32
5886,605252.873414,68.623,59,-137.252,27.44,49.276,135.184,132.452,135.93,210.74,66.75,182.69,132.85
5887,605252.87802,68.113,60,-136.448,28.622,51.168,137.261,130.99,136.98,212.37,69.17,185.73,131.41
5888,605252.881815,68.222,61,-135.311,28.875,49.677,133.893,129.633,138.61,212.81,67.22,180.65,130.01
5889,605252.885172,68.758,65,-136.286,27.571,49.359,136.235,132.099,137.26,210.99,66.72,184.6,132.48
5890,605252.889187,68.51,59,-135.426,29.029,50.874,138.87,130.706,138.46,213.01,68.77,188.27,131.11
5891,605252.897713,68.575,62,-135.323,28.429,49.645,135.908,129.759,138.54,212.14,67.15,184.04,130.17
5892,605252.901473,68.391,61,-136.199,27.37,49.523,134.472,132.267,137.32,210.65,67.05,181.81,132.69
5893,605252.90564,68.332,59,-135.421,28.704,50.884,137.813,130.77,138.37,212.5,68.79,186.58,131.21
5894,605252.909032,68.499,58,-134.726,29.086,49.135,134.058,129.559,139.49,213.18,66.47,181.21,129.92
5895,605252.913059,68.578,60,-136.036,27.578,49.271,134.903,131.96,137.46,210.88,66.72,182.08,132.4
5896,605252.917443,68.537,61,-135.355,28.185,50.551,138.154,130.824,138.53,211.84,68.34,187.36,131.22
5897,605252.925326,68.812,58,-135.8,28.84,49.053,135.721,129.548,137.99,212.76,66.31,184.15,129.93
5898,605252.937519,68.56,59,-135.305,29.204,48.964,133.955,129.144,138.58,213.17,66.26,181.58,129.59
5899,605252.941872,68.276,61,-136.695,28.365,49.497,133.724,131.968,136.56,211.98,66.93,180.46,132.42
5900,605252.949548,68.25,61,-135.784,28.051,50.868,137.274,130.798,137.82,211.56,68.79,185.58,131.24
5901,605252.953753,68.555,60,-134.995,29.595,48.784,133.431,128.97,139.07,213.8,65.96,180.74,129.35
5902,605252.957815,68.653,61,-135.83,29.115,49.465,135.891,131.395,137.9,213.11,66.88,183.82,131.77
5903,605252.961015,67.752,55,-136.447,27.529,50.799,134.173,130.995,136.93,210.86,68.67,181.45,131.46
5904,605252.965384,68.603,62,-134.957,29.158,48.779,133.705,129.08,139.09,213.15,66.04,180.88,129.45
5905,605252.973891,68.736,61,-136.0,28.541,49.118,135.434,131.735,137.64,212.3,66.42,183.43,132.18
5906,605252.978209,68.515,59,-135.435,28.619,50.786,138.664,130.617,138.4,212.42,68.65,187.91,131.04
5907,605252.981551,68.65,56,-134.74,29.671,48.665,133.673,128.818,139.43,213.79,66.03,181.03,129.2
5908,605252.985301,68.452,66,-135.936,28.597,49.821,135.646,131.495,137.73,212.38,67.35,183.78,131.9
5909,605252.990335,68.449,59,-135.32,28.581,50.724,138.087,130.467,138.65,212.43,68.58,187.38,130.85
5910,605252.998521,68.474,61,-135.178,29.103,48.596,132.444,128.915,138.73,213.06,65.75,178.93,129.28
5911,605253.001163,68.666,64,-136.098,28.33,49.372,135.709,131.547,137.58,212.05,66.8,183.67,131.93
5912,605253.006791,68.668,60,-135.659,28.868,50.612,139.131,130.476,138.14,212.78,68.42,188.67,130.88
5913,605253.008856,69.32,57,-135.954,28.692,48.196,136.473,129.374,137.74,212.53,65.15,184.99,129.77
5914,605253.017295,68.561,61,-135.972,28.887,50.449,138.025,130.306,137.74,212.82,68.2,187.08,130.71
5915,605253.026882,69.739,57,-136.631,28.305,47.836,138.132,129.729,136.86,212.01,64.68,187.39,130.08
5916,605253.029304,68.655,62,-136.884,27.746,49.356,135.599,131.546,136.46,211.21,66.84,183.11,131.93
5917,605253.033897,68.783,59,-136.277,28.845,50.041,138.275,130.387,137.29,212.74,67.68,186.96,130.82
5918,605253.03859,69.188,56,-136.196,29.133,47.949,134.95,129.242,137.56,213.3,64.86,182.12,129.58
5919,605253.041724,68.679,67,-137.25,27.782,49.238,135.424,131.647,135.95,211.24,66.64,183.14,132.04
5920,605253.050362,68.84,62,-136.792,28.859,50.071,138.71,130.437,136.65,212.8,67.69,187.85,130.84
5921,605253.053328,69.396,54,-135.935,29.385,47.583,135.213,129.288,137.78,213.53,64.35,182.65,129.66
5922,605253.05806,68.776,65,-137.138,27.65,49.011,135.384,131.46,136.14,211.12,66.28,183.15,131.85
5923,605253.065223,70.27,57,-137.161,28.73,47.025,139.299,129.343,136.1,212.58,63.55,189.01,129.73
5924,605253.070349,68.449,61,-137.587,28.312,49.42,134.537,131.613,135.66,212.16,66.81,181.75,131.99
5925,605253.077752,68.415,57,-137.465,27.771,49.621,134.886,130.902,135.56,211.19,67.06,182.38,131.37
5926,605253.081742,70.026,56,-136.312,28.419,46.941,137.417,129.654,137.35,212.25,63.48,185.8,130.04
5927,605253.085065,69.004,64,-136.89,27.965,48.536,135.459,131.681,136.5,211.58,65.6,183.49,132.07
5928,605253.09027,69.09,58,-136.1,29.342,49.561,138.864,130.488,137.68,213.56,67.02,187.56,130.86
5929,605253.09383,70.387,55,-135.732,28.861,46.834,139.525,129.889,138.03,212.77,63.3,189.19,130.28
5930,605253.101437,68.812,65,-136.519,27.496,48.898,135.291,131.677,136.93,210.89,66.08,183.38,132.09
5931,605253.113882,68.851,65,-136.16,28.133,48.909,135.557,131.703,137.43,211.76,66.09,183.86,132.1
5932,605253.118435,69.422,57,-135.274,29.114,49.133,139.789,130.543,138.7,213.14,66.47,188.83,130.92
5933,605253.125993,69.86,55,-134.905,29.601,46.531,135.14,129.563,139.13,213.82,62.97,181.92,129.93
5934,605253.130075,68.88,66,-135.989,28.174,48.772,135.355,131.648,137.77,211.88,65.98,183.4,132.02
5935,605253.133697,69.383,57,-135.136,29.052,48.805,138.601,130.568,138.86,213.05,65.96,187.99,130.96
5936,605253.137016,70.963,53,-135.797,28.572,45.924,140.791,130.208,137.96,212.41,62.06,190.92,130.57
5937,605253.142396,69.009,63,-136.126,27.988,48.534,135.484,131.775,137.39,211.51,65.63,183.02,132.23
5938,605253.145812,68.679,49,-136.643,27.898,48.801,134.22,130.945,136.63,211.37,66.0,181.15,131.48
5939,605253.154,70.746,60,-135.938,28.246,46.054,139.658,130.496,137.81,211.97,62.31,188.59,130.88
5940,605253.157573,69.084,64,-136.48,27.511,48.283,135.244,131.844,137.16,211.03,65.34,182.52,132.28
5941,605253.161521,69.491,58,-136.172,28.55,48.451,138.292,130.913,137.45,212.36,65.47,187.56,131.31
5942,605253.165708,70.76,54,-136.657,27.879,46.089,139.865,130.609,136.78,211.42,62.32,189.14,131.0
5943,605253.169402,69.19,64,-137.026,27.19,48.265,135.857,131.956,136.27,210.49,65.21,184.24,132.35
5944,605253.177341,68.572,53,-138.102,27.447,48.742,133.422,131.279,134.68,210.74,65.88,180.31,131.76
5945,605253.182173,70.837,59,-137.022,27.96,46.095,140.424,130.834,136.25,211.5,62.31,190.15,131.21
5946,605253.185433,69.004,63,-137.314,27.061,48.521,135.42,131.961,135.95,210.41,65.61,182.87,132.34
5947,605253.19441,70.766,51,-137.94,27.838,45.92,139.391,130.966,135.03,211.36,62.03,189.03,131.37
5948,605253.201346,69.034,60,-137.896,27.27,48.619,135.875,132.03,135.08,210.58,65.68,184.18,132.44
5949,605253.205759,69.274,62,-137.389,28.49,48.916,138.22,130.972,135.85,212.18,66.38,186.36,131.37
5950,605253.210593,70.957,52,-137.593,28.198,45.992,140.957,130.919,135.5,211.86,62.13,191.16,131.31
5951,605253.212845,68.907,59,-137.882,27.281,48.875,135.809,132.018,135.05,210.57,66.02,183.94,132.46
5952,605253.218321,69.383,59,-137.271,28.521,48.752,138.449,131.049,136.01,212.35,65.89,187.51,131.44
5953,605253.222245,69.996,51,-138.642,27.161,46.136,134.869,131.488,134.06,210.44,62.32,182.78,131.92
5954,605253.229705,69.228,60,-137.328,27.216,48.926,137.953,131.884,135.78,210.44,66.14,186.64,132.28
5955,605253.233746,69.21,61,-136.774,28.324,48.833,137.58,130.996,136.67,212.08,65.98,186.48,131.38
5956,605253.237068,69.853,54,-138.065,26.968,46.175,134.058,131.594,134.85,210.2,62.38,181.74,132.03
5957,605253.242407,69.322,60,-136.759,27.165,48.699,137.914,131.882,136.55,210.38,65.83,186.66,132.27
5958,605253.245313,69.231,61,-136.108,27.852,48.79,137.594,131.293,137.58,211.43,66.0,185.92,131.67
5959,605253.253687,70.914,54,-135.991,27.94,45.949,140.525,131.373,137.71,211.55,62.1,190.83,131.73
5960,605253.257778,68.957,59,-136.109,27.315,49.078,136.681,132.252,137.49,210.65,66.32,185.39,132.64
5961,605253.261904,69.198,58,-135.183,28.18,48.941,137.805,131.266,138.78,211.86,66.15,186.96,131.66
5962,605253.265096,70.991,52,-135.145,28.049,46.044,141.36,131.69,138.81,211.68,62.23,191.78,132.07
5963,605253.2831,70.447,55,-134.866,28.18,46.71,139.567,131.653,139.18,211.85,63.14,189.36,132.03
5964,605253.285829,68.866,60,-135.077,27.474,49.174,136.384,132.375,138.97,210.97,66.48,184.59,132.73
5965,605253.289323,68.972,62,-134.716,28.901,49.395,137.659,131.299,139.41,212.85,66.82,186.12,131.67
5966,605253.294409,69.838,55,-135.377,28.093,47.398,137.514,131.85,138.43,211.67,64.07,186.01,132.2
5967,605253.297686,68.587,63,-135.28,27.399,49.704,136.139,132.256,138.67,210.79,67.31,184.2,132.64
5968,605253.305286,68.728,65,-135.323,28.903,49.701,136.997,131.111,138.67,212.78,67.46,184.97,131.43
5969,605253.309975,69.869,58,-135.954,28.529,47.697,138.588,131.623,137.75,212.34,64.47,187.7,132.03
5970,605253.31369,68.176,66,-136.217,27.561,50.42,135.623,132.076,137.54,211.14,68.22,183.4,132.41
5971,605253.316781,67.736,61,-137.426,28.069,50.524,133.35,131.312,135.47,211.54,68.3,179.89,131.9
5972,605253.322179,70.014,57,-137.187,28.463,47.847,139.986,131.582,135.96,212.14,64.68,189.18,131.98
5973,605253.330601,68.08,60,-137.715,27.425,50.876,136.285,131.965,135.38,210.83,68.79,184.16,132.4
5974,605253.333462,68.268,64,-137.951,28.561,50.692,136.909,130.956,135.05,212.36,68.49,185.63,131.38
5975,605253.337929,69.966,56,-138.297,28.466,48.016,140.164,131.583,134.64,212.23,65.01,189.07,131.98
5976,605253.341273,67.83,62,-138.73,27.241,51.36,136.103,131.697,134.02,210.57,69.4,184.29,132.14
5977,605253.346499,68.004,59,-138.671,28.463,50.852,135.77,130.6,134.22,212.36,68.74,183.26,130.98
5978,605253.350047,69.676,53,-139.572,27.812,48.082,138.436,131.823,132.78,211.27,64.95,187.21,132.24
5979,605253.358218,67.652,58,-138.975,27.41,51.33,134.998,131.341,133.8,210.97,69.35,181.82,131.61
5980,605253.370442,67.97,62,-139.286,26.999,51.26,136.659,131.375,133.27,210.24,69.26,184.97,131.82
5981,605253.373612,67.86,60,-139.135,27.579,50.863,134.964,130.651,133.31,210.93,68.72,182.43,131.15
5982,605253.381889,70.087,54,-138.39,28.12,47.862,140.528,131.556,134.47,211.76,64.65,190.48,131.93
5983,605253.385647,68.129,59,-138.44,27.15,51.135,137.272,131.356,134.38,210.43,69.09,186.08,131.78
5984,605253.389744,68.184,61,-137.715,28.112,50.681,136.376,130.381,135.33,211.7,68.5,184.66,130.79
5985,605253.393027,69.652,53,-137.663,28.046,48.078,138.266,131.687,135.44,211.67,64.96,187.18,132.11
5986,605253.397893,68.197,63,-137.189,27.225,50.82,136.829,131.366,136.14,210.59,68.74,185.21,131.75
5987,605253.405939,67.595,59,-137.204,27.678,50.613,132.789,130.752,135.94,211.09,68.42,179.49,131.22
5988,605253.410662,70.271,49,-136.21,28.638,47.516,140.759,131.548,137.39,212.48,64.19,190.98,131.94
5989,605253.413751,67.719,56,-136.367,27.749,51.288,135.268,131.487,137.08,211.18,69.33,183.06,131.92
5990,605253.417701,68.106,66,-135.016,29.1,50.773,136.157,130.312,139.01,213.1,68.64,184.63,130.72
5991,605253.422693,69.103,51,-136.495,27.939,47.984,134.529,132.019,136.84,211.4,64.85,182.15,132.49
5992,605253.425299,68.263,64,-134.993,28.278,50.698,136.896,131.152,139.01,211.96,68.53,185.7,131.55
5993,605253.433912,68.454,62,-134.563,28.957,50.111,136.451,130.457,139.66,212.94,67.77,184.79,130.86
5994,605253.437815,70.041,55,-134.935,28.895,47.647,139.582,131.363,139.12,212.84,64.39,189.39,131.74
5995,605253.441152,68.246,61,-134.837,28.635,50.746,136.921,131.254,139.23,212.47,68.62,185.38,131.66
5996,605253.45755,67.442,58,-135.884,27.696,51.213,133.497,131.557,137.69,211.13,69.16,180.91,132.07
5997,605253.461939,67.8,61,-135.566,28.664,50.58,133.869,130.414,138.19,212.45,68.39,181.31,130.85
5998,605253.464886,69.439,58,-135.001,29.309,48.357,137.687,131.403,139.11,213.53,65.49,185.91,131.76
5999,605253.469116,67.818,62,-135.945,27.677,51.062,135.244,131.273,137.71,211.13,69.02,183.31,131.69
6000,605253.474239,68.32,62,-135.763,28.855,50.461,136.594,130.308,138.0,212.76,68.21,185.23,130.72
6001,605253.481837,69.411,59,-136.111,28.789,48.663,138.379,131.643,137.54,212.7,65.76,187.72,132.04
6002,605253.485686,67.905,59,-136.167,27.791,51.091,135.825,130.916,137.5,211.39,69.12,183.3,131.29
6003,605253.489968,68.477,61,-136.787,28.57,50.253,136.972,130.079,136.61,212.36,67.92,185.75,130.49
6004,605253.493368,69.335,57,-137.042,28.837,48.841,138.4,131.546,136.3,212.77,65.99,187.68,131.95
6005,605253.497758,68.24,58,-137.235,27.606,51.184,138.067,130.927,135.94,210.98,69.16,187.49,131.37
6006,605253.505857,67.451,68,-138.285,28.003,50.718,132.26,130.188,134.62,211.61,68.55,178.91,130.6
6007,605253.509981,69.504,62,-137.896,28.721,48.589,138.767,131.528,135.12,212.56,65.69,188.01,131.95
6008,605253.5137,67.923,59,-137.897,27.825,51.42,136.808,130.668,135.06,211.31,69.55,184.56,131.07
6009,605253.516878,68.069,61,-138.166,28.496,50.736,135.84,129.894,134.81,212.25,68.7,183.67,130.34
6010,605253.523125,69.465,59,-138.404,28.654,48.678,138.772,131.632,134.4,212.45,65.76,187.88,132.03
6011,605253.525247,68.196,60,-138.452,27.622,51.319,138.167,130.706,134.38,211.08,69.34,187.28,131.13
6012,605253.533753,67.724,61,-138.069,28.68,50.756,133.894,129.554,134.94,212.55,68.62,180.95,129.94
6013,605253.54612,68.138,66,-138.185,28.432,50.493,135.599,129.712,134.71,212.14,68.27,183.65,130.17
6014,605253.549475,69.38,61,-138.262,28.362,48.819,138.622,131.592,134.65,212.12,65.94,187.94,132.01
6015,605253.559142,68.298,62,-138.146,27.676,50.807,137.399,130.761,134.84,211.17,68.76,185.79,131.17
6016,605253.5619,68.2,58,-137.491,28.408,49.988,134.602,129.771,135.7,212.17,67.6,181.9,130.16
6017,605253.565686,70.069,54,-137.793,28.402,47.728,140.01,131.443,135.22,212.1,64.48,189.63,131.82
6018,605253.569111,67.695,61,-137.107,28.661,51.139,134.743,130.281,136.17,212.47,69.12,182.23,130.65
6019,605253.573619,67.919,62,-137.663,27.884,50.103,133.281,130.048,135.23,211.25,67.84,179.88,130.59
6020,605253.577261,69.953,56,-137.395,27.925,47.976,139.96,131.919,135.79,211.48,64.86,189.77,132.33
6021,605253.585765,68.727,58,-136.678,28.556,50.468,139.102,130.576,136.73,212.24,68.42,187.68,130.96
6022,605253.589713,68.115,65,-136.068,28.754,49.638,133.169,129.54,137.63,212.66,67.11,180.29,129.93
6023,605253.593229,69.615,59,-136.812,27.872,48.077,138.019,131.695,136.53,211.35,65.07,186.42,132.1
6024,605253.598609,68.244,56,-136.208,28.858,50.359,135.866,130.541,137.62,213.01,68.12,183.09,130.86
6025,605253.600901,68.563,65,-135.996,28.504,49.571,135.633,129.737,137.68,212.28,67.01,183.86,130.14
6026,605253.609595,69.44,57,-136.355,28.011,48.295,137.52,132.005,137.25,211.66,65.25,186.72,132.39
6027,605253.61481,68.549,59,-135.95,28.944,50.424,137.882,130.65,137.68,212.82,68.17,186.67,131.05
6028,605253.617862,68.745,64,-135.779,28.202,49.27,135.913,129.963,137.95,211.86,66.64,183.91,130.37
6029,605253.625929,68.722,57,-135.946,28.593,50.133,138.148,130.792,137.58,212.3,67.77,186.67,131.26
6030,605253.633732,68.154,65,-136.912,27.995,49.382,132.708,130.369,136.4,211.56,66.74,179.81,130.81
6031,605253.637607,69.281,61,-136.574,27.803,48.488,137.053,132.105,136.9,211.35,65.52,185.88,132.5
6032,605253.641438,68.51,55,-136.511,28.597,50.395,137.566,130.758,136.95,212.39,68.11,186.4,131.18
6033,605253.645041,68.682,60,-135.962,28.626,49.069,134.973,129.657,137.82,212.53,66.39,182.23,130.01
6034,605253.650044,69.535,61,-136.784,27.676,48.306,138.162,131.922,136.63,211.19,65.27,187.42,132.32
6035,605253.653647,68.325,54,-136.106,28.756,50.231,136.002,130.484,137.55,212.67,67.94,183.42,130.86
6036,605253.661638,68.247,57,-136.467,29.272,49.357,133.179,129.26,137.18,213.44,66.75,180.14,129.59
6037,605253.665625,68.706,57,-138.509,27.648,48.711,134.133,132.635,134.17,211.06,65.84,181.07,133.08
6038,605253.66894,68.317,62,-137.176,28.022,50.549,136.815,130.768,136.12,211.65,68.32,185.32,131.17
6039,605253.673631,68.528,61,-138.781,27.423,48.777,133.254,130.659,133.88,210.78,65.9,180.5,131.11
6040,605253.676901,69.149,55,-138.806,27.455,48.169,135.332,132.392,133.65,210.65,65.19,182.37,132.88
6041,605253.68538,68.703,59,-137.967,28.331,50.346,138.617,130.896,135.01,212.03,68.02,187.87,131.32
6042,605253.68965,68.227,64,-138.795,27.861,49.292,132.888,130.316,133.88,211.38,66.59,179.97,130.77
6043,605253.693896,69.349,56,-138.288,28.348,48.096,136.372,131.789,134.75,212.3,64.96,183.71,132.04
6044,605253.697501,68.822,60,-138.185,28.217,50.338,139.34,130.821,134.73,211.88,68.01,188.88,131.24
6045,605253.714068,68.959,57,-138.498,28.269,50.256,139.975,130.763,134.39,212.02,67.92,189.31,131.19
6046,605253.717083,68.285,64,-138.291,28.275,49.436,133.613,129.796,134.66,212.03,66.86,180.48,130.19
6047,605253.720907,69.284,63,-138.975,27.654,48.373,136.752,131.943,133.68,211.1,65.42,185.25,132.36
6048,605253.725987,68.986,59,-138.585,28.275,50.14,139.824,130.871,134.2,211.97,67.74,189.53,131.29
6049,605253.729604,68.687,63,-139.015,27.591,49.055,134.964,130.058,133.53,210.98,66.29,182.57,130.52
6050,605253.738103,69.188,60,-139.232,27.129,48.499,136.502,132.125,133.33,210.42,65.51,185.01,132.54
6051,605253.74129,68.804,56,-138.943,28.009,50.114,138.607,130.959,133.68,211.58,67.7,187.77,131.39
6052,605253.745087,68.786,58,-139.18,27.181,48.65,134.447,130.09,133.29,210.39,65.79,181.76,130.58
6053,605253.750169,69.4,59,-138.951,27.26,48.061,136.598,131.955,133.71,210.53,65.06,185.07,132.38
6054,605253.75286,68.799,58,-138.71,28.145,49.996,138.25,130.87,134.02,211.78,67.54,187.31,131.3
6055,605253.762333,68.568,61,-137.629,28.433,48.897,133.819,129.468,135.51,212.14,66.23,180.79,129.83
6056,605253.765524,68.74,65,-138.717,27.141,49.116,135.455,132.127,134.02,210.44,66.35,183.6,132.54
6057,605253.769118,69.056,56,-137.773,28.794,50.022,139.938,130.638,135.23,212.63,67.61,189.35,131.07
6058,605253.773343,69.478,60,-137.577,28.225,48.169,137.402,129.998,135.5,211.85,65.11,185.96,130.4
6059,605253.777714,68.942,62,-137.965,27.333,48.961,136.262,131.806,135.1,210.75,66.19,184.36,132.21
6060,605253.781507,69.047,59,-137.127,27.854,49.649,138.84,130.838,136.16,211.38,67.13,187.8,131.25
6061,605253.789818,69.281,51,-138.646,28.208,47.139,133.244,130.118,134.21,211.97,63.73,180.07,130.55
6062,605253.802324,69.983,57,-135.446,28.059,46.451,135.702,129.601,138.7,212.0,62.85,182.58,129.88
6063,605253.805747,69.095,59,-136.286,27.79,48.237,135.187,131.593,137.33,211.41,65.17,182.94,131.96
6064,605253.814781,68.587,53,-134.78,30.116,48.879,133.882,130.491,139.31,214.5,66.09,181.18,130.85
6065,605253.81844,69.757,65,-135.007,28.152,47.411,137.022,130.527,139.01,211.81,64.11,185.75,130.92
6066,605253.821712,69.425,63,-135.456,26.999,47.789,135.987,131.877,138.4,210.25,64.6,184.42,132.26
6067,605253.825097,69.696,57,-134.589,28.516,48.365,139.382,130.752,139.66,212.38,65.44,188.45,131.14
6068,605253.830669,70.295,59,-134.864,28.62,46.385,137.568,130.859,139.2,212.45,62.7,186.63,131.24
6069,605253.838449,70.015,60,-135.042,28.392,47.023,137.582,131.793,139.04,212.19,63.66,185.85,132.14
6070,605253.842125,68.96,55,-133.73,29.625,48.282,134.483,130.724,140.8,213.92,65.27,182.04,131.05
6071,605253.845539,69.787,64,-134.759,28.676,47.188,136.574,130.351,139.37,212.54,63.8,185.08,130.74
6072,605253.849247,69.172,57,-136.122,27.911,47.65,134.01,132.744,137.39,211.42,64.38,181.48,133.17
6073,605253.854311,69.279,56,-134.498,28.72,48.969,138.403,131.148,139.6,212.49,66.24,187.53,131.57
6074,605253.858149,69.439,60,-136.124,28.259,47.037,133.93,130.645,137.45,211.92,63.56,181.56,131.06
6075,605253.865283,69.186,61,-135.524,28.845,48.465,136.39,132.07,138.33,212.78,65.52,184.78,132.45
6076,605253.869869,68.486,56,-134.664,28.958,49.53,135.059,130.711,139.72,213.19,66.96,182.07,130.99
6077,605253.873121,69.917,55,-136.01,28.626,46.936,136.684,130.067,137.58,212.37,63.47,185.27,130.46
6078,605253.882135,68.867,59,-136.029,28.527,49.705,137.864,131.108,137.74,212.41,67.22,186.42,131.5
6079,605253.890491,69.373,59,-135.994,29.661,47.113,133.735,129.595,137.85,214.05,63.68,180.62,129.91
6080,605253.893589,68.573,66,-137.534,28.593,49.304,134.964,132.133,135.64,212.42,66.71,182.42,132.55
6081,605253.897741,68.805,61,-137.043,28.294,50.082,138.522,131.093,136.29,211.99,67.7,187.48,131.5
6082,605253.900846,69.445,56,-136.711,29.508,47.067,134.055,129.634,136.79,213.73,63.6,181.4,130.0
6083,605253.906618,68.506,63,-138.368,28.178,49.363,134.724,132.196,134.44,211.81,66.67,182.56,132.62
6084,605253.914025,68.908,59,-137.79,28.116,49.98,138.883,131.124,135.36,211.83,67.57,187.79,131.54
6085,605253.917334,69.426,55,-139.267,27.666,47.168,134.223,130.548,133.28,211.18,63.7,182.06,131.02
6086,605253.922277,68.592,64,-138.795,28.118,49.575,135.818,131.939,133.9,211.74,66.97,184.09,132.35
6087,605253.925066,68.736,60,-138.284,27.603,49.979,137.811,131.015,134.7,211.17,67.53,186.37,131.38
6088,605253.933168,68.43,64,-139.386,27.678,49.611,134.946,132.031,133.13,211.17,67.06,182.33,132.47
6089,605253.942263,68.828,60,-138.56,27.188,50.169,138.908,131.045,134.29,210.53,67.8,188.06,131.48
6090,605253.945515,69.898,49,-138.422,28.103,46.755,136.039,129.833,134.57,211.88,63.19,183.35,130.21
6091,605253.949317,68.557,64,-139.29,27.547,49.6,135.677,131.831,133.29,211.02,67.04,183.42,132.26
6092,605253.954639,68.615,59,-138.174,27.412,50.135,137.491,130.886,134.85,210.89,67.76,185.64,131.25
6093,605253.95848,70.719,49,-138.93,27.209,46.708,141.455,130.118,133.82,210.61,63.14,191.23,130.49
6094,605253.969602,68.772,54,-137.626,27.662,50.274,138.851,130.843,135.32,210.98,68.0,187.6,131.28
6095,605253.974963,70.911,49,-137.847,27.715,46.478,142.118,130.185,135.17,211.21,62.8,192.75,130.57
6096,605253.976986,68.15,56,-138.13,27.691,50.002,134.348,131.844,134.7,211.1,67.61,181.4,132.31
6097,605253.982572,68.646,62,-136.849,27.703,50.133,137.679,130.889,136.63,211.25,67.87,186.0,131.3
6098,605253.989958,70.172,53,-137.234,27.522,46.872,138.186,130.574,135.93,210.9,63.35,187.12,130.99
6099,605253.99348,68.523,60,-136.825,28.003,49.596,135.46,131.857,136.58,211.62,67.05,183.43,132.27
6100,605253.997449,68.675,60,-135.749,28.263,50.223,138.105,130.916,138.04,211.99,67.93,186.61,131.27
6101,605254.000932,70.544,50,-135.762,28.357,46.508,139.631,130.356,138.11,212.21,62.96,187.9,130.75
6102,605254.006263,68.315,60,-135.652,28.354,50.085,135.547,131.533,138.18,212.1,67.7,183.91,131.91
6103,605254.014301,68.604,59,-135.061,27.934,49.873,136.712,130.98,138.88,211.48,67.49,184.44,131.35
6104,605254.017376,70.468,55,-135.185,27.863,46.675,139.605,130.678,138.76,211.38,63.16,188.03,131.06
6105,605254.022039,68.676,61,-134.75,28.318,49.402,135.856,131.737,139.26,211.96,66.83,183.82,132.13
6106,605254.024919,68.623,60,-134.324,28.386,50.161,137.614,130.964,139.93,212.13,67.82,186.68,131.35
6107,605254.030705,70.866,52,-134.711,28.227,46.573,142.086,130.728,139.38,211.9,62.95,192.98,131.09
6108,605254.033013,67.105,60,-134.766,28.187,50.44,129.653,131.084,139.36,211.81,68.38,175.73,131.5
6109,605254.041793,68.428,66,-134.137,28.302,50.236,136.634,130.898,140.06,211.91,67.96,184.77,131.3
6110,605254.045475,69.938,49,-134.323,28.704,46.907,136.74,130.506,139.94,212.6,63.44,184.91,130.84
6111,605254.054033,68.275,56,-134.361,28.711,49.931,134.892,130.732,140.1,212.87,67.45,182.03,130.97
6112,605254.058588,70.169,57,-135.511,28.109,47.074,138.758,130.58,138.33,211.77,63.64,187.87,130.95
6113,605254.066553,68.379,64,-135.624,28.559,50.049,135.832,131.639,138.16,212.35,67.64,184.23,132.04
6114,605254.069581,68.287,64,-135.602,28.073,50.603,136.783,130.948,138.18,211.66,68.42,185.26,131.33
6115,605254.073557,70.331,53,-136.766,27.897,46.998,139.63,130.523,136.64,211.46,63.51,189.32,130.91
6116,605254.077041,68.263,59,-136.759,28.575,50.582,136.578,131.444,136.6,212.33,68.36,185.03,131.84
6117,605254.081722,68.15,61,-136.608,27.906,51.03,137.112,130.74,136.9,211.52,68.97,185.71,131.13
6118,605254.084873,70.413,53,-137.45,27.965,47.052,140.355,130.617,135.74,211.58,63.57,190.3,131.0
6119,605254.093244,68.009,60,-137.747,28.321,50.944,136.045,131.38,135.31,212.02,68.83,184.39,131.8
6120,605254.09802,67.881,59,-137.913,27.777,51.097,135.704,130.813,135.06,211.22,69.1,183.73,131.24
6121,605254.100832,70.444,53,-138.25,28.1,47.208,141.03,130.58,134.68,211.77,63.81,190.55,130.94
6122,605254.106126,67.949,63,-138.453,28.35,51.143,136.224,131.202,134.36,212.06,69.09,184.62,131.63
6123,605254.108945,67.851,61,-138.694,27.416,51.114,135.576,130.754,134.12,210.84,69.08,183.22,131.25
6124,605254.118428,70.568,52,-138.8,27.789,47.055,141.443,130.6,133.89,211.3,63.58,191.43,130.97
6125,605254.121481,66.78,50,-139.227,27.802,51.344,130.225,130.664,133.41,211.42,69.4,176.14,131.12
6126,605254.125394,68.191,62,-138.523,27.555,50.987,137.245,130.394,134.29,210.99,68.9,185.99,130.82
6127,605254.128928,68.698,45,-138.727,27.609,47.353,130.35,130.357,133.98,211.11,64.03,176.75,130.71
6128,605254.14621,71.212,48,-138.775,27.246,46.768,145.208,130.819,133.94,210.59,63.17,197.0,131.21
6129,605254.149656,66.661,61,-138.296,27.422,51.473,129.925,130.151,134.63,210.83,69.62,176.03,130.58
6130,605254.153597,68.285,63,-137.364,27.832,50.802,137.307,130.421,135.89,211.4,68.68,185.9,130.85
6131,605254.159122,70.789,47,-137.626,27.884,46.721,141.986,130.62,135.46,211.44,63.16,191.75,130.98
6132,605254.162504,67.446,60,-136.38,29.058,51.049,133.096,130.667,137.14,213.03,68.99,180.47,131.04
6133,605254.169326,67.926,60,-137.13,27.459,50.719,134.96,130.555,135.91,210.68,68.57,182.38,131.09
6134,605254.173699,70.869,50,-136.931,27.812,46.606,142.206,130.678,136.4,211.33,62.96,193.11,131.07
6135,605254.177113,68.257,60,-136.485,28.332,50.681,136.813,130.93,137.02,212.04,68.5,185.52,131.34
6136,605254.181814,68.264,58,-135.929,28.22,50.81,137.198,130.348,137.78,211.9,68.68,185.99,130.75
6137,605254.185691,69.443,51,-135.089,29.414,46.897,133.554,130.514,138.82,213.51,63.42,180.87,130.79
6138,605254.193583,68.121,66,-135.913,28.631,50.984,136.816,130.824,137.79,212.45,68.91,185.52,131.23
6139,605254.197291,68.259,63,-135.518,28.043,50.442,136.178,130.315,138.33,211.67,68.24,184.17,130.71
6140,605254.20122,70.449,52,-135.861,28.049,47.051,140.599,130.804,137.77,211.56,63.62,191.12,131.24
6141,605254.205832,68.012,54,-136.152,28.157,50.649,135.274,131.157,137.45,211.84,68.41,183.17,131.56
6142,605254.211072,68.003,62,-135.721,28.315,50.908,135.916,130.319,138.01,212.0,68.86,183.7,130.74
6143,605254.218515,70.22,53,-135.544,29.002,46.958,138.757,130.801,138.32,213.02,63.47,188.06,131.17
6144,605254.228971,69.737,50,-136.319,28.308,47.306,136.592,130.606,137.36,212.1,64.1,183.6,130.95
6145,605254.233231,68.483,63,-136.53,28.234,50.457,137.566,130.947,136.97,211.92,68.2,186.51,131.36
6146,605254.238285,68.088,65,-136.806,28.478,50.762,136.023,130.176,136.6,212.25,68.6,184.45,130.59
6147,605254.246365,69.845,52,-136.592,29.138,47.511,137.887,130.973,137.0,213.28,64.25,186.19,131.35
6148,605254.24929,68.303,63,-137.235,28.101,50.874,137.608,130.85,135.99,211.71,68.75,186.46,131.27
6149,605254.253984,68.186,65,-137.153,28.647,50.558,136.056,130.108,136.09,212.44,68.35,184.22,130.54
6150,605254.258195,70.028,56,-137.929,28.194,47.826,140.025,131.181,135.1,211.89,64.6,189.88,131.58
6151,605254.26152,68.329,61,-137.603,28.337,50.779,137.512,130.725,135.47,212.0,68.63,186.2,131.13
6152,605254.269582,67.71,61,-138.428,28.161,50.685,133.627,130.445,134.21,211.68,68.51,180.39,130.96
6153,605254.273364,70.13,58,-138.04,28.516,47.788,140.603,131.062,134.92,212.3,64.56,190.46,131.47
6154,605254.277294,68.117,64,-138.144,28.2,50.864,136.466,130.872,134.79,211.86,68.72,184.98,131.29
6155,605254.281002,67.799,65,-137.624,29.209,50.799,134.44,129.714,135.56,213.3,68.7,181.02,130.0
6156,605254.285849,70.158,56,-138.046,28.83,47.801,140.83,131.155,134.94,212.75,64.57,190.92,131.56
6157,605254.290098,68.087,63,-137.924,28.218,51.179,137.138,130.561,135.08,211.88,69.15,185.88,130.98
6158,605254.297699,67.974,61,-137.369,29.462,50.565,134.827,129.437,135.94,213.67,68.37,182.26,129.84
6159,605254.301719,70.014,57,-137.555,29.177,47.944,140.275,131.141,135.6,213.22,64.76,190.24,131.55
6160,605254.305022,68.205,62,-137.564,27.976,50.866,137.0,130.454,135.43,211.44,68.79,185.02,130.89
6161,605254.322199,68.162,61,-137.183,27.714,50.92,136.886,130.434,136.17,211.29,68.87,184.74,130.86
6162,605254.325322,68.34,60,-136.183,29.263,49.788,134.889,129.097,137.46,213.34,67.32,182.73,129.51
6163,605254.329588,69.67,59,-136.575,29.071,48.161,138.624,131.171,136.89,213.04,65.07,188.14,131.6
6164,605254.333298,68.452,62,-136.441,27.704,50.545,137.624,130.411,137.07,211.19,68.32,186.59,130.82
6165,605254.338109,68.556,58,-135.416,28.984,49.467,135.308,129.219,138.51,212.99,66.97,182.4,129.61
6166,605254.346596,70.135,56,-135.872,29.009,47.447,139.629,131.314,137.88,213.06,64.02,189.71,131.7
6167,605254.34931,67.765,62,-134.937,28.978,50.659,133.872,130.012,139.12,212.95,68.49,181.4,130.39
6168,605254.353856,68.541,61,-134.953,29.226,49.24,134.592,129.276,139.02,213.19,66.61,181.86,129.63
6169,605254.357127,69.786,60,-135.558,28.696,47.656,137.92,131.463,138.3,212.52,64.55,186.45,131.82
6170,605254.362028,68.968,60,-135.179,28.315,49.504,137.933,130.572,138.78,212.02,66.96,186.57,130.97
6171,605254.366046,67.927,63,-135.43,28.715,49.192,130.902,130.219,138.35,212.5,66.5,177.42,130.6
6172,605254.374001,70.096,58,-135.213,29.081,47.175,138.571,131.128,138.71,213.05,63.79,187.52,131.48
6173,605254.377721,68.734,58,-135.312,28.508,49.838,137.411,130.721,138.55,212.25,67.48,185.17,131.14
6174,605254.381382,68.925,60,-134.919,29.437,49.161,136.715,129.73,139.08,213.51,66.49,185.1,130.15
6175,605254.386668,70.065,57,-135.407,29.168,47.397,139.013,131.431,138.43,213.14,64.17,187.98,131.82
6176,605254.388973,69.035,57,-135.543,28.246,49.638,138.734,130.639,138.28,211.93,67.09,188.22,131.03
6177,605254.398096,69.21,59,-135.57,29.246,48.772,137.406,129.725,138.26,213.33,66.02,186.16,130.14
6178,605254.410229,69.137,61,-136.178,29.241,48.804,137.037,129.6,137.33,213.15,66.07,185.05,129.99
6179,605254.413588,69.142,56,-137.948,28.316,47.788,134.216,131.757,134.91,211.93,64.56,181.47,132.2
6180,605254.42206,68.922,62,-136.892,27.874,49.663,138.09,130.525,136.47,211.42,67.12,187.23,130.93
6181,605254.426016,68.678,61,-138.327,27.919,48.42,133.164,130.124,134.5,211.45,65.42,180.43,130.56
6182,605254.429699,69.957,56,-137.69,28.635,47.566,138.789,131.585,135.42,212.44,64.39,187.87,131.99
6183,605254.433109,68.167,60,-136.678,28.775,50.075,134.648,130.08,136.83,212.71,67.71,181.78,130.51
6184,605254.438411,68.956,59,-137.234,28.934,48.437,134.889,129.25,136.05,212.89,65.51,182.34,129.64
6185,605254.441559,69.925,59,-137.917,28.657,47.643,138.799,131.577,135.03,212.44,64.37,188.12,132.0
6186,605254.449714,69.088,58,-137.731,27.654,49.271,138.037,130.632,135.33,211.11,66.58,187.09,131.04
6187,605254.453479,68.842,59,-137.382,28.589,48.236,133.643,129.546,135.76,212.37,65.24,180.25,130.0
6188,605254.457063,69.81,53,-137.696,28.538,47.321,137.111,131.714,135.39,212.37,64.08,184.7,132.03
6189,605254.462264,69.29,58,-137.309,27.891,49.44,139.804,130.658,135.92,211.44,66.84,189.03,131.06
6190,605254.464934,69.136,61,-138.224,27.963,47.499,133.368,130.216,134.63,211.51,64.17,180.7,130.65
6191,605254.473656,69.187,56,-138.209,27.773,47.683,134.2,132.269,134.61,211.24,64.41,181.72,132.71
6192,605254.477391,69.409,61,-136.633,27.722,48.706,138.488,130.802,136.83,211.22,65.92,186.75,131.2
6193,605254.481889,69.28,61,-135.451,28.849,47.4,133.974,129.426,138.41,212.76,64.1,181.09,129.86
6194,605254.489662,69.567,57,-135.904,28.875,48.855,139.938,130.719,137.81,212.8,66.02,189.87,131.11
6195,605254.497534,69.337,58,-135.366,28.255,47.989,135.995,129.822,138.53,211.9,64.99,184.2,130.23
6196,605254.502187,69.449,59,-136.846,27.019,47.067,134.077,132.504,136.48,210.28,63.63,181.14,132.9
6197,605254.505469,69.799,56,-135.122,29.193,48.577,140.678,130.712,138.86,213.23,65.66,190.75,131.11
6198,605254.509285,69.513,63,-135.272,28.41,47.686,136.251,130.028,138.65,212.15,64.47,184.74,130.42
6199,605254.513863,69.882,57,-135.619,27.8,47.04,136.763,131.949,138.16,211.31,63.66,184.91,132.35
6200,605254.521797,69.467,58,-135.353,28.902,48.605,138.577,130.867,138.47,212.78,65.7,187.66,131.28
6201,605254.525739,69.147,56,-135.31,29.262,47.737,134.105,129.419,138.67,213.39,64.56,181.21,129.8
6202,605254.529644,69.538,61,-136.305,28.227,47.741,136.562,132.184,137.3,211.96,64.55,184.96,132.56
6203,605254.533009,69.329,58,-136.155,28.505,48.866,138.434,130.958,137.39,212.24,66.04,187.51,131.38
6204,605254.538318,69.372,60,-136.0,29.029,47.232,134.065,129.7,137.74,213.07,63.85,181.44,130.07
6205,605254.54155,69.924,65,-137.114,28.119,47.158,137.378,131.978,136.18,211.78,63.71,186.29,132.37
6206,605254.550314,69.348,56,-137.243,28.247,48.655,137.954,131.08,136.07,211.98,65.77,186.9,131.48
6207,605254.553336,69.775,63,-137.478,28.212,47.294,136.804,130.165,135.68,211.86,63.99,185.04,130.55
6208,605254.55763,69.775,63,-138.098,27.583,47.321,136.88,132.143,134.85,211.05,63.92,185.6,132.54
6209,605254.560751,69.429,56,-138.177,28.004,48.839,138.998,131.291,134.81,211.63,66.02,188.04,131.68
6210,605254.578377,69.253,54,-138.897,27.74,49.03,138.412,131.318,133.74,211.22,66.23,187.54,131.74
6211,605254.581799,70.229,58,-138.189,27.605,46.948,138.792,130.467,134.75,211.09,63.46,187.84,130.87
6212,605254.585301,69.759,61,-138.856,26.662,47.479,137.232,132.447,133.83,209.8,64.12,186.1,132.85
6213,605254.589965,69.556,53,-138.207,27.988,48.707,139.448,131.243,134.71,211.6,65.8,188.99,131.65
6214,605254.593422,69.682,57,-138.527,27.706,47.534,136.895,130.239,134.25,211.16,64.27,185.02,130.67
6215,605254.601669,69.384,63,-139.049,27.112,48.097,136.598,132.721,133.57,210.4,64.95,185.2,133.13
6216,605254.604984,69.531,56,-138.143,27.991,49.104,140.415,131.345,134.83,211.63,66.31,190.37,131.74
6217,605254.609007,69.661,52,-137.959,27.926,47.153,135.661,130.455,135.17,211.63,63.79,183.11,130.78
6218,605254.615123,68.963,60,-139.121,26.697,47.981,133.663,132.782,133.3,209.72,64.81,180.7,133.25
6219,605254.61768,69.527,60,-137.692,27.785,48.652,139.098,131.427,135.42,211.33,65.75,188.33,131.82
6220,605254.625604,69.423,59,-137.133,28.611,47.359,134.751,130.071,136.13,212.43,64.02,182.33,130.47
6221,605254.630302,69.605,61,-138.041,27.655,47.862,137.341,132.623,134.92,211.14,64.64,186.31,133.02
6222,605254.633146,69.488,55,-137.224,27.681,49.143,140.245,131.45,136.09,211.23,66.45,189.25,131.82
6223,605254.63703,69.408,57,-138.042,27.33,47.09,133.888,130.896,134.88,210.68,63.61,181.51,131.35
6224,605254.641929,69.302,64,-137.29,27.701,48.248,136.509,132.491,135.96,211.24,65.2,184.93,132.87
6225,605254.64988,69.205,57,-136.671,27.616,49.012,138.052,131.529,136.8,211.12,66.28,186.54,131.95
6226,605254.661809,68.393,57,-135.168,28.386,49.264,133.784,131.444,138.78,212.16,66.62,181.47,131.75
6227,605254.665617,69.529,55,-136.37,27.879,47.127,134.753,130.745,137.11,211.41,63.75,181.79,131.17
6228,605254.670264,69.083,66,-136.189,28.137,48.59,136.102,132.428,137.43,211.81,65.67,184.44,132.83
6229,605254.678006,69.021,60,-135.477,27.316,49.424,138.043,131.71,138.33,210.63,66.82,187.01,132.09
6230,605254.681304,69.995,55,-136.266,27.414,46.67,136.418,130.909,137.24,210.75,63.09,184.48,131.34
6231,605254.684821,69.131,63,-135.82,28.323,48.683,136.659,132.397,137.87,212.0,65.79,185.24,132.77
6232,605254.691027,68.853,58,-135.182,27.701,49.666,137.668,131.627,138.73,211.16,67.15,186.47,132.0
6233,605254.693042,69.354,56,-136.567,27.453,47.162,133.76,131.128,136.88,210.92,63.81,181.28,131.6
6234,605254.701338,68.755,60,-135.901,28.382,49.106,135.521,132.36,137.83,212.13,66.39,183.83,132.73
6235,605254.705686,68.637,58,-135.235,28.29,50.095,137.517,131.411,138.64,211.96,67.73,186.17,131.81
6236,605254.709263,69.422,52,-135.253,29.322,47.329,134.656,130.008,138.83,213.57,63.98,181.91,130.33
6237,605254.713103,68.284,62,-136.788,28.252,49.616,134.098,132.588,136.52,211.89,67.07,181.32,133.04
6238,605254.717891,68.074,59,-136.917,27.636,50.208,134.462,131.942,136.11,210.92,67.78,181.55,132.49
6239,605254.725924,69.755,53,-136.315,28.941,47.45,137.123,130.148,137.43,213.05,64.14,185.41,130.49
6240,605254.729536,68.576,61,-136.841,28.887,49.769,136.256,132.149,136.56,212.83,67.23,184.71,132.53
6241,605254.733484,67.703,62,-137.621,27.473,50.895,134.143,131.771,135.32,210.78,68.77,181.37,132.26
6242,605254.7462,68.02,56,-136.543,28.897,50.752,135.596,130.642,137.08,213.0,68.62,182.72,130.96
6243,605254.754367,69.664,60,-137.719,28.113,47.922,137.894,130.39,135.29,211.71,64.75,186.75,130.82
6244,605254.757687,68.108,63,-138.002,28.329,50.405,135.183,132.008,134.97,212.03,68.09,183.26,132.42
6245,605254.7611,68.27,62,-137.498,28.24,50.997,137.741,131.052,135.66,211.93,68.9,186.51,131.43
6246,605254.766229,69.253,53,-137.353,28.911,47.988,135.467,129.74,136.02,213.02,64.85,182.93,130.09
6247,605254.768975,68.014,69,-138.087,28.215,50.612,135.187,131.815,134.9,211.91,68.38,183.11,132.24
6248,605254.778724,68.418,61,-137.668,27.622,50.81,138.135,130.996,135.37,211.0,68.69,187.18,131.41
6249,605254.781418,69.905,57,-138.328,27.367,47.903,139.428,130.13,134.47,210.69,64.71,189.09,130.54
6250,605254.786059,67.977,63,-138.158,27.728,50.619,134.99,131.883,134.79,211.24,68.4,182.84,132.31
6251,605254.789076,68.085,62,-137.498,27.231,51.354,137.592,131.035,135.71,210.6,69.42,186.28,131.44
6252,605254.793739,69.55,46,-139.508,26.143,47.47,135.866,130.83,133.02,209.13,64.1,183.77,131.34
6253,605254.797669,67.972,65,-137.654,27.814,50.817,135.491,131.644,135.44,211.33,68.67,183.68,132.06
6254,605254.806029,68.1,63,-136.762,27.364,51.147,137.129,130.883,136.58,210.65,69.16,185.5,131.26
6255,605254.809635,69.944,49,-137.078,27.43,47.541,138.626,130.31,136.12,210.76,64.3,187.22,130.71
6256,605254.813229,67.984,60,-137.063,27.815,50.729,135.327,131.766,136.24,211.32,68.63,183.31,132.17
6257,605254.829987,67.864,61,-136.284,28.257,51.177,135.815,131.314,137.22,211.88,69.19,183.87,131.73
6258,605254.834012,68.271,64,-135.523,28.241,50.785,137.178,130.706,138.32,211.93,68.65,186.07,131.11
6259,605254.837382,69.385,60,-136.018,27.838,48.201,136.899,130.623,137.57,211.33,65.19,185.01,131.06
6260,605254.841491,68.026,66,-135.852,28.18,50.48,134.909,131.639,137.93,211.9,68.27,182.55,132.04
6261,605254.84638,68.056,63,-135.318,29.378,51.289,137.245,130.521,138.65,213.51,69.35,185.94,130.94
6262,605254.854723,69.792,57,-134.819,29.269,48.455,140.277,130.564,139.26,213.33,65.5,190.27,130.96
6263,605254.857489,67.78,64,-135.65,27.951,51.024,134.927,131.425,138.17,211.57,69.01,182.5,131.85
6264,605254.861269,68.175,62,-135.113,29.329,51.055,137.331,130.518,138.95,213.47,69.06,185.84,130.93
6265,605254.865618,68.948,51,-136.752,28.204,48.087,133.865,130.68,136.7,211.95,64.98,181.81,131.13
6266,605254.870518,67.784,62,-135.644,28.566,51.387,135.908,131.398,138.12,212.34,69.46,184.22,131.81
6267,605254.873117,68.017,62,-135.149,29.641,51.391,137.285,130.235,138.83,213.83,69.47,186.19,130.64
6268,605254.881809,68.89,53,-136.848,28.343,48.279,134.046,130.73,136.5,212.07,65.24,181.74,131.18
6269,605254.885807,67.791,62,-135.891,28.367,51.375,135.917,131.143,137.88,212.14,69.48,183.85,131.56
6270,605254.888911,68.03,63,-135.538,29.004,51.246,136.976,130.331,138.31,212.97,69.27,185.75,130.74
6271,605254.893695,68.556,52,-136.177,29.284,47.793,130.73,128.936,137.49,213.49,64.35,177.02,129.12
6272,605254.89813,67.849,67,-136.519,28.889,51.211,135.82,131.005,137.0,212.8,69.25,184.11,131.4
6273,605254.905429,67.951,64,-135.958,28.895,51.328,136.732,130.037,137.74,212.81,69.38,185.4,130.45
6274,605254.918304,67.986,63,-136.148,29.249,51.095,136.313,129.966,137.53,213.33,69.05,184.98,130.38
6275,605254.921238,69.443,46,-137.539,28.337,47.769,136.043,130.614,135.41,211.92,64.56,183.34,131.1
6276,605254.930547,67.763,65,-136.586,28.724,51.395,135.81,130.659,136.87,212.56,69.5,183.71,131.1
6277,605254.934079,68.092,64,-135.884,29.26,50.996,136.677,129.752,137.76,213.25,68.96,184.92,130.19
6278,605254.938528,69.595,46,-137.447,28.115,47.582,136.472,130.473,135.43,211.53,64.38,183.36,130.98
6279,605254.940963,67.954,67,-136.391,29.005,51.01,135.897,130.521,137.14,212.95,68.94,184.28,130.93
6280,605254.946167,68.304,62,-135.867,29.357,50.744,137.265,129.674,137.87,213.45,68.6,186.11,130.09
6281,605254.949038,70.556,50,-136.469,29.039,47.164,141.684,130.055,137.19,213.13,63.74,191.73,130.47
6282,605254.958758,68.19,62,-136.238,29.253,50.731,136.545,130.321,137.32,213.27,68.57,185.03,130.74
6283,605254.961418,68.211,62,-135.571,29.564,50.353,135.652,129.46,138.31,213.79,68.08,183.36,129.79
6284,605254.965278,70.5,54,-136.341,29.066,46.885,140.455,130.005,137.09,212.98,63.35,190.07,130.44
6285,605254.970309,68.392,58,-136.13,29.535,50.347,136.719,130.26,137.5,213.68,68.05,185.36,130.67
6286,605254.974465,68.548,60,-135.532,29.461,50.127,137.065,129.524,138.23,213.51,67.81,185.37,129.92
6287,605254.981797,70.129,49,-135.045,30.255,46.464,136.696,129.959,139.1,214.81,62.83,184.75,130.31
6288,605254.985274,68.468,62,-135.756,29.842,50.271,136.974,130.066,137.97,214.07,67.98,185.22,130.52
6289,605254.989592,68.255,58,-135.816,28.884,49.869,134.606,129.665,137.72,212.68,67.41,181.89,130.16
6290,605254.997966,68.63,63,-135.434,29.823,50.041,137.328,130.07,138.47,214.1,67.67,185.93,130.47
6291,605255.005374,68.627,61,-135.148,29.362,49.909,136.95,129.567,138.88,213.48,67.49,185.56,129.98
6292,605255.009926,70.882,51,-135.143,29.68,45.986,140.411,130.024,138.86,213.93,62.15,190.45,130.4
6293,605255.013125,68.626,59,-135.44,29.926,49.93,136.997,130.046,138.37,214.17,67.5,185.58,130.47
6294,605255.017663,68.732,62,-135.149,29.594,49.606,136.759,129.481,138.88,213.81,67.08,185.23,129.87
6295,605255.022862,70.583,51,-135.083,29.979,46.095,138.653,129.849,138.97,214.34,62.32,187.45,130.21
6296,605255.025058,69.012,60,-135.315,29.814,49.46,138.087,130.079,138.6,214.06,66.86,187.23,130.48
6297,605255.033937,68.825,58,-135.284,30.122,49.386,136.722,129.363,138.62,214.45,66.77,185.24,129.75
6298,605255.038175,71.278,49,-135.574,30.085,45.891,142.972,130.42,138.17,214.38,62.04,193.21,130.79
6299,605255.04133,69.104,57,-135.683,29.687,49.481,138.727,129.955,138.11,213.89,66.88,188.19,130.35
6300,605255.046713,69.172,63,-135.714,29.598,48.712,136.996,129.449,138.08,213.78,65.85,185.79,129.85
6301,605255.05013,70.697,52,-136.011,29.427,45.944,138.991,130.27,137.68,213.57,62.08,188.46,130.65
6302,605255.057863,69.417,61,-135.928,29.513,48.426,137.744,130.169,137.77,213.65,65.46,186.73,130.57
6303,605255.061945,69.063,59,-135.402,30.585,48.237,134.988,128.983,138.58,215.2,65.24,182.54,129.37
6304,605255.066388,71.187,54,-136.054,29.795,45.628,141.491,130.652,137.63,214.08,61.66,191.91,131.04
6305,605255.069271,68.881,57,-135.477,29.706,48.562,134.783,129.62,138.41,213.96,65.64,182.56,130.0
6306,605255.086081,69.684,61,-136.577,27.922,47.97,138.166,130.433,136.83,211.46,64.86,186.78,130.85
6307,605255.090105,70.05,58,-136.296,28.916,47.169,138.245,129.62,137.3,212.86,63.75,187.49,130.02
6308,605255.09271,71.586,52,-136.102,29.536,44.614,141.237,130.824,137.61,213.77,60.31,191.23,131.21
6309,605255.098364,68.713,52,-138.297,26.805,48.233,132.862,130.819,134.56,209.95,65.24,180.04,131.29
6310,605255.101176,69.988,62,-136.246,29.039,47.132,137.725,129.629,137.36,213.02,63.71,186.75,130.03
6311,605255.109537,71.494,55,-136.552,28.966,44.683,140.777,131.179,136.88,212.89,60.4,190.62,131.57
6312,605255.113483,70.39,54,-136.846,27.839,46.954,139.9,130.69,136.53,211.38,63.45,189.75,131.08
6313,605255.116901,70.428,57,-136.381,28.638,46.394,138.498,130.094,137.2,212.51,62.71,187.68,130.48
6314,605255.122181,72.11,48,-136.881,28.76,43.899,142.906,131.105,136.55,212.73,59.32,193.5,131.46
6315,605255.125298,70.191,53,-136.98,28.628,47.345,139.706,130.764,136.35,212.45,63.97,189.48,131.16
6316,605255.133343,69.573,53,-135.82,29.554,46.893,134.36,129.445,137.88,213.64,63.42,181.57,129.85
6317,605255.137479,71.961,48,-136.436,29.16,43.915,141.811,131.263,137.15,213.26,59.34,192.28,131.64
6318,605255.141514,70.2,55,-136.666,29.002,47.329,139.72,130.813,136.78,212.97,63.95,189.49,131.21
6319,605255.144957,69.814,58,-136.206,28.886,46.877,135.849,130.134,137.39,212.8,63.42,183.43,130.52
6320,605255.150185,71.821,54,-136.742,28.518,44.162,141.548,131.484,136.66,212.29,59.74,191.83,131.88
6321,605255.15786,70.295,56,-136.129,29.359,47.22,140.047,130.877,137.43,213.39,63.83,189.62,131.25
6322,605255.162032,69.357,56,-135.339,29.372,47.153,133.747,129.958,138.52,213.41,63.84,181.02,130.36
6323,605255.169725,70.07,55,-135.969,29.093,47.277,138.698,131.063,137.63,213.04,63.93,187.31,131.5
6324,605255.175054,69.758,56,-136.607,27.8,46.382,134.056,131.156,136.8,211.31,62.67,181.7,131.57
6325,605255.17765,71.619,54,-135.504,28.302,44.422,140.873,131.832,138.37,212.08,60.09,190.09,132.15
6326,605255.186006,70.325,51,-135.189,28.907,47.022,139.663,131.271,138.74,212.81,63.59,188.85,131.66
6327,605255.189291,69.868,58,-134.932,28.683,46.893,136.246,130.549,139.08,212.51,63.41,184.55,130.92
6328,605255.1932,70.804,45,-134.02,29.669,44.476,135.268,132.118,140.24,213.84,60.15,183.04,132.46
6329,605255.197932,70.272,55,-134.783,28.992,47.488,140.679,131.181,139.31,212.95,64.27,189.68,131.56
6330,605255.201139,69.348,60,-134.188,28.709,46.915,133.022,130.792,140.1,212.57,63.43,180.36,131.15
6331,605255.209915,71.261,58,-135.19,27.748,44.793,139.433,132.027,138.73,211.25,60.54,189.27,132.41
6332,605255.213273,70.205,57,-134.901,28.401,47.431,140.056,131.39,139.14,212.15,64.11,189.95,131.77
6333,605255.217456,69.241,54,-135.09,28.793,47.497,134.006,130.444,138.85,212.65,64.23,181.34,130.83
6334,605255.221041,71.255,55,-135.733,28.263,45.37,141.183,132.761,138.06,212.0,61.4,190.68,133.15
6335,605255.226245,69.919,54,-135.489,28.383,48.184,140.335,131.45,138.34,212.09,65.16,189.74,131.84
6336,605255.23499,69.925,56,-135.578,28.819,47.148,137.358,130.695,138.26,212.74,63.72,186.39,131.1
6337,605255.23812,70.543,51,-135.78,29.018,45.693,137.175,131.936,138.0,213.05,61.75,185.46,132.25
6338,605255.242079,69.647,56,-136.395,28.359,48.037,138.118,131.685,137.11,212.08,64.91,187.28,132.08
6339,605255.244877,69.123,62,-137.491,28.13,47.516,133.333,131.345,135.61,211.75,64.19,180.69,131.77
6340,605255.261906,69.656,60,-136.543,29.054,47.761,137.38,130.57,136.85,212.93,64.57,185.65,130.92
6341,605255.265805,69.825,54,-138.012,28.029,46.78,135.638,132.921,134.84,211.57,63.19,183.49,133.35
6342,605255.269256,69.433,57,-136.791,28.526,49.046,139.615,131.488,136.6,212.31,66.26,189.41,131.88
6343,605255.273567,69.099,57,-136.295,29.43,48.06,134.712,130.351,137.28,213.55,64.95,182.33,130.71
6344,605255.278107,69.387,54,-137.495,28.513,47.224,134.14,132.713,135.47,212.17,63.82,180.97,133.16
6345,605255.285729,68.833,52,-135.676,29.181,48.89,135.395,131.22,138.27,213.41,66.09,182.76,131.53
6346,605255.289969,69.181,59,-136.67,28.628,48.143,135.459,130.732,136.84,212.48,65.09,183.84,131.09
6347,605255.294214,69.93,57,-136.325,29.027,47.347,137.968,132.456,137.24,213.02,63.96,187.14,132.84
6348,605255.297252,68.845,56,-137.198,27.178,48.871,135.419,132.115,136.01,210.48,66.07,182.67,132.61
6349,605255.302122,69.258,59,-135.863,29.055,47.753,134.836,130.179,137.83,213.02,64.55,182.6,130.59
6350,605255.306049,69.786,62,-136.266,28.867,47.614,137.799,132.395,137.32,212.8,64.33,186.93,132.78
6351,605255.313894,69.136,59,-136.036,27.365,49.326,138.501,131.59,137.66,210.77,66.69,187.62,132.0
6352,605255.317329,69.348,57,-135.54,28.71,47.605,134.979,130.022,138.25,212.53,64.36,182.89,130.4
6353,605255.321571,69.548,63,-136.27,28.619,47.845,136.924,132.255,137.31,212.44,64.67,185.42,132.64
6354,605255.32688,68.304,52,-134.913,28.862,49.534,133.989,131.066,139.14,212.84,66.97,181.45,131.37
6355,605255.329162,69.243,58,-136.727,27.983,47.645,134.436,130.759,136.78,211.58,64.55,182.15,131.12
6356,605255.342975,69.024,61,-135.729,28.059,49.649,138.692,131.404,138.06,211.68,67.22,187.03,131.78
6357,605255.346757,68.75,61,-136.543,28.36,48.07,132.633,130.627,137.02,212.13,65.03,179.52,130.97
6358,605255.348933,69.558,65,-135.892,28.979,48.13,137.805,132.255,137.81,212.95,65.07,186.52,132.64
6359,605255.355341,69.174,57,-135.679,28.035,49.476,139.16,131.351,138.1,211.64,66.92,188.21,131.71
6360,605255.362112,69.054,62,-136.737,28.256,47.708,133.455,130.719,136.63,211.92,64.47,180.88,131.14
6361,605255.365954,69.359,60,-135.75,29.417,48.158,136.614,131.987,138.06,213.6,65.09,184.7,132.31
6362,605255.369318,69.023,58,-135.524,28.269,49.809,139.134,131.221,138.37,212.01,67.35,188.39,131.63
6363,605255.378466,68.883,60,-135.713,29.65,48.526,134.69,131.74,138.18,214.0,65.59,182.06,132.07
6364,605255.382095,68.913,56,-135.413,28.604,49.891,138.667,131.06,138.42,212.37,67.52,187.17,131.46
6365,605255.389414,69.113,59,-136.938,28.09,47.756,133.946,130.642,136.4,211.72,64.53,181.41,131.08
6366,605255.393375,69.11,62,-136.009,28.993,48.614,136.334,132.183,137.69,212.99,65.71,184.71,132.56
6367,605255.396944,68.789,61,-135.507,28.598,50.12,138.526,131.134,138.31,212.31,67.91,187.28,131.57
6368,605255.40215,69.104,58,-134.917,30.03,47.747,133.868,129.279,139.14,214.37,64.56,181.17,129.63
6369,605255.406658,68.648,61,-136.88,28.577,48.721,133.812,132.393,136.38,212.31,65.83,181.14,132.83
6370,605255.414111,68.826,58,-135.586,28.541,49.904,138.158,130.98,138.32,212.42,67.52,186.38,131.34
6371,605255.417702,69.519,56,-136.19,28.633,47.983,137.133,130.05,137.57,212.57,64.92,185.48,130.43
6372,605255.426229,68.921,56,-135.868,28.532,50.315,139.901,130.988,137.85,212.32,68.0,189.81,131.38
6373,605255.430513,69.093,55,-137.111,28.59,47.824,134.017,130.194,136.26,212.48,64.67,181.11,130.62
6374,605255.438128,68.762,63,-136.493,29.126,49.267,136.005,131.892,137.03,213.15,66.74,184.1,132.28
6375,605255.442583,68.64,61,-136.143,28.299,50.024,137.344,130.888,137.46,211.99,67.61,186.18,131.3
6376,605255.445281,69.027,57,-135.554,29.457,47.898,133.818,129.236,138.31,213.62,64.74,181.26,129.61
6377,605255.449281,69.197,65,-136.703,28.611,48.479,136.5,132.056,136.76,212.43,65.62,184.54,132.41
6378,605255.454085,69.113,55,-136.221,29.487,50.351,141.228,130.652,137.43,213.67,68.07,191.26,131.04
6379,605255.462177,69.46,52,-136.308,28.981,48.034,136.901,129.679,137.42,213.07,64.99,184.79,130.06
6380,605255.465352,68.212,64,-137.28,27.954,49.474,133.291,132.113,135.79,211.44,66.83,180.33,132.59
6381,605255.469501,69.263,58,-136.098,29.188,49.811,140.679,130.721,137.58,213.23,67.4,189.71,131.1
6382,605255.472995,69.364,55,-135.725,30.335,47.382,134.444,129.088,138.17,214.91,64.05,181.74,129.42
6383,605255.478826,68.517,65,-137.288,28.828,49.054,133.943,131.836,135.9,212.67,66.36,181.33,132.27
6384,605255.481753,68.802,58,-136.709,29.015,49.796,137.712,130.726,136.78,213.01,67.31,186.81,131.11
6385,605255.489798,69.607,59,-138.237,28.155,46.976,134.813,130.593,134.6,211.77,63.45,182.71,131.02
6386,605255.493909,68.985,62,-137.122,28.568,48.687,135.766,131.808,136.11,212.31,65.83,183.67,132.24
6387,605255.497601,68.424,55,-136.327,29.051,50.207,136.53,130.692,137.2,212.92,68.04,184.6,131.13
6388,605255.513809,69.204,58,-136.342,28.995,49.437,139.246,130.647,137.23,212.96,66.85,188.27,131.01
6389,605255.51799,70.144,57,-136.351,28.799,46.79,137.756,130.027,137.28,212.78,63.21,186.55,130.37
6390,605255.521858,69.078,65,-136.73,28.187,48.479,135.758,131.694,136.75,211.93,65.53,183.72,132.06
6391,605255.525626,69.384,57,-136.248,28.798,48.972,139.085,130.809,137.22,212.58,66.23,187.93,131.2
6392,605255.530193,69.558,55,-135.489,29.325,47.031,134.658,129.725,138.31,213.32,63.65,182.28,130.14
6393,605255.534248,69.355,63,-136.434,28.082,48.063,136.319,131.863,137.06,211.68,64.96,184.7,132.24
6394,605255.542245,69.318,54,-136.257,28.694,48.86,138.344,130.951,137.31,212.53,66.02,187.61,131.36
6395,605255.545631,70.275,55,-136.068,28.454,46.663,138.257,130.201,137.68,212.28,63.09,187.4,130.59
6396,605255.549553,68.939,60,-136.484,27.705,48.477,134.898,131.959,136.96,211.16,65.57,182.3,132.36
6397,605255.554385,69.565,57,-135.875,29.278,48.858,139.936,130.601,137.86,213.35,66.03,189.83,131.0
6398,605255.557345,70.48,56,-135.833,28.611,46.645,139.596,130.357,137.94,212.47,63.07,188.97,130.76
6399,605255.566078,69.032,63,-136.529,27.381,48.393,135.233,131.781,136.92,210.73,65.42,183.19,132.18
6400,605255.569987,69.302,55,-136.285,28.888,48.843,138.194,130.774,137.2,212.73,66.02,187.02,131.18
6401,605255.573506,69.953,51,-135.539,29.891,46.577,135.874,129.687,138.43,214.34,62.98,183.45,130.01
6402,605255.577259,68.855,62,-137.149,27.999,48.751,135.146,131.924,135.95,211.47,65.93,182.49,132.37
6403,605255.582269,68.826,57,-137.043,28.923,49.263,136.388,130.867,136.14,212.75,66.6,184.15,131.32
6404,605255.593891,69.022,63,-137.35,27.823,48.598,135.743,131.808,135.83,211.35,65.65,184.04,132.21
6405,605255.59847,69.349,60,-136.634,29.073,49.002,138.943,130.769,136.88,213.13,66.19,188.29,131.14
6406,605255.605509,68.851,56,-137.379,27.905,48.913,135.569,131.917,135.95,211.53,66.16,183.96,132.24
6407,605255.60971,69.303,60,-136.698,29.19,48.978,138.58,130.708,136.76,213.24,66.18,187.98,131.11
6408,605255.618061,70.412,56,-137.053,28.468,46.281,138.046,130.817,136.23,212.22,62.53,187.1,131.22
6409,605255.621502,69.215,60,-137.226,27.737,48.221,135.886,131.787,136.0,211.23,65.15,184.2,132.19
6410,605255.625111,69.467,60,-136.681,28.599,48.582,138.511,130.966,136.82,212.49,65.64,187.61,131.33
6411,605255.630401,69.421,47,-136.897,28.703,46.063,131.046,130.725,136.47,212.6,62.28,177.81,131.25
6412,605255.632964,68.832,65,-137.157,28.134,48.95,135.555,131.927,136.14,211.82,66.15,183.58,132.32
6413,605255.641954,69.259,61,-136.46,28.615,48.972,138.284,130.921,136.96,212.37,66.23,186.64,131.33
6414,605255.646316,70.703,51,-136.781,28.264,45.879,138.833,130.775,136.64,212.0,62.02,187.82,131.16
6415,605255.649341,69.329,62,-136.503,28.348,48.236,136.645,131.821,137.0,212.07,65.21,184.92,132.21
6416,605255.65342,69.56,59,-136.008,28.855,48.363,138.489,131.084,137.81,212.92,65.41,186.97,131.44
6417,605255.657459,69.795,54,-135.119,29.839,46.306,134.073,130.095,138.91,214.18,62.58,181.54,130.44
6418,605255.665294,69.199,66,-136.206,28.446,48.298,136.003,131.96,137.46,212.24,65.39,183.7,132.34
6419,605255.669765,69.311,56,-135.632,29.0,48.918,138.463,131.001,138.26,213.07,66.11,187.38,131.35
6420,605255.682311,67.881,61,-135.763,28.991,49.319,130.982,131.899,137.9,212.89,66.65,177.72,132.29
6421,605255.68572,70.6,59,-135.409,28.868,46.517,140.044,130.873,138.35,212.69,62.91,189.39,131.25
6422,605255.694061,68.473,59,-135.102,28.767,49.124,133.878,131.463,138.89,212.68,66.42,181.12,131.82
6423,605255.697729,68.997,61,-135.414,29.323,49.202,137.275,130.926,138.36,213.34,66.51,185.81,131.36
6424,605255.701143,70.231,56,-135.387,28.821,46.916,138.71,131.024,138.5,212.73,63.4,188.17,131.41
6425,605255.706576,68.498,62,-134.836,28.837,48.961,133.578,131.286,139.29,212.83,66.17,180.86,131.62
6426,605255.708898,69.098,63,-135.209,29.379,49.165,137.804,130.784,138.75,213.49,66.45,186.92,131.18
6427,605255.717489,70.099,50,-133.923,30.675,46.685,137.146,130.434,140.66,215.49,63.09,185.1,130.69
6428,605255.721934,68.597,62,-135.473,27.982,49.593,135.899,131.791,138.35,211.56,67.07,183.86,132.21
6429,605255.725179,69.009,61,-134.872,29.431,49.292,137.604,130.842,139.17,213.53,66.62,186.58,131.25
6430,605255.729057,70.732,51,-134.629,29.634,46.689,141.487,131.306,139.54,213.86,63.1,192.06,131.69
6431,605255.733884,68.894,55,-135.184,28.382,49.362,137.078,131.726,138.7,212.06,66.74,185.66,132.1
6432,605255.742048,69.033,62,-134.756,29.666,49.198,137.493,130.739,139.36,213.88,66.5,186.53,131.13
6433,605255.745368,70.554,53,-134.542,29.502,46.969,141.082,131.428,139.75,213.75,63.53,191.18,131.78
6434,605255.749457,67.961,56,-136.062,27.164,49.531,131.995,131.825,137.57,210.51,66.98,179.02,132.32
6435,605255.752621,68.906,65,-134.783,29.413,49.166,136.611,130.628,139.35,213.55,66.47,185.11,131.03
6436,605255.770332,68.893,61,-135.358,29.656,49.409,137.208,130.631,138.56,213.87,66.78,186.07,131.02
6437,605255.773435,70.294,53,-135.901,29.256,46.878,139.027,131.008,137.77,213.31,63.37,188.01,131.41
6438,605255.777298,68.7,62,-136.045,28.548,49.672,136.741,131.388,137.6,212.33,67.16,185.06,131.82
6439,605255.780907,68.918,65,-136.093,29.754,49.286,137.019,130.427,137.57,213.99,66.6,185.82,130.83
6440,605255.785672,70.522,56,-136.536,29.24,46.742,140.18,131.094,137.01,213.34,63.13,190.4,131.48
6441,605255.794292,68.367,61,-136.113,29.072,49.364,133.9,130.766,137.51,213.05,66.72,181.21,131.18
6442,605255.797738,68.932,63,-136.944,29.395,49.278,137.084,130.362,136.42,213.51,66.59,185.88,130.77
6443,605255.802096,70.782,55,-137.36,29.274,46.465,141.163,130.996,135.84,213.34,62.76,191.55,131.39
6444,605255.805334,68.188,64,-137.066,28.906,49.787,133.992,130.826,136.26,212.86,67.27,181.49,131.22
6445,605255.810921,69.059,64,-137.571,29.424,49.068,137.288,130.252,135.58,213.54,66.3,186.13,130.67
6446,605255.813197,70.901,55,-137.648,29.177,46.413,141.846,131.099,135.46,213.22,62.69,192.41,131.5
6447,605255.821632,69.195,58,-137.937,27.95,48.991,137.93,131.123,135.07,211.53,66.19,187.01,131.53
6448,605255.825859,69.298,59,-137.789,29.056,48.663,137.655,130.263,135.29,213.04,65.75,186.6,130.68
6449,605255.829026,71.119,55,-137.502,29.272,45.97,142.059,131.081,135.67,213.35,62.1,192.66,131.48
6450,605255.834429,68.802,56,-137.718,28.076,49.4,136.618,130.91,135.58,211.9,66.83,184.08,131.31
6451,605255.837261,68.769,54,-138.682,28.285,48.339,133.486,130.262,133.95,211.92,65.33,180.34,130.77
6452,605255.845462,70.061,50,-138.836,28.15,46.046,135.02,131.672,133.57,211.65,62.15,182.34,132.2
6453,605255.857581,71.977,50,-136.502,29.628,44.979,145.375,131.283,137.02,213.86,60.78,197.08,131.67
6454,605255.861255,69.457,52,-136.625,28.897,48.805,139.085,130.849,136.76,212.74,66.02,187.61,131.27
6455,605255.870326,69.349,57,-136.065,29.12,48.38,137.182,130.147,137.54,213.08,65.42,185.72,130.56
6456,605255.873394,70.206,44,-137.27,28.281,45.027,132.961,132.799,136.05,212.1,60.84,179.62,133.2
6457,605255.877325,69.722,58,-135.99,28.963,48.075,138.717,131.038,137.76,212.94,65.08,187.33,131.4
6458,605255.881237,69.758,60,-135.534,29.507,47.601,137.583,130.521,138.31,213.66,64.33,186.62,130.91
6459,605255.886734,71.589,52,-135.774,29.378,44.838,141.97,131.202,138.05,213.54,60.61,192.14,131.55
6460,605255.889623,68.848,54,-134.696,30.311,48.027,133.097,130.548,139.44,214.78,64.9,180.43,130.9
6461,605255.897786,69.756,62,-135.336,29.373,47.694,137.834,130.53,138.58,213.48,64.46,186.98,130.92
6462,605255.901856,71.798,52,-135.707,29.218,44.608,142.808,131.512,138.13,213.3,60.38,193.19,131.9
6463,605255.905525,69.786,57,-135.285,29.56,48.001,138.921,131.029,138.66,213.74,64.89,188.18,131.43
6464,605255.909874,69.79,57,-134.918,29.438,47.732,138.171,130.442,139.07,213.51,64.54,187.09,130.85
6465,605255.913776,72.042,50,-135.606,29.197,44.295,143.663,131.635,138.2,213.25,59.84,195.07,132.0
6466,605255.921542,68.88,53,-134.234,30.733,48.13,133.571,130.839,140.03,215.33,65.06,181.12,131.18
6467,605255.92551,69.885,62,-135.1,28.954,47.287,137.5,130.574,138.89,212.91,63.92,186.47,130.96
6468,605255.929237,71.735,55,-135.98,28.339,44.56,142.178,131.764,137.66,211.99,60.33,191.71,132.11
6469,605255.937724,69.007,58,-136.265,28.587,48.14,134.377,130.72,137.28,212.38,65.08,181.94,131.16
6470,605255.945706,71.751,52,-136.187,28.99,44.767,142.957,132.024,137.36,212.87,60.55,193.61,132.4
6471,605255.949491,69.612,53,-136.378,29.185,48.198,138.349,131.248,137.13,213.19,65.12,187.6,131.65
6472,605255.953297,69.816,63,-136.039,28.794,47.26,136.974,130.622,137.62,212.68,63.87,185.72,131.02
6473,605255.957184,70.335,49,-135.124,29.912,45.081,133.961,131.444,138.84,214.25,60.91,181.65,131.78
6474,605255.962528,69.918,55,-136.487,29.078,47.751,139.071,131.287,136.85,212.94,64.59,187.44,131.73
6475,605255.969469,68.923,58,-137.439,28.249,47.995,133.459,130.87,135.65,211.91,64.79,180.71,131.36
6476,605255.974019,70.884,50,-135.652,30.383,44.663,136.383,131.405,138.01,214.86,60.45,184.39,131.63
6477,605255.977336,68.793,52,-138.588,27.923,48.114,133.011,131.898,134.27,211.61,64.97,180.24,132.45
6478,605255.981106,69.882,61,-136.868,28.622,47.18,137.172,130.598,136.46,212.41,63.78,185.7,131.0
6479,605255.986458,70.572,51,-138.43,27.349,45.161,135.777,132.357,134.45,210.71,61.17,183.15,132.8
6480,605255.990489,70.172,57,-136.883,28.937,47.609,140.359,131.399,136.47,212.87,64.33,190.3,131.8
6481,605255.997683,69.527,54,-136.609,29.263,47.734,136.476,130.354,136.77,213.24,64.55,184.44,130.74
6482,605256.001843,71.587,47,-137.085,28.982,44.945,142.29,132.356,136.11,212.88,60.73,192.49,132.76
6483,605256.00581,69.1,52,-135.673,30.226,48.068,134.742,130.596,138.12,214.66,64.95,182.6,130.96
6484,605256.009341,69.83,58,-136.695,28.818,47.142,136.722,130.594,136.68,212.65,63.73,185.29,130.99
6485,605256.022238,69.511,55,-135.58,30.144,47.294,135.117,130.788,138.21,214.54,63.94,182.73,131.13
6486,605256.026392,69.51,57,-136.026,29.595,47.164,134.736,130.493,137.74,213.91,63.8,181.72,130.78
6487,605256.029765,71.277,59,-136.615,29.057,45.115,140.549,132.424,136.93,213.16,60.94,190.42,132.79
6488,605256.032897,69.549,53,-137.783,27.771,47.47,135.858,132.231,135.27,211.32,64.15,183.83,132.63
6489,605256.038615,69.716,55,-136.918,28.613,46.592,134.396,131.204,136.14,212.26,62.96,181.36,131.71
6490,605256.042114,71.051,55,-135.684,29.609,45.013,138.619,132.201,138.13,213.86,60.81,187.88,132.56
6491,605256.050809,69.718,53,-135.334,29.373,47.343,136.578,131.339,138.72,213.63,64.0,184.48,131.69
6492,605256.052991,69.8,56,-135.924,28.921,46.696,135.235,130.942,137.63,212.75,63.13,182.83,131.37
6493,605256.057362,71.173,56,-135.336,29.416,44.953,139.296,132.4,138.6,213.6,60.73,188.9,132.76
6494,605256.062621,70.09,58,-135.366,28.661,47.369,139.097,131.714,138.56,212.55,64.04,188.4,132.08
6495,605256.065264,70.214,56,-135.048,29.488,46.552,137.518,130.828,138.6,213.26,62.96,185.3,131.09
6496,605256.073285,71.306,56,-135.424,29.217,45.214,141.069,132.748,138.53,213.37,61.11,191.03,133.12
6497,605256.077307,69.591,55,-135.957,27.785,47.493,136.196,132.111,137.66,211.27,64.17,184.59,132.52
6498,605256.080975,70.264,57,-135.422,29.165,46.294,137.089,131.01,138.24,212.96,62.69,184.87,131.37
6499,605256.084864,70.995,57,-135.497,29.238,45.467,139.624,132.644,138.29,213.27,61.44,189.17,133.03
6500,605256.090031,69.525,53,-134.898,28.68,47.218,134.984,131.503,139.34,212.77,63.85,182.1,131.79
6501,605256.09873,70.559,55,-135.872,28.657,45.922,137.969,130.837,137.74,212.41,62.05,187.17,131.18
6502,605256.110011,69.846,57,-135.884,29.476,45.921,133.281,130.09,137.86,213.65,62.05,180.56,130.46
6503,605256.113575,70.533,66,-137.159,28.543,45.822,137.494,132.743,136.1,212.35,61.89,186.48,133.13
6504,605256.117885,69.323,58,-138.25,26.651,47.447,134.371,132.53,134.59,209.77,64.09,182.16,132.99
6505,605256.125875,69.807,61,-136.786,28.988,46.122,133.616,130.502,136.54,212.89,62.33,180.64,130.86
6506,605256.129765,70.568,62,-138.064,28.076,45.919,138.026,132.925,134.92,211.75,62.04,186.95,133.3
6507,605256.133147,69.305,52,-139.252,26.54,47.447,134.261,132.789,133.22,209.59,64.04,182.24,133.23
6508,605256.137657,69.876,61,-137.175,29.231,45.958,133.578,130.335,136.12,213.32,62.09,180.92,130.71
6509,605256.141389,70.621,60,-138.207,28.314,45.971,138.546,133.008,134.72,212.07,62.08,187.9,133.4
6510,605256.149419,69.487,54,-136.885,28.596,47.361,135.154,131.658,136.51,212.53,63.91,182.86,131.93
6511,605256.153619,69.831,61,-139.208,27.383,45.967,133.32,131.742,133.34,210.77,62.11,180.45,132.16
6512,605256.157516,70.724,58,-138.112,28.187,45.906,139.059,133.24,134.82,211.75,62.31,187.3,133.62
6513,605256.161129,70.172,54,-137.748,27.412,47.719,140.682,132.281,135.33,210.84,64.47,190.61,132.66
6514,605256.166249,70.23,54,-137.307,28.58,46.074,136.214,130.966,135.85,212.25,62.41,184.67,131.42
6515,605256.173864,70.634,55,-137.572,28.555,46.162,139.208,133.369,135.51,212.33,62.34,188.64,133.73
6516,605256.177319,69.049,53,-136.121,28.519,47.977,134.174,131.927,137.41,212.29,64.82,182.12,132.22
6517,605256.18152,70.376,55,-136.735,28.126,45.797,136.359,131.014,136.65,211.73,61.9,184.92,131.43
6518,605256.184995,70.359,58,-137.34,27.958,46.166,137.346,133.379,135.78,211.47,62.45,185.5,133.79
6519,605256.201877,69.862,58,-135.502,29.375,46.252,134.341,132.703,138.35,213.52,62.47,182.14,133.05
6520,605256.205495,69.768,57,-136.135,27.387,47.836,138.327,132.599,137.42,210.73,64.64,187.44,133.0
6521,605256.209567,70.193,57,-135.639,28.362,46.234,136.439,131.217,138.13,212.09,62.49,185.04,131.59
6522,605256.213941,69.718,55,-136.537,27.944,46.709,134.744,133.617,136.78,211.41,63.12,182.24,134.07
6523,605256.2177,69.807,57,-135.2,27.465,48.084,139.298,132.555,138.83,210.98,65.0,188.45,132.92
6524,605256.225753,69.636,58,-135.739,27.949,46.177,132.698,131.462,138.01,211.58,62.46,179.9,131.96
6525,605256.229585,70.114,59,-135.073,28.781,47.094,138.451,133.191,138.9,212.65,63.7,187.68,133.56
6526,605256.233868,69.285,50,-134.0,28.57,48.361,136.719,132.125,140.52,212.62,65.39,184.21,132.36
6527,605256.237129,69.874,56,-133.402,29.65,46.101,133.985,130.638,141.37,214.11,62.22,181.74,130.91
6528,605256.241987,69.749,64,-134.58,28.669,47.228,136.447,133.387,139.54,212.5,63.83,185.04,133.76
6529,605256.24539,69.617,54,-133.923,28.5,48.628,139.62,132.547,140.4,212.23,65.75,189.2,132.89
6530,605256.254263,69.794,54,-134.551,28.556,46.71,135.235,131.501,139.42,212.23,63.22,182.2,131.96
6531,605256.257544,69.858,60,-134.446,28.815,47.445,137.782,133.37,139.74,212.72,64.1,187.06,133.73
6532,605256.26132,69.255,54,-134.048,28.45,48.936,138.155,132.492,140.27,212.21,66.19,186.84,132.84
6533,605256.266052,69.786,58,-133.922,28.888,46.975,135.952,131.374,140.54,212.9,63.54,183.99,131.71
6534,605256.268945,69.275,56,-135.381,27.893,47.548,134.364,133.81,138.34,211.35,64.3,181.36,134.2
6535,605256.278411,69.538,58,-134.272,28.779,48.713,139.345,132.544,139.99,212.67,65.84,189.06,132.91
6536,605256.289971,68.937,52,-134.922,28.519,49.545,137.854,132.165,139.14,212.36,67.01,186.22,132.52
6537,605256.293074,69.06,61,-134.84,29.774,47.517,132.957,130.469,139.21,214.02,64.23,179.98,130.87
6538,605256.302264,68.692,65,-136.482,28.349,48.704,134.029,133.427,136.92,212.01,65.81,181.31,133.85
6539,605256.305355,68.866,59,-135.515,28.519,50.059,138.842,132.158,138.38,212.38,67.68,187.83,132.52
6540,605256.310189,69.005,60,-137.073,28.29,48.014,134.014,131.348,136.12,211.91,64.87,181.7,131.79
6541,605256.31322,68.615,64,-136.712,28.71,49.518,135.802,133.009,136.7,212.56,66.89,184.18,133.41
6542,605256.317528,68.608,60,-136.402,27.906,50.303,137.913,131.986,137.15,211.46,68.07,186.8,132.38
6543,605256.321772,69.064,61,-135.953,29.352,47.734,133.589,130.203,137.87,213.58,64.47,181.09,130.52
6544,605256.330309,68.383,64,-137.61,28.099,49.436,134.189,133.328,135.41,211.67,66.78,181.7,133.75
6545,605256.33425,68.383,59,-136.762,28.257,50.669,137.534,132.038,136.68,211.97,68.47,186.6,132.42
6546,605256.33669,69.004,55,-136.468,29.372,47.822,133.47,130.436,137.14,213.59,64.62,180.43,130.79
6547,605256.342227,68.196,68,-137.166,28.468,50.113,134.919,132.761,136.06,212.16,67.85,182.25,133.17
6548,605256.344941,68.594,58,-136.609,28.224,50.595,138.629,131.844,136.81,211.86,68.37,188.21,132.26
6549,605256.354223,69.051,59,-136.106,29.106,47.915,134.016,130.595,137.63,213.2,64.77,181.48,130.93
6550,605256.3576,68.488,61,-137.122,28.112,49.607,135.284,132.964,136.16,211.76,67.04,183.25,133.34
6551,605256.361849,68.508,61,-136.248,28.861,50.739,138.492,131.725,137.35,212.78,68.56,187.82,132.13
6552,605256.370517,68.279,63,-136.869,28.171,50.003,135.112,132.79,136.51,211.84,67.57,182.98,133.21
6553,605256.377323,68.641,60,-136.054,28.699,50.282,138.057,131.658,137.52,212.47,67.94,187.27,132.05
6554,605256.382757,69.625,63,-136.353,28.543,47.934,137.676,131.018,137.28,212.27,65.13,185.58,131.42
6555,605256.385172,68.58,65,-136.373,28.748,49.611,135.845,132.49,137.16,212.61,67.02,184.27,132.88
6556,605256.389338,68.493,61,-135.89,28.981,50.587,137.983,131.512,137.77,212.89,68.41,186.47,131.88
6557,605256.394663,69.094,56,-137.476,27.985,48.02,134.571,131.349,135.74,211.69,64.9,182.22,131.81
6558,605256.397844,68.119,61,-136.338,28.559,50.343,135.083,132.554,137.21,212.34,68.04,183.17,132.92
6559,605256.405886,68.419,61,-135.508,29.122,50.8,138.112,131.349,138.34,213.13,68.66,187.32,131.75
6560,605256.409832,68.969,53,-135.146,30.05,47.988,133.717,129.819,138.86,214.43,64.86,180.94,130.16
6561,605256.413019,67.903,67,-136.334,28.817,50.611,134.541,132.357,137.23,212.71,68.39,182.52,132.74
6562,605256.417556,68.307,60,-135.321,29.048,51.099,138.242,131.243,138.6,213.03,69.07,187.49,131.64
6563,605256.421721,69.174,55,-135.115,29.887,48.143,135.41,130.025,138.98,214.3,65.11,182.82,130.38
6564,605256.429494,67.86,63,-136.115,29.154,50.857,134.946,132.061,137.45,213.11,68.73,182.8,132.48
6565,605256.433482,67.82,56,-135.491,28.726,51.215,135.659,131.167,138.28,212.53,69.27,183.26,131.61
6566,605256.437224,69.817,54,-135.918,28.895,47.858,138.708,130.437,137.78,212.82,64.66,188.38,130.8
6567,605256.44107,67.827,62,-135.74,29.491,50.846,134.723,131.826,137.94,213.56,68.75,182.11,132.27
6568,605256.45824,68.007,63,-135.348,29.465,50.854,135.793,131.502,138.52,213.57,68.73,184.13,131.9
6569,605256.46165,68.03,61,-134.832,29.154,51.283,137.074,130.658,139.26,213.18,69.32,185.91,131.05
6570,605256.465278,70.108,54,-135.588,29.029,47.532,139.697,130.339,138.17,212.97,64.24,189.39,130.73
6571,605256.470489,67.727,61,-135.805,29.219,50.864,134.197,131.533,137.91,213.24,68.75,181.65,131.93
6572,605256.477945,67.956,63,-135.053,29.361,51.132,136.236,130.549,138.94,213.43,69.18,183.85,130.91
6573,605256.481634,69.793,54,-135.498,29.516,47.501,137.521,130.068,138.5,213.85,64.24,185.4,130.34
6574,605256.485642,68.229,63,-135.853,29.419,50.659,136.587,131.212,137.86,213.52,68.46,185.24,131.61
6575,605256.48894,68.375,59,-135.597,29.005,50.62,137.358,130.515,138.24,212.99,68.42,186.3,130.92
6576,605256.494649,70.355,55,-136.417,28.932,47.214,140.44,130.028,137.22,212.95,63.83,190.03,130.43
6577,605256.49736,67.985,58,-136.947,29.062,50.485,134.677,131.462,136.41,213.05,68.23,182.37,131.9
6578,605256.50626,68.184,62,-135.956,28.596,50.831,136.781,130.459,137.82,212.48,68.73,185.11,130.86
6579,605256.509487,70.288,56,-136.565,28.659,47.029,139.429,129.917,137.12,212.67,63.65,187.91,130.3
6580,605256.514084,67.895,60,-137.34,28.791,50.442,134.044,131.354,135.79,212.62,68.16,181.5,131.8
6581,605256.517102,68.212,63,-136.321,28.686,50.764,136.763,130.264,137.3,212.56,68.63,185.25,130.69
6582,605256.522642,70.274,54,-136.931,28.736,47.02,139.313,129.913,136.48,212.66,63.62,187.77,130.28
6583,605256.529897,68.276,58,-136.754,29.202,50.428,136.24,130.869,136.71,213.26,68.22,184.04,131.27
6584,605256.541998,68.269,63,-136.915,29.445,50.61,136.692,130.697,136.47,213.52,68.54,184.65,131.1
6585,605256.54491,68.011,58,-136.978,28.286,50.799,135.67,130.113,136.27,211.91,68.69,183.46,130.55
6586,605256.550755,70.683,55,-137.001,28.853,46.534,140.672,129.683,136.47,212.87,62.92,190.17,130.07
6587,605256.558395,68.469,59,-136.761,29.402,50.361,137.222,130.481,136.65,213.5,68.07,185.7,130.93
6588,605256.561566,67.95,58,-137.217,28.519,50.704,135.06,130.085,135.87,212.15,68.57,182.29,130.52
6589,605256.5655,70.884,53,-136.89,29.185,46.28,141.322,129.724,136.46,213.19,62.55,191.34,130.09
6590,605256.570439,68.598,59,-136.764,29.425,50.202,137.573,130.464,136.65,213.53,67.84,186.53,130.87
6591,605256.573334,67.842,60,-137.501,28.304,50.343,133.482,130.213,135.62,211.99,68.03,180.85,130.67
6592,605256.581816,70.974,54,-136.502,29.44,45.996,141.093,129.902,136.97,213.53,62.14,191.67,130.31
6593,605256.585252,68.37,56,-137.136,29.047,49.819,135.156,130.675,136.1,212.99,67.31,183.14,131.11
6594,605256.590024,68.741,56,-135.487,29.654,49.348,136.1,129.374,138.44,213.91,66.72,184.2,129.75
6595,605256.592909,70.997,53,-136.2,29.077,46.024,141.346,130.039,137.45,213.13,62.18,191.69,130.4
6596,605256.59843,68.201,54,-137.212,28.27,49.236,132.587,130.691,136.06,212.0,66.55,179.62,131.16
6597,605256.607284,69.05,60,-135.453,29.139,49.244,137.727,129.881,138.38,213.12,66.6,186.49,130.29
6598,605256.61011,70.694,50,-134.744,29.949,45.629,138.012,130.043,139.39,214.28,61.68,187.08,130.41
6599,605256.613351,68.647,58,-135.756,28.966,49.247,135.254,130.72,137.9,212.83,66.58,183.02,131.14
6600,605256.616714,69.162,58,-134.611,29.146,48.573,136.549,129.852,139.58,213.17,65.76,184.51,130.24
6601,605256.625043,69.351,60,-134.501,29.353,48.52,137.59,130.557,139.64,213.41,65.59,186.47,130.96
6602,605256.634696,69.225,60,-134.263,28.826,48.613,137.055,129.995,139.99,212.69,65.74,185.73,130.37
6603,605256.637302,71.723,49,-134.379,29.031,44.922,143.236,130.566,139.72,212.92,60.76,193.87,130.89
6604,605256.641109,69.361,53,-134.356,29.413,48.591,137.856,130.545,139.86,213.51,65.69,186.97,130.93
6605,605256.649239,71.01,53,-134.884,28.079,45.224,138.981,130.73,138.98,211.57,61.17,187.96,131.14
6606,605256.658193,69.649,58,-134.215,29.224,48.138,138.417,130.624,140.07,213.24,65.21,186.89,131.04
6607,605256.66111,68.592,61,-135.423,28.573,48.724,133.487,130.194,138.47,212.44,65.92,180.97,130.7
6608,605256.66544,71.791,49,-134.838,29.498,44.878,143.614,131.118,139.27,213.7,60.64,194.96,131.49
6609,605256.669056,69.496,56,-134.872,29.26,48.65,138.893,130.544,139.23,213.34,65.78,188.14,130.95
6610,605256.673509,69.439,58,-135.032,29.602,47.926,136.464,130.047,138.91,213.72,64.86,183.93,130.41
6611,605256.682353,70.664,54,-135.367,29.454,45.321,136.877,130.631,138.67,213.73,61.28,184.9,130.98
6612,605256.685197,69.757,61,-135.572,29.204,47.715,137.906,130.799,138.24,213.23,64.49,187.03,131.19
6613,605256.690159,69.574,62,-135.665,30.073,47.859,137.134,130.083,138.09,214.39,64.7,185.75,130.49
6614,605256.692917,71.135,58,-135.866,29.792,45.474,140.637,130.995,137.95,214.15,61.46,190.26,131.36
6615,605256.697968,69.826,54,-136.219,28.727,48.022,139.245,130.802,137.36,212.58,64.89,188.89,131.19
6616,605256.700992,69.738,60,-135.936,30.044,47.435,136.971,129.887,137.81,214.42,64.12,185.56,130.28
6617,605256.717994,69.245,61,-137.131,28.853,47.16,133.078,130.227,136.19,212.77,63.79,180.33,130.61
6618,605256.721151,71.334,58,-136.145,29.868,44.963,140.487,131.32,137.53,214.2,60.77,190.34,131.71
6619,605256.724954,69.976,58,-136.567,28.393,47.457,138.593,131.009,136.94,212.16,64.14,187.79,131.41
6620,605256.733979,70.331,59,-135.566,29.622,46.544,138.283,130.13,138.27,213.82,62.91,187.54,130.53
6621,605256.737981,71.537,55,-135.706,29.635,44.374,140.118,131.329,138.16,213.95,59.96,189.66,131.66
6622,605256.741625,69.605,59,-135.05,29.666,46.756,134.166,130.579,138.98,213.91,63.18,181.79,130.94
6623,605256.745061,70.408,62,-135.176,29.502,46.31,138.105,130.314,138.8,213.66,62.59,187.38,130.7
6624,605256.750189,71.457,52,-135.474,29.16,44.328,139.389,131.807,138.2,213.08,59.87,188.62,132.24
6625,605256.753389,70.434,56,-135.266,28.102,46.644,139.282,131.231,138.67,211.76,63.08,188.29,131.6
6626,605256.761747,69.951,52,-135.519,28.674,45.854,133.757,130.57,138.01,212.33,62.0,180.4,131.07
6627,605256.765619,71.597,55,-134.164,29.629,44.222,140.078,131.789,140.21,213.9,59.78,189.81,132.15
6628,605256.769121,70.491,58,-134.473,27.801,46.172,138.259,131.491,139.77,211.4,62.43,187.26,131.84
6629,605256.774256,70.92,60,-133.832,29.117,45.164,138.162,130.456,140.59,213.14,61.06,187.53,130.83
6630,605256.777124,71.7,58,-133.918,29.323,43.998,140.121,132.015,140.48,213.44,59.45,190.27,132.38
6631,605256.785608,70.493,59,-134.1,28.057,46.193,138.333,131.655,140.1,211.58,62.53,187.02,132.04
6632,605256.789786,70.937,59,-133.321,29.519,45.052,137.938,130.636,141.29,213.7,60.91,187.18,131.0
6633,605256.802275,71.043,56,-133.523,29.331,44.85,138.057,130.885,141.0,213.42,60.62,187.64,131.28
6634,605256.810862,71.486,60,-133.902,29.326,44.063,138.763,132.434,140.51,213.46,59.61,187.59,132.8
6635,605256.813254,70.426,57,-134.33,28.07,45.959,137.181,132.115,139.78,211.63,62.11,185.82,132.53
6636,605256.818309,70.28,59,-135.533,28.252,44.878,133.0,131.646,138.22,211.91,60.64,180.3,132.05
6637,605256.820937,71.702,58,-134.5,29.258,43.898,139.826,132.577,139.68,213.34,59.31,189.82,132.94
6638,605256.825591,70.652,53,-134.73,28.009,46.024,138.92,132.122,139.35,211.62,62.2,188.45,132.49
6639,605256.829391,70.304,60,-136.196,28.064,44.899,133.216,131.588,137.29,211.63,60.67,180.44,132.01
6640,605256.838082,71.348,58,-135.431,29.215,44.094,137.872,132.602,138.49,213.36,59.58,186.73,132.93
6641,605256.842223,70.642,56,-135.816,27.94,46.139,139.198,132.219,137.88,211.51,62.36,188.44,132.63
6642,605256.844962,70.177,58,-137.313,27.938,45.23,133.375,131.742,135.83,211.51,61.1,180.77,132.19
6643,605256.85034,71.518,61,-136.678,28.514,44.235,139.54,132.87,136.74,212.32,59.75,189.3,133.25
6644,605256.85308,70.647,57,-136.736,27.486,46.061,138.995,132.3,136.62,210.85,62.26,188.2,132.7
6645,605256.861884,70.222,61,-138.482,27.538,45.164,133.474,131.912,134.27,210.95,61.0,180.88,132.33
6646,605256.866197,71.436,59,-137.441,28.41,44.451,139.625,132.918,135.77,212.22,60.05,189.1,133.3
6647,605256.869273,70.358,52,-137.504,27.198,46.542,138.46,132.341,135.8,210.7,62.95,186.62,132.69
6648,605256.873375,70.918,57,-137.622,28.111,45.294,138.549,131.26,135.47,211.75,61.22,187.46,131.68
6649,605256.890078,70.926,55,-137.611,28.308,45.52,139.296,131.554,135.44,211.97,61.49,188.67,131.93
6650,605256.893142,71.326,58,-137.969,28.195,44.676,139.536,133.18,135.02,211.9,60.32,189.31,133.57
6651,605256.897039,70.178,54,-137.974,27.235,47.198,139.187,132.566,134.9,210.49,63.78,188.07,132.97
6652,605256.901897,69.946,61,-138.782,27.576,45.596,132.972,132.121,133.85,210.99,61.57,180.15,132.55
6653,605256.905745,70.285,54,-138.798,27.342,45.394,134.564,134.035,133.67,210.57,61.29,181.85,134.5
6654,605256.913905,69.926,65,-137.183,26.859,47.104,137.234,132.74,136.04,210.04,63.63,186.12,133.12
6655,605256.91717,69.947,54,-137.025,27.659,45.647,133.121,132.036,136.36,211.2,61.82,179.69,132.39
6656,605256.921159,71.016,59,-136.056,28.399,45.259,139.132,133.576,137.59,212.18,61.12,188.87,133.95
6657,605256.92571,70.072,56,-135.562,27.834,47.417,139.12,132.795,138.26,211.41,64.09,188.43,133.16
6658,605256.929871,69.911,59,-136.038,27.936,45.702,133.058,132.333,137.57,211.51,61.76,180.22,132.75
6659,605256.937531,70.746,57,-134.384,28.934,45.597,138.273,133.513,139.76,212.8,61.65,187.44,133.87
6660,605256.941497,70.049,58,-133.805,28.179,47.384,138.864,132.733,140.6,211.85,64.04,188.49,133.09
6661,605256.945284,70.482,61,-133.261,28.561,45.853,137.245,131.895,141.33,212.37,61.99,186.28,132.25
6662,605256.949097,71.199,55,-133.235,28.774,45.116,139.989,133.607,141.48,212.8,61.0,189.53,133.92
6663,605256.953764,69.963,56,-132.623,29.021,47.597,138.919,132.821,142.18,212.99,64.34,188.63,133.17
6664,605256.96143,69.774,58,-132.011,29.246,46.931,135.746,131.716,143.11,213.39,63.5,183.76,132.06
6665,605256.965313,70.413,58,-132.488,28.79,46.037,137.326,133.756,142.46,212.78,62.27,185.84,134.1
6666,605256.974067,69.624,58,-131.593,29.378,47.059,135.159,131.89,143.62,213.53,63.68,182.82,132.21
6667,605256.978556,70.309,63,-132.391,28.655,46.282,137.358,133.524,142.54,212.55,62.59,186.21,133.86
6668,605256.98105,69.277,58,-131.915,30.1,48.434,136.879,132.472,143.25,214.57,65.51,185.25,132.78
6669,605256.99119,69.327,62,-132.713,28.773,48.073,136.168,131.908,142.07,212.64,65.0,184.79,132.27
6670,605256.993538,70.153,59,-133.542,28.056,46.88,138.084,133.577,140.93,211.65,63.38,187.19,133.91
6671,605256.997144,69.094,60,-133.642,29.229,49.179,137.817,132.425,140.87,213.31,66.54,186.16,132.78
6672,605257.002516,69.118,63,-134.416,28.655,48.296,135.498,131.658,139.77,212.46,65.28,183.87,132.05
6673,605257.006232,69.412,60,-135.813,27.512,47.76,135.82,133.612,137.74,210.81,64.59,183.47,134.03
6674,605257.014735,68.956,59,-135.827,28.854,49.721,138.464,132.233,137.8,212.68,67.21,187.34,132.65
6675,605257.017876,69.101,64,-136.897,28.079,48.658,136.403,131.301,136.45,211.7,65.76,184.94,131.7
6676,605257.021348,68.875,60,-138.219,26.928,48.737,135.227,133.567,134.58,210.08,65.85,183.0,134.0
6677,605257.025211,68.923,59,-137.702,28.134,50.041,139.147,132.098,135.42,211.82,67.62,188.45,132.49
6678,605257.030515,69.066,60,-138.99,27.758,48.678,136.239,131.01,133.63,211.25,65.75,184.68,131.43
6679,605257.037479,68.837,65,-139.542,27.388,49.18,136.223,133.296,133.01,210.85,66.51,184.13,133.69
6680,605257.041702,68.616,60,-139.445,27.631,50.761,139.218,131.932,133.0,211.05,68.6,188.03,132.37
6681,605257.04553,69.366,59,-139.788,27.593,48.483,137.579,130.874,132.56,210.98,65.59,185.91,131.35
6682,605257.049002,68.966,60,-140.441,26.976,49.181,137.021,133.097,131.69,210.21,66.4,185.74,133.51
6683,605257.066269,68.262,61,-141.598,26.509,49.471,133.578,133.515,130.17,209.62,66.81,180.6,133.96
6684,605257.069111,68.508,64,-139.785,27.452,50.662,138.279,131.753,132.56,210.84,68.47,186.85,132.18
6685,605257.07275,68.662,55,-140.243,27.243,48.613,133.605,130.912,131.77,210.47,65.58,180.73,131.44
6686,605257.078397,68.575,61,-139.107,28.45,49.152,134.561,132.184,133.6,212.36,66.38,181.85,132.53
6687,605257.081236,68.378,59,-138.804,27.904,50.784,137.818,131.463,133.91,211.48,68.62,186.35,131.84
6688,605257.090346,68.715,61,-137.448,29.04,48.652,134.022,129.923,135.75,213.04,65.74,181.47,130.32
6689,605257.093127,68.205,60,-138.871,27.595,49.625,133.654,132.812,133.69,210.97,67.03,180.84,133.28
6690,605257.098328,68.481,64,-137.257,28.279,50.581,137.896,131.459,135.94,211.94,68.37,186.68,131.88
6691,605257.100885,69.171,60,-136.746,28.56,48.584,136.633,130.419,136.69,212.38,65.67,185.12,130.81
6692,605257.106247,68.182,62,-137.393,28.221,49.551,133.326,132.739,135.69,211.83,66.94,180.5,133.18
6693,605257.114693,68.329,66,-135.733,28.468,50.748,137.423,131.486,138.03,212.23,68.59,186.38,131.88
6694,605257.117905,69.18,59,-135.069,29.142,48.492,136.433,130.272,139.08,213.22,65.66,184.88,130.64
6695,605257.122216,67.974,62,-135.681,28.757,50.027,133.396,132.563,138.07,212.57,67.74,180.23,132.96
6696,605257.124775,68.171,64,-134.053,28.69,50.851,136.757,131.277,140.4,212.66,68.78,184.91,131.61
6697,605257.130162,69.06,58,-132.955,30.509,47.693,133.449,129.48,141.73,215.0,64.49,180.72,129.88
6698,605257.133305,68.328,67,-133.874,29.567,50.088,135.634,131.93,140.53,213.73,67.71,184.06,132.31
6699,605257.141662,68.437,62,-133.186,28.507,50.656,137.83,131.25,141.46,212.29,68.5,186.99,131.63
6700,605257.15419,67.766,59,-132.351,29.791,50.84,134.359,130.645,142.65,214.11,68.75,182.04,130.99
6701,605257.156966,69.441,59,-133.612,29.097,48.213,137.29,130.132,141.02,213.21,65.25,185.58,130.5
6702,605257.166463,68.028,60,-134.333,29.184,50.208,134.192,132.112,139.85,213.13,67.97,181.59,132.53
6703,605257.169623,68.33,60,-133.885,28.591,50.925,137.914,131.137,140.52,212.39,68.86,187.1,131.49
6704,605257.173869,68.802,60,-133.951,29.585,48.3,133.576,129.722,140.48,213.83,65.34,180.46,130.07
6705,605257.177111,68.104,67,-135.057,28.91,50.363,135.046,132.018,138.96,212.86,68.08,183.05,132.42
6706,605257.182092,68.259,59,-134.684,28.885,51.126,138.022,130.935,139.44,212.8,69.11,187.23,131.33
6707,605257.189466,69.07,58,-135.291,29.266,48.136,134.749,129.876,138.85,213.63,65.28,181.4,130.16
6708,605257.193517,67.924,65,-136.376,28.801,50.452,134.238,131.854,137.14,212.67,68.18,181.96,132.27
6709,605257.19753,68.18,63,-136.133,28.338,51.142,137.594,130.809,137.5,212.06,69.12,186.59,131.21
6710,605257.200885,69.824,54,-136.976,28.35,47.897,138.869,129.87,136.41,212.12,64.76,187.93,130.25
6711,605257.206191,67.976,65,-137.626,28.181,50.319,134.185,132.029,135.46,211.8,68.08,181.43,132.47
6712,605257.209582,68.41,61,-136.871,28.704,50.939,138.437,130.773,136.55,212.59,68.85,187.52,131.2
6713,605257.217433,69.1,57,-136.532,29.638,47.915,134.315,129.455,136.99,213.95,64.94,181.31,129.8
6714,605257.2215,68.105,66,-138.022,28.304,50.335,134.98,131.702,134.94,212.0,68.0,182.96,132.12
6715,605257.224961,68.418,64,-137.48,28.387,50.622,137.619,130.786,135.71,212.15,68.4,186.48,131.19
6716,605257.233034,67.623,61,-137.509,28.963,50.38,132.337,131.183,135.65,212.89,68.12,179.25,131.63
6717,605257.242862,68.45,60,-137.385,28.651,50.594,137.741,130.464,135.84,212.5,68.36,186.71,130.88
6718,605257.245797,69.641,52,-139.61,27.327,47.218,135.723,130.427,132.73,210.61,63.75,184.03,130.83
6719,605257.249357,68.207,61,-138.302,28.265,50.146,135.07,131.512,134.56,211.94,67.74,183.04,131.94
6720,605257.253264,68.211,57,-138.216,27.812,50.196,135.23,130.917,134.55,211.24,67.83,182.78,131.39
6721,605257.258098,69.541,58,-136.582,29.678,46.991,134.436,129.044,136.94,213.95,63.51,181.79,129.42
6722,605257.26116,68.374,66,-137.848,28.436,49.7,134.856,131.472,135.24,212.2,67.21,182.77,131.86
6723,605257.269251,68.495,60,-137.204,28.779,50.403,137.498,130.456,135.97,212.59,68.13,186.03,130.9
6724,605257.274423,70.907,52,-136.848,29.042,46.682,142.71,129.811,136.6,213.06,63.09,193.41,130.22
6725,605257.276733,67.917,56,-137.754,28.069,49.921,132.787,131.556,135.34,211.8,67.47,179.95,132.13
6726,605257.281706,68.889,60,-136.018,29.307,49.757,138.145,130.271,137.67,213.39,67.25,187.28,130.67
6727,605257.285147,69.799,53,-137.647,28.142,46.624,135.02,130.584,135.48,211.83,62.99,182.96,131.02
6728,605257.293456,68.745,55,-136.025,28.897,49.516,136.588,131.102,137.64,212.81,67.0,184.44,131.5
6729,605257.297536,68.908,56,-135.607,29.188,49.519,137.607,130.402,138.31,213.34,66.97,185.65,130.77
6730,605257.301286,71.055,52,-135.283,29.326,46.209,142.333,130.12,138.71,213.46,62.45,193.38,130.48
6731,605257.305048,68.767,58,-135.504,28.907,49.306,136.145,131.18,138.33,212.83,66.64,184.68,131.57
6732,605257.310177,69.09,61,-134.853,29.443,49.35,138.273,130.359,139.23,213.57,66.71,187.54,130.75
6733,605257.32231,68.846,62,-134.814,28.96,49.266,136.52,131.076,139.26,212.9,66.59,185.19,131.46
6734,605257.326224,69.095,61,-134.671,29.576,49.103,137.613,130.365,139.56,213.82,66.42,186.2,130.75
6735,605257.32886,70.924,56,-134.928,29.239,46.058,140.923,130.483,139.06,213.26,62.26,191.03,130.87
6736,605257.334811,69.116,59,-134.933,28.873,48.682,136.564,131.158,139.13,212.8,65.82,184.97,131.56
6737,605257.337458,69.254,59,-134.995,29.574,48.837,137.869,130.498,138.94,213.66,66.04,186.53,130.89
6738,605257.345557,70.784,55,-135.042,29.348,46.28,140.614,130.407,138.95,213.43,62.55,190.79,130.78
6739,605257.349457,68.819,60,-135.521,28.507,48.855,135.215,131.443,138.23,212.24,66.04,182.96,131.84
6740,605257.353159,69.314,59,-135.151,30.027,48.793,138.128,130.252,138.8,214.33,65.96,187.11,130.62
6741,605257.358344,70.861,53,-135.1,29.725,46.437,141.637,130.64,138.89,213.96,62.75,192.28,131.02
6742,605257.360959,68.879,57,-135.986,28.107,48.839,135.539,131.365,137.73,211.79,66.05,183.27,131.78
6743,605257.369793,69.288,60,-135.419,29.844,48.63,137.501,130.142,138.48,214.13,65.75,186.13,130.54
6744,605257.373195,71.169,55,-135.842,29.823,45.912,142.237,130.556,137.83,214.04,62.06,192.58,130.95
6745,605257.377144,68.911,56,-136.787,28.567,48.88,135.845,131.38,136.54,212.32,66.06,183.95,131.81
6746,605257.381113,69.463,58,-136.245,29.758,48.676,138.75,130.271,137.36,214.0,65.78,188.18,130.67
6747,605257.385892,71.205,54,-136.548,29.485,45.811,142.191,130.647,136.94,213.63,61.9,192.84,131.03
6748,605257.393495,69.01,56,-137.378,28.189,48.705,135.972,131.336,135.75,211.8,65.82,184.1,131.75
6749,605257.397531,69.536,59,-136.795,29.221,48.544,138.848,130.485,136.55,213.21,65.6,187.97,130.88
6750,605257.405902,69.259,56,-137.418,28.433,49.007,138.384,131.014,135.8,212.19,66.32,187.16,131.41
6751,605257.410319,68.891,56,-136.515,29.715,48.543,134.789,129.812,137.05,214.01,65.6,182.45,130.19
6752,605257.414442,71.007,56,-137.413,28.728,45.377,139.429,131.114,135.62,212.5,61.37,187.84,131.57
6753,605257.42183,69.463,60,-137.681,27.919,48.29,137.65,131.209,135.4,211.49,65.24,186.69,131.61
6754,605257.425363,69.541,60,-137.04,28.658,47.971,137.239,130.6,136.28,212.5,64.82,186.04,131.01
6755,605257.429514,71.464,54,-137.717,28.512,44.852,141.091,130.841,135.36,212.31,60.59,191.39,131.22
6756,605257.434924,69.666,54,-137.326,28.583,48.308,139.018,131.208,135.86,212.39,65.32,187.87,131.61
6757,605257.437226,68.925,56,-136.599,28.617,48.253,134.187,130.231,136.91,212.46,65.25,180.85,130.53
6758,605257.445311,71.623,50,-136.992,28.388,44.607,141.485,131.301,136.28,212.11,60.29,191.54,131.69
6759,605257.450271,69.786,55,-136.833,28.63,48.069,139.116,131.19,136.52,212.44,65.01,188.0,131.59
6760,605257.452748,68.812,62,-137.215,27.705,48.224,133.428,131.152,136.07,211.23,65.16,180.53,131.64
6761,605257.458544,71.398,50,-136.037,28.893,44.502,139.508,131.152,137.74,212.92,60.17,188.27,131.52
6762,605257.461944,69.583,57,-136.121,29.061,48.211,138.2,131.285,137.4,212.98,65.17,186.73,131.74
6763,605257.469326,69.373,60,-135.747,28.276,48.072,136.456,130.784,137.91,211.92,64.97,184.75,131.22
6764,605257.474011,70.724,50,-134.184,29.943,44.529,134.885,131.239,139.98,214.22,60.21,182.83,131.48
6765,605257.477772,69.835,58,-135.248,29.17,47.956,139.113,131.258,138.67,213.19,64.82,188.67,131.64
6766,605257.481184,69.588,62,-135.059,28.571,47.852,137.206,130.898,138.89,212.34,64.7,185.9,131.27
6767,605257.498573,69.381,62,-134.805,28.528,48.023,136.37,130.923,139.24,212.29,64.99,184.07,131.33
6768,605257.501438,70.701,50,-133.37,30.226,44.469,134.551,131.388,141.16,214.63,60.12,182.26,131.69
6769,605257.505436,69.576,55,-135.053,29.072,48.144,137.962,131.448,139.17,213.21,65.19,186.7,131.77
6770,605257.510692,69.092,65,-135.521,27.783,47.844,134.067,131.298,138.2,211.24,64.67,181.52,131.74
6771,605257.513291,71.132,57,-134.825,28.258,44.883,138.792,131.751,139.27,212.0,60.66,188.18,132.11
6772,605257.521136,70.138,55,-134.769,28.741,47.741,140.515,131.562,139.32,212.62,64.53,190.69,131.94
6773,605257.525282,69.456,58,-135.074,29.021,48.045,136.906,130.868,138.87,212.94,64.95,185.47,131.24
6774,605257.52933,71.139,54,-135.434,28.889,45.315,140.176,132.29,138.34,212.78,61.26,189.11,132.65
6775,605257.532814,68.88,55,-134.44,29.304,48.453,134.473,131.401,139.76,213.39,65.5,182.3,131.75
6776,605257.537756,68.913,60,-136.417,28.355,47.841,132.972,131.188,137.03,212.04,64.66,180.08,131.62
6777,605257.54536,70.801,58,-135.732,28.913,45.643,138.797,132.168,138.08,212.92,61.67,188.02,132.51
6778,605257.549766,69.85,57,-135.656,28.419,47.89,139.021,131.712,138.12,212.16,64.72,188.56,132.1
6779,605257.55356,69.581,56,-135.561,29.339,47.575,136.366,130.981,138.38,213.56,64.39,183.68,131.32
6780,605257.557254,71.156,59,-135.758,29.193,45.555,141.04,132.152,138.0,213.25,61.55,191.41,132.53
6781,605257.562267,69.318,56,-135.762,28.451,48.443,137.161,131.752,137.99,212.23,65.46,185.98,132.14
6782,605257.565584,69.776,61,-135.623,29.542,47.612,137.728,130.95,138.19,213.71,64.34,186.86,131.35
6783,605257.574391,70.689,60,-135.82,29.293,46.116,139.452,132.22,137.92,213.38,62.31,189.2,132.6
6784,605257.587026,71.027,54,-136.066,29.205,45.908,141.203,132.181,137.59,213.27,62.02,191.63,132.56
6785,605257.589501,69.377,58,-136.2,28.29,48.777,138.484,131.9,137.39,212.0,65.91,187.86,132.29
6786,605257.598353,69.471,61,-135.682,29.349,48.185,137.406,130.802,138.11,213.43,65.17,186.14,131.21
6787,605257.601703,70.575,60,-135.852,29.322,46.482,139.761,132.371,137.87,213.43,62.82,189.23,132.76
6788,605257.605784,69.25,56,-135.799,28.208,48.918,138.069,131.747,137.99,211.97,66.17,186.26,132.1
6789,605257.609288,68.986,55,-135.151,29.466,48.196,134.4,130.684,138.88,213.68,65.15,181.95,131.04
6790,605257.614585,70.777,58,-135.849,28.998,46.231,140.416,132.462,137.91,213.02,62.48,190.25,132.83
6791,605257.622172,69.369,59,-135.783,28.293,49.052,139.217,131.776,137.92,211.99,66.31,188.38,132.16
6792,605257.625523,69.505,58,-135.249,29.323,48.187,137.627,130.735,138.7,213.42,65.13,186.72,131.14
6793,605257.629155,70.473,58,-135.654,29.021,46.786,139.974,132.591,138.1,212.96,63.22,189.72,132.95
6794,605257.632993,69.081,58,-135.778,27.889,48.792,136.651,131.898,137.68,211.23,66.0,184.17,132.36
6795,605257.638612,69.115,59,-135.916,28.195,47.897,134.356,131.124,137.38,211.61,64.79,180.58,131.69
6796,605257.64267,70.808,58,-135.501,28.84,46.13,140.322,132.525,138.39,212.81,62.34,190.21,132.91
6797,605257.650647,69.238,57,-135.494,28.416,48.955,138.104,131.88,138.33,212.16,66.15,187.35,132.27
6798,605257.653209,69.252,57,-134.857,29.1,48.201,136.061,130.725,139.25,213.15,65.22,183.76,131.06
6799,605257.657593,70.287,56,-135.317,28.914,46.611,138.183,132.618,138.53,212.85,63.01,186.7,132.99
6800,605257.665303,68.842,61,-135.774,28.526,48.269,133.73,131.315,137.8,212.2,65.26,180.81,131.77
6801,605257.675413,70.307,59,-135.401,28.946,46.589,138.257,132.383,138.43,212.85,63.01,186.82,132.75
6802,605257.678348,69.257,58,-135.178,28.979,49.085,138.586,131.727,138.85,213.01,66.36,187.57,132.11
6803,605257.681632,68.365,60,-134.935,29.429,48.887,132.596,130.87,139.08,213.54,66.08,179.74,131.25
6804,605257.685426,70.461,58,-135.358,29.118,46.828,140.016,132.532,138.54,213.15,63.27,190.04,132.91
6805,605257.690298,69.12,58,-135.481,28.904,49.533,138.974,131.653,138.44,212.89,66.97,188.04,132.05
6806,605257.698277,68.308,66,-136.208,28.601,49.189,133.08,131.124,137.34,212.39,66.47,180.35,131.55
6807,605257.701354,70.315,53,-135.716,29.099,47.122,139.889,132.502,138.06,213.12,63.66,189.88,132.88
6808,605257.706238,68.641,57,-135.955,28.919,50.024,137.348,131.563,137.73,212.85,67.62,185.97,131.99
6809,605257.71426,69.649,57,-136.182,28.978,47.579,136.813,132.306,137.47,213.0,64.31,185.17,132.67
6810,605257.717109,68.848,58,-136.041,29.192,50.013,138.601,131.5,137.6,213.21,67.58,187.97,131.9
6811,605257.725628,68.248,64,-135.608,29.215,49.467,133.481,130.286,138.25,213.3,66.9,180.43,130.65
6812,605257.729777,69.966,57,-136.591,28.243,47.718,139.287,132.582,136.89,211.97,64.46,188.99,132.97
6813,605257.73338,69.0,56,-136.031,29.409,50.055,139.677,131.237,137.58,213.47,67.7,188.4,131.63
6814,605257.736991,68.268,61,-135.23,29.08,49.302,133.152,130.246,138.64,213.03,66.68,180.34,130.6
6815,605257.741954,69.447,59,-136.242,27.972,47.945,136.563,132.301,137.29,211.53,64.81,184.77,132.67
6816,605257.749679,68.817,59,-135.826,29.151,50.115,138.691,131.138,137.95,213.16,67.78,187.69,131.51
6817,605257.76229,69.047,59,-135.435,28.936,49.977,139.753,131.125,138.49,212.91,67.56,189.35,131.54
6818,605257.76504,68.55,62,-134.98,29.272,48.901,133.723,129.972,139.09,213.38,66.12,181.05,130.35
6819,605257.770779,69.479,61,-135.746,28.371,48.19,137.472,132.401,138.03,212.14,65.11,186.53,132.79
6820,605257.778192,69.091,57,-135.344,28.877,49.88,139.765,131.206,138.54,212.79,67.5,188.34,131.64
6821,605257.781592,68.758,62,-135.12,28.769,48.935,135.067,130.354,138.87,212.66,66.16,183.07,130.74
6822,605257.785152,69.557,62,-135.593,28.214,48.03,137.513,132.335,138.18,211.87,64.96,185.92,132.69
6823,605257.790148,68.361,57,-134.476,29.776,50.108,135.88,130.822,139.86,214.16,67.76,183.55,131.17
6824,605257.793178,68.864,63,-134.907,28.506,49.158,136.329,130.493,139.14,212.28,66.47,184.83,130.89
6825,605257.802341,69.563,57,-135.13,28.269,47.937,137.283,132.31,138.82,211.96,64.79,186.03,132.66
6826,605257.805249,68.463,56,-134.054,30.054,50.115,136.514,130.723,140.28,214.36,67.84,184.43,131.11
6827,605257.810494,68.691,64,-134.519,28.71,49.266,135.573,130.287,139.63,212.52,66.63,183.63,130.67
6828,605257.813032,69.238,62,-134.995,28.06,48.581,137.045,132.398,138.93,211.61,65.67,185.7,132.76
6829,605257.818911,68.376,58,-133.97,29.83,50.364,136.666,130.714,140.4,214.1,68.16,184.25,131.07
6830,605257.826632,68.635,61,-134.193,29.32,49.03,134.583,130.04,140.23,213.53,66.31,181.72,130.36
6831,605257.82914,69.078,63,-135.125,28.189,48.807,136.674,132.186,138.85,211.87,65.96,185.42,132.57
6832,605257.833799,68.244,57,-134.033,29.945,50.394,135.962,130.61,140.39,214.33,68.14,184.01,130.96
6833,605257.846044,68.7,61,-134.844,29.415,50.497,139.015,130.812,139.29,213.57,68.29,188.22,131.21
6834,605257.853688,68.906,63,-135.081,28.753,48.95,136.011,130.165,138.88,212.61,66.21,184.05,130.57
6835,605257.858247,68.508,68,-135.743,27.981,49.488,135.074,132.067,138.01,211.57,66.88,183.18,132.46
6836,605257.861245,68.763,60,-135.187,29.366,50.379,139.079,130.813,138.72,213.42,68.1,188.4,131.23
6837,605257.86665,69.093,62,-135.847,28.875,48.715,136.511,129.89,137.79,212.7,65.9,184.64,130.29
6838,605257.869209,68.507,66,-136.402,28.203,49.628,135.456,132.094,137.12,211.87,67.06,183.69,132.49
6839,605257.878087,68.59,62,-135.822,29.401,50.649,138.747,130.707,137.9,213.49,68.5,187.61,131.11
6840,605257.882273,69.25,60,-135.989,29.106,48.571,137.092,129.869,137.63,213.05,65.68,185.53,130.28
6841,605257.885464,68.397,61,-137.095,28.017,49.447,134.305,131.933,136.11,211.56,66.82,181.8,132.37
6842,605257.889241,68.804,62,-136.266,29.249,50.25,138.982,130.72,137.26,213.25,67.93,188.13,131.14
6843,605257.893518,68.725,59,-136.347,29.702,48.855,134.642,129.234,137.17,213.87,66.02,182.52,129.66
6844,605257.902344,68.396,67,-137.207,28.734,49.829,135.336,131.887,136.08,212.62,67.34,183.35,132.3
6845,605257.905071,68.627,61,-136.506,29.181,50.636,138.941,130.49,136.97,213.15,68.56,187.4,130.86
6846,605257.909479,68.848,60,-135.966,29.907,48.294,133.836,129.141,137.77,214.29,65.36,180.98,129.49
6847,605257.913389,68.415,64,-137.589,28.455,49.366,134.191,131.784,135.39,212.11,66.72,181.42,132.24
6848,605257.931023,68.567,69,-136.987,28.559,49.448,135.322,131.613,136.33,212.35,66.82,183.48,132.01
6849,605257.934496,68.625,56,-136.404,29.681,50.082,137.411,130.364,137.14,213.89,67.69,186.07,130.77
6850,605257.937087,69.159,58,-135.446,29.842,48.004,134.928,129.386,138.68,214.38,64.92,181.79,129.67
6851,605257.942366,68.942,68,-136.368,28.481,48.775,135.748,131.366,137.15,212.23,65.93,183.91,131.77
6852,605257.944947,68.871,58,-135.777,29.706,49.713,137.909,130.207,137.98,213.93,67.23,186.47,130.61
6853,605257.953865,69.374,58,-135.324,29.78,47.698,135.406,129.239,138.85,214.26,64.6,182.11,129.54
6854,605257.957244,68.691,66,-136.47,28.328,49.032,134.927,131.559,137.04,212.04,66.29,182.62,131.97
6855,605257.961065,69.117,58,-135.474,29.769,49.525,138.933,130.085,138.4,214.01,66.94,188.34,130.48
6856,605257.966192,70.13,54,-135.53,29.049,47.161,138.751,129.804,138.42,213.09,63.8,187.95,130.18
6857,605257.969,68.945,62,-136.108,27.906,48.665,135.455,131.387,137.48,211.43,65.79,183.46,131.79
6858,605257.977694,69.305,56,-135.189,29.243,49.166,139.126,130.332,138.79,213.31,66.46,188.68,130.73
6859,605257.981452,69.708,56,-134.694,30.01,46.785,134.906,128.942,139.46,214.38,63.27,182.45,129.32
6860,605257.985558,68.675,69,-136.143,28.437,48.902,134.471,131.591,137.47,212.19,66.08,182.35,131.99
6861,605257.989033,69.211,59,-135.268,29.206,49.278,138.837,130.283,138.72,213.28,66.63,188.05,130.69
6862,605257.994718,69.804,56,-134.68,29.8,46.52,134.747,129.302,139.62,214.21,62.9,182.25,129.62
6863,605257.998117,69.216,65,-135.843,28.554,48.168,135.743,131.331,137.84,212.33,65.1,183.95,131.74
6864,605258.005722,69.576,61,-135.33,29.203,48.471,138.896,130.441,138.5,213.2,65.54,187.83,130.85
6865,605258.014144,69.344,63,-136.102,28.941,47.975,135.999,131.35,137.52,212.87,64.83,184.43,131.74
6866,605258.019059,69.236,55,-135.915,29.108,48.803,137.663,130.512,137.64,213.01,65.94,186.24,130.97
6867,605258.021399,70.861,53,-136.249,29.008,45.924,140.068,129.729,137.31,212.95,62.06,190.02,130.11
6868,605258.030517,69.081,54,-136.483,28.691,48.278,135.211,131.516,137.15,212.67,65.29,182.67,131.88
6869,605258.033299,69.456,58,-135.732,29.399,48.702,138.784,130.271,138.04,213.51,65.82,188.22,130.66
6870,605258.037493,70.563,52,-135.639,29.544,45.952,138.087,129.552,138.19,213.73,62.11,187.13,129.92
6871,605258.041063,69.501,58,-136.438,28.644,48.031,137.155,131.318,137.1,212.49,64.89,186.25,131.69
6872,605258.045901,69.729,58,-135.68,29.259,48.11,138.859,130.39,138.09,213.3,65.03,188.16,130.79
6873,605258.054456,70.983,51,-136.39,28.904,45.5,139.636,129.837,137.02,212.75,61.55,188.13,130.31
6874,605258.057369,69.595,56,-136.469,28.758,47.709,136.839,131.466,137.11,212.69,64.48,185.5,131.83
6875,605258.061484,69.815,58,-135.672,29.125,48.085,139.353,130.458,138.17,213.17,65.0,188.8,130.86
6876,605258.065188,70.897,53,-136.325,28.747,45.227,138.195,130.278,137.16,212.59,61.16,186.74,130.7
6877,605258.070302,69.545,59,-136.226,28.684,47.56,136.089,131.562,137.36,212.55,64.26,184.46,131.94
6878,605258.073062,69.837,59,-135.29,29.238,47.885,138.921,130.619,138.64,213.29,64.72,188.41,131.01
6879,605258.082049,70.448,55,-134.453,30.089,45.126,134.84,129.625,139.8,214.51,61.01,182.33,129.95
6880,605258.086649,69.315,59,-136.255,28.42,47.48,134.418,131.867,137.29,212.13,64.25,181.66,132.28
6881,605258.089154,69.669,56,-135.04,29.138,47.888,137.832,130.754,138.85,213.07,64.75,186.48,131.18
6882,605258.097547,69.8,58,-135.271,28.857,47.348,137.123,131.51,138.63,212.76,63.98,186.07,131.89
6883,605258.107347,69.851,61,-134.549,29.391,47.566,138.085,130.605,139.63,213.5,64.3,187.33,130.99
6884,605258.109842,71.224,54,-134.898,29.089,44.868,139.402,130.387,139.1,213.06,60.65,188.92,130.77
6885,605258.113072,69.937,60,-135.194,28.813,46.939,136.826,131.646,138.73,212.69,63.48,185.42,132.03
6886,605258.12205,71.378,57,-135.076,29.187,44.784,140.249,130.531,138.91,213.22,60.53,190.24,130.9
6887,605258.130478,70.005,58,-135.578,28.556,47.013,137.489,131.723,138.22,212.36,63.53,186.49,132.1
6888,605258.133299,70.05,58,-135.492,29.422,47.419,138.975,130.767,138.32,213.49,64.09,188.34,131.14
6889,605258.137357,71.17,53,-135.669,28.849,44.976,139.345,130.887,138.1,212.76,60.77,189.03,131.26
6890,605258.140808,69.914,55,-136.249,27.68,46.979,136.794,131.862,137.28,211.14,63.49,185.42,132.26
6891,605258.145715,70.104,59,-135.786,29.265,47.155,138.566,130.78,137.98,213.35,63.77,187.28,131.17
6892,605258.14902,71.46,56,-135.905,29.156,44.853,141.059,130.962,137.79,213.18,60.61,191.32,131.34
6893,605258.157463,69.435,57,-136.211,28.243,47.422,135.0,131.668,137.59,212.16,64.21,181.65,131.94
6894,605258.161539,69.469,55,-137.203,28.419,47.187,134.546,131.087,135.87,212.06,63.8,181.57,131.58
6895,605258.165045,71.734,56,-136.277,29.168,44.401,141.66,131.272,137.32,213.22,59.99,192.14,131.65
6896,605258.169768,69.937,57,-137.05,27.715,47.026,137.078,131.916,136.37,211.32,63.6,185.46,132.27
6897,605258.173135,70.311,58,-136.714,28.665,46.8,138.906,131.077,136.67,212.49,63.3,187.57,131.47
6898,605258.181509,72.13,48,-136.997,28.716,43.919,143.127,131.342,136.21,212.48,59.4,192.81,131.75
6899,605258.193582,72.174,48,-137.208,28.282,43.793,143.057,131.775,135.99,211.95,59.17,194.29,132.17
6900,605258.197618,70.212,55,-137.318,27.782,46.746,138.084,132.204,135.82,211.26,63.18,186.91,132.61
6901,605258.205997,70.26,58,-137.066,28.205,46.594,137.954,131.572,136.17,211.83,62.94,187.11,131.98
6902,605258.210347,71.87,52,-137.284,28.239,43.89,141.046,131.714,135.82,211.86,59.29,190.99,132.12
6903,605258.213373,70.136,55,-137.162,27.992,46.879,137.965,132.416,136.1,211.62,63.38,186.29,132.84
6904,605258.21668,70.16,61,-136.659,28.23,46.944,138.316,131.568,136.78,211.91,63.55,186.83,131.96
6905,605258.222274,72.062,51,-136.663,28.299,43.791,142.187,131.987,136.76,212.02,59.15,192.98,132.36
6906,605258.225871,70.097,54,-136.834,27.882,47.027,138.137,132.476,136.51,211.43,63.53,187.4,132.86
6907,605258.234194,70.133,60,-136.229,28.127,46.965,138.196,131.806,137.31,211.74,63.49,187.17,132.2
6908,605258.237667,70.783,54,-135.152,29.212,44.276,134.516,131.951,138.84,213.36,59.77,182.39,132.24
6909,605258.241653,69.926,60,-136.345,27.855,47.12,137.28,132.609,137.09,211.33,63.69,185.76,133.02
6910,605258.245134,70.143,57,-135.805,27.965,46.95,138.221,132.036,137.94,211.58,63.44,187.52,132.42
6911,605258.25034,71.675,54,-136.415,27.503,44.23,140.68,132.326,137.08,210.93,59.75,190.91,132.69
6912,605258.258416,70.096,55,-136.155,27.94,46.926,137.833,132.798,137.46,211.55,63.42,186.69,133.17
6913,605258.261474,70.064,59,-135.649,27.674,47.248,138.57,132.211,138.11,211.13,63.87,188.04,132.6
6914,605258.265919,72.079,49,-136.031,27.745,43.817,142.402,132.369,137.62,211.29,59.2,193.24,132.73
6915,605258.274775,69.738,57,-135.459,27.441,47.527,137.238,132.08,138.35,210.81,64.25,186.21,132.48
6916,605258.279047,71.415,54,-135.52,27.497,44.381,139.251,132.689,138.31,210.96,60.01,188.34,133.04
6917,605258.28698,69.111,57,-134.746,28.755,47.838,134.169,132.684,139.27,212.62,64.7,181.92,132.98
6918,605258.289783,69.606,63,-135.606,27.958,47.868,137.366,132.288,138.2,211.56,64.68,186.43,132.68
6919,605258.293565,71.277,52,-135.85,28.1,44.809,139.598,132.837,137.87,211.78,60.54,189.31,133.19
6920,605258.297626,68.747,52,-137.462,26.995,48.092,132.671,133.106,135.64,210.23,64.96,179.94,133.55
6921,605258.301889,69.425,60,-135.802,28.07,48.105,136.884,132.22,137.91,211.66,65.05,185.64,132.63
6922,605258.309785,70.888,52,-136.074,28.217,45.203,138.061,132.784,137.77,212.1,61.1,186.4,133.18
6923,605258.313506,69.31,58,-136.535,28.248,48.639,137.666,132.86,136.94,211.94,65.7,186.75,133.25
6924,605258.317293,68.657,67,-137.348,27.056,48.669,133.727,132.671,135.79,210.29,65.75,181.23,133.1
6925,605258.321549,70.952,57,-136.614,27.965,45.407,139.132,132.917,136.8,211.54,61.35,188.42,133.27
6926,605258.326091,68.621,56,-136.133,29.205,49.066,134.602,132.329,137.43,213.22,66.3,182.29,132.72
6927,605258.334628,68.859,64,-137.045,27.531,49.253,136.562,132.137,136.23,210.93,66.56,185.04,132.53
6928,605258.337674,70.528,54,-137.034,27.935,45.983,137.941,132.867,136.34,211.63,62.09,186.84,133.2
6929,605258.340931,69.246,59,-137.252,28.234,49.251,138.987,132.546,135.98,211.89,66.63,188.21,132.94
6930,605258.344887,68.396,59,-137.849,27.355,49.551,134.581,132.202,135.01,210.61,66.97,181.86,132.68
6931,605258.362325,68.621,64,-137.31,27.529,49.685,136.294,131.918,135.87,210.94,67.12,184.73,132.34
6932,605258.365798,69.949,51,-136.963,28.18,46.702,136.216,132.517,136.46,211.92,63.24,183.52,132.87
6933,605258.369109,68.771,58,-137.128,28.384,50.063,138.256,132.33,136.14,212.12,67.63,187.43,132.73
6934,605258.374403,67.902,61,-136.127,28.544,50.027,132.983,131.14,137.51,212.36,67.61,180.22,131.52
6935,605258.377687,70.308,55,-136.764,27.811,47.02,139.541,132.927,136.63,211.36,63.52,188.97,133.27
6936,605258.385977,68.646,58,-136.41,28.459,50.412,138.447,132.054,137.14,212.26,68.12,187.6,132.44
6937,605258.38996,68.437,61,-136.168,27.812,50.054,136.193,131.526,137.41,211.3,67.67,184.48,131.91
6938,605258.393067,70.214,51,-136.24,27.611,47.431,140.12,132.926,137.3,211.0,64.12,189.84,133.32
6939,605258.397646,68.47,59,-135.689,28.273,50.588,137.844,132.106,138.07,211.96,68.37,186.91,132.5
6940,605258.402908,67.731,60,-135.781,27.78,50.461,133.155,131.584,137.77,211.2,68.16,180.18,132.09
6941,605258.410152,70.497,51,-135.3,28.147,47.269,141.585,133.065,138.67,211.85,63.94,191.75,133.47
6942,605258.413609,67.586,55,-133.775,29.635,50.936,133.585,131.714,140.64,213.82,68.86,181.15,132.07
6943,605258.417799,68.085,68,-134.31,28.156,50.262,134.666,131.312,139.88,211.75,67.99,182.3,131.7
6944,605258.421855,69.219,52,-133.485,29.177,47.579,134.099,132.169,140.97,213.21,64.3,182.09,132.44
6945,605258.426074,68.355,61,-133.919,28.7,50.614,137.218,131.997,140.48,212.58,68.43,185.98,132.37
6946,605258.434999,67.919,67,-133.682,28.533,50.602,134.609,131.137,140.79,212.32,68.43,182.54,131.52
6947,605258.446119,68.053,65,-133.376,28.508,50.334,134.675,131.127,141.13,212.26,68.05,182.52,131.55
6948,605258.450206,69.506,56,-133.615,28.286,48.297,137.95,132.514,140.91,212.03,65.31,186.73,132.86
6949,605258.453526,68.266,58,-133.426,28.807,50.992,137.707,131.883,141.13,212.69,69.01,186.52,132.28
6950,605258.462094,67.372,62,-133.12,29.463,50.9,132.293,130.763,141.54,213.59,68.84,179.41,131.14
6951,605258.465288,69.332,56,-133.959,29.014,48.548,137.548,132.631,140.47,213.07,65.62,186.39,132.97
6952,605258.471164,67.533,55,-133.469,29.491,51.564,134.93,131.208,141.23,213.82,69.7,182.34,131.51
6953,605258.472814,67.782,68,-134.475,28.776,50.807,134.364,130.78,139.75,212.69,68.7,182.1,131.16
6954,605258.478434,68.915,54,-136.012,27.831,48.843,135.767,132.871,137.41,211.2,66.03,183.24,133.33
6955,605258.48668,68.164,57,-135.319,28.557,50.996,137.102,131.617,138.52,212.29,68.94,185.7,132.01
6956,605258.490029,68.005,63,-135.788,29.388,50.663,135.272,130.377,137.91,213.4,68.54,183.17,130.78
6957,605258.493343,69.384,54,-136.301,29.166,49.111,139.48,132.383,137.3,213.23,66.34,189.35,132.79
6958,605258.497274,67.524,58,-137.17,27.764,51.785,135.455,131.685,135.98,211.2,69.97,183.3,132.16
6959,605258.501802,67.694,63,-137.937,28.415,50.471,132.975,130.64,134.92,212.04,68.23,179.83,131.15
6960,605258.505694,68.893,60,-137.593,28.907,49.581,137.683,132.289,135.53,212.81,67.01,186.3,132.68
6961,605258.514601,67.358,60,-138.59,27.304,51.507,133.793,131.859,134.16,210.65,69.57,181.41,132.33
6962,605258.517763,67.995,63,-138.157,28.412,50.306,134.258,130.439,134.65,212.05,68.0,181.67,130.93
6963,605258.521584,68.7,57,-137.86,29.011,49.38,135.939,132.035,135.26,213.07,66.73,183.84,132.41
6964,605258.538263,68.386,62,-139.479,27.873,49.11,133.322,132.871,132.93,211.39,66.3,180.65,133.31
6965,605258.541352,68.075,67,-137.985,27.719,51.107,136.875,131.268,135.06,211.22,69.15,185.19,131.7
6966,605258.546303,68.465,58,-137.019,28.858,49.735,135.493,129.948,136.21,212.64,67.24,183.31,130.34
6967,605258.549046,69.226,60,-137.596,28.53,48.741,137.42,132.216,135.53,212.26,66.01,185.64,132.61
6968,605258.554053,67.677,57,-136.01,29.511,50.966,134.18,130.577,137.68,213.68,68.87,181.82,130.95
6969,605258.5618,68.229,61,-136.112,29.549,49.706,134.015,129.689,137.61,213.78,67.21,181.26,130.06
6970,605258.565978,69.331,62,-136.746,28.928,48.706,137.991,132.031,136.65,212.82,65.89,186.77,132.43
6971,605258.569718,67.939,62,-135.408,29.543,50.483,134.41,130.423,138.55,213.79,68.24,181.88,130.78
6972,605258.572649,68.534,59,-136.214,29.07,49.243,134.564,130.395,137.43,213.06,66.6,182.45,130.77
6973,605258.577268,69.586,58,-135.757,29.462,48.281,138.417,131.923,138.02,213.6,65.28,187.56,132.33
6974,605258.581113,67.857,60,-134.639,29.808,50.648,134.372,130.503,139.58,214.14,68.48,181.82,130.87
6975,605258.589862,68.523,60,-136.414,28.947,48.703,133.022,130.527,137.04,212.84,65.81,180.25,130.96
6976,605258.594137,69.026,61,-135.271,29.487,48.964,136.793,131.877,138.66,213.61,66.19,185.28,132.26
6977,605258.597046,68.671,63,-134.78,28.892,50.149,137.876,130.913,139.31,212.81,67.79,187.04,131.3
6978,605258.602739,68.577,60,-135.944,28.874,48.532,132.875,130.652,137.8,212.83,65.62,180.09,131.03
6979,605258.605787,69.162,54,-134.468,30.137,48.436,136.165,131.581,139.71,214.51,65.54,183.62,131.92
6980,605258.614811,68.624,58,-134.548,28.914,50.464,138.45,130.868,139.62,212.85,68.23,187.39,131.22
6981,605258.626196,68.33,55,-135.709,27.924,49.914,135.172,131.456,137.94,211.41,67.47,182.95,131.89
6982,605258.629761,68.83,59,-134.316,29.718,48.15,133.33,129.401,139.95,213.96,65.13,180.32,129.77
6983,605258.63891,69.054,59,-136.106,28.41,48.329,135.19,132.3,137.44,212.1,65.33,182.96,132.71
6984,605258.641371,68.35,55,-134.553,29.79,50.217,136.111,130.379,139.76,214.2,67.89,183.91,130.69
6985,605258.645837,68.876,62,-136.398,28.457,48.098,133.461,130.127,137.09,212.19,65.0,180.9,130.56
6986,605258.649234,68.785,63,-136.191,28.399,49.013,135.444,132.119,137.44,212.18,66.26,183.47,132.5
6987,605258.65415,68.967,57,-136.009,28.644,49.605,138.214,131.034,137.59,212.41,67.04,187.21,131.42
6988,605258.657776,69.01,60,-135.519,29.635,47.88,133.666,129.64,138.33,213.85,64.74,180.77,130.0
6989,605258.665459,69.467,57,-136.605,28.839,47.761,136.167,131.86,136.81,212.66,64.64,184.27,132.26
6990,605258.669766,69.317,59,-136.44,28.906,49.304,139.595,130.986,137.04,212.79,66.64,189.08,131.37
6991,605258.67317,69.333,59,-137.64,28.243,47.559,134.754,130.379,135.41,211.89,64.25,182.55,130.81
6992,605258.677568,69.235,60,-137.325,28.27,48.343,136.356,132.133,135.9,211.94,65.38,184.63,132.5
6993,605258.681419,68.622,53,-136.246,29.363,49.39,135.491,130.609,137.4,213.52,66.76,183.03,130.95
6994,605258.689646,69.537,53,-136.986,28.839,47.448,135.721,129.927,136.42,212.8,64.16,183.48,130.32
6995,605258.694251,69.459,58,-137.511,28.349,47.927,136.588,132.032,135.58,212.03,64.78,184.91,132.44
6996,605258.697509,69.548,56,-136.733,28.779,49.072,140.436,130.986,136.65,212.61,66.32,190.23,131.37
6997,605258.701247,69.629,52,-136.561,28.986,47.139,135.418,129.871,136.94,212.97,63.71,183.39,130.26
6998,605258.718548,70.059,53,-136.593,28.639,46.791,137.196,130.155,136.87,212.47,63.27,185.43,130.55
6999,605258.721347,69.496,61,-136.699,28.256,47.853,136.613,132.096,136.78,211.97,64.76,184.86,132.47
7000,605258.724752,69.639,61,-136.116,28.565,48.485,139.35,131.133,137.54,212.4,65.52,188.93,131.51
7001,605258.730645,70.335,55,-136.058,28.404,46.533,138.277,130.331,137.57,212.14,62.89,187.54,130.72
7002,605258.733315,69.579,60,-136.198,28.223,47.478,136.075,132.146,137.38,211.88,64.17,184.37,132.52
7003,605258.742306,69.549,60,-135.617,28.535,48.295,138.22,131.212,138.14,212.3,65.3,187.11,131.61
7004,605258.745329,70.076,57,-135.595,28.339,46.567,136.653,130.502,138.31,212.12,63.04,184.69,130.85
7005,605258.749634,69.574,61,-135.965,28.054,47.376,135.749,132.334,137.69,211.67,64.02,184.09,132.72
7006,605258.753131,69.61,56,-135.1,28.485,48.379,138.855,131.283,138.87,212.26,65.44,187.75,131.69
7007,605258.758107,69.582,58,-134.364,29.031,46.732,133.953,130.18,139.92,213.03,63.26,181.28,130.57
7008,605258.766153,69.563,64,-135.162,28.13,47.563,136.216,132.453,138.76,211.77,64.28,184.68,132.84
7009,605258.76994,69.685,58,-134.553,28.506,48.356,139.284,131.465,139.51,212.2,65.41,188.36,131.84
7010,605258.774123,70.183,54,-134.742,28.2,46.43,136.954,130.857,139.34,211.86,62.76,185.77,131.24
7011,605258.777235,69.473,63,-134.727,28.237,47.673,135.956,132.44,139.34,211.89,64.45,184.31,132.8
7012,605258.782226,69.678,58,-134.322,28.679,48.28,139.018,131.588,139.92,212.53,65.26,188.63,131.97
7013,605258.786028,70.236,57,-134.42,28.489,46.447,137.355,130.888,139.77,212.26,62.85,185.56,131.3
7014,605258.793768,69.365,60,-134.909,27.968,47.687,135.318,132.734,139.13,211.58,64.48,183.29,133.11
7015,605258.801966,70.257,59,-134.613,28.378,46.574,137.874,131.167,139.52,212.11,62.97,187.03,131.54
7016,605258.80697,69.244,61,-135.386,27.492,48.006,135.46,132.966,138.67,211.06,64.94,183.56,133.29
7017,605258.81018,69.502,58,-134.716,29.218,48.619,138.842,131.643,139.35,213.23,65.77,187.67,132.03
7018,605258.81773,70.182,60,-135.151,28.297,46.686,137.7,131.447,138.77,211.98,63.2,185.57,131.84
7019,605258.822169,69.271,64,-135.712,27.33,48.049,135.749,132.737,138.07,210.72,64.94,183.97,133.13
7020,605258.825457,69.401,55,-135.679,28.673,48.499,137.852,131.699,137.94,212.39,65.64,185.52,132.13
7021,605258.829324,70.237,60,-136.124,28.319,46.601,137.815,131.247,137.5,212.05,63.04,186.01,131.67
7022,605258.834251,69.165,63,-136.808,27.446,48.218,135.565,132.872,136.67,210.92,65.2,183.73,133.21
7023,605258.843564,69.403,61,-136.568,28.658,48.687,138.398,131.651,136.88,212.49,65.81,187.23,132.06
7024,605258.846312,70.598,57,-136.921,28.037,46.458,139.85,131.326,136.36,211.61,62.8,189.32,131.73
7025,605258.849744,69.0,65,-137.475,27.059,48.477,135.274,132.652,135.67,210.31,65.5,183.41,133.05
7026,605258.85286,69.572,60,-137.253,28.402,48.653,139.396,131.652,135.95,212.12,65.75,188.79,132.06
7027,605258.857769,70.602,58,-137.658,28.011,46.343,139.537,131.155,135.39,211.59,62.64,188.78,131.55
7028,605258.861258,68.922,63,-138.265,27.078,48.653,135.28,132.672,134.6,210.34,65.72,183.39,133.08
7029,605258.869929,69.451,58,-137.9,28.434,48.783,138.978,131.655,135.11,212.2,65.9,188.44,132.07
7030,605258.874239,70.723,54,-138.128,27.943,46.368,140.448,131.249,134.81,211.51,62.66,189.98,131.65
7031,605258.877157,68.494,61,-138.109,27.536,48.935,133.482,132.233,134.89,211.06,66.1,180.62,132.6
7032,605258.894349,68.787,70,-138.454,26.893,48.961,135.313,132.541,134.32,210.06,66.15,183.28,132.96
7033,605258.898452,69.092,54,-137.827,28.094,49.1,137.587,131.57,135.16,211.71,66.41,185.33,131.94
7034,605258.902073,70.973,53,-137.759,28.092,45.988,141.063,131.301,135.29,211.73,62.12,191.38,131.69
7035,605258.905306,68.773,60,-138.284,27.046,49.087,135.575,132.691,134.53,210.22,66.44,183.26,133.12
7036,605258.910766,69.43,59,-137.376,28.098,49.035,139.559,131.635,135.82,211.74,66.25,189.24,132.03
7037,605258.917747,70.525,49,-137.769,27.615,45.919,137.734,132.076,135.33,211.13,62.07,186.14,132.48
7038,605258.921772,68.922,64,-137.114,27.133,48.772,135.614,132.569,136.14,210.42,65.94,183.45,132.97
7039,605258.925625,69.541,59,-136.287,27.888,48.605,139.057,131.761,137.24,211.42,65.69,188.44,132.16
7040,605258.928914,70.588,49,-135.871,28.381,45.848,137.945,131.402,138.03,212.31,62.01,186.37,131.72
7041,605258.934544,68.96,61,-136.132,27.701,48.888,136.169,132.643,137.46,211.18,66.05,184.71,133.03
7042,605258.936834,69.057,57,-135.261,28.068,49.129,137.447,131.692,138.67,211.71,66.4,186.41,132.08
7043,605258.945279,70.973,52,-135.456,27.952,45.674,140.101,131.683,138.39,211.55,61.72,190.04,132.04
7044,605258.950223,68.888,62,-135.1,28.112,48.91,135.79,132.49,138.89,211.77,66.12,184.02,132.88
7045,605258.953416,69.151,61,-134.514,28.454,48.902,137.402,131.842,139.71,212.26,66.12,186.22,132.23
7046,605258.95895,70.668,54,-134.822,28.296,46.21,139.594,131.735,139.23,212.01,62.45,189.46,132.1
7047,605258.960821,68.973,61,-134.491,28.619,48.879,136.223,132.512,139.73,212.47,66.08,184.62,132.9
7048,605258.96975,68.907,61,-133.959,28.572,49.344,137.115,131.897,140.46,212.42,66.72,185.87,132.29
7049,605258.982398,68.886,60,-133.598,28.141,49.519,137.469,131.921,140.95,211.83,67.0,185.89,132.28
7050,605258.984819,70.001,50,-133.325,28.739,46.391,135.643,131.879,141.43,212.8,62.81,182.92,132.22
7051,605258.994121,68.738,59,-133.8,28.835,49.599,136.771,132.333,140.69,212.81,67.09,185.1,132.71
7052,605258.997344,68.006,60,-134.354,27.492,50.144,133.892,132.199,139.82,210.84,67.9,181.09,132.61
7053,605259.002882,70.822,55,-134.21,27.837,46.338,141.061,131.936,139.84,211.17,62.72,190.43,132.29
7054,605259.004616,68.531,57,-134.248,28.521,49.949,136.473,132.272,139.99,212.27,67.56,184.82,132.65
7055,605259.010186,68.467,61,-134.245,27.81,50.15,136.634,131.64,140.07,211.38,67.81,185.16,132.03
7056,605259.013558,70.305,52,-134.85,27.657,46.945,139.3,131.8,139.24,211.18,63.48,188.42,132.13
7057,605259.022493,68.182,63,-134.994,27.94,50.433,135.695,132.347,139.0,211.51,68.17,184.02,132.74
7058,605259.025301,68.473,58,-135.349,27.632,50.531,137.71,131.789,138.51,211.07,68.32,186.56,132.15
7059,605259.029557,69.408,52,-134.66,29.064,47.114,133.954,131.443,139.47,213.09,63.67,181.59,131.78
7060,605259.034377,67.987,65,-136.078,28.149,50.962,135.966,132.133,137.55,211.79,68.87,184.37,132.54
7061,605259.037038,67.945,63,-136.39,27.934,51.14,136.193,131.519,137.07,211.47,69.14,184.1,131.94
7062,605259.047443,70.21,53,-137.07,28.096,47.401,139.999,131.64,136.4,211.89,64.06,189.21,132.03
7063,605259.049477,67.856,61,-137.246,28.453,51.297,136.092,132.035,135.97,212.2,69.3,184.51,132.45
7064,605259.053474,67.934,60,-137.327,28.251,51.241,136.395,131.366,135.79,211.85,69.27,184.41,131.78
7065,605259.061984,67.955,63,-137.806,28.919,51.487,137.179,131.774,135.18,212.79,69.57,185.76,132.2
7066,605259.069941,67.636,61,-137.902,27.852,51.344,134.939,131.386,134.99,211.3,69.4,182.47,131.84
7067,605259.073272,70.01,56,-137.631,28.222,47.575,139.165,131.697,135.46,211.89,64.27,188.48,132.07
7068,605259.077719,68.0,61,-137.412,28.848,51.43,137.291,131.642,135.75,212.73,69.52,185.65,132.06
7069,605259.081095,67.222,62,-137.957,28.122,51.545,133.135,131.246,134.99,211.73,69.64,180.35,131.71
7070,605259.086782,70.104,54,-137.182,28.662,47.966,140.943,132.001,136.11,212.54,64.78,191.3,132.39
7071,605259.089605,67.599,60,-136.697,29.028,51.612,135.433,131.251,136.81,212.97,69.84,182.95,131.75
7072,605259.097738,67.927,66,-136.74,28.202,50.895,135.438,130.869,136.66,211.86,68.79,183.34,131.32
7073,605259.102376,69.911,54,-136.725,28.068,47.91,139.488,131.589,136.58,211.56,64.9,188.04,131.98
7074,605259.105062,68.181,62,-136.217,28.391,51.036,137.316,131.409,137.36,212.12,68.97,186.2,131.81
7075,605259.109694,68.001,63,-135.928,28.588,51.066,136.322,130.792,137.79,212.41,69.02,184.89,131.2
7076,605259.114237,69.741,52,-136.163,28.355,48.211,139.233,131.902,137.44,212.09,65.14,188.86,132.3
7077,605259.122305,67.996,59,-135.935,27.89,51.342,137.031,131.374,137.79,211.46,69.42,185.53,131.8
7078,605259.124838,68.062,64,-135.455,28.404,50.847,136.099,130.706,138.42,212.16,68.74,184.57,131.11
7079,605259.129242,68.972,56,-136.663,27.592,48.305,134.623,132.176,136.56,210.91,65.29,181.89,132.65
7080,605259.133299,67.431,59,-134.555,28.92,51.104,133.154,130.929,139.61,212.84,69.14,180.33,131.29
7081,605259.150684,68.055,65,-135.156,28.025,51.157,136.889,131.384,138.8,211.62,69.16,185.64,131.78
7082,605259.153414,67.913,62,-134.938,29.033,50.815,135.138,130.435,139.0,212.88,68.79,181.93,130.73
7083,605259.157394,69.68,57,-135.023,29.104,48.452,139.523,131.65,138.99,213.12,65.47,189.36,132.04
7084,605259.162195,68.031,61,-135.197,28.004,51.268,137.044,131.331,138.75,211.6,69.31,185.85,131.73
7085,605259.165445,67.503,63,-136.24,28.516,50.665,132.411,130.622,137.2,212.23,68.5,179.09,131.14
7086,605259.173257,69.467,62,-135.482,29.243,48.705,138.86,131.677,138.32,213.24,65.85,187.74,132.07
7087,605259.177285,67.962,61,-135.583,27.992,51.534,137.345,131.19,138.18,211.53,69.68,186.07,131.58
7088,605259.180859,68.212,64,-135.469,29.361,50.593,136.304,130.064,138.43,213.48,68.41,184.7,130.47
7089,605259.186706,69.39,58,-136.206,29.293,48.826,138.708,131.689,137.41,213.38,65.97,188.17,132.09
7090,605259.189343,67.571,58,-136.841,28.16,51.476,134.915,131.375,136.39,211.72,69.57,182.19,131.9
7091,605259.197642,68.13,65,-136.074,29.62,50.754,136.249,130.001,137.59,213.8,68.6,184.78,130.42
7092,605259.201997,69.526,55,-136.491,29.483,48.797,139.507,131.569,137.02,213.63,65.93,189.23,131.97
7093,605259.206549,67.791,57,-136.743,28.496,51.537,136.345,130.987,136.69,212.26,69.73,184.31,131.42
7094,605259.209207,68.176,65,-136.365,29.766,50.79,136.624,129.835,137.2,214.0,68.65,185.27,130.25
7095,605259.214562,68.638,57,-137.767,28.957,49.104,134.805,131.828,135.16,212.79,66.35,182.48,132.29
7096,605259.217546,67.944,63,-136.629,28.631,51.809,137.969,130.605,136.86,212.46,70.09,186.33,131.02
7097,605259.225806,68.019,60,-136.512,29.725,50.902,135.994,129.624,137.0,213.94,68.8,184.39,130.05
7098,605259.233627,67.952,63,-136.519,28.504,51.833,138.081,130.48,137.02,212.31,70.08,186.96,130.88
7099,605259.238942,67.593,57,-136.212,29.321,50.738,133.106,128.882,137.43,213.4,68.65,180.24,129.33
7100,605259.241801,69.003,56,-137.387,28.892,48.783,136.143,131.773,135.51,212.58,65.95,183.42,132.24
7101,605259.249655,68.013,63,-136.389,28.823,51.715,138.128,130.388,137.15,212.7,69.9,187.25,130.8
7102,605259.253261,67.985,63,-135.796,29.395,50.842,135.633,129.383,137.84,213.37,68.76,183.36,129.77
7103,605259.257788,68.573,51,-135.133,30.224,48.877,133.794,130.882,138.86,214.67,66.04,181.39,131.23
7104,605259.260735,68.284,63,-135.922,28.418,50.92,137.62,130.404,137.81,212.19,68.86,186.32,130.8
7105,605259.265704,68.454,62,-135.361,29.062,50.139,136.523,129.66,138.5,213.01,67.81,184.87,130.09
7106,605259.27361,69.619,56,-135.93,28.77,48.33,138.774,131.102,137.78,212.68,65.36,187.65,131.49
7107,605259.277542,68.277,59,-135.716,28.465,51.08,138.012,130.389,138.05,212.22,69.05,187.19,130.79
7108,605259.28125,67.9,61,-134.908,29.144,50.387,133.932,129.08,139.18,213.18,68.16,181.15,129.45
7109,605259.285096,69.597,59,-135.628,28.554,48.323,138.61,131.312,138.23,212.42,65.33,187.72,131.69
7110,605259.290898,68.286,61,-135.366,28.344,50.917,137.621,130.34,138.52,212.04,68.88,186.15,130.75
7111,605259.294133,67.933,64,-136.005,28.198,49.969,133.006,129.903,137.53,211.74,67.61,179.8,130.36
7112,605259.302382,69.648,57,-135.576,28.687,48.167,138.496,131.111,138.24,212.55,65.13,187.39,131.49
7113,605259.305461,68.489,59,-135.401,28.635,50.565,137.899,130.302,138.53,212.49,68.38,186.77,130.72
7114,605259.308844,67.974,65,-136.502,28.39,49.776,132.729,129.995,137.06,212.13,67.36,179.88,130.37
7115,605259.326403,68.463,66,-135.932,29.132,49.808,135.677,129.365,137.79,213.14,67.33,183.99,129.78
7116,605259.329038,69.821,55,-136.193,29.252,48.166,139.631,131.377,137.39,213.3,65.1,189.13,131.78
7117,605259.333949,68.237,56,-136.5,28.512,50.683,136.697,130.456,136.83,212.16,68.54,184.61,130.91
7118,605259.337127,68.521,57,-135.589,29.957,49.138,134.196,128.773,138.3,214.33,66.43,181.64,129.14
7119,605259.342405,69.837,55,-136.598,29.122,48.125,139.617,131.352,136.89,213.16,65.02,189.46,131.75
7120,605259.350425,68.495,56,-136.76,28.269,50.387,137.454,130.44,136.74,212.0,68.19,185.72,130.82
7121,605259.353379,68.468,60,-136.039,29.575,49.103,133.785,128.871,137.62,213.7,66.44,181.25,129.31
7122,605259.357826,69.936,56,-136.799,29.052,47.974,139.836,131.441,136.69,213.12,64.83,189.53,131.86
7123,605259.360839,67.928,59,-135.881,29.024,50.516,134.431,129.96,137.94,213.12,68.2,182.27,130.28
7124,605259.365719,68.753,57,-137.668,28.278,48.516,133.88,129.662,135.4,211.93,65.68,180.76,130.1
7125,605259.369598,69.19,55,-136.719,29.2,48.258,135.836,131.064,136.83,213.41,65.27,182.6,131.33
7126,605259.377647,68.573,62,-136.892,27.553,49.901,136.593,130.477,136.35,210.93,67.46,184.47,130.95
7127,605259.381703,68.736,60,-137.349,27.732,48.557,133.891,129.774,135.66,211.1,65.66,180.77,130.27
7128,605259.385281,69.663,55,-136.908,28.54,47.582,136.908,131.377,136.49,212.39,64.29,185.51,131.76
7129,605259.390423,68.773,56,-136.645,28.185,50.383,139.155,130.434,136.81,211.84,68.1,188.62,130.84
7130,605259.393231,68.936,60,-136.315,28.593,48.496,134.932,129.174,137.23,212.38,65.54,183.04,129.58
7131,605259.406464,69.125,60,-136.407,28.295,49.498,138.907,130.533,137.2,212.06,66.98,187.35,130.91
7132,605259.41065,68.937,60,-136.035,28.841,48.135,133.933,129.45,137.71,212.83,65.08,181.21,129.81
7133,605259.4184,69.043,60,-136.52,28.293,49.324,137.906,130.766,137.12,212.11,66.7,186.63,131.14
7134,605259.425966,69.203,60,-136.295,28.529,48.093,135.451,129.778,137.18,212.2,65.02,183.63,130.21
7135,605259.429423,69.469,59,-136.389,28.713,47.528,135.516,131.525,137.25,212.65,64.31,183.17,131.92
7136,605259.433954,69.246,59,-136.162,28.468,49.354,139.275,130.746,137.5,212.27,66.72,188.59,131.17
7137,605259.4367,69.1,60,-137.02,28.061,47.687,133.675,130.246,136.29,211.68,64.46,180.95,130.69
7138,605259.442944,69.469,61,-136.393,28.284,47.996,136.856,131.964,137.1,211.97,64.85,185.44,132.37
7139,605259.446279,69.184,57,-135.814,28.332,49.492,139.269,130.888,137.96,212.06,66.99,187.86,131.27
7140,605259.453397,69.647,61,-135.616,28.377,47.611,136.892,130.053,138.18,212.1,64.36,185.66,130.44
7141,605259.457718,69.675,61,-135.876,28.326,47.55,136.894,131.789,137.87,212.1,64.25,185.55,132.15
7142,605259.461176,68.6,57,-134.358,29.548,49.067,134.478,130.327,139.91,213.75,66.33,182.21,130.69
7143,605259.466487,69.646,61,-134.91,28.513,47.729,137.225,130.074,139.13,212.27,64.56,185.7,130.47
7144,605259.469384,69.533,62,-135.249,28.2,47.861,136.874,132.146,138.71,211.82,64.9,185.24,132.53
7145,605259.477746,68.682,55,-134.712,28.388,49.714,136.751,131.115,139.37,212.12,67.26,184.76,131.49
7146,605259.481378,69.084,55,-133.93,28.599,48.096,134.724,129.948,140.73,212.62,65.31,181.3,130.23
7147,605259.490177,69.161,59,-134.146,28.568,49.492,139.125,131.121,140.21,212.41,66.93,188.47,131.52
7148,605259.494976,69.559,61,-134.009,28.186,47.791,136.841,130.592,140.25,211.77,64.67,185.1,130.97
7149,605259.502451,69.273,63,-134.603,27.479,48.115,135.952,132.26,139.51,210.88,65.06,183.96,132.63
7150,605259.50606,69.219,61,-134.111,28.664,49.217,138.715,131.281,140.11,212.34,66.77,187.08,131.66
7151,605259.509288,69.026,57,-134.117,28.615,48.099,134.378,130.322,140.36,212.63,65.08,181.22,130.6
7152,605259.513201,69.105,63,-135.492,27.311,48.262,135.321,132.652,138.43,210.73,65.33,182.93,133.0
7153,605259.517548,68.954,62,-134.737,29.189,49.724,138.46,131.181,139.37,213.22,67.21,187.81,131.58
7154,605259.52199,69.518,60,-135.372,28.342,48.044,137.304,130.54,138.5,212.06,64.95,186.11,130.94
7155,605259.529277,68.975,61,-136.311,27.369,48.582,135.413,132.431,137.3,210.79,65.72,183.06,132.82
7156,605259.533367,68.698,60,-136.18,28.899,50.025,137.703,131.186,137.37,212.78,67.61,186.55,131.62
7157,605259.53704,68.845,61,-137.733,27.907,48.27,133.752,130.886,135.33,211.5,65.22,181.4,131.35
7158,605259.542779,68.548,64,-137.399,27.647,49.351,134.941,132.266,135.71,211.03,66.73,182.51,132.65
7159,605259.545715,68.647,58,-137.028,29.036,50.342,138.262,131.093,136.44,213.16,68.09,186.43,131.45
7160,605259.554003,68.748,49,-137.558,28.696,48.576,134.011,129.743,135.76,212.72,65.7,180.85,130.08
7161,605259.558003,68.157,63,-138.569,27.43,50.098,134.65,132.397,134.22,210.81,67.7,182.48,132.81
7162,605259.561546,68.642,58,-138.006,28.722,50.679,139.154,130.943,134.98,212.6,68.52,187.84,131.34
7163,605259.565142,69.363,55,-138.57,27.891,48.247,136.89,130.454,134.22,211.45,65.2,185.23,130.89
7164,605259.578353,67.87,56,-139.87,26.628,50.409,133.816,131.581,132.51,209.88,68.17,180.85,132.2
7165,605259.583024,69.762,53,-139.967,27.325,47.461,137.204,130.382,132.25,210.62,64.11,185.73,130.82
7166,605259.585313,68.067,58,-140.151,27.045,50.039,133.966,132.456,131.98,210.22,67.58,181.27,132.92
7167,605259.589348,68.496,61,-138.569,27.233,50.578,137.976,131.057,134.19,210.48,68.46,186.46,131.46
7168,605259.595118,69.404,50,-137.494,28.459,47.501,135.03,129.529,135.61,212.19,64.21,182.57,129.95
7169,605259.598055,68.095,63,-138.894,26.981,50.097,134.286,132.144,133.72,210.19,67.64,181.77,132.63
7170,605259.605989,68.615,61,-137.995,28.053,50.494,138.477,131.077,135.05,211.71,68.23,187.84,131.48
7171,605259.609675,70.04,50,-137.711,27.704,47.693,139.717,130.328,135.43,211.22,64.5,189.43,130.7
7172,605259.613129,68.065,61,-138.044,26.847,50.152,134.259,132.003,134.82,209.96,67.79,181.63,132.45
7173,605259.621179,69.632,55,-135.895,29.518,46.74,134.293,129.285,137.83,213.69,63.18,181.68,129.63
7174,605259.629356,68.02,69,-136.914,28.064,50.031,133.674,131.843,136.4,211.64,67.63,181.04,132.25
7175,605259.63382,68.715,60,-136.374,27.637,50.105,138.025,131.268,137.17,211.11,67.72,187.16,131.67
7176,605259.636947,69.661,51,-135.627,28.681,47.368,136.281,130.007,138.3,212.6,64.25,183.7,130.35
7177,605259.641604,68.25,62,-136.519,28.244,49.621,133.906,132.253,136.76,211.8,67.03,180.84,132.76
7178,605259.646153,68.461,63,-135.225,28.212,50.227,136.805,131.195,138.72,211.82,68.08,184.94,131.57
7179,605259.655064,69.352,55,-134.252,29.933,47.279,134.077,129.452,140.06,214.27,63.92,181.63,129.81
7180,605259.665956,70.002,54,-134.774,28.76,47.304,138.321,130.165,139.36,212.67,63.93,187.83,130.53
7181,605259.670134,68.2,61,-135.296,28.965,50.104,134.919,131.982,138.54,212.86,67.72,182.78,132.4
7182,605259.67339,68.191,62,-134.585,28.912,50.797,136.729,131.052,139.6,212.82,68.73,185.15,131.44
7183,605259.682405,68.935,59,-134.171,29.866,48.053,133.692,129.814,140.2,214.23,65.24,180.33,130.13
7184,605259.685113,68.107,68,-135.374,28.998,50.314,134.936,131.927,138.51,212.96,67.99,183.08,132.32
7185,605259.689618,67.955,62,-134.903,28.939,51.186,136.375,130.882,139.2,212.91,69.2,184.79,131.29
7186,605259.694902,69.15,56,-134.451,30.327,47.562,133.628,129.619,139.85,214.92,64.18,181.11,129.93
7187,605259.697546,67.791,67,-135.779,29.063,50.887,134.625,131.698,137.97,213.04,68.78,182.37,132.12
7188,605259.705316,67.627,63,-136.26,27.95,50.999,133.985,131.328,137.12,211.39,68.95,180.99,131.82
7189,605259.710265,70.206,59,-136.699,27.893,47.494,140.251,130.468,136.71,211.44,64.19,190.23,130.84
7190,605259.713224,67.734,63,-136.88,28.176,50.835,134.165,132.019,136.46,211.82,68.69,181.91,132.43
7191,605259.716998,67.981,64,-136.306,28.576,51.508,137.388,130.918,137.37,212.47,69.65,185.79,131.32
7192,605259.722261,70.434,52,-136.699,28.746,47.429,141.621,130.492,136.92,212.79,64.16,190.81,130.87
7193,605259.726011,67.34,60,-137.921,27.628,51.128,132.713,131.899,135.14,211.14,69.06,179.55,132.44
7194,605259.733688,68.225,63,-136.814,28.318,50.823,137.004,130.905,136.62,212.07,68.7,185.5,131.31
7195,605259.737774,69.984,51,-137.249,28.223,47.733,139.454,130.457,135.92,211.85,64.52,188.79,130.86
7196,605259.74116,68.083,63,-137.464,28.061,50.475,135.224,131.745,135.73,211.69,68.21,183.37,132.14
7197,605259.758366,68.102,64,-137.669,27.791,50.587,135.637,131.691,135.44,211.33,68.36,183.66,132.1
7198,605259.762216,68.296,63,-137.241,28.225,50.784,137.321,130.85,136.02,211.91,68.63,186.2,131.27
7199,605259.7653,69.685,56,-138.033,27.779,47.631,137.191,130.742,134.98,211.35,64.39,185.25,131.14
7200,605259.769359,68.123,64,-137.772,27.914,50.541,135.638,131.589,135.27,211.47,68.28,183.91,132.0
7201,605259.774635,68.199,63,-137.137,28.406,50.87,136.973,130.791,136.16,212.16,68.74,185.73,131.21
7202,605259.782264,70.074,57,-137.372,28.239,47.597,139.663,130.521,135.81,211.91,64.31,189.43,130.91
7203,605259.785244,68.044,63,-137.653,28.042,50.534,135.154,131.687,135.46,211.65,68.29,183.27,132.08
7204,605259.789715,68.229,64,-136.623,28.671,50.901,137.236,130.701,136.81,212.47,68.8,185.91,131.1
7205,605259.793235,70.357,52,-136.803,28.615,47.259,140.588,130.787,136.63,212.49,63.86,190.43,131.16
7206,605259.798175,68.091,60,-136.742,28.434,50.767,136.057,131.505,136.74,212.24,68.6,184.47,131.89
7207,605259.800895,68.183,65,-135.824,28.7,50.796,136.681,130.704,137.9,212.53,68.74,184.46,131.11
7208,605259.809423,70.264,54,-136.184,28.467,47.228,139.86,130.996,137.37,212.19,63.83,189.54,131.36
7209,605259.813242,68.229,62,-135.875,28.584,50.652,136.566,131.357,137.83,212.38,68.45,185.23,131.76
7210,605259.817198,68.204,66,-135.234,28.385,50.62,136.332,130.738,138.71,212.12,68.46,184.5,131.12
7211,605259.821809,70.259,52,-135.584,28.246,47.09,139.416,130.985,138.24,211.95,63.64,189.13,131.36
7212,605259.825014,68.333,60,-135.439,28.432,50.38,136.454,131.392,138.5,212.25,68.13,184.62,131.79
7213,605259.834014,68.096,63,-135.028,28.214,50.661,135.8,130.666,138.98,211.89,68.55,183.4,131.04
7214,605259.845963,68.158,66,-135.282,27.803,50.645,136.124,130.776,138.64,211.35,68.47,184.3,131.16
7215,605259.849942,70.206,57,-135.842,27.595,47.14,139.203,131.228,137.89,211.07,63.71,188.82,131.61
7216,605259.858742,68.164,60,-135.779,28.362,50.803,136.584,131.309,137.99,212.11,68.69,185.01,131.7
7217,605259.861287,67.422,63,-136.397,28.158,51.28,133.561,130.893,136.89,211.63,69.31,180.3,131.4
7218,605259.866162,70.328,50,-136.67,28.23,47.513,141.141,131.327,136.79,211.95,64.2,191.38,131.71
7219,605259.868941,67.88,61,-136.653,28.496,51.416,136.548,131.303,136.78,212.25,69.48,185.13,131.72
7220,605259.874246,67.832,67,-136.613,28.435,51.196,135.682,130.634,136.85,212.18,69.19,183.96,131.05
7221,605259.878013,69.668,59,-137.121,28.169,48.108,138.455,130.919,136.17,211.84,65.01,187.68,131.31
7222,605259.885763,67.681,60,-137.691,27.902,51.301,135.089,131.574,135.18,211.3,69.37,181.99,132.09
7223,605259.889097,67.754,63,-137.498,28.95,51.564,136.203,130.381,135.62,212.84,69.7,184.38,130.82
7224,605259.893101,69.504,58,-137.753,28.79,48.579,138.739,131.464,135.34,212.71,65.63,187.93,131.86
7225,605259.898435,67.841,63,-137.954,27.586,51.86,137.497,131.056,135.08,211.05,70.09,186.19,131.49
7226,605259.902052,67.955,63,-137.894,28.409,51.39,136.917,130.272,135.14,212.15,69.44,185.59,130.7
7227,605259.909778,69.485,52,-138.377,28.459,48.43,138.191,131.379,134.49,212.25,65.41,187.21,131.78
7228,605259.914239,67.704,61,-138.496,27.534,52.182,137.543,130.945,134.26,210.92,70.47,186.39,131.4
7229,605259.916847,67.322,63,-137.842,28.61,51.546,133.696,129.836,135.11,212.32,69.68,180.49,130.21
7230,605259.925477,67.947,63,-138.37,27.328,51.603,137.436,130.983,134.47,210.67,69.73,186.21,131.41
7231,605259.935262,67.846,61,-138.075,28.095,51.238,135.873,130.087,134.85,211.68,69.25,183.93,130.51
7232,605259.937538,69.177,56,-138.817,27.756,48.761,137.166,131.649,133.79,211.21,65.91,185.14,132.08
7233,605259.941925,67.685,59,-138.392,27.42,52.024,137.013,130.925,134.43,210.78,70.29,185.69,131.35
7234,605259.944895,66.91,62,-137.731,28.022,51.524,131.382,130.413,135.1,211.48,69.59,177.47,130.98
7235,605259.953423,67.909,66,-137.432,27.783,51.451,136.811,130.808,135.74,211.29,69.52,185.49,131.23
7236,605259.961765,67.817,60,-136.941,28.499,51.077,135.282,130.21,136.33,212.22,69.04,183.1,130.67
7237,605259.965773,69.424,52,-136.307,29.272,48.441,137.832,130.937,137.22,213.31,65.49,186.18,131.3
7238,605259.969086,67.954,60,-136.699,28.152,51.651,137.608,130.725,136.68,211.76,69.8,186.43,131.16
7239,605259.97396,67.818,64,-135.895,29.003,51.251,135.747,129.869,137.83,212.92,69.39,183.74,130.27
7240,605259.977164,69.008,54,-136.947,28.293,48.742,136.057,131.779,136.11,211.8,65.9,183.37,132.27
7241,605259.985963,67.487,62,-136.217,28.106,51.84,135.387,130.908,137.3,211.67,70.08,183.28,131.34
7242,605259.989836,67.847,65,-135.198,29.02,51.189,135.748,129.887,138.77,212.99,69.2,184.09,130.3
7243,605259.994129,68.587,60,-136.646,28.087,48.92,133.993,131.718,136.52,211.59,66.14,180.93,132.24
7244,605259.997151,67.728,68,-135.442,28.255,51.586,136.112,130.73,138.32,211.87,69.73,184.26,131.18
7245,605260.001829,67.752,67,-135.059,29.031,51.129,135.042,129.886,138.93,212.95,69.17,182.7,130.25
7246,605260.009816,69.534,55,-135.288,28.966,48.671,139.197,131.029,138.74,213.0,65.78,188.78,131.41
7247,605260.022123,69.351,52,-135.81,29.005,48.923,138.729,131.233,138.01,213.05,66.16,187.6,131.63
7248,605260.0252,67.166,55,-137.394,26.859,51.514,132.748,131.067,135.79,210.09,69.61,180.1,131.59
7249,605260.029866,68.043,66,-136.239,28.806,50.962,136.297,129.532,137.36,212.69,68.89,184.79,129.95
7250,605260.037874,69.346,54,-136.981,28.76,49.041,139.033,131.296,136.4,212.69,66.26,188.38,131.69
7251,605260.041841,67.821,61,-137.158,27.617,51.908,137.502,130.518,136.08,211.04,70.18,185.97,130.91
7252,605260.045153,67.17,64,-138.629,27.769,51.345,132.33,129.918,134.17,211.33,69.36,179.08,130.33
7253,605260.049927,69.221,58,-138.51,28.321,49.249,138.823,131.402,134.31,212.04,66.53,188.19,131.82
7254,605260.052895,67.7,61,-138.704,27.366,52.122,137.364,130.477,134.07,210.7,70.54,185.52,130.93
7255,605260.06294,67.608,66,-139.038,28.081,51.386,134.895,129.413,133.57,211.65,69.47,182.37,129.81
7256,605260.065535,68.885,56,-139.849,27.845,49.55,137.546,131.343,132.43,211.33,66.96,185.96,131.79
7257,605260.069491,67.946,57,-139.728,27.506,52.16,138.914,130.214,132.77,210.99,70.51,187.67,130.66
7258,605260.073447,67.232,61,-140.567,27.507,51.371,132.741,129.765,131.6,210.92,69.48,179.72,130.19
7259,605260.078005,68.659,52,-140.8,27.405,49.632,136.381,131.621,131.11,210.68,67.06,184.56,132.11
7260,605260.08579,67.868,62,-139.94,27.657,51.975,137.961,130.246,132.39,211.12,70.21,186.94,130.69
7261,605260.089747,67.608,63,-139.348,28.394,51.19,134.377,129.178,133.23,212.15,69.21,181.5,129.59
7262,605260.093255,69.313,56,-139.705,28.188,49.265,139.457,131.355,132.73,211.85,66.66,188.17,131.79
7263,605260.10228,67.652,64,-138.645,28.323,51.16,134.551,129.179,134.09,211.97,69.19,181.78,129.6
7264,605260.106778,69.25,56,-138.597,28.248,49.284,139.109,131.393,134.22,211.97,66.57,188.69,131.82
7265,605260.114747,67.87,60,-138.257,27.985,51.646,137.098,130.227,134.65,211.57,69.79,185.76,130.66
7266,605260.117395,67.978,61,-137.204,28.451,50.434,134.506,129.188,136.08,212.22,68.22,181.73,129.59
7267,605260.121,69.328,58,-137.331,28.226,48.937,138.626,131.439,135.88,211.86,66.2,187.6,131.81
7268,605260.126502,67.374,57,-137.784,27.202,51.224,133.149,130.457,135.29,210.53,69.24,180.31,130.94
7269,605260.130174,68.379,66,-135.916,28.434,49.918,135.479,129.404,137.69,212.07,67.58,183.11,129.82
7270,605260.138558,69.394,55,-135.855,28.33,48.724,138.446,131.49,137.9,212.09,65.84,187.9,131.89
7271,605260.141239,68.275,59,-135.334,28.178,50.909,137.532,130.434,138.56,211.83,68.83,186.45,130.84
7272,605260.146243,68.019,63,-134.311,28.926,50.008,133.605,129.281,139.98,212.88,67.64,181.02,129.67
7273,605260.149218,68.971,57,-134.873,28.355,48.913,136.31,131.594,139.23,212.15,66.12,184.59,131.95
7274,605260.154822,68.325,60,-134.063,28.413,50.975,138.017,130.465,140.34,212.2,68.96,186.75,130.87
7275,605260.162167,68.201,61,-133.891,28.88,49.886,134.333,129.524,140.49,212.77,67.49,181.86,129.91
7276,605260.165524,69.122,59,-134.136,28.799,48.831,137.017,131.552,140.21,212.73,66.01,185.84,131.93
7277,605260.169575,68.226,61,-133.986,28.386,50.981,137.438,130.654,140.37,212.11,68.94,186.37,131.05
7278,605260.173096,67.743,63,-134.934,28.559,50.026,132.076,130.059,138.99,212.26,67.61,179.23,130.52
7279,605260.19033,67.772,65,-134.724,29.929,50.134,132.528,128.997,139.46,214.27,67.79,179.46,129.39
7280,605260.193284,68.439,60,-136.344,28.762,49.712,135.271,131.706,137.02,212.52,67.22,182.25,132.18
7281,605260.197763,67.814,60,-136.044,28.082,51.56,136.542,130.538,137.64,211.73,69.7,185.03,130.94
7282,605260.200949,67.843,60,-137.01,28.729,50.292,133.349,129.118,136.38,212.64,68.01,180.34,129.53
7283,605260.206609,68.564,62,-138.165,28.3,50.13,137.168,131.687,134.81,212.04,67.73,185.8,132.11
7284,605260.213847,67.741,57,-138.504,27.448,51.951,137.145,130.69,134.27,210.81,70.2,185.79,131.13
7285,605260.217296,67.694,64,-140.09,27.542,50.376,132.727,129.808,132.13,210.94,68.06,179.69,130.28
7286,605260.221393,68.361,63,-140.14,27.698,50.214,136.17,131.761,132.09,211.13,67.93,183.88,132.17
7287,605260.22497,67.196,55,-141.254,26.54,52.033,134.25,130.806,130.46,209.53,70.3,181.34,131.37
7288,605260.230907,67.882,62,-140.189,28.676,50.101,133.064,128.392,132.14,212.65,67.59,180.04,128.75
7289,605260.234125,68.183,64,-141.665,27.489,50.298,135.34,131.493,130.09,210.93,67.94,183.1,131.93
7290,605260.241967,67.884,58,-141.831,26.715,51.698,137.314,130.397,129.81,209.82,69.82,185.84,130.87
7291,605260.245629,67.726,61,-142.028,27.096,50.89,134.262,129.021,129.62,210.32,68.88,181.57,129.48
7292,605260.248959,67.746,58,-142.911,26.668,50.912,134.433,131.709,128.42,209.78,68.83,181.35,132.21
7293,605260.253638,68.271,59,-142.224,27.34,51.902,140.194,130.08,129.31,210.67,70.09,190.04,130.56
7294,605260.258428,68.311,56,-142.376,27.608,50.024,135.357,128.857,129.14,211.02,67.68,183.01,129.32
7295,605260.274315,68.304,57,-141.59,28.103,49.742,134.552,128.779,130.24,211.75,67.3,181.7,129.23
7296,605260.277077,68.317,57,-142.775,27.112,49.757,134.672,131.717,128.61,210.37,67.3,181.92,132.17
7297,605260.282908,68.502,58,-141.346,27.672,51.228,139.785,130.138,130.49,211.14,69.19,189.33,130.58
7298,605260.290425,68.8,59,-141.941,27.251,48.558,134.28,129.923,129.62,210.52,65.56,181.75,130.38
7299,605260.293989,68.746,59,-140.637,27.647,49.613,136.863,131.347,131.49,211.15,67.03,185.22,131.76
7300,605260.298243,67.211,59,-140.095,27.942,50.699,130.891,131.707,132.15,211.48,68.37,177.25,132.23
7301,605260.300979,68.925,59,-139.173,28.214,48.736,135.532,129.306,133.4,211.87,65.85,183.54,129.74
7302,605260.306436,68.012,63,-139.612,27.441,49.926,133.346,131.795,132.86,210.84,67.53,180.43,132.22
7303,605260.309087,68.441,62,-137.943,28.247,50.662,137.874,130.28,135.11,211.93,68.55,186.31,130.63
7304,605260.318132,68.927,58,-136.02,29.075,48.449,134.749,128.928,137.67,213.01,65.67,182.08,129.37
7305,605260.32223,68.707,61,-136.821,27.951,49.15,135.349,131.36,136.53,211.45,66.57,183.04,131.78
7306,605260.325396,68.678,61,-135.763,28.585,50.064,137.688,130.355,137.99,212.39,67.68,186.67,130.76
7307,605260.329513,69.307,56,-134.976,28.525,48.065,136.021,129.686,139.02,212.29,64.99,184.36,130.09
7308,605260.332979,68.484,64,-134.649,28.093,49.381,134.638,131.56,139.53,211.73,66.85,182.49,131.93
7309,605260.341748,68.685,59,-133.677,29.294,49.935,137.374,130.178,140.84,213.36,67.64,185.62,130.56
7310,605260.345594,69.375,55,-133.186,28.564,48.23,136.919,129.723,141.52,212.35,65.38,185.47,130.09
7311,605260.353809,67.987,55,-134.359,28.135,49.782,132.814,130.691,139.83,211.79,67.34,180.0,131.17
7312,605260.359095,69.433,62,-133.326,28.463,47.893,136.326,130.053,141.28,212.25,64.82,184.33,130.41
7313,605260.366877,68.939,66,-133.644,27.881,48.594,135.225,131.545,140.87,211.45,65.81,183.17,131.91
7314,605260.369453,69.03,61,-133.278,29.482,49.663,138.772,130.454,141.29,213.58,67.19,187.94,130.85
7315,605260.373824,69.745,59,-133.939,29.102,47.869,138.269,129.643,140.43,213.07,64.79,187.0,130.0
7316,605260.377313,68.487,63,-134.883,28.247,49.353,134.585,131.67,139.17,211.94,66.71,182.54,132.06
7317,605260.382005,68.375,56,-135.074,29.4,50.36,136.651,130.529,138.78,213.4,68.1,184.74,130.95
7318,605260.390126,69.573,60,-135.552,28.867,48.063,137.712,129.92,138.25,212.76,65.02,185.96,130.33
7319,605260.394053,68.405,67,-136.266,28.061,49.661,134.932,131.521,137.25,211.62,67.16,182.62,131.92
7320,605260.398039,68.715,61,-136.251,29.613,50.502,139.121,130.433,137.42,213.87,68.28,188.25,130.82
7321,605260.400811,69.472,54,-136.886,29.24,48.207,137.476,129.514,136.53,213.34,65.24,185.16,129.87
7322,605260.405706,67.993,63,-138.34,27.757,50.267,134.147,131.918,134.54,211.25,68.01,181.53,132.37
7323,605260.410222,68.391,60,-137.573,29.623,50.957,138.371,130.097,135.66,213.88,68.87,187.14,130.51
7324,605260.418272,69.875,55,-138.724,28.826,47.907,139.233,129.784,133.98,212.69,64.73,188.59,130.21
7325,605260.421364,67.972,63,-139.411,27.674,50.55,134.78,131.458,133.05,211.12,68.28,182.57,131.91
7326,605260.42528,68.682,61,-138.922,28.197,50.672,139.384,130.338,133.7,211.82,68.49,188.58,130.78
7327,605260.442843,68.694,53,-139.329,27.44,50.816,139.853,130.152,133.18,210.8,68.67,189.26,130.55
7328,605260.445858,70.227,52,-139.725,27.172,47.061,139.111,129.501,132.66,210.47,63.58,188.44,129.92
7329,605260.450421,68.219,58,-139.924,26.844,50.29,135.534,131.332,132.5,210.08,68.02,183.36,131.71
7330,605260.453257,67.609,53,-140.274,27.929,50.805,133.37,130.285,131.86,211.45,68.63,180.44,130.76
7331,605260.458595,70.388,58,-137.871,28.669,47.242,140.745,130.269,135.18,212.53,63.83,190.81,130.68
7332,605260.461966,68.586,59,-139.005,26.206,49.581,135.8,131.06,133.64,209.17,67.02,183.77,131.48
7333,605260.469592,69.073,54,-137.695,26.067,49.403,138.313,130.147,135.29,208.9,66.85,186.29,130.57
7334,605260.473868,71.079,48,-137.62,27.209,45.076,139.011,129.803,135.49,210.54,60.93,188.36,130.18
7335,605260.477033,68.967,57,-137.596,28.477,48.903,136.258,130.663,135.53,212.23,66.15,184.44,131.06
7336,605260.482208,68.805,59,-136.801,27.993,49.471,136.829,130.155,136.62,211.59,66.89,185.39,130.59
7337,605260.485054,69.808,54,-135.253,29.107,46.403,134.437,129.284,138.72,213.19,62.72,182.0,129.62
7338,605260.493457,69.04,68,-136.17,27.68,48.481,135.53,131.288,137.44,211.16,65.52,183.77,131.69
7339,605260.498583,69.227,59,-134.869,29.856,49.132,138.528,130.202,139.22,214.14,66.41,187.88,130.6
7340,605260.501777,70.29,53,-133.992,29.292,46.88,139.006,130.052,140.39,213.37,63.38,188.57,130.44
7341,605260.505081,68.795,61,-134.44,27.763,49.016,135.511,131.124,139.76,211.27,66.27,183.78,131.51
7342,605260.510178,69.393,59,-133.15,29.149,48.582,138.032,130.271,141.52,213.18,65.75,186.28,130.62
7343,605260.517898,70.693,54,-133.348,29.647,45.628,138.006,130.114,141.33,213.96,61.77,186.23,130.45
7344,605260.529603,69.978,60,-131.982,30.976,45.87,133.975,129.358,143.12,215.7,62.02,181.65,129.7
7345,605260.533536,69.306,63,-133.216,30.125,48.314,136.72,130.99,141.38,214.46,65.32,185.43,131.35
7346,605260.53802,69.421,58,-132.829,29.316,48.504,137.993,130.655,141.94,213.4,65.59,187.28,131.02
7347,605260.546706,70.549,55,-133.011,29.597,45.832,137.635,130.086,141.78,213.86,61.99,186.34,130.45
7348,605260.549269,69.229,60,-133.444,29.887,48.425,136.55,130.971,141.08,214.14,65.45,185.47,131.36
7349,605260.55374,69.045,60,-133.902,29.841,49.274,137.778,130.252,140.52,214.12,66.61,186.96,130.64
7350,605260.55861,70.34,59,-134.343,29.022,46.611,138.54,130.776,139.95,213.04,63.03,187.7,131.16
7351,605260.561079,69.213,61,-134.884,28.23,48.222,135.873,131.268,139.15,211.9,65.19,184.23,131.66
7352,605260.570935,69.296,59,-135.284,29.543,48.724,137.818,130.263,138.61,213.66,65.87,186.73,130.64
7353,605260.573366,70.492,56,-135.934,29.043,46.665,139.739,130.367,137.64,212.94,63.08,189.27,130.77
7354,605260.577669,68.829,59,-136.66,27.7,49.4,136.787,131.152,136.71,211.13,66.81,184.76,131.58
7355,605260.581158,69.094,62,-136.97,27.731,49.15,137.734,130.508,136.5,211.32,66.48,186.38,130.9
7356,605260.587254,70.198,44,-136.56,29.291,45.293,133.699,130.186,136.82,213.35,61.25,180.99,130.46
7357,605260.593712,68.846,58,-138.337,28.185,49.472,137.086,130.924,134.61,211.92,66.89,184.97,131.3
7358,605260.598107,68.868,60,-138.398,26.852,49.518,137.352,130.36,134.52,210.1,66.93,185.88,130.76
7359,605260.601806,71.442,53,-139.154,26.456,45.454,142.819,130.701,133.43,209.52,61.37,193.46,131.05
7360,605260.605269,69.146,58,-138.965,26.702,48.87,137.277,131.219,133.68,209.85,66.0,186.04,131.62
7361,605260.623209,68.284,56,-138.052,27.294,49.218,133.017,131.209,134.9,210.65,66.5,180.21,131.58
7362,605260.625523,68.923,56,-139.039,26.505,48.64,135.255,130.92,133.32,209.38,65.75,182.3,131.42
7363,605260.629543,71.68,47,-138.55,28.209,44.178,140.547,130.933,134.3,211.96,59.68,190.31,131.3
7364,605260.634,69.44,56,-138.705,29.474,48.489,138.072,130.833,134.06,213.63,65.48,187.1,131.23
7365,605260.637205,69.603,58,-137.587,27.602,48.013,137.763,130.501,135.51,211.03,64.9,186.49,130.89
7366,605260.645492,71.152,55,-136.804,27.366,45.155,139.776,131.129,136.55,210.71,61.03,189.32,131.5
7367,605260.649806,70.054,57,-136.661,27.235,47.257,138.528,130.995,136.82,210.6,63.89,187.59,131.4
7368,605260.653154,69.824,59,-136.003,29.765,47.407,137.446,130.16,137.69,214.02,64.07,186.4,130.55
7369,605260.657043,70.722,56,-135.345,29.68,46.201,139.941,130.97,138.47,213.81,62.47,189.31,131.35
7370,605260.662554,69.43,59,-135.968,27.294,48.205,137.202,131.309,137.67,210.61,65.21,185.36,131.71
7371,605260.670579,69.44,57,-134.142,28.867,47.429,135.049,129.993,140.26,212.88,64.15,182.73,130.35
7372,605260.673388,71.467,57,-134.813,28.622,44.541,140.128,131.037,139.26,212.46,60.2,190.17,131.4
7373,605260.677946,69.771,59,-134.349,29.087,47.282,136.743,131.237,139.98,213.17,63.95,184.96,131.6
7374,605260.680732,69.268,60,-134.5,27.972,47.561,134.354,131.038,139.44,211.39,64.33,181.37,131.48
7375,605260.685615,71.192,61,-133.906,28.535,44.734,138.753,130.902,140.54,212.38,60.52,187.61,131.25
7376,605260.69032,69.717,60,-134.175,28.78,47.679,137.541,131.233,140.12,212.67,64.46,186.62,131.61
7377,605260.698246,69.604,60,-133.772,27.575,47.352,135.868,131.085,140.61,211.01,64.04,183.89,131.49
7378,605260.709961,69.63,61,-133.676,28.518,47.697,137.027,131.013,140.69,212.22,64.55,185.08,131.41
7379,605260.713645,71.618,53,-134.577,27.99,44.743,141.882,131.695,139.59,211.62,60.47,192.57,132.05
7380,605260.722214,69.543,58,-134.381,28.811,47.999,137.335,131.476,139.93,212.81,64.91,185.79,131.81
7381,605260.726232,68.811,68,-135.605,27.777,48.217,133.397,131.309,138.15,211.27,65.17,180.82,131.73
7382,605260.729861,71.262,56,-135.691,28.167,44.977,140.008,131.48,138.15,211.92,60.8,189.57,131.83
7383,605260.733405,69.575,58,-135.844,28.833,48.35,138.546,131.494,137.88,212.75,65.37,187.34,131.83
7384,605260.738507,69.006,64,-136.5,27.963,48.376,135.025,131.11,136.91,211.49,65.39,182.8,131.55
7385,605260.741347,71.031,52,-136.709,28.372,45.028,138.522,131.493,136.77,212.19,60.84,187.59,131.84
7386,605260.749411,69.325,55,-136.845,29.157,48.671,137.855,131.277,136.52,213.18,65.78,186.37,131.7
7387,605260.753617,68.66,64,-138.355,27.831,48.881,134.323,131.168,134.48,211.36,66.04,181.82,131.62
7388,605260.757316,71.129,56,-138.421,28.008,45.609,141.015,131.939,134.42,211.63,61.59,191.26,132.33
7389,605260.76238,69.262,59,-138.231,28.774,49.07,138.578,131.367,134.67,212.65,66.29,187.85,131.78
7390,605260.765525,68.578,63,-139.21,27.761,49.05,134.3,131.043,133.3,211.24,66.25,181.9,131.49
7391,605260.773588,70.01,51,-137.66,29.666,45.925,134.338,131.426,135.45,213.91,62.02,182.06,131.78
7392,605260.777679,69.196,61,-139.04,28.404,49.316,138.854,131.439,133.62,212.17,66.58,188.48,131.84
7393,605260.781531,68.343,68,-139.539,27.456,49.42,133.914,131.07,132.87,210.83,66.75,181.4,131.52
7394,605260.785262,71.18,47,-138.684,28.378,45.79,141.944,132.128,134.18,212.26,61.84,192.02,132.5
7395,605260.802431,70.662,47,-137.478,28.256,46.052,139.071,131.948,135.73,212.03,62.21,188.36,132.31
7396,605260.805503,69.269,58,-137.376,28.072,49.146,138.837,131.572,135.72,211.61,66.45,187.37,132.01
7397,605260.809638,68.85,60,-136.519,28.049,49.101,136.084,130.894,136.94,211.62,66.39,184.26,131.28
7398,605260.814625,70.727,49,-136.356,28.205,45.921,139.127,132.383,137.21,211.93,62.04,188.58,132.75
7399,605260.817221,69.347,57,-135.931,28.184,49.121,139.271,131.526,137.74,211.84,66.39,188.9,131.92
7400,605260.825569,69.035,63,-135.387,27.777,48.471,135.473,131.003,138.35,211.21,65.58,182.81,131.44
7401,605260.829271,70.808,56,-135.168,27.922,46.105,140.249,132.449,138.74,211.47,62.31,190.1,132.8
7402,605260.833025,69.269,59,-134.758,28.166,48.864,138.04,131.806,139.25,211.75,66.07,186.89,132.19
7403,605260.838211,68.853,64,-134.297,28.339,48.811,135.298,131.053,140.0,212.12,66.01,183.0,131.38
7404,605260.841028,70.549,54,-134.232,28.665,46.167,138.639,132.544,140.02,212.5,62.41,187.72,132.88
7405,605260.849733,69.132,56,-134.01,28.546,49.246,138.25,131.915,140.25,212.26,66.64,186.62,132.32
7406,605260.853228,68.447,62,-134.52,27.975,48.718,132.618,131.672,139.59,211.56,65.79,179.82,132.08
7407,605260.857777,70.396,56,-133.762,28.658,46.327,138.079,132.508,140.74,212.6,62.63,187.05,132.84
7408,605260.860794,68.995,61,-133.699,28.842,49.239,137.366,131.93,140.8,212.8,66.56,186.17,132.28
7409,605260.866268,68.575,63,-133.985,28.38,48.995,134.127,131.446,140.09,211.92,66.34,180.56,131.95
7410,605260.875213,70.231,55,-133.991,28.628,46.674,137.996,132.544,140.43,212.55,63.09,186.95,132.88
7411,605260.885591,69.692,53,-135.716,27.467,47.251,136.144,133.097,137.92,210.81,63.91,183.73,133.51
7412,605260.889572,68.853,61,-134.399,29.519,50.033,138.685,131.796,139.82,213.68,67.66,187.6,132.18
7413,605260.898124,68.375,64,-134.872,29.173,49.852,135.271,131.022,139.17,213.15,67.41,183.49,131.44
7414,605260.901968,69.719,54,-135.273,29.231,47.636,137.428,132.656,138.64,213.29,64.37,186.02,132.99
7415,605260.905732,68.595,57,-135.194,29.772,50.699,138.917,131.593,138.7,213.95,68.54,188.08,131.97
7416,605260.909344,68.282,63,-135.714,29.206,50.016,135.164,130.598,138.03,213.21,67.63,183.04,131.0
7417,605260.914529,69.712,54,-136.984,28.112,48.296,139.289,133.007,136.33,211.73,65.3,188.84,133.41
7418,605260.917517,68.433,58,-136.38,29.188,51.004,138.753,131.597,137.14,213.17,68.95,187.68,132.0
7419,605260.925396,68.084,64,-137.001,28.919,50.434,135.12,130.675,136.44,212.84,68.38,182.74,131.08
7420,605260.930414,69.885,55,-137.555,28.748,48.368,140.643,132.713,135.6,212.65,65.32,190.91,133.11
7421,605260.933483,68.261,57,-137.446,28.742,51.362,138.671,131.478,135.8,212.66,69.44,187.49,131.9
7422,605260.93718,68.185,65,-137.611,28.646,50.343,135.474,130.557,135.51,212.47,68.03,183.64,130.98
7423,605260.941782,69.086,57,-138.017,28.443,48.896,136.976,132.397,135.12,212.4,66.08,184.9,132.73
7424,605260.950294,67.859,54,-137.392,29.098,51.289,136.085,131.052,135.99,213.31,69.32,183.49,131.37
7425,605260.953615,67.889,68,-137.893,28.201,50.757,134.844,130.379,135.13,211.86,68.59,182.75,130.81
7426,605260.957931,69.003,57,-138.287,28.008,49.063,136.923,132.443,134.63,211.66,66.26,185.51,132.83
7427,605260.961307,68.351,58,-137.996,28.124,51.412,139.359,131.239,134.98,211.76,69.48,188.47,131.69
7428,605260.977487,68.321,61,-137.533,27.899,51.14,138.439,131.326,135.64,211.49,69.13,187.41,131.73
7429,605260.981687,67.717,63,-136.908,28.42,50.514,133.216,129.989,136.49,212.19,68.29,180.39,130.4
7430,605260.985404,69.461,54,-137.812,27.547,48.941,139.498,132.677,135.21,210.95,66.15,189.18,133.1
7431,605260.990042,67.395,57,-138.323,26.975,51.3,133.465,131.757,134.55,210.23,69.33,180.74,132.2
7432,605260.993806,68.594,64,-136.77,28.063,49.583,135.856,130.458,136.65,211.68,67.02,184.15,130.86
7433,605261.0017,69.06,58,-137.105,27.723,49.048,137.243,132.373,136.06,211.12,66.33,185.37,132.77
7434,605261.005439,68.223,64,-136.436,28.109,51.05,137.605,131.364,137.09,211.74,68.99,186.58,131.77
7435,605261.008997,67.721,66,-135.773,28.693,50.288,132.648,130.058,138.01,212.58,67.99,179.63,130.44
7436,605261.013073,68.994,56,-136.803,27.742,49.332,137.62,132.753,136.63,211.29,66.73,185.8,133.13
7437,605261.017973,68.245,60,-135.934,28.334,51.304,138.423,131.313,137.79,212.08,69.36,187.47,131.71
7438,605261.02537,68.161,62,-135.426,28.403,50.274,135.147,130.225,138.41,212.11,68.0,182.99,130.64
7439,605261.029915,68.533,55,-137.489,26.965,49.059,134.055,133.372,135.63,210.19,66.26,181.81,133.78
7440,605261.033511,68.057,64,-135.678,28.367,51.281,137.229,131.393,138.09,212.08,69.32,186.07,131.79
7441,605261.037134,68.032,61,-134.994,28.695,50.263,134.364,130.183,139.02,212.54,67.98,181.96,130.59
7442,605261.041878,68.783,60,-135.8,28.017,49.382,136.449,132.641,138.03,211.67,66.89,184.54,132.99
7443,605261.044925,67.734,59,-135.706,28.553,51.482,135.869,131.482,138.02,212.31,69.62,183.51,131.92
7444,605261.053583,67.946,62,-134.921,28.712,50.483,134.45,130.044,139.14,212.57,68.28,182.2,130.44
7445,605261.066825,68.054,66,-135.292,28.849,50.304,134.597,130.169,138.62,212.73,68.04,182.25,130.56
7446,605261.069564,68.174,60,-137.391,27.079,49.776,133.879,133.034,135.77,210.35,67.23,181.55,133.45
7447,605261.079196,68.008,62,-135.835,28.633,51.575,137.726,131.225,137.91,212.46,69.74,186.22,131.61
7448,605261.081385,67.805,58,-135.788,29.486,50.376,133.353,129.453,137.95,213.57,68.15,180.73,129.89
7449,605261.08597,67.773,64,-136.952,28.509,50.961,134.715,132.344,136.27,212.14,68.98,182.25,132.81
7450,605261.088879,67.474,55,-137.426,27.583,51.799,135.209,131.579,135.68,210.99,70.03,182.61,132.03
7451,605261.094926,68.532,63,-136.667,28.432,49.773,135.998,129.749,136.77,212.17,67.28,184.37,130.15
7452,605261.10259,68.062,66,-137.297,28.175,50.581,135.39,132.338,135.9,211.78,68.43,183.28,132.76
7453,605261.105377,67.048,57,-138.205,27.845,51.939,133.19,131.293,134.66,211.37,70.18,180.28,131.75
7454,605261.109938,68.712,62,-136.712,28.726,49.675,136.827,129.851,136.68,212.54,67.17,185.23,130.27
7455,605261.11328,67.813,63,-137.935,27.677,50.648,134.123,132.313,135.08,211.17,68.52,181.12,132.72
7456,605261.118212,68.111,62,-137.225,28.409,51.295,137.588,131.052,135.95,212.09,69.33,186.2,131.49
7457,605261.121099,68.691,62,-137.106,28.472,49.637,136.59,129.887,136.21,212.19,67.24,184.54,130.3
7458,605261.129393,68.031,60,-138.27,27.566,50.178,134.131,132.461,134.61,211.02,67.8,181.55,132.88
7459,605261.133992,68.143,62,-137.331,28.249,51.447,138.192,130.948,136.02,212.02,69.6,187.03,131.34
7460,605261.137256,68.132,58,-137.095,28.582,49.612,133.197,129.724,136.3,212.48,67.09,180.03,130.11
7461,605261.154109,68.832,60,-137.229,28.355,49.252,136.392,129.732,136.04,212.08,66.63,184.27,130.17
7462,605261.157625,68.271,62,-138.179,27.48,50.048,135.187,131.991,134.79,210.95,67.75,182.89,132.38
7463,605261.161855,68.209,65,-137.499,28.274,51.076,137.587,130.778,135.63,211.95,69.01,186.43,131.21
7464,605261.165036,68.313,61,-137.042,28.978,49.31,133.435,129.448,136.35,213.0,66.65,180.55,129.83
7465,605261.170099,68.106,63,-138.579,27.551,49.923,133.882,132.167,134.25,211.01,67.55,180.97,132.6
7466,605261.174057,68.294,61,-137.612,28.526,51.035,137.989,130.725,135.51,212.33,68.99,186.49,131.15
7467,605261.181574,68.626,55,-136.733,29.379,48.89,134.145,129.189,136.73,213.51,66.07,181.65,129.58
7468,605261.185525,68.03,63,-138.485,27.654,50.083,133.872,132.108,134.28,211.1,67.65,181.37,132.55
7469,605261.188682,68.408,61,-137.368,28.822,51.093,138.841,130.607,135.85,212.72,69.04,188.26,131.02
7470,605261.193943,68.736,56,-136.67,29.341,48.538,133.838,129.414,136.81,213.46,65.59,181.26,129.8
7471,605261.198245,68.182,68,-137.719,27.713,50.144,134.92,131.695,135.36,211.2,67.75,182.91,132.11
7472,605261.205712,67.761,59,-138.474,27.94,50.636,133.79,131.389,134.14,211.39,68.4,180.77,131.9
7473,605261.209289,69.216,62,-136.759,28.495,48.647,137.091,129.86,136.65,212.26,65.76,185.8,130.27
7474,605261.213334,68.27,66,-137.284,27.619,50.065,135.229,131.781,135.98,211.1,67.67,183.19,132.2
7475,605261.216929,68.384,59,-136.539,28.782,50.7,137.63,130.65,136.8,212.53,68.56,185.9,131.08
7476,605261.222443,68.802,52,-137.442,27.757,48.211,133.329,130.345,135.78,211.35,65.18,180.71,130.82
7477,605261.229744,68.302,66,-136.73,27.634,49.981,135.189,131.801,136.71,211.1,67.6,183.22,132.19
7478,605261.242193,68.449,68,-135.865,27.583,49.5,134.757,131.639,137.84,211.03,66.9,182.72,132.04
7479,605261.245216,68.488,61,-135.099,28.84,50.184,136.856,130.619,138.93,212.78,67.88,184.9,130.98
7480,605261.25015,69.939,56,-135.562,28.768,47.494,138.462,129.966,138.31,212.67,64.21,187.59,130.37
7481,605261.258661,67.96,65,-136.139,28.091,50.045,133.361,131.951,137.43,211.71,67.65,180.3,132.41
7482,605261.261239,68.457,62,-134.903,28.86,50.54,137.636,130.689,139.2,212.8,68.35,186.44,131.1
7483,605261.266041,70.091,58,-135.199,28.814,47.278,138.836,130.026,138.74,212.7,63.91,188.36,130.41
7484,605261.270093,68.418,65,-135.485,28.588,49.67,135.031,131.625,138.36,212.39,67.13,183.14,132.02
7485,605261.274029,68.743,63,-134.808,29.168,49.909,137.663,130.7,139.22,213.14,67.5,186.4,131.11
7486,605261.281538,70.017,58,-135.301,29.014,47.492,138.966,130.04,138.59,212.96,64.2,188.55,130.42
7487,605261.285289,68.452,65,-135.551,28.815,49.555,134.925,131.606,138.29,212.69,67.0,183.08,132.0
7488,605261.289421,68.596,62,-135.226,28.84,50.156,137.439,130.771,138.72,212.75,67.8,186.42,131.17
7489,605261.292789,70.169,56,-135.829,28.671,47.169,139.043,130.12,137.9,212.49,63.78,188.18,130.51
7490,605261.297771,68.337,62,-136.077,28.597,49.764,134.809,131.737,137.55,212.4,67.25,182.82,132.14
7491,605261.305444,68.181,57,-136.54,27.864,50.076,134.729,131.116,136.7,211.32,67.74,181.67,131.67
7492,605261.309506,70.005,54,-136.373,28.427,46.831,136.956,130.365,137.06,212.11,63.31,185.19,130.78
7493,605261.313274,68.355,66,-136.844,28.264,49.749,134.872,131.642,136.52,211.94,67.22,182.87,132.05
7494,605261.325722,68.45,65,-137.529,27.97,49.48,134.71,131.79,135.52,211.48,66.88,182.31,132.21
7495,605261.335118,68.708,63,-137.218,27.573,49.984,137.654,131.023,136.04,211.02,67.54,186.68,131.43
7496,605261.337439,69.628,50,-136.839,28.435,46.375,133.217,130.861,136.53,212.21,62.68,180.34,131.25
7497,605261.341468,68.424,61,-138.152,27.926,49.502,134.611,131.804,134.74,211.47,66.87,182.4,132.23
7498,605261.345617,68.794,58,-137.868,27.361,49.708,137.419,131.081,135.09,210.68,67.18,185.98,131.52
7499,605261.35021,69.44,49,-138.747,27.103,46.7,132.977,130.52,134.11,210.52,63.16,179.55,130.95
7500,605261.357813,68.822,57,-137.924,27.967,49.392,136.717,131.763,135.0,211.49,66.75,184.74,132.21
7501,605261.361897,68.533,59,-137.576,28.481,50.063,136.798,130.918,135.61,212.31,67.67,185.1,131.31
7502,605261.365551,71.13,50,-138.007,28.223,46.164,142.739,130.816,135.03,211.95,62.33,193.63,131.23
7503,605261.369196,68.404,56,-138.171,27.867,49.793,135.285,131.867,134.67,211.36,67.28,183.13,132.3
7504,605261.373663,68.998,61,-137.182,28.601,49.424,137.904,130.972,136.18,212.49,66.82,186.5,131.38
7505,605261.382267,69.913,56,-136.254,29.784,46.258,134.687,130.097,137.34,214.05,62.51,182.25,130.45
7506,605261.385276,68.977,63,-137.32,28.456,49.125,136.937,131.742,135.96,212.26,66.39,185.59,132.14
7507,605261.39009,68.59,57,-137.166,28.588,49.568,135.789,131.245,135.94,212.27,67.02,183.16,131.66
7508,605261.392811,70.871,50,-136.783,28.671,46.245,141.121,131.066,136.58,212.49,62.47,191.47,131.45
7509,605261.410889,70.967,50,-135.68,28.818,46.214,141.713,131.411,138.16,212.77,62.46,192.01,131.81
7510,605261.413454,68.895,56,-136.149,27.684,49.178,136.576,131.913,137.43,211.15,66.46,185.25,132.3
7511,605261.417955,69.3,58,-135.19,28.908,48.837,138.166,131.072,138.85,212.91,66.05,186.99,131.47
7512,605261.422945,70.642,56,-135.118,28.611,46.381,139.926,131.51,138.75,212.35,62.71,189.36,131.88
7513,605261.425252,69.145,57,-135.379,27.59,48.719,136.849,132.051,138.47,211.02,65.84,185.69,132.43
7514,605261.43352,69.236,58,-134.624,29.01,48.735,137.465,131.102,139.51,212.98,65.92,185.96,131.48
7515,605261.437329,70.742,55,-134.634,28.897,46.333,140.479,131.447,139.53,212.84,62.66,190.57,131.81
7516,605261.442717,68.972,58,-135.077,27.792,49.053,136.706,132.158,138.89,211.31,66.29,185.5,132.54
7517,605261.444774,69.015,62,-134.536,29.254,49.002,136.829,131.081,139.64,213.31,66.23,185.66,131.47
7518,605261.450927,70.263,59,-134.835,29.019,46.722,138.35,131.609,139.11,212.91,63.16,187.21,132.03
7519,605261.458543,69.025,57,-135.238,28.07,49.124,137.232,131.988,138.66,211.68,66.39,186.22,132.37
7520,605261.461784,68.111,59,-136.198,28.628,49.281,132.187,131.53,137.34,212.46,66.67,179.07,131.99
7521,605261.466015,70.469,60,-134.949,29.502,46.871,140.2,131.476,139.16,213.73,63.35,189.76,131.85
7522,605261.469398,68.774,60,-135.517,28.24,49.514,136.76,132.033,138.3,211.91,66.92,185.47,132.42
7523,605261.474795,68.926,62,-135.405,29.573,49.341,137.218,130.967,138.44,213.7,66.69,185.98,131.35
7524,605261.477852,70.135,55,-135.907,29.262,47.208,138.925,131.559,137.78,213.31,63.78,188.39,131.95
7525,605261.48613,68.399,62,-136.389,28.23,49.96,135.709,132.049,137.15,211.92,67.52,183.84,132.47
